{"links": {"self": "https://api.nasa.gov/neo/rest/v1/neo/2002201?api_key=stjNMXvPIBN6FqEBpH6hQbWAtFDv0RARRez0p7z1"}, "neo_reference_id": "2002201", "name": "2201 Oljato (1947 XC)", "nasa_jpl_url": "http://ssd.jpl.nasa.gov/sbdb.cgi?sstr=2002201", "absolute_magnitude_h": 15.25, "estimated_diameter": {"kilometers": {"estimated_diameter_min": 2.3689449936, "estimated_diameter_max": 5.2971220406}, "meters": {"estimated_diameter_min": 2368.9449935595, "estimated_diameter_max": 5297.1220405568}, "miles": {"estimated_diameter_min": 1.4719937196, "estimated_diameter_max": 3.2914780195}, "feet": {"estimated_diameter_min": 7772.1294926697, "estimated_diameter_max": 17379.0098755405}}, "is_potentially_hazardous_asteroid": true, "close_approach_data": [{"close_approach_date": "1900-01-22", "epoch_date_close_approach": -2207145600000, "relative_velocity": {"kilometers_per_second": "14.752778888", "kilometers_per_hour": "53110.0039967125", "miles_per_hour": "33000.4910945128"}, "miss_distance": {"astronomical": "0.2681757909", "lunar": "104.3203811646", "kilometers": "40118528", "miles": "24928496"}, "orbiting_body": "Earth"}, {"close_approach_date": "1903-06-18", "epoch_date_close_approach": -2099836800000, "relative_velocity": {"kilometers_per_second": "25.3456130452", "kilometers_per_hour": "91244.2069628514", "miles_per_hour": "56695.6018208895"}, "miss_distance": {"astronomical": "0.1727637778", "lunar": "67.2051086426", "kilometers": "25845094", "miles": "16059397"}, "orbiting_body": "Earth"}, {"close_approach_date": "1916-01-30", "epoch_date_close_approach": -1701619200000, "relative_velocity": {"kilometers_per_second": "15.5419178756", "kilometers_per_hour": "55950.9043521406", "miles_per_hour": "34765.7160959176"}, "miss_distance": {"astronomical": "0.2941541597", "lunar": "114.4259719849", "kilometers": "44004836", "miles": "27343338"}, "orbiting_body": "Earth"}, {"close_approach_date": "1919-06-20", "epoch_date_close_approach": -1594746000000, "relative_velocity": {"kilometers_per_second": "26.6845528807", "kilometers_per_hour": "96064.3903704973", "miles_per_hour": "59690.6763388237"}, "miss_distance": {"astronomical": "0.2180849959", "lunar": "84.8350601196", "kilometers": "32625050", "miles": "20272266"}, "orbiting_body": "Earth"}, {"close_approach_date": "1927-06-10", "epoch_date_close_approach": -1343145600000, "relative_velocity": {"kilometers_per_second": "5.639619079", "kilometers_per_hour": "20302.6286843616", "miles_per_hour": "12615.2639177913"}, "miss_distance": {"astronomical": "1.3126409964", "lunar": "510.6173706055", "kilometers": "196368304", "miles": "122017608"}, "orbiting_body": "Juptr"}, {"close_approach_date": "1932-01-22", "epoch_date_close_approach": -1197388800000, "relative_velocity": {"kilometers_per_second": "14.7888616585", "kilometers_per_hour": "53239.9019705143", "miles_per_hour": "33081.2046438454"}, "miss_distance": {"astronomical": "0.2703735931", "lunar": "105.1753234863", "kilometers": "40447312", "miles": "25132794"}, "orbiting_body": "Earth"}, {"close_approach_date": "1935-06-16", "epoch_date_close_approach": -1090166400000, "relative_velocity": {"kilometers_per_second": "23.6732103094", "kilometers_per_hour": "85223.5571139944", "miles_per_hour": "52954.6041411928"}, "miss_distance": {"astronomical": "0.1082836105", "lunar": "42.1223220825", "kilometers": "16198998", "miles": "10065590"}, "orbiting_body": "Earth"}, {"close_approach_date": "1948-01-05", "epoch_date_close_approach": -693936000000, "relative_velocity": {"kilometers_per_second": "15.0848184419", "kilometers_per_hour": "54305.346390962", "miles_per_hour": "33743.2303727619"}, "miss_distance": {"astronomical": "0.1785840641", "lunar": "69.4692001343", "kilometers": "26715796", "miles": "16600426"}, "orbiting_body": "Earth"}, {"close_approach_date": "1951-06-15", "epoch_date_close_approach": -585334800000, "relative_velocity": {"kilometers_per_second": "23.2495547274", "kilometers_per_hour": "83698.3970184874", "miles_per_hour": "52006.9289696262"}, "miss_distance": {"astronomical": "0.0994674223", "lunar": "38.6928253174", "kilometers": "14880114", "miles": "9246074"}, "orbiting_body": "Earth"}, {"close_approach_date": "1962-10-18", "epoch_date_close_approach": -227379600000, "relative_velocity": {"kilometers_per_second": "7.768072406", "kilometers_per_hour": "27965.0606615179", "miles_per_hour": "17376.4011649304"}, "miss_distance": {"astronomical": "1.8313985503", "lunar": "712.4140625", "kilometers": "273973344", "miles": "170239136"}, "orbiting_body": "Juptr"}, {"close_approach_date": "1964-01-24", "epoch_date_close_approach": -187372800000, "relative_velocity": {"kilometers_per_second": "14.9744494585", "kilometers_per_hour": "53908.0180505993", "miles_per_hour": "33496.3459937182"}, "miss_distance": {"astronomical": "0.2782076854", "lunar": "108.2227935791", "kilometers": "41619280", "miles": "25861020"}, "orbiting_body": "Earth"}, {"close_approach_date": "1967-06-17", "epoch_date_close_approach": -80240400000, "relative_velocity": {"kilometers_per_second": "23.8770426179", "kilometers_per_hour": "85957.3534245394", "miles_per_hour": "53410.5566320423"}, "miss_distance": {"astronomical": "0.1123952203", "lunar": "43.7217407227", "kilometers": "16814086", "miles": "10447788"}, "orbiting_body": "Earth"}, {"close_approach_date": "1975-03-06", "epoch_date_close_approach": 163321200000, "relative_velocity": {"kilometers_per_second": "6.5190900871", "kilometers_per_hour": "23468.7243135549", "miles_per_hour": "14582.5526158308"}, "miss_distance": {"astronomical": "1.4867492013", "lunar": "578.3453979492", "kilometers": "222414512", "miles": "138201968"}, "orbiting_body": "Juptr"}, {"close_approach_date": "1980-01-12", "epoch_date_close_approach": 316512000000, "relative_velocity": {"kilometers_per_second": "14.4339871341", "kilometers_per_hour": "51962.3536828561", "miles_per_hour": "32287.385820328"}, "miss_distance": {"astronomical": "0.2152051424", "lunar": "83.714805603", "kilometers": "32194232", "miles": "20004568"}, "orbiting_body": "Earth"}, {"close_approach_date": "1983-04-12", "epoch_date_close_approach": 418982400000, "relative_velocity": {"kilometers_per_second": "20.80100195", "kilometers_per_hour": "74883.6070199568", "miles_per_hour": "46529.7612619282"}, "miss_distance": {"astronomical": "0.0841427879", "lunar": "32.7315444946", "kilometers": "12587582", "miles": "7821561"}, "orbiting_body": "Venus"}, {"close_approach_date": "1983-06-20", "epoch_date_close_approach": 424940400000, "relative_velocity": {"kilometers_per_second": "25.6795562105", "kilometers_per_hour": "92446.4023577478", "miles_per_hour": "57442.599287235"}, "miss_distance": {"astronomical": "0.1848699054", "lunar": "71.914390564", "kilometers": "27656144", "miles": "17184730"}, "orbiting_body": "Earth"}, {"close_approach_date": "1996-02-18", "epoch_date_close_approach": 824630400000, "relative_velocity": {"kilometers_per_second": "17.5797440429", "kilometers_per_hour": "63287.0785545574", "miles_per_hour": "39324.1294496359"}, "miss_distance": {"astronomical": "0.3373395357", "lunar": "131.2250823975", "kilometers": "50465280", "miles": "31357670"}, "orbiting_body": "Earth"}, {"close_approach_date": "1999-05-22", "epoch_date_close_approach": 927356400000, "relative_velocity": {"kilometers_per_second": "14.1207493487", "kilometers_per_hour": "50834.6976554791", "miles_per_hour": "31586.7042182059"}, "miss_distance": {"astronomical": "0.0936736387", "lunar": "36.4390449524", "kilometers": "14013377", "miles": "8707509"}, "orbiting_body": "Venus"}, {"close_approach_date": "1999-07-01", "epoch_date_close_approach": 930812400000, "relative_velocity": {"kilometers_per_second": "32.0305574451", "kilometers_per_hour": "115310.0068023355", "miles_per_hour": "71649.153948929"}, "miss_distance": {"astronomical": "0.3974367022", "lunar": "154.6028747559", "kilometers": "59455684", "miles": "36944052"}, "orbiting_body": "Earth"}, {"close_approach_date": "2010-08-07", "epoch_date_close_approach": 1281164400000, "relative_velocity": {"kilometers_per_second": "5.4282541123", "kilometers_per_hour": "19541.7148041355", "miles_per_hour": "12142.4616237141"}, "miss_distance": {"astronomical": "1.2391337147", "lunar": "482.0230102539", "kilometers": "185371760", "miles": "115184672"}, "orbiting_body": "Juptr"}, {"close_approach_date": "2012-03-11", "epoch_date_close_approach": 1331452800000, "relative_velocity": {"kilometers_per_second": "19.3221459575", "kilometers_per_hour": "69559.7254470389", "miles_per_hour": "43221.7082923559"}, "miss_distance": {"astronomical": "0.3698852834", "lunar": "143.8853759766", "kilometers": "55334052", "miles": "34382988"}, "orbiting_body": "Earth"}, {"close_approach_date": "2015-06-16", "epoch_date_close_approach": 1434438000000, "relative_velocity": {"kilometers_per_second": "18.6766653751", "kilometers_per_hour": "67235.9953503909", "miles_per_hour": "41777.8327775804"}, "miss_distance": {"astronomical": "0.0380735502", "lunar": "14.8106117249", "kilometers": "5695722", "miles": "3539157.75"}, "orbiting_body": "Venus"}, {"close_approach_date": "2024-11-28", "epoch_date_close_approach": 1732780800000, "relative_velocity": {"kilometers_per_second": "34.5857258343", "kilometers_per_hour": "124508.6130035344", "miles_per_hour": "77364.8101187795"}, "miss_distance": {"astronomical": "0.4745959514", "lunar": "184.6178283691", "kilometers": "70998544", "miles": "44116452"}, "orbiting_body": "Earth"}, {"close_approach_date": "2028-04-13", "epoch_date_close_approach": 1839222000000, "relative_velocity": {"kilometers_per_second": "17.2245985706", "kilometers_per_hour": "62008.5548542486", "miles_per_hour": "38529.7045426302"}, "miss_distance": {"astronomical": "0.3361587454", "lunar": "130.7657470703", "kilometers": "50288636", "miles": "31247908"}, "orbiting_body": "Earth"}, {"close_approach_date": "2040-12-16", "epoch_date_close_approach": 2239257600000, "relative_velocity": {"kilometers_per_second": "23.2798714094", "kilometers_per_hour": "83807.5370736841", "miles_per_hour": "52074.74435559"}, "miss_distance": {"astronomical": "0.0999071982", "lunar": "38.863899231", "kilometers": "14945904", "miles": "9286954"}, "orbiting_body": "Earth"}, {"close_approach_date": "2044-04-24", "epoch_date_close_approach": 2345094000000, "relative_velocity": {"kilometers_per_second": "13.8904530339", "kilometers_per_hour": "50005.6309220407", "miles_per_hour": "31071.5543915314"}, "miss_distance": {"astronomical": "0.0802037281", "lunar": "31.1992492676", "kilometers": "11998307", "miles": "7455402"}, "orbiting_body": "Venus"}, {"close_approach_date": "2044-05-30", "epoch_date_close_approach": 2348204400000, "relative_velocity": {"kilometers_per_second": "16.5166002772", "kilometers_per_hour": "59459.7609978037", "miles_per_hour": "36945.9831599964"}, "miss_distance": {"astronomical": "0.1288743909", "lunar": "50.1321372986", "kilometers": "19279334", "miles": "11979623"}, "orbiting_body": "Earth"}, {"close_approach_date": "2046-01-15", "epoch_date_close_approach": 2399616000000, "relative_velocity": {"kilometers_per_second": "6.0456058352", "kilometers_per_hour": "21764.1810067813", "miles_per_hour": "13523.415692797"}, "miss_distance": {"astronomical": "1.4084696845", "lunar": "547.8947143555", "kilometers": "210704064", "miles": "130925440"}, "orbiting_body": "Juptr"}, {"close_approach_date": "2056-12-14", "epoch_date_close_approach": 2744006400000, "relative_velocity": {"kilometers_per_second": "24.0684502506", "kilometers_per_hour": "86646.4209021323", "miles_per_hour": "53838.7163655499"}, "miss_distance": {"astronomical": "0.1181529557", "lunar": "45.9614982605", "kilometers": "17675430", "miles": "10983003"}, "orbiting_body": "Earth"}, {"close_approach_date": "2058-05-31", "epoch_date_close_approach": 2790054000000, "relative_velocity": {"kilometers_per_second": "8.5292152783", "kilometers_per_hour": "30705.1750017828", "miles_per_hour": "19079.0016559689"}, "miss_distance": {"astronomical": "1.9513674671", "lunar": "759.0819702148", "kilometers": "291920416", "miles": "181390944"}, "orbiting_body": "Juptr"}, {"close_approach_date": "2060-04-15", "epoch_date_close_approach": 2849238000000, "relative_velocity": {"kilometers_per_second": "13.9684674695", "kilometers_per_hour": "50286.4828903242", "miles_per_hour": "31246.0648826017"}, "miss_distance": {"astronomical": "0.0909251839", "lunar": "35.3698959351", "kilometers": "13602214", "miles": "8452024"}, "orbiting_body": "Venus"}, {"close_approach_date": "2060-05-23", "epoch_date_close_approach": 2852521200000, "relative_velocity": {"kilometers_per_second": "14.8874677104", "kilometers_per_hour": "53594.8837575232", "miles_per_hour": "33301.7765214454"}, "miss_distance": {"astronomical": "0.1922407445", "lunar": "74.7816467285", "kilometers": "28758806", "miles": "17869894"}, "orbiting_body": "Earth"}, {"close_approach_date": "2072-12-17", "epoch_date_close_approach": 3249187200000, "relative_velocity": {"kilometers_per_second": "22.7883572263", "kilometers_per_hour": "82038.0860146692", "miles_per_hour": "50975.2762795038"}, "miss_distance": {"astronomical": "0.0848885109", "lunar": "33.0216293335", "kilometers": "12699141", "miles": "7890880"}, "orbiting_body": "Earth"}, {"close_approach_date": "2076-04-29", "epoch_date_close_approach": 3355369200000, "relative_velocity": {"kilometers_per_second": "14.3925697284", "kilometers_per_hour": "51813.251022281", "miles_per_hour": "32194.7392254835"}, "miss_distance": {"astronomical": "0.0548080303", "lunar": "21.3203239441", "kilometers": "8199165", "miles": "5094725"}, "orbiting_body": "Venus"}, {"close_approach_date": "2076-05-28", "epoch_date_close_approach": 3357874800000, "relative_velocity": {"kilometers_per_second": "15.8528491522", "kilometers_per_hour": "57070.2569477821", "miles_per_hour": "35461.2382684705"}, "miss_distance": {"astronomical": "0.1538330442", "lunar": "59.8410568237", "kilometers": "23013096", "miles": "14299675"}, "orbiting_body": "Earth"}, {"close_approach_date": "2088-12-06", "epoch_date_close_approach": 3753158400000, "relative_velocity": {"kilometers_per_second": "29.2136187257", "kilometers_per_hour": "105169.0274123411", "miles_per_hour": "65347.9437274072"}, "miss_distance": {"astronomical": "0.2871116146", "lunar": "111.686416626", "kilometers": "42951284", "miles": "26688692"}, "orbiting_body": "Earth"}, {"close_approach_date": "2092-03-05", "epoch_date_close_approach": 3855542400000, "relative_velocity": {"kilometers_per_second": "18.5923489828", "kilometers_per_hour": "66932.4563379817", "miles_per_hour": "41589.2254395643"}, "miss_distance": {"astronomical": "0.0305554608", "lunar": "11.8860740662", "kilometers": "4571032", "miles": "2840307.5"}, "orbiting_body": "Venus"}, {"close_approach_date": "2092-04-08", "epoch_date_close_approach": 3858476400000, "relative_velocity": {"kilometers_per_second": "18.2158434291", "kilometers_per_hour": "65577.0363448284", "miles_per_hour": "40747.0201665963"}, "miss_distance": {"astronomical": "0.3575402463", "lunar": "139.0831604004", "kilometers": "53487260", "miles": "33235442"}, "orbiting_body": "Earth"}, {"close_approach_date": "2093-10-05", "epoch_date_close_approach": 3905564400000, "relative_velocity": {"kilometers_per_second": "5.8009385295", "kilometers_per_hour": "20883.3787063363", "miles_per_hour": "12976.1193967232"}, "miss_distance": {"astronomical": "1.3429079497", "lunar": "522.3911743164", "kilometers": "200896160", "miles": "124831088"}, "orbiting_body": "Juptr"}, {"close_approach_date": "2108-03-07", "epoch_date_close_approach": 4360550400000, "relative_velocity": {"kilometers_per_second": "18.8434327555", "kilometers_per_hour": "67836.3579196873", "miles_per_hour": "42150.8747307079"}, "miss_distance": {"astronomical": "0.3605234279", "lunar": "140.2436218262", "kilometers": "53933540", "miles": "33512746"}, "orbiting_body": "Earth"}, {"close_approach_date": "2111-07-06", "epoch_date_close_approach": 4465609200000, "relative_velocity": {"kilometers_per_second": "33.5068790083", "kilometers_per_hour": "120624.7644297065", "miles_per_hour": "74951.5376535585"}, "miss_distance": {"astronomical": "0.452782216", "lunar": "176.1322784424", "kilometers": "67735256", "miles": "42088736"}, "orbiting_body": "Earth"}, {"close_approach_date": "2124-02-08", "epoch_date_close_approach": 4863052800000, "relative_velocity": {"kilometers_per_second": "16.1108222416", "kilometers_per_hour": "57998.9600697578", "miles_per_hour": "36038.2982722337"}, "miss_distance": {"astronomical": "0.3085331602", "lunar": "120.0194015503", "kilometers": "46155904", "miles": "28679950"}, "orbiting_body": "Earth"}, {"close_approach_date": "2127-05-24", "epoch_date_close_approach": 4966815600000, "relative_velocity": {"kilometers_per_second": "14.4009422631", "kilometers_per_hour": "51843.392147187", "miles_per_hour": "32213.4677483452"}, "miss_distance": {"astronomical": "0.0522681108", "lunar": "20.3322944641", "kilometers": "7819198", "miles": "4858624.5"}, "orbiting_body": "Venus"}, {"close_approach_date": "2127-06-24", "epoch_date_close_approach": 4969494000000, "relative_velocity": {"kilometers_per_second": "26.6370889259", "kilometers_per_hour": "95893.5201334052", "miles_per_hour": "59584.5042184484"}, "miss_distance": {"astronomical": "0.21873394", "lunar": "85.0875015259", "kilometers": "32722132", "miles": "20332590"}, "orbiting_body": "Earth"}, {"close_approach_date": "2127-07-30", "epoch_date_close_approach": 4972604400000, "relative_velocity": {"kilometers_per_second": "21.8470825158", "kilometers_per_hour": "78649.4970569481", "miles_per_hour": "48869.7388796353"}, "miss_distance": {"astronomical": "0.0306172063", "lunar": "11.9100933075", "kilometers": "4580269", "miles": "2846047"}, "orbiting_body": "Mars"}, {"close_approach_date": "2129-02-03", "epoch_date_close_approach": 5020473600000, "relative_velocity": {"kilometers_per_second": "6.0707527827", "kilometers_per_hour": "21854.7100175658", "miles_per_hour": "13579.6668995258"}, "miss_distance": {"astronomical": "1.4218646162", "lunar": "553.1053466797", "kilometers": "212707920", "miles": "132170576"}, "orbiting_body": "Juptr"}, {"close_approach_date": "2139-12-16", "epoch_date_close_approach": 5363308800000, "relative_velocity": {"kilometers_per_second": "24.9329836914", "kilometers_per_hour": "89758.7412891275", "miles_per_hour": "55772.591219347"}, "miss_distance": {"astronomical": "0.1468483793", "lunar": "57.1240196228", "kilometers": "21968206", "miles": "13650410"}, "orbiting_body": "Earth"}, {"close_approach_date": "2141-06-09", "epoch_date_close_approach": 5410047600000, "relative_velocity": {"kilometers_per_second": "8.0066377141", "kilometers_per_hour": "28823.8957706879", "miles_per_hour": "17910.0479026255"}, "miss_distance": {"astronomical": "1.8476966727", "lunar": "718.7540283203", "kilometers": "276411488", "miles": "171754144"}, "orbiting_body": "Juptr"}, {"close_approach_date": "2143-05-07", "epoch_date_close_approach": 5470268400000, "relative_velocity": {"kilometers_per_second": "14.8014100966", "kilometers_per_hour": "53285.076347782", "miles_per_hour": "33109.2742450982"}, "miss_distance": {"astronomical": "0.2779235289", "lunar": "108.1122512817", "kilometers": "41576768", "miles": "25834606"}, "orbiting_body": "Earth"}, {"close_approach_date": "2159-03-21", "epoch_date_close_approach": 5971129200000, "relative_velocity": {"kilometers_per_second": "19.2122788664", "kilometers_per_hour": "69164.2039188704", "miles_per_hour": "42975.9465961448"}, "miss_distance": {"astronomical": "0.368940228", "lunar": "143.5177459717", "kilometers": "55192672", "miles": "34295136"}, "orbiting_body": "Earth"}, {"close_approach_date": "2162-05-30", "epoch_date_close_approach": 6071871600000, "relative_velocity": {"kilometers_per_second": "13.9305029219", "kilometers_per_hour": "50149.8105189052", "miles_per_hour": "31161.1419860386"}, "miss_distance": {"astronomical": "0.0913969694", "lunar": "35.5534210205", "kilometers": "13672793", "miles": "8495879"}, "orbiting_body": "Venus"}, {"close_approach_date": "2175-01-11", "epoch_date_close_approach": 6470092800000, "relative_velocity": {"kilometers_per_second": "14.8086395647", "kilometers_per_hour": "53311.1024328973", "miles_per_hour": "33125.4458422633"}, "miss_distance": {"astronomical": "0.1965334839", "lunar": "76.4515228271", "kilometers": "29400992", "miles": "18268930"}, "orbiting_body": "Earth"}, {"close_approach_date": "2176-09-27", "epoch_date_close_approach": 6524089200000, "relative_velocity": {"kilometers_per_second": "5.4144804012", "kilometers_per_hour": "19492.129444338", "miles_per_hour": "12111.6512094555"}, "miss_distance": {"astronomical": "1.2596732311", "lunar": "490.012878418", "kilometers": "188444432", "miles": "117093944"}, "orbiting_body": "Juptr"}, {"close_approach_date": "2178-06-19", "epoch_date_close_approach": 6578521200000, "relative_velocity": {"kilometers_per_second": "23.1989849992", "kilometers_per_hour": "83516.3459972662", "miles_per_hour": "51893.8095448013"}, "miss_distance": {"astronomical": "0.0980760678", "lunar": "38.1515922546", "kilometers": "14671971", "miles": "9116740"}, "orbiting_body": "Earth"}, {"close_approach_date": "2181-08-02", "epoch_date_close_approach": 6677017200000, "relative_velocity": {"kilometers_per_second": "24.2255771003", "kilometers_per_hour": "87212.0775612467", "miles_per_hour": "54190.1934157646"}, "miss_distance": {"astronomical": "0.1487900903", "lunar": "57.8793449402", "kilometers": "22258682", "miles": "13830903"}, "orbiting_body": "Venus"}, {"close_approach_date": "2190-12-18", "epoch_date_close_approach": 6972940800000, "relative_velocity": {"kilometers_per_second": "24.429298349", "kilometers_per_hour": "87945.4740563608", "miles_per_hour": "54645.8974768537"}, "miss_distance": {"astronomical": "0.1417672976", "lunar": "55.1474761963", "kilometers": "21208086", "miles": "13178093"}, "orbiting_body": "Earth"}, {"close_approach_date": "2194-01-11", "epoch_date_close_approach": 7069708800000, "relative_velocity": {"kilometers_per_second": "20.087445362", "kilometers_per_hour": "72314.8033033231", "miles_per_hour": "44933.6065303343"}, "miss_distance": {"astronomical": "0.0783376443", "lunar": "30.4733448029", "kilometers": "11719145", "miles": "7281939.5"}, "orbiting_body": "Mars"}, {"close_approach_date": "2194-05-19", "epoch_date_close_approach": 7080764400000, "relative_velocity": {"kilometers_per_second": "14.3102584576", "kilometers_per_hour": "51516.9304474885", "miles_per_hour": "32010.6171438853"}, "miss_distance": {"astronomical": "0.2335589929", "lunar": "90.8544464111", "kilometers": "34939928", "miles": "21710666"}, "orbiting_body": "Earth"}, {"close_approach_date": "2197-06-26", "epoch_date_close_approach": 7178742000000, "relative_velocity": {"kilometers_per_second": "13.8618283912", "kilometers_per_hour": "49902.5822084906", "miles_per_hour": "31007.5239283813"}, "miss_distance": {"astronomical": "0.0884802221", "lunar": "34.4188041687", "kilometers": "13236453", "miles": "8224750.5"}, "orbiting_body": "Venus"}], "orbital_data": {"orbit_id": "199", "orbit_determination_date": "2018-01-17 06:51:55", "orbit_uncertainty": "0", "minimum_orbit_intersection": ".00305358", "jupiter_tisserand_invariant": "3.298", "epoch_osculation": "2458000.5", "eccentricity": ".712970930431061", "semi_major_axis": "2.175017808428214", "inclination": "2.522434467165548", "ascending_node_longitude": "74.99074056913479", "orbital_period": "1171.635852120553", "perihelion_distance": ".6242933378490232", "perihelion_argument": "98.26400954080275", "aphelion_distance": "3.725742279007405", "perihelion_time": "2458339.982291284091", "mean_anomaly": "255.6897532274406", "mean_motion": ".3072627039778896", "equinox": "J2000"}}