{"links": {"self": "https://api.nasa.gov/neo/rest/v1/neo/2009856?api_key=stjNMXvPIBN6FqEBpH6hQbWAtFDv0RARRez0p7z1"}, "neo_reference_id": "2009856", "name": "9856 (1991 EE)", "nasa_jpl_url": "http://ssd.jpl.nasa.gov/sbdb.cgi?sstr=2009856", "absolute_magnitude_h": 17.4, "estimated_diameter": {"kilometers": {"estimated_diameter_min": 0.8801465209, "estimated_diameter_max": 1.9680674509}, "meters": {"estimated_diameter_min": 880.1465209007, "estimated_diameter_max": 1968.067450894}, "miles": {"estimated_diameter_min": 0.5468975238, "estimated_diameter_max": 1.22290004}, "feet": {"estimated_diameter_min": 2887.6199116319, "estimated_diameter_max": 6456.914415591}}, "is_potentially_hazardous_asteroid": true, "close_approach_data": [{"close_approach_date": "1900-08-28", "epoch_date_close_approach": -2188310400000, "relative_velocity": {"kilometers_per_second": "14.0445963143", "kilometers_per_hour": "50560.5467313605", "miles_per_hour": "31416.3574953834"}, "miss_distance": {"astronomical": "0.0610890729", "lunar": "23.7636489868", "kilometers": "9138795", "miles": "5678584"}, "orbiting_body": "Earth"}, {"close_approach_date": "1904-02-25", "epoch_date_close_approach": -2078064000000, "relative_velocity": {"kilometers_per_second": "16.0938682843", "kilometers_per_hour": "57937.9258235225", "miles_per_hour": "36000.3739651771"}, "miss_distance": {"astronomical": "0.0803604933", "lunar": "31.2602329254", "kilometers": "12021759", "miles": "7469974.5"}, "orbiting_body": "Mars"}, {"close_approach_date": "1917-04-17", "epoch_date_close_approach": -1663344000000, "relative_velocity": {"kilometers_per_second": "22.9556733656", "kilometers_per_hour": "82640.4241161946", "miles_per_hour": "51349.5457515321"}, "miss_distance": {"astronomical": "0.3122948576", "lunar": "121.4827041626", "kilometers": "46718648", "miles": "29029622"}, "orbiting_body": "Earth"}, {"close_approach_date": "1919-01-18", "epoch_date_close_approach": -1607961600000, "relative_velocity": {"kilometers_per_second": "3.5131601995", "kilometers_per_hour": "12647.3767183495", "miles_per_hour": "7858.5880503544"}, "miss_distance": {"astronomical": "1.6872590613", "lunar": "656.3438110352", "kilometers": "252410368", "miles": "156840528"}, "orbiting_body": "Juptr"}, {"close_approach_date": "1923-11-12", "epoch_date_close_approach": -1455984000000, "relative_velocity": {"kilometers_per_second": "14.9053157487", "kilometers_per_hour": "53659.1366954255", "miles_per_hour": "33341.7007983326"}, "miss_distance": {"astronomical": "0.0169149923", "lunar": "6.579931736", "kilometers": "2530446.75", "miles": "1572346.75"}, "orbiting_body": "Mars"}, {"close_approach_date": "1927-08-22", "epoch_date_close_approach": -1336838400000, "relative_velocity": {"kilometers_per_second": "12.6765660246", "kilometers_per_hour": "45635.6376884311", "miles_per_hour": "28356.2105403477"}, "miss_distance": {"astronomical": "0.1005673545", "lunar": "39.1207008362", "kilometers": "15044662", "miles": "9348320"}, "orbiting_body": "Earth"}, {"close_approach_date": "1942-08-24", "epoch_date_close_approach": -863283600000, "relative_velocity": {"kilometers_per_second": "3.5381889125", "kilometers_per_hour": "12737.4800851765", "miles_per_hour": "7914.5747784809"}, "miss_distance": {"astronomical": "1.6769112575", "lunar": "652.3184814453", "kilometers": "250862352", "miles": "155878640"}, "orbiting_body": "Juptr"}, {"close_approach_date": "1944-04-15", "epoch_date_close_approach": -811443600000, "relative_velocity": {"kilometers_per_second": "24.3068252068", "kilometers_per_hour": "87504.5707443842", "miles_per_hour": "54371.9373050314"}, "miss_distance": {"astronomical": "0.3586803621", "lunar": "139.5266571045", "kilometers": "53657820", "miles": "33341424"}, "orbiting_body": "Earth"}, {"close_approach_date": "1954-07-09", "epoch_date_close_approach": -488566800000, "relative_velocity": {"kilometers_per_second": "12.0429776802", "kilometers_per_hour": "43354.7196488554", "miles_per_hour": "26938.9367729235"}, "miss_distance": {"astronomical": "0.2180227721", "lunar": "84.8108596802", "kilometers": "32615744", "miles": "20266484"}, "orbiting_body": "Earth"}, {"close_approach_date": "1964-09-23", "epoch_date_close_approach": -166381200000, "relative_velocity": {"kilometers_per_second": "25.3011090332", "kilometers_per_hour": "91083.9925194185", "miles_per_hour": "56596.050796302"}, "miss_distance": {"astronomical": "0.3631768879", "lunar": "141.2758026123", "kilometers": "54330488", "miles": "33759400"}, "orbiting_body": "Earth"}, {"close_approach_date": "1966-03-26", "epoch_date_close_approach": -118944000000, "relative_velocity": {"kilometers_per_second": "3.6941558104", "kilometers_per_hour": "13298.9609172855", "miles_per_hour": "8263.4571321877"}, "miss_distance": {"astronomical": "1.7254772474", "lunar": "671.2106323242", "kilometers": "258127728", "miles": "160393136"}, "orbiting_body": "Juptr"}, {"close_approach_date": "1981-05-07", "epoch_date_close_approach": 358066800000, "relative_velocity": {"kilometers_per_second": "14.3575198132", "kilometers_per_hour": "51687.0713276248", "miles_per_hour": "32116.3360702122"}, "miss_distance": {"astronomical": "0.1460501345", "lunar": "56.8135032654", "kilometers": "21848790", "miles": "13576209"}, "orbiting_body": "Earth"}, {"close_approach_date": "1989-10-20", "epoch_date_close_approach": 624870000000, "relative_velocity": {"kilometers_per_second": "4.082925285", "kilometers_per_hour": "14698.5310260988", "miles_per_hour": "9133.0955700779"}, "miss_distance": {"astronomical": "1.8386470559", "lunar": "715.2337036133", "kilometers": "275057664", "miles": "170912912"}, "orbiting_body": "Juptr"}, {"close_approach_date": "1991-09-07", "epoch_date_close_approach": 684226800000, "relative_velocity": {"kilometers_per_second": "16.6939280531", "kilometers_per_hour": "60098.1409911283", "miles_per_hour": "37342.6476619597"}, "miss_distance": {"astronomical": "0.0545669864", "lunar": "21.2265586853", "kilometers": "8163105", "miles": "5072318.5"}, "orbiting_body": "Earth"}, {"close_approach_date": "2004-09-24", "epoch_date_close_approach": 1096009200000, "relative_velocity": {"kilometers_per_second": "15.6942748382", "kilometers_per_hour": "56499.3894175279", "miles_per_hour": "35106.5233855745"}, "miss_distance": {"astronomical": "0.0520527336", "lunar": "20.2485122681", "kilometers": "7786978", "miles": "4838604"}, "orbiting_body": "Mars"}, {"close_approach_date": "2008-04-15", "epoch_date_close_approach": 1208242800000, "relative_velocity": {"kilometers_per_second": "24.7243570403", "kilometers_per_hour": "89007.6853450663", "miles_per_hour": "55305.9142634386"}, "miss_distance": {"astronomical": "0.3695169723", "lunar": "143.7420959473", "kilometers": "55278952", "miles": "34348748"}, "orbiting_body": "Earth"}, {"close_approach_date": "2018-06-24", "epoch_date_close_approach": 1529823600000, "relative_velocity": {"kilometers_per_second": "12.2825084228", "kilometers_per_hour": "44217.0303221873", "miles_per_hour": "27474.743091028"}, "miss_distance": {"astronomical": "0.2298356686", "lunar": "89.4060745239", "kilometers": "34382928", "miles": "21364560"}, "orbiting_body": "Earth"}, {"close_approach_date": "2028-09-10", "epoch_date_close_approach": 1852182000000, "relative_velocity": {"kilometers_per_second": "17.9688843365", "kilometers_per_hour": "64687.9836114742", "miles_per_hour": "40194.5973723629"}, "miss_distance": {"astronomical": "0.0967112318", "lunar": "37.6206703186", "kilometers": "14467795", "miles": "8989871"}, "orbiting_body": "Earth"}, {"close_approach_date": "2045-04-13", "epoch_date_close_approach": 2375679600000, "relative_velocity": {"kilometers_per_second": "25.5542447233", "kilometers_per_hour": "91995.2810040445", "miles_per_hour": "57162.290021652"}, "miss_distance": {"astronomical": "0.3854670489", "lunar": "149.946685791", "kilometers": "57665052", "miles": "35831400"}, "orbiting_body": "Earth"}, {"close_approach_date": "2048-12-23", "epoch_date_close_approach": 2492323200000, "relative_velocity": {"kilometers_per_second": "15.8749510803", "kilometers_per_hour": "57149.8238890094", "miles_per_hour": "35510.6780714792"}, "miss_distance": {"astronomical": "0.0991402078", "lunar": "38.5655403137", "kilometers": "14831164", "miles": "9215658"}, "orbiting_body": "Mars"}, {"close_approach_date": "2055-06-04", "epoch_date_close_approach": 2695705200000, "relative_velocity": {"kilometers_per_second": "11.6048698259", "kilometers_per_hour": "41777.5313731428", "miles_per_hour": "25958.9333134953"}, "miss_distance": {"astronomical": "0.2097742509", "lunar": "81.6021881104", "kilometers": "31381782", "miles": "19499736"}, "orbiting_body": "Earth"}, {"close_approach_date": "2065-09-06", "epoch_date_close_approach": 3019446000000, "relative_velocity": {"kilometers_per_second": "16.3380131586", "kilometers_per_hour": "58816.8473710388", "miles_per_hour": "36546.5016345213"}, "miss_distance": {"astronomical": "0.0304765972", "lunar": "11.8553962708", "kilometers": "4559234", "miles": "2832976.75"}, "orbiting_body": "Earth"}, {"close_approach_date": "2082-04-22", "epoch_date_close_approach": 3544066800000, "relative_velocity": {"kilometers_per_second": "21.5381063385", "kilometers_per_hour": "77537.1828185644", "miles_per_hour": "48178.5900685685"}, "miss_distance": {"astronomical": "0.2762188451", "lunar": "107.4491271973", "kilometers": "41321748", "miles": "25676144"}, "orbiting_body": "Earth"}, {"close_approach_date": "2092-07-26", "epoch_date_close_approach": 3867894000000, "relative_velocity": {"kilometers_per_second": "12.3521840652", "kilometers_per_hour": "44467.862634842", "miles_per_hour": "27630.6005355217"}, "miss_distance": {"astronomical": "0.2016726516", "lunar": "78.4506607056", "kilometers": "30169800", "miles": "18746644"}, "orbiting_body": "Earth"}, {"close_approach_date": "2102-10-03", "epoch_date_close_approach": 4189302000000, "relative_velocity": {"kilometers_per_second": "29.3323800332", "kilometers_per_hour": "105596.5681193555", "miles_per_hour": "65613.6008961629"}, "miss_distance": {"astronomical": "0.492919221", "lunar": "191.7455749512", "kilometers": "73739664", "miles": "45819704"}, "orbiting_body": "Earth"}, {"close_approach_date": "2109-04-14", "epoch_date_close_approach": 4395366000000, "relative_velocity": {"kilometers_per_second": "26.3919065551", "kilometers_per_hour": "95010.8635982556", "miles_per_hour": "59036.0557730383"}, "miss_distance": {"astronomical": "0.4225426194", "lunar": "164.3690795898", "kilometers": "63211480", "miles": "39277792"}, "orbiting_body": "Earth"}, {"close_approach_date": "2119-07-08", "epoch_date_close_approach": 4718242800000, "relative_velocity": {"kilometers_per_second": "12.4069022935", "kilometers_per_hour": "44664.8482567732", "miles_per_hour": "27752.9997404377"}, "miss_distance": {"astronomical": "0.2236510507", "lunar": "87.0002593994", "kilometers": "33457722", "miles": "20789664"}, "orbiting_body": "Earth"}, {"close_approach_date": "2121-03-21", "epoch_date_close_approach": 4771983600000, "relative_velocity": {"kilometers_per_second": "3.9808809915", "kilometers_per_hour": "14331.1715692919", "miles_per_hour": "8904.8326898192"}, "miss_distance": {"astronomical": "1.9863844747", "lunar": "772.7035522461", "kilometers": "297158880", "miles": "184645984"}, "orbiting_body": "Juptr"}, {"close_approach_date": "2136-04-18", "epoch_date_close_approach": 5247788400000, "relative_velocity": {"kilometers_per_second": "24.5852020326", "kilometers_per_hour": "88506.7273174637", "miles_per_hour": "54994.6384267874"}, "miss_distance": {"astronomical": "0.3735388644", "lunar": "145.3066101074", "kilometers": "55880616", "miles": "34722604"}, "orbiting_body": "Earth"}, {"close_approach_date": "2144-11-10", "epoch_date_close_approach": 5518051200000, "relative_velocity": {"kilometers_per_second": "3.8006400562", "kilometers_per_hour": "13682.3042023881", "miles_per_hour": "8501.6517417561"}, "miss_distance": {"astronomical": "1.8974019551", "lunar": "738.0893554688", "kilometers": "283847296", "miles": "176374528"}, "orbiting_body": "Juptr"}, {"close_approach_date": "2146-08-19", "epoch_date_close_approach": 5573948400000, "relative_velocity": {"kilometers_per_second": "12.4696647294", "kilometers_per_hour": "44890.7930257086", "miles_per_hour": "27893.3930331132"}, "miss_distance": {"astronomical": "0.1112440049", "lunar": "43.2739181519", "kilometers": "16641867", "miles": "10340777"}, "orbiting_body": "Earth"}, {"close_approach_date": "2163-04-29", "epoch_date_close_approach": 6100729200000, "relative_velocity": {"kilometers_per_second": "19.3412716889", "kilometers_per_hour": "69628.5780800393", "miles_per_hour": "43264.4906409"}, "miss_distance": {"astronomical": "0.2325063637", "lunar": "90.4449768066", "kilometers": "34782456", "miles": "21612816"}, "orbiting_body": "Earth"}, {"close_approach_date": "2166-07-04", "epoch_date_close_approach": 6201126000000, "relative_velocity": {"kilometers_per_second": "14.3687220453", "kilometers_per_hour": "51727.3993630044", "miles_per_hour": "32141.3943430846"}, "miss_distance": {"astronomical": "0.0561260174", "lunar": "21.8330211639", "kilometers": "8396333", "miles": "5217239.5"}, "orbiting_body": "Mars"}, {"close_approach_date": "2168-07-05", "epoch_date_close_approach": 6264370800000, "relative_velocity": {"kilometers_per_second": "3.6869052351", "kilometers_per_hour": "13272.8588465149", "miles_per_hour": "8247.2383204915"}, "miss_distance": {"astronomical": "1.8194754741", "lunar": "707.7760009766", "kilometers": "272189664", "miles": "169130816"}, "orbiting_body": "Juptr"}, {"close_approach_date": "2173-09-12", "epoch_date_close_approach": 6428098800000, "relative_velocity": {"kilometers_per_second": "18.6601186389", "kilometers_per_hour": "67176.4271001988", "miles_per_hour": "41740.8193834541"}, "miss_distance": {"astronomical": "0.1325057177", "lunar": "51.5447235107", "kilometers": "19822572", "miles": "12317176"}, "orbiting_body": "Earth"}, {"close_approach_date": "2183-06-06", "epoch_date_close_approach": 6735164400000, "relative_velocity": {"kilometers_per_second": "14.8311604103", "kilometers_per_hour": "53392.1774771077", "miles_per_hour": "33175.8227218173"}, "miss_distance": {"astronomical": "0.0498858926", "lunar": "19.4056110382", "kilometers": "7462823", "miles": "4637183.5"}, "orbiting_body": "Mars"}, {"close_approach_date": "2190-06-19", "epoch_date_close_approach": 6957212400000, "relative_velocity": {"kilometers_per_second": "11.7440751382", "kilometers_per_hour": "42278.6704975844", "miles_per_hour": "26270.3216766796"}, "miss_distance": {"astronomical": "0.2151859019", "lunar": "83.7073135376", "kilometers": "32191352", "miles": "20002778"}, "orbiting_body": "Earth"}, {"close_approach_date": "2192-03-12", "epoch_date_close_approach": 7011817200000, "relative_velocity": {"kilometers_per_second": "3.6233743579", "kilometers_per_hour": "13044.1476883665", "miles_per_hour": "8105.1261011409"}, "miss_distance": {"astronomical": "1.7892164216", "lunar": "696.0051879883", "kilometers": "267662960", "miles": "166318064"}, "orbiting_body": "Juptr"}, {"close_approach_date": "2200-05-15", "epoch_date_close_approach": 7269721200000, "relative_velocity": {"kilometers_per_second": "14.2779139144", "kilometers_per_hour": "51400.4900918868", "miles_per_hour": "31938.2656351504"}, "miss_distance": {"astronomical": "0.0678566157", "lunar": "26.3962249756", "kilometers": "10151206", "miles": "6307666.5"}, "orbiting_body": "Mars"}], "orbital_data": {"orbit_id": "82", "orbit_determination_date": "2018-01-18 06:53:57", "orbit_uncertainty": "0", "minimum_orbit_intersection": ".0223148", "jupiter_tisserand_invariant": "3.329", "epoch_osculation": "2458000.5", "eccentricity": ".6259301953180644", "semi_major_axis": "2.242335390553023", "inclination": "9.82691672170259", "ascending_node_longitude": "168.1628971409599", "orbital_period": "1226.448408452693", "perihelion_distance": ".8387899615755612", "perihelion_argument": "116.1550880424444", "aphelion_distance": "3.645880819530485", "perihelion_time": "2458301.881277028138", "mean_anomaly": "271.5354066405358", "mean_motion": ".293530488130505", "equinox": "J2000"}}