{"links": {"self": "https://api.nasa.gov/neo/rest/v1/neo/2012538?api_key=stjNMXvPIBN6FqEBpH6hQbWAtFDv0RARRez0p7z1"}, "neo_reference_id": "2012538", "name": "12538 (1998 OH)", "nasa_jpl_url": "http://ssd.jpl.nasa.gov/sbdb.cgi?sstr=2012538", "absolute_magnitude_h": 15.8, "estimated_diameter": {"kilometers": {"estimated_diameter_min": 1.8388867207, "estimated_diameter_max": 4.1118757104}, "meters": {"estimated_diameter_min": 1838.8867207025, "estimated_diameter_max": 4111.8757104125}, "miles": {"estimated_diameter_min": 1.1426308805, "estimated_diameter_max": 2.5550003221}, "feet": {"estimated_diameter_min": 6033.0931087497, "estimated_diameter_max": 13490.4063057499}}, "is_potentially_hazardous_asteroid": true, "close_approach_data": [{"close_approach_date": "1908-05-30", "epoch_date_close_approach": -1943625600000, "relative_velocity": {"kilometers_per_second": "24.0427545846", "kilometers_per_hour": "86553.9165045661", "miles_per_hour": "53781.2377302955"}, "miss_distance": {"astronomical": "0.4284966883", "lunar": "166.6852111816", "kilometers": "64102192", "miles": "39831256"}, "orbiting_body": "Earth"}, {"close_approach_date": "1910-04-24", "epoch_date_close_approach": -1883664000000, "relative_velocity": {"kilometers_per_second": "14.8273779383", "kilometers_per_hour": "53378.5605778872", "miles_per_hour": "33167.3617101877"}, "miss_distance": {"astronomical": "0.1076299765", "lunar": "41.8680610657", "kilometers": "16101216", "miles": "10004831"}, "orbiting_body": "Earth"}, {"close_approach_date": "1931-05-07", "epoch_date_close_approach": -1219852800000, "relative_velocity": {"kilometers_per_second": "16.4806892496", "kilometers_per_hour": "59330.481298623", "miles_per_hour": "36865.6537824694"}, "miss_distance": {"astronomical": "0.062039575", "lunar": "24.1333961487", "kilometers": "9280989", "miles": "5766939"}, "orbiting_body": "Earth"}, {"close_approach_date": "1933-03-01", "epoch_date_close_approach": -1162483200000, "relative_velocity": {"kilometers_per_second": "15.9501244333", "kilometers_per_hour": "57420.4479598138", "miles_per_hour": "35678.8333448076"}, "miss_distance": {"astronomical": "0.437295615", "lunar": "170.108001709", "kilometers": "65418492", "miles": "40649168"}, "orbiting_body": "Earth"}, {"close_approach_date": "1952-05-23", "epoch_date_close_approach": -555699600000, "relative_velocity": {"kilometers_per_second": "21.4052201101", "kilometers_per_hour": "77058.7923963848", "miles_per_hour": "47881.3368642981"}, "miss_distance": {"astronomical": "0.3161095782", "lunar": "122.9666213989", "kilometers": "47289320", "miles": "29384220"}, "orbiting_body": "Earth"}, {"close_approach_date": "1954-04-12", "epoch_date_close_approach": -496166400000, "relative_velocity": {"kilometers_per_second": "14.6120458719", "kilometers_per_hour": "52603.3651389998", "miles_per_hour": "32685.6854109524"}, "miss_distance": {"astronomical": "0.2121551327", "lunar": "82.5283432007", "kilometers": "31737956", "miles": "19721052"}, "orbiting_body": "Earth"}, {"close_approach_date": "1975-05-04", "epoch_date_close_approach": 168418800000, "relative_velocity": {"kilometers_per_second": "16.0510439451", "kilometers_per_hour": "57783.758202315", "miles_per_hour": "35904.5802007662"}, "miss_distance": {"astronomical": "0.0372124382", "lunar": "14.4756383896", "kilometers": "5566901.5", "miles": "3459112.25"}, "orbiting_body": "Earth"}, {"close_approach_date": "1977-02-24", "epoch_date_close_approach": 225619200000, "relative_velocity": {"kilometers_per_second": "16.0689621296", "kilometers_per_hour": "57848.2636665762", "miles_per_hour": "35944.6613877123"}, "miss_distance": {"astronomical": "0.453927692", "lunar": "176.5778808594", "kilometers": "67906616", "miles": "42195216"}, "orbiting_body": "Earth"}, {"close_approach_date": "1996-05-27", "epoch_date_close_approach": 833180400000, "relative_velocity": {"kilometers_per_second": "22.8197738749", "kilometers_per_hour": "82151.1859495165", "miles_per_hour": "51045.5521806871"}, "miss_distance": {"astronomical": "0.3792942141", "lunar": "147.5454559326", "kilometers": "56741608", "miles": "35257600"}, "orbiting_body": "Earth"}, {"close_approach_date": "1998-01-03", "epoch_date_close_approach": 883814400000, "relative_velocity": {"kilometers_per_second": "9.3326045361", "kilometers_per_hour": "33597.3763301132", "miles_per_hour": "20876.1030868973"}, "miss_distance": {"astronomical": "0.4887951651", "lunar": "190.1413116455", "kilometers": "73122712", "miles": "45436348"}, "orbiting_body": "Earth"}, {"close_approach_date": "1998-04-20", "epoch_date_close_approach": 893055600000, "relative_velocity": {"kilometers_per_second": "14.6822686068", "kilometers_per_hour": "52856.166984521", "miles_per_hour": "32842.7666465764"}, "miss_distance": {"astronomical": "0.1438092599", "lunar": "55.9418029785", "kilometers": "21513560", "miles": "13367906"}, "orbiting_body": "Earth"}, {"close_approach_date": "2019-05-16", "epoch_date_close_approach": 1557990000000, "relative_velocity": {"kilometers_per_second": "18.6664523304", "kilometers_per_hour": "67199.2283894584", "miles_per_hour": "41754.9872178832"}, "miss_distance": {"astronomical": "0.1868279888", "lunar": "72.6760864258", "kilometers": "27949070", "miles": "17366746"}, "orbiting_body": "Earth"}, {"close_approach_date": "2021-03-28", "epoch_date_close_approach": 1616914800000, "relative_velocity": {"kilometers_per_second": "15.2475302368", "kilometers_per_hour": "54891.1088525081", "miles_per_hour": "34107.2003867154"}, "miss_distance": {"astronomical": "0.3251858717", "lunar": "126.4972991943", "kilometers": "48647112", "miles": "30227914"}, "orbiting_body": "Earth"}, {"close_approach_date": "2042-05-03", "epoch_date_close_approach": 2282713200000, "relative_velocity": {"kilometers_per_second": "15.8226595824", "kilometers_per_hour": "56961.574496554", "miles_per_hour": "35393.7072198171"}, "miss_distance": {"astronomical": "0.0292086414", "lunar": "11.3621616364", "kilometers": "4369550.5", "miles": "2715112.75"}, "orbiting_body": "Earth"}, {"close_approach_date": "2044-02-20", "epoch_date_close_approach": 2339568000000, "relative_velocity": {"kilometers_per_second": "16.2226135805", "kilometers_per_hour": "58401.4088899177", "miles_per_hour": "36288.3643182936"}, "miss_distance": {"astronomical": "0.4673909196", "lunar": "181.8150634766", "kilometers": "69920688", "miles": "43446700"}, "orbiting_body": "Earth"}, {"close_approach_date": "2063-05-29", "epoch_date_close_approach": 2947647600000, "relative_velocity": {"kilometers_per_second": "23.3384545094", "kilometers_per_hour": "84018.4362336773", "miles_per_hour": "52205.7888919758"}, "miss_distance": {"astronomical": "0.4030000135", "lunar": "156.7670135498", "kilometers": "60287948", "miles": "37461192"}, "orbiting_body": "Earth"}, {"close_approach_date": "2065-04-22", "epoch_date_close_approach": 3007609200000, "relative_velocity": {"kilometers_per_second": "14.8250209289", "kilometers_per_hour": "53370.0753440339", "miles_per_hour": "33162.0893158526"}, "miss_distance": {"astronomical": "0.1158684736", "lunar": "45.0728340149", "kilometers": "17333676", "miles": "10770647"}, "orbiting_body": "Earth"}, {"close_approach_date": "2086-05-19", "epoch_date_close_approach": 3672630000000, "relative_velocity": {"kilometers_per_second": "19.6667740927", "kilometers_per_hour": "70800.3867338694", "miles_per_hour": "43992.6069680535"}, "miss_distance": {"astronomical": "0.2379047739", "lunar": "92.544960022", "kilometers": "35590048", "miles": "22114630"}, "orbiting_body": "Earth"}, {"close_approach_date": "2088-04-04", "epoch_date_close_approach": 3731900400000, "relative_velocity": {"kilometers_per_second": "14.9575377661", "kilometers_per_hour": "53847.1359580302", "miles_per_hour": "33458.5162290327"}, "miss_distance": {"astronomical": "0.2758592103", "lunar": "107.3092346191", "kilometers": "41267952", "miles": "25642716"}, "orbiting_body": "Earth"}, {"close_approach_date": "2109-05-08", "epoch_date_close_approach": 4397439600000, "relative_velocity": {"kilometers_per_second": "16.5983935225", "kilometers_per_hour": "59754.2166811663", "miles_per_hour": "37128.9464705836"}, "miss_distance": {"astronomical": "0.0701030938", "lunar": "27.2701034546", "kilometers": "10487274", "miles": "6516489.5"}, "orbiting_body": "Earth"}, {"close_approach_date": "2111-03-10", "epoch_date_close_approach": 4455414000000, "relative_velocity": {"kilometers_per_second": "16.1888459861", "kilometers_per_hour": "58279.8455498743", "miles_per_hour": "36212.8295862539"}, "miss_distance": {"astronomical": "0.4205089366", "lunar": "163.5779876709", "kilometers": "62907244", "miles": "39088748"}, "orbiting_body": "Earth"}, {"close_approach_date": "2130-06-05", "epoch_date_close_approach": 5062546800000, "relative_velocity": {"kilometers_per_second": "25.6028128249", "kilometers_per_hour": "92170.1261697289", "miles_per_hour": "57270.9320080741"}, "miss_distance": {"astronomical": "0.4989068393", "lunar": "194.0747680664", "kilometers": "74635400", "miles": "46376288"}, "orbiting_body": "Earth"}, {"close_approach_date": "2132-05-02", "epoch_date_close_approach": 5122767600000, "relative_velocity": {"kilometers_per_second": "15.6048772952", "kilometers_per_hour": "56177.5582626318", "miles_per_hour": "34906.5500215781"}, "miss_distance": {"astronomical": "0.0317258199", "lunar": "12.3413438797", "kilometers": "4746115", "miles": "2949099.25"}, "orbiting_body": "Earth"}, {"close_approach_date": "2134-02-14", "epoch_date_close_approach": 5179190400000, "relative_velocity": {"kilometers_per_second": "16.5053212563", "kilometers_per_hour": "59419.1565227794", "miles_per_hour": "36920.7531182792"}, "miss_distance": {"astronomical": "0.4860415839", "lunar": "189.0701751709", "kilometers": "72710784", "miles": "45180388"}, "orbiting_body": "Earth"}, {"close_approach_date": "2153-05-26", "epoch_date_close_approach": 5787529200000, "relative_velocity": {"kilometers_per_second": "21.7224341857", "kilometers_per_hour": "78200.7630685189", "miles_per_hour": "48590.9130299917"}, "miss_distance": {"astronomical": "0.3346137448", "lunar": "130.1647491455", "kilometers": "50057504", "miles": "31104290"}, "orbiting_body": "Earth"}, {"close_approach_date": "2155-04-17", "epoch_date_close_approach": 5847231600000, "relative_velocity": {"kilometers_per_second": "14.6963942439", "kilometers_per_hour": "52907.0192781037", "miles_per_hour": "32874.3642842195"}, "miss_distance": {"astronomical": "0.1840867863", "lunar": "71.6097564697", "kilometers": "27538992", "miles": "17111936"}, "orbiting_body": "Earth"}, {"close_approach_date": "2176-05-13", "epoch_date_close_approach": 6512252400000, "relative_velocity": {"kilometers_per_second": "17.8340765371", "kilometers_per_hour": "64202.6755336122", "miles_per_hour": "39893.0458058714"}, "miss_distance": {"astronomical": "0.1444369661", "lunar": "56.1859817505", "kilometers": "21607464", "miles": "13426255"}, "orbiting_body": "Earth"}, {"close_approach_date": "2178-03-24", "epoch_date_close_approach": 6571004400000, "relative_velocity": {"kilometers_per_second": "15.6904308657", "kilometers_per_hour": "56485.5511164088", "miles_per_hour": "35097.9248034152"}, "miss_distance": {"astronomical": "0.3582420317", "lunar": "139.3561553955", "kilometers": "53592248", "miles": "33300678"}, "orbiting_body": "Earth"}, {"close_approach_date": "2199-05-02", "epoch_date_close_approach": 7237062000000, "relative_velocity": {"kilometers_per_second": "15.5524129054", "kilometers_per_hour": "55988.6864593882", "miles_per_hour": "34789.1924280571"}, "miss_distance": {"astronomical": "0.0348288372", "lunar": "13.548418045", "kilometers": "5210320", "miles": "3237542.75"}, "orbiting_body": "Earth"}], "orbital_data": {"orbit_id": "251", "orbit_determination_date": "2017-09-27 06:51:29", "orbit_uncertainty": "0", "minimum_orbit_intersection": ".0279733", "jupiter_tisserand_invariant": "4.281", "epoch_osculation": "2458000.5", "eccentricity": ".4060870831590703", "semi_major_axis": "1.541433482230442", "inclination": "24.52914364530186", "ascending_node_longitude": "220.7486882113465", "orbital_period": "699.0135739686438", "perihelion_distance": ".9154772555477531", "perihelion_argument": "321.7178682530309", "aphelion_distance": "2.16738970891313", "perihelion_time": "2457887.288754730461", "mean_anomaly": "58.30508850585255", "mean_motion": ".5150114581553875", "equinox": "J2000"}}