{"links": {"self": "https://api.nasa.gov/neo/rest/v1/neo/2020425?api_key=stjNMXvPIBN6FqEBpH6hQbWAtFDv0RARRez0p7z1"}, "neo_reference_id": "2020425", "name": "20425 (1998 VD35)", "nasa_jpl_url": "http://ssd.jpl.nasa.gov/sbdb.cgi?sstr=2020425", "absolute_magnitude_h": 20.4, "estimated_diameter": {"kilometers": {"estimated_diameter_min": 0.2210828104, "estimated_diameter_max": 0.4943561926}, "meters": {"estimated_diameter_min": 221.0828103591, "estimated_diameter_max": 494.3561926196}, "miles": {"estimated_diameter_min": 0.137374447, "estimated_diameter_max": 0.3071786018}, "feet": {"estimated_diameter_min": 725.3373275385, "estimated_diameter_max": 1621.9035709942}}, "is_potentially_hazardous_asteroid": true, "close_approach_data": [{"close_approach_date": "1901-05-14", "epoch_date_close_approach": -2165932800000, "relative_velocity": {"kilometers_per_second": "14.4362796056", "kilometers_per_hour": "51970.606580048", "miles_per_hour": "32292.5138496971"}, "miss_distance": {"astronomical": "0.0753446545", "lunar": "29.3090686798", "kilometers": "11271400", "miles": "7003723"}, "orbiting_body": "Earth"}, {"close_approach_date": "1903-04-10", "epoch_date_close_approach": -2105798400000, "relative_velocity": {"kilometers_per_second": "9.4592903864", "kilometers_per_hour": "34053.4453909378", "miles_per_hour": "21159.4866652747"}, "miss_distance": {"astronomical": "0.1508819485", "lunar": "58.6930770874", "kilometers": "22571618", "miles": "14025353"}, "orbiting_body": "Earth"}, {"close_approach_date": "1905-02-10", "epoch_date_close_approach": -2047737600000, "relative_velocity": {"kilometers_per_second": "9.5343765639", "kilometers_per_hour": "34323.7556298877", "miles_per_hour": "21327.4469356933"}, "miss_distance": {"astronomical": "0.1890466945", "lunar": "73.5391616821", "kilometers": "28280984", "miles": "17572988"}, "orbiting_body": "Earth"}, {"close_approach_date": "1906-12-26", "epoch_date_close_approach": -1988640000000, "relative_velocity": {"kilometers_per_second": "13.4619447036", "kilometers_per_hour": "48463.0009330846", "miles_per_hour": "30113.0241075602"}, "miss_distance": {"astronomical": "0.1043010518", "lunar": "40.5731086731", "kilometers": "15603215", "miles": "9695388"}, "orbiting_body": "Earth"}, {"close_approach_date": "1908-12-11", "epoch_date_close_approach": -1926777600000, "relative_velocity": {"kilometers_per_second": "21.3646119141", "kilometers_per_hour": "76912.60289089", "miles_per_hour": "47790.500390731"}, "miss_distance": {"astronomical": "0.3230084181", "lunar": "125.6502761841", "kilometers": "48321372", "miles": "30025508"}, "orbiting_body": "Earth"}, {"close_approach_date": "1946-06-01", "epoch_date_close_approach": -744307200000, "relative_velocity": {"kilometers_per_second": "22.7661337441", "kilometers_per_hour": "81958.0814786956", "miles_per_hour": "50925.5645721373"}, "miss_distance": {"astronomical": "0.3655767663", "lunar": "142.2093658447", "kilometers": "54689508", "miles": "33982484"}, "orbiting_body": "Earth"}, {"close_approach_date": "1948-05-17", "epoch_date_close_approach": -682448400000, "relative_velocity": {"kilometers_per_second": "15.4141024161", "kilometers_per_hour": "55490.7686981249", "miles_per_hour": "34479.8056946765"}, "miss_distance": {"astronomical": "0.1097753889", "lunar": "42.7026252747", "kilometers": "16422164", "miles": "10204260"}, "orbiting_body": "Earth"}, {"close_approach_date": "1950-04-18", "epoch_date_close_approach": -621878400000, "relative_velocity": {"kilometers_per_second": "9.4365444083", "kilometers_per_hour": "33971.5598700101", "miles_per_hour": "21108.6061870071"}, "miss_distance": {"astronomical": "0.1273959789", "lunar": "49.5570335388", "kilometers": "19058166", "miles": "11842196"}, "orbiting_body": "Earth"}, {"close_approach_date": "1952-02-19", "epoch_date_close_approach": -563817600000, "relative_velocity": {"kilometers_per_second": "9.8495781709", "kilometers_per_hour": "35458.4814152325", "miles_per_hour": "22032.5214104815"}, "miss_distance": {"astronomical": "0.1955732345", "lunar": "76.0779876709", "kilometers": "29257340", "miles": "18179668"}, "orbiting_body": "Earth"}, {"close_approach_date": "1953-12-29", "epoch_date_close_approach": -505152000000, "relative_velocity": {"kilometers_per_second": "12.4865254864", "kilometers_per_hour": "44951.4917511566", "miles_per_hour": "27931.1088606006"}, "miss_distance": {"astronomical": "0.096290185", "lunar": "37.4568824768", "kilometers": "14404807", "miles": "8950732"}, "orbiting_body": "Earth"}, {"close_approach_date": "1955-12-14", "epoch_date_close_approach": -443376000000, "relative_velocity": {"kilometers_per_second": "20.4302735763", "kilometers_per_hour": "73548.9848748226", "miles_per_hour": "45700.4789629141"}, "miss_distance": {"astronomical": "0.2948701029", "lunar": "114.7044754028", "kilometers": "44111940", "miles": "27409890"}, "orbiting_body": "Earth"}, {"close_approach_date": "1993-06-04", "epoch_date_close_approach": 739177200000, "relative_velocity": {"kilometers_per_second": "24.3720879408", "kilometers_per_hour": "87739.5165869311", "miles_per_hour": "54517.9235148073"}, "miss_distance": {"astronomical": "0.4214538234", "lunar": "163.9455413818", "kilometers": "63048596", "miles": "39176580"}, "orbiting_body": "Earth"}, {"close_approach_date": "1995-05-21", "epoch_date_close_approach": 801039600000, "relative_velocity": {"kilometers_per_second": "17.0010536972", "kilometers_per_hour": "61203.7933098995", "miles_per_hour": "38029.6570152539"}, "miss_distance": {"astronomical": "0.1660750224", "lunar": "64.6031799316", "kilometers": "24844470", "miles": "15437638"}, "orbiting_body": "Earth"}, {"close_approach_date": "1997-04-28", "epoch_date_close_approach": 862210800000, "relative_velocity": {"kilometers_per_second": "10.1261466038", "kilometers_per_hour": "36454.1277737534", "miles_per_hour": "22651.1773380859"}, "miss_distance": {"astronomical": "0.0830933216", "lunar": "32.3233032227", "kilometers": "12430584", "miles": "7724007"}, "orbiting_body": "Earth"}, {"close_approach_date": "1999-03-02", "epoch_date_close_approach": 920361600000, "relative_velocity": {"kilometers_per_second": "10.1372840162", "kilometers_per_hour": "36494.222458226", "miles_per_hour": "22676.0906157794"}, "miss_distance": {"astronomical": "0.1989272686", "lunar": "77.3827056885", "kilometers": "29759096", "miles": "18491444"}, "orbiting_body": "Earth"}, {"close_approach_date": "2001-01-02", "epoch_date_close_approach": 978422400000, "relative_velocity": {"kilometers_per_second": "11.2848039732", "kilometers_per_hour": "40625.2943033879", "miles_per_hour": "25242.978007569"}, "miss_distance": {"astronomical": "0.099545402", "lunar": "38.7231636047", "kilometers": "14891781", "miles": "9253323"}, "orbiting_body": "Earth"}, {"close_approach_date": "2002-12-16", "epoch_date_close_approach": 1040025600000, "relative_velocity": {"kilometers_per_second": "19.4314864221", "kilometers_per_hour": "69953.3511196356", "miles_per_hour": "43466.2919776425"}, "miss_distance": {"astronomical": "0.2641140777", "lunar": "102.7403793335", "kilometers": "39510904", "miles": "24550938"}, "orbiting_body": "Earth"}, {"close_approach_date": "2034-02-04", "epoch_date_close_approach": 2022652800000, "relative_velocity": {"kilometers_per_second": "14.6061234363", "kilometers_per_hour": "52582.044370545", "miles_per_hour": "32672.4375145756"}, "miss_distance": {"astronomical": "0.019793594", "lunar": "7.6997079849", "kilometers": "2961079.5", "miles": "1839929.5"}, "orbiting_body": "Mars"}, {"close_approach_date": "2040-05-28", "epoch_date_close_approach": 2221801200000, "relative_velocity": {"kilometers_per_second": "20.5489949704", "kilometers_per_hour": "73976.3818935275", "miles_per_hour": "45966.0468493421"}, "miss_distance": {"astronomical": "0.2886455463", "lunar": "112.2831115723", "kilometers": "43180756", "miles": "26831278"}, "orbiting_body": "Earth"}, {"close_approach_date": "2042-05-12", "epoch_date_close_approach": 2283490800000, "relative_velocity": {"kilometers_per_second": "13.0116711797", "kilometers_per_hour": "46842.0162470251", "miles_per_hour": "29105.8072619363"}, "miss_distance": {"astronomical": "0.0257952357", "lunar": "10.0343465805", "kilometers": "3858912.5", "miles": "2397817"}, "orbiting_body": "Earth"}, {"close_approach_date": "2043-12-16", "epoch_date_close_approach": 2333865600000, "relative_velocity": {"kilometers_per_second": "5.5469543953", "kilometers_per_hour": "19969.0358229543", "miles_per_hour": "12407.9822867684"}, "miss_distance": {"astronomical": "0.4747639641", "lunar": "184.6831817627", "kilometers": "71023680", "miles": "44132068"}, "orbiting_body": "Earth"}, {"close_approach_date": "2044-04-02", "epoch_date_close_approach": 2343193200000, "relative_velocity": {"kilometers_per_second": "9.6557532419", "kilometers_per_hour": "34760.7116709008", "miles_per_hour": "21598.9544268439"}, "miss_distance": {"astronomical": "0.1658938098", "lunar": "64.5326919556", "kilometers": "24817360", "miles": "15420793"}, "orbiting_body": "Earth"}, {"close_approach_date": "2046-02-08", "epoch_date_close_approach": 2401689600000, "relative_velocity": {"kilometers_per_second": "9.4245782931", "kilometers_per_hour": "33928.4818552444", "miles_per_hour": "21081.8391838878"}, "miss_distance": {"astronomical": "0.1853644934", "lunar": "72.1067886353", "kilometers": "27730134", "miles": "17230706"}, "orbiting_body": "Earth"}, {"close_approach_date": "2047-12-29", "epoch_date_close_approach": 2461219200000, "relative_velocity": {"kilometers_per_second": "13.2669879687", "kilometers_per_hour": "47761.1566874395", "miles_per_hour": "29676.9253872593"}, "miss_distance": {"astronomical": "0.1058589802", "lunar": "41.1791419983", "kilometers": "15836278", "miles": "9840207"}, "orbiting_body": "Earth"}, {"close_approach_date": "2049-12-14", "epoch_date_close_approach": 2523081600000, "relative_velocity": {"kilometers_per_second": "20.6426026236", "kilometers_per_hour": "74313.36944487", "miles_per_hour": "46175.4378086749"}, "miss_distance": {"astronomical": "0.3018264154", "lunar": "117.4104766846", "kilometers": "45152588", "miles": "28056518"}, "orbiting_body": "Earth"}, {"close_approach_date": "2091-05-30", "epoch_date_close_approach": 3831346800000, "relative_velocity": {"kilometers_per_second": "20.7583094472", "kilometers_per_hour": "74729.914010005", "miles_per_hour": "46434.2624024945"}, "miss_distance": {"astronomical": "0.2959685824", "lunar": "115.1317825317", "kilometers": "44276272", "miles": "27512000"}, "orbiting_body": "Earth"}, {"close_approach_date": "2093-05-15", "epoch_date_close_approach": 3893209200000, "relative_velocity": {"kilometers_per_second": "14.0189876002", "kilometers_per_hour": "50468.3553608374", "miles_per_hour": "31359.0733629603"}, "miss_distance": {"astronomical": "0.0605135144", "lunar": "23.5397567749", "kilometers": "9052693", "miles": "5625082.5"}, "orbiting_body": "Earth"}, {"close_approach_date": "2095-04-16", "epoch_date_close_approach": 3953775600000, "relative_velocity": {"kilometers_per_second": "9.4850655896", "kilometers_per_hour": "34146.2361226897", "miles_per_hour": "21217.1432174568"}, "miss_distance": {"astronomical": "0.135963299", "lunar": "52.8897247314", "kilometers": "20339822", "miles": "12638579"}, "orbiting_body": "Earth"}, {"close_approach_date": "2097-02-22", "epoch_date_close_approach": 4012358400000, "relative_velocity": {"kilometers_per_second": "9.9771814197", "kilometers_per_hour": "35917.8531110911", "miles_per_hour": "22317.9571178333"}, "miss_distance": {"astronomical": "0.1963655064", "lunar": "76.3861846924", "kilometers": "29375862", "miles": "18253314"}, "orbiting_body": "Earth"}, {"close_approach_date": "2099-01-04", "epoch_date_close_approach": 4071196800000, "relative_velocity": {"kilometers_per_second": "11.2143789653", "kilometers_per_hour": "40371.7642749659", "miles_per_hour": "25085.4443074087"}, "miss_distance": {"astronomical": "0.1025310302", "lunar": "39.8845710754", "kilometers": "15338424", "miles": "9530855"}, "orbiting_body": "Earth"}, {"close_approach_date": "2100-12-20", "epoch_date_close_approach": 4132972800000, "relative_velocity": {"kilometers_per_second": "18.1998140067", "kilometers_per_hour": "65519.3304239587", "miles_per_hour": "40711.163951487"}, "miss_distance": {"astronomical": "0.2270270349", "lunar": "88.3135147095", "kilometers": "33962760", "miles": "21103480"}, "orbiting_body": "Earth"}, {"close_approach_date": "2102-12-09", "epoch_date_close_approach": 4195094400000, "relative_velocity": {"kilometers_per_second": "25.2013953963", "kilometers_per_hour": "90725.0234268478", "miles_per_hour": "56373.0013620877"}, "miss_distance": {"astronomical": "0.4499529805", "lunar": "175.0317077637", "kilometers": "67312008", "miles": "41825744"}, "orbiting_body": "Earth"}, {"close_approach_date": "2144-06-03", "epoch_date_close_approach": 5504223600000, "relative_velocity": {"kilometers_per_second": "22.6055381553", "kilometers_per_hour": "81379.9373591891", "miles_per_hour": "50566.3282996584"}, "miss_distance": {"astronomical": "0.3610501934", "lunar": "140.4485168457", "kilometers": "54012340", "miles": "33561712"}, "orbiting_body": "Earth"}, {"close_approach_date": "2146-05-22", "epoch_date_close_approach": 5566258800000, "relative_velocity": {"kilometers_per_second": "16.2210840105", "kilometers_per_hour": "58395.9024376477", "miles_per_hour": "36284.9428229928"}, "miss_distance": {"astronomical": "0.1385734821", "lunar": "53.9050865173", "kilometers": "20730298", "miles": "12881210"}, "orbiting_body": "Earth"}, {"close_approach_date": "2148-05-01", "epoch_date_close_approach": 5627602800000, "relative_velocity": {"kilometers_per_second": "10.3822457984", "kilometers_per_hour": "37376.0848741021", "miles_per_hour": "23224.0456263553"}, "miss_distance": {"astronomical": "0.0729151695", "lunar": "28.3640003204", "kilometers": "10907954", "miles": "6777888"}, "orbiting_body": "Earth"}, {"close_approach_date": "2150-03-12", "epoch_date_close_approach": 5686354800000, "relative_velocity": {"kilometers_per_second": "10.1652343173", "kilometers_per_hour": "36594.8435424326", "miles_per_hour": "22738.6126444632"}, "miss_distance": {"astronomical": "0.1942218884", "lunar": "75.5523147583", "kilometers": "29055180", "miles": "18054052"}, "orbiting_body": "Earth"}, {"close_approach_date": "2152-01-15", "epoch_date_close_approach": 5744592000000, "relative_velocity": {"kilometers_per_second": "9.3925322735", "kilometers_per_hour": "33813.1161845733", "miles_per_hour": "21010.1554425756"}, "miss_distance": {"astronomical": "0.134284651", "lunar": "52.2367286682", "kilometers": "20088698", "miles": "12482538"}, "orbiting_body": "Earth"}, {"close_approach_date": "2153-12-24", "epoch_date_close_approach": 5805849600000, "relative_velocity": {"kilometers_per_second": "16.1331197994", "kilometers_per_hour": "58079.2312779181", "miles_per_hour": "36088.1756793264"}, "miss_distance": {"astronomical": "0.1703135582", "lunar": "66.2519683838", "kilometers": "25478544", "miles": "15831634"}, "orbiting_body": "Earth"}, {"close_approach_date": "2155-12-12", "epoch_date_close_approach": 5867884800000, "relative_velocity": {"kilometers_per_second": "23.3180098255", "kilometers_per_hour": "83944.8353719588", "miles_per_hour": "52160.0561787596"}, "miss_distance": {"astronomical": "0.3902181777", "lunar": "151.7948608398", "kilometers": "58375808", "miles": "36273044"}, "orbiting_body": "Earth"}, {"close_approach_date": "2169-07-06", "epoch_date_close_approach": 6295993200000, "relative_velocity": {"kilometers_per_second": "16.2898925339", "kilometers_per_hour": "58643.613122063", "miles_per_hour": "36438.8606090952"}, "miss_distance": {"astronomical": "0.0928806816", "lunar": "36.1305847168", "kilometers": "13894752", "miles": "8633799"}, "orbiting_body": "Mars"}, {"close_approach_date": "2197-06-03", "epoch_date_close_approach": 7176754800000, "relative_velocity": {"kilometers_per_second": "22.4901463271", "kilometers_per_hour": "80964.5267773998", "miles_per_hour": "50308.2083189904"}, "miss_distance": {"astronomical": "0.3585793695", "lunar": "139.4873809814", "kilometers": "53642712", "miles": "33332034"}, "orbiting_body": "Earth"}, {"close_approach_date": "2199-05-21", "epoch_date_close_approach": 7238703600000, "relative_velocity": {"kilometers_per_second": "15.8509708775", "kilometers_per_hour": "57063.4951588423", "miles_per_hour": "35457.0367557818"}, "miss_distance": {"astronomical": "0.1271718429", "lunar": "49.4698486328", "kilometers": "19024638", "miles": "11821362"}, "orbiting_body": "Earth"}], "orbital_data": {"orbit_id": "30", "orbit_determination_date": "2017-04-06 09:29:36", "orbit_uncertainty": "1", "minimum_orbit_intersection": ".00297189", "jupiter_tisserand_invariant": "4.283", "epoch_osculation": "2458000.5", "eccentricity": ".4764566938799674", "semi_major_axis": "1.564629499969828", "inclination": "6.9841035895252", "ascending_node_longitude": "227.3716477078664", "orbital_period": "714.8512786263025", "perihelion_distance": ".8191513012671373", "perihelion_argument": "296.1684935038726", "aphelion_distance": "2.310107698672519", "perihelion_time": "2457675.976236733611", "mean_anomaly": "163.4305739795335", "mean_motion": ".5036012535247832", "equinox": "J2000"}}