{"links": {"self": "https://api.nasa.gov/neo/rest/v1/neo/2085774?api_key=stjNMXvPIBN6FqEBpH6hQbWAtFDv0RARRez0p7z1"}, "neo_reference_id": "2085774", "name": "85774 (1998 UT18)", "nasa_jpl_url": "http://ssd.jpl.nasa.gov/sbdb.cgi?sstr=2085774", "absolute_magnitude_h": 19.2, "estimated_diameter": {"kilometers": {"estimated_diameter_min": 0.3841978911, "estimated_diameter_max": 0.8590926012}, "meters": {"estimated_diameter_min": 384.1978910643, "estimated_diameter_max": 859.0926012318}, "miles": {"estimated_diameter_min": 0.2387294278, "estimated_diameter_max": 0.5338152287}, "feet": {"estimated_diameter_min": 1260.4918089193, "estimated_diameter_max": 2818.5453698252}}, "is_potentially_hazardous_asteroid": true, "close_approach_data": [{"close_approach_date": "1902-01-12", "epoch_date_close_approach": -2144937600000, "relative_velocity": {"kilometers_per_second": "8.2470717501", "kilometers_per_hour": "29689.4583002403", "miles_per_hour": "18447.8747977243"}, "miss_distance": {"astronomical": "0.217731759", "lunar": "84.6976547241", "kilometers": "32572208", "miles": "20239432"}, "orbiting_body": "Earth"}, {"close_approach_date": "1907-03-05", "epoch_date_close_approach": -1982678400000, "relative_velocity": {"kilometers_per_second": "8.8433079631", "kilometers_per_hour": "31835.9086672086", "miles_per_hour": "19781.5955826886"}, "miss_distance": {"astronomical": "0.2531031044", "lunar": "98.4571075439", "kilometers": "37863688", "miles": "23527404"}, "orbiting_body": "Earth"}, {"close_approach_date": "1909-03-03", "epoch_date_close_approach": -1919692800000, "relative_velocity": {"kilometers_per_second": "9.7707306226", "kilometers_per_hour": "35174.6302412052", "miles_per_hour": "21856.1473295978"}, "miss_distance": {"astronomical": "0.0900535995", "lunar": "35.0308532715", "kilometers": "13471827", "miles": "8371005.5"}, "orbiting_body": "Mars"}, {"close_approach_date": "1912-03-14", "epoch_date_close_approach": -1824048000000, "relative_velocity": {"kilometers_per_second": "11.6290477133", "kilometers_per_hour": "41864.5717677468", "miles_per_hour": "26013.016829798"}, "miss_distance": {"astronomical": "0.2916596879", "lunar": "113.455619812", "kilometers": "43631668", "miles": "27111462"}, "orbiting_body": "Earth"}, {"close_approach_date": "1916-10-24", "epoch_date_close_approach": -1678464000000, "relative_velocity": {"kilometers_per_second": "6.617334516", "kilometers_per_hour": "23822.4042577146", "miles_per_hour": "14802.3155789116"}, "miss_distance": {"astronomical": "0.4974032361", "lunar": "193.4898529053", "kilometers": "74410464", "miles": "46236520"}, "orbiting_body": "Earth"}, {"close_approach_date": "1917-03-21", "epoch_date_close_approach": -1665676800000, "relative_velocity": {"kilometers_per_second": "14.4845281664", "kilometers_per_hour": "52144.3013989442", "miles_per_hour": "32400.4410553607"}, "miss_distance": {"astronomical": "0.3532307266", "lunar": "137.40675354", "kilometers": "52842564", "miles": "32834846"}, "orbiting_body": "Earth"}, {"close_approach_date": "1922-03-26", "epoch_date_close_approach": -1507478400000, "relative_velocity": {"kilometers_per_second": "17.4492541091", "kilometers_per_hour": "62817.3147927971", "miles_per_hour": "39032.2365166688"}, "miss_distance": {"astronomical": "0.4316351744", "lunar": "167.9060821533", "kilometers": "64571704", "miles": "40122996"}, "orbiting_body": "Earth"}, {"close_approach_date": "1924-03-19", "epoch_date_close_approach": -1444924800000, "relative_velocity": {"kilometers_per_second": "9.6980271922", "kilometers_per_hour": "34912.8978919812", "miles_per_hour": "21693.5170262702"}, "miss_distance": {"astronomical": "0.0946898138", "lunar": "36.8343391418", "kilometers": "14165395", "miles": "8801968"}, "orbiting_body": "Mars"}, {"close_approach_date": "1939-04-06", "epoch_date_close_approach": -970070400000, "relative_velocity": {"kilometers_per_second": "9.9953049888", "kilometers_per_hour": "35983.0979595181", "miles_per_hour": "22358.4977293461"}, "miss_distance": {"astronomical": "0.0766812915", "lunar": "29.8290233612", "kilometers": "11471358", "miles": "7127971.5"}, "orbiting_body": "Mars"}, {"close_approach_date": "1954-04-23", "epoch_date_close_approach": -495216000000, "relative_velocity": {"kilometers_per_second": "10.4009430681", "kilometers_per_hour": "37443.395045155", "miles_per_hour": "23265.8695490298"}, "miss_distance": {"astronomical": "0.0577241808", "lunar": "22.454706192", "kilometers": "8635415", "miles": "5365798"}, "orbiting_body": "Mars"}, {"close_approach_date": "1969-05-10", "epoch_date_close_approach": -20365200000, "relative_velocity": {"kilometers_per_second": "10.6882642955", "kilometers_per_hour": "38477.751463886", "miles_per_hour": "23908.5784026574"}, "miss_distance": {"astronomical": "0.0496289747", "lunar": "19.3056697845", "kilometers": "7424389", "miles": "4613301.5"}, "orbiting_body": "Mars"}, {"close_approach_date": "1973-11-08", "epoch_date_close_approach": 121593600000, "relative_velocity": {"kilometers_per_second": "20.0396948906", "kilometers_per_hour": "72142.9016062234", "miles_per_hour": "44826.7935008225"}, "miss_distance": {"astronomical": "0.4148249998", "lunar": "161.3669281006", "kilometers": "62056936", "miles": "38560392"}, "orbiting_body": "Earth"}, {"close_approach_date": "1978-11-13", "epoch_date_close_approach": 279792000000, "relative_velocity": {"kilometers_per_second": "17.4335281642", "kilometers_per_hour": "62760.7013910638", "miles_per_hour": "38997.0591504641"}, "miss_distance": {"astronomical": "0.3189738794", "lunar": "124.0808334351", "kilometers": "47717812", "miles": "29650474"}, "orbiting_body": "Earth"}, {"close_approach_date": "1979-05-01", "epoch_date_close_approach": 294390000000, "relative_velocity": {"kilometers_per_second": "8.9051810284", "kilometers_per_hour": "32058.6517021293", "miles_per_hour": "19919.9994423592"}, "miss_distance": {"astronomical": "0.4931320606", "lunar": "191.8283691406", "kilometers": "73771504", "miles": "45839488"}, "orbiting_body": "Earth"}, {"close_approach_date": "1983-11-18", "epoch_date_close_approach": 437990400000, "relative_velocity": {"kilometers_per_second": "15.0748519191", "kilometers_per_hour": "54269.4669086459", "miles_per_hour": "33720.9362577639"}, "miss_distance": {"astronomical": "0.2297710663", "lunar": "89.3809432983", "kilometers": "34373264", "miles": "21358554"}, "orbiting_body": "Earth"}, {"close_approach_date": "1984-04-24", "epoch_date_close_approach": 451641600000, "relative_velocity": {"kilometers_per_second": "8.3150656768", "kilometers_per_hour": "29934.2364363493", "miles_per_hour": "18599.9704123527"}, "miss_distance": {"astronomical": "0.450492848", "lunar": "175.2417297363", "kilometers": "67392776", "miles": "41875928"}, "orbiting_body": "Earth"}, {"close_approach_date": "1984-05-27", "epoch_date_close_approach": 454489200000, "relative_velocity": {"kilometers_per_second": "10.5974979992", "kilometers_per_hour": "38150.9927970545", "miles_per_hour": "23705.5432743698"}, "miss_distance": {"astronomical": "0.050310345", "lunar": "19.5707244873", "kilometers": "7526320.5", "miles": "4676638.5"}, "orbiting_body": "Mars"}, {"close_approach_date": "1988-11-22", "epoch_date_close_approach": 596188800000, "relative_velocity": {"kilometers_per_second": "13.0605499145", "kilometers_per_hour": "47017.9796921892", "miles_per_hour": "29215.1441037383"}, "miss_distance": {"astronomical": "0.1507676977", "lunar": "58.6486358643", "kilometers": "22554526", "miles": "14014733"}, "orbiting_body": "Earth"}, {"close_approach_date": "1989-04-18", "epoch_date_close_approach": 608886000000, "relative_velocity": {"kilometers_per_second": "7.6924421064", "kilometers_per_hour": "27692.791582937", "miles_per_hour": "17207.2237477422"}, "miss_distance": {"astronomical": "0.4104203901", "lunar": "159.6535339355", "kilometers": "61398016", "miles": "38150960"}, "orbiting_body": "Earth"}, {"close_approach_date": "1993-11-26", "epoch_date_close_approach": 754300800000, "relative_velocity": {"kilometers_per_second": "11.5728175568", "kilometers_per_hour": "41662.1432046373", "miles_per_hour": "25887.2355929037"}, "miss_distance": {"astronomical": "0.0905540024", "lunar": "35.2255058289", "kilometers": "13546686", "miles": "8417520"}, "orbiting_body": "Earth"}, {"close_approach_date": "1994-04-13", "epoch_date_close_approach": 766220400000, "relative_velocity": {"kilometers_per_second": "7.1591748639", "kilometers_per_hour": "25773.0295101633", "miles_per_hour": "16014.3582531345"}, "miss_distance": {"astronomical": "0.3776682573", "lunar": "146.9129486084", "kilometers": "56498368", "miles": "35106460"}, "orbiting_body": "Earth"}, {"close_approach_date": "1998-11-29", "epoch_date_close_approach": 912326400000, "relative_velocity": {"kilometers_per_second": "10.797044722", "kilometers_per_hour": "38869.3609993069", "miles_per_hour": "24151.9093387082"}, "miss_distance": {"astronomical": "0.0598825857", "lunar": "23.2943248749", "kilometers": "8958307", "miles": "5566434"}, "orbiting_body": "Earth"}, {"close_approach_date": "1999-04-10", "epoch_date_close_approach": 923727600000, "relative_velocity": {"kilometers_per_second": "6.8179912544", "kilometers_per_hour": "24544.7685156799", "miles_per_hour": "15251.1646368679"}, "miss_distance": {"astronomical": "0.359034605", "lunar": "139.6644592285", "kilometers": "53710812", "miles": "33374352"}, "orbiting_body": "Earth"}, {"close_approach_date": "2003-11-28", "epoch_date_close_approach": 1070006400000, "relative_velocity": {"kilometers_per_second": "10.9490579477", "kilometers_per_hour": "39416.6086117571", "miles_per_hour": "24491.9477232332"}, "miss_distance": {"astronomical": "0.065531226", "lunar": "25.491645813", "kilometers": "9803332", "miles": "6091508"}, "orbiting_body": "Earth"}, {"close_approach_date": "2004-04-10", "epoch_date_close_approach": 1081580400000, "relative_velocity": {"kilometers_per_second": "6.9103270759", "kilometers_per_hour": "24877.17747334", "miles_per_hour": "15457.7106361429"}, "miss_distance": {"astronomical": "0.3627241371", "lunar": "141.0996856689", "kilometers": "54262756", "miles": "33717316"}, "orbiting_body": "Earth"}, {"close_approach_date": "2008-11-25", "epoch_date_close_approach": 1227600000000, "relative_velocity": {"kilometers_per_second": "11.9504785354", "kilometers_per_hour": "43021.7227273489", "miles_per_hour": "26732.0254357797"}, "miss_distance": {"astronomical": "0.1052625225", "lunar": "40.9471206665", "kilometers": "15747050", "miles": "9784763"}, "orbiting_body": "Earth"}, {"close_approach_date": "2009-04-15", "epoch_date_close_approach": 1239778800000, "relative_velocity": {"kilometers_per_second": "7.3508042692", "kilometers_per_hour": "26462.8953692657", "miles_per_hour": "16443.014069864"}, "miss_distance": {"astronomical": "0.3857475486", "lunar": "150.0558013916", "kilometers": "57707012", "miles": "35857476"}, "orbiting_body": "Earth"}, {"close_approach_date": "2013-11-21", "epoch_date_close_approach": 1385020800000, "relative_velocity": {"kilometers_per_second": "13.6157684601", "kilometers_per_hour": "49016.7664562081", "miles_per_hour": "30457.1124683033"}, "miss_distance": {"astronomical": "0.1723755428", "lunar": "67.0540847778", "kilometers": "25787014", "miles": "16023308"}, "orbiting_body": "Earth"}, {"close_approach_date": "2014-04-21", "epoch_date_close_approach": 1398063600000, "relative_velocity": {"kilometers_per_second": "7.9320386182", "kilometers_per_hour": "28555.3390256217", "miles_per_hour": "17743.1771851148"}, "miss_distance": {"astronomical": "0.420571611", "lunar": "163.602355957", "kilometers": "62916620", "miles": "39094576"}, "orbiting_body": "Earth"}, {"close_approach_date": "2018-11-17", "epoch_date_close_approach": 1542441600000, "relative_velocity": {"kilometers_per_second": "15.7864915402", "kilometers_per_hour": "56831.369544661", "miles_per_hour": "35312.8029262367"}, "miss_distance": {"astronomical": "0.2572716479", "lunar": "100.0786743164", "kilometers": "38487292", "miles": "23914894"}, "orbiting_body": "Earth"}, {"close_approach_date": "2019-04-28", "epoch_date_close_approach": 1556434800000, "relative_velocity": {"kilometers_per_second": "8.5470916038", "kilometers_per_hour": "30769.5297737627", "miles_per_hour": "19118.9892085916"}, "miss_distance": {"astronomical": "0.4623007483", "lunar": "179.8349914551", "kilometers": "69159208", "miles": "42973540"}, "orbiting_body": "Earth"}, {"close_approach_date": "2023-11-12", "epoch_date_close_approach": 1699776000000, "relative_velocity": {"kilometers_per_second": "18.2201507895", "kilometers_per_hour": "65592.5428420268", "miles_per_hour": "40756.655300925"}, "miss_distance": {"astronomical": "0.3481029232", "lunar": "135.4120330811", "kilometers": "52075456", "miles": "32358188"}, "orbiting_body": "Earth"}, {"close_approach_date": "2028-11-07", "epoch_date_close_approach": 1857196800000, "relative_velocity": {"kilometers_per_second": "20.8530280551", "kilometers_per_hour": "75070.9009982138", "miles_per_hour": "46646.1384563624"}, "miss_distance": {"astronomical": "0.4439669993", "lunar": "172.7031555176", "kilometers": "66416516", "miles": "41269308"}, "orbiting_body": "Earth"}, {"close_approach_date": "2077-04-01", "epoch_date_close_approach": 3384486000000, "relative_velocity": {"kilometers_per_second": "19.4260356648", "kilometers_per_hour": "69933.728393428", "miles_per_hour": "43454.0991786831"}, "miss_distance": {"astronomical": "0.4848863803", "lunar": "188.620803833", "kilometers": "72537968", "miles": "45073004"}, "orbiting_body": "Earth"}, {"close_approach_date": "2082-03-27", "epoch_date_close_approach": 3541820400000, "relative_velocity": {"kilometers_per_second": "16.5808455851", "kilometers_per_hour": "59691.0441064097", "miles_per_hour": "37089.6934893411"}, "miss_distance": {"astronomical": "0.4033426205", "lunar": "156.9002838135", "kilometers": "60339200", "miles": "37493040"}, "orbiting_body": "Earth"}, {"close_approach_date": "2086-10-30", "epoch_date_close_approach": 3686799600000, "relative_velocity": {"kilometers_per_second": "6.6558302007", "kilometers_per_hour": "23960.9887225398", "miles_per_hour": "14888.4265759581"}, "miss_distance": {"astronomical": "0.4782463474", "lunar": "186.0378417969", "kilometers": "71544640", "miles": "44455776"}, "orbiting_body": "Earth"}, {"close_approach_date": "2087-03-23", "epoch_date_close_approach": 3699241200000, "relative_velocity": {"kilometers_per_second": "13.8130881575", "kilometers_per_hour": "49727.1173670842", "miles_per_hour": "30898.4968995641"}, "miss_distance": {"astronomical": "0.3320596069", "lunar": "129.1711883545", "kilometers": "49675408", "miles": "30866868"}, "orbiting_body": "Earth"}, {"close_approach_date": "2092-03-17", "epoch_date_close_approach": 3856575600000, "relative_velocity": {"kilometers_per_second": "11.2605437348", "kilometers_per_hour": "40537.9574451058", "miles_per_hour": "25188.7102802659"}, "miss_distance": {"astronomical": "0.2790008862", "lunar": "108.5313415527", "kilometers": "41737936", "miles": "25934752"}, "orbiting_body": "Earth"}, {"close_approach_date": "2097-03-10", "epoch_date_close_approach": 4013740800000, "relative_velocity": {"kilometers_per_second": "8.7764759431", "kilometers_per_hour": "31595.313395062", "miles_per_hour": "19632.0990370595"}, "miss_distance": {"astronomical": "0.2479358433", "lunar": "96.4470443726", "kilometers": "37090676", "miles": "23047076"}, "orbiting_body": "Earth"}, {"close_approach_date": "2099-02-21", "epoch_date_close_approach": 4075344000000, "relative_velocity": {"kilometers_per_second": "11.4474422948", "kilometers_per_hour": "41210.7922611781", "miles_per_hour": "25606.7836691748"}, "miss_distance": {"astronomical": "0.0598615272", "lunar": "23.2861328125", "kilometers": "8955157", "miles": "5564476.5"}, "orbiting_body": "Mars"}, {"close_approach_date": "2102-01-16", "epoch_date_close_approach": 4166841600000, "relative_velocity": {"kilometers_per_second": "8.0887686665", "kilometers_per_hour": "29119.5671993542", "miles_per_hour": "18093.7666300654"}, "miss_distance": {"astronomical": "0.2225151016", "lunar": "86.558380127", "kilometers": "33287786", "miles": "20684072"}, "orbiting_body": "Earth"}, {"close_approach_date": "2106-12-26", "epoch_date_close_approach": 4322793600000, "relative_velocity": {"kilometers_per_second": "7.9492385141", "kilometers_per_hour": "28617.2586507045", "miles_per_hour": "17781.6516321558"}, "miss_distance": {"astronomical": "0.17964601", "lunar": "69.8823013306", "kilometers": "26874662", "miles": "16699140"}, "orbiting_body": "Earth"}, {"close_approach_date": "2111-12-18", "epoch_date_close_approach": 4479868800000, "relative_velocity": {"kilometers_per_second": "8.0238538117", "kilometers_per_hour": "28885.8737222773", "miles_per_hour": "17948.5585914895"}, "miss_distance": {"astronomical": "0.1412998142", "lunar": "54.9656257629", "kilometers": "21138152", "miles": "13134638"}, "orbiting_body": "Earth"}, {"close_approach_date": "2116-12-13", "epoch_date_close_approach": 4637289600000, "relative_velocity": {"kilometers_per_second": "8.2186958695", "kilometers_per_hour": "29587.3051303221", "miles_per_hour": "18384.4007905604"}, "miss_distance": {"astronomical": "0.1153804538", "lunar": "44.8829956055", "kilometers": "17260670", "miles": "10725283"}, "orbiting_body": "Earth"}, {"close_approach_date": "2121-12-11", "epoch_date_close_approach": 4794883200000, "relative_velocity": {"kilometers_per_second": "8.3478100809", "kilometers_per_hour": "30052.1162914014", "miles_per_hour": "18673.2163700655"}, "miss_distance": {"astronomical": "0.1035421106", "lunar": "40.2778816223", "kilometers": "15489680", "miles": "9624841"}, "orbiting_body": "Earth"}, {"close_approach_date": "2126-12-12", "epoch_date_close_approach": 4952736000000, "relative_velocity": {"kilometers_per_second": "8.3121844653", "kilometers_per_hour": "29923.8640749284", "miles_per_hour": "18593.5254303354"}, "miss_distance": {"astronomical": "0.1069274878", "lunar": "41.5947914124", "kilometers": "15996124", "miles": "9939531"}, "orbiting_body": "Earth"}, {"close_approach_date": "2131-12-15", "epoch_date_close_approach": 5110761600000, "relative_velocity": {"kilometers_per_second": "8.1222184268", "kilometers_per_hour": "29239.9863364813", "miles_per_hour": "18168.5903989097"}, "miss_distance": {"astronomical": "0.1257825448", "lunar": "48.9294128418", "kilometers": "18816802", "miles": "11692219"}, "orbiting_body": "Earth"}, {"close_approach_date": "2136-12-20", "epoch_date_close_approach": 5269046400000, "relative_velocity": {"kilometers_per_second": "7.9368154244", "kilometers_per_hour": "28572.5355277525", "miles_per_hour": "17753.862422786"}, "miss_distance": {"astronomical": "0.1585608336", "lunar": "61.6801605225", "kilometers": "23720362", "miles": "14739150"}, "orbiting_body": "Earth"}, {"close_approach_date": "2142-01-03", "epoch_date_close_approach": 5428022400000, "relative_velocity": {"kilometers_per_second": "8.0043150746", "kilometers_per_hour": "28815.5342685141", "miles_per_hour": "17904.8523903442"}, "miss_distance": {"astronomical": "0.2005050959", "lunar": "77.9964828491", "kilometers": "29995136", "miles": "18638112"}, "orbiting_body": "Earth"}, {"close_approach_date": "2147-02-21", "epoch_date_close_approach": 5590022400000, "relative_velocity": {"kilometers_per_second": "7.4060940684", "kilometers_per_hour": "26661.9386461332", "miles_per_hour": "16566.6918215376"}, "miss_distance": {"astronomical": "0.2390770372", "lunar": "93.0009689331", "kilometers": "35765416", "miles": "22223598"}, "orbiting_body": "Earth"}, {"close_approach_date": "2152-03-15", "epoch_date_close_approach": 5749772400000, "relative_velocity": {"kilometers_per_second": "9.8998051278", "kilometers_per_hour": "35639.2984601253", "miles_per_hour": "22144.8740904039"}, "miss_distance": {"astronomical": "0.2577255852", "lunar": "100.2552566528", "kilometers": "38555200", "miles": "23957092"}, "orbiting_body": "Earth"}, {"close_approach_date": "2157-03-21", "epoch_date_close_approach": 5908057200000, "relative_velocity": {"kilometers_per_second": "12.3039309226", "kilometers_per_hour": "44294.151321419", "miles_per_hour": "27522.6630808006"}, "miss_distance": {"astronomical": "0.2969111169", "lunar": "115.4984283447", "kilometers": "44417272", "miles": "27599614"}, "orbiting_body": "Earth"}, {"close_approach_date": "2162-03-26", "epoch_date_close_approach": 6066255600000, "relative_velocity": {"kilometers_per_second": "14.8694942618", "kilometers_per_hour": "53530.1793423144", "miles_per_hour": "33261.5717141175"}, "miss_distance": {"astronomical": "0.3555395349", "lunar": "138.3048706055", "kilometers": "53187956", "miles": "33049464"}, "orbiting_body": "Earth"}, {"close_approach_date": "2167-03-31", "epoch_date_close_approach": 6224454000000, "relative_velocity": {"kilometers_per_second": "17.5913647781", "kilometers_per_hour": "63328.9132010812", "miles_per_hour": "39350.1238720829"}, "miss_distance": {"astronomical": "0.4292098201", "lunar": "166.9626159668", "kilometers": "64208876", "miles": "39897548"}, "orbiting_body": "Earth"}], "orbital_data": {"orbit_id": "138", "orbit_determination_date": "2017-04-06 09:28:37", "orbit_uncertainty": "0", "minimum_orbit_intersection": ".0371195", "jupiter_tisserand_invariant": "4.660", "epoch_osculation": "2455670.5", "eccentricity": ".3291068038481656", "semi_major_axis": "1.40368306001145", "inclination": "13.58936740086063", "ascending_node_longitude": "64.69324536867637", "orbital_period": "607.4380812320602", "perihelion_distance": ".9417214145152691", "perihelion_argument": "50.04301234482033", "aphelion_distance": "1.865644705507632", "perihelion_time": "2455441.987843836562", "mean_anomaly": "135.4284144516947", "mean_motion": ".5926529980962271", "equinox": "J2000"}}