{"links": {"self": "https://api.nasa.gov/neo/rest/v1/neo/2101955?api_key=stjNMXvPIBN6FqEBpH6hQbWAtFDv0RARRez0p7z1"}, "neo_reference_id": "2101955", "name": "101955 Bennu (1999 RQ36)", "nasa_jpl_url": "http://ssd.jpl.nasa.gov/sbdb.cgi?sstr=2101955", "absolute_magnitude_h": 20.19, "estimated_diameter": {"kilometers": {"estimated_diameter_min": 0.2435314063, "estimated_diameter_max": 0.5445527791}, "meters": {"estimated_diameter_min": 243.5314062744, "estimated_diameter_max": 544.5527790857}, "miles": {"estimated_diameter_min": 0.1513233534, "estimated_diameter_max": 0.3383693049}, "feet": {"estimated_diameter_min": 798.9875789614, "estimated_diameter_max": 1786.5905397357}}, "is_potentially_hazardous_asteroid": true, "close_approach_data": [{"close_approach_date": "1900-06-15", "epoch_date_close_approach": -2194704000000, "relative_velocity": {"kilometers_per_second": "6.486139834", "kilometers_per_hour": "23350.1034023975", "miles_per_hour": "14508.8461946731"}, "miss_distance": {"astronomical": "0.3650250063", "lunar": "141.9947357178", "kilometers": "54606964", "miles": "33931196"}, "orbiting_body": "Earth"}, {"close_approach_date": "1901-02-17", "epoch_date_close_approach": -2173363200000, "relative_velocity": {"kilometers_per_second": "14.364661515", "kilometers_per_hour": "51712.7814539654", "miles_per_hour": "32132.311342882"}, "miss_distance": {"astronomical": "0.3087284505", "lunar": "120.0953674316", "kilometers": "46185120", "miles": "28698104"}, "orbiting_body": "Earth"}, {"close_approach_date": "1905-08-31", "epoch_date_close_approach": -2030284800000, "relative_velocity": {"kilometers_per_second": "15.8648386184", "kilometers_per_hour": "57113.4190264081", "miles_per_hour": "35488.0575056034"}, "miss_distance": {"astronomical": "0.3541443308", "lunar": "137.7621459961", "kilometers": "52979240", "miles": "32919772"}, "orbiting_body": "Earth"}, {"close_approach_date": "1906-05-10", "epoch_date_close_approach": -2008512000000, "relative_velocity": {"kilometers_per_second": "6.871402106", "kilometers_per_hour": "24737.0475815055", "miles_per_hour": "15370.6393708527"}, "miss_distance": {"astronomical": "0.3629310652", "lunar": "141.18019104", "kilometers": "54293716", "miles": "33736552"}, "orbiting_body": "Earth"}, {"close_approach_date": "1911-09-22", "epoch_date_close_approach": -1839081600000, "relative_velocity": {"kilometers_per_second": "6.3498885452", "kilometers_per_hour": "22859.5987628855", "miles_per_hour": "14204.0656868607"}, "miss_distance": {"astronomical": "0.0141779372", "lunar": "5.5152173042", "kilometers": "2120989.25", "miles": "1317921.625"}, "orbiting_body": "Earth"}, {"close_approach_date": "1912-04-02", "epoch_date_close_approach": -1822406400000, "relative_velocity": {"kilometers_per_second": "5.7791069493", "kilometers_per_hour": "20804.7850173888", "miles_per_hour": "12927.2843348325"}, "miss_distance": {"astronomical": "0.271633576", "lunar": "105.6654586792", "kilometers": "40635804", "miles": "25249918"}, "orbiting_body": "Earth"}, {"close_approach_date": "1917-10-03", "epoch_date_close_approach": -1648742400000, "relative_velocity": {"kilometers_per_second": "4.8435898466", "kilometers_per_hour": "17436.9234475906", "miles_per_hour": "10834.6261277543"}, "miss_distance": {"astronomical": "0.0529477023", "lunar": "20.5966567993", "kilometers": "7920864", "miles": "4921796.5"}, "orbiting_body": "Earth"}, {"close_approach_date": "1918-03-23", "epoch_date_close_approach": -1633968000000, "relative_velocity": {"kilometers_per_second": "5.3028855465", "kilometers_per_hour": "19090.38796724", "miles_per_hour": "11862.0246788664"}, "miss_distance": {"astronomical": "0.2396535767", "lunar": "93.2252426147", "kilometers": "35851664", "miles": "22277192"}, "orbiting_body": "Earth"}, {"close_approach_date": "1923-11-21", "epoch_date_close_approach": -1455206400000, "relative_velocity": {"kilometers_per_second": "4.6954066408", "kilometers_per_hour": "16903.4639069239", "miles_per_hour": "10503.1551148328"}, "miss_distance": {"astronomical": "0.1218310603", "lunar": "47.3922805786", "kilometers": "18225668", "miles": "11324905"}, "orbiting_body": "Earth"}, {"close_approach_date": "1924-03-01", "epoch_date_close_approach": -1446480000000, "relative_velocity": {"kilometers_per_second": "4.251201748", "kilometers_per_hour": "15304.3262927535", "miles_per_hour": "9509.5131900723"}, "miss_distance": {"astronomical": "0.1731103229", "lunar": "67.3399124146", "kilometers": "25896936", "miles": "16091610"}, "orbiting_body": "Earth"}, {"close_approach_date": "1929-07-31", "epoch_date_close_approach": -1275580800000, "relative_velocity": {"kilometers_per_second": "4.4882543133", "kilometers_per_hour": "16157.7155279413", "miles_per_hour": "10039.7760734588"}, "miss_distance": {"astronomical": "0.2688808747", "lunar": "104.5946578979", "kilometers": "40224008", "miles": "24994038"}, "orbiting_body": "Earth"}, {"close_approach_date": "1930-02-05", "epoch_date_close_approach": -1259251200000, "relative_velocity": {"kilometers_per_second": "4.6460400285", "kilometers_per_hour": "16725.7441025071", "miles_per_hour": "10392.7269396939"}, "miss_distance": {"astronomical": "0.0892487483", "lunar": "34.7177619934", "kilometers": "13351423", "miles": "8296189.5"}, "orbiting_body": "Earth"}, {"close_approach_date": "1935-07-10", "epoch_date_close_approach": -1088092800000, "relative_velocity": {"kilometers_per_second": "5.4945924056", "kilometers_per_hour": "19780.5326603343", "miles_per_hour": "12290.8537521949"}, "miss_distance": {"astronomical": "0.3178865284", "lunar": "123.6578598022", "kilometers": "47555148", "miles": "29549400"}, "orbiting_body": "Earth"}, {"close_approach_date": "1936-02-10", "epoch_date_close_approach": -1069516800000, "relative_velocity": {"kilometers_per_second": "8.0832896397", "kilometers_per_hour": "29099.8427030021", "miles_per_hour": "18081.510595096"}, "miss_distance": {"astronomical": "0.1147454295", "lunar": "44.6359710693", "kilometers": "17165672", "miles": "10666254"}, "orbiting_body": "Earth"}, {"close_approach_date": "1941-06-20", "epoch_date_close_approach": -900432000000, "relative_velocity": {"kilometers_per_second": "6.2857903176", "kilometers_per_hour": "22628.8451432858", "miles_per_hour": "14060.6843613933"}, "miss_distance": {"astronomical": "0.3538337349", "lunar": "137.6413269043", "kilometers": "52932772", "miles": "32890900"}, "orbiting_body": "Earth"}, {"close_approach_date": "1942-02-16", "epoch_date_close_approach": -879613200000, "relative_velocity": {"kilometers_per_second": "12.6384652643", "kilometers_per_hour": "45498.4749514483", "miles_per_hour": "28270.982949693"}, "miss_distance": {"astronomical": "0.2520891425", "lunar": "98.0626754761", "kilometers": "37712000", "miles": "23433150"}, "orbiting_body": "Earth"}, {"close_approach_date": "1947-06-03", "epoch_date_close_approach": -712598400000, "relative_velocity": {"kilometers_per_second": "6.7028179674", "kilometers_per_hour": "24130.1446825345", "miles_per_hour": "14993.5335112115"}, "miss_distance": {"astronomical": "0.3688951578", "lunar": "143.500213623", "kilometers": "55185928", "miles": "34290948"}, "orbiting_body": "Earth"}, {"close_approach_date": "1948-02-24", "epoch_date_close_approach": -689616000000, "relative_velocity": {"kilometers_per_second": "17.4767713193", "kilometers_per_hour": "62916.3767495758", "miles_per_hour": "39093.7897642017"}, "miss_distance": {"astronomical": "0.4110064357", "lunar": "159.8815002441", "kilometers": "61485684", "miles": "38205432"}, "orbiting_body": "Earth"}, {"close_approach_date": "1952-08-29", "epoch_date_close_approach": -547232400000, "relative_velocity": {"kilometers_per_second": "16.9331427211", "kilometers_per_hour": "60959.3137960813", "miles_per_hour": "37877.746952904"}, "miss_distance": {"astronomical": "0.3918415202", "lunar": "152.426361084", "kilometers": "58618660", "miles": "36423948"}, "orbiting_body": "Earth"}, {"close_approach_date": "1953-05-16", "epoch_date_close_approach": -524768400000, "relative_velocity": {"kilometers_per_second": "6.8444462891", "kilometers_per_hour": "24640.0066408631", "miles_per_hour": "15310.3419041518"}, "miss_distance": {"astronomical": "0.3637634638", "lunar": "141.5039825439", "kilometers": "54418240", "miles": "33813924"}, "orbiting_body": "Earth"}, {"close_approach_date": "1958-09-07", "epoch_date_close_approach": -357152400000, "relative_velocity": {"kilometers_per_second": "12.3782363078", "kilometers_per_hour": "44561.6507082377", "miles_per_hour": "27688.8767970158"}, "miss_distance": {"astronomical": "0.2325595722", "lunar": "90.465675354", "kilometers": "34790416", "miles": "21617764"}, "orbiting_body": "Earth"}, {"close_approach_date": "1959-04-29", "epoch_date_close_approach": -336934800000, "relative_velocity": {"kilometers_per_second": "6.6416281703", "kilometers_per_hour": "23909.8614130206", "miles_per_hour": "14856.6580541072"}, "miss_distance": {"astronomical": "0.3392787279", "lunar": "131.9794311523", "kilometers": "50755376", "miles": "31537928"}, "orbiting_body": "Earth"}, {"close_approach_date": "1964-09-16", "epoch_date_close_approach": -166986000000, "relative_velocity": {"kilometers_per_second": "8.1752545483", "kilometers_per_hour": "29430.9163737347", "miles_per_hour": "18287.226899002"}, "miss_distance": {"astronomical": "0.0834912287", "lunar": "32.4780883789", "kilometers": "12490110", "miles": "7760994.5"}, "orbiting_body": "Earth"}, {"close_approach_date": "1965-04-12", "epoch_date_close_approach": -149011200000, "relative_velocity": {"kilometers_per_second": "6.1362443277", "kilometers_per_hour": "22090.4795798572", "miles_per_hour": "13726.1649367174"}, "miss_distance": {"astronomical": "0.2978253631", "lunar": "115.8540649414", "kilometers": "44554040", "miles": "27684598"}, "orbiting_body": "Earth"}, {"close_approach_date": "1970-09-27", "epoch_date_close_approach": 23266800000, "relative_velocity": {"kilometers_per_second": "5.4997716819", "kilometers_per_hour": "19799.1780547753", "miles_per_hour": "12302.4392752019"}, "miss_distance": {"astronomical": "0.0214030332", "lunar": "8.3257799149", "kilometers": "3201848.25", "miles": "1989536.25"}, "orbiting_body": "Earth"}, {"close_approach_date": "1971-03-27", "epoch_date_close_approach": 38908800000, "relative_velocity": {"kilometers_per_second": "5.5467009022", "kilometers_per_hour": "19968.1232477744", "miles_per_hour": "12407.4152480407"}, "miss_distance": {"astronomical": "0.2551514804", "lunar": "99.2539291382", "kilometers": "38170120", "miles": "23717812"}, "orbiting_body": "Earth"}, {"close_approach_date": "1976-08-04", "epoch_date_close_approach": 207990000000, "relative_velocity": {"kilometers_per_second": "4.2572516493", "kilometers_per_hour": "15326.1059376341", "miles_per_hour": "9523.0462144149"}, "miss_distance": {"astronomical": "0.2595839598", "lunar": "100.9781570435", "kilometers": "38833208", "miles": "24129836"}, "orbiting_body": "Earth"}, {"close_approach_date": "1977-02-04", "epoch_date_close_approach": 223891200000, "relative_velocity": {"kilometers_per_second": "4.2475295374", "kilometers_per_hour": "15291.1063344892", "miles_per_hour": "9501.2988221163"}, "miss_distance": {"astronomical": "0.0979318007", "lunar": "38.0954704285", "kilometers": "14650389", "miles": "9103330"}, "orbiting_body": "Earth"}, {"close_approach_date": "1982-06-27", "epoch_date_close_approach": 394009200000, "relative_velocity": {"kilometers_per_second": "6.0912498283", "kilometers_per_hour": "21928.4993819098", "miles_per_hour": "13625.5167409428"}, "miss_distance": {"astronomical": "0.3467725629", "lunar": "134.8945159912", "kilometers": "51876436", "miles": "32234522"}, "orbiting_body": "Earth"}, {"close_approach_date": "1983-02-14", "epoch_date_close_approach": 414057600000, "relative_velocity": {"kilometers_per_second": "11.3287427234", "kilometers_per_hour": "40783.4738043113", "miles_per_hour": "25341.2645980178"}, "miss_distance": {"astronomical": "0.2105756251", "lunar": "81.9139175415", "kilometers": "31501666", "miles": "19574228"}, "orbiting_body": "Earth"}, {"close_approach_date": "1988-05-28", "epoch_date_close_approach": 580806000000, "relative_velocity": {"kilometers_per_second": "6.8021656601", "kilometers_per_hour": "24487.7963763861", "miles_per_hour": "15215.7643650939"}, "miss_distance": {"astronomical": "0.3723937598", "lunar": "144.8611755371", "kilometers": "55709312", "miles": "34616164"}, "orbiting_body": "Earth"}, {"close_approach_date": "1989-02-25", "epoch_date_close_approach": 604396800000, "relative_velocity": {"kilometers_per_second": "19.0566294825", "kilometers_per_hour": "68603.8661368218", "miles_per_hour": "42627.7744892935"}, "miss_distance": {"astronomical": "0.4636802673", "lunar": "180.3716278076", "kilometers": "69365584", "miles": "43101772"}, "orbiting_body": "Earth"}, {"close_approach_date": "1993-09-05", "epoch_date_close_approach": 747212400000, "relative_velocity": {"kilometers_per_second": "13.2958679374", "kilometers_per_hour": "47865.1245747653", "miles_per_hour": "29741.5269892479"}, "miss_distance": {"astronomical": "0.2648859696", "lunar": "103.0406417847", "kilometers": "39626376", "miles": "24622688"}, "orbiting_body": "Earth"}, {"close_approach_date": "1994-05-01", "epoch_date_close_approach": 767775600000, "relative_velocity": {"kilometers_per_second": "6.7215278125", "kilometers_per_hour": "24197.5001251441", "miles_per_hour": "15035.3855638708"}, "miss_distance": {"astronomical": "0.3467869831", "lunar": "134.9001312256", "kilometers": "51878592", "miles": "32235864"}, "orbiting_body": "Earth"}, {"close_approach_date": "1999-09-22", "epoch_date_close_approach": 937983600000, "relative_velocity": {"kilometers_per_second": "6.36875506", "kilometers_per_hour": "22927.5182161232", "miles_per_hour": "14246.2681937905"}, "miss_distance": {"astronomical": "0.0146863907", "lunar": "5.7130060196", "kilometers": "2197052.75", "miles": "1365185.375"}, "orbiting_body": "Earth"}, {"close_approach_date": "2000-04-04", "epoch_date_close_approach": 954831600000, "relative_velocity": {"kilometers_per_second": "5.8031691489", "kilometers_per_hour": "20891.4089361137", "miles_per_hour": "12981.1090692202"}, "miss_distance": {"astronomical": "0.2714227969", "lunar": "105.5834732056", "kilometers": "40604272", "miles": "25230326"}, "orbiting_body": "Earth"}, {"close_approach_date": "2005-09-20", "epoch_date_close_approach": 1127199600000, "relative_velocity": {"kilometers_per_second": "6.8439062096", "kilometers_per_hour": "24638.062354596", "miles_per_hour": "15309.1338002766"}, "miss_distance": {"astronomical": "0.0331303992", "lunar": "12.8877258301", "kilometers": "4956237.5", "miles": "3079663"}, "orbiting_body": "Earth"}, {"close_approach_date": "2006-04-08", "epoch_date_close_approach": 1144479600000, "relative_velocity": {"kilometers_per_second": "5.8941390163", "kilometers_per_hour": "21218.9004588046", "miles_per_hour": "13184.5995656389"}, "miss_distance": {"astronomical": "0.2791466022", "lunar": "108.5880355835", "kilometers": "41759740", "miles": "25948298"}, "orbiting_body": "Earth"}, {"close_approach_date": "2011-09-11", "epoch_date_close_approach": 1315724400000, "relative_velocity": {"kilometers_per_second": "10.7666343601", "kilometers_per_hour": "38759.8836963049", "miles_per_hour": "24083.8844000735"}, "miss_distance": {"astronomical": "0.1765931306", "lunar": "68.6947250366", "kilometers": "26417956", "miles": "16415357"}, "orbiting_body": "Earth"}, {"close_approach_date": "2012-04-26", "epoch_date_close_approach": 1335423600000, "relative_velocity": {"kilometers_per_second": "6.4581149677", "kilometers_per_hour": "23249.2138838451", "miles_per_hour": "14446.1573713259"}, "miss_distance": {"astronomical": "0.3237084621", "lunar": "125.9225997925", "kilometers": "48426100", "miles": "30090582"}, "orbiting_body": "Earth"}, {"close_approach_date": "2017-09-01", "epoch_date_close_approach": 1504249200000, "relative_velocity": {"kilometers_per_second": "15.316065398", "kilometers_per_hour": "55137.8354329307", "miles_per_hour": "34260.5066888674"}, "miss_distance": {"astronomical": "0.3360725881", "lunar": "130.7322387695", "kilometers": "50275744", "miles": "31239900"}, "orbiting_body": "Earth"}, {"close_approach_date": "2018-05-15", "epoch_date_close_approach": 1526367600000, "relative_velocity": {"kilometers_per_second": "6.7073477197", "kilometers_per_hour": "24146.4517908543", "miles_per_hour": "15003.6661141561"}, "miss_distance": {"astronomical": "0.3518823109", "lunar": "136.8822174072", "kilometers": "52640844", "miles": "32709504"}, "orbiting_body": "Earth"}, {"close_approach_date": "2023-08-25", "epoch_date_close_approach": 1692946800000, "relative_velocity": {"kilometers_per_second": "19.9688589326", "kilometers_per_hour": "71887.8921574676", "miles_per_hour": "44668.3405463998"}, "miss_distance": {"astronomical": "0.4967705894", "lunar": "193.2437591553", "kilometers": "74315824", "miles": "46177712"}, "orbiting_body": "Earth"}, {"close_approach_date": "2024-06-02", "epoch_date_close_approach": 1717311600000, "relative_velocity": {"kilometers_per_second": "6.6153186597", "kilometers_per_hour": "23815.1471748968", "miles_per_hour": "14797.8063098685"}, "miss_distance": {"astronomical": "0.3598115777", "lunar": "139.9667053223", "kilometers": "53827044", "miles": "33446576"}, "orbiting_body": "Earth"}, {"close_approach_date": "2025-02-25", "epoch_date_close_approach": 1740470400000, "relative_velocity": {"kilometers_per_second": "16.8962977774", "kilometers_per_hour": "60826.6719985633", "miles_per_hour": "37795.3284982184"}, "miss_distance": {"astronomical": "0.3915463073", "lunar": "152.3115081787", "kilometers": "58574496", "miles": "36396504"}, "orbiting_body": "Earth"}, {"close_approach_date": "2030-06-21", "epoch_date_close_approach": 1908255600000, "relative_velocity": {"kilometers_per_second": "6.177850455", "kilometers_per_hour": "22240.2616379339", "miles_per_hour": "13819.2336827484"}, "miss_distance": {"astronomical": "0.3459048002", "lunar": "134.5569610596", "kilometers": "51746620", "miles": "32153860"}, "orbiting_body": "Earth"}, {"close_approach_date": "2031-02-18", "epoch_date_close_approach": 1929168000000, "relative_velocity": {"kilometers_per_second": "12.0181188457", "kilometers_per_hour": "43265.2278445236", "miles_per_hour": "26883.3300459486"}, "miss_distance": {"astronomical": "0.2314940868", "lunar": "90.0512008667", "kilometers": "34631024", "miles": "21518720"}, "orbiting_body": "Earth"}, {"close_approach_date": "2036-07-12", "epoch_date_close_approach": 2099458800000, "relative_velocity": {"kilometers_per_second": "5.3968822868", "kilometers_per_hour": "19428.7762324646", "miles_per_hour": "12072.2859873334"}, "miss_distance": {"astronomical": "0.3104075336", "lunar": "120.7485275269", "kilometers": "46436304", "miles": "28854182"}, "orbiting_body": "Earth"}, {"close_approach_date": "2037-02-11", "epoch_date_close_approach": 2117952000000, "relative_velocity": {"kilometers_per_second": "7.5344261512", "kilometers_per_hour": "27123.9341443187", "miles_per_hour": "16853.7578576185"}, "miss_distance": {"astronomical": "0.0987133902", "lunar": "38.3995094299", "kilometers": "14767313", "miles": "9175983"}, "orbiting_body": "Earth"}, {"close_approach_date": "2042-08-03", "epoch_date_close_approach": 2290662000000, "relative_velocity": {"kilometers_per_second": "4.3651473587", "kilometers_per_hour": "15714.5304912039", "miles_per_hour": "9764.3981266039"}, "miss_distance": {"astronomical": "0.2600806771", "lunar": "101.1713790894", "kilometers": "38907516", "miles": "24176008"}, "orbiting_body": "Earth"}, {"close_approach_date": "2043-02-09", "epoch_date_close_approach": 2307081600000, "relative_velocity": {"kilometers_per_second": "4.3007055787", "kilometers_per_hour": "15482.5400831922", "miles_per_hour": "9620.2483089146"}, "miss_distance": {"astronomical": "0.0966266813", "lunar": "37.5877799988", "kilometers": "14455146", "miles": "8982011"}, "orbiting_body": "Earth"}, {"close_approach_date": "2048-11-14", "epoch_date_close_approach": 2488953600000, "relative_velocity": {"kilometers_per_second": "4.660737717", "kilometers_per_hour": "16778.6557811475", "miles_per_hour": "10425.6041991247"}, "miss_distance": {"astronomical": "0.1204475289", "lunar": "46.8540878296", "kilometers": "18018694", "miles": "11196298"}, "orbiting_body": "Earth"}, {"close_approach_date": "2049-03-07", "epoch_date_close_approach": 2498716800000, "relative_velocity": {"kilometers_per_second": "4.4741619068", "kilometers_per_hour": "16106.9828646136", "miles_per_hour": "10008.252769404"}, "miss_distance": {"astronomical": "0.182962693", "lunar": "71.1724853516", "kilometers": "27370828", "miles": "17007444"}, "orbiting_body": "Earth"}, {"close_approach_date": "2054-09-30", "epoch_date_close_approach": 2674364400000, "relative_velocity": {"kilometers_per_second": "5.091796677", "kilometers_per_hour": "18330.4680371796", "miles_per_hour": "11389.8399867686"}, "miss_distance": {"astronomical": "0.0392992863", "lunar": "15.2874221802", "kilometers": "5879089.5", "miles": "3653097"}, "orbiting_body": "Earth"}, {"close_approach_date": "2055-03-28", "epoch_date_close_approach": 2689830000000, "relative_velocity": {"kilometers_per_second": "5.4517747469", "kilometers_per_hour": "19626.3890889638", "miles_per_hour": "12195.0749314175"}, "miss_distance": {"astronomical": "0.2472239293", "lunar": "96.1701049805", "kilometers": "36984172", "miles": "22980900"}, "orbiting_body": "Earth"}, {"close_approach_date": "2060-09-23", "epoch_date_close_approach": 2863148400000, "relative_velocity": {"kilometers_per_second": "6.187291707", "kilometers_per_hour": "22274.2501453139", "miles_per_hour": "13840.3528194591"}, "miss_distance": {"astronomical": "0.0050081438", "lunar": "1.9481679201", "kilometers": "749207.6875", "miles": "465536.0625"}, "orbiting_body": "Earth"}, {"close_approach_date": "2060-09-23", "epoch_date_close_approach": 2863148400000, "relative_velocity": {"kilometers_per_second": "6.2317629004", "kilometers_per_hour": "22434.3464415885", "miles_per_hour": "13939.830431997"}, "miss_distance": {"astronomical": "0.0044183441", "lunar": "1.7187359333", "kilometers": "660974.875", "miles": "410710.75"}, "orbiting_body": "Moon"}, {"close_approach_date": "2061-04-12", "epoch_date_close_approach": 2880514800000, "relative_velocity": {"kilometers_per_second": "5.7567344942", "kilometers_per_hour": "20724.2441791354", "miles_per_hour": "12877.2393900856"}, "miss_distance": {"astronomical": "0.2677737745", "lunar": "104.1640014648", "kilometers": "40058388", "miles": "24891128"}, "orbiting_body": "Earth"}, {"close_approach_date": "2067-07-19", "epoch_date_close_approach": 3078284400000, "relative_velocity": {"kilometers_per_second": "5.0164705364", "kilometers_per_hour": "18059.2939308868", "miles_per_hour": "11221.342942778"}, "miss_distance": {"astronomical": "0.2857347689", "lunar": "111.1508255005", "kilometers": "42745312", "miles": "26560706"}, "orbiting_body": "Earth"}, {"close_approach_date": "2068-02-15", "epoch_date_close_approach": 3096518400000, "relative_velocity": {"kilometers_per_second": "5.7460459953", "kilometers_per_hour": "20685.7655831256", "miles_per_hour": "12853.3302869149"}, "miss_distance": {"astronomical": "0.0704712442", "lunar": "27.413312912", "kilometers": "10542348", "miles": "6550711"}, "orbiting_body": "Earth"}, {"close_approach_date": "2073-08-31", "epoch_date_close_approach": 3271388400000, "relative_velocity": {"kilometers_per_second": "16.692293172", "kilometers_per_hour": "60092.2554193109", "miles_per_hour": "37338.9905965157"}, "miss_distance": {"astronomical": "0.3844537288", "lunar": "149.5525054932", "kilometers": "57513460", "miles": "35737208"}, "orbiting_body": "Earth"}, {"close_approach_date": "2074-05-30", "epoch_date_close_approach": 3294889200000, "relative_velocity": {"kilometers_per_second": "6.4204548941", "kilometers_per_hour": "23113.6376185991", "miles_per_hour": "14361.9155525123"}, "miss_distance": {"astronomical": "0.3426520729", "lunar": "133.2916564941", "kilometers": "51260024", "miles": "31851502"}, "orbiting_body": "Earth"}, {"close_approach_date": "2075-03-01", "epoch_date_close_approach": 3318652800000, "relative_velocity": {"kilometers_per_second": "16.530213637", "kilometers_per_hour": "59508.7690931244", "miles_per_hour": "36976.4348845583"}, "miss_distance": {"astronomical": "0.3796989581", "lunar": "147.7028961182", "kilometers": "56802156", "miles": "35295224"}, "orbiting_body": "Earth"}, {"close_approach_date": "2080-09-22", "epoch_date_close_approach": 3494214000000, "relative_velocity": {"kilometers_per_second": "6.3884757488", "kilometers_per_hour": "22998.5126957669", "miles_per_hour": "14290.3814025447"}, "miss_distance": {"astronomical": "0.0154792192", "lunar": "6.0214161873", "kilometers": "2315658.25", "miles": "1438883.375"}, "orbiting_body": "Earth"}, {"close_approach_date": "2081-04-17", "epoch_date_close_approach": 3512098800000, "relative_velocity": {"kilometers_per_second": "5.7995741675", "kilometers_per_hour": "20878.4670031605", "miles_per_hour": "12973.0674553804"}, "miss_distance": {"astronomical": "0.2723639383", "lunar": "105.9495697021", "kilometers": "40745064", "miles": "25317810"}, "orbiting_body": "Earth"}, {"close_approach_date": "2087-10-01", "epoch_date_close_approach": 3715830000000, "relative_velocity": {"kilometers_per_second": "4.8348734254", "kilometers_per_hour": "17405.5443313725", "miles_per_hour": "10815.1283652353"}, "miss_distance": {"astronomical": "0.0517460899", "lunar": "20.1292285919", "kilometers": "7741105", "miles": "4810099.5"}, "orbiting_body": "Earth"}, {"close_approach_date": "2088-04-05", "epoch_date_close_approach": 3731986800000, "relative_velocity": {"kilometers_per_second": "5.4395268019", "kilometers_per_hour": "19582.2964867317", "miles_per_hour": "12167.6775031028"}, "miss_distance": {"astronomical": "0.2445094976", "lunar": "95.1141967773", "kilometers": "36578100", "miles": "22728578"}, "orbiting_body": "Earth"}, {"close_approach_date": "2094-11-25", "epoch_date_close_approach": 3941510400000, "relative_velocity": {"kilometers_per_second": "4.6153981426", "kilometers_per_hour": "16615.4333133756", "miles_per_hour": "10324.1841051916"}, "miss_distance": {"astronomical": "0.132584071", "lunar": "51.5752029419", "kilometers": "19834294", "miles": "12324459"}, "orbiting_body": "Earth"}, {"close_approach_date": "2095-03-13", "epoch_date_close_approach": 3950841600000, "relative_velocity": {"kilometers_per_second": "4.5027604633", "kilometers_per_hour": "16209.9376679458", "miles_per_hour": "10072.2248803967"}, "miss_distance": {"astronomical": "0.1743722966", "lunar": "67.8308258057", "kilometers": "26085726", "miles": "16208918"}, "orbiting_body": "Earth"}, {"close_approach_date": "2101-07-25", "epoch_date_close_approach": 4151718000000, "relative_velocity": {"kilometers_per_second": "4.7774187859", "kilometers_per_hour": "17198.7076293387", "miles_per_hour": "10686.608082241"}, "miss_distance": {"astronomical": "0.2708149358", "lunar": "105.3470077515", "kilometers": "40513336", "miles": "25173820"}, "orbiting_body": "Earth"}, {"close_approach_date": "2102-02-17", "epoch_date_close_approach": 4169606400000, "relative_velocity": {"kilometers_per_second": "4.8290305747", "kilometers_per_hour": "17384.5100687638", "miles_per_hour": "10802.0584924494"}, "miss_distance": {"astronomical": "0.0803430079", "lunar": "31.2534294128", "kilometers": "12019143", "miles": "7468349"}, "orbiting_body": "Earth"}, {"close_approach_date": "2108-07-04", "epoch_date_close_approach": 4370828400000, "relative_velocity": {"kilometers_per_second": "5.6033683269", "kilometers_per_hour": "20172.1259769832", "miles_per_hour": "12534.1746105316"}, "miss_distance": {"astronomical": "0.3121578626", "lunar": "121.4294128418", "kilometers": "46698152", "miles": "29016886"}, "orbiting_body": "Earth"}, {"close_approach_date": "2109-02-19", "epoch_date_close_approach": 4390704000000, "relative_velocity": {"kilometers_per_second": "8.2818590593", "kilometers_per_hour": "29814.6926135921", "miles_per_hour": "18525.6905298178"}, "miss_distance": {"astronomical": "0.1126331438", "lunar": "43.8142929077", "kilometers": "16849680", "miles": "10469905"}, "orbiting_body": "Earth"}, {"close_approach_date": "2114-08-28", "epoch_date_close_approach": 4564882800000, "relative_velocity": {"kilometers_per_second": "18.8717080629", "kilometers_per_hour": "67938.1490262748", "miles_per_hour": "42214.1237657983"}, "miss_distance": {"astronomical": "0.4598376582", "lunar": "178.8768463135", "kilometers": "68790736", "miles": "42744580"}, "orbiting_body": "Earth"}, {"close_approach_date": "2115-06-13", "epoch_date_close_approach": 4589852400000, "relative_velocity": {"kilometers_per_second": "6.1719829634", "kilometers_per_hour": "22219.1386682715", "miles_per_hour": "13806.108690849"}, "miss_distance": {"astronomical": "0.3359833184", "lunar": "130.6975097656", "kilometers": "50262388", "miles": "31231600"}, "orbiting_body": "Earth"}, {"close_approach_date": "2116-02-26", "epoch_date_close_approach": 4612147200000, "relative_velocity": {"kilometers_per_second": "13.0699407409", "kilometers_per_hour": "47051.7866671648", "miles_per_hour": "29236.1504432725"}, "miss_distance": {"astronomical": "0.2644563771", "lunar": "102.8735351562", "kilometers": "39562112", "miles": "24582758"}, "orbiting_body": "Earth"}, {"close_approach_date": "2121-09-06", "epoch_date_close_approach": 4786585200000, "relative_velocity": {"kilometers_per_second": "14.1366785519", "kilometers_per_hour": "50892.0427868566", "miles_per_hour": "31622.3362527554"}, "miss_distance": {"astronomical": "0.295778395", "lunar": "115.0577926636", "kilometers": "44247820", "miles": "27494320"}, "orbiting_body": "Earth"}, {"close_approach_date": "2122-05-23", "epoch_date_close_approach": 4808962800000, "relative_velocity": {"kilometers_per_second": "6.3611548221", "kilometers_per_hour": "22900.1573594034", "miles_per_hour": "14229.2672214582"}, "miss_distance": {"astronomical": "0.3338802511", "lunar": "129.87940979", "kilometers": "49947776", "miles": "31036108"}, "orbiting_body": "Earth"}, {"close_approach_date": "2123-03-06", "epoch_date_close_approach": 4833763200000, "relative_velocity": {"kilometers_per_second": "18.0413384594", "kilometers_per_hour": "64948.8184539602", "miles_per_hour": "40356.6699999066"}, "miss_distance": {"astronomical": "0.4294716459", "lunar": "167.0644683838", "kilometers": "64248044", "miles": "39921884"}, "orbiting_body": "Earth"}, {"close_approach_date": "2128-09-14", "epoch_date_close_approach": 5008201200000, "relative_velocity": {"kilometers_per_second": "9.5204380474", "kilometers_per_hour": "34273.5769705926", "miles_per_hour": "21296.2678681996"}, "miss_distance": {"astronomical": "0.1325942631", "lunar": "51.5791664124", "kilometers": "19835818", "miles": "12325406"}, "orbiting_body": "Earth"}, {"close_approach_date": "2129-05-03", "epoch_date_close_approach": 5028159600000, "relative_velocity": {"kilometers_per_second": "6.1716952196", "kilometers_per_hour": "22218.1027904836", "miles_per_hour": "13805.4650366758"}, "miss_distance": {"astronomical": "0.3071433886", "lunar": "119.4787750244", "kilometers": "45947996", "miles": "28550762"}, "orbiting_body": "Earth"}, {"close_approach_date": "2135-09-24", "epoch_date_close_approach": 5229903600000, "relative_velocity": {"kilometers_per_second": "5.5574396466", "kilometers_per_hour": "20006.7827275936", "miles_per_hour": "12431.4367453761"}, "miss_distance": {"astronomical": "0.0050596812", "lunar": "1.9682160616", "kilometers": "756917.5625", "miles": "470326.78125"}, "orbiting_body": "Moon"}, {"close_approach_date": "2135-09-25", "epoch_date_close_approach": 5229990000000, "relative_velocity": {"kilometers_per_second": "6.0644990923", "kilometers_per_hour": "21832.1967322225", "miles_per_hour": "13565.6780195301"}, "miss_distance": {"astronomical": "0.0030838309", "lunar": "1.1996102333", "kilometers": "461334.53125", "miles": "286660"}, "orbiting_body": "Earth"}], "orbital_data": {"orbit_id": "95", "orbit_determination_date": "2017-09-02 06:19:55", "orbit_uncertainty": "0", "minimum_orbit_intersection": ".0032228", "jupiter_tisserand_invariant": "5.525", "epoch_osculation": "2455562.5", "eccentricity": ".2037451095574896", "semi_major_axis": "1.126391026024589", "inclination": "6.034939391321328", "ascending_node_longitude": "2.060867570687039", "orbital_period": "436.6487281874828", "perihelion_distance": ".896894363022636", "perihelion_argument": "66.22306847249314", "aphelion_distance": "1.355887689026542", "perihelion_time": "2455439.141945873525", "mean_anomaly": "101.7039478618686", "mean_motion": ".8244613501895456", "equinox": "J2000"}}