{"links": {"self": "https://api.nasa.gov/neo/rest/v1/neo/2152770?api_key=stjNMXvPIBN6FqEBpH6hQbWAtFDv0RARRez0p7z1"}, "neo_reference_id": "2152770", "name": "152770 (1999 RR28)", "nasa_jpl_url": "http://ssd.jpl.nasa.gov/sbdb.cgi?sstr=2152770", "absolute_magnitude_h": 18.4, "estimated_diameter": {"kilometers": {"estimated_diameter_min": 0.5553349116, "estimated_diameter_max": 1.2417666126}, "meters": {"estimated_diameter_min": 555.334911581, "estimated_diameter_max": 1241.766612574}, "miles": {"estimated_diameter_min": 0.3450690093, "estimated_diameter_max": 0.7715977618}, "feet": {"estimated_diameter_min": 1821.9649913114, "estimated_diameter_max": 4074.0375731972}}, "is_potentially_hazardous_asteroid": true, "close_approach_data": [{"close_approach_date": "1904-10-15", "epoch_date_close_approach": -2057932800000, "relative_velocity": {"kilometers_per_second": "16.5522393576", "kilometers_per_hour": "59588.061687509", "miles_per_hour": "37025.7042191081"}, "miss_distance": {"astronomical": "0.0773697084", "lunar": "30.0968151093", "kilometers": "11574343", "miles": "7191963.5"}, "orbiting_body": "Earth"}, {"close_approach_date": "1910-02-02", "epoch_date_close_approach": -1890662400000, "relative_velocity": {"kilometers_per_second": "12.4558991141", "kilometers_per_hour": "44841.2368109332", "miles_per_hour": "27862.6007284379"}, "miss_distance": {"astronomical": "0.1132775642", "lunar": "44.0649719238", "kilometers": "16946082", "miles": "10529807"}, "orbiting_body": "Venus"}, {"close_approach_date": "1910-02-19", "epoch_date_close_approach": -1889193600000, "relative_velocity": {"kilometers_per_second": "13.5549183797", "kilometers_per_hour": "48797.7061667944", "miles_per_hour": "30320.9969234729"}, "miss_distance": {"astronomical": "0.2575733113", "lunar": "100.1960144043", "kilometers": "38532420", "miles": "23942934"}, "orbiting_body": "Earth"}, {"close_approach_date": "1922-10-11", "epoch_date_close_approach": -1490284800000, "relative_velocity": {"kilometers_per_second": "18.6794538219", "kilometers_per_hour": "67246.0337586863", "miles_per_hour": "41784.0702541126"}, "miss_distance": {"astronomical": "0.0367707041", "lunar": "14.3038043976", "kilometers": "5500819", "miles": "3418050.5"}, "orbiting_body": "Earth"}, {"close_approach_date": "1928-02-06", "epoch_date_close_approach": -1322323200000, "relative_velocity": {"kilometers_per_second": "14.9156164725", "kilometers_per_hour": "53696.2193011483", "miles_per_hour": "33364.7424874274"}, "miss_distance": {"astronomical": "0.2977337049", "lunar": "115.8184051514", "kilometers": "44540328", "miles": "27676076"}, "orbiting_body": "Earth"}, {"close_approach_date": "1930-05-21", "epoch_date_close_approach": -1250179200000, "relative_velocity": {"kilometers_per_second": "18.4641734524", "kilometers_per_hour": "66471.0244284611", "miles_per_hour": "41302.5095955624"}, "miss_distance": {"astronomical": "0.0740210879", "lunar": "28.7942028046", "kilometers": "11073397", "miles": "6880690"}, "orbiting_body": "Mars"}, {"close_approach_date": "1938-04-07", "epoch_date_close_approach": -1001520000000, "relative_velocity": {"kilometers_per_second": "15.7202686812", "kilometers_per_hour": "56592.967252217", "miles_per_hour": "35164.6690129123"}, "miss_distance": {"astronomical": "0.060794865", "lunar": "23.6492023468", "kilometers": "9094782", "miles": "5651235.5"}, "orbiting_body": "Venus"}, {"close_approach_date": "1940-10-04", "epoch_date_close_approach": -922809600000, "relative_velocity": {"kilometers_per_second": "21.8690022441", "kilometers_per_hour": "78728.4080788835", "miles_per_hour": "48918.771119904"}, "miss_distance": {"astronomical": "0.1181389472", "lunar": "45.9560508728", "kilometers": "17673336", "miles": "10981701"}, "orbiting_body": "Earth"}, {"close_approach_date": "1946-01-17", "epoch_date_close_approach": -755971200000, "relative_velocity": {"kilometers_per_second": "16.8260101541", "kilometers_per_hour": "60573.6365549137", "miles_per_hour": "37638.1021138018"}, "miss_distance": {"astronomical": "0.3379815154", "lunar": "131.4748077393", "kilometers": "50561316", "miles": "31417346"}, "orbiting_body": "Earth"}, {"close_approach_date": "1951-04-13", "epoch_date_close_approach": -590774400000, "relative_velocity": {"kilometers_per_second": "28.6614157798", "kilometers_per_hour": "103181.0968072998", "miles_per_hour": "64112.7209578469"}, "miss_distance": {"astronomical": "0.3443355036", "lunar": "133.9465026855", "kilometers": "51511856", "miles": "32007984"}, "orbiting_body": "Earth"}, {"close_approach_date": "1953-09-19", "epoch_date_close_approach": -513882000000, "relative_velocity": {"kilometers_per_second": "12.3405301238", "kilometers_per_hour": "44425.9084457585", "miles_per_hour": "27604.531833977"}, "miss_distance": {"astronomical": "0.1205973026", "lunar": "46.9123497009", "kilometers": "18041100", "miles": "11210220"}, "orbiting_body": "Venus"}, {"close_approach_date": "1958-09-25", "epoch_date_close_approach": -355597200000, "relative_velocity": {"kilometers_per_second": "27.3012223384", "kilometers_per_hour": "98284.4004180834", "miles_per_hour": "61070.1042486697"}, "miss_distance": {"astronomical": "0.3009569042", "lunar": "117.0722351074", "kilometers": "45022512", "miles": "27975692"}, "orbiting_body": "Earth"}, {"close_approach_date": "1963-12-25", "epoch_date_close_approach": -189964800000, "relative_velocity": {"kilometers_per_second": "17.1171911721", "kilometers_per_hour": "61621.8882193987", "miles_per_hour": "38289.4449327703"}, "miss_distance": {"astronomical": "0.3461102543", "lunar": "134.6368865967", "kilometers": "51777356", "miles": "32172958"}, "orbiting_body": "Earth"}, {"close_approach_date": "1969-03-09", "epoch_date_close_approach": -25718400000, "relative_velocity": {"kilometers_per_second": "16.0450372077", "kilometers_per_hour": "57762.1339477916", "miles_per_hour": "35891.1437299486"}, "miss_distance": {"astronomical": "0.091279308", "lunar": "35.507648468", "kilometers": "13655190", "miles": "8484942"}, "orbiting_body": "Venus"}, {"close_approach_date": "1969-04-04", "epoch_date_close_approach": -23472000000, "relative_velocity": {"kilometers_per_second": "23.3908503537", "kilometers_per_hour": "84207.0612732142", "miles_per_hour": "52322.9931561258"}, "miss_distance": {"astronomical": "0.1644551833", "lunar": "63.9730682373", "kilometers": "24602146", "miles": "15287065"}, "orbiting_body": "Earth"}, {"close_approach_date": "1976-09-17", "epoch_date_close_approach": 211791600000, "relative_velocity": {"kilometers_per_second": "31.8263626538", "kilometers_per_hour": "114574.9055538427", "miles_per_hour": "71192.3906203863"}, "miss_distance": {"astronomical": "0.4508366227", "lunar": "175.3754425049", "kilometers": "67444200", "miles": "41907884"}, "orbiting_body": "Earth"}, {"close_approach_date": "1981-12-06", "epoch_date_close_approach": 376473600000, "relative_velocity": {"kilometers_per_second": "15.5629613528", "kilometers_per_hour": "56026.6608702092", "miles_per_hour": "34812.7882501586"}, "miss_distance": {"astronomical": "0.3202502079", "lunar": "124.577331543", "kilometers": "47908752", "miles": "29769118"}, "orbiting_body": "Earth"}, {"close_approach_date": "1987-03-29", "epoch_date_close_approach": 544003200000, "relative_velocity": {"kilometers_per_second": "19.9500303666", "kilometers_per_hour": "71820.1093196992", "miles_per_hour": "44626.2229270097"}, "miss_distance": {"astronomical": "0.04988265", "lunar": "19.4043502808", "kilometers": "7462338.5", "miles": "4636882"}, "orbiting_body": "Earth"}, {"close_approach_date": "1997-05-20", "epoch_date_close_approach": 864111600000, "relative_velocity": {"kilometers_per_second": "12.3548097922", "kilometers_per_hour": "44477.3152520766", "miles_per_hour": "27636.4740242695"}, "miss_distance": {"astronomical": "0.1168188119", "lunar": "45.4425201416", "kilometers": "17475846", "miles": "10858987"}, "orbiting_body": "Venus"}, {"close_approach_date": "1999-12-03", "epoch_date_close_approach": 944208000000, "relative_velocity": {"kilometers_per_second": "15.144826608", "kilometers_per_hour": "54521.3757887708", "miles_per_hour": "33877.4626394171"}, "miss_distance": {"astronomical": "0.3131026743", "lunar": "121.7969360352", "kilometers": "46839492", "miles": "29104710"}, "orbiting_body": "Earth"}, {"close_approach_date": "2005-03-29", "epoch_date_close_approach": 1112083200000, "relative_velocity": {"kilometers_per_second": "20.19266496", "kilometers_per_hour": "72693.5938561127", "miles_per_hour": "45168.972249094"}, "miss_distance": {"astronomical": "0.0568135726", "lunar": "22.100479126", "kilometers": "8499189", "miles": "5281151.5"}, "orbiting_body": "Earth"}, {"close_approach_date": "2012-09-17", "epoch_date_close_approach": 1347865200000, "relative_velocity": {"kilometers_per_second": "32.1913668137", "kilometers_per_hour": "115888.9205293214", "miles_per_hour": "72008.8684255664"}, "miss_distance": {"astronomical": "0.4644470667", "lunar": "180.669921875", "kilometers": "69480296", "miles": "43173052"}, "orbiting_body": "Earth"}, {"close_approach_date": "2017-12-16", "epoch_date_close_approach": 1513411200000, "relative_velocity": {"kilometers_per_second": "16.4447551069", "kilometers_per_hour": "59201.1183848209", "miles_per_hour": "36785.2726986128"}, "miss_distance": {"astronomical": "0.3354374568", "lunar": "130.485168457", "kilometers": "50180728", "miles": "31180858"}, "orbiting_body": "Earth"}, {"close_approach_date": "2023-04-06", "epoch_date_close_approach": 1680764400000, "relative_velocity": {"kilometers_per_second": "24.1660226286", "kilometers_per_hour": "86997.6814628034", "miles_per_hour": "54056.976017818"}, "miss_distance": {"astronomical": "0.1919097878", "lunar": "74.6529083252", "kilometers": "28709296", "miles": "17839130"}, "orbiting_body": "Earth"}, {"close_approach_date": "2025-09-23", "epoch_date_close_approach": 1758610800000, "relative_velocity": {"kilometers_per_second": "12.2818682158", "kilometers_per_hour": "44214.7255769189", "miles_per_hour": "27473.3110119472"}, "miss_distance": {"astronomical": "0.1193680757", "lunar": "46.4341812134", "kilometers": "17857210", "miles": "11095956"}, "orbiting_body": "Venus"}, {"close_approach_date": "2030-09-25", "epoch_date_close_approach": 1916550000000, "relative_velocity": {"kilometers_per_second": "28.0533264122", "kilometers_per_hour": "100991.9750840564", "miles_per_hour": "62752.485851535"}, "miss_distance": {"astronomical": "0.3253038917", "lunar": "126.5432128906", "kilometers": "48664768", "miles": "30238886"}, "orbiting_body": "Earth"}, {"close_approach_date": "2036-01-07", "epoch_date_close_approach": 2083305600000, "relative_velocity": {"kilometers_per_second": "17.2712841874", "kilometers_per_hour": "62176.6230745885", "miles_per_hour": "38634.1355987631"}, "miss_distance": {"astronomical": "0.3464788476", "lunar": "134.7802734375", "kilometers": "51832500", "miles": "32207222"}, "orbiting_body": "Earth"}, {"close_approach_date": "2038-07-10", "epoch_date_close_approach": 2162358000000, "relative_velocity": {"kilometers_per_second": "20.9817003069", "kilometers_per_hour": "75534.1211046654", "miles_per_hour": "46933.9654163961"}, "miss_distance": {"astronomical": "0.1283676675", "lunar": "49.9350204468", "kilometers": "19203530", "miles": "11932520"}, "orbiting_body": "Venus"}, {"close_approach_date": "2041-04-14", "epoch_date_close_approach": 2249535600000, "relative_velocity": {"kilometers_per_second": "28.6429395674", "kilometers_per_hour": "103114.5824425352", "miles_per_hour": "64071.391518252"}, "miss_distance": {"astronomical": "0.3435914043", "lunar": "133.6570587158", "kilometers": "51400540", "miles": "31938816"}, "orbiting_body": "Earth"}, {"close_approach_date": "2048-10-01", "epoch_date_close_approach": 2485148400000, "relative_velocity": {"kilometers_per_second": "23.9864125523", "kilometers_per_hour": "86351.0851882998", "miles_per_hour": "53655.2062382522"}, "miss_distance": {"astronomical": "0.1908740833", "lunar": "74.2500152588", "kilometers": "28554356", "miles": "17742854"}, "orbiting_body": "Earth"}, {"close_approach_date": "2054-01-22", "epoch_date_close_approach": 2652681600000, "relative_velocity": {"kilometers_per_second": "16.497304303", "kilometers_per_hour": "59390.2954908302", "miles_per_hour": "36902.8199953995"}, "miss_distance": {"astronomical": "0.3296384039", "lunar": "128.2293395996", "kilometers": "49313200", "miles": "30641804"}, "orbiting_body": "Earth"}, {"close_approach_date": "2054-02-02", "epoch_date_close_approach": 2653632000000, "relative_velocity": {"kilometers_per_second": "17.4220004747", "kilometers_per_hour": "62719.2017088325", "miles_per_hour": "38971.2728618021"}, "miss_distance": {"astronomical": "0.097575031", "lunar": "37.9566879272", "kilometers": "14597017", "miles": "9070166"}, "orbiting_body": "Venus"}, {"close_approach_date": "2059-04-20", "epoch_date_close_approach": 2818047600000, "relative_velocity": {"kilometers_per_second": "32.1037308195", "kilometers_per_hour": "115573.4309502184", "miles_per_hour": "71812.835470151"}, "miss_distance": {"astronomical": "0.4585509285", "lunar": "178.3763122559", "kilometers": "68598240", "miles": "42624972"}, "orbiting_body": "Earth"}, {"close_approach_date": "2066-10-08", "epoch_date_close_approach": 3053746800000, "relative_velocity": {"kilometers_per_second": "20.7489748255", "kilometers_per_hour": "74696.309371651", "miles_per_hour": "46413.3817870683"}, "miss_distance": {"astronomical": "0.0872169543", "lunar": "33.9273948669", "kilometers": "13047470", "miles": "8107322"}, "orbiting_body": "Earth"}, {"close_approach_date": "2066-11-03", "epoch_date_close_approach": 3055993200000, "relative_velocity": {"kilometers_per_second": "15.9613751288", "kilometers_per_hour": "57460.9504636818", "miles_per_hour": "35704.0000256138"}, "miss_distance": {"astronomical": "0.0663340147", "lunar": "25.8039321899", "kilometers": "9923428", "miles": "6166132"}, "orbiting_body": "Venus"}, {"close_approach_date": "2072-02-06", "epoch_date_close_approach": 3221971200000, "relative_velocity": {"kilometers_per_second": "15.1326708153", "kilometers_per_hour": "54477.614935075", "miles_per_hour": "33850.2713467414"}, "miss_distance": {"astronomical": "0.2995153358", "lunar": "116.51146698", "kilometers": "44806856", "miles": "27841690"}, "orbiting_body": "Earth"}, {"close_approach_date": "2082-05-26", "epoch_date_close_approach": 3547004400000, "relative_velocity": {"kilometers_per_second": "19.6614558251", "kilometers_per_hour": "70781.2409702297", "miles_per_hour": "43980.7105350852"}, "miss_distance": {"astronomical": "0.1227900613", "lunar": "47.765335083", "kilometers": "18369132", "miles": "11414049"}, "orbiting_body": "Venus"}, {"close_approach_date": "2084-10-11", "epoch_date_close_approach": 3622086000000, "relative_velocity": {"kilometers_per_second": "19.1311418234", "kilometers_per_hour": "68872.1105642252", "miles_per_hour": "42794.4511447543"}, "miss_distance": {"astronomical": "0.0532911688", "lunar": "20.7302646637", "kilometers": "7972245.5", "miles": "4953723.5"}, "orbiting_body": "Earth"}, {"close_approach_date": "2090-02-11", "epoch_date_close_approach": 3790483200000, "relative_velocity": {"kilometers_per_second": "14.6037782096", "kilometers_per_hour": "52573.6015547148", "miles_per_hour": "32667.1914771504"}, "miss_distance": {"astronomical": "0.2859306473", "lunar": "111.2270202637", "kilometers": "42774616", "miles": "26578914"}, "orbiting_body": "Earth"}, {"close_approach_date": "2095-02-20", "epoch_date_close_approach": 3949027200000, "relative_velocity": {"kilometers_per_second": "16.5062474886", "kilometers_per_hour": "59422.4909590932", "miles_per_hour": "36922.8250073321"}, "miss_distance": {"astronomical": "0.0704452217", "lunar": "27.4031925201", "kilometers": "10538456", "miles": "6548293"}, "orbiting_body": "Venus"}, {"close_approach_date": "2102-10-11", "epoch_date_close_approach": 4189993200000, "relative_velocity": {"kilometers_per_second": "19.6930504857", "kilometers_per_hour": "70894.9817486078", "miles_per_hour": "44051.3846315169"}, "miss_distance": {"astronomical": "0.0631779982", "lunar": "24.5762405396", "kilometers": "9451294", "miles": "5872761.5"}, "orbiting_body": "Earth"}, {"close_approach_date": "2108-02-05", "epoch_date_close_approach": 4357872000000, "relative_velocity": {"kilometers_per_second": "15.3818336341", "kilometers_per_hour": "55374.6010828428", "miles_per_hour": "34407.6236561697"}, "miss_distance": {"astronomical": "0.3051122314", "lunar": "118.688659668", "kilometers": "45644144", "miles": "28361956"}, "orbiting_body": "Earth"}, {"close_approach_date": "2110-08-30", "epoch_date_close_approach": 4438825200000, "relative_velocity": {"kilometers_per_second": "12.9789242882", "kilometers_per_hour": "46724.1274375189", "miles_per_hour": "29032.5557402739"}, "miss_distance": {"astronomical": "0.0975432935", "lunar": "37.9443397522", "kilometers": "14592269", "miles": "9067215"}, "orbiting_body": "Venus"}, {"close_approach_date": "2113-04-22", "epoch_date_close_approach": 4522287600000, "relative_velocity": {"kilometers_per_second": "32.7092824602", "kilometers_per_hour": "117753.4168566354", "miles_per_hour": "73167.3939351688"}, "miss_distance": {"astronomical": "0.4814420734", "lunar": "187.280960083", "kilometers": "72022712", "miles": "44752836"}, "orbiting_body": "Earth"}, {"close_approach_date": "2120-10-05", "epoch_date_close_approach": 4757554800000, "relative_velocity": {"kilometers_per_second": "22.8864084203", "kilometers_per_hour": "82391.0703129673", "miles_per_hour": "51194.6069952991"}, "miss_distance": {"astronomical": "0.1559341613", "lunar": "60.6583862305", "kilometers": "23327418", "miles": "14494985"}, "orbiting_body": "Earth"}, {"close_approach_date": "2126-01-16", "epoch_date_close_approach": 4924224000000, "relative_velocity": {"kilometers_per_second": "17.0870835293", "kilometers_per_hour": "61513.5007054411", "miles_per_hour": "38222.097146667"}, "miss_distance": {"astronomical": "0.3415306033", "lunar": "132.8553924561", "kilometers": "51092248", "miles": "31747252"}, "orbiting_body": "Earth"}, {"close_approach_date": "2131-04-16", "epoch_date_close_approach": 5089762800000, "relative_velocity": {"kilometers_per_second": "28.741735015", "kilometers_per_hour": "103470.2460541444", "miles_per_hour": "64292.3870551432"}, "miss_distance": {"astronomical": "0.3484018693", "lunar": "135.5283355713", "kilometers": "52120180", "miles": "32385978"}, "orbiting_body": "Earth"}, {"close_approach_date": "2133-07-06", "epoch_date_close_approach": 5159919600000, "relative_velocity": {"kilometers_per_second": "20.1695840964", "kilometers_per_hour": "72610.5027469327", "miles_per_hour": "45117.3426651705"}, "miss_distance": {"astronomical": "0.0735062392", "lunar": "28.5939254761", "kilometers": "10996376", "miles": "6832831.5"}, "orbiting_body": "Mars"}, {"close_approach_date": "2138-09-29", "epoch_date_close_approach": 5325030000000, "relative_velocity": {"kilometers_per_second": "26.8564873609", "kilometers_per_hour": "96683.3544992065", "miles_per_hour": "60075.2765775764"}, "miss_distance": {"astronomical": "0.2863902961", "lunar": "111.4058303833", "kilometers": "42843380", "miles": "26621642"}, "orbiting_body": "Earth"}, {"close_approach_date": "2138-10-22", "epoch_date_close_approach": 5327017200000, "relative_velocity": {"kilometers_per_second": "19.2911521769", "kilometers_per_hour": "69448.1478367172", "miles_per_hour": "43152.3783044313"}, "miss_distance": {"astronomical": "0.1025603307", "lunar": "39.8959693909", "kilometers": "15342808", "miles": "9533579"}, "orbiting_body": "Venus"}, {"close_approach_date": "2143-12-30", "epoch_date_close_approach": 5490748800000, "relative_velocity": {"kilometers_per_second": "17.1496906234", "kilometers_per_hour": "61738.8862442494", "miles_per_hour": "38362.1429554893"}, "miss_distance": {"astronomical": "0.3457305636", "lunar": "134.4891967773", "kilometers": "51720556", "miles": "32137664"}, "orbiting_body": "Earth"}, {"close_approach_date": "2149-04-08", "epoch_date_close_approach": 5657151600000, "relative_velocity": {"kilometers_per_second": "24.0735585145", "kilometers_per_hour": "86664.8106523123", "miles_per_hour": "53850.1430411548"}, "miss_distance": {"astronomical": "0.1911840175", "lunar": "74.3705825806", "kilometers": "28600722", "miles": "17771664"}, "orbiting_body": "Earth"}, {"close_approach_date": "2154-04-01", "epoch_date_close_approach": 5814313200000, "relative_velocity": {"kilometers_per_second": "12.2833634712", "kilometers_per_hour": "44220.1084961548", "miles_per_hour": "27476.6557486246"}, "miss_distance": {"astronomical": "0.1108420973", "lunar": "43.1175727844", "kilometers": "16581741", "miles": "10303416"}, "orbiting_body": "Venus"}, {"close_approach_date": "2156-09-20", "epoch_date_close_approach": 5892332400000, "relative_velocity": {"kilometers_per_second": "31.8941446039", "kilometers_per_hour": "114818.9205738967", "miles_per_hour": "71344.0120643749"}, "miss_distance": {"astronomical": "0.4547107398", "lunar": "176.8824768066", "kilometers": "68023760", "miles": "42268004"}, "orbiting_body": "Earth"}, {"close_approach_date": "2161-12-04", "epoch_date_close_approach": 6056582400000, "relative_velocity": {"kilometers_per_second": "15.0565822401", "kilometers_per_hour": "54203.6960641814", "miles_per_hour": "33680.0688127687"}, "miss_distance": {"astronomical": "0.3124058981", "lunar": "121.5258865356", "kilometers": "46735256", "miles": "29039942"}, "orbiting_body": "Earth"}, {"close_approach_date": "2167-03-30", "epoch_date_close_approach": 6224367600000, "relative_velocity": {"kilometers_per_second": "19.3151260965", "kilometers_per_hour": "69534.4539474353", "miles_per_hour": "43206.0055652828"}, "miss_distance": {"astronomical": "0.0384225557", "lunar": "14.9463739395", "kilometers": "5747932.5", "miles": "3571599.5"}, "orbiting_body": "Earth"}, {"close_approach_date": "2169-09-29", "epoch_date_close_approach": 6303337200000, "relative_velocity": {"kilometers_per_second": "15.9566239322", "kilometers_per_hour": "57443.8461557882", "miles_per_hour": "35693.3720738563"}, "miss_distance": {"astronomical": "0.0827922012", "lunar": "32.2061653137", "kilometers": "12385537", "miles": "7696016"}, "orbiting_body": "Venus"}, {"close_approach_date": "2179-12-01", "epoch_date_close_approach": 6624316800000, "relative_velocity": {"kilometers_per_second": "14.4658485145", "kilometers_per_hour": "52077.0546522396", "miles_per_hour": "32358.6565421097"}, "miss_distance": {"astronomical": "0.301009346", "lunar": "117.0926361084", "kilometers": "45030360", "miles": "27980568"}, "orbiting_body": "Earth"}, {"close_approach_date": "2182-06-25", "epoch_date_close_approach": 6705270000000, "relative_velocity": {"kilometers_per_second": "21.3483113423", "kilometers_per_hour": "76853.9208322814", "miles_per_hour": "47754.0376415918"}, "miss_distance": {"astronomical": "0.1400822651", "lunar": "54.4920043945", "kilometers": "20956010", "miles": "13021461"}, "orbiting_body": "Venus"}, {"close_approach_date": "2185-03-30", "epoch_date_close_approach": 6792447600000, "relative_velocity": {"kilometers_per_second": "19.2292892774", "kilometers_per_hour": "69225.441398654", "miles_per_hour": "43013.9971846248"}, "miss_distance": {"astronomical": "0.0370422675", "lunar": "14.4094419479", "kilometers": "5541444.5", "miles": "3443294"}, "orbiting_body": "Earth"}, {"close_approach_date": "2192-09-19", "epoch_date_close_approach": 7028319600000, "relative_velocity": {"kilometers_per_second": "33.0722858889", "kilometers_per_hour": "119060.2292001786", "miles_per_hour": "73979.3963049665"}, "miss_distance": {"astronomical": "0.495293604", "lunar": "192.6692199707", "kilometers": "74094872", "miles": "46040420"}, "orbiting_body": "Earth"}, {"close_approach_date": "2197-12-11", "epoch_date_close_approach": 7193260800000, "relative_velocity": {"kilometers_per_second": "15.7781498999", "kilometers_per_hour": "56801.339639815", "miles_per_hour": "35294.143511195"}, "miss_distance": {"astronomical": "0.3255243713", "lunar": "126.6289749146", "kilometers": "48697752", "miles": "30259380"}, "orbiting_body": "Earth"}, {"close_approach_date": "2198-01-16", "epoch_date_close_approach": 7196371200000, "relative_velocity": {"kilometers_per_second": "15.5132644653", "kilometers_per_hour": "55847.7520749598", "miles_per_hour": "34701.6212823549"}, "miss_distance": {"astronomical": "0.079897794", "lunar": "31.0802402496", "kilometers": "11952540", "miles": "7426963.5"}, "orbiting_body": "Venus"}], "orbital_data": {"orbit_id": "90", "orbit_determination_date": "2017-10-15 06:21:12", "orbit_uncertainty": "0", "minimum_orbit_intersection": ".0152454", "jupiter_tisserand_invariant": "3.672", "epoch_osculation": "2458000.5", "eccentricity": ".6534177661670505", "semi_major_axis": "1.878718986803637", "inclination": "7.13554053494142", "ascending_node_longitude": "178.3999457475074", "orbital_period": "940.5700888480355", "perihelion_distance": ".6511306231907801", "perihelion_argument": "284.3409088711568", "aphelion_distance": "3.106307350416494", "perihelion_time": "2458114.057919013296", "mean_anomaly": "316.5360930253952", "mean_motion": ".3827465962062545", "equinox": "J2000"}}