{"links": {"self": "https://api.nasa.gov/neo/rest/v1/neo/2162000?api_key=stjNMXvPIBN6FqEBpH6hQbWAtFDv0RARRez0p7z1"}, "neo_reference_id": "2162000", "name": "162000 (1990 OS)", "nasa_jpl_url": "http://ssd.jpl.nasa.gov/sbdb.cgi?sstr=2162000", "absolute_magnitude_h": 19.4, "estimated_diameter": {"kilometers": {"estimated_diameter_min": 0.3503926411, "estimated_diameter_max": 0.7835017643}, "meters": {"estimated_diameter_min": 350.3926411083, "estimated_diameter_max": 783.5017643338}, "miles": {"estimated_diameter_min": 0.2177238258, "estimated_diameter_max": 0.4868452748}, "feet": {"estimated_diameter_min": 1149.5821926537, "estimated_diameter_max": 2570.543928497}}, "is_potentially_hazardous_asteroid": true, "close_approach_data": [{"close_approach_date": "1909-11-19", "epoch_date_close_approach": -1897142400000, "relative_velocity": {"kilometers_per_second": "11.5067836109", "kilometers_per_hour": "41424.420999254", "miles_per_hour": "25739.5242592309"}, "miss_distance": {"astronomical": "0.0574206413", "lunar": "22.3366298676", "kilometers": "8590006", "miles": "5337582"}, "orbiting_body": "Earth"}, {"close_approach_date": "1920-08-16", "epoch_date_close_approach": -1558195200000, "relative_velocity": {"kilometers_per_second": "9.0092478555", "kilometers_per_hour": "32433.2922799088", "miles_per_hour": "20152.7865280355"}, "miss_distance": {"astronomical": "0.031063205", "lunar": "12.0835866928", "kilometers": "4646989.5", "miles": "2887505.25"}, "orbiting_body": "Earth"}, {"close_approach_date": "1931-07-22", "epoch_date_close_approach": -1213286400000, "relative_velocity": {"kilometers_per_second": "16.84774307", "kilometers_per_hour": "60651.8750518747", "miles_per_hour": "37686.7164732052"}, "miss_distance": {"astronomical": "0.2353694131", "lunar": "91.5587005615", "kilometers": "35210764", "miles": "21878954"}, "orbiting_body": "Earth"}, {"close_approach_date": "1944-12-03", "epoch_date_close_approach": -791398800000, "relative_velocity": {"kilometers_per_second": "17.4727042904", "kilometers_per_hour": "62901.7354455415", "miles_per_hour": "39084.6922272588"}, "miss_distance": {"astronomical": "0.251441673", "lunar": "97.8108139038", "kilometers": "37615140", "miles": "23372966"}, "orbiting_body": "Earth"}, {"close_approach_date": "1955-11-08", "epoch_date_close_approach": -446486400000, "relative_velocity": {"kilometers_per_second": "9.0302801896", "kilometers_per_hour": "32509.0086824871", "miles_per_hour": "20199.833756071"}, "miss_distance": {"astronomical": "0.0308349241", "lunar": "11.9947853088", "kilometers": "4612839", "miles": "2866285.25"}, "orbiting_body": "Earth"}, {"close_approach_date": "1964-11-20", "epoch_date_close_approach": -161366400000, "relative_velocity": {"kilometers_per_second": "9.2746369369", "kilometers_per_hour": "33388.6929727334", "miles_per_hour": "20746.4353640854"}, "miss_distance": {"astronomical": "0.0456775612", "lunar": "17.7685718536", "kilometers": "6833266", "miles": "4245994.5"}, "orbiting_body": "Mars"}, {"close_approach_date": "1966-08-07", "epoch_date_close_approach": -107370000000, "relative_velocity": {"kilometers_per_second": "10.6216523779", "kilometers_per_hour": "38237.948560566", "miles_per_hour": "23759.5742042028"}, "miss_distance": {"astronomical": "0.0278708915", "lunar": "10.8417768478", "kilometers": "4169426", "miles": "2590761.25"}, "orbiting_body": "Earth"}, {"close_approach_date": "1975-02-20", "epoch_date_close_approach": 162115200000, "relative_velocity": {"kilometers_per_second": "9.1645096569", "kilometers_per_hour": "32992.234764817", "miles_per_hour": "20500.0916515053"}, "miss_distance": {"astronomical": "0.037196032", "lunar": "14.4692564011", "kilometers": "5564447.5", "miles": "3457587.25"}, "orbiting_body": "Mars"}, {"close_approach_date": "1979-11-24", "epoch_date_close_approach": 312278400000, "relative_velocity": {"kilometers_per_second": "12.7789420105", "kilometers_per_hour": "46004.1912376632", "miles_per_hour": "28585.2153832024"}, "miss_distance": {"astronomical": "0.0984743093", "lunar": "38.3065071106", "kilometers": "14731547", "miles": "9153759"}, "orbiting_body": "Earth"}, {"close_approach_date": "1990-08-06", "epoch_date_close_approach": 649926000000, "relative_velocity": {"kilometers_per_second": "11.0146384921", "kilometers_per_hour": "39652.6985715031", "miles_per_hour": "24638.6448429432"}, "miss_distance": {"astronomical": "0.0406125637", "lunar": "15.7982873917", "kilometers": "6075553", "miles": "3775173.75"}, "orbiting_body": "Earth"}, {"close_approach_date": "2003-11-12", "epoch_date_close_approach": 1068624000000, "relative_velocity": {"kilometers_per_second": "9.3532375033", "kilometers_per_hour": "33671.6550119031", "miles_per_hour": "20922.2569711461"}, "miss_distance": {"astronomical": "0.0228403651", "lunar": "8.8849020004", "kilometers": "3416870", "miles": "2123144.75"}, "orbiting_body": "Earth"}, {"close_approach_date": "2014-07-12", "epoch_date_close_approach": 1405148400000, "relative_velocity": {"kilometers_per_second": "22.150091451", "kilometers_per_hour": "79740.3292236929", "miles_per_hour": "49547.5395667996"}, "miss_distance": {"astronomical": "0.4167097345", "lunar": "162.1000823975", "kilometers": "62338888", "miles": "38735588"}, "orbiting_body": "Earth"}, {"close_approach_date": "2016-07-10", "epoch_date_close_approach": 1468134000000, "relative_velocity": {"kilometers_per_second": "8.2320850039", "kilometers_per_hour": "29635.5060140325", "miles_per_hour": "18414.3509452193"}, "miss_distance": {"astronomical": "0.0937490701", "lunar": "36.4683876038", "kilometers": "14024661", "miles": "8714520"}, "orbiting_body": "Mars"}, {"close_approach_date": "2016-12-05", "epoch_date_close_approach": 1480924800000, "relative_velocity": {"kilometers_per_second": "18.0022376675", "kilometers_per_hour": "64808.0556031256", "miles_per_hour": "40269.2054385088"}, "miss_distance": {"astronomical": "0.2680399639", "lunar": "104.2675476074", "kilometers": "40098208", "miles": "24915872"}, "orbiting_body": "Earth"}, {"close_approach_date": "2027-07-29", "epoch_date_close_approach": 1816844400000, "relative_velocity": {"kilometers_per_second": "13.7265349869", "kilometers_per_hour": "49415.5259530067", "miles_per_hour": "30704.8861123002"}, "miss_distance": {"astronomical": "0.1289802421", "lunar": "50.1733169556", "kilometers": "19295170", "miles": "11989463"}, "orbiting_body": "Earth"}, {"close_approach_date": "2040-09-04", "epoch_date_close_approach": 2230354800000, "relative_velocity": {"kilometers_per_second": "8.1316839071", "kilometers_per_hour": "29274.0620655923", "miles_per_hour": "18189.7637318121"}, "miss_distance": {"astronomical": "0.0823806968", "lunar": "32.0460929871", "kilometers": "12323977", "miles": "7657764.5"}, "orbiting_body": "Earth"}, {"close_approach_date": "2053-11-16", "epoch_date_close_approach": 2646892800000, "relative_velocity": {"kilometers_per_second": "10.1341056707", "kilometers_per_hour": "36482.7804145286", "miles_per_hour": "22668.9809747942"}, "miss_distance": {"astronomical": "0.0203826923", "lunar": "7.9288678169", "kilometers": "3049207.5", "miles": "1894689.75"}, "orbiting_body": "Earth"}, {"close_approach_date": "2064-07-24", "epoch_date_close_approach": 2984108400000, "relative_velocity": {"kilometers_per_second": "16.1346685449", "kilometers_per_hour": "58084.8067617898", "miles_per_hour": "36091.6400681799"}, "miss_distance": {"astronomical": "0.2098037432", "lunar": "81.6136550903", "kilometers": "31386194", "miles": "19502476"}, "orbiting_body": "Earth"}, {"close_approach_date": "2077-10-18", "epoch_date_close_approach": 3401766000000, "relative_velocity": {"kilometers_per_second": "8.1158708912", "kilometers_per_hour": "29217.1352082554", "miles_per_hour": "18154.3915964852"}, "miss_distance": {"astronomical": "0.0861702193", "lunar": "33.5202140808", "kilometers": "12890881", "miles": "8010022.5"}, "orbiting_body": "Earth"}, {"close_approach_date": "2088-07-14", "epoch_date_close_approach": 3740626800000, "relative_velocity": {"kilometers_per_second": "21.2598910254", "kilometers_per_hour": "76535.6076914724", "miles_per_hour": "47556.2502347374"}, "miss_distance": {"astronomical": "0.384525119", "lunar": "149.5802764893", "kilometers": "57524140", "miles": "35743844"}, "orbiting_body": "Earth"}, {"close_approach_date": "2089-01-08", "epoch_date_close_approach": 3756009600000, "relative_velocity": {"kilometers_per_second": "8.6981826961", "kilometers_per_hour": "31313.4577059621", "miles_per_hour": "19456.9648729074"}, "miss_distance": {"astronomical": "0.0807184739", "lunar": "31.3994865417", "kilometers": "12075312", "miles": "7503251"}, "orbiting_body": "Mars"}, {"close_approach_date": "2090-12-09", "epoch_date_close_approach": 3816489600000, "relative_velocity": {"kilometers_per_second": "19.7638117101", "kilometers_per_hour": "71149.7221564198", "miles_per_hour": "44209.6704143598"}, "miss_distance": {"astronomical": "0.3281711622", "lunar": "127.6585845947", "kilometers": "49093708", "miles": "30505416"}, "orbiting_body": "Earth"}, {"close_approach_date": "2099-04-05", "epoch_date_close_approach": 4079055600000, "relative_velocity": {"kilometers_per_second": "11.021322141", "kilometers_per_hour": "39676.7597077735", "miles_per_hour": "24653.5954973107"}, "miss_distance": {"astronomical": "0.0769515241", "lunar": "29.9341430664", "kilometers": "11511785", "miles": "7153091.5"}, "orbiting_body": "Mars"}, {"close_approach_date": "2101-08-24", "epoch_date_close_approach": 4154310000000, "relative_velocity": {"kilometers_per_second": "8.5363645427", "kilometers_per_hour": "30730.9123538423", "miles_per_hour": "19094.9938456416"}, "miss_distance": {"astronomical": "0.0492229042", "lunar": "19.1477108002", "kilometers": "7363642", "miles": "4575555"}, "orbiting_body": "Earth"}, {"close_approach_date": "2114-12-03", "epoch_date_close_approach": 4573267200000, "relative_velocity": {"kilometers_per_second": "15.8869308273", "kilometers_per_hour": "57192.9509784442", "miles_per_hour": "35537.4755676894"}, "miss_distance": {"astronomical": "0.1992937867", "lunar": "77.5252838135", "kilometers": "29813928", "miles": "18525516"}, "orbiting_body": "Earth"}, {"close_approach_date": "2125-08-17", "epoch_date_close_approach": 4911087600000, "relative_velocity": {"kilometers_per_second": "9.281818296", "kilometers_per_hour": "33414.5458656562", "miles_per_hour": "20762.4993463573"}, "miss_distance": {"astronomical": "0.0212252524", "lunar": "8.2566232681", "kilometers": "3175252.75", "miles": "1973010.5"}, "orbiting_body": "Earth"}, {"close_approach_date": "2136-07-18", "epoch_date_close_approach": 5255650800000, "relative_velocity": {"kilometers_per_second": "19.9318974774", "kilometers_per_hour": "71754.8309186875", "miles_per_hour": "44585.6614672256"}, "miss_distance": {"astronomical": "0.3392446873", "lunar": "131.9661865234", "kilometers": "50750284", "miles": "31534764"}, "orbiting_body": "Earth"}, {"close_approach_date": "2138-12-16", "epoch_date_close_approach": 5331772800000, "relative_velocity": {"kilometers_per_second": "22.9623038228", "kilometers_per_hour": "82664.2937619659", "miles_per_hour": "51364.3774211504"}, "miss_distance": {"astronomical": "0.4344618886", "lunar": "169.0056762695", "kilometers": "64994576", "miles": "40385756"}, "orbiting_body": "Earth"}, {"close_approach_date": "2143-08-04", "epoch_date_close_approach": 5477958000000, "relative_velocity": {"kilometers_per_second": "10.6917339476", "kilometers_per_hour": "38490.2422112455", "miles_per_hour": "23916.3396673153"}, "miss_distance": {"astronomical": "0.0680458588", "lunar": "26.4698410034", "kilometers": "10179516", "miles": "6325258"}, "orbiting_body": "Mars"}, {"close_approach_date": "2149-11-23", "epoch_date_close_approach": 5676940800000, "relative_velocity": {"kilometers_per_second": "11.6228199375", "kilometers_per_hour": "41842.1517751235", "miles_per_hour": "25999.0859182705"}, "miss_distance": {"astronomical": "0.0629654942", "lunar": "24.4935779572", "kilometers": "9419504", "miles": "5853008.5"}, "orbiting_body": "Earth"}, {"close_approach_date": "2156-09-25", "epoch_date_close_approach": 5892764400000, "relative_velocity": {"kilometers_per_second": "8.7762827683", "kilometers_per_hour": "31594.6179657291", "miles_per_hour": "19631.6669243165"}, "miss_distance": {"astronomical": "0.0774066973", "lunar": "30.1112060547", "kilometers": "11579877", "miles": "7195402"}, "orbiting_body": "Mars"}, {"close_approach_date": "2160-09-24", "epoch_date_close_approach": 6018908400000, "relative_velocity": {"kilometers_per_second": "8.1990147566", "kilometers_per_hour": "29516.4531236365", "miles_per_hour": "18340.3761089618"}, "miss_distance": {"astronomical": "0.0976650614", "lunar": "37.9917106628", "kilometers": "14610486", "miles": "9078535"}, "orbiting_body": "Earth"}, {"close_approach_date": "2171-08-04", "epoch_date_close_approach": 6361570800000, "relative_velocity": {"kilometers_per_second": "12.5324909173", "kilometers_per_hour": "45116.9673022202", "miles_per_hour": "28033.9289328712"}, "miss_distance": {"astronomical": "0.0890291478", "lunar": "34.6323394775", "kilometers": "13318571", "miles": "8275776.5"}, "orbiting_body": "Earth"}, {"close_approach_date": "2182-07-14", "epoch_date_close_approach": 6706911600000, "relative_velocity": {"kilometers_per_second": "22.2571540419", "kilometers_per_hour": "80125.7545507216", "miles_per_hour": "49787.0278762525"}, "miss_distance": {"astronomical": "0.4189266066", "lunar": "162.9624481201", "kilometers": "62670528", "miles": "38941660"}, "orbiting_body": "Earth"}, {"close_approach_date": "2184-12-13", "epoch_date_close_approach": 6783206400000, "relative_velocity": {"kilometers_per_second": "20.9124538846", "kilometers_per_hour": "75284.8339844038", "miles_per_hour": "46779.0680943647"}, "miss_distance": {"astronomical": "0.3655873252", "lunar": "142.213470459", "kilometers": "54691084", "miles": "33983464"}, "orbiting_body": "Earth"}, {"close_approach_date": "2193-04-23", "epoch_date_close_approach": 7046982000000, "relative_velocity": {"kilometers_per_second": "10.5900644307", "kilometers_per_hour": "38124.2319506492", "miles_per_hour": "23688.9151251131"}, "miss_distance": {"astronomical": "0.0493150318", "lunar": "19.1835479736", "kilometers": "7377424", "miles": "4584118.5"}, "orbiting_body": "Mars"}, {"close_approach_date": "2195-11-21", "epoch_date_close_approach": 7128374400000, "relative_velocity": {"kilometers_per_second": "10.7090067741", "kilometers_per_hour": "38552.4243869378", "miles_per_hour": "23954.9772530948"}, "miss_distance": {"astronomical": "0.0344169453", "lunar": "13.3881912231", "kilometers": "5148701.5", "miles": "3199254.75"}, "orbiting_body": "Earth"}], "orbital_data": {"orbit_id": "95", "orbit_determination_date": "2017-04-06 09:26:41", "orbit_uncertainty": "0", "minimum_orbit_intersection": ".009046", "jupiter_tisserand_invariant": "4.107", "epoch_osculation": "2458000.5", "eccentricity": ".4628783423410079", "semi_major_axis": "1.678467776354432", "inclination": "1.093931709555349", "ascending_node_longitude": "346.61777143", "orbital_period": "794.2695967306579", "perihelion_distance": ".9015413943626951", "perihelion_argument": "21.45752828932894", "aphelion_distance": "2.45539415834617", "perihelion_time": "2457688.764994450175", "mean_anomaly": "141.2928336422188", "mean_motion": ".4532466073003653", "equinox": "J2000"}}