{"links": {"self": "https://api.nasa.gov/neo/rest/v1/neo/2206378?api_key=stjNMXvPIBN6FqEBpH6hQbWAtFDv0RARRez0p7z1"}, "neo_reference_id": "2206378", "name": "206378 (2003 RB)", "nasa_jpl_url": "http://ssd.jpl.nasa.gov/sbdb.cgi?sstr=2206378", "absolute_magnitude_h": 18.7, "estimated_diameter": {"kilometers": {"estimated_diameter_min": 0.4836764882, "estimated_diameter_max": 1.0815335068}, "meters": {"estimated_diameter_min": 483.6764882185, "estimated_diameter_max": 1081.533506775}, "miles": {"estimated_diameter_min": 0.3005425432, "estimated_diameter_max": 0.6720335566}, "feet": {"estimated_diameter_min": 1586.8651696069, "estimated_diameter_max": 3548.3383903678}}, "is_potentially_hazardous_asteroid": true, "close_approach_data": [{"close_approach_date": "1912-11-07", "epoch_date_close_approach": -1803484800000, "relative_velocity": {"kilometers_per_second": "15.0348387002", "kilometers_per_hour": "54125.4193208287", "miles_per_hour": "33631.4306885449"}, "miss_distance": {"astronomical": "0.3098496239", "lunar": "120.53150177", "kilometers": "46352844", "miles": "28802322"}, "orbiting_body": "Earth"}, {"close_approach_date": "1924-10-18", "epoch_date_close_approach": -1426521600000, "relative_velocity": {"kilometers_per_second": "8.6457284853", "kilometers_per_hour": "31124.6225471117", "miles_per_hour": "19339.6300487873"}, "miss_distance": {"astronomical": "0.1383285322", "lunar": "53.8097991943", "kilometers": "20693654", "miles": "12858441"}, "orbiting_body": "Earth"}, {"close_approach_date": "1936-09-07", "epoch_date_close_approach": -1051372800000, "relative_velocity": {"kilometers_per_second": "6.8473306523", "kilometers_per_hour": "24650.3903483247", "miles_per_hour": "15316.7939361577"}, "miss_distance": {"astronomical": "0.0607752046", "lunar": "23.6415557861", "kilometers": "9091841", "miles": "5649408.5"}, "orbiting_body": "Earth"}, {"close_approach_date": "1948-08-19", "epoch_date_close_approach": -674326800000, "relative_velocity": {"kilometers_per_second": "8.7102191522", "kilometers_per_hour": "31356.7889478457", "miles_per_hour": "19483.88922151"}, "miss_distance": {"astronomical": "0.0585807669", "lunar": "22.7879180908", "kilometers": "8763558", "miles": "5445422.5"}, "orbiting_body": "Earth"}, {"close_approach_date": "1960-07-31", "epoch_date_close_approach": -297277200000, "relative_velocity": {"kilometers_per_second": "14.7988341663", "kilometers_per_hour": "53275.8029985007", "miles_per_hour": "33103.5121464851"}, "miss_distance": {"astronomical": "0.2591414387", "lunar": "100.806022644", "kilometers": "38767008", "miles": "24088702"}, "orbiting_body": "Earth"}, {"close_approach_date": "1961-01-10", "epoch_date_close_approach": -283190400000, "relative_velocity": {"kilometers_per_second": "8.7972116568", "kilometers_per_hour": "31669.9619643712", "miles_per_hour": "19678.4827550283"}, "miss_distance": {"astronomical": "0.0682457752", "lunar": "26.5476074219", "kilometers": "10209423", "miles": "6343841.5"}, "orbiting_body": "Mars"}, {"close_approach_date": "1979-11-19", "epoch_date_close_approach": 311846400000, "relative_velocity": {"kilometers_per_second": "20.0892140917", "kilometers_per_hour": "72321.1707302892", "miles_per_hour": "44937.5630018289"}, "miss_distance": {"astronomical": "0.4664309294", "lunar": "181.4416351318", "kilometers": "69777072", "miles": "43357464"}, "orbiting_body": "Earth"}, {"close_approach_date": "1991-11-04", "epoch_date_close_approach": 689241600000, "relative_velocity": {"kilometers_per_second": "12.5247133313", "kilometers_per_hour": "45088.9679925767", "miles_per_hour": "28016.5312507208"}, "miss_distance": {"astronomical": "0.2337554969", "lunar": "90.9308929443", "kilometers": "34969324", "miles": "21728932"}, "orbiting_body": "Earth"}, {"close_approach_date": "2003-09-28", "epoch_date_close_approach": 1064732400000, "relative_velocity": {"kilometers_per_second": "6.8328322028", "kilometers_per_hour": "24598.1959301259", "miles_per_hour": "15284.3623544718"}, "miss_distance": {"astronomical": "0.0933568654", "lunar": "36.3158187866", "kilometers": "13965988", "miles": "8678063"}, "orbiting_body": "Earth"}, {"close_approach_date": "2015-08-22", "epoch_date_close_approach": 1440226800000, "relative_velocity": {"kilometers_per_second": "8.4706642843", "kilometers_per_hour": "30494.3914235985", "miles_per_hour": "18948.0289376243"}, "miss_distance": {"astronomical": "0.0531279285", "lunar": "20.666765213", "kilometers": "7947825", "miles": "4938549.5"}, "orbiting_body": "Earth"}, {"close_approach_date": "2027-07-30", "epoch_date_close_approach": 1816930800000, "relative_velocity": {"kilometers_per_second": "16.0733010171", "kilometers_per_hour": "57863.8836614905", "miles_per_hour": "35954.3670451078"}, "miss_distance": {"astronomical": "0.3014817797", "lunar": "117.2764129639", "kilometers": "45101032", "miles": "28024482"}, "orbiting_body": "Earth"}, {"close_approach_date": "2046-11-14", "epoch_date_close_approach": 2425795200000, "relative_velocity": {"kilometers_per_second": "16.9859657546", "kilometers_per_hour": "61149.4767166226", "miles_per_hour": "37995.9067965037"}, "miss_distance": {"astronomical": "0.3669706621", "lunar": "142.7515869141", "kilometers": "54898028", "miles": "34112056"}, "orbiting_body": "Earth"}, {"close_approach_date": "2058-10-20", "epoch_date_close_approach": 2802322800000, "relative_velocity": {"kilometers_per_second": "8.5102085111", "kilometers_per_hour": "30636.7506399926", "miles_per_hour": "19036.4854184998"}, "miss_distance": {"astronomical": "0.135034242", "lunar": "52.5283241272", "kilometers": "20200836", "miles": "12552218"}, "orbiting_body": "Earth"}, {"close_approach_date": "2070-08-25", "epoch_date_close_approach": 3176175600000, "relative_velocity": {"kilometers_per_second": "7.9318621628", "kilometers_per_hour": "28554.7037860336", "miles_per_hour": "17742.7824719385"}, "miss_distance": {"astronomical": "0.0467229347", "lunar": "18.1752204895", "kilometers": "6989651.5", "miles": "4343168"}, "orbiting_body": "Earth"}, {"close_approach_date": "2082-07-31", "epoch_date_close_approach": 3552706800000, "relative_velocity": {"kilometers_per_second": "15.9889902769", "kilometers_per_hour": "57560.3649969134", "miles_per_hour": "35765.7723504432"}, "miss_distance": {"astronomical": "0.3001952243", "lunar": "116.7759399414", "kilometers": "44908564", "miles": "27904888"}, "orbiting_body": "Earth"}, {"close_approach_date": "2101-11-14", "epoch_date_close_approach": 4161398400000, "relative_velocity": {"kilometers_per_second": "16.0238478996", "kilometers_per_hour": "57685.8524385024", "miles_per_hour": "35843.7453665794"}, "miss_distance": {"astronomical": "0.3384560525", "lunar": "131.6594085693", "kilometers": "50632308", "miles": "31461456"}, "orbiting_body": "Earth"}, {"close_approach_date": "2113-10-11", "epoch_date_close_approach": 4537148400000, "relative_velocity": {"kilometers_per_second": "7.2729446679", "kilometers_per_hour": "26182.6008045587", "miles_per_hour": "16268.8499276992"}, "miss_distance": {"astronomical": "0.1106888508", "lunar": "43.057964325", "kilometers": "16558816", "miles": "10289172"}, "orbiting_body": "Earth"}, {"close_approach_date": "2125-08-18", "epoch_date_close_approach": 4911174000000, "relative_velocity": {"kilometers_per_second": "9.5967787173", "kilometers_per_hour": "34548.4033823324", "miles_per_hour": "21467.0343127609"}, "miss_distance": {"astronomical": "0.086438617", "lunar": "33.624622345", "kilometers": "12931033", "miles": "8034971.5"}, "orbiting_body": "Earth"}, {"close_approach_date": "2137-07-26", "epoch_date_close_approach": 5287878000000, "relative_velocity": {"kilometers_per_second": "18.6783765257", "kilometers_per_hour": "67242.1554926672", "miles_per_hour": "41781.6604504298"}, "miss_distance": {"astronomical": "0.3951183619", "lunar": "153.7010345459", "kilometers": "59108864", "miles": "36728548"}, "orbiting_body": "Earth"}, {"close_approach_date": "2156-11-04", "epoch_date_close_approach": 5896220400000, "relative_velocity": {"kilometers_per_second": "11.8755080226", "kilometers_per_hour": "42751.8288815072", "miles_per_hour": "26564.3238958454"}, "miss_distance": {"astronomical": "0.2164810808", "lunar": "84.2111358643", "kilometers": "32385108", "miles": "20123174"}, "orbiting_body": "Earth"}, {"close_approach_date": "2168-08-31", "epoch_date_close_approach": 6269295600000, "relative_velocity": {"kilometers_per_second": "7.3241952925", "kilometers_per_hour": "26367.1030529516", "miles_per_hour": "16383.4924497632"}, "miss_distance": {"astronomical": "0.0500527272", "lunar": "19.4705104828", "kilometers": "7487781.5", "miles": "4652692"}, "orbiting_body": "Earth"}, {"close_approach_date": "2180-08-02", "epoch_date_close_approach": 6645481200000, "relative_velocity": {"kilometers_per_second": "15.502331294", "kilometers_per_hour": "55808.392658445", "miles_per_hour": "34677.1648715766"}, "miss_distance": {"astronomical": "0.2833745182", "lunar": "110.2326889038", "kilometers": "42392224", "miles": "26341308"}, "orbiting_body": "Earth"}, {"close_approach_date": "2199-11-15", "epoch_date_close_approach": 7254086400000, "relative_velocity": {"kilometers_per_second": "15.7490118464", "kilometers_per_hour": "56696.4426470152", "miles_per_hour": "35228.9645991967"}, "miss_distance": {"astronomical": "0.3270434902", "lunar": "127.2199249268", "kilometers": "48925012", "miles": "30400594"}, "orbiting_body": "Earth"}], "orbital_data": {"orbit_id": "172", "orbit_determination_date": "2017-04-06 09:25:31", "orbit_uncertainty": "0", "minimum_orbit_intersection": ".0445011", "jupiter_tisserand_invariant": "3.956", "epoch_osculation": "2458000.5", "eccentricity": ".4390190795336684", "semi_major_axis": "1.788184053384443", "inclination": "6.724207716092437", "ascending_node_longitude": "317.1697733071426", "orbital_period": "873.407170967657", "perihelion_distance": "1.003137136230821", "perihelion_argument": "44.0342178704343", "aphelion_distance": "2.573230970538066", "perihelion_time": "2458157.624303576195", "mean_anomaly": "295.2366786446673", "mean_motion": ".4121788920065223", "equinox": "J2000"}}