{"links": {"self": "https://api.nasa.gov/neo/rest/v1/neo/2251722?api_key=stjNMXvPIBN6FqEBpH6hQbWAtFDv0RARRez0p7z1"}, "neo_reference_id": "2251722", "name": "251722 (1997 US2)", "nasa_jpl_url": "http://ssd.jpl.nasa.gov/sbdb.cgi?sstr=2251722", "absolute_magnitude_h": 19.7, "estimated_diameter": {"kilometers": {"estimated_diameter_min": 0.3051792326, "estimated_diameter_max": 0.6824015094}, "meters": {"estimated_diameter_min": 305.1792325939, "estimated_diameter_max": 682.4015094011}, "miles": {"estimated_diameter_min": 0.1896295249, "estimated_diameter_max": 0.4240245083}, "feet": {"estimated_diameter_min": 1001.2442334633, "estimated_diameter_max": 2238.8501681036}}, "is_potentially_hazardous_asteroid": true, "close_approach_data": [{"close_approach_date": "1902-09-04", "epoch_date_close_approach": -2124633600000, "relative_velocity": {"kilometers_per_second": "16.8144699312", "kilometers_per_hour": "60532.0917524939", "miles_per_hour": "37612.2877892093"}, "miss_distance": {"astronomical": "0.0359035948", "lunar": "13.9664983749", "kilometers": "5371101.5", "miles": "3337447.75"}, "orbiting_body": "Venus"}, {"close_approach_date": "1906-12-12", "epoch_date_close_approach": -1989849600000, "relative_velocity": {"kilometers_per_second": "15.9404059508", "kilometers_per_hour": "57385.4614228613", "miles_per_hour": "35657.0940713329"}, "miss_distance": {"astronomical": "0.1373955086", "lunar": "53.4468574524", "kilometers": "20554076", "miles": "12771711"}, "orbiting_body": "Earth"}, {"close_approach_date": "1909-04-26", "epoch_date_close_approach": -1915027200000, "relative_velocity": {"kilometers_per_second": "15.3090452715", "kilometers_per_hour": "55112.5629775652", "miles_per_hour": "34244.803367921"}, "miss_distance": {"astronomical": "0.3448793077", "lunar": "134.1580505371", "kilometers": "51593208", "miles": "32058534"}, "orbiting_body": "Earth"}, {"close_approach_date": "1911-06-23", "epoch_date_close_approach": -1846944000000, "relative_velocity": {"kilometers_per_second": "15.7529904741", "kilometers_per_hour": "56710.765706702", "miles_per_hour": "35237.8643914783"}, "miss_distance": {"astronomical": "0.0594374179", "lunar": "23.1211547852", "kilometers": "8891711", "miles": "5525053"}, "orbiting_body": "Venus"}, {"close_approach_date": "1915-10-27", "epoch_date_close_approach": -1709827200000, "relative_velocity": {"kilometers_per_second": "25.1893410119", "kilometers_per_hour": "90681.6276428684", "miles_per_hour": "56346.0369095368"}, "miss_distance": {"astronomical": "0.1365316929", "lunar": "53.1108283997", "kilometers": "20424852", "miles": "12691414"}, "orbiting_body": "Venus"}, {"close_approach_date": "1919-12-15", "epoch_date_close_approach": -1579363200000, "relative_velocity": {"kilometers_per_second": "14.9551632755", "kilometers_per_hour": "53838.5877917251", "miles_per_hour": "33453.2047309194"}, "miss_distance": {"astronomical": "0.1714245983", "lunar": "66.6841659546", "kilometers": "25644754", "miles": "15934912"}, "orbiting_body": "Earth"}, {"close_approach_date": "1922-05-01", "epoch_date_close_approach": -1504368000000, "relative_velocity": {"kilometers_per_second": "14.5654351536", "kilometers_per_hour": "52435.5665530327", "miles_per_hour": "32581.421895133"}, "miss_distance": {"astronomical": "0.3299062365", "lunar": "128.3335266113", "kilometers": "49353268", "miles": "30666700"}, "orbiting_body": "Earth"}, {"close_approach_date": "1932-12-22", "epoch_date_close_approach": -1168444800000, "relative_velocity": {"kilometers_per_second": "13.3174609952", "kilometers_per_hour": "47942.8595827589", "miles_per_hour": "29789.828500187"}, "miss_distance": {"astronomical": "0.2322155321", "lunar": "90.3318481445", "kilometers": "34738952", "miles": "21585784"}, "orbiting_body": "Earth"}, {"close_approach_date": "1935-05-15", "epoch_date_close_approach": -1092931200000, "relative_velocity": {"kilometers_per_second": "13.1227470497", "kilometers_per_hour": "47241.8893787418", "miles_per_hour": "29354.2728753632"}, "miss_distance": {"astronomical": "0.2810647188", "lunar": "109.3341751099", "kilometers": "42046684", "miles": "26126598"}, "orbiting_body": "Earth"}, {"close_approach_date": "1943-11-11", "epoch_date_close_approach": -824922000000, "relative_velocity": {"kilometers_per_second": "25.3509064808", "kilometers_per_hour": "91263.2633309848", "miles_per_hour": "56707.4427069666"}, "miss_distance": {"astronomical": "0.1397724887", "lunar": "54.3714981079", "kilometers": "20909668", "miles": "12992665"}, "orbiting_body": "Venus"}, {"close_approach_date": "1946-01-01", "epoch_date_close_approach": -757353600000, "relative_velocity": {"kilometers_per_second": "13.1231123854", "kilometers_per_hour": "47243.2045875592", "miles_per_hour": "29355.0900949753"}, "miss_distance": {"astronomical": "0.2801354194", "lunar": "108.9726791382", "kilometers": "41907664", "miles": "26040214"}, "orbiting_body": "Earth"}, {"close_approach_date": "1948-03-17", "epoch_date_close_approach": -687718800000, "relative_velocity": {"kilometers_per_second": "15.6286964437", "kilometers_per_hour": "56263.3071973477", "miles_per_hour": "34959.8310749298"}, "miss_distance": {"astronomical": "0.062310444", "lunar": "24.2387619019", "kilometers": "9321510", "miles": "5792117.5"}, "orbiting_body": "Venus"}, {"close_approach_date": "1948-05-22", "epoch_date_close_approach": -682016400000, "relative_velocity": {"kilometers_per_second": "13.2347833553", "kilometers_per_hour": "47645.2200791682", "miles_per_hour": "29604.8868875254"}, "miss_distance": {"astronomical": "0.2473836484", "lunar": "96.2322387695", "kilometers": "37008068", "miles": "22995748"}, "orbiting_body": "Earth"}, {"close_approach_date": "1957-01-03", "epoch_date_close_approach": -410025600000, "relative_velocity": {"kilometers_per_second": "17.2130116466", "kilometers_per_hour": "61966.841927917", "miles_per_hour": "38503.7857523771"}, "miss_distance": {"astronomical": "0.0272628099", "lunar": "10.6052331924", "kilometers": "4078458.5", "miles": "2534236.5"}, "orbiting_body": "Venus"}, {"close_approach_date": "1959-01-12", "epoch_date_close_approach": -346176000000, "relative_velocity": {"kilometers_per_second": "14.2318074775", "kilometers_per_hour": "51234.5069190292", "miles_per_hour": "31835.1301464379"}, "miss_distance": {"astronomical": "0.3145026265", "lunar": "122.3415222168", "kilometers": "47048924", "miles": "29234846"}, "orbiting_body": "Earth"}, {"close_approach_date": "1961-05-28", "epoch_date_close_approach": -271270800000, "relative_velocity": {"kilometers_per_second": "14.1144972617", "kilometers_per_hour": "50812.1901420325", "miles_per_hour": "31572.7189246424"}, "miss_distance": {"astronomical": "0.2062111242", "lunar": "80.2161254883", "kilometers": "30848744", "miles": "19168522"}, "orbiting_body": "Earth"}, {"close_approach_date": "1972-01-07", "epoch_date_close_approach": 63619200000, "relative_velocity": {"kilometers_per_second": "13.6160582152", "kilometers_per_hour": "49017.8095745641", "miles_per_hour": "30457.760621484"}, "miss_distance": {"astronomical": "0.2983298685", "lunar": "116.0503158569", "kilometers": "44629512", "miles": "27731494"}, "orbiting_body": "Earth"}, {"close_approach_date": "1974-05-25", "epoch_date_close_approach": 138697200000, "relative_velocity": {"kilometers_per_second": "13.4793719145", "kilometers_per_hour": "48525.7388922958", "miles_per_hour": "30152.0070356046"}, "miss_distance": {"astronomical": "0.2341785932", "lunar": "91.0954742432", "kilometers": "35032620", "miles": "21768260"}, "orbiting_body": "Earth"}, {"close_approach_date": "1985-01-06", "epoch_date_close_approach": 473846400000, "relative_velocity": {"kilometers_per_second": "13.5045199672", "kilometers_per_hour": "48616.2718819423", "miles_per_hour": "30208.2607146436"}, "miss_distance": {"astronomical": "0.2942003026", "lunar": "114.4439163208", "kilometers": "44011740", "miles": "27347626"}, "orbiting_body": "Earth"}, {"close_approach_date": "1987-01-11", "epoch_date_close_approach": 537350400000, "relative_velocity": {"kilometers_per_second": "21.1230455458", "kilometers_per_hour": "76042.9639649351", "miles_per_hour": "47250.1405814343"}, "miss_distance": {"astronomical": "0.0728641956", "lunar": "28.3441734314", "kilometers": "10900329", "miles": "6773150.5"}, "orbiting_body": "Mars"}, {"close_approach_date": "1987-05-27", "epoch_date_close_approach": 549097200000, "relative_velocity": {"kilometers_per_second": "13.6786523931", "kilometers_per_hour": "49243.1486152838", "miles_per_hour": "30597.7775382023"}, "miss_distance": {"astronomical": "0.2246287518", "lunar": "87.3805847168", "kilometers": "33603984", "miles": "20880546"}, "orbiting_body": "Earth"}, {"close_approach_date": "1993-09-12", "epoch_date_close_approach": 747817200000, "relative_velocity": {"kilometers_per_second": "23.8153540731", "kilometers_per_hour": "85735.2746632259", "miles_per_hour": "53272.5655261583"}, "miss_distance": {"astronomical": "0.1083771408", "lunar": "42.1587104797", "kilometers": "16212990", "miles": "10074285"}, "orbiting_body": "Venus"}, {"close_approach_date": "1997-12-26", "epoch_date_close_approach": 883123200000, "relative_velocity": {"kilometers_per_second": "12.9952769843", "kilometers_per_hour": "46782.9971433029", "miles_per_hour": "29069.1350860706"}, "miss_distance": {"astronomical": "0.2539692904", "lunar": "98.794052124", "kilometers": "37993264", "miles": "23607920"}, "orbiting_body": "Earth"}, {"close_approach_date": "1998-01-13", "epoch_date_close_approach": 884678400000, "relative_velocity": {"kilometers_per_second": "16.2418841858", "kilometers_per_hour": "58470.7830689012", "miles_per_hour": "36331.4707352292"}, "miss_distance": {"astronomical": "0.0489497912", "lunar": "19.041469574", "kilometers": "7322785", "miles": "4550167.5"}, "orbiting_body": "Venus"}, {"close_approach_date": "2000-05-17", "epoch_date_close_approach": 958546800000, "relative_velocity": {"kilometers_per_second": "13.0567606748", "kilometers_per_hour": "47004.3384292328", "miles_per_hour": "29206.6679534308"}, "miss_distance": {"astronomical": "0.2717764182", "lunar": "105.7210235596", "kilometers": "40657172", "miles": "25263196"}, "orbiting_body": "Earth"}, {"close_approach_date": "2006-10-25", "epoch_date_close_approach": 1161759600000, "relative_velocity": {"kilometers_per_second": "14.7023769494", "kilometers_per_hour": "52928.5570176877", "miles_per_hour": "32887.7469980182"}, "miss_distance": {"astronomical": "0.0906888653", "lunar": "35.2779655457", "kilometers": "13566861", "miles": "8430056"}, "orbiting_body": "Venus"}, {"close_approach_date": "2010-12-26", "epoch_date_close_approach": 1293350400000, "relative_velocity": {"kilometers_per_second": "13.0201659895", "kilometers_per_hour": "46872.5975623246", "miles_per_hour": "29124.8093019899"}, "miss_distance": {"astronomical": "0.2523992036", "lunar": "98.1832885742", "kilometers": "37758384", "miles": "23461972"}, "orbiting_body": "Earth"}, {"close_approach_date": "2011-03-03", "epoch_date_close_approach": 1299139200000, "relative_velocity": {"kilometers_per_second": "22.9405613025", "kilometers_per_hour": "82586.0206891728", "miles_per_hour": "51315.7415776696"}, "miss_distance": {"astronomical": "0.091073441", "lunar": "35.4275665283", "kilometers": "13624393", "miles": "8465805"}, "orbiting_body": "Venus"}, {"close_approach_date": "2013-05-15", "epoch_date_close_approach": 1368601200000, "relative_velocity": {"kilometers_per_second": "13.1166943599", "kilometers_per_hour": "47220.0996956785", "miles_per_hour": "29340.7336136842"}, "miss_distance": {"astronomical": "0.2816384459", "lunar": "109.5573577881", "kilometers": "42132512", "miles": "26179930"}, "orbiting_body": "Earth"}, {"close_approach_date": "2023-12-26", "epoch_date_close_approach": 1703577600000, "relative_velocity": {"kilometers_per_second": "13.0525478786", "kilometers_per_hour": "46989.1723630835", "miles_per_hour": "29197.2443497171"}, "miss_distance": {"astronomical": "0.2475419246", "lunar": "96.2938079834", "kilometers": "37031744", "miles": "23010460"}, "orbiting_body": "Earth"}, {"close_approach_date": "2026-05-17", "epoch_date_close_approach": 1779001200000, "relative_velocity": {"kilometers_per_second": "13.051764666", "kilometers_per_hour": "46986.3527977238", "miles_per_hour": "29195.4923814523"}, "miss_distance": {"astronomical": "0.2753402314", "lunar": "107.1073455811", "kilometers": "41190312", "miles": "25594474"}, "orbiting_body": "Earth"}, {"close_approach_date": "2037-01-01", "epoch_date_close_approach": 2114409600000, "relative_velocity": {"kilometers_per_second": "13.0669530957", "kilometers_per_hour": "47041.0311444224", "miles_per_hour": "29229.4673797107"}, "miss_distance": {"astronomical": "0.2752527367", "lunar": "107.0733108521", "kilometers": "41177224", "miles": "25586340"}, "orbiting_body": "Earth"}, {"close_approach_date": "2039-05-22", "epoch_date_close_approach": 2189660400000, "relative_velocity": {"kilometers_per_second": "13.1353438136", "kilometers_per_hour": "47287.2377289622", "miles_per_hour": "29382.4505766432"}, "miss_distance": {"astronomical": "0.2539145258", "lunar": "98.7727508545", "kilometers": "37985076", "miles": "23602830"}, "orbiting_body": "Earth"}, {"close_approach_date": "2043-07-14", "epoch_date_close_approach": 2320470000000, "relative_velocity": {"kilometers_per_second": "23.0589598434", "kilometers_per_hour": "83012.2554362879", "miles_per_hour": "51580.5872737312"}, "miss_distance": {"astronomical": "0.0935251485", "lunar": "36.3812828064", "kilometers": "13991163", "miles": "8693706"}, "orbiting_body": "Venus"}, {"close_approach_date": "2047-11-17", "epoch_date_close_approach": 2457590400000, "relative_velocity": {"kilometers_per_second": "15.0552913933", "kilometers_per_hour": "54199.0490158674", "miles_per_hour": "33677.1813176649"}, "miss_distance": {"astronomical": "0.0771406866", "lunar": "30.0077285767", "kilometers": "11540083", "miles": "7170675"}, "orbiting_body": "Venus"}, {"close_approach_date": "2049-12-28", "epoch_date_close_approach": 2524291200000, "relative_velocity": {"kilometers_per_second": "12.9503810913", "kilometers_per_hour": "46621.3719285371", "miles_per_hour": "28968.7074630402"}, "miss_distance": {"astronomical": "0.2579924523", "lunar": "100.3590621948", "kilometers": "38595120", "miles": "23981896"}, "orbiting_body": "Earth"}, {"close_approach_date": "2052-05-18", "epoch_date_close_approach": 2599628400000, "relative_velocity": {"kilometers_per_second": "13.0540920238", "kilometers_per_hour": "46994.7312857952", "miles_per_hour": "29200.6984481098"}, "miss_distance": {"astronomical": "0.2693341147", "lunar": "104.7709655762", "kilometers": "40291808", "miles": "25036170"}, "orbiting_body": "Earth"}, {"close_approach_date": "2056-08-28", "epoch_date_close_approach": 2734671600000, "relative_velocity": {"kilometers_per_second": "15.4321061455", "kilometers_per_hour": "55555.5821237114", "miles_per_hour": "34520.0782368139"}, "miss_distance": {"astronomical": "0.0675791318", "lunar": "26.2882843018", "kilometers": "10109695", "miles": "6281873"}, "orbiting_body": "Venus"}, {"close_approach_date": "2058-07-07", "epoch_date_close_approach": 2793250800000, "relative_velocity": {"kilometers_per_second": "19.3836513759", "kilometers_per_hour": "69781.1449532846", "miles_per_hour": "43359.2897627784"}, "miss_distance": {"astronomical": "0.0416297305", "lunar": "16.1939659119", "kilometers": "6227719.5", "miles": "3869725.25"}, "orbiting_body": "Mars"}, {"close_approach_date": "2061-01-02", "epoch_date_close_approach": 2871878400000, "relative_velocity": {"kilometers_per_second": "24.1411949301", "kilometers_per_hour": "86908.30174827", "miles_per_hour": "54001.4389390848"}, "miss_distance": {"astronomical": "0.1165434269", "lunar": "45.3353919983", "kilometers": "17434648", "miles": "10833388"}, "orbiting_body": "Venus"}, {"close_approach_date": "2062-12-26", "epoch_date_close_approach": 2934345600000, "relative_velocity": {"kilometers_per_second": "13.0359037237", "kilometers_per_hour": "46929.2534051936", "miles_per_hour": "29160.013039466"}, "miss_distance": {"astronomical": "0.249078296", "lunar": "96.891456604", "kilometers": "37261580", "miles": "23153274"}, "orbiting_body": "Earth"}, {"close_approach_date": "2065-05-15", "epoch_date_close_approach": 3009596400000, "relative_velocity": {"kilometers_per_second": "13.1323798097", "kilometers_per_hour": "47276.5673150525", "miles_per_hour": "29375.8203964002"}, "miss_distance": {"astronomical": "0.2809565028", "lunar": "109.2920837402", "kilometers": "42030496", "miles": "26116540"}, "orbiting_body": "Earth"}, {"close_approach_date": "2065-07-05", "epoch_date_close_approach": 3014002800000, "relative_velocity": {"kilometers_per_second": "19.1926592903", "kilometers_per_hour": "69093.5734449641", "miles_per_hour": "42932.0595664001"}, "miss_distance": {"astronomical": "0.0438980102", "lunar": "17.0763244629", "kilometers": "6567048.5", "miles": "4080574.75"}, "orbiting_body": "Mars"}, {"close_approach_date": "2075-12-25", "epoch_date_close_approach": 3344486400000, "relative_velocity": {"kilometers_per_second": "13.1724071972", "kilometers_per_hour": "47420.6659097623", "miles_per_hour": "29465.3576593187"}, "miss_distance": {"astronomical": "0.2400429635", "lunar": "93.3767166138", "kilometers": "35909916", "miles": "22313388"}, "orbiting_body": "Earth"}, {"close_approach_date": "2078-05-15", "epoch_date_close_approach": 3419823600000, "relative_velocity": {"kilometers_per_second": "13.1629681401", "kilometers_per_hour": "47386.6853043964", "miles_per_hour": "29444.2434326123"}, "miss_distance": {"astronomical": "0.2849756444", "lunar": "110.8555297852", "kilometers": "42631752", "miles": "26490142"}, "orbiting_body": "Earth"}, {"close_approach_date": "2088-12-26", "epoch_date_close_approach": 3754886400000, "relative_velocity": {"kilometers_per_second": "13.0499517946", "kilometers_per_hour": "46979.8264605568", "miles_per_hour": "29191.4371693387"}, "miss_distance": {"astronomical": "0.2482211232", "lunar": "96.5580215454", "kilometers": "37133352", "miles": "23073596"}, "orbiting_body": "Earth"}, {"close_approach_date": "2091-05-16", "epoch_date_close_approach": 3830137200000, "relative_velocity": {"kilometers_per_second": "13.121603411", "kilometers_per_hour": "47237.7722794978", "miles_per_hour": "29351.7146700024"}, "miss_distance": {"astronomical": "0.2822631601", "lunar": "109.8003692627", "kilometers": "42225968", "miles": "26238000"}, "orbiting_body": "Earth"}, {"close_approach_date": "2093-05-11", "epoch_date_close_approach": 3892863600000, "relative_velocity": {"kilometers_per_second": "23.8798750333", "kilometers_per_hour": "85967.5501197752", "miles_per_hour": "53416.8924619237"}, "miss_distance": {"astronomical": "0.1088620638", "lunar": "42.3473434448", "kilometers": "16285533", "miles": "10119361"}, "orbiting_body": "Venus"}, {"close_approach_date": "2097-09-13", "epoch_date_close_approach": 4029894000000, "relative_velocity": {"kilometers_per_second": "15.7376239115", "kilometers_per_hour": "56655.4460815044", "miles_per_hour": "35203.4909276992"}, "miss_distance": {"astronomical": "0.0598639385", "lunar": "23.2870731354", "kilometers": "8955518", "miles": "5564701"}, "orbiting_body": "Venus"}, {"close_approach_date": "2101-12-23", "epoch_date_close_approach": 4164768000000, "relative_velocity": {"kilometers_per_second": "13.5177423755", "kilometers_per_hour": "48663.8725516902", "miles_per_hour": "30237.8379196877"}, "miss_distance": {"astronomical": "0.2218831281", "lunar": "86.312538147", "kilometers": "33193244", "miles": "20625326"}, "orbiting_body": "Earth"}, {"close_approach_date": "2104-05-10", "epoch_date_close_approach": 4239846000000, "relative_velocity": {"kilometers_per_second": "13.5840344336", "kilometers_per_hour": "48902.5239609805", "miles_per_hour": "30386.1266245326"}, "miss_distance": {"astronomical": "0.302576296", "lunar": "117.7021789551", "kilometers": "45264772", "miles": "28126224"}, "orbiting_body": "Earth"}, {"close_approach_date": "2106-06-29", "epoch_date_close_approach": 4307238000000, "relative_velocity": {"kilometers_per_second": "15.3397681282", "kilometers_per_hour": "55223.1652615387", "miles_per_hour": "34313.5273259822"}, "miss_distance": {"astronomical": "0.070219245", "lunar": "27.3152885437", "kilometers": "10504650", "miles": "6527287"}, "orbiting_body": "Venus"}, {"close_approach_date": "2110-11-02", "epoch_date_close_approach": 4444354800000, "relative_velocity": {"kilometers_per_second": "23.5654432167", "kilometers_per_hour": "84835.5955801747", "miles_per_hour": "52713.5399314702"}, "miss_distance": {"astronomical": "0.1044188643", "lunar": "40.618938446", "kilometers": "15620840", "miles": "9706340"}, "orbiting_body": "Venus"}, {"close_approach_date": "2114-12-23", "epoch_date_close_approach": 4574995200000, "relative_velocity": {"kilometers_per_second": "13.5213934331", "kilometers_per_hour": "48677.016359264", "miles_per_hour": "30246.004970566"}, "miss_distance": {"astronomical": "0.2219722934", "lunar": "86.3472213745", "kilometers": "33206582", "miles": "20633614"}, "orbiting_body": "Earth"}, {"close_approach_date": "2117-05-12", "epoch_date_close_approach": 4650246000000, "relative_velocity": {"kilometers_per_second": "13.4926371804", "kilometers_per_hour": "48573.4938495358", "miles_per_hour": "30181.6801088963"}, "miss_distance": {"astronomical": "0.2996192557", "lunar": "116.5518875122", "kilometers": "44822404", "miles": "27851350"}, "orbiting_body": "Earth"}, {"close_approach_date": "2127-12-26", "epoch_date_close_approach": 4985481600000, "relative_velocity": {"kilometers_per_second": "13.2281322758", "kilometers_per_hour": "47621.2761929016", "miles_per_hour": "29590.0090877504"}, "miss_distance": {"astronomical": "0.2368524119", "lunar": "92.1355895996", "kilometers": "35432616", "miles": "22016806"}, "orbiting_body": "Earth"}, {"close_approach_date": "2130-05-19", "epoch_date_close_approach": 5061078000000, "relative_velocity": {"kilometers_per_second": "13.0818908344", "kilometers_per_hour": "47094.8070039343", "miles_per_hour": "29262.881607528"}, "miss_distance": {"astronomical": "0.2731682209", "lunar": "106.2624359131", "kilometers": "40865384", "miles": "25392572"}, "orbiting_body": "Earth"}, {"close_approach_date": "2141-01-03", "epoch_date_close_approach": 5396486400000, "relative_velocity": {"kilometers_per_second": "13.0651969278", "kilometers_per_hour": "47034.7089401282", "miles_per_hour": "29225.5390078258"}, "miss_distance": {"astronomical": "0.2776017661", "lunar": "107.9870910645", "kilometers": "41528636", "miles": "25804698"}, "orbiting_body": "Earth"}, {"close_approach_date": "2143-03-16", "epoch_date_close_approach": 5465775600000, "relative_velocity": {"kilometers_per_second": "20.5562222425", "kilometers_per_hour": "74002.4000729046", "miles_per_hour": "45982.213534189"}, "miss_distance": {"astronomical": "0.0428745234", "lunar": "16.678188324", "kilometers": "6413937.5", "miles": "3985436"}, "orbiting_body": "Venus"}, {"close_approach_date": "2143-05-24", "epoch_date_close_approach": 5471737200000, "relative_velocity": {"kilometers_per_second": "13.1462785409", "kilometers_per_hour": "47326.6027471162", "miles_per_hour": "29406.9104680623"}, "miss_distance": {"astronomical": "0.2544798982", "lunar": "98.9926757812", "kilometers": "38069648", "miles": "23655384"}, "orbiting_body": "Earth"}, {"close_approach_date": "2147-07-23", "epoch_date_close_approach": 5603151600000, "relative_velocity": {"kilometers_per_second": "14.548675087", "kilometers_per_hour": "52375.2303130654", "miles_per_hour": "32543.9313020266"}, "miss_distance": {"astronomical": "0.1058682871", "lunar": "41.182762146", "kilometers": "15837671", "miles": "9841072"}, "orbiting_body": "Venus"}, {"close_approach_date": "2153-12-24", "epoch_date_close_approach": 5805849600000, "relative_velocity": {"kilometers_per_second": "13.4138865668", "kilometers_per_hour": "48289.9916405434", "miles_per_hour": "30005.5228613143"}, "miss_distance": {"astronomical": "0.2256873943", "lunar": "87.7923965454", "kilometers": "33762356", "miles": "20978954"}, "orbiting_body": "Earth"}, {"close_approach_date": "2156-04-28", "epoch_date_close_approach": 5879804400000, "relative_velocity": {"kilometers_per_second": "15.4955952377", "kilometers_per_hour": "55784.1428556491", "miles_per_hour": "34662.0969871671"}, "miss_distance": {"astronomical": "0.0655351061", "lunar": "25.4931564331", "kilometers": "9803912", "miles": "6091868.5"}, "orbiting_body": "Venus"}, {"close_approach_date": "2156-05-11", "epoch_date_close_approach": 5880927600000, "relative_velocity": {"kilometers_per_second": "13.5832602526", "kilometers_per_hour": "48899.7369092567", "miles_per_hour": "30384.3948589767"}, "miss_distance": {"astronomical": "0.3026258738", "lunar": "117.7214584351", "kilometers": "45272184", "miles": "28130832"}, "orbiting_body": "Earth"}, {"close_approach_date": "2160-08-31", "epoch_date_close_approach": 6016834800000, "relative_velocity": {"kilometers_per_second": "23.1764973451", "kilometers_per_hour": "83435.3904422074", "miles_per_hour": "51843.5069111593"}, "miss_distance": {"astronomical": "0.0974612838", "lunar": "37.912437439", "kilometers": "14580001", "miles": "9059592"}, "orbiting_body": "Venus"}, {"close_approach_date": "2166-12-17", "epoch_date_close_approach": 6215472000000, "relative_velocity": {"kilometers_per_second": "15.0849563298", "kilometers_per_hour": "54305.8427871752", "miles_per_hour": "33743.5388140645"}, "miss_distance": {"astronomical": "0.1658749998", "lunar": "64.5253753662", "kilometers": "24814548", "miles": "15419045"}, "orbiting_body": "Earth"}, {"close_approach_date": "2169-04-30", "epoch_date_close_approach": 6290204400000, "relative_velocity": {"kilometers_per_second": "15.0740063724", "kilometers_per_hour": "54266.4229405435", "miles_per_hour": "33719.0448543616"}, "miss_distance": {"astronomical": "0.3398328314", "lunar": "132.1949768066", "kilometers": "50838272", "miles": "31589436"}, "orbiting_body": "Earth"}, {"close_approach_date": "2179-12-16", "epoch_date_close_approach": 6625612800000, "relative_velocity": {"kilometers_per_second": "15.730115973", "kilometers_per_hour": "56628.417502908", "miles_per_hour": "35186.6964200708"}, "miss_distance": {"astronomical": "0.1436577649", "lunar": "55.8828697205", "kilometers": "21490896", "miles": "13353823"}, "orbiting_body": "Earth"}, {"close_approach_date": "2182-04-29", "epoch_date_close_approach": 6700345200000, "relative_velocity": {"kilometers_per_second": "15.2930068475", "kilometers_per_hour": "55054.8246509406", "miles_per_hour": "34208.9270171358"}, "miss_distance": {"astronomical": "0.3437619185", "lunar": "133.7233886719", "kilometers": "51426052", "miles": "31954668"}, "orbiting_body": "Earth"}, {"close_approach_date": "2192-12-15", "epoch_date_close_approach": 7035840000000, "relative_velocity": {"kilometers_per_second": "15.6993301618", "kilometers_per_hour": "56517.5885823709", "miles_per_hour": "35117.8316388626"}, "miss_distance": {"astronomical": "0.1453436857", "lunar": "56.5386962891", "kilometers": "21743106", "miles": "13510540"}, "orbiting_body": "Earth"}, {"close_approach_date": "2195-04-28", "epoch_date_close_approach": 7110486000000, "relative_velocity": {"kilometers_per_second": "15.53930271", "kilometers_per_hour": "55941.4897560572", "miles_per_hour": "34759.8662320346"}, "miss_distance": {"astronomical": "0.3483072041", "lunar": "135.4915008545", "kilometers": "52106016", "miles": "32377176"}, "orbiting_body": "Earth"}, {"close_approach_date": "2197-05-09", "epoch_date_close_approach": 7174594800000, "relative_velocity": {"kilometers_per_second": "17.9336087381", "kilometers_per_hour": "64560.9914573177", "miles_per_hour": "40115.6893863539"}, "miss_distance": {"astronomical": "0.0126731912", "lunar": "4.9298710823", "kilometers": "1895882.375", "miles": "1178046.75"}, "orbiting_body": "Venus"}], "orbital_data": {"orbit_id": "40", "orbit_determination_date": "2017-04-06 09:24:49", "orbit_uncertainty": "0", "minimum_orbit_intersection": ".00609637", "jupiter_tisserand_invariant": "3.957", "epoch_osculation": "2458000.5", "eccentricity": ".6613684526258795", "semi_major_axis": "1.674268443567388", "inclination": "3.17055136591068", "ascending_node_longitude": "66.01080685054272", "orbital_period": "791.2907055024157", "perihelion_distance": ".566960113764885", "perihelion_argument": "100.1996448427643", "aphelion_distance": "2.781576773369892", "perihelion_time": "2457971.912432618137", "mean_anomaly": "13.00599664056008", "mean_motion": ".4549528984691214", "equinox": "J2000"}}