{"links": {"self": "https://api.nasa.gov/neo/rest/v1/neo/2253841?api_key=stjNMXvPIBN6FqEBpH6hQbWAtFDv0RARRez0p7z1"}, "neo_reference_id": "2253841", "name": "253841 (2003 YG118)", "nasa_jpl_url": "http://ssd.jpl.nasa.gov/sbdb.cgi?sstr=2253841", "absolute_magnitude_h": 17.1, "estimated_diameter": {"kilometers": {"estimated_diameter_min": 1.0105434154, "estimated_diameter_max": 2.2596437711}, "meters": {"estimated_diameter_min": 1010.5434154201, "estimated_diameter_max": 2259.643771094}, "miles": {"estimated_diameter_min": 0.6279223726, "estimated_diameter_max": 1.4040771097}, "feet": {"estimated_diameter_min": 3315.4312590467, "estimated_diameter_max": 7413.5296699562}}, "is_potentially_hazardous_asteroid": true, "close_approach_data": [{"close_approach_date": "1904-07-05", "epoch_date_close_approach": -2066745600000, "relative_velocity": {"kilometers_per_second": "16.2052142173", "kilometers_per_hour": "58338.7711824449", "miles_per_hour": "36249.4436827808"}, "miss_distance": {"astronomical": "0.1538002297", "lunar": "59.8282928467", "kilometers": "23008188", "miles": "14296625"}, "orbiting_body": "Earth"}, {"close_approach_date": "1911-04-04", "epoch_date_close_approach": -1853856000000, "relative_velocity": {"kilometers_per_second": "12.6739358635", "kilometers_per_hour": "45626.169108686", "miles_per_hour": "28350.3271331166"}, "miss_distance": {"astronomical": "0.1628288569", "lunar": "63.3404273987", "kilometers": "24358852", "miles": "15135888"}, "orbiting_body": "Earth"}, {"close_approach_date": "1916-08-14", "epoch_date_close_approach": -1684598400000, "relative_velocity": {"kilometers_per_second": "6.7248589461", "kilometers_per_hour": "24209.4922058624", "miles_per_hour": "15042.8369764704"}, "miss_distance": {"astronomical": "1.9112952862", "lunar": "743.4938964844", "kilometers": "285925696", "miles": "177666000"}, "orbiting_body": "Juptr"}, {"close_approach_date": "1918-02-12", "epoch_date_close_approach": -1637337600000, "relative_velocity": {"kilometers_per_second": "24.3644245818", "kilometers_per_hour": "87711.9284944274", "miles_per_hour": "54500.7813469958"}, "miss_distance": {"astronomical": "0.2948918531", "lunar": "114.7129364014", "kilometers": "44115196", "miles": "27411912"}, "orbiting_body": "Earth"}, {"close_approach_date": "1935-07-23", "epoch_date_close_approach": -1086969600000, "relative_velocity": {"kilometers_per_second": "24.0933232105", "kilometers_per_hour": "86735.9635578436", "miles_per_hour": "53894.3546895945"}, "miss_distance": {"astronomical": "0.3329576476", "lunar": "129.5205230713", "kilometers": "49809756", "miles": "30950348"}, "orbiting_body": "Earth"}, {"close_approach_date": "1940-08-06", "epoch_date_close_approach": -927907200000, "relative_velocity": {"kilometers_per_second": "4.8303170591", "kilometers_per_hour": "17389.1414127189", "miles_per_hour": "10804.9362294752"}, "miss_distance": {"astronomical": "1.4031715165", "lunar": "545.8337402344", "kilometers": "209911472", "miles": "130432944"}, "orbiting_body": "Juptr"}, {"close_approach_date": "1942-05-11", "epoch_date_close_approach": -872355600000, "relative_velocity": {"kilometers_per_second": "13.344223135", "kilometers_per_hour": "48039.2032858553", "miles_per_hour": "29849.6927305916"}, "miss_distance": {"astronomical": "0.2299107193", "lunar": "89.4352722168", "kilometers": "34394152", "miles": "21371536"}, "orbiting_body": "Earth"}, {"close_approach_date": "1949-02-06", "epoch_date_close_approach": -659548800000, "relative_velocity": {"kilometers_per_second": "27.4394083377", "kilometers_per_hour": "98781.8700157654", "miles_per_hour": "61379.2125106293"}, "miss_distance": {"astronomical": "0.3911854294", "lunar": "152.1711273193", "kilometers": "58520508", "miles": "36362956"}, "orbiting_body": "Earth"}, {"close_approach_date": "1964-07-17", "epoch_date_close_approach": -172256400000, "relative_velocity": {"kilometers_per_second": "4.8873263169", "kilometers_per_hour": "17594.3747409138", "miles_per_hour": "10932.4602383194"}, "miss_distance": {"astronomical": "1.3813214117", "lunar": "537.3340454102", "kilometers": "206642752", "miles": "128401848"}, "orbiting_body": "Juptr"}, {"close_approach_date": "1966-07-08", "epoch_date_close_approach": -109962000000, "relative_velocity": {"kilometers_per_second": "16.7314020293", "kilometers_per_hour": "60233.0473055952", "miles_per_hour": "37426.4731994128"}, "miss_distance": {"astronomical": "0.1431913511", "lunar": "55.7014350891", "kilometers": "21421122", "miles": "13310468"}, "orbiting_body": "Earth"}, {"close_approach_date": "1973-03-15", "epoch_date_close_approach": 101030400000, "relative_velocity": {"kilometers_per_second": "13.5093926297", "kilometers_per_hour": "48633.813466879", "miles_per_hour": "30219.1603733504"}, "miss_distance": {"astronomical": "0.0925331359", "lunar": "35.995388031", "kilometers": "13842760", "miles": "8601492"}, "orbiting_body": "Earth"}, {"close_approach_date": "1988-07-21", "epoch_date_close_approach": 585471600000, "relative_velocity": {"kilometers_per_second": "6.7762599118", "kilometers_per_hour": "24394.5356824359", "miles_per_hour": "15157.815796678"}, "miss_distance": {"astronomical": "1.8534019016", "lunar": "720.9733276367", "kilometers": "277264992", "miles": "172284464"}, "orbiting_body": "Juptr"}, {"close_approach_date": "1997-07-25", "epoch_date_close_approach": 869814000000, "relative_velocity": {"kilometers_per_second": "24.951478855", "kilometers_per_hour": "89825.3238780173", "miles_per_hour": "55813.9630507602"}, "miss_distance": {"astronomical": "0.3599917185", "lunar": "140.0367889404", "kilometers": "53853996", "miles": "33463322"}, "orbiting_body": "Earth"}, {"close_approach_date": "2004-05-21", "epoch_date_close_approach": 1085122800000, "relative_velocity": {"kilometers_per_second": "12.7332543204", "kilometers_per_hour": "45839.715553444", "miles_per_hour": "28483.0165893052"}, "miss_distance": {"astronomical": "0.2194247414", "lunar": "85.3562240601", "kilometers": "32825474", "miles": "20396804"}, "orbiting_body": "Earth"}, {"close_approach_date": "2011-02-20", "epoch_date_close_approach": 1298188800000, "relative_velocity": {"kilometers_per_second": "20.8349865464", "kilometers_per_hour": "75005.9515668848", "miles_per_hour": "46605.7814055458"}, "miss_distance": {"astronomical": "0.1739399659", "lunar": "67.662651062", "kilometers": "26021050", "miles": "16168731"}, "orbiting_body": "Earth"}, {"close_approach_date": "2023-06-18", "epoch_date_close_approach": 1687071600000, "relative_velocity": {"kilometers_per_second": "6.3825613094", "kilometers_per_hour": "22977.2207137992", "miles_per_hour": "14277.1513929715"}, "miss_distance": {"astronomical": "1.8128560374", "lunar": "705.2009887695", "kilometers": "271199424", "miles": "168515504"}, "orbiting_body": "Juptr"}, {"close_approach_date": "2035-07-09", "epoch_date_close_approach": 2067577200000, "relative_velocity": {"kilometers_per_second": "16.4388267451", "kilometers_per_hour": "59179.7762823737", "miles_per_hour": "36772.0115461227"}, "miss_distance": {"astronomical": "0.1309774397", "lunar": "50.9502220154", "kilometers": "19593946", "miles": "12175113"}, "orbiting_body": "Earth"}, {"close_approach_date": "2042-03-14", "epoch_date_close_approach": 2278393200000, "relative_velocity": {"kilometers_per_second": "13.6155901801", "kilometers_per_hour": "49016.1246483791", "miles_per_hour": "30456.7136738775"}, "miss_distance": {"astronomical": "0.0889557215", "lunar": "34.6037750244", "kilometers": "13307587", "miles": "8268951"}, "orbiting_body": "Earth"}, {"close_approach_date": "2047-06-12", "epoch_date_close_approach": 2443935600000, "relative_velocity": {"kilometers_per_second": "4.6840985218", "kilometers_per_hour": "16862.7546785252", "miles_per_hour": "10477.8599834425"}, "miss_distance": {"astronomical": "1.3630438543", "lunar": "530.2240600586", "kilometers": "203908464", "miles": "126702848"}, "orbiting_body": "Juptr"}, {"close_approach_date": "2049-02-05", "epoch_date_close_approach": 2496124800000, "relative_velocity": {"kilometers_per_second": "29.0693182636", "kilometers_per_hour": "104649.5457488491", "miles_per_hour": "65025.1580237779"}, "miss_distance": {"astronomical": "0.4425237506", "lunar": "172.1417388916", "kilometers": "66200612", "miles": "41135152"}, "orbiting_body": "Earth"}, {"close_approach_date": "2066-07-13", "epoch_date_close_approach": 3046230000000, "relative_velocity": {"kilometers_per_second": "17.9913673253", "kilometers_per_hour": "64768.922370994", "miles_per_hour": "40244.8895699101"}, "miss_distance": {"astronomical": "0.142163269", "lunar": "55.3015098572", "kilometers": "21267322", "miles": "13214901"}, "orbiting_body": "Earth"}, {"close_approach_date": "2071-06-05", "epoch_date_close_approach": 3200713200000, "relative_velocity": {"kilometers_per_second": "5.2972903513", "kilometers_per_hour": "19070.2452646884", "miles_per_hour": "11849.5087868282"}, "miss_distance": {"astronomical": "1.478348071", "lunar": "575.0773925781", "kilometers": "221157712", "miles": "137421040"}, "orbiting_body": "Juptr"}, {"close_approach_date": "2073-04-11", "epoch_date_close_approach": 3259119600000, "relative_velocity": {"kilometers_per_second": "12.665805086", "kilometers_per_hour": "45596.8983097541", "miles_per_hour": "28332.1393969691"}, "miss_distance": {"astronomical": "0.1920642079", "lunar": "74.7129745483", "kilometers": "28732398", "miles": "17853484"}, "orbiting_body": "Earth"}, {"close_approach_date": "2080-02-16", "epoch_date_close_approach": 3475296000000, "relative_velocity": {"kilometers_per_second": "23.4533448254", "kilometers_per_hour": "84432.0413712856", "miles_per_hour": "52462.7870398413"}, "miss_distance": {"astronomical": "0.2618253304", "lunar": "101.8500518799", "kilometers": "39168512", "miles": "24338184"}, "orbiting_body": "Earth"}, {"close_approach_date": "2104-07-24", "epoch_date_close_approach": 4246326000000, "relative_velocity": {"kilometers_per_second": "23.3106786979", "kilometers_per_hour": "83918.4433122722", "miles_per_hour": "52143.6571792283"}, "miss_distance": {"astronomical": "0.2971660167", "lunar": "115.5975799561", "kilometers": "44455404", "miles": "27623308"}, "orbiting_body": "Earth"}, {"close_approach_date": "2111-05-26", "epoch_date_close_approach": 4462066800000, "relative_velocity": {"kilometers_per_second": "12.699171749", "kilometers_per_hour": "45717.018296269", "miles_per_hour": "28406.7772852567"}, "miss_distance": {"astronomical": "0.2200921669", "lunar": "85.615852356", "kilometers": "32925320", "miles": "20458844"}, "orbiting_body": "Earth"}, {"close_approach_date": "2118-02-25", "epoch_date_close_approach": 4675219200000, "relative_velocity": {"kilometers_per_second": "19.201657964", "kilometers_per_hour": "69125.96867045", "miles_per_hour": "42952.1886997027"}, "miss_distance": {"astronomical": "0.1125163245", "lunar": "43.7688484192", "kilometers": "16832202", "miles": "10459046"}, "orbiting_body": "Earth"}, {"close_approach_date": "2130-05-29", "epoch_date_close_approach": 5061942000000, "relative_velocity": {"kilometers_per_second": "5.2180417597", "kilometers_per_hour": "18784.9503348625", "miles_per_hour": "11672.2376122372"}, "miss_distance": {"astronomical": "1.5016206285", "lunar": "584.1304321289", "kilometers": "224639248", "miles": "139584368"}, "orbiting_body": "Juptr"}, {"close_approach_date": "2142-07-15", "epoch_date_close_approach": 5444694000000, "relative_velocity": {"kilometers_per_second": "17.5649756735", "kilometers_per_hour": "63233.9124244272", "miles_per_hour": "39291.0940839448"}, "miss_distance": {"astronomical": "0.1210760301", "lunar": "47.098575592", "kilometers": "18112716", "miles": "11254720"}, "orbiting_body": "Earth"}, {"close_approach_date": "2149-03-15", "epoch_date_close_approach": 5655078000000, "relative_velocity": {"kilometers_per_second": "13.5624390286", "kilometers_per_hour": "48824.7805029928", "miles_per_hour": "30337.8198630957"}, "miss_distance": {"astronomical": "0.0954266264", "lunar": "37.1209564209", "kilometers": "14275620", "miles": "8870459"}, "orbiting_body": "Earth"}, {"close_approach_date": "2154-05-19", "epoch_date_close_approach": 5818460400000, "relative_velocity": {"kilometers_per_second": "4.6902122492", "kilometers_per_hour": "16884.7640972198", "miles_per_hour": "10491.5357802975"}, "miss_distance": {"astronomical": "1.3564659438", "lunar": "527.665222168", "kilometers": "202924416", "miles": "126091384"}, "orbiting_body": "Juptr"}, {"close_approach_date": "2156-02-06", "epoch_date_close_approach": 5872723200000, "relative_velocity": {"kilometers_per_second": "30.246381998", "kilometers_per_hour": "108886.9751928677", "miles_per_hour": "67658.1318913683"}, "miss_distance": {"astronomical": "0.4843378952", "lunar": "188.4074401855", "kilometers": "72455920", "miles": "45022020"}, "orbiting_body": "Earth"}, {"close_approach_date": "2173-07-28", "epoch_date_close_approach": 6424124400000, "relative_velocity": {"kilometers_per_second": "23.8889727694", "kilometers_per_hour": "86000.301969925", "miles_per_hour": "53437.2431879237"}, "miss_distance": {"astronomical": "0.2929247462", "lunar": "113.9477233887", "kilometers": "43820916", "miles": "27229056"}, "orbiting_body": "Earth"}, {"close_approach_date": "2178-05-28", "epoch_date_close_approach": 6576620400000, "relative_velocity": {"kilometers_per_second": "6.5722427349", "kilometers_per_hour": "23660.073845597", "miles_per_hour": "14701.4497736711"}, "miss_distance": {"astronomical": "1.8268136928", "lunar": "710.6305541992", "kilometers": "273287456", "miles": "169812944"}, "orbiting_body": "Juptr"}, {"close_approach_date": "2180-05-30", "epoch_date_close_approach": 6639951600000, "relative_velocity": {"kilometers_per_second": "12.2451158983", "kilometers_per_hour": "44082.4172337907", "miles_per_hour": "27391.0997528518"}, "miss_distance": {"astronomical": "0.2063278805", "lunar": "80.2615509033", "kilometers": "30866212", "miles": "19179376"}, "orbiting_body": "Earth"}, {"close_approach_date": "2187-03-13", "epoch_date_close_approach": 6854050800000, "relative_velocity": {"kilometers_per_second": "14.1150126379", "kilometers_per_hour": "50814.0454964497", "miles_per_hour": "31573.8717697245"}, "miss_distance": {"astronomical": "0.0586990691", "lunar": "22.8339366913", "kilometers": "8781256", "miles": "5456419.5"}, "orbiting_body": "Earth"}, {"close_approach_date": "2194-02-08", "epoch_date_close_approach": 7072128000000, "relative_velocity": {"kilometers_per_second": "28.696284157", "kilometers_per_hour": "103306.6229652403", "miles_per_hour": "64190.7180308184"}, "miss_distance": {"astronomical": "0.432889983", "lunar": "168.3941955566", "kilometers": "64759420", "miles": "40239636"}, "orbiting_body": "Earth"}], "orbital_data": {"orbit_id": "101", "orbit_determination_date": "2018-01-14 07:01:29", "orbit_uncertainty": "0", "minimum_orbit_intersection": ".00836711", "jupiter_tisserand_invariant": "3.283", "epoch_osculation": "2458000.5", "eccentricity": ".641927366843314", "semi_major_axis": "2.28592041520344", "inclination": "8.095100653812704", "ascending_node_longitude": "348.2380671726945", "orbital_period": "1262.379944541541", "perihelion_distance": ".8185255422585208", "perihelion_argument": "232.5628363581809", "aphelion_distance": "3.753315288148359", "perihelion_time": "2458177.831073769632", "mean_anomaly": "309.4294987550264", "mean_motion": ".2851756331812934", "equinox": "J2000"}}