{"links": {"self": "https://api.nasa.gov/neo/rest/v1/neo/2267221?api_key=stjNMXvPIBN6FqEBpH6hQbWAtFDv0RARRez0p7z1"}, "neo_reference_id": "2267221", "name": "267221 (2001 AD2)", "nasa_jpl_url": "http://ssd.jpl.nasa.gov/sbdb.cgi?sstr=2267221", "absolute_magnitude_h": 19.8, "estimated_diameter": {"kilometers": {"estimated_diameter_min": 0.2914439045, "estimated_diameter_max": 0.6516883822}, "meters": {"estimated_diameter_min": 291.4439045349, "estimated_diameter_max": 651.6883821679}, "miles": {"estimated_diameter_min": 0.1810947904, "estimated_diameter_max": 0.4049402617}, "feet": {"estimated_diameter_min": 956.1808197541, "estimated_diameter_max": 2138.0853117517}}, "is_potentially_hazardous_asteroid": true, "close_approach_data": [{"close_approach_date": "1901-03-15", "epoch_date_close_approach": -2171116800000, "relative_velocity": {"kilometers_per_second": "35.5723254405", "kilometers_per_hour": "128060.3715857309", "miles_per_hour": "79571.7347778115"}, "miss_distance": {"astronomical": "0.43367222", "lunar": "168.6984863281", "kilometers": "64876440", "miles": "40312352"}, "orbiting_body": "Earth"}, {"close_approach_date": "1901-05-02", "epoch_date_close_approach": -2166969600000, "relative_velocity": {"kilometers_per_second": "25.2156139108", "kilometers_per_hour": "90776.210078758", "miles_per_hour": "56404.8067569927"}, "miss_distance": {"astronomical": "0.0459944919", "lunar": "17.8918571472", "kilometers": "6880678", "miles": "4275455"}, "orbiting_body": "Merc"}, {"close_approach_date": "1902-03-30", "epoch_date_close_approach": -2138284800000, "relative_velocity": {"kilometers_per_second": "24.625289331", "kilometers_per_hour": "88651.0415916436", "miles_per_hour": "55084.309704541"}, "miss_distance": {"astronomical": "0.0972392115", "lunar": "37.8260536194", "kilometers": "14546779", "miles": "9038949"}, "orbiting_body": "Earth"}, {"close_approach_date": "1903-01-06", "epoch_date_close_approach": -2113920000000, "relative_velocity": {"kilometers_per_second": "9.4780429782", "kilometers_per_hour": "34120.9547215202", "miles_per_hour": "21201.4343379357"}, "miss_distance": {"astronomical": "0.096200639", "lunar": "37.4220466614", "kilometers": "14391411", "miles": "8942408"}, "orbiting_body": "Mars"}, {"close_approach_date": "1903-04-06", "epoch_date_close_approach": -2106144000000, "relative_velocity": {"kilometers_per_second": "15.192463378", "kilometers_per_hour": "54692.8681606409", "miles_per_hour": "33984.0213301493"}, "miss_distance": {"astronomical": "0.2464729667", "lunar": "95.8779830933", "kilometers": "36871832", "miles": "22911094"}, "orbiting_body": "Earth"}, {"close_approach_date": "1906-07-14", "epoch_date_close_approach": -2002896000000, "relative_velocity": {"kilometers_per_second": "31.6604896693", "kilometers_per_hour": "113977.7628093695", "miles_per_hour": "70821.3493411885"}, "miss_distance": {"astronomical": "0.1350215192", "lunar": "52.5233726501", "kilometers": "20198932", "miles": "12551035"}, "orbiting_body": "Venus"}, {"close_approach_date": "1906-08-15", "epoch_date_close_approach": -2000131200000, "relative_velocity": {"kilometers_per_second": "20.9123570426", "kilometers_per_hour": "75284.4853535216", "miles_per_hour": "46778.8514686924"}, "miss_distance": {"astronomical": "0.0734857741", "lunar": "28.5859680176", "kilometers": "10993316", "miles": "6830930"}, "orbiting_body": "Merc"}, {"close_approach_date": "1909-12-17", "epoch_date_close_approach": -1894723200000, "relative_velocity": {"kilometers_per_second": "15.1184835604", "kilometers_per_hour": "54426.5408174238", "miles_per_hour": "33818.5358762487"}, "miss_distance": {"astronomical": "0.2485362851", "lunar": "96.6806182861", "kilometers": "37180500", "miles": "23102892"}, "orbiting_body": "Earth"}, {"close_approach_date": "1910-12-25", "epoch_date_close_approach": -1862496000000, "relative_velocity": {"kilometers_per_second": "24.7085765336", "kilometers_per_hour": "88950.8755210795", "miles_per_hour": "55270.6148480841"}, "miss_distance": {"astronomical": "0.1032532757", "lunar": "40.1655235291", "kilometers": "15446470", "miles": "9597992"}, "orbiting_body": "Earth"}, {"close_approach_date": "1911-11-24", "epoch_date_close_approach": -1833638400000, "relative_velocity": {"kilometers_per_second": "21.2176724464", "kilometers_per_hour": "76383.6208070749", "miles_per_hour": "47461.8114953739"}, "miss_distance": {"astronomical": "0.0917299336", "lunar": "35.6829452515", "kilometers": "13722603", "miles": "8526830"}, "orbiting_body": "Merc"}, {"close_approach_date": "1912-01-08", "epoch_date_close_approach": -1829750400000, "relative_velocity": {"kilometers_per_second": "35.9100011908", "kilometers_per_hour": "129276.0042868134", "miles_per_hour": "80327.0816636591"}, "miss_distance": {"astronomical": "0.4427343364", "lunar": "172.2236480713", "kilometers": "66232112", "miles": "41154728"}, "orbiting_body": "Earth"}, {"close_approach_date": "1913-01-19", "epoch_date_close_approach": -1797177600000, "relative_velocity": {"kilometers_per_second": "19.6428429504", "kilometers_per_hour": "70714.2346212755", "miles_per_hour": "43939.0753956475"}, "miss_distance": {"astronomical": "0.1162933836", "lunar": "45.2381286621", "kilometers": "17397244", "miles": "10810146"}, "orbiting_body": "Venus"}, {"close_approach_date": "1913-12-08", "epoch_date_close_approach": -1769270400000, "relative_velocity": {"kilometers_per_second": "22.2578703035", "kilometers_per_hour": "80128.3330927523", "miles_per_hour": "49788.6300819938"}, "miss_distance": {"astronomical": "0.0674462215", "lunar": "26.2365818024", "kilometers": "10089812", "miles": "6269518.5"}, "orbiting_body": "Venus"}, {"close_approach_date": "1917-03-05", "epoch_date_close_approach": -1667059200000, "relative_velocity": {"kilometers_per_second": "20.7738883129", "kilometers_per_hour": "74785.9979265502", "miles_per_hour": "46469.1107671945"}, "miss_distance": {"astronomical": "0.082650007", "lunar": "32.1508522034", "kilometers": "12364265", "miles": "7682798"}, "orbiting_body": "Merc"}, {"close_approach_date": "1919-03-14", "epoch_date_close_approach": -1603209600000, "relative_velocity": {"kilometers_per_second": "36.6040828107", "kilometers_per_hour": "131774.6981183566", "miles_per_hour": "81879.6728391533"}, "miss_distance": {"astronomical": "0.4644314318", "lunar": "180.6638336182", "kilometers": "69477952", "miles": "43171600"}, "orbiting_body": "Earth"}, {"close_approach_date": "1920-03-28", "epoch_date_close_approach": -1570377600000, "relative_velocity": {"kilometers_per_second": "25.6197188394", "kilometers_per_hour": "92230.9878218105", "miles_per_hour": "57308.7490718355"}, "miss_distance": {"astronomical": "0.1295229725", "lunar": "50.384437561", "kilometers": "19376362", "miles": "12039913"}, "orbiting_body": "Earth"}, {"close_approach_date": "1920-06-16", "epoch_date_close_approach": -1563465600000, "relative_velocity": {"kilometers_per_second": "29.370256206", "kilometers_per_hour": "105732.922341492", "miles_per_hour": "65698.3261071343"}, "miss_distance": {"astronomical": "0.0851978302", "lunar": "33.1419563293", "kilometers": "12745414", "miles": "7919633"}, "orbiting_body": "Venus"}, {"close_approach_date": "1921-04-06", "epoch_date_close_approach": -1538064000000, "relative_velocity": {"kilometers_per_second": "15.8270386999", "kilometers_per_hour": "56977.3393197113", "miles_per_hour": "35403.5028678506"}, "miss_distance": {"astronomical": "0.2157978181", "lunar": "83.945350647", "kilometers": "32282894", "miles": "20059660"}, "orbiting_body": "Earth"}, {"close_approach_date": "1922-03-21", "epoch_date_close_approach": -1507910400000, "relative_velocity": {"kilometers_per_second": "14.6722088167", "kilometers_per_hour": "52819.9517402316", "miles_per_hour": "32820.2639021456"}, "miss_distance": {"astronomical": "0.4960420355", "lunar": "192.960357666", "kilometers": "74206832", "miles": "46109988"}, "orbiting_body": "Earth"}, {"close_approach_date": "1922-06-17", "epoch_date_close_approach": -1500307200000, "relative_velocity": {"kilometers_per_second": "22.3026586857", "kilometers_per_hour": "80289.5712683443", "miles_per_hour": "49888.8172139332"}, "miss_distance": {"astronomical": "0.0581518669", "lunar": "22.6210765839", "kilometers": "8699396", "miles": "5405554"}, "orbiting_body": "Merc"}, {"close_approach_date": "1927-10-01", "epoch_date_close_approach": -1333382400000, "relative_velocity": {"kilometers_per_second": "25.044737126", "kilometers_per_hour": "90161.0536536644", "miles_per_hour": "56022.5724771894"}, "miss_distance": {"astronomical": "0.0384805024", "lunar": "14.9689149857", "kilometers": "5756601", "miles": "3576986"}, "orbiting_body": "Merc"}, {"close_approach_date": "1927-12-19", "epoch_date_close_approach": -1326556800000, "relative_velocity": {"kilometers_per_second": "14.8323022333", "kilometers_per_hour": "53396.2880398998", "miles_per_hour": "33178.3768656811"}, "miss_distance": {"astronomical": "0.2654501852", "lunar": "103.2601165771", "kilometers": "39710780", "miles": "24675136"}, "orbiting_body": "Earth"}, {"close_approach_date": "1928-12-24", "epoch_date_close_approach": -1294502400000, "relative_velocity": {"kilometers_per_second": "24.2530943396", "kilometers_per_hour": "87311.1396225978", "miles_per_hour": "54251.7467282747"}, "miss_distance": {"astronomical": "0.0887679086", "lunar": "34.5307159424", "kilometers": "13279490", "miles": "8251492.5"}, "orbiting_body": "Earth"}, {"close_approach_date": "1930-01-07", "epoch_date_close_approach": -1261756800000, "relative_velocity": {"kilometers_per_second": "35.551415355", "kilometers_per_hour": "127985.0952779986", "miles_per_hour": "79524.9610075986"}, "miss_distance": {"astronomical": "0.4316790194", "lunar": "167.9231414795", "kilometers": "64578260", "miles": "40127072"}, "orbiting_body": "Earth"}, {"close_approach_date": "1932-12-30", "epoch_date_close_approach": -1167753600000, "relative_velocity": {"kilometers_per_second": "26.6723946829", "kilometers_per_hour": "96020.6208584342", "miles_per_hour": "59663.4796661754"}, "miss_distance": {"astronomical": "0.0407382897", "lunar": "15.847193718", "kilometers": "6094361", "miles": "3786860.5"}, "orbiting_body": "Venus"}, {"close_approach_date": "1933-01-16", "epoch_date_close_approach": -1166284800000, "relative_velocity": {"kilometers_per_second": "28.0551736884", "kilometers_per_hour": "100998.6252783181", "miles_per_hour": "62756.6180236305"}, "miss_distance": {"astronomical": "0.0352595593", "lunar": "13.7159690857", "kilometers": "5274755", "miles": "3277580.75"}, "orbiting_body": "Merc"}, {"close_approach_date": "1937-03-14", "epoch_date_close_approach": -1035129600000, "relative_velocity": {"kilometers_per_second": "36.7554328159", "kilometers_per_hour": "132319.5581373487", "miles_per_hour": "82218.2276659543"}, "miss_distance": {"astronomical": "0.4685246814", "lunar": "182.2561035156", "kilometers": "70090296", "miles": "43552092"}, "orbiting_body": "Earth"}, {"close_approach_date": "1938-03-29", "epoch_date_close_approach": -1002297600000, "relative_velocity": {"kilometers_per_second": "25.794487643", "kilometers_per_hour": "92860.1555148778", "miles_per_hour": "57699.689408675"}, "miss_distance": {"astronomical": "0.1345502043", "lunar": "52.3400268555", "kilometers": "20128424", "miles": "12507222"}, "orbiting_body": "Earth"}, {"close_approach_date": "1938-05-02", "epoch_date_close_approach": -999360000000, "relative_velocity": {"kilometers_per_second": "33.2520380029", "kilometers_per_hour": "119707.3368103824", "miles_per_hour": "74381.4838086512"}, "miss_distance": {"astronomical": "0.0696316027", "lunar": "27.0866947174", "kilometers": "10416740", "miles": "6472662"}, "orbiting_body": "Merc"}, {"close_approach_date": "1939-04-07", "epoch_date_close_approach": -969984000000, "relative_velocity": {"kilometers_per_second": "15.9548243594", "kilometers_per_hour": "57437.3676936708", "miles_per_hour": "35689.3466094367"}, "miss_distance": {"astronomical": "0.2094908408", "lunar": "81.49193573", "kilometers": "31339384", "miles": "19473390"}, "orbiting_body": "Earth"}, {"close_approach_date": "1939-07-09", "epoch_date_close_approach": -961948800000, "relative_velocity": {"kilometers_per_second": "24.7194881513", "kilometers_per_hour": "88990.1573445716", "miles_per_hour": "55295.0230455756"}, "miss_distance": {"astronomical": "0.0120153925", "lunar": "4.6739873886", "kilometers": "1797477.125", "miles": "1116900.5"}, "orbiting_body": "Venus"}, {"close_approach_date": "1940-03-21", "epoch_date_close_approach": -939830400000, "relative_velocity": {"kilometers_per_second": "14.5839534382", "kilometers_per_hour": "52502.2323776014", "miles_per_hour": "32622.8454459601"}, "miss_distance": {"astronomical": "0.4856566319", "lunar": "188.920425415", "kilometers": "72653200", "miles": "45144604"}, "orbiting_body": "Earth"}, {"close_approach_date": "1941-07-24", "epoch_date_close_approach": -897494400000, "relative_velocity": {"kilometers_per_second": "30.8107647528", "kilometers_per_hour": "110918.7531102211", "miles_per_hour": "68920.599675626"}, "miss_distance": {"astronomical": "0.0589014652", "lunar": "22.9126701355", "kilometers": "8811534", "miles": "5475233.5"}, "orbiting_body": "Merc"}, {"close_approach_date": "1945-12-21", "epoch_date_close_approach": -758304000000, "relative_velocity": {"kilometers_per_second": "14.1983505911", "kilometers_per_hour": "51114.0621281116", "miles_per_hour": "31760.2904373258"}, "miss_distance": {"astronomical": "0.3286511324", "lunar": "127.8452911377", "kilometers": "49165508", "miles": "30550032"}, "orbiting_body": "Earth"}, {"close_approach_date": "1946-10-31", "epoch_date_close_approach": -731174400000, "relative_velocity": {"kilometers_per_second": "21.1122511063", "kilometers_per_hour": "76004.1039826487", "miles_per_hour": "47225.994499663"}, "miss_distance": {"astronomical": "0.0857097196", "lunar": "33.3410797119", "kilometers": "12821992", "miles": "7967216.5"}, "orbiting_body": "Merc"}, {"close_approach_date": "1946-11-30", "epoch_date_close_approach": -728582400000, "relative_velocity": {"kilometers_per_second": "30.9494732715", "kilometers_per_hour": "111418.1037773399", "miles_per_hour": "69230.876760981"}, "miss_distance": {"astronomical": "0.1175185454", "lunar": "45.7147140503", "kilometers": "17580524", "miles": "10924031"}, "orbiting_body": "Venus"}, {"close_approach_date": "1946-12-21", "epoch_date_close_approach": -726768000000, "relative_velocity": {"kilometers_per_second": "21.7568400004", "kilometers_per_hour": "78324.624001328", "miles_per_hour": "48667.8753968252"}, "miss_distance": {"astronomical": "0.0241467455", "lunar": "9.3930835724", "kilometers": "3612301.75", "miles": "2244580.25"}, "orbiting_body": "Earth"}, {"close_approach_date": "1948-01-04", "epoch_date_close_approach": -694022400000, "relative_velocity": {"kilometers_per_second": "32.6371895609", "kilometers_per_hour": "117493.8824192684", "miles_per_hour": "73006.1293287949"}, "miss_distance": {"astronomical": "0.346018941", "lunar": "134.6013641357", "kilometers": "51763696", "miles": "32164470"}, "orbiting_body": "Earth"}, {"close_approach_date": "1952-02-04", "epoch_date_close_approach": -565113600000, "relative_velocity": {"kilometers_per_second": "20.9034146686", "kilometers_per_hour": "75252.2928069427", "miles_per_hour": "46758.8482721806"}, "miss_distance": {"astronomical": "0.0773308792", "lunar": "30.0817127228", "kilometers": "11568535", "miles": "7188354.5"}, "orbiting_body": "Merc"}, {"close_approach_date": "1956-03-22", "epoch_date_close_approach": -434822400000, "relative_velocity": {"kilometers_per_second": "30.2728313237", "kilometers_per_hour": "108982.1927654413", "miles_per_hour": "67717.2963880599"}, "miss_distance": {"astronomical": "0.2750559529", "lunar": "106.9967651367", "kilometers": "41147784", "miles": "25568048"}, "orbiting_body": "Earth"}, {"close_approach_date": "1957-04-04", "epoch_date_close_approach": -402163200000, "relative_velocity": {"kilometers_per_second": "19.819841193", "kilometers_per_hour": "71351.428294777", "miles_per_hour": "44335.0027646074"}, "miss_distance": {"astronomical": "0.0628473259", "lunar": "24.4476089478", "kilometers": "9401826", "miles": "5842024"}, "orbiting_body": "Earth"}, {"close_approach_date": "1957-05-15", "epoch_date_close_approach": -398624400000, "relative_velocity": {"kilometers_per_second": "27.6332283649", "kilometers_per_hour": "99479.6221135511", "miles_per_hour": "61812.7685293896"}, "miss_distance": {"astronomical": "0.0344391802", "lunar": "13.3968410492", "kilometers": "5152028", "miles": "3201321.75"}, "orbiting_body": "Merc"}, {"close_approach_date": "1958-03-30", "epoch_date_close_approach": -371059200000, "relative_velocity": {"kilometers_per_second": "14.0661238006", "kilometers_per_hour": "50638.045682219", "miles_per_hour": "31464.5123295988"}, "miss_distance": {"astronomical": "0.3835963328", "lunar": "149.2189788818", "kilometers": "57385196", "miles": "35657508"}, "orbiting_body": "Earth"}, {"close_approach_date": "1959-06-11", "epoch_date_close_approach": -333219600000, "relative_velocity": {"kilometers_per_second": "30.790153631", "kilometers_per_hour": "110844.5530715417", "miles_per_hour": "68874.4946571477"}, "miss_distance": {"astronomical": "0.1178137947", "lunar": "45.8295669556", "kilometers": "17624694", "miles": "10951477"}, "orbiting_body": "Venus"}, {"close_approach_date": "1962-08-28", "epoch_date_close_approach": -231786000000, "relative_velocity": {"kilometers_per_second": "35.5643582557", "kilometers_per_hour": "128031.6897205895", "miles_per_hour": "79553.9129822185"}, "miss_distance": {"astronomical": "0.0899211282", "lunar": "34.9793205261", "kilometers": "13452010", "miles": "8358691.5"}, "orbiting_body": "Merc"}, {"close_approach_date": "1963-10-30", "epoch_date_close_approach": -194803200000, "relative_velocity": {"kilometers_per_second": "14.7615569117", "kilometers_per_hour": "53141.6048821682", "miles_per_hour": "33020.1266558117"}, "miss_distance": {"astronomical": "0.4851578737", "lunar": "188.7264099121", "kilometers": "72578584", "miles": "45098244"}, "orbiting_body": "Earth"}, {"close_approach_date": "1963-12-29", "epoch_date_close_approach": -189619200000, "relative_velocity": {"kilometers_per_second": "14.311783567", "kilometers_per_hour": "51522.420841245", "miles_per_hour": "32014.0286610503"}, "miss_distance": {"astronomical": "0.4281971785", "lunar": "166.5686950684", "kilometers": "64057388", "miles": "39803416"}, "orbiting_body": "Earth"}, {"close_approach_date": "1964-12-18", "epoch_date_close_approach": -158947200000, "relative_velocity": {"kilometers_per_second": "18.1849000419", "kilometers_per_hour": "65465.6401508188", "miles_per_hour": "40677.8029037129"}, "miss_distance": {"astronomical": "0.1191246902", "lunar": "46.3395042419", "kilometers": "17820800", "miles": "11073332"}, "orbiting_body": "Earth"}, {"close_approach_date": "1965-11-19", "epoch_date_close_approach": -129916800000, "relative_velocity": {"kilometers_per_second": "27.8134247164", "kilometers_per_hour": "100128.3289788737", "miles_per_hour": "62215.8497480118"}, "miss_distance": {"astronomical": "0.0472362235", "lunar": "18.3748912811", "kilometers": "7066438.5", "miles": "4390881.5"}, "orbiting_body": "Merc"}, {"close_approach_date": "1965-12-16", "epoch_date_close_approach": -127584000000, "relative_velocity": {"kilometers_per_second": "19.0629949877", "kilometers_per_hour": "68626.7819558064", "miles_per_hour": "42642.0134880398"}, "miss_distance": {"astronomical": "0.1282751088", "lunar": "49.899017334", "kilometers": "19189684", "miles": "11923917"}, "orbiting_body": "Venus"}, {"close_approach_date": "1965-12-30", "epoch_date_close_approach": -126374400000, "relative_velocity": {"kilometers_per_second": "28.7783494051", "kilometers_per_hour": "103602.0578583773", "miles_per_hour": "64374.2897842789"}, "miss_distance": {"astronomical": "0.2287632167", "lunar": "88.9888916016", "kilometers": "34222492", "miles": "21264870"}, "orbiting_body": "Earth"}, {"close_approach_date": "1966-11-04", "epoch_date_close_approach": -99676800000, "relative_velocity": {"kilometers_per_second": "23.1156200795", "kilometers_per_hour": "83216.2322862547", "miles_per_hour": "51707.3305558675"}, "miss_distance": {"astronomical": "0.0511409314", "lunar": "19.8938217163", "kilometers": "7650574.5", "miles": "4753846.5"}, "orbiting_body": "Venus"}, {"close_approach_date": "1971-02-27", "epoch_date_close_approach": 36489600000, "relative_velocity": {"kilometers_per_second": "21.0488007866", "kilometers_per_hour": "75775.6828316578", "miles_per_hour": "47084.062479482"}, "miss_distance": {"astronomical": "0.083937322", "lunar": "32.6516189575", "kilometers": "12556845", "miles": "7802462"}, "orbiting_body": "Merc"}, {"close_approach_date": "1973-05-11", "epoch_date_close_approach": 105951600000, "relative_velocity": {"kilometers_per_second": "26.7033725531", "kilometers_per_hour": "96132.1411911694", "miles_per_hour": "59732.7740640352"}, "miss_distance": {"astronomical": "0.0312100445", "lunar": "12.140707016", "kilometers": "4668956", "miles": "2901155"}, "orbiting_body": "Venus"}, {"close_approach_date": "1974-03-19", "epoch_date_close_approach": 132908400000, "relative_velocity": {"kilometers_per_second": "33.6836233956", "kilometers_per_hour": "121261.0442241755", "miles_per_hour": "75346.8971736273"}, "miss_distance": {"astronomical": "0.3776353263", "lunar": "146.9001464844", "kilometers": "56493440", "miles": "35103396"}, "orbiting_body": "Earth"}, {"close_approach_date": "1975-04-02", "epoch_date_close_approach": 165654000000, "relative_velocity": {"kilometers_per_second": "22.830347331", "kilometers_per_hour": "82189.2503917245", "miles_per_hour": "51069.2039447913"}, "miss_distance": {"astronomical": "0.0394447468", "lunar": "15.3440074921", "kilometers": "5900850.5", "miles": "3666618.5"}, "orbiting_body": "Earth"}, {"close_approach_date": "1976-04-04", "epoch_date_close_approach": 197452800000, "relative_velocity": {"kilometers_per_second": "14.4488495079", "kilometers_per_hour": "52015.8582285221", "miles_per_hour": "32320.6314642725"}, "miss_distance": {"astronomical": "0.2978134668", "lunar": "115.8494415283", "kilometers": "44552264", "miles": "27683492"}, "orbiting_body": "Earth"}, {"close_approach_date": "1976-06-06", "epoch_date_close_approach": 202892400000, "relative_velocity": {"kilometers_per_second": "20.8710431773", "kilometers_per_hour": "75135.7554381086", "miles_per_hour": "46686.4364831959"}, "miss_distance": {"astronomical": "0.0884057103", "lunar": "34.3898239136", "kilometers": "13225307", "miles": "8217824.5"}, "orbiting_body": "Merc"}, {"close_approach_date": "1981-09-14", "epoch_date_close_approach": 369298800000, "relative_velocity": {"kilometers_per_second": "23.0088356862", "kilometers_per_hour": "82831.8084703697", "miles_per_hour": "51468.4645464917"}, "miss_distance": {"astronomical": "0.0522891051", "lunar": "20.340461731", "kilometers": "7822339", "miles": "4860576"}, "orbiting_body": "Merc"}, {"close_approach_date": "1982-01-03", "epoch_date_close_approach": 378892800000, "relative_velocity": {"kilometers_per_second": "14.7571357274", "kilometers_per_hour": "53125.6886184704", "miles_per_hour": "33010.2369085157"}, "miss_distance": {"astronomical": "0.4911023624", "lunar": "191.0388183594", "kilometers": "73467872", "miles": "45650816"}, "orbiting_body": "Earth"}, {"close_approach_date": "1982-12-18", "epoch_date_close_approach": 409046400000, "relative_velocity": {"kilometers_per_second": "15.8592778025", "kilometers_per_hour": "57093.4000888488", "miles_per_hour": "35475.6185163183"}, "miss_distance": {"astronomical": "0.2108641809", "lunar": "82.0261688232", "kilometers": "31544834", "miles": "19601050"}, "orbiting_body": "Earth"}, {"close_approach_date": "1983-12-27", "epoch_date_close_approach": 441360000000, "relative_velocity": {"kilometers_per_second": "25.8735634531", "kilometers_per_hour": "93144.8284310459", "miles_per_hour": "57876.5740881685"}, "miss_distance": {"astronomical": "0.1395908633", "lunar": "54.3008460999", "kilometers": "20882496", "miles": "12975781"}, "orbiting_body": "Earth"}, {"close_approach_date": "1985-01-10", "epoch_date_close_approach": 474192000000, "relative_velocity": {"kilometers_per_second": "37.0201301955", "kilometers_per_hour": "133272.4687037701", "miles_per_hour": "82810.3292342954"}, "miss_distance": {"astronomical": "0.4749519786", "lunar": "184.7563171387", "kilometers": "71051808", "miles": "44149544"}, "orbiting_body": "Earth"}, {"close_approach_date": "1986-12-28", "epoch_date_close_approach": 536140800000, "relative_velocity": {"kilometers_per_second": "29.666663535", "kilometers_per_hour": "106799.9887259834", "miles_per_hour": "66361.3596614312"}, "miss_distance": {"astronomical": "0.0428897542", "lunar": "16.6841144562", "kilometers": "6416216", "miles": "3986851.75"}, "orbiting_body": "Merc"}, {"close_approach_date": "1992-03-15", "epoch_date_close_approach": 700646400000, "relative_velocity": {"kilometers_per_second": "36.2668708075", "kilometers_per_hour": "130560.7349070526", "miles_per_hour": "81125.3633093294"}, "miss_distance": {"astronomical": "0.4546294246", "lunar": "176.8508453369", "kilometers": "68011592", "miles": "42260444"}, "orbiting_body": "Earth"}, {"close_approach_date": "1993-03-29", "epoch_date_close_approach": 733392000000, "relative_velocity": {"kilometers_per_second": "25.4512719887", "kilometers_per_hour": "91624.5791592919", "miles_per_hour": "56931.9503115056"}, "miss_distance": {"astronomical": "0.1243223385", "lunar": "48.3613891602", "kilometers": "18598358", "miles": "11556484"}, "orbiting_body": "Earth"}, {"close_approach_date": "1993-04-17", "epoch_date_close_approach": 735030000000, "relative_velocity": {"kilometers_per_second": "24.6058340661", "kilometers_per_hour": "88581.0026378423", "miles_per_hour": "55040.7902223859"}, "miss_distance": {"astronomical": "0.0293137318", "lunar": "11.4030418396", "kilometers": "4385272", "miles": "2724881.75"}, "orbiting_body": "Venus"}, {"close_approach_date": "1994-04-07", "epoch_date_close_approach": 765702000000, "relative_velocity": {"kilometers_per_second": "15.8077046087", "kilometers_per_hour": "56907.7365911605", "miles_per_hour": "35360.2544391019"}, "miss_distance": {"astronomical": "0.2163578392", "lunar": "84.1632003784", "kilometers": "32366672", "miles": "20111718"}, "orbiting_body": "Earth"}, {"close_approach_date": "1995-03-22", "epoch_date_close_approach": 795859200000, "relative_velocity": {"kilometers_per_second": "14.6506092959", "kilometers_per_hour": "52742.1934651205", "miles_per_hour": "32771.9479339244"}, "miss_distance": {"astronomical": "0.4934504506", "lunar": "191.9522247314", "kilometers": "73819136", "miles": "45869088"}, "orbiting_body": "Earth"}, {"close_approach_date": "1995-07-05", "epoch_date_close_approach": 804927600000, "relative_velocity": {"kilometers_per_second": "25.916506137", "kilometers_per_hour": "93299.422093317", "miles_per_hour": "57972.632577928"}, "miss_distance": {"astronomical": "0.0450397903", "lunar": "17.5204792023", "kilometers": "6737857", "miles": "4186710.25"}, "orbiting_body": "Merc"}, {"close_approach_date": "1999-10-23", "epoch_date_close_approach": 940662000000, "relative_velocity": {"kilometers_per_second": "25.9406506132", "kilometers_per_hour": "93386.3422073414", "miles_per_hour": "58026.6413565561"}, "miss_distance": {"astronomical": "0.0163070163", "lunar": "6.3434295654", "kilometers": "2439495", "miles": "1515831.875"}, "orbiting_body": "Venus"}, {"close_approach_date": "2000-10-15", "epoch_date_close_approach": 971593200000, "relative_velocity": {"kilometers_per_second": "20.8895800898", "kilometers_per_hour": "75202.4883233225", "miles_per_hour": "46727.9017029"}, "miss_distance": {"astronomical": "0.0754214739", "lunar": "29.3389530182", "kilometers": "11282892", "miles": "7010864"}, "orbiting_body": "Merc"}, {"close_approach_date": "2000-12-19", "epoch_date_close_approach": 977212800000, "relative_velocity": {"kilometers_per_second": "14.5669424219", "kilometers_per_hour": "52440.9927189534", "miles_per_hour": "32584.7935036186"}, "miss_distance": {"astronomical": "0.284704645", "lunar": "110.7501144409", "kilometers": "42591212", "miles": "26464952"}, "orbiting_body": "Earth"}, {"close_approach_date": "2001-12-24", "epoch_date_close_approach": 1009180800000, "relative_velocity": {"kilometers_per_second": "23.7195758596", "kilometers_per_hour": "85390.4730944725", "miles_per_hour": "53058.3192402849"}, "miss_distance": {"astronomical": "0.0723671921", "lunar": "28.1508369446", "kilometers": "10825978", "miles": "6726950.5"}, "orbiting_body": "Earth"}, {"close_approach_date": "2003-01-08", "epoch_date_close_approach": 1042012800000, "relative_velocity": {"kilometers_per_second": "35.1300410063", "kilometers_per_hour": "126468.1476227919", "miles_per_hour": "78582.388727062"}, "miss_distance": {"astronomical": "0.4189476957", "lunar": "162.9706573486", "kilometers": "62673684", "miles": "38943620"}, "orbiting_body": "Earth"}, {"close_approach_date": "2006-02-01", "epoch_date_close_approach": 1138780800000, "relative_velocity": {"kilometers_per_second": "20.9002494841", "kilometers_per_hour": "75240.8981427877", "miles_per_hour": "46751.7680710005"}, "miss_distance": {"astronomical": "0.078078537", "lunar": "30.3725509644", "kilometers": "11680383", "miles": "7257853.5"}, "orbiting_body": "Merc"}, {"close_approach_date": "2010-03-16", "epoch_date_close_approach": 1268722800000, "relative_velocity": {"kilometers_per_second": "35.965983109", "kilometers_per_hour": "129477.539192531", "miles_per_hour": "80452.3076166035"}, "miss_distance": {"astronomical": "0.4452322798", "lunar": "173.1953582764", "kilometers": "66605800", "miles": "41386924"}, "orbiting_body": "Earth"}, {"close_approach_date": "2011-03-31", "epoch_date_close_approach": 1301554800000, "relative_velocity": {"kilometers_per_second": "24.822092381", "kilometers_per_hour": "89359.5325717523", "miles_per_hour": "55524.5384471535"}, "miss_distance": {"astronomical": "0.1033434044", "lunar": "40.2005844116", "kilometers": "15459953", "miles": "9606370"}, "orbiting_body": "Earth"}, {"close_approach_date": "2011-05-21", "epoch_date_close_approach": 1305961200000, "relative_velocity": {"kilometers_per_second": "20.9258889864", "kilometers_per_hour": "75333.2003510263", "miles_per_hour": "46809.1210736697"}, "miss_distance": {"astronomical": "0.079517257", "lunar": "30.9322147369", "kilometers": "11895613", "miles": "7391591"}, "orbiting_body": "Merc"}, {"close_approach_date": "2012-04-06", "epoch_date_close_approach": 1333695600000, "relative_velocity": {"kilometers_per_second": "15.2123264534", "kilometers_per_hour": "54764.3752323602", "miles_per_hour": "34028.4530436852"}, "miss_distance": {"astronomical": "0.2452456097", "lunar": "95.4005432129", "kilometers": "36688220", "miles": "22797004"}, "orbiting_body": "Earth"}, {"close_approach_date": "2012-05-10", "epoch_date_close_approach": 1336633200000, "relative_velocity": {"kilometers_per_second": "27.3407353814", "kilometers_per_hour": "98426.6473728841", "miles_per_hour": "61158.4909745568"}, "miss_distance": {"astronomical": "0.0513010793", "lunar": "19.9561195374", "kilometers": "7674532.5", "miles": "4768733.5"}, "orbiting_body": "Venus"}, {"close_approach_date": "2016-09-03", "epoch_date_close_approach": 1472886000000, "relative_velocity": {"kilometers_per_second": "21.1660579096", "kilometers_per_hour": "76197.8084745474", "miles_per_hour": "47346.3549379764"}, "miss_distance": {"astronomical": "0.0879045372", "lunar": "34.1948623657", "kilometers": "13150331", "miles": "8171237"}, "orbiting_body": "Merc"}, {"close_approach_date": "2018-11-18", "epoch_date_close_approach": 1542528000000, "relative_velocity": {"kilometers_per_second": "25.5720962833", "kilometers_per_hour": "92059.5466199466", "miles_per_hour": "57202.2221761552"}, "miss_distance": {"astronomical": "0.0100075085", "lunar": "3.8929207325", "kilometers": "1497101.875", "miles": "930256"}, "orbiting_body": "Venus"}, {"close_approach_date": "2018-12-18", "epoch_date_close_approach": 1545120000000, "relative_velocity": {"kilometers_per_second": "15.5326042591", "kilometers_per_hour": "55917.3753328446", "miles_per_hour": "34744.8824672334"}, "miss_distance": {"astronomical": "0.2263097241", "lunar": "88.0344772339", "kilometers": "33855452", "miles": "21036802"}, "orbiting_body": "Earth"}, {"close_approach_date": "2019-12-27", "epoch_date_close_approach": 1577433600000, "relative_velocity": {"kilometers_per_second": "25.9245062241", "kilometers_per_hour": "93328.2224066502", "miles_per_hour": "57990.5279726211"}, "miss_distance": {"astronomical": "0.1402338138", "lunar": "54.5509529114", "kilometers": "20978680", "miles": "13035548"}, "orbiting_body": "Earth"}, {"close_approach_date": "2021-01-11", "epoch_date_close_approach": 1610352000000, "relative_velocity": {"kilometers_per_second": "37.6189210839", "kilometers_per_hour": "135428.115902036", "miles_per_hour": "84149.7645725734"}, "miss_distance": {"astronomical": "0.4915798119", "lunar": "191.2245483398", "kilometers": "73539296", "miles": "45695196"}, "orbiting_body": "Earth"}, {"close_approach_date": "2021-12-24", "epoch_date_close_approach": 1640332800000, "relative_velocity": {"kilometers_per_second": "20.9369045396", "kilometers_per_hour": "75372.8563425992", "miles_per_hour": "46833.7617646556"}, "miss_distance": {"astronomical": "0.0803661006", "lunar": "31.2624111176", "kilometers": "12022597", "miles": "7470495.5"}, "orbiting_body": "Merc"}, {"close_approach_date": "2027-04-18", "epoch_date_close_approach": 1808031600000, "relative_velocity": {"kilometers_per_second": "23.2913465844", "kilometers_per_hour": "83848.8477036967", "miles_per_hour": "52100.4131745553"}, "miss_distance": {"astronomical": "0.0505085263", "lunar": "19.6478157043", "kilometers": "7555968", "miles": "4695061"}, "orbiting_body": "Merc"}, {"close_approach_date": "2028-03-21", "epoch_date_close_approach": 1837234800000, "relative_velocity": {"kilometers_per_second": "31.9514178845", "kilometers_per_hour": "115025.1043842792", "miles_per_hour": "71472.1266658873"}, "miss_distance": {"astronomical": "0.325231644", "lunar": "126.5151062012", "kilometers": "48653960", "miles": "30232170"}, "orbiting_body": "Earth"}, {"close_approach_date": "2029-04-04", "epoch_date_close_approach": 1869980400000, "relative_velocity": {"kilometers_per_second": "20.7926399316", "kilometers_per_hour": "74853.5037536873", "miles_per_hour": "46511.0562629509"}, "miss_distance": {"astronomical": "0.0310162436", "lunar": "12.0653190613", "kilometers": "4639964", "miles": "2883140"}, "orbiting_body": "Earth"}, {"close_approach_date": "2030-04-01", "epoch_date_close_approach": 1901257200000, "relative_velocity": {"kilometers_per_second": "14.0756164576", "kilometers_per_hour": "50672.2192472549", "miles_per_hour": "31485.7464539401"}, "miss_distance": {"astronomical": "0.3759077227", "lunar": "146.2281036377", "kilometers": "56234996", "miles": "34942804"}, "orbiting_body": "Earth"}, {"close_approach_date": "2030-07-21", "epoch_date_close_approach": 1910847600000, "relative_velocity": {"kilometers_per_second": "19.0828234406", "kilometers_per_hour": "68698.164386273", "miles_per_hour": "42686.3677543484"}, "miss_distance": {"astronomical": "0.1277117045", "lunar": "49.679851532", "kilometers": "19105398", "miles": "11871544"}, "orbiting_body": "Venus"}, {"close_approach_date": "2031-06-11", "epoch_date_close_approach": 1938927600000, "relative_velocity": {"kilometers_per_second": "21.8272623377", "kilometers_per_hour": "78578.1444158528", "miles_per_hour": "48825.4031232837"}, "miss_distance": {"astronomical": "0.0747171653", "lunar": "29.0649776459", "kilometers": "11177529", "miles": "6945394.5"}, "orbiting_body": "Venus"}, {"close_approach_date": "2032-08-08", "epoch_date_close_approach": 1975561200000, "relative_velocity": {"kilometers_per_second": "34.2879397464", "kilometers_per_hour": "123436.5830872106", "miles_per_hour": "76698.6924188282"}, "miss_distance": {"astronomical": "0.0790512499", "lunar": "30.7509365082", "kilometers": "11825899", "miles": "7348272.5"}, "orbiting_body": "Merc"}, {"close_approach_date": "2034-09-03", "epoch_date_close_approach": 2040879600000, "relative_velocity": {"kilometers_per_second": "33.1834533998", "kilometers_per_hour": "119460.4322394571", "miles_per_hour": "74228.0669101227"}, "miss_distance": {"astronomical": "0.0701735336", "lunar": "27.297504425", "kilometers": "10497811", "miles": "6523037.5"}, "orbiting_body": "Merc"}, {"close_approach_date": "2035-12-23", "epoch_date_close_approach": 2082009600000, "relative_velocity": {"kilometers_per_second": "14.1519627294", "kilometers_per_hour": "50947.0658259314", "miles_per_hour": "31656.5254294517"}, "miss_distance": {"astronomical": "0.3407439518", "lunar": "132.5493927002", "kilometers": "50974572", "miles": "31674130"}, "orbiting_body": "Earth"}, {"close_approach_date": "2036-12-22", "epoch_date_close_approach": 2113545600000, "relative_velocity": {"kilometers_per_second": "22.2220995835", "kilometers_per_hour": "79999.5585007094", "miles_per_hour": "49708.6145583992"}, "miss_distance": {"astronomical": "0.0311821101", "lunar": "12.1298408508", "kilometers": "4664777.5", "miles": "2898558.25"}, "orbiting_body": "Earth"}, {"close_approach_date": "2038-01-06", "epoch_date_close_approach": 2146377600000, "relative_velocity": {"kilometers_per_second": "34.0486640104", "kilometers_per_hour": "122575.1904375606", "miles_per_hour": "76163.4565249387"}, "miss_distance": {"astronomical": "0.3871250701", "lunar": "150.5916595459", "kilometers": "57913088", "miles": "35985524"}, "orbiting_body": "Earth"}, {"close_approach_date": "2038-04-15", "epoch_date_close_approach": 2154927600000, "relative_velocity": {"kilometers_per_second": "9.6982901143", "kilometers_per_hour": "34913.8444114278", "miles_per_hour": "21694.1051566453"}, "miss_distance": {"astronomical": "0.0990015867", "lunar": "38.5116157532", "kilometers": "14810427", "miles": "9202772"}, "orbiting_body": "Mars"}, {"close_approach_date": "2039-12-27", "epoch_date_close_approach": 2208585600000, "relative_velocity": {"kilometers_per_second": "23.5823549933", "kilometers_per_hour": "84896.4779757716", "miles_per_hour": "52751.3698844454"}, "miss_distance": {"astronomical": "0.047845173", "lunar": "18.6117725372", "kilometers": "7157536", "miles": "4447487"}, "orbiting_body": "Merc"}, {"close_approach_date": "2043-02-15", "epoch_date_close_approach": 2307600000000, "relative_velocity": {"kilometers_per_second": "23.911679657", "kilometers_per_hour": "86082.0467650866", "miles_per_hour": "53488.0362246728"}, "miss_distance": {"astronomical": "0.0367886018", "lunar": "14.3107662201", "kilometers": "5503496.5", "miles": "3419714.25"}, "orbiting_body": "Venus"}, {"close_approach_date": "2045-03-19", "epoch_date_close_approach": 2373519600000, "relative_velocity": {"kilometers_per_second": "33.4866339771", "kilometers_per_hour": "120551.8823175906", "miles_per_hour": "74906.251543394"}, "miss_distance": {"astronomical": "0.3716430565", "lunar": "144.569152832", "kilometers": "55597012", "miles": "34546380"}, "orbiting_body": "Earth"}, {"close_approach_date": "2045-04-29", "epoch_date_close_approach": 2377062000000, "relative_velocity": {"kilometers_per_second": "21.1775376237", "kilometers_per_hour": "76239.1354452494", "miles_per_hour": "47372.0339104107"}, "miss_distance": {"astronomical": "0.0912910447", "lunar": "35.5122184753", "kilometers": "13656946", "miles": "8486033"}, "orbiting_body": "Merc"}, {"close_approach_date": "2046-04-03", "epoch_date_close_approach": 2406351600000, "relative_velocity": {"kilometers_per_second": "21.935501611", "kilometers_per_hour": "78967.8057994286", "miles_per_hour": "49067.5235535394"}, "miss_distance": {"astronomical": "0.0112401582", "lunar": "4.3724217415", "kilometers": "1681503.75", "miles": "1044838"}, "orbiting_body": "Earth"}, {"close_approach_date": "2046-04-03", "epoch_date_close_approach": 2406351600000, "relative_velocity": {"kilometers_per_second": "21.2486936209", "kilometers_per_hour": "76495.2970350838", "miles_per_hour": "47531.2027604941"}, "miss_distance": {"astronomical": "0.0099657489", "lunar": "3.8766760826", "kilometers": "1490854.75", "miles": "926374.1875"}, "orbiting_body": "Moon"}, {"close_approach_date": "2047-04-04", "epoch_date_close_approach": 2437974000000, "relative_velocity": {"kilometers_per_second": "14.127233692", "kilometers_per_hour": "50858.0412910355", "miles_per_hour": "31601.2090455326"}, "miss_distance": {"astronomical": "0.3402869254", "lunar": "132.3716125488", "kilometers": "50906196", "miles": "31631644"}, "orbiting_body": "Earth"}, {"close_approach_date": "2050-08-26", "epoch_date_close_approach": 2545110000000, "relative_velocity": {"kilometers_per_second": "21.3122610554", "kilometers_per_hour": "76724.1397994036", "miles_per_hour": "47673.3967548017"}, "miss_distance": {"astronomical": "0.0644648663", "lunar": "25.076833725", "kilometers": "9643807", "miles": "5992384"}, "orbiting_body": "Merc"}, {"close_approach_date": "2052-12-26", "epoch_date_close_approach": 2618812800000, "relative_velocity": {"kilometers_per_second": "14.1798360732", "kilometers_per_hour": "51047.4098635765", "miles_per_hour": "31718.8753121762"}, "miss_distance": {"astronomical": "0.395039148", "lunar": "153.6702270508", "kilometers": "59097016", "miles": "36721184"}, "orbiting_body": "Earth"}, {"close_approach_date": "2053-12-20", "epoch_date_close_approach": 2649830400000, "relative_velocity": {"kilometers_per_second": "20.0716080486", "kilometers_per_hour": "72257.7889749366", "miles_per_hour": "44898.1800438988"}, "miss_distance": {"astronomical": "0.0578149959", "lunar": "22.4900341034", "kilometers": "8649000", "miles": "5374239.5"}, "orbiting_body": "Earth"}, {"close_approach_date": "2054-10-21", "epoch_date_close_approach": 2676178800000, "relative_velocity": {"kilometers_per_second": "28.5728552677", "kilometers_per_hour": "102862.2789638791", "miles_per_hour": "63914.619948417"}, "miss_distance": {"astronomical": "0.0736740878", "lunar": "28.6592216492", "kilometers": "11021487", "miles": "6848434.5"}, "orbiting_body": "Venus"}, {"close_approach_date": "2055-01-03", "epoch_date_close_approach": 2682576000000, "relative_velocity": {"kilometers_per_second": "31.4258920004", "kilometers_per_hour": "113133.2112014515", "miles_per_hour": "70296.5778157019"}, "miss_distance": {"astronomical": "0.3087707218", "lunar": "120.1118087769", "kilometers": "46191444", "miles": "28702032"}, "orbiting_body": "Earth"}, {"close_approach_date": "2055-12-17", "epoch_date_close_approach": 2712643200000, "relative_velocity": {"kilometers_per_second": "26.7535748414", "kilometers_per_hour": "96312.8694288758", "miles_per_hour": "59845.0715626257"}, "miss_distance": {"astronomical": "0.0449805193", "lunar": "17.4974212646", "kilometers": "6728990", "miles": "4181200.5"}, "orbiting_body": "Merc"}, {"close_approach_date": "2061-04-06", "epoch_date_close_approach": 2879996400000, "relative_velocity": {"kilometers_per_second": "30.4271294606", "kilometers_per_hour": "109537.6660582079", "miles_per_hour": "68062.4458904459"}, "miss_distance": {"astronomical": "0.0565006728", "lunar": "21.978761673", "kilometers": "8452380", "miles": "5252065.5"}, "orbiting_body": "Merc"}, {"close_approach_date": "2061-05-01", "epoch_date_close_approach": 2882156400000, "relative_velocity": {"kilometers_per_second": "26.6586859474", "kilometers_per_hour": "95971.2694105248", "miles_per_hour": "59632.8145956675"}, "miss_distance": {"astronomical": "0.0306462158", "lunar": "11.9213781357", "kilometers": "4584608.5", "miles": "2848743.75"}, "orbiting_body": "Venus"}, {"close_approach_date": "2063-03-28", "epoch_date_close_approach": 2942290800000, "relative_velocity": {"kilometers_per_second": "27.1953242583", "kilometers_per_hour": "97903.1673297065", "miles_per_hour": "60833.2208332835"}, "miss_distance": {"astronomical": "0.1782414133", "lunar": "69.3359146118", "kilometers": "26664536", "miles": "16568575"}, "orbiting_body": "Earth"}, {"close_approach_date": "2064-04-07", "epoch_date_close_approach": 2974777200000, "relative_velocity": {"kilometers_per_second": "16.6327374305", "kilometers_per_hour": "59877.8547496582", "miles_per_hour": "37205.7703581973"}, "miss_distance": {"astronomical": "0.1812246269", "lunar": "70.496383667", "kilometers": "27110818", "miles": "16845882"}, "orbiting_body": "Earth"}, {"close_approach_date": "2065-03-23", "epoch_date_close_approach": 3005017200000, "relative_velocity": {"kilometers_per_second": "14.5488755534", "kilometers_per_hour": "52375.9519924096", "miles_per_hour": "32544.3797255058"}, "miss_distance": {"astronomical": "0.483021592", "lunar": "187.895401001", "kilometers": "72259000", "miles": "44899660"}, "orbiting_body": "Earth"}, {"close_approach_date": "2068-08-20", "epoch_date_close_approach": 3112671600000, "relative_velocity": {"kilometers_per_second": "30.738919893", "kilometers_per_hour": "110660.1116146322", "miles_per_hour": "68759.8899085475"}, "miss_distance": {"astronomical": "0.0510607381", "lunar": "19.8626270294", "kilometers": "7638578", "miles": "4746392.5"}, "orbiting_body": "Merc"}, {"close_approach_date": "2070-12-18", "epoch_date_close_approach": 3186115200000, "relative_velocity": {"kilometers_per_second": "15.6375919257", "kilometers_per_hour": "56295.3309326435", "miles_per_hour": "34979.7293786751"}, "miss_distance": {"astronomical": "0.2209382496", "lunar": "85.9449768066", "kilometers": "33051892", "miles": "20537494"}, "orbiting_body": "Earth"}, {"close_approach_date": "2071-12-28", "epoch_date_close_approach": 3218515200000, "relative_velocity": {"kilometers_per_second": "26.1702322605", "kilometers_per_hour": "94212.8361376859", "miles_per_hour": "58540.1925434415"}, "miss_distance": {"astronomical": "0.1479692683", "lunar": "57.5600471497", "kilometers": "22135888", "miles": "13754604"}, "orbiting_body": "Earth"}, {"close_approach_date": "2073-01-02", "epoch_date_close_approach": 3250569600000, "relative_velocity": {"kilometers_per_second": "20.8413017649", "kilometers_per_hour": "75028.6863535486", "miles_per_hour": "46619.907917848"}, "miss_distance": {"astronomical": "0.0914437908", "lunar": "35.5716362", "kilometers": "13679797", "miles": "8500232"}, "orbiting_body": "Venus"}, {"close_approach_date": "2073-01-11", "epoch_date_close_approach": 3251347200000, "relative_velocity": {"kilometers_per_second": "37.8954083288", "kilometers_per_hour": "136423.469983523", "miles_per_hour": "84768.2388905952"}, "miss_distance": {"astronomical": "0.499426331", "lunar": "194.27684021", "kilometers": "74713120", "miles": "46424580"}, "orbiting_body": "Earth"}, {"close_approach_date": "2073-11-22", "epoch_date_close_approach": 3278563200000, "relative_velocity": {"kilometers_per_second": "20.2488334633", "kilometers_per_hour": "72895.8004677727", "miles_per_hour": "45294.6155739891"}, "miss_distance": {"astronomical": "0.1065196101", "lunar": "41.436126709", "kilometers": "15935107", "miles": "9901616"}, "orbiting_body": "Venus"}, {"close_approach_date": "2073-12-10", "epoch_date_close_approach": 3280118400000, "relative_velocity": {"kilometers_per_second": "25.3216423359", "kilometers_per_hour": "91157.912409285", "miles_per_hour": "56641.9817412027"}, "miss_distance": {"astronomical": "0.038691083", "lunar": "15.0508317947", "kilometers": "5788104", "miles": "3596561"}, "orbiting_body": "Merc"}, {"close_approach_date": "2079-04-04", "epoch_date_close_approach": 3447817200000, "relative_velocity": {"kilometers_per_second": "21.2888032843", "kilometers_per_hour": "76639.691823597", "miles_per_hour": "47620.9240667234"}, "miss_distance": {"astronomical": "0.0702326612", "lunar": "27.3205051422", "kilometers": "10506656", "miles": "6528533.5"}, "orbiting_body": "Merc"}, {"close_approach_date": "2080-03-22", "epoch_date_close_approach": 3478316400000, "relative_velocity": {"kilometers_per_second": "31.4995965708", "kilometers_per_hour": "113398.5476547576", "miles_per_hour": "70461.4475691465"}, "miss_distance": {"astronomical": "0.3115154881", "lunar": "121.1795196533", "kilometers": "46602052", "miles": "28957174"}, "orbiting_body": "Earth"}, {"close_approach_date": "2081-04-05", "epoch_date_close_approach": 3511062000000, "relative_velocity": {"kilometers_per_second": "20.3453114441", "kilometers_per_hour": "73243.1211986851", "miles_per_hour": "45510.4271692608"}, "miss_distance": {"astronomical": "0.0460745413", "lunar": "17.922996521", "kilometers": "6892653.5", "miles": "4282896.5"}, "orbiting_body": "Earth"}, {"close_approach_date": "2082-03-31", "epoch_date_close_approach": 3542166000000, "relative_velocity": {"kilometers_per_second": "14.0911944337", "kilometers_per_hour": "50728.2999613229", "miles_per_hour": "31520.5928287453"}, "miss_distance": {"astronomical": "0.3884793658", "lunar": "151.1184692383", "kilometers": "58115684", "miles": "36111412"}, "orbiting_body": "Earth"}, {"close_approach_date": "2084-07-31", "epoch_date_close_approach": 3615865200000, "relative_velocity": {"kilometers_per_second": "21.1670316125", "kilometers_per_hour": "76201.3138050857", "miles_per_hour": "47348.5330140545"}, "miss_distance": {"astronomical": "0.0919286136", "lunar": "35.7602310181", "kilometers": "13752325", "miles": "8545299"}, "orbiting_body": "Merc"}, {"close_approach_date": "2085-07-27", "epoch_date_close_approach": 3647055600000, "relative_velocity": {"kilometers_per_second": "25.4021615221", "kilometers_per_hour": "91447.781479488", "miles_per_hour": "56822.0951087408"}, "miss_distance": {"astronomical": "0.0249879747", "lunar": "9.7203226089", "kilometers": "3738148", "miles": "2322777.5"}, "orbiting_body": "Venus"}, {"close_approach_date": "2087-12-23", "epoch_date_close_approach": 3723004800000, "relative_velocity": {"kilometers_per_second": "14.1983775194", "kilometers_per_hour": "51114.159069808", "miles_per_hour": "31760.350673126"}, "miss_distance": {"astronomical": "0.3326578777", "lunar": "129.4039154053", "kilometers": "49764908", "miles": "30922482"}, "orbiting_body": "Earth"}, {"close_approach_date": "2088-12-23", "epoch_date_close_approach": 3754627200000, "relative_velocity": {"kilometers_per_second": "22.4487547978", "kilometers_per_hour": "80815.5172719493", "miles_per_hour": "50215.6196071176"}, "miss_distance": {"astronomical": "0.0372314837", "lunar": "14.4830465317", "kilometers": "5569750.5", "miles": "3460882.5"}, "orbiting_body": "Earth"}, {"close_approach_date": "2089-11-29", "epoch_date_close_approach": 3784089600000, "relative_velocity": {"kilometers_per_second": "21.6647233749", "kilometers_per_hour": "77993.004149505", "miles_per_hour": "48461.8197172299"}, "miss_distance": {"astronomical": "0.0603527298", "lunar": "23.4772129059", "kilometers": "9028640", "miles": "5610137"}, "orbiting_body": "Merc"}, {"close_approach_date": "2090-01-07", "epoch_date_close_approach": 3787459200000, "relative_velocity": {"kilometers_per_second": "34.2138067376", "kilometers_per_hour": "123169.7042553463", "miles_per_hour": "76532.864291329"}, "miss_distance": {"astronomical": "0.3921378488", "lunar": "152.5416259766", "kilometers": "58662988", "miles": "36451492"}, "orbiting_body": "Earth"}, {"close_approach_date": "2095-03-24", "epoch_date_close_approach": 3951788400000, "relative_velocity": {"kilometers_per_second": "35.4420982654", "kilometers_per_hour": "127591.5537553021", "miles_per_hour": "79280.4296097876"}, "miss_distance": {"astronomical": "0.0863019162", "lunar": "33.5714454651", "kilometers": "12910583", "miles": "8022264.5"}, "orbiting_body": "Merc"}, {"close_approach_date": "2097-03-19", "epoch_date_close_approach": 4014514800000, "relative_velocity": {"kilometers_per_second": "33.9658306819", "kilometers_per_hour": "122276.9904549203", "miles_per_hour": "75978.166652392"}, "miss_distance": {"astronomical": "0.3862356661", "lunar": "150.2456665039", "kilometers": "57780032", "miles": "35902848"}, "orbiting_body": "Earth"}, {"close_approach_date": "2097-04-02", "epoch_date_close_approach": 4015724400000, "relative_velocity": {"kilometers_per_second": "28.7400735297", "kilometers_per_hour": "103464.2647070413", "miles_per_hour": "64288.6704786613"}, "miss_distance": {"astronomical": "0.0767096621", "lunar": "29.8400592804", "kilometers": "11475603", "miles": "7130609"}, "orbiting_body": "Venus"}, {"close_approach_date": "2097-04-17", "epoch_date_close_approach": 4017020400000, "relative_velocity": {"kilometers_per_second": "32.5105274892", "kilometers_per_hour": "117037.8989610329", "miles_per_hour": "72722.7989405374"}, "miss_distance": {"astronomical": "0.0648741617", "lunar": "25.2360496521", "kilometers": "9705037", "miles": "6030430.5"}, "orbiting_body": "Merc"}, {"close_approach_date": "2098-04-03", "epoch_date_close_approach": 4047346800000, "relative_velocity": {"kilometers_per_second": "22.5445187561", "kilometers_per_hour": "81160.267521802", "miles_per_hour": "50429.8340054219"}, "miss_distance": {"astronomical": "0.0295057847", "lunar": "11.4777507782", "kilometers": "4414002.5", "miles": "2742734.25"}, "orbiting_body": "Earth"}, {"close_approach_date": "2099-04-05", "epoch_date_close_approach": 4079055600000, "relative_velocity": {"kilometers_per_second": "14.2286584015", "kilometers_per_hour": "51223.1702454392", "miles_per_hour": "31828.0859783397"}, "miss_distance": {"astronomical": "0.3221505233", "lunar": "125.3165588379", "kilometers": "48193032", "miles": "29945762"}, "orbiting_body": "Earth"}, {"close_approach_date": "2102-08-09", "epoch_date_close_approach": 4184550000000, "relative_velocity": {"kilometers_per_second": "26.9813689486", "kilometers_per_hour": "97132.9282150259", "miles_per_hour": "60354.6242011643"}, "miss_distance": {"astronomical": "0.0357212879", "lunar": "13.8955802917", "kilometers": "5343828.5", "miles": "3320501"}, "orbiting_body": "Merc"}, {"close_approach_date": "2103-10-15", "epoch_date_close_approach": 4221874800000, "relative_velocity": {"kilometers_per_second": "28.1272236992", "kilometers_per_hour": "101258.0053171693", "miles_per_hour": "62917.7866927711"}, "miss_distance": {"astronomical": "0.0604271184", "lunar": "23.506149292", "kilometers": "9039768", "miles": "5617051.5"}, "orbiting_body": "Venus"}, {"close_approach_date": "2104-11-05", "epoch_date_close_approach": 4255315200000, "relative_velocity": {"kilometers_per_second": "13.0037909238", "kilometers_per_hour": "46813.6473255475", "miles_per_hour": "29088.1799173659"}, "miss_distance": {"astronomical": "0.4710790245", "lunar": "183.2497406006", "kilometers": "70472416", "miles": "43789532"}, "orbiting_body": "Earth"}, {"close_approach_date": "2104-12-29", "epoch_date_close_approach": 4259980800000, "relative_velocity": {"kilometers_per_second": "14.2321287174", "kilometers_per_hour": "51235.6633825104", "miles_per_hour": "31835.8487278715"}, "miss_distance": {"astronomical": "0.4136830972", "lunar": "160.9227142334", "kilometers": "61886108", "miles": "38454244"}, "orbiting_body": "Earth"}, {"close_approach_date": "2105-12-21", "epoch_date_close_approach": 4290825600000, "relative_velocity": {"kilometers_per_second": "19.3984176006", "kilometers_per_hour": "69834.303362012", "miles_per_hour": "43392.3203306902"}, "miss_distance": {"astronomical": "0.0791441662", "lunar": "30.7870807648", "kilometers": "11839799", "miles": "7356910"}, "orbiting_body": "Earth"}, {"close_approach_date": "2107-01-04", "epoch_date_close_approach": 4323571200000, "relative_velocity": {"kilometers_per_second": "30.8069564699", "kilometers_per_hour": "110905.0432916011", "miles_per_hour": "68912.0809274952"}, "miss_distance": {"astronomical": "0.2902379947", "lunar": "112.9025802612", "kilometers": "43418988", "miles": "26979308"}, "orbiting_body": "Earth"}, {"close_approach_date": "2107-11-30", "epoch_date_close_approach": 4352083200000, "relative_velocity": {"kilometers_per_second": "22.1645774423", "kilometers_per_hour": "79792.4787921407", "miles_per_hour": "49579.9432805943"}, "miss_distance": {"astronomical": "0.060362248", "lunar": "23.4809150696", "kilometers": "9030064", "miles": "5611021.5"}, "orbiting_body": "Merc"}, {"close_approach_date": "2113-03-25", "epoch_date_close_approach": 4519868400000, "relative_velocity": {"kilometers_per_second": "20.754150237", "kilometers_per_hour": "74714.9408533717", "miles_per_hour": "46424.958665252"}, "miss_distance": {"astronomical": "0.0853628463", "lunar": "33.2061462402", "kilometers": "12770100", "miles": "7934972"}, "orbiting_body": "Merc"}, {"close_approach_date": "2115-03-30", "epoch_date_close_approach": 4583372400000, "relative_velocity": {"kilometers_per_second": "27.1938561819", "kilometers_per_hour": "97897.8822548922", "miles_per_hour": "60829.9368933245"}, "miss_distance": {"astronomical": "0.1786342162", "lunar": "69.4887084961", "kilometers": "26723298", "miles": "16605087"}, "orbiting_body": "Earth"}, {"close_approach_date": "2115-06-17", "epoch_date_close_approach": 4590198000000, "relative_velocity": {"kilometers_per_second": "21.6121015587", "kilometers_per_hour": "77803.5656111969", "miles_per_hour": "48344.1099765795"}, "miss_distance": {"astronomical": "0.0755924435", "lunar": "29.4054603577", "kilometers": "11308469", "miles": "7026756.5"}, "orbiting_body": "Venus"}, {"close_approach_date": "2116-04-09", "epoch_date_close_approach": 4615858800000, "relative_velocity": {"kilometers_per_second": "16.7095595669", "kilometers_per_hour": "60154.4144406856", "miles_per_hour": "37377.6137951026"}, "miss_distance": {"astronomical": "0.1782324231", "lunar": "69.3324127197", "kilometers": "26663190", "miles": "16567738"}, "orbiting_body": "Earth"}, {"close_approach_date": "2116-05-06", "epoch_date_close_approach": 4618191600000, "relative_velocity": {"kilometers_per_second": "19.5918923859", "kilometers_per_hour": "70530.8125892202", "miles_per_hour": "43825.1040780074"}, "miss_distance": {"astronomical": "0.1197599484", "lunar": "46.5866203308", "kilometers": "17915834", "miles": "11132383"}, "orbiting_body": "Venus"}, {"close_approach_date": "2117-03-25", "epoch_date_close_approach": 4646098800000, "relative_velocity": {"kilometers_per_second": "14.5462627299", "kilometers_per_hour": "52366.5458276238", "miles_per_hour": "32538.5351005032"}, "miss_distance": {"astronomical": "0.4799254893", "lunar": "186.6910095215", "kilometers": "71795832", "miles": "44611860"}, "orbiting_body": "Earth"}, {"close_approach_date": "2118-07-19", "epoch_date_close_approach": 4687657200000, "relative_velocity": {"kilometers_per_second": "21.201903993", "kilometers_per_hour": "76326.8543746722", "miles_per_hour": "47426.5390418623"}, "miss_distance": {"astronomical": "0.0919267379", "lunar": "35.7595024109", "kilometers": "13752044", "miles": "8545124"}, "orbiting_body": "Merc"}, {"close_approach_date": "2122-12-20", "epoch_date_close_approach": 4827196800000, "relative_velocity": {"kilometers_per_second": "15.3719958853", "kilometers_per_hour": "55339.1851870408", "miles_per_hour": "34385.6175958032"}, "miss_distance": {"astronomical": "0.2343792408", "lunar": "91.1735305786", "kilometers": "35062636", "miles": "21786912"}, "orbiting_body": "Earth"}, {"close_approach_date": "2123-11-12", "epoch_date_close_approach": 4855449600000, "relative_velocity": {"kilometers_per_second": "20.8967821961", "kilometers_per_hour": "75228.4159061065", "miles_per_hour": "46744.0120945471"}, "miss_distance": {"astronomical": "0.0768857008", "lunar": "29.908536911", "kilometers": "11501937", "miles": "7146972.5"}, "orbiting_body": "Merc"}, {"close_approach_date": "2123-12-29", "epoch_date_close_approach": 4859510400000, "relative_velocity": {"kilometers_per_second": "25.6913778792", "kilometers_per_hour": "92488.9603650628", "miles_per_hour": "57469.0431779469"}, "miss_distance": {"astronomical": "0.1333843533", "lunar": "51.8865127563", "kilometers": "19954014", "miles": "12398850"}, "orbiting_body": "Earth"}, {"close_approach_date": "2125-01-12", "epoch_date_close_approach": 4892342400000, "relative_velocity": {"kilometers_per_second": "37.384539497", "kilometers_per_hour": "134584.3421892177", "miles_per_hour": "83625.4764008503"}, "miss_distance": {"astronomical": "0.4848726317", "lunar": "188.6154632568", "kilometers": "72535912", "miles": "45071728"}, "orbiting_body": "Earth"}, {"close_approach_date": "2128-01-08", "epoch_date_close_approach": 4986604800000, "relative_velocity": {"kilometers_per_second": "26.3594316957", "kilometers_per_hour": "94893.9541044228", "miles_per_hour": "58963.4127600509"}, "miss_distance": {"astronomical": "0.0336991951", "lunar": "13.1089868546", "kilometers": "5041328", "miles": "3132536"}, "orbiting_body": "Venus"}, {"close_approach_date": "2129-03-06", "epoch_date_close_approach": 5023152000000, "relative_velocity": {"kilometers_per_second": "23.6518043347", "kilometers_per_hour": "85146.4956047479", "miles_per_hour": "52906.7211161835"}, "miss_distance": {"astronomical": "0.0489051315", "lunar": "19.0240955353", "kilometers": "7316103.5", "miles": "4546016"}, "orbiting_body": "Merc"}, {"close_approach_date": "2132-03-22", "epoch_date_close_approach": 5119225200000, "relative_velocity": {"kilometers_per_second": "32.6233481387", "kilometers_per_hour": "117444.0532992833", "miles_per_hour": "72975.1674514352"}, "miss_distance": {"astronomical": "0.3460737192", "lunar": "134.6226806641", "kilometers": "51771892", "miles": "32169562"}, "orbiting_body": "Earth"}, {"close_approach_date": "2133-04-05", "epoch_date_close_approach": 5151970800000, "relative_velocity": {"kilometers_per_second": "21.5295413612", "kilometers_per_hour": "77506.3489002883", "miles_per_hour": "48159.4310708486"}, "miss_distance": {"astronomical": "0.0087639643", "lunar": "3.4091820717", "kilometers": "1311070.375", "miles": "814661.375"}, "orbiting_body": "Earth"}, {"close_approach_date": "2133-04-05", "epoch_date_close_approach": 5151970800000, "relative_velocity": {"kilometers_per_second": "21.3184587641", "kilometers_per_hour": "76746.4515507024", "miles_per_hour": "47687.2604093795"}, "miss_distance": {"astronomical": "0.0089935313", "lunar": "3.4984838963", "kilometers": "1345413.125", "miles": "836001"}, "orbiting_body": "Moon"}, {"close_approach_date": "2134-04-04", "epoch_date_close_approach": 5183420400000, "relative_velocity": {"kilometers_per_second": "14.0678790974", "kilometers_per_hour": "50644.3647505417", "miles_per_hour": "31468.438752913"}, "miss_distance": {"astronomical": "0.3584301023", "lunar": "139.4293060303", "kilometers": "53620380", "miles": "33318158"}, "orbiting_body": "Earth"}, {"close_approach_date": "2134-06-25", "epoch_date_close_approach": 5190505200000, "relative_velocity": {"kilometers_per_second": "29.8366561225", "kilometers_per_hour": "107411.9620408373", "miles_per_hour": "66741.6160803191"}, "miss_distance": {"astronomical": "0.0538200891", "lunar": "20.9360141754", "kilometers": "8051370.5", "miles": "5002890"}, "orbiting_body": "Merc"}, {"close_approach_date": "2134-07-20", "epoch_date_close_approach": 5192665200000, "relative_velocity": {"kilometers_per_second": "29.7091905637", "kilometers_per_hour": "106953.0860293798", "miles_per_hour": "66456.4883719777"}, "miss_distance": {"astronomical": "0.0927754939", "lunar": "36.0896682739", "kilometers": "13879016", "miles": "8624021"}, "orbiting_body": "Venus"}, {"close_approach_date": "2136-07-20", "epoch_date_close_approach": 5255823600000, "relative_velocity": {"kilometers_per_second": "35.0222466308", "kilometers_per_hour": "126080.0878709145", "miles_per_hour": "78341.263488458"}, "miss_distance": {"astronomical": "0.0868784646", "lunar": "33.7957229614", "kilometers": "12996833", "miles": "8075858"}, "orbiting_body": "Merc"}, {"close_approach_date": "2139-09-12", "epoch_date_close_approach": 5355097200000, "relative_velocity": {"kilometers_per_second": "30.9492701168", "kilometers_per_hour": "111417.3724204098", "miles_per_hour": "69230.4223242263"}, "miss_distance": {"astronomical": "0.1202202311", "lunar": "46.7656707764", "kilometers": "17984690", "miles": "11175169"}, "orbiting_body": "Venus"}, {"close_approach_date": "2139-12-25", "epoch_date_close_approach": 5364086400000, "relative_velocity": {"kilometers_per_second": "14.1581425699", "kilometers_per_hour": "50969.313251509", "miles_per_hour": "31670.3491145279"}, "miss_distance": {"astronomical": "0.3434787769", "lunar": "133.6132354736", "kilometers": "51383692", "miles": "31928346"}, "orbiting_body": "Earth"}, {"close_approach_date": "2140-12-24", "epoch_date_close_approach": 5395622400000, "relative_velocity": {"kilometers_per_second": "22.2167827573", "kilometers_per_hour": "79980.4179263963", "miles_per_hour": "49696.7213498766"}, "miss_distance": {"astronomical": "0.0335214281", "lunar": "13.0398359299", "kilometers": "5014734.5", "miles": "3116011.5"}, "orbiting_body": "Earth"}, {"close_approach_date": "2141-11-13", "epoch_date_close_approach": 5423616000000, "relative_velocity": {"kilometers_per_second": "23.8491606014", "kilometers_per_hour": "85856.9781649442", "miles_per_hour": "53348.1873492122"}, "miss_distance": {"astronomical": "0.0472316152", "lunar": "18.3730983734", "kilometers": "7065749", "miles": "4390453"}, "orbiting_body": "Merc"}, {"close_approach_date": "2142-01-08", "epoch_date_close_approach": 5428454400000, "relative_velocity": {"kilometers_per_second": "34.1447475801", "kilometers_per_hour": "122921.0912882477", "miles_per_hour": "76378.3858618559"}, "miss_distance": {"astronomical": "0.3904267572", "lunar": "151.8760070801", "kilometers": "58407012", "miles": "36292436"}, "orbiting_body": "Earth"}, {"close_approach_date": "2146-03-28", "epoch_date_close_approach": 5561506800000, "relative_velocity": {"kilometers_per_second": "29.2802392174", "kilometers_per_hour": "105408.861182757", "miles_per_hour": "65496.9671054748"}, "miss_distance": {"astronomical": "0.0841222884", "lunar": "32.7235679626", "kilometers": "12584515", "miles": "7819655"}, "orbiting_body": "Venus"}, {"close_approach_date": "2147-03-18", "epoch_date_close_approach": 5592178800000, "relative_velocity": {"kilometers_per_second": "21.17182361", "kilometers_per_hour": "76218.5649959586", "miles_per_hour": "47359.2522331833"}, "miss_distance": {"astronomical": "0.0906874417", "lunar": "35.2774124146", "kilometers": "13566648", "miles": "8429924"}, "orbiting_body": "Merc"}, {"close_approach_date": "2149-03-22", "epoch_date_close_approach": 5655682800000, "relative_velocity": {"kilometers_per_second": "32.9459824647", "kilometers_per_hour": "118605.5368729387", "miles_per_hour": "73696.8681752991"}, "miss_distance": {"astronomical": "0.3559769222", "lunar": "138.4750213623", "kilometers": "53253388", "miles": "33090122"}, "orbiting_body": "Earth"}, {"close_approach_date": "2150-04-06", "epoch_date_close_approach": 5688514800000, "relative_velocity": {"kilometers_per_second": "21.3567055756", "kilometers_per_hour": "76884.140072196", "miles_per_hour": "47772.814702082"}, "miss_distance": {"astronomical": "0.0123692489", "lunar": "4.8116378784", "kilometers": "1850413.375", "miles": "1149793.5"}, "orbiting_body": "Earth"}, {"close_approach_date": "2151-04-03", "epoch_date_close_approach": 5719791600000, "relative_velocity": {"kilometers_per_second": "14.0413938957", "kilometers_per_hour": "50549.018024687", "miles_per_hour": "31409.1940053951"}, "miss_distance": {"astronomical": "0.3753318963", "lunar": "146.004119873", "kilometers": "56148856", "miles": "34889280"}, "orbiting_body": "Earth"}, {"close_approach_date": "2151-05-23", "epoch_date_close_approach": 5724111600000, "relative_velocity": {"kilometers_per_second": "29.928504967", "kilometers_per_hour": "107742.6178812194", "miles_per_hour": "66947.0727606944"}, "miss_distance": {"astronomical": "0.1001520247", "lunar": "38.9591369629", "kilometers": "14982530", "miles": "9309712"}, "orbiting_body": "Venus"}, {"close_approach_date": "2152-07-20", "epoch_date_close_approach": 5760745200000, "relative_velocity": {"kilometers_per_second": "36.9750276401", "kilometers_per_hour": "133110.0995045281", "miles_per_hour": "82709.4393282442"}, "miss_distance": {"astronomical": "0.0969822063", "lunar": "37.7260780334", "kilometers": "14508331", "miles": "9015059"}, "orbiting_body": "Merc"}, {"close_approach_date": "2153-03-02", "epoch_date_close_approach": 5780188800000, "relative_velocity": {"kilometers_per_second": "9.4019282095", "kilometers_per_hour": "33846.9415543785", "miles_per_hour": "21031.1732119415"}, "miss_distance": {"astronomical": "0.098372161", "lunar": "38.2667694092", "kilometers": "14716266", "miles": "9144264"}, "orbiting_body": "Mars"}, {"close_approach_date": "2154-08-17", "epoch_date_close_approach": 5826236400000, "relative_velocity": {"kilometers_per_second": "27.1883593988", "kilometers_per_hour": "97878.0938355112", "miles_per_hour": "60817.6411390708"}, "miss_distance": {"astronomical": "0.0371203815", "lunar": "14.4398288727", "kilometers": "5553130.5", "miles": "3450555.25"}, "orbiting_body": "Merc"}, {"close_approach_date": "2156-12-20", "epoch_date_close_approach": 5900198400000, "relative_velocity": {"kilometers_per_second": "14.8399640034", "kilometers_per_hour": "53423.8704121043", "miles_per_hour": "33195.5154791211"}, "miss_distance": {"astronomical": "0.2651539914", "lunar": "103.1449050903", "kilometers": "39666476", "miles": "24647604"}, "orbiting_body": "Earth"}, {"close_approach_date": "2157-12-28", "epoch_date_close_approach": 5932425600000, "relative_velocity": {"kilometers_per_second": "25.3619108846", "kilometers_per_hour": "91302.879184637", "miles_per_hour": "56732.0584578096"}, "miss_distance": {"astronomical": "0.1237109942", "lunar": "48.1235771179", "kilometers": "18506902", "miles": "11499656"}, "orbiting_body": "Earth"}, {"close_approach_date": "2159-01-13", "epoch_date_close_approach": 5965344000000, "relative_velocity": {"kilometers_per_second": "37.7692392164", "kilometers_per_hour": "135969.2611789176", "miles_per_hour": "84486.0112030891"}, "miss_distance": {"astronomical": "0.4965299286", "lunar": "193.1501464844", "kilometers": "74279824", "miles": "46155340"}, "orbiting_body": "Earth"}, {"close_approach_date": "2159-12-29", "epoch_date_close_approach": 5995584000000, "relative_velocity": {"kilometers_per_second": "20.8328265378", "kilometers_per_hour": "74998.175535905", "miles_per_hour": "46600.9496822961"}, "miss_distance": {"astronomical": "0.0736549137", "lunar": "28.6517601013", "kilometers": "11018618", "miles": "6846652"}, "orbiting_body": "Merc"}, {"close_approach_date": "2163-02-04", "epoch_date_close_approach": 6093475200000, "relative_velocity": {"kilometers_per_second": "22.3755289092", "kilometers_per_hour": "80551.9040731664", "miles_per_hour": "50051.8206170183"}, "miss_distance": {"astronomical": "0.0629011634", "lunar": "24.4685516357", "kilometers": "9409880", "miles": "5847028.5"}, "orbiting_body": "Venus"}, {"close_approach_date": "2166-03-30", "epoch_date_close_approach": 6192831600000, "relative_velocity": {"kilometers_per_second": "27.0113645945", "kilometers_per_hour": "97240.9125401093", "miles_per_hour": "60421.7214613807"}, "miss_distance": {"astronomical": "0.1727092561", "lunar": "67.1838989258", "kilometers": "25836938", "miles": "16054328"}, "orbiting_body": "Earth"}, {"close_approach_date": "2167-04-10", "epoch_date_close_approach": 6225318000000, "relative_velocity": {"kilometers_per_second": "15.9905082141", "kilometers_per_hour": "57565.8295708334", "miles_per_hour": "35769.1678241659"}, "miss_distance": {"astronomical": "0.2080358624", "lunar": "80.9259490967", "kilometers": "31121722", "miles": "19338142"}, "orbiting_body": "Earth"}, {"close_approach_date": "2167-06-01", "epoch_date_close_approach": 6229810800000, "relative_velocity": {"kilometers_per_second": "20.7897487755", "kilometers_per_hour": "74843.095591656", "miles_per_hour": "46504.5890358265"}, "miss_distance": {"astronomical": "0.0784297152", "lunar": "30.5091590881", "kilometers": "11732918", "miles": "7290497.5"}, "orbiting_body": "Merc"}, {"close_approach_date": "2172-10-11", "epoch_date_close_approach": 6399068400000, "relative_velocity": {"kilometers_per_second": "34.0948016282", "kilometers_per_hour": "122741.2858613472", "miles_per_hour": "76266.6617620132"}, "miss_distance": {"astronomical": "0.0781332285", "lunar": "30.393825531", "kilometers": "11688564", "miles": "7262937"}, "orbiting_body": "Merc"}, {"close_approach_date": "2172-11-05", "epoch_date_close_approach": 6401232000000, "relative_velocity": {"kilometers_per_second": "13.0370959235", "kilometers_per_hour": "46933.5453246108", "miles_per_hour": "29162.6798712839"}, "miss_distance": {"astronomical": "0.4702614707", "lunar": "182.9317169189", "kilometers": "70350120", "miles": "43713536"}, "orbiting_body": "Earth"}, {"close_approach_date": "2172-12-29", "epoch_date_close_approach": 6405897600000, "relative_velocity": {"kilometers_per_second": "14.2001333395", "kilometers_per_hour": "51120.4800221161", "miles_per_hour": "31764.2782670754"}, "miss_distance": {"astronomical": "0.4140358752", "lunar": "161.059967041", "kilometers": "61938888", "miles": "38487040"}, "orbiting_body": "Earth"}, {"close_approach_date": "2173-11-30", "epoch_date_close_approach": 6434928000000, "relative_velocity": {"kilometers_per_second": "26.1820020088", "kilometers_per_hour": "94255.2072316015", "miles_per_hour": "58566.520293436"}, "miss_distance": {"astronomical": "0.0227239658", "lunar": "8.8396224976", "kilometers": "3399456.75", "miles": "2112324.5"}, "orbiting_body": "Venus"}, {"close_approach_date": "2173-12-22", "epoch_date_close_approach": 6436828800000, "relative_velocity": {"kilometers_per_second": "20.0283355265", "kilometers_per_hour": "72102.0078955091", "miles_per_hour": "44801.3837392956"}, "miss_distance": {"astronomical": "0.0600226063", "lunar": "23.3487949371", "kilometers": "8979254", "miles": "5579450"}, "orbiting_body": "Earth"}, {"close_approach_date": "2174-11-09", "epoch_date_close_approach": 6464649600000, "relative_velocity": {"kilometers_per_second": "27.9646497606", "kilometers_per_hour": "100672.7391379811", "miles_per_hour": "62554.125049375"}, "miss_distance": {"astronomical": "0.0386525304", "lunar": "15.0358352661", "kilometers": "5782336.5", "miles": "3592977.25"}, "orbiting_body": "Merc"}, {"close_approach_date": "2175-01-06", "epoch_date_close_approach": 6469660800000, "relative_velocity": {"kilometers_per_second": "32.3383900049", "kilometers_per_hour": "116418.204017663", "miles_per_hour": "72337.7446019751"}, "miss_distance": {"astronomical": "0.336609947", "lunar": "130.9412689209", "kilometers": "50356132", "miles": "31289850"}, "orbiting_body": "Earth"}, {"close_approach_date": "2179-01-28", "epoch_date_close_approach": 6597792000000, "relative_velocity": {"kilometers_per_second": "29.3584764998", "kilometers_per_hour": "105690.5153991497", "miles_per_hour": "65671.9760823216"}, "miss_distance": {"astronomical": "0.088886787", "lunar": "34.5769615173", "kilometers": "13297275", "miles": "8262543.5"}, "orbiting_body": "Venus"}, {"close_approach_date": "2180-03-26", "epoch_date_close_approach": 6634335600000, "relative_velocity": {"kilometers_per_second": "22.1749664197", "kilometers_per_hour": "79829.8791109207", "miles_per_hour": "49603.1823842274"}, "miss_distance": {"astronomical": "0.0562686677", "lunar": "21.8885116577", "kilometers": "8417673", "miles": "5230499.5"}, "orbiting_body": "Merc"}, {"close_approach_date": "2182-03-24", "epoch_date_close_approach": 6697234800000, "relative_velocity": {"kilometers_per_second": "31.4484221106", "kilometers_per_hour": "113214.3195980448", "miles_per_hour": "70346.9754191296"}, "miss_distance": {"astronomical": "0.3099242939", "lunar": "120.5605545044", "kilometers": "46364016", "miles": "28809264"}, "orbiting_body": "Earth"}, {"close_approach_date": "2182-04-24", "epoch_date_close_approach": 6699913200000, "relative_velocity": {"kilometers_per_second": "35.6030457935", "kilometers_per_hour": "128170.9648566457", "miles_per_hour": "79640.4531355086"}, "miss_distance": {"astronomical": "0.0926148619", "lunar": "36.027179718", "kilometers": "13854986", "miles": "8609089"}, "orbiting_body": "Merc"}, {"close_approach_date": "2183-04-08", "epoch_date_close_approach": 6730066800000, "relative_velocity": {"kilometers_per_second": "19.5887241843", "kilometers_per_hour": "70519.4070634703", "miles_per_hour": "43818.0171278546"}, "miss_distance": {"astronomical": "0.0712868733", "lunar": "27.7305927277", "kilometers": "10664364", "miles": "6626529"}, "orbiting_body": "Earth"}, {"close_approach_date": "2184-03-30", "epoch_date_close_approach": 6760911600000, "relative_velocity": {"kilometers_per_second": "14.1687480634", "kilometers_per_hour": "51007.4930281082", "miles_per_hour": "31694.0725429376"}, "miss_distance": {"astronomical": "0.4257033396", "lunar": "165.5986022949", "kilometers": "63684316", "miles": "39571600"}, "orbiting_body": "Earth"}, {"close_approach_date": "2184-05-25", "epoch_date_close_approach": 6765750000000, "relative_velocity": {"kilometers_per_second": "13.2602115338", "kilometers_per_hour": "47736.761521694", "miles_per_hour": "29661.7671799659"}, "miss_distance": {"astronomical": "0.4835106579", "lunar": "188.085647583", "kilometers": "72332160", "miles": "44945124"}, "orbiting_body": "Earth"}, {"close_approach_date": "2185-03-02", "epoch_date_close_approach": 6790032000000, "relative_velocity": {"kilometers_per_second": "10.4051613211", "kilometers_per_hour": "37458.5807559967", "miles_per_hour": "23275.3053591914"}, "miss_distance": {"astronomical": "0.0976713515", "lunar": "37.9941558838", "kilometers": "14611426", "miles": "9079119"}, "orbiting_body": "Mars"}, {"close_approach_date": "2187-09-03", "epoch_date_close_approach": 6869084400000, "relative_velocity": {"kilometers_per_second": "21.1350653324", "kilometers_per_hour": "76086.2351966476", "miles_per_hour": "47277.0276420503"}, "miss_distance": {"astronomical": "0.090806799", "lunar": "35.3238449097", "kilometers": "13584504", "miles": "8441019"}, "orbiting_body": "Merc"}, {"close_approach_date": "2189-01-05", "epoch_date_close_approach": 6911424000000, "relative_velocity": {"kilometers_per_second": "14.726550442", "kilometers_per_hour": "53015.5815910348", "miles_per_hour": "32941.8206836071"}, "miss_distance": {"astronomical": "0.4943692784", "lunar": "192.3096466064", "kilometers": "73956592", "miles": "45954496"}, "orbiting_body": "Earth"}, {"close_approach_date": "2189-11-24", "epoch_date_close_approach": 6939331200000, "relative_velocity": {"kilometers_per_second": "21.2788326089", "kilometers_per_hour": "76603.797392161", "miles_per_hour": "47598.6206629236"}, "miss_distance": {"astronomical": "0.0819402509", "lunar": "31.8747558594", "kilometers": "12258087", "miles": "7616822"}, "orbiting_body": "Venus"}, {"close_approach_date": "2189-12-20", "epoch_date_close_approach": 6941577600000, "relative_velocity": {"kilometers_per_second": "16.8622559537", "kilometers_per_hour": "60704.1214332412", "miles_per_hour": "37719.1803427825"}, "miss_distance": {"astronomical": "0.1694680333", "lunar": "65.9230651855", "kilometers": "25352056", "miles": "15753038"}, "orbiting_body": "Earth"}, {"close_approach_date": "2190-10-15", "epoch_date_close_approach": 6967407600000, "relative_velocity": {"kilometers_per_second": "18.5784991396", "kilometers_per_hour": "66882.5969024261", "miles_per_hour": "41558.244725288"}, "miss_distance": {"astronomical": "0.1395906697", "lunar": "54.3007698059", "kilometers": "20882466", "miles": "12975763"}, "orbiting_body": "Venus"}, {"close_approach_date": "2191-01-01", "epoch_date_close_approach": 6974150400000, "relative_velocity": {"kilometers_per_second": "28.6598384875", "kilometers_per_hour": "103175.4185551786", "miles_per_hour": "64109.1927127997"}, "miss_distance": {"astronomical": "0.2249868536", "lunar": "87.5198822021", "kilometers": "33657556", "miles": "20913834"}, "orbiting_body": "Earth"}, {"close_approach_date": "2195-02-10", "epoch_date_close_approach": 7103836800000, "relative_velocity": {"kilometers_per_second": "20.8515809332", "kilometers_per_hour": "75065.6913593551", "miles_per_hour": "46642.9013893726"}, "miss_distance": {"astronomical": "0.0770195955", "lunar": "29.9606227875", "kilometers": "11521967", "miles": "7159418.5"}, "orbiting_body": "Merc"}, {"close_approach_date": "2198-03-19", "epoch_date_close_approach": 7201724400000, "relative_velocity": {"kilometers_per_second": "35.1066633529", "kilometers_per_hour": "126383.9880702992", "miles_per_hour": "78530.0952540146"}, "miss_distance": {"astronomical": "0.420231874", "lunar": "163.470199585", "kilometers": "62865796", "miles": "39062992"}, "orbiting_body": "Earth"}, {"close_approach_date": "2199-04-04", "epoch_date_close_approach": 7234642800000, "relative_velocity": {"kilometers_per_second": "22.9810105075", "kilometers_per_hour": "82731.6378268603", "miles_per_hour": "51406.22240414"}, "miss_distance": {"astronomical": "0.0436464334", "lunar": "16.9784622192", "kilometers": "6529413.5", "miles": "4057189.5"}, "orbiting_body": "Earth"}, {"close_approach_date": "2200-04-07", "epoch_date_close_approach": 7266438000000, "relative_velocity": {"kilometers_per_second": "14.182228766", "kilometers_per_hour": "51056.02355769", "miles_per_hour": "31724.2275267213"}, "miss_distance": {"astronomical": "0.3297210826", "lunar": "128.261505127", "kilometers": "49325572", "miles": "30649490"}, "orbiting_body": "Earth"}, {"close_approach_date": "2200-06-24", "epoch_date_close_approach": 7273177200000, "relative_velocity": {"kilometers_per_second": "35.2263885301", "kilometers_per_hour": "126814.9987084234", "miles_per_hour": "78797.9085030201"}, "miss_distance": {"astronomical": "0.0850367806", "lunar": "33.0793075562", "kilometers": "12721321", "miles": "7904662.5"}, "orbiting_body": "Merc"}], "orbital_data": {"orbit_id": "85", "orbit_determination_date": "2018-01-21 06:57:19", "orbit_uncertainty": "0", "minimum_orbit_intersection": ".00864629", "jupiter_tisserand_invariant": "5.679", "epoch_osculation": "2458000.5", "eccentricity": ".6596702127423948", "semi_major_axis": "1.039069956334987", "inclination": "1.660280162505799", "ascending_node_longitude": "211.1661567982202", "orbital_period": "386.8704944988698", "perihelion_distance": ".3536264571852553", "perihelion_argument": "111.2704723977789", "aphelion_distance": "1.724513455484719", "perihelion_time": "2458022.991287674480", "mean_anomaly": "339.0708682157297", "mean_motion": ".930543954938522", "equinox": "J2000"}}