{"links": {"self": "https://api.nasa.gov/neo/rest/v1/neo/2289315?api_key=stjNMXvPIBN6FqEBpH6hQbWAtFDv0RARRez0p7z1"}, "neo_reference_id": "2289315", "name": "289315 (2005 AN26)", "nasa_jpl_url": "http://ssd.jpl.nasa.gov/sbdb.cgi?sstr=2289315", "absolute_magnitude_h": 18.5, "estimated_diameter": {"kilometers": {"estimated_diameter_min": 0.5303407233, "estimated_diameter_max": 1.1858779086}, "meters": {"estimated_diameter_min": 530.3407233187, "estimated_diameter_max": 1185.8779085771}, "miles": {"estimated_diameter_min": 0.3295383456, "estimated_diameter_max": 0.7368701419}, "feet": {"estimated_diameter_min": 1739.963058693, "estimated_diameter_max": 3890.675677576}}, "is_potentially_hazardous_asteroid": true, "close_approach_data": [{"close_approach_date": "1905-07-27", "epoch_date_close_approach": -2033308800000, "relative_velocity": {"kilometers_per_second": "23.8931262432", "kilometers_per_hour": "86015.2544756118", "miles_per_hour": "53446.5340934711"}, "miss_distance": {"astronomical": "0.336624851", "lunar": "130.9470672607", "kilometers": "50358364", "miles": "31291236"}, "orbiting_body": "Earth"}, {"close_approach_date": "1911-01-13", "epoch_date_close_approach": -1860854400000, "relative_velocity": {"kilometers_per_second": "3.5864838155", "kilometers_per_hour": "12911.3417358586", "miles_per_hour": "8022.6056469283"}, "miss_distance": {"astronomical": "1.7654148321", "lunar": "686.7463989258", "kilometers": "264102304", "miles": "164105568"}, "orbiting_body": "Juptr"}, {"close_approach_date": "1912-09-07", "epoch_date_close_approach": -1808755200000, "relative_velocity": {"kilometers_per_second": "11.8055020508", "kilometers_per_hour": "42499.807383011", "miles_per_hour": "26407.7275375159"}, "miss_distance": {"astronomical": "0.0935568485", "lunar": "36.3936157227", "kilometers": "13995906", "miles": "8696653"}, "orbiting_body": "Earth"}, {"close_approach_date": "1919-12-07", "epoch_date_close_approach": -1580054400000, "relative_velocity": {"kilometers_per_second": "14.5648903834", "kilometers_per_hour": "52433.6053800992", "miles_per_hour": "32580.20329854"}, "miss_distance": {"astronomical": "0.0886210766", "lunar": "34.4735984802", "kilometers": "13257525", "miles": "8237844"}, "orbiting_body": "Earth"}, {"close_approach_date": "1927-01-05", "epoch_date_close_approach": -1356624000000, "relative_velocity": {"kilometers_per_second": "28.0821497853", "kilometers_per_hour": "101095.7392269943", "miles_per_hour": "62816.9608546843"}, "miss_distance": {"astronomical": "0.4742405141", "lunar": "184.4795532227", "kilometers": "70945368", "miles": "44083408"}, "orbiting_body": "Earth"}, {"close_approach_date": "1946-05-20", "epoch_date_close_approach": -745344000000, "relative_velocity": {"kilometers_per_second": "3.3709020011", "kilometers_per_hour": "12135.2472039479", "miles_per_hour": "7540.3706862531"}, "miss_distance": {"astronomical": "1.6567205831", "lunar": "644.4643554688", "kilometers": "247841888", "miles": "154001808"}, "orbiting_body": "Juptr"}, {"close_approach_date": "1951-07-27", "epoch_date_close_approach": -581706000000, "relative_velocity": {"kilometers_per_second": "25.0318857402", "kilometers_per_hour": "90114.7886645598", "miles_per_hour": "55993.8252121538"}, "miss_distance": {"astronomical": "0.3806428465", "lunar": "148.0700683594", "kilometers": "56943364", "miles": "35382964"}, "orbiting_body": "Earth"}, {"close_approach_date": "1958-09-05", "epoch_date_close_approach": -357325200000, "relative_velocity": {"kilometers_per_second": "12.0635565753", "kilometers_per_hour": "43428.803670927", "miles_per_hour": "26984.9697031935"}, "miss_distance": {"astronomical": "0.0921404401", "lunar": "35.8426322937", "kilometers": "13784014", "miles": "8564989"}, "orbiting_body": "Earth"}, {"close_approach_date": "1965-11-30", "epoch_date_close_approach": -128966400000, "relative_velocity": {"kilometers_per_second": "12.8256125853", "kilometers_per_hour": "46172.2053072337", "miles_per_hour": "28689.6127921531"}, "miss_distance": {"astronomical": "0.0902113017", "lunar": "35.0921974182", "kilometers": "13495419", "miles": "8385664.5"}, "orbiting_body": "Earth"}, {"close_approach_date": "1973-01-01", "epoch_date_close_approach": 94723200000, "relative_velocity": {"kilometers_per_second": "26.3706620389", "kilometers_per_hour": "94934.3833398895", "miles_per_hour": "58988.5339147219"}, "miss_distance": {"astronomical": "0.4267381362", "lunar": "166.0011444092", "kilometers": "63839120", "miles": "39667788"}, "orbiting_body": "Earth"}, {"close_approach_date": "1981-10-02", "epoch_date_close_approach": 370854000000, "relative_velocity": {"kilometers_per_second": "3.3943549682", "kilometers_per_hour": "12219.6778854911", "miles_per_hour": "7592.8326283486"}, "miss_distance": {"astronomical": "1.6690519383", "lunar": "649.2611694336", "kilometers": "249686608", "miles": "155148064"}, "orbiting_body": "Juptr"}, {"close_approach_date": "1997-07-26", "epoch_date_close_approach": 869900400000, "relative_velocity": {"kilometers_per_second": "25.4494371006", "kilometers_per_hour": "91617.97356221", "miles_per_hour": "56927.8458503632"}, "miss_distance": {"astronomical": "0.3891428807", "lunar": "151.3765716553", "kilometers": "58214944", "miles": "36173088"}, "orbiting_body": "Earth"}, {"close_approach_date": "2004-08-23", "epoch_date_close_approach": 1093244400000, "relative_velocity": {"kilometers_per_second": "13.8047170151", "kilometers_per_hour": "49696.9812544849", "miles_per_hour": "30879.7714911548"}, "miss_distance": {"astronomical": "0.0410324007", "lunar": "15.9616031647", "kilometers": "6138359.5", "miles": "3814200"}, "orbiting_body": "Earth"}, {"close_approach_date": "2011-11-29", "epoch_date_close_approach": 1322553600000, "relative_velocity": {"kilometers_per_second": "12.5110063103", "kilometers_per_hour": "45039.6227172485", "miles_per_hour": "27985.8700156148"}, "miss_distance": {"astronomical": "0.0918242077", "lunar": "35.719619751", "kilometers": "13736707", "miles": "8535594"}, "orbiting_body": "Earth"}, {"close_approach_date": "2017-02-07", "epoch_date_close_approach": 1486454400000, "relative_velocity": {"kilometers_per_second": "3.6052259536", "kilometers_per_hour": "12978.8134329662", "miles_per_hour": "8064.5299356117"}, "miss_distance": {"astronomical": "1.8126188076", "lunar": "705.1087036133", "kilometers": "271163936", "miles": "168493456"}, "orbiting_body": "Juptr"}, {"close_approach_date": "2050-08-12", "epoch_date_close_approach": 2543900400000, "relative_velocity": {"kilometers_per_second": "17.9562147939", "kilometers_per_hour": "64642.373258045", "miles_per_hour": "40166.256872478"}, "miss_distance": {"astronomical": "0.1445137713", "lunar": "56.2158584595", "kilometers": "21618952", "miles": "13433394"}, "orbiting_body": "Earth"}, {"close_approach_date": "2057-10-13", "epoch_date_close_approach": 2770182000000, "relative_velocity": {"kilometers_per_second": "12.0801243405", "kilometers_per_hour": "43488.447625733", "miles_per_hour": "27022.0301372228"}, "miss_distance": {"astronomical": "0.1622633829", "lunar": "63.1204528809", "kilometers": "24274256", "miles": "15083323"}, "orbiting_body": "Earth"}, {"close_approach_date": "2064-12-12", "epoch_date_close_approach": 2996294400000, "relative_velocity": {"kilometers_per_second": "15.4403509872", "kilometers_per_hour": "55585.2635540284", "miles_per_hour": "34538.521123335"}, "miss_distance": {"astronomical": "0.095542837", "lunar": "37.1661643982", "kilometers": "14293006", "miles": "8881262"}, "orbiting_body": "Earth"}, {"close_approach_date": "2072-01-06", "epoch_date_close_approach": 3219292800000, "relative_velocity": {"kilometers_per_second": "27.5380398269", "kilometers_per_hour": "99136.943376952", "miles_per_hour": "61599.8412888622"}, "miss_distance": {"astronomical": "0.4549918194", "lunar": "176.9918212891", "kilometers": "68065808", "miles": "42294132"}, "orbiting_body": "Earth"}, {"close_approach_date": "2077-04-12", "epoch_date_close_approach": 3385436400000, "relative_velocity": {"kilometers_per_second": "3.7409416439", "kilometers_per_hour": "13467.3899181729", "miles_per_hour": "8368.1123633225"}, "miss_distance": {"astronomical": "1.851628797", "lunar": "720.2835693359", "kilometers": "276999712", "miles": "172119648"}, "orbiting_body": "Juptr"}, {"close_approach_date": "2096-07-27", "epoch_date_close_approach": 3994210800000, "relative_velocity": {"kilometers_per_second": "25.5968235236", "kilometers_per_hour": "92148.5646850493", "miles_per_hour": "57257.5345399963"}, "miss_distance": {"astronomical": "0.3942782495", "lunar": "153.3742370605", "kilometers": "58983188", "miles": "36650456"}, "orbiting_body": "Earth"}, {"close_approach_date": "2103-08-25", "epoch_date_close_approach": 4217468400000, "relative_velocity": {"kilometers_per_second": "14.2872746471", "kilometers_per_hour": "51434.1887293822", "miles_per_hour": "31959.2046579875"}, "miss_distance": {"astronomical": "0.0364494946", "lunar": "14.1788539886", "kilometers": "5452767", "miles": "3388192.25"}, "orbiting_body": "Earth"}, {"close_approach_date": "2110-11-09", "epoch_date_close_approach": 4444963200000, "relative_velocity": {"kilometers_per_second": "11.6031046139", "kilometers_per_hour": "41771.1766099972", "miles_per_hour": "25954.9847108063"}, "miss_distance": {"astronomical": "0.1430881742", "lunar": "55.6613006592", "kilometers": "21405686", "miles": "13300877"}, "orbiting_body": "Earth"}, {"close_approach_date": "2112-08-14", "epoch_date_close_approach": 4500601200000, "relative_velocity": {"kilometers_per_second": "3.4341445799", "kilometers_per_hour": "12362.9204876332", "miles_per_hour": "7681.8380107741"}, "miss_distance": {"astronomical": "1.6885767424", "lunar": "656.8563232422", "kilometers": "252607488", "miles": "156963008"}, "orbiting_body": "Juptr"}, {"close_approach_date": "2118-01-03", "epoch_date_close_approach": 4670640000000, "relative_velocity": {"kilometers_per_second": "24.9484591727", "kilometers_per_hour": "89814.4530218644", "miles_per_hour": "55807.2083235023"}, "miss_distance": {"astronomical": "0.3780830901", "lunar": "147.0743255615", "kilometers": "56560424", "miles": "35145020"}, "orbiting_body": "Earth"}, {"close_approach_date": "2147-12-19", "epoch_date_close_approach": 5616028800000, "relative_velocity": {"kilometers_per_second": "3.3536815356", "kilometers_per_hour": "12073.253528246", "miles_per_hour": "7501.8502270371"}, "miss_distance": {"astronomical": "1.6537658234", "lunar": "643.3148803711", "kilometers": "247399840", "miles": "153727136"}, "orbiting_body": "Juptr"}, {"close_approach_date": "2149-08-18", "epoch_date_close_approach": 5668556400000, "relative_velocity": {"kilometers_per_second": "16.5902422157", "kilometers_per_hour": "59724.8719764692", "miles_per_hour": "37110.7128122678"}, "miss_distance": {"astronomical": "0.0959356724", "lunar": "37.318977356", "kilometers": "14351772", "miles": "8917778"}, "orbiting_body": "Earth"}, {"close_approach_date": "2156-10-24", "epoch_date_close_approach": 5895270000000, "relative_velocity": {"kilometers_per_second": "11.8112937123", "kilometers_per_hour": "42520.6573641475", "miles_per_hour": "26420.6829049616"}, "miss_distance": {"astronomical": "0.1561856323", "lunar": "60.7562103271", "kilometers": "23365038", "miles": "14518361"}, "orbiting_body": "Earth"}, {"close_approach_date": "2163-12-20", "epoch_date_close_approach": 6121036800000, "relative_velocity": {"kilometers_per_second": "17.2755731234", "kilometers_per_hour": "62192.0632441313", "miles_per_hour": "38643.7295196659"}, "miss_distance": {"astronomical": "0.1384318737", "lunar": "53.8499984741", "kilometers": "20709114", "miles": "12868047"}, "orbiting_body": "Earth"}, {"close_approach_date": "2183-04-19", "epoch_date_close_approach": 6731017200000, "relative_velocity": {"kilometers_per_second": "3.5272665637", "kilometers_per_hour": "12698.1596291698", "miles_per_hour": "7890.1425762472"}, "miss_distance": {"astronomical": "1.7709822427", "lunar": "688.912109375", "kilometers": "264935184", "miles": "164623088"}, "orbiting_body": "Juptr"}, {"close_approach_date": "2195-08-04", "epoch_date_close_approach": 7118953200000, "relative_velocity": {"kilometers_per_second": "23.072585245", "kilometers_per_hour": "83061.3068821742", "miles_per_hour": "51611.0659346488"}, "miss_distance": {"astronomical": "0.3037081335", "lunar": "118.1424636841", "kilometers": "45434092", "miles": "28231436"}, "orbiting_body": "Earth"}], "orbital_data": {"orbit_id": "32", "orbit_determination_date": "2017-04-06 09:24:13", "orbit_uncertainty": "0", "minimum_orbit_intersection": ".0382536", "jupiter_tisserand_invariant": "3.266", "epoch_osculation": "2458000.5", "eccentricity": ".6372806783797716", "semi_major_axis": "2.32238654758098", "inclination": "4.921884900053754", "ascending_node_longitude": "175.8676854679601", "orbital_period": "1292.7072593344", "perihelion_distance": ".8423744730785174", "perihelion_argument": "208.3060292082482", "aphelion_distance": "3.802398622083443", "perihelion_time": "2458454.139186151097", "mean_anomaly": "233.6681442490844", "mean_motion": ".2784853240364411", "equinox": "J2000"}}