{"links": {"self": "https://api.nasa.gov/neo/rest/v1/neo/2290772?api_key=stjNMXvPIBN6FqEBpH6hQbWAtFDv0RARRez0p7z1"}, "neo_reference_id": "2290772", "name": "290772 (2005 VC)", "nasa_jpl_url": "http://ssd.jpl.nasa.gov/sbdb.cgi?sstr=2290772", "absolute_magnitude_h": 17.6, "estimated_diameter": {"kilometers": {"estimated_diameter_min": 0.8027031673, "estimated_diameter_max": 1.7948988478}, "meters": {"estimated_diameter_min": 802.7031672829, "estimated_diameter_max": 1794.8988477988}, "miles": {"estimated_diameter_min": 0.4987764698, "estimated_diameter_max": 1.115298092}, "feet": {"estimated_diameter_min": 2633.5406593483, "estimated_diameter_max": 5888.7759358124}}, "is_potentially_hazardous_asteroid": true, "close_approach_data": [{"close_approach_date": "1902-02-19", "epoch_date_close_approach": -2141654400000, "relative_velocity": {"kilometers_per_second": "12.4945941396", "kilometers_per_hour": "44980.5389026651", "miles_per_hour": "27949.1576309366"}, "miss_distance": {"astronomical": "0.2087883172", "lunar": "81.2186584473", "kilometers": "31234288", "miles": "19408088"}, "orbiting_body": "Earth"}, {"close_approach_date": "1902-03-01", "epoch_date_close_approach": -2140790400000, "relative_velocity": {"kilometers_per_second": "8.499886311", "kilometers_per_hour": "30599.5907195205", "miles_per_hour": "19013.3956890265"}, "miss_distance": {"astronomical": "0.1281776302", "lunar": "49.8610954285", "kilometers": "19175100", "miles": "11914855"}, "orbiting_body": "Venus"}, {"close_approach_date": "1903-09-19", "epoch_date_close_approach": -2091801600000, "relative_velocity": {"kilometers_per_second": "3.7243891701", "kilometers_per_hour": "13407.8010122913", "miles_per_hour": "8331.086134554"}, "miss_distance": {"astronomical": "1.8368107991", "lunar": "714.5194091797", "kilometers": "274782976", "miles": "170742240"}, "orbiting_body": "Juptr"}, {"close_approach_date": "1905-01-08", "epoch_date_close_approach": -2050588800000, "relative_velocity": {"kilometers_per_second": "11.8705192162", "kilometers_per_hour": "42733.8691782523", "miles_per_hour": "26553.1644346757"}, "miss_distance": {"astronomical": "0.1120760366", "lunar": "43.5975799561", "kilometers": "16766337", "miles": "10418119"}, "orbiting_body": "Earth"}, {"close_approach_date": "1907-12-18", "epoch_date_close_approach": -1957795200000, "relative_velocity": {"kilometers_per_second": "18.4628758968", "kilometers_per_hour": "66466.3532285365", "miles_per_hour": "41299.607093587"}, "miss_distance": {"astronomical": "0.1323557977", "lunar": "51.4864044189", "kilometers": "19800146", "miles": "12303240"}, "orbiting_body": "Earth"}, {"close_approach_date": "1910-12-05", "epoch_date_close_approach": -1864224000000, "relative_velocity": {"kilometers_per_second": "25.6692934392", "kilometers_per_hour": "92409.4563812662", "miles_per_hour": "57419.6424942373"}, "miss_distance": {"astronomical": "0.3664961448", "lunar": "142.5670013428", "kilometers": "54827044", "miles": "34067944"}, "orbiting_body": "Earth"}, {"close_approach_date": "1913-09-27", "epoch_date_close_approach": -1775491200000, "relative_velocity": {"kilometers_per_second": "17.7551777156", "kilometers_per_hour": "63918.6397762914", "miles_per_hour": "39716.5570321073"}, "miss_distance": {"astronomical": "0.0310406204", "lunar": "12.074801445", "kilometers": "4643610.5", "miles": "2885406"}, "orbiting_body": "Mars"}, {"close_approach_date": "1915-07-28", "epoch_date_close_approach": -1717689600000, "relative_velocity": {"kilometers_per_second": "3.662017034", "kilometers_per_hour": "13183.261322332", "miles_per_hour": "8191.5659033123"}, "miss_distance": {"astronomical": "1.8271945215", "lunar": "710.7786865234", "kilometers": "273344416", "miles": "169848352"}, "orbiting_body": "Juptr"}, {"close_approach_date": "1927-06-13", "epoch_date_close_approach": -1342886400000, "relative_velocity": {"kilometers_per_second": "3.618441081", "kilometers_per_hour": "13026.3878916749", "miles_per_hour": "8094.0908541354"}, "miss_distance": {"astronomical": "1.8259083721", "lunar": "710.2783813477", "kilometers": "273152000", "miles": "169728800"}, "orbiting_body": "Juptr"}, {"close_approach_date": "1939-05-07", "epoch_date_close_approach": -967392000000, "relative_velocity": {"kilometers_per_second": "3.6239361065", "kilometers_per_hour": "13046.1699835023", "miles_per_hour": "8106.3826766934"}, "miss_distance": {"astronomical": "1.8435642539", "lunar": "717.146484375", "kilometers": "275793280", "miles": "171370000"}, "orbiting_body": "Juptr"}, {"close_approach_date": "1951-04-09", "epoch_date_close_approach": -591120000000, "relative_velocity": {"kilometers_per_second": "3.6639864668", "kilometers_per_hour": "13190.351280646", "miles_per_hour": "8195.9713276881"}, "miss_distance": {"astronomical": "1.8857331672", "lunar": "733.5501708984", "kilometers": "282101664", "miles": "175289840"}, "orbiting_body": "Juptr"}, {"close_approach_date": "1963-03-21", "epoch_date_close_approach": -214070400000, "relative_velocity": {"kilometers_per_second": "3.699580024", "kilometers_per_hour": "13318.4880864415", "miles_per_hour": "8275.5905557114"}, "miss_distance": {"astronomical": "1.9590958782", "lunar": "762.0882568359", "kilometers": "293076576", "miles": "182109344"}, "orbiting_body": "Juptr"}, {"close_approach_date": "2140-03-16", "epoch_date_close_approach": 5371167600000, "relative_velocity": {"kilometers_per_second": "3.6601774532", "kilometers_per_hour": "13176.6388314063", "miles_per_hour": "8187.4509449925"}, "miss_distance": {"astronomical": "1.9477877277", "lunar": "757.689453125", "kilometers": "291384896", "miles": "181058192"}, "orbiting_body": "Juptr"}, {"close_approach_date": "2152-02-28", "epoch_date_close_approach": 5748393600000, "relative_velocity": {"kilometers_per_second": "3.6063228105", "kilometers_per_hour": "12982.7621177943", "miles_per_hour": "8066.9834948039"}, "miss_distance": {"astronomical": "1.8777297825", "lunar": "730.4368896484", "kilometers": "280904384", "miles": "174545888"}, "orbiting_body": "Juptr"}, {"close_approach_date": "2156-05-18", "epoch_date_close_approach": 5881532400000, "relative_velocity": {"kilometers_per_second": "18.0603059005", "kilometers_per_hour": "65017.1012416348", "miles_per_hour": "40399.0982687258"}, "miss_distance": {"astronomical": "0.0366294132", "lunar": "14.2488412857", "kilometers": "5479682", "miles": "3404916.5"}, "orbiting_body": "Mars"}, {"close_approach_date": "2164-01-30", "epoch_date_close_approach": 6124579200000, "relative_velocity": {"kilometers_per_second": "3.5774594908", "kilometers_per_hour": "12878.8541669075", "miles_per_hour": "8002.4191349876"}, "miss_distance": {"astronomical": "1.8440079206", "lunar": "717.3190917969", "kilometers": "275859680", "miles": "171411248"}, "orbiting_body": "Juptr"}, {"close_approach_date": "2175-12-25", "epoch_date_close_approach": 6500160000000, "relative_velocity": {"kilometers_per_second": "3.588924215", "kilometers_per_hour": "12920.1271739454", "miles_per_hour": "8028.0645764996"}, "miss_distance": {"astronomical": "1.822694855", "lunar": "709.0283203125", "kilometers": "272671264", "miles": "169430080"}, "orbiting_body": "Juptr"}, {"close_approach_date": "2186-05-18", "epoch_date_close_approach": 6828217200000, "relative_velocity": {"kilometers_per_second": "7.1454648744", "kilometers_per_hour": "25723.673547959", "miles_per_hour": "15983.6903776193"}, "miss_distance": {"astronomical": "0.1295020918", "lunar": "50.3763122559", "kilometers": "19373236", "miles": "12037971"}, "orbiting_body": "Venus"}, {"close_approach_date": "2187-11-10", "epoch_date_close_approach": 6874963200000, "relative_velocity": {"kilometers_per_second": "3.6349188543", "kilometers_per_hour": "13085.7078754056", "miles_per_hour": "8130.9499851375"}, "miss_distance": {"astronomical": "1.8135594426", "lunar": "705.474609375", "kilometers": "271304640", "miles": "168580880"}, "orbiting_body": "Juptr"}, {"close_approach_date": "2192-06-02", "epoch_date_close_approach": 7018902000000, "relative_velocity": {"kilometers_per_second": "28.2778405461", "kilometers_per_hour": "101800.225965852", "miles_per_hour": "63254.701517504"}, "miss_distance": {"astronomical": "0.4647759735", "lunar": "180.7978515625", "kilometers": "69529496", "miles": "43203628"}, "orbiting_body": "Earth"}, {"close_approach_date": "2195-05-22", "epoch_date_close_approach": 7112559600000, "relative_velocity": {"kilometers_per_second": "21.6079306217", "kilometers_per_hour": "77788.5502381675", "miles_per_hour": "48334.7800077103"}, "miss_distance": {"astronomical": "0.2351528722", "lunar": "91.4744644165", "kilometers": "35178368", "miles": "21858826"}, "orbiting_body": "Earth"}, {"close_approach_date": "2198-05-05", "epoch_date_close_approach": 7205785200000, "relative_velocity": {"kilometers_per_second": "15.2694664943", "kilometers_per_hour": "54970.0793793425", "miles_per_hour": "34156.2696010142"}, "miss_distance": {"astronomical": "0.0053724588", "lunar": "2.0898864269", "kilometers": "803708.375", "miles": "499401.21875"}, "orbiting_body": "Moon"}, {"close_approach_date": "2198-05-05", "epoch_date_close_approach": 7205785200000, "relative_velocity": {"kilometers_per_second": "14.8115371812", "kilometers_per_hour": "53321.5338521623", "miles_per_hour": "33131.9275205283"}, "miss_distance": {"astronomical": "0.0050123518", "lunar": "1.9498049021", "kilometers": "749837.1875", "miles": "465927.21875"}, "orbiting_body": "Earth"}, {"close_approach_date": "2199-09-26", "epoch_date_close_approach": 7249762800000, "relative_velocity": {"kilometers_per_second": "3.759827252", "kilometers_per_hour": "13535.3781073471", "miles_per_hour": "8410.3575800902"}, "miss_distance": {"astronomical": "1.7883248068", "lunar": "695.6583862305", "kilometers": "267529584", "miles": "166235184"}, "orbiting_body": "Juptr"}], "orbital_data": {"orbit_id": "34", "orbit_determination_date": "2017-04-06 09:24:13", "orbit_uncertainty": "1", "minimum_orbit_intersection": ".0196957", "jupiter_tisserand_invariant": "3.512", "epoch_osculation": "2458000.5", "eccentricity": ".5944091878496195", "semi_major_axis": "2.083630151935927", "inclination": "4.482630819882084", "ascending_node_longitude": "227.9948374772186", "orbital_period": "1098.574153458156", "perihelion_distance": ".8451012455447134", "perihelion_argument": "290.2275533351058", "aphelion_distance": "3.322159058327141", "perihelion_time": "2458318.620732160222", "mean_anomaly": "255.7526324307044", "mean_motion": ".3276974966749135", "equinox": "J2000"}}