{"links": {"self": "https://api.nasa.gov/neo/rest/v1/neo/2308635?api_key=stjNMXvPIBN6FqEBpH6hQbWAtFDv0RARRez0p7z1"}, "neo_reference_id": "2308635", "name": "308635 (2005 YU55)", "nasa_jpl_url": "http://ssd.jpl.nasa.gov/sbdb.cgi?sstr=2308635", "absolute_magnitude_h": 21.9, "estimated_diameter": {"kilometers": {"estimated_diameter_min": 0.1108038821, "estimated_diameter_max": 0.2477650126}, "meters": {"estimated_diameter_min": 110.8038821264, "estimated_diameter_max": 247.7650126055}, "miles": {"estimated_diameter_min": 0.068850319, "estimated_diameter_max": 0.1539539936}, "feet": {"estimated_diameter_min": 363.5298086356, "estimated_diameter_max": 812.8773639568}}, "is_potentially_hazardous_asteroid": true, "close_approach_data": [{"close_approach_date": "1900-04-14", "epoch_date_close_approach": -2200060800000, "relative_velocity": {"kilometers_per_second": "6.693049517", "kilometers_per_hour": "24094.9782610755", "miles_per_hour": "14971.6824645"}, "miss_distance": {"astronomical": "0.2988334472", "lunar": "116.2462158203", "kilometers": "44704848", "miles": "27778306"}, "orbiting_body": "Earth"}, {"close_approach_date": "1900-06-01", "epoch_date_close_approach": -2195913600000, "relative_velocity": {"kilometers_per_second": "9.8698503245", "kilometers_per_hour": "35531.4611680591", "miles_per_hour": "22077.8681907865"}, "miss_distance": {"astronomical": "0.2735724702", "lunar": "106.4196929932", "kilometers": "40925860", "miles": "25430150"}, "orbiting_body": "Earth"}, {"close_approach_date": "1901-11-21", "epoch_date_close_approach": -2149430400000, "relative_velocity": {"kilometers_per_second": "22.8733228525", "kilometers_per_hour": "82343.9622690875", "miles_per_hour": "51165.3358888116"}, "miss_distance": {"astronomical": "0.3043644869", "lunar": "118.3977813721", "kilometers": "45532276", "miles": "28292446"}, "orbiting_body": "Earth"}, {"close_approach_date": "1905-04-02", "epoch_date_close_approach": -2043331200000, "relative_velocity": {"kilometers_per_second": "23.9213286443", "kilometers_per_hour": "86116.7831194696", "miles_per_hour": "53509.6200444282"}, "miss_distance": {"astronomical": "0.3427377342", "lunar": "133.3249816895", "kilometers": "51272836", "miles": "31859464"}, "orbiting_body": "Earth"}, {"close_approach_date": "1906-09-15", "epoch_date_close_approach": -1997452800000, "relative_velocity": {"kilometers_per_second": "11.2228582383", "kilometers_per_hour": "40402.2896578782", "miles_per_hour": "25104.4115932522"}, "miss_distance": {"astronomical": "0.2971160172", "lunar": "115.578125", "kilometers": "44447924", "miles": "27618658"}, "orbiting_body": "Earth"}, {"close_approach_date": "1906-11-22", "epoch_date_close_approach": -1991577600000, "relative_velocity": {"kilometers_per_second": "7.8902149389", "kilometers_per_hour": "28404.7737798963", "miles_per_hour": "17649.6217967361"}, "miss_distance": {"astronomical": "0.3403856522", "lunar": "132.4100189209", "kilometers": "50920968", "miles": "31640822"}, "orbiting_body": "Earth"}, {"close_approach_date": "1911-03-30", "epoch_date_close_approach": -1854288000000, "relative_velocity": {"kilometers_per_second": "8.3375448357", "kilometers_per_hour": "30015.1614083576", "miles_per_hour": "18650.2540428764"}, "miss_distance": {"astronomical": "0.3711888151", "lunar": "144.3924560547", "kilometers": "55529056", "miles": "34504156"}, "orbiting_body": "Earth"}, {"close_approach_date": "1911-06-18", "epoch_date_close_approach": -1847376000000, "relative_velocity": {"kilometers_per_second": "11.9215111256", "kilometers_per_hour": "42917.4400520354", "miles_per_hour": "26667.2282367772"}, "miss_distance": {"astronomical": "0.3141681956", "lunar": "122.2114257812", "kilometers": "46998892", "miles": "29203758"}, "orbiting_body": "Earth"}, {"close_approach_date": "1912-11-24", "epoch_date_close_approach": -1802016000000, "relative_velocity": {"kilometers_per_second": "25.4798809067", "kilometers_per_hour": "91727.5712641459", "miles_per_hour": "56995.9456002133"}, "miss_distance": {"astronomical": "0.3887693339", "lunar": "151.231262207", "kilometers": "58159064", "miles": "36138368"}, "orbiting_body": "Earth"}, {"close_approach_date": "1916-04-05", "epoch_date_close_approach": -1695916800000, "relative_velocity": {"kilometers_per_second": "21.5981810169", "kilometers_per_hour": "77753.4516606877", "miles_per_hour": "48312.971116609"}, "miss_distance": {"astronomical": "0.2670659287", "lunar": "103.8886489868", "kilometers": "39952496", "miles": "24825330"}, "orbiting_body": "Earth"}, {"close_approach_date": "1917-09-29", "epoch_date_close_approach": -1649088000000, "relative_velocity": {"kilometers_per_second": "9.3499573805", "kilometers_per_hour": "33659.8465699665", "miles_per_hour": "20914.9196645439"}, "miss_distance": {"astronomical": "0.2577434503", "lunar": "100.2621994019", "kilometers": "38557872", "miles": "23958750"}, "orbiting_body": "Earth"}, {"close_approach_date": "1922-03-23", "epoch_date_close_approach": -1507737600000, "relative_velocity": {"kilometers_per_second": "9.1410548804", "kilometers_per_hour": "32907.7975693858", "miles_per_hour": "20447.6256619331"}, "miss_distance": {"astronomical": "0.4172197177", "lunar": "162.2984771729", "kilometers": "62415184", "miles": "38782996"}, "orbiting_body": "Earth"}, {"close_approach_date": "1922-06-28", "epoch_date_close_approach": -1499356800000, "relative_velocity": {"kilometers_per_second": "13.0694101476", "kilometers_per_hour": "47049.8765313895", "miles_per_hour": "29234.9635591848"}, "miss_distance": {"astronomical": "0.3352883466", "lunar": "130.4271697998", "kilometers": "50158424", "miles": "31167000"}, "orbiting_body": "Earth"}, {"close_approach_date": "1923-11-28", "epoch_date_close_approach": -1454601600000, "relative_velocity": {"kilometers_per_second": "27.6264293018", "kilometers_per_hour": "99455.1454866564", "miles_per_hour": "61797.559705306"}, "miss_distance": {"astronomical": "0.4574074477", "lunar": "177.9315032959", "kilometers": "68427184", "miles": "42518680"}, "orbiting_body": "Earth"}, {"close_approach_date": "1927-04-09", "epoch_date_close_approach": -1348502400000, "relative_velocity": {"kilometers_per_second": "19.4562604314", "kilometers_per_hour": "70042.5375528679", "miles_per_hour": "43521.7089588917"}, "miss_distance": {"astronomical": "0.1966048627", "lunar": "76.4792938232", "kilometers": "29411670", "miles": "18275564"}, "orbiting_body": "Earth"}, {"close_approach_date": "1928-10-23", "epoch_date_close_approach": -1299859200000, "relative_velocity": {"kilometers_per_second": "7.6985254794", "kilometers_per_hour": "27714.6917256811", "miles_per_hour": "17220.8316447711"}, "miss_distance": {"astronomical": "0.1999985684", "lunar": "77.799446106", "kilometers": "29919360", "miles": "18591028"}, "orbiting_body": "Earth"}, {"close_approach_date": "1933-01-02", "epoch_date_close_approach": -1167494400000, "relative_velocity": {"kilometers_per_second": "5.3344929631", "kilometers_per_hour": "19204.1746669821", "miles_per_hour": "11932.7273090478"}, "miss_distance": {"astronomical": "0.0568944369", "lunar": "22.1319351196", "kilometers": "8511287", "miles": "5288668.5"}, "orbiting_body": "Mars"}, {"close_approach_date": "1933-03-16", "epoch_date_close_approach": -1161187200000, "relative_velocity": {"kilometers_per_second": "9.7945956436", "kilometers_per_hour": "35260.5443170819", "miles_per_hour": "21909.5309952446"}, "miss_distance": {"astronomical": "0.4574356147", "lunar": "177.9424438477", "kilometers": "68431392", "miles": "42521296"}, "orbiting_body": "Earth"}, {"close_approach_date": "1933-07-08", "epoch_date_close_approach": -1151337600000, "relative_velocity": {"kilometers_per_second": "13.9449149062", "kilometers_per_hour": "50201.6936623808", "miles_per_hour": "31193.3801537166"}, "miss_distance": {"astronomical": "0.3499379601", "lunar": "136.1258544922", "kilometers": "52349972", "miles": "32528764"}, "orbiting_body": "Earth"}, {"close_approach_date": "1938-04-12", "epoch_date_close_approach": -1001088000000, "relative_velocity": {"kilometers_per_second": "17.4274267203", "kilometers_per_hour": "62738.7361931491", "miles_per_hour": "38983.410830682"}, "miss_distance": {"astronomical": "0.128940499", "lunar": "50.1578521729", "kilometers": "19289224", "miles": "11985768"}, "orbiting_body": "Earth"}, {"close_approach_date": "1939-11-01", "epoch_date_close_approach": -952012800000, "relative_velocity": {"kilometers_per_second": "9.5382167083", "kilometers_per_hour": "34337.5801499838", "miles_per_hour": "21336.0369548608"}, "miss_distance": {"astronomical": "0.1343948878", "lunar": "52.2796096802", "kilometers": "20105188", "miles": "12492785"}, "orbiting_body": "Earth"}, {"close_approach_date": "1944-03-12", "epoch_date_close_approach": -814381200000, "relative_velocity": {"kilometers_per_second": "10.2028699639", "kilometers_per_hour": "36730.3318699295", "miles_per_hour": "22822.7998221792"}, "miss_distance": {"astronomical": "0.4831124259", "lunar": "187.9307403564", "kilometers": "72272592", "miles": "44908104"}, "orbiting_body": "Earth"}, {"close_approach_date": "1944-07-14", "epoch_date_close_approach": -803667600000, "relative_velocity": {"kilometers_per_second": "14.3591491899", "kilometers_per_hour": "51692.9370837509", "miles_per_hour": "32119.9808229562"}, "miss_distance": {"astronomical": "0.3571702339", "lunar": "138.9392242432", "kilometers": "53431904", "miles": "33201046"}, "orbiting_body": "Earth"}, {"close_approach_date": "1949-04-14", "epoch_date_close_approach": -653760000000, "relative_velocity": {"kilometers_per_second": "16.2848122254", "kilometers_per_hour": "58625.3240114522", "miles_per_hour": "36427.4964670049"}, "miss_distance": {"astronomical": "0.0904850857", "lunar": "35.1986999512", "kilometers": "13536377", "miles": "8411115"}, "orbiting_body": "Earth"}, {"close_approach_date": "1950-11-03", "epoch_date_close_approach": -604684800000, "relative_velocity": {"kilometers_per_second": "10.5268487238", "kilometers_per_hour": "37896.6554055799", "miles_per_hour": "23547.507910206"}, "miss_distance": {"astronomical": "0.1014974368", "lunar": "39.4825019836", "kilometers": "15183800", "miles": "9434776"}, "orbiting_body": "Earth"}, {"close_approach_date": "1955-03-12", "epoch_date_close_approach": -467308800000, "relative_velocity": {"kilometers_per_second": "10.2758952326", "kilometers_per_hour": "36993.222837509", "miles_per_hour": "22986.1500458955"}, "miss_distance": {"astronomical": "0.4871265199", "lunar": "189.4922180176", "kilometers": "72873096", "miles": "45281240"}, "orbiting_body": "Earth"}, {"close_approach_date": "1955-07-16", "epoch_date_close_approach": -456426000000, "relative_velocity": {"kilometers_per_second": "14.4197421836", "kilometers_per_hour": "51911.0718609413", "miles_per_hour": "32255.5212904832"}, "miss_distance": {"astronomical": "0.358398014", "lunar": "139.4168243408", "kilometers": "53615580", "miles": "33315178"}, "orbiting_body": "Earth"}, {"close_approach_date": "1957-06-12", "epoch_date_close_approach": -396205200000, "relative_velocity": {"kilometers_per_second": "5.1700034793", "kilometers_per_hour": "18612.012525423", "miles_per_hour": "11564.7807828108"}, "miss_distance": {"astronomical": "0.0515467184", "lunar": "20.0516738892", "kilometers": "7711279.5", "miles": "4791567"}, "orbiting_body": "Mars"}, {"close_approach_date": "1960-04-13", "epoch_date_close_approach": -306691200000, "relative_velocity": {"kilometers_per_second": "16.8478658843", "kilometers_per_hour": "60652.3171834984", "miles_per_hour": "37686.9911966021"}, "miss_distance": {"astronomical": "0.1092869888", "lunar": "42.512638092", "kilometers": "16349101", "miles": "10158860"}, "orbiting_body": "Earth"}, {"close_approach_date": "1961-11-01", "epoch_date_close_approach": -257702400000, "relative_velocity": {"kilometers_per_second": "9.6827910969", "kilometers_per_hour": "34858.0479487828", "miles_per_hour": "21659.43540462"}, "miss_distance": {"astronomical": "0.129684936", "lunar": "50.4474411011", "kilometers": "19400592", "miles": "12054968"}, "orbiting_body": "Earth"}, {"close_approach_date": "1966-03-16", "epoch_date_close_approach": -119808000000, "relative_velocity": {"kilometers_per_second": "9.8839916024", "kilometers_per_hour": "35582.3697684876", "miles_per_hour": "22109.5008153139"}, "miss_distance": {"astronomical": "0.4607676418", "lunar": "179.2386169434", "kilometers": "68929864", "miles": "42831028"}, "orbiting_body": "Earth"}, {"close_approach_date": "1966-07-09", "epoch_date_close_approach": -109875600000, "relative_velocity": {"kilometers_per_second": "14.0221115357", "kilometers_per_hour": "50479.6015286586", "miles_per_hour": "31366.0612942934"}, "miss_distance": {"astronomical": "0.351862772", "lunar": "136.8746185303", "kilometers": "52637920", "miles": "32707688"}, "orbiting_body": "Earth"}, {"close_approach_date": "1971-04-10", "epoch_date_close_approach": 40118400000, "relative_velocity": {"kilometers_per_second": "19.2648635086", "kilometers_per_hour": "69353.5086308974", "miles_per_hour": "43093.5731823484"}, "miss_distance": {"astronomical": "0.1899206331", "lunar": "73.8791275024", "kilometers": "28411722", "miles": "17654226"}, "orbiting_body": "Earth"}, {"close_approach_date": "1972-10-17", "epoch_date_close_approach": 88153200000, "relative_velocity": {"kilometers_per_second": "7.7041583951", "kilometers_per_hour": "27734.9702224615", "miles_per_hour": "17233.4319140623"}, "miss_distance": {"astronomical": "0.2165842918", "lunar": "84.2512893677", "kilometers": "32400550", "miles": "20132768"}, "orbiting_body": "Earth"}, {"close_approach_date": "1977-03-24", "epoch_date_close_approach": 228038400000, "relative_velocity": {"kilometers_per_second": "8.957842159", "kilometers_per_hour": "32248.2317724969", "miles_per_hour": "20037.7971255273"}, "miss_distance": {"astronomical": "0.4048176197", "lunar": "157.4740447998", "kilometers": "60559852", "miles": "37630148"}, "orbiting_body": "Earth"}, {"close_approach_date": "1977-06-25", "epoch_date_close_approach": 236070000000, "relative_velocity": {"kilometers_per_second": "12.80659819", "kilometers_per_hour": "46103.7534838344", "miles_per_hour": "28647.0794911081"}, "miss_distance": {"astronomical": "0.3308952321", "lunar": "128.71824646", "kilometers": "49501224", "miles": "30758634"}, "orbiting_body": "Earth"}, {"close_approach_date": "1978-11-27", "epoch_date_close_approach": 281001600000, "relative_velocity": {"kilometers_per_second": "26.3191425513", "kilometers_per_hour": "94748.9131846674", "miles_per_hour": "58873.2899729951"}, "miss_distance": {"astronomical": "0.4151591213", "lunar": "161.4969024658", "kilometers": "62106924", "miles": "38591452"}, "orbiting_body": "Earth"}, {"close_approach_date": "1982-04-05", "epoch_date_close_approach": 386841600000, "relative_velocity": {"kilometers_per_second": "22.2380549755", "kilometers_per_hour": "80056.9979118652", "miles_per_hour": "49744.3051747364"}, "miss_distance": {"astronomical": "0.2879890985", "lunar": "112.0277633667", "kilometers": "43082556", "miles": "26770260"}, "orbiting_body": "Earth"}, {"close_approach_date": "1983-09-18", "epoch_date_close_approach": 432716400000, "relative_velocity": {"kilometers_per_second": "15.8503984307", "kilometers_per_hour": "57061.4343506975", "miles_per_hour": "35455.7562497431"}, "miss_distance": {"astronomical": "0.1016265417", "lunar": "39.5327262878", "kilometers": "15203115", "miles": "9446778"}, "orbiting_body": "Venus"}, {"close_approach_date": "1983-09-22", "epoch_date_close_approach": 433062000000, "relative_velocity": {"kilometers_per_second": "10.4597324209", "kilometers_per_hour": "37655.0367152918", "miles_per_hour": "23397.3754523434"}, "miss_distance": {"astronomical": "0.2817804908", "lunar": "109.6126098633", "kilometers": "42153760", "miles": "26193132"}, "orbiting_body": "Earth"}, {"close_approach_date": "1983-11-18", "epoch_date_close_approach": 437990400000, "relative_velocity": {"kilometers_per_second": "7.3197437855", "kilometers_per_hour": "26351.0776279601", "miles_per_hour": "16373.5348738844"}, "miss_distance": {"astronomical": "0.3129445192", "lunar": "121.7354202271", "kilometers": "46815836", "miles": "29090012"}, "orbiting_body": "Earth"}, {"close_approach_date": "1984-12-05", "epoch_date_close_approach": 471081600000, "relative_velocity": {"kilometers_per_second": "12.6987573717", "kilometers_per_hour": "45715.526537985", "miles_per_hour": "28405.8503646718"}, "miss_distance": {"astronomical": "0.0485920371", "lunar": "18.9023036957", "kilometers": "7269265.5", "miles": "4516912"}, "orbiting_body": "Venus"}, {"close_approach_date": "1986-02-21", "epoch_date_close_approach": 509356800000, "relative_velocity": {"kilometers_per_second": "10.1895435909", "kilometers_per_hour": "36682.356927114", "miles_per_hour": "22792.9900584059"}, "miss_distance": {"astronomical": "0.0439576422", "lunar": "17.0995235443", "kilometers": "6575970", "miles": "4086118.25"}, "orbiting_body": "Venus"}, {"close_approach_date": "1987-05-04", "epoch_date_close_approach": 547110000000, "relative_velocity": {"kilometers_per_second": "9.2435440576", "kilometers_per_hour": "33276.7586072303", "miles_per_hour": "20676.8837023648"}, "miss_distance": {"astronomical": "0.0711642241", "lunar": "27.682882309", "kilometers": "10646016", "miles": "6615127.5"}, "orbiting_body": "Venus"}, {"close_approach_date": "1988-03-30", "epoch_date_close_approach": 575712000000, "relative_velocity": {"kilometers_per_second": "8.3349812288", "kilometers_per_hour": "30005.9324237358", "miles_per_hour": "18644.5195107374"}, "miss_distance": {"astronomical": "0.3717865291", "lunar": "144.6249694824", "kilometers": "55618476", "miles": "34559716"}, "orbiting_body": "Earth"}, {"close_approach_date": "1988-06-18", "epoch_date_close_approach": 582620400000, "relative_velocity": {"kilometers_per_second": "11.936963539", "kilometers_per_hour": "42973.0687405116", "miles_per_hour": "26701.7937404584"}, "miss_distance": {"astronomical": "0.3150509574", "lunar": "122.5548248291", "kilometers": "47130952", "miles": "29285816"}, "orbiting_body": "Earth"}, {"close_approach_date": "1988-07-11", "epoch_date_close_approach": 584607600000, "relative_velocity": {"kilometers_per_second": "9.4383617171", "kilometers_per_hour": "33978.1021815669", "miles_per_hour": "21112.6713249853"}, "miss_distance": {"astronomical": "0.0805604465", "lunar": "31.3380126953", "kilometers": "12051671", "miles": "7488561.5"}, "orbiting_body": "Venus"}, {"close_approach_date": "1989-09-19", "epoch_date_close_approach": 622191600000, "relative_velocity": {"kilometers_per_second": "9.2914986373", "kilometers_per_hour": "33449.3950942363", "miles_per_hour": "20784.1533017492"}, "miss_distance": {"astronomical": "0.0657963866", "lunar": "25.5947952271", "kilometers": "9843000", "miles": "6116156.5"}, "orbiting_body": "Venus"}, {"close_approach_date": "1989-11-25", "epoch_date_close_approach": 627984000000, "relative_velocity": {"kilometers_per_second": "25.1669944234", "kilometers_per_hour": "90601.1799243516", "miles_per_hour": "56296.0498257728"}, "miss_distance": {"astronomical": "0.3780021975", "lunar": "147.0428619385", "kilometers": "56548324", "miles": "35137500"}, "orbiting_body": "Earth"}, {"close_approach_date": "1990-12-01", "epoch_date_close_approach": 660038400000, "relative_velocity": {"kilometers_per_second": "10.1155071768", "kilometers_per_hour": "36415.8258364631", "miles_per_hour": "22627.3780037734"}, "miss_distance": {"astronomical": "0.0288012034", "lunar": "11.2036676407", "kilometers": "4308598.5", "miles": "2677239"}, "orbiting_body": "Venus"}, {"close_approach_date": "1992-02-17", "epoch_date_close_approach": 698313600000, "relative_velocity": {"kilometers_per_second": "11.9745926011", "kilometers_per_hour": "43108.5333639078", "miles_per_hour": "26785.9661893682"}, "miss_distance": {"astronomical": "0.0126288117", "lunar": "4.9126076698", "kilometers": "1889243.375", "miles": "1173921.375"}, "orbiting_body": "Venus"}, {"close_approach_date": "1993-04-04", "epoch_date_close_approach": 733910400000, "relative_velocity": {"kilometers_per_second": "22.7294646154", "kilometers_per_hour": "81826.0726153982", "miles_per_hour": "50843.5393981623"}, "miss_distance": {"astronomical": "0.3043409822", "lunar": "118.3886413574", "kilometers": "45528764", "miles": "28290262"}, "orbiting_body": "Earth"}, {"close_approach_date": "1993-05-06", "epoch_date_close_approach": 736671600000, "relative_velocity": {"kilometers_per_second": "15.9030829547", "kilometers_per_hour": "57251.0986368246", "miles_per_hour": "35573.6062613092"}, "miss_distance": {"astronomical": "0.0935879753", "lunar": "36.4057197571", "kilometers": "14000561", "miles": "8699546"}, "orbiting_body": "Venus"}, {"close_approach_date": "1994-09-15", "epoch_date_close_approach": 779612400000, "relative_velocity": {"kilometers_per_second": "11.2593042555", "kilometers_per_hour": "40533.4953198299", "miles_per_hour": "25185.9376891465"}, "miss_distance": {"astronomical": "0.2983313728", "lunar": "116.0509033203", "kilometers": "44629740", "miles": "27731634"}, "orbiting_body": "Earth"}, {"close_approach_date": "1994-11-23", "epoch_date_close_approach": 785577600000, "relative_velocity": {"kilometers_per_second": "7.9435831064", "kilometers_per_hour": "28596.8991832161", "miles_per_hour": "17769.0010508156"}, "miss_distance": {"astronomical": "0.3409230291", "lunar": "132.6190643311", "kilometers": "51001360", "miles": "31690776"}, "orbiting_body": "Earth"}, {"close_approach_date": "1999-05-21", "epoch_date_close_approach": 927270000000, "relative_velocity": {"kilometers_per_second": "8.4825253015", "kilometers_per_hour": "30537.0910853374", "miles_per_hour": "18974.5608468865"}, "miss_distance": {"astronomical": "0.2437217104", "lunar": "94.8077468872", "kilometers": "36460248", "miles": "22655348"}, "orbiting_body": "Earth"}, {"close_approach_date": "2000-11-17", "epoch_date_close_approach": 974448000000, "relative_velocity": {"kilometers_per_second": "19.9520422192", "kilometers_per_hour": "71827.3519892086", "miles_per_hour": "44630.7232401835"}, "miss_distance": {"astronomical": "0.2107645771", "lunar": "81.9874191284", "kilometers": "31529932", "miles": "19591792"}, "orbiting_body": "Earth"}, {"close_approach_date": "2002-07-14", "epoch_date_close_approach": 1026630000000, "relative_velocity": {"kilometers_per_second": "4.6837664053", "kilometers_per_hour": "16861.5590590108", "miles_per_hour": "10477.1170719726"}, "miss_distance": {"astronomical": "0.0397093138", "lunar": "15.4469232559", "kilometers": "5940429", "miles": "3691211.5"}, "orbiting_body": "Mars"}, {"close_approach_date": "2005-08-12", "epoch_date_close_approach": 1123830000000, "relative_velocity": {"kilometers_per_second": "14.4658096375", "kilometers_per_hour": "52076.9146949186", "miles_per_hour": "32358.5695780732"}, "miss_distance": {"astronomical": "0.3578789416", "lunar": "139.2149200439", "kilometers": "53537928", "miles": "33266928"}, "orbiting_body": "Earth"}, {"close_approach_date": "2005-12-16", "epoch_date_close_approach": 1134720000000, "relative_velocity": {"kilometers_per_second": "10.3693357014", "kilometers_per_hour": "37329.608525143", "miles_per_hour": "23195.1670305256"}, "miss_distance": {"astronomical": "0.4835200205", "lunar": "188.0892944336", "kilometers": "72333568", "miles": "44945996"}, "orbiting_body": "Earth"}, {"close_approach_date": "2010-04-19", "epoch_date_close_approach": 1271660400000, "relative_velocity": {"kilometers_per_second": "13.123809545", "kilometers_per_hour": "47245.7143621742", "miles_per_hour": "29356.6495713188"}, "miss_distance": {"astronomical": "0.0151942195", "lunar": "5.910551548", "kilometers": "2273023", "miles": "1412391"}, "orbiting_body": "Earth"}, {"close_approach_date": "2011-11-08", "epoch_date_close_approach": 1320739200000, "relative_velocity": {"kilometers_per_second": "13.7164975111", "kilometers_per_hour": "49379.3910400586", "miles_per_hour": "30682.4332826409"}, "miss_distance": {"astronomical": "0.0021720264", "lunar": "0.844918251", "kilometers": "324930.5", "miles": "201902.46875"}, "orbiting_body": "Earth"}, {"close_approach_date": "2011-11-09", "epoch_date_close_approach": 1320825600000, "relative_velocity": {"kilometers_per_second": "13.5085851421", "kilometers_per_hour": "48630.9065115632", "miles_per_hour": "30217.3541043655"}, "miss_distance": {"astronomical": "0.0016012101", "lunar": "0.6228707433", "kilometers": "239537.625", "miles": "148841.78125"}, "orbiting_body": "Moon"}, {"close_approach_date": "2015-04-08", "epoch_date_close_approach": 1428476400000, "relative_velocity": {"kilometers_per_second": "22.0874904966", "kilometers_per_hour": "79514.9657877704", "miles_per_hour": "49407.507491851"}, "miss_distance": {"astronomical": "0.283320686", "lunar": "110.2117538452", "kilometers": "42384172", "miles": "26336304"}, "orbiting_body": "Earth"}, {"close_approach_date": "2016-11-01", "epoch_date_close_approach": 1477983600000, "relative_velocity": {"kilometers_per_second": "9.8587268706", "kilometers_per_hour": "35491.4167339805", "miles_per_hour": "22052.9861367336"}, "miss_distance": {"astronomical": "0.1236504622", "lunar": "48.1000289917", "kilometers": "18497846", "miles": "11494029"}, "orbiting_body": "Earth"}, {"close_approach_date": "2020-04-02", "epoch_date_close_approach": 1585810800000, "relative_velocity": {"kilometers_per_second": "25.9419954148", "kilometers_per_hour": "93391.1834932127", "miles_per_hour": "58029.6495433243"}, "miss_distance": {"astronomical": "0.4095804875", "lunar": "159.3268127441", "kilometers": "61272372", "miles": "38072888"}, "orbiting_body": "Earth"}, {"close_approach_date": "2021-10-03", "epoch_date_close_approach": 1633244400000, "relative_velocity": {"kilometers_per_second": "9.0479491206", "kilometers_per_hour": "32572.6168340287", "miles_per_hour": "20239.3573877885"}, "miss_distance": {"astronomical": "0.2468438124", "lunar": "96.0222473145", "kilometers": "36927308", "miles": "22945566"}, "orbiting_body": "Earth"}, {"close_approach_date": "2026-09-07", "epoch_date_close_approach": 1788764400000, "relative_velocity": {"kilometers_per_second": "12.2661391366", "kilometers_per_hour": "44158.1008919015", "miles_per_hour": "27438.1266347485"}, "miss_distance": {"astronomical": "0.3138767379", "lunar": "122.0980529785", "kilometers": "46955292", "miles": "29176666"}, "orbiting_body": "Earth"}, {"close_approach_date": "2026-11-29", "epoch_date_close_approach": 1795939200000, "relative_velocity": {"kilometers_per_second": "8.4727759396", "kilometers_per_hour": "30501.9933827211", "miles_per_hour": "18952.7524993914"}, "miss_distance": {"astronomical": "0.3815049322", "lunar": "148.4054107666", "kilometers": "57072324", "miles": "35463100"}, "orbiting_body": "Earth"}, {"close_approach_date": "2027-10-20", "epoch_date_close_approach": 1824015600000, "relative_velocity": {"kilometers_per_second": "15.3812374807", "kilometers_per_hour": "55372.4549305096", "miles_per_hour": "34406.2901205713"}, "miss_distance": {"astronomical": "0.0878940676", "lunar": "34.1907920837", "kilometers": "13148765", "miles": "8170264"}, "orbiting_body": "Venus"}, {"close_approach_date": "2029-01-19", "epoch_date_close_approach": 1863504000000, "relative_velocity": {"kilometers_per_second": "11.1149081255", "kilometers_per_hour": "40013.6692517507", "miles_per_hour": "24862.9379859003"}, "miss_distance": {"astronomical": "0.0023198017", "lunar": "0.9024028182", "kilometers": "347037.375", "miles": "215639.03125"}, "orbiting_body": "Venus"}, {"close_approach_date": "2030-06-01", "epoch_date_close_approach": 1906527600000, "relative_velocity": {"kilometers_per_second": "9.2395211861", "kilometers_per_hour": "33262.2762699617", "miles_per_hour": "20667.8849411881"}, "miss_distance": {"astronomical": "0.0567585187", "lunar": "22.0790634155", "kilometers": "8490954", "miles": "5276034"}, "orbiting_body": "Venus"}, {"close_approach_date": "2031-09-13", "epoch_date_close_approach": 1947049200000, "relative_velocity": {"kilometers_per_second": "11.5427604985", "kilometers_per_hour": "41553.9377946349", "miles_per_hour": "25820.0009591164"}, "miss_distance": {"astronomical": "0.298269835", "lunar": "116.0269699097", "kilometers": "44620532", "miles": "27725914"}, "orbiting_body": "Earth"}, {"close_approach_date": "2031-11-22", "epoch_date_close_approach": 1953100800000, "relative_velocity": {"kilometers_per_second": "7.7986381667", "kilometers_per_hour": "28075.0974000842", "miles_per_hour": "17444.773715069"}, "miss_distance": {"astronomical": "0.3528024509", "lunar": "137.2401580811", "kilometers": "52778496", "miles": "32795038"}, "orbiting_body": "Earth"}, {"close_approach_date": "2035-04-04", "epoch_date_close_approach": 2059282800000, "relative_velocity": {"kilometers_per_second": "24.9328994349", "kilometers_per_hour": "89758.437965487", "miles_per_hour": "55772.4027458327"}, "miss_distance": {"astronomical": "0.3731424337", "lunar": "145.1524047852", "kilometers": "55821312", "miles": "34685756"}, "orbiting_body": "Earth"}, {"close_approach_date": "2036-10-31", "epoch_date_close_approach": 2109049200000, "relative_velocity": {"kilometers_per_second": "10.0345356712", "kilometers_per_hour": "36124.3284162275", "miles_per_hour": "22446.2528428498"}, "miss_distance": {"astronomical": "0.1214403826", "lunar": "47.2403068542", "kilometers": "18167222", "miles": "11288589"}, "orbiting_body": "Earth"}, {"close_approach_date": "2040-04-14", "epoch_date_close_approach": 2217999600000, "relative_velocity": {"kilometers_per_second": "18.1961315605", "kilometers_per_hour": "65506.073617687", "miles_per_hour": "40702.9266876122"}, "miss_distance": {"astronomical": "0.1517605341", "lunar": "59.0348472595", "kilometers": "22703052", "miles": "14107023"}, "orbiting_body": "Earth"}, {"close_approach_date": "2041-11-12", "epoch_date_close_approach": 2267856000000, "relative_velocity": {"kilometers_per_second": "16.7328978321", "kilometers_per_hour": "60238.4321954578", "miles_per_hour": "37429.819160561"}, "miss_distance": {"astronomical": "0.1017918615", "lunar": "39.5970344543", "kilometers": "15227845", "miles": "9462144"}, "orbiting_body": "Earth"}, {"close_approach_date": "2045-04-25", "epoch_date_close_approach": 2376716400000, "relative_velocity": {"kilometers_per_second": "11.5967395345", "kilometers_per_hour": "41748.2623241536", "miles_per_hour": "25940.7466646942"}, "miss_distance": {"astronomical": "0.0699343364", "lunar": "27.2044582367", "kilometers": "10462028", "miles": "6500803"}, "orbiting_body": "Earth"}, {"close_approach_date": "2046-11-22", "epoch_date_close_approach": 2426486400000, "relative_velocity": {"kilometers_per_second": "23.7962593475", "kilometers_per_hour": "85666.5336511436", "miles_per_hour": "53229.852534512"}, "miss_distance": {"astronomical": "0.3324593121", "lunar": "129.326675415", "kilometers": "49735204", "miles": "30904022"}, "orbiting_body": "Earth"}, {"close_approach_date": "2050-04-16", "epoch_date_close_approach": 2533705200000, "relative_velocity": {"kilometers_per_second": "6.7505024213", "kilometers_per_hour": "24301.8087168118", "miles_per_hour": "15100.1988662879"}, "miss_distance": {"astronomical": "0.319183398", "lunar": "124.1623458862", "kilometers": "47749160", "miles": "29669952"}, "orbiting_body": "Earth"}, {"close_approach_date": "2050-06-09", "epoch_date_close_approach": 2538370800000, "relative_velocity": {"kilometers_per_second": "10.5347462323", "kilometers_per_hour": "37925.0864362141", "miles_per_hour": "23565.1738469909"}, "miss_distance": {"astronomical": "0.2810388465", "lunar": "109.3241119385", "kilometers": "42042812", "miles": "26124194"}, "orbiting_body": "Earth"}, {"close_approach_date": "2055-03-18", "epoch_date_close_approach": 2688966000000, "relative_velocity": {"kilometers_per_second": "9.9886272887", "kilometers_per_hour": "35959.0582394627", "miles_per_hour": "22343.5603821817"}, "miss_distance": {"astronomical": "0.485309141", "lunar": "188.7852630615", "kilometers": "72601216", "miles": "45112304"}, "orbiting_body": "Earth"}, {"close_approach_date": "2055-07-01", "epoch_date_close_approach": 2698038000000, "relative_velocity": {"kilometers_per_second": "12.5128690839", "kilometers_per_hour": "45046.3287021458", "miles_per_hour": "27990.0368538417"}, "miss_distance": {"astronomical": "0.0291350632", "lunar": "11.3335399628", "kilometers": "4358543.5", "miles": "2708273.25"}, "orbiting_body": "Venus"}, {"close_approach_date": "2055-07-16", "epoch_date_close_approach": 2699334000000, "relative_velocity": {"kilometers_per_second": "14.172971085", "kilometers_per_hour": "51022.6959059179", "miles_per_hour": "31703.5190199855"}, "miss_distance": {"astronomical": "0.3493977776", "lunar": "135.9157409668", "kilometers": "52269164", "miles": "32478552"}, "orbiting_body": "Earth"}, {"close_approach_date": "2056-11-01", "epoch_date_close_approach": 2740287600000, "relative_velocity": {"kilometers_per_second": "9.1616882219", "kilometers_per_hour": "32982.0775988732", "miles_per_hour": "20493.7803835887"}, "miss_distance": {"astronomical": "0.0716814839", "lunar": "27.884098053", "kilometers": "10723398", "miles": "6663210.5"}, "orbiting_body": "Venus"}, {"close_approach_date": "2058-02-23", "epoch_date_close_approach": 2781676800000, "relative_velocity": {"kilometers_per_second": "15.5103471791", "kilometers_per_hour": "55837.2498447845", "miles_per_hour": "34695.095604944"}, "miss_distance": {"astronomical": "0.0996236102", "lunar": "38.7535858154", "kilometers": "14903481", "miles": "9260593"}, "orbiting_body": "Venus"}, {"close_approach_date": "2060-08-10", "epoch_date_close_approach": 2859346800000, "relative_velocity": {"kilometers_per_second": "14.4099041427", "kilometers_per_hour": "51875.6549138006", "miles_per_hour": "32233.5145768557"}, "miss_distance": {"astronomical": "0.3518315017", "lunar": "136.8624572754", "kilometers": "52633244", "miles": "32704780"}, "orbiting_body": "Earth"}, {"close_approach_date": "2060-12-14", "epoch_date_close_approach": 2870236800000, "relative_velocity": {"kilometers_per_second": "10.3636959197", "kilometers_per_hour": "37309.3053107566", "miles_per_hour": "23182.5514026754"}, "miss_distance": {"astronomical": "0.4992145843", "lunar": "194.1944732666", "kilometers": "74681440", "miles": "46404896"}, "orbiting_body": "Earth"}, {"close_approach_date": "2065-09-07", "epoch_date_close_approach": 3019532400000, "relative_velocity": {"kilometers_per_second": "12.2229826997", "kilometers_per_hour": "44002.737718816", "miles_per_hour": "27341.5900008943"}, "miss_distance": {"astronomical": "0.311440098", "lunar": "121.1501998901", "kilometers": "46590776", "miles": "28950168"}, "orbiting_body": "Earth"}, {"close_approach_date": "2065-11-26", "epoch_date_close_approach": 3026448000000, "relative_velocity": {"kilometers_per_second": "8.3640335595", "kilometers_per_hour": "30110.5208141989", "miles_per_hour": "18709.5066692449"}, "miss_distance": {"astronomical": "0.3797532445", "lunar": "147.7240142822", "kilometers": "56810276", "miles": "35300268"}, "orbiting_body": "Earth"}, {"close_approach_date": "2069-04-01", "epoch_date_close_approach": 3132025200000, "relative_velocity": {"kilometers_per_second": "26.7579725456", "kilometers_per_hour": "96328.7011640153", "miles_per_hour": "59854.9087871627"}, "miss_distance": {"astronomical": "0.4331907186", "lunar": "168.5111999512", "kilometers": "64804412", "miles": "40267596"}, "orbiting_body": "Earth"}, {"close_approach_date": "2070-10-22", "epoch_date_close_approach": 3181186800000, "relative_velocity": {"kilometers_per_second": "8.0108388443", "kilometers_per_hour": "28839.0198396012", "miles_per_hour": "17919.44541089"}, "miss_distance": {"astronomical": "0.1938557705", "lunar": "75.4098968506", "kilometers": "29000412", "miles": "18020020"}, "orbiting_body": "Earth"}, {"close_approach_date": "2074-04-10", "epoch_date_close_approach": 3290569200000, "relative_velocity": {"kilometers_per_second": "21.0246551081", "kilometers_per_hour": "75688.7583891686", "miles_per_hour": "47030.0510113143"}, "miss_distance": {"astronomical": "0.2457962943", "lunar": "95.6147613525", "kilometers": "36770604", "miles": "22848194"}, "orbiting_body": "Earth"}, {"close_approach_date": "2075-11-07", "epoch_date_close_approach": 3340339200000, "relative_velocity": {"kilometers_per_second": "13.7684912918", "kilometers_per_hour": "49566.5686503004", "miles_per_hour": "30798.7381705158"}, "miss_distance": {"astronomical": "0.0016573117", "lunar": "0.6446942687", "kilometers": "247930.296875", "miles": "154056.75"}, "orbiting_body": "Moon"}, {"close_approach_date": "2075-11-08", "epoch_date_close_approach": 3340425600000, "relative_velocity": {"kilometers_per_second": "13.7651449403", "kilometers_per_hour": "49554.5217850688", "miles_per_hour": "30791.2527169501"}, "miss_distance": {"astronomical": "0.0015250356", "lunar": "0.5932388306", "kilometers": "228142.078125", "miles": "141760.921875"}, "orbiting_body": "Earth"}, {"close_approach_date": "2079-04-01", "epoch_date_close_approach": 3447558000000, "relative_velocity": {"kilometers_per_second": "26.0402955551", "kilometers_per_hour": "93745.063998342", "miles_per_hour": "58249.537127192"}, "miss_distance": {"astronomical": "0.4087377672", "lunar": "158.9989929199", "kilometers": "61146300", "miles": "37994552"}, "orbiting_body": "Earth"}, {"close_approach_date": "2109-01-07", "epoch_date_close_approach": 4386988800000, "relative_velocity": {"kilometers_per_second": "12.1750591369", "kilometers_per_hour": "43830.2128929937", "miles_per_hour": "27234.3897834271"}, "miss_distance": {"astronomical": "0.0188064919", "lunar": "7.3157248497", "kilometers": "2813411", "miles": "1748172.625"}, "orbiting_body": "Venus"}, {"close_approach_date": "2139-11-04", "epoch_date_close_approach": 5359680000000, "relative_velocity": {"kilometers_per_second": "9.8541320911", "kilometers_per_hour": "35474.8755281163", "miles_per_hour": "22042.7080746787"}, "miss_distance": {"astronomical": "0.1245601745", "lunar": "48.4539108276", "kilometers": "18633938", "miles": "11578592"}, "orbiting_body": "Earth"}], "orbital_data": {"orbit_id": "126", "orbit_determination_date": "2017-09-11 14:10:13", "orbit_uncertainty": "0", "minimum_orbit_intersection": ".00047866", "jupiter_tisserand_invariant": "5.348", "epoch_osculation": "2458000.5", "eccentricity": ".4304489331326166", "semi_major_axis": "1.157099524354321", "inclination": ".3403358876656146", "ascending_node_longitude": "35.94008162057762", "orbital_period": "454.6262408929069", "perihelion_distance": ".6590272685677454", "perihelion_argument": "273.5605433248517", "aphelion_distance": "1.655171780140897", "perihelion_time": "2458088.508289837743", "mean_anomaly": "290.3098204816319", "mean_motion": ".7918592628814021", "equinox": "J2000"}}