{"links": {"self": "https://api.nasa.gov/neo/rest/v1/neo/2311044?api_key=stjNMXvPIBN6FqEBpH6hQbWAtFDv0RARRez0p7z1"}, "neo_reference_id": "2311044", "name": "311044 (2004 BB103)", "nasa_jpl_url": "http://ssd.jpl.nasa.gov/sbdb.cgi?sstr=2311044", "absolute_magnitude_h": 17.1, "estimated_diameter": {"kilometers": {"estimated_diameter_min": 1.0105434154, "estimated_diameter_max": 2.2596437711}, "meters": {"estimated_diameter_min": 1010.5434154201, "estimated_diameter_max": 2259.643771094}, "miles": {"estimated_diameter_min": 0.6279223726, "estimated_diameter_max": 1.4040771097}, "feet": {"estimated_diameter_min": 3315.4312590467, "estimated_diameter_max": 7413.5296699562}}, "is_potentially_hazardous_asteroid": true, "close_approach_data": [{"close_approach_date": "1903-12-21", "epoch_date_close_approach": -2083766400000, "relative_velocity": {"kilometers_per_second": "35.8444267518", "kilometers_per_hour": "129039.9363066348", "miles_per_hour": "80180.3982011976"}, "miss_distance": {"astronomical": "0.408440783", "lunar": "158.8834533691", "kilometers": "61101868", "miles": "37966940"}, "orbiting_body": "Earth"}, {"close_approach_date": "1911-12-09", "epoch_date_close_approach": -1832342400000, "relative_velocity": {"kilometers_per_second": "27.5604346057", "kilometers_per_hour": "99217.5645803818", "miles_per_hour": "61649.9361694044"}, "miss_distance": {"astronomical": "0.4518937684", "lunar": "175.7866821289", "kilometers": "67602344", "miles": "42006152"}, "orbiting_body": "Earth"}, {"close_approach_date": "1919-06-26", "epoch_date_close_approach": -1594227600000, "relative_velocity": {"kilometers_per_second": "32.0616499014", "kilometers_per_hour": "115421.9396449849", "miles_per_hour": "71718.7046644074"}, "miss_distance": {"astronomical": "0.096699475", "lunar": "37.6160964966", "kilometers": "14466036", "miles": "8988778"}, "orbiting_body": "Earth"}, {"close_approach_date": "1927-06-01", "epoch_date_close_approach": -1343923200000, "relative_velocity": {"kilometers_per_second": "41.7811764735", "kilometers_per_hour": "150412.2353047202", "miles_per_hour": "93460.3136536469"}, "miss_distance": {"astronomical": "0.4441502351", "lunar": "172.7744445801", "kilometers": "66443932", "miles": "41286344"}, "orbiting_body": "Earth"}, {"close_approach_date": "1932-12-17", "epoch_date_close_approach": -1168876800000, "relative_velocity": {"kilometers_per_second": "33.5837139154", "kilometers_per_hour": "120901.3700955588", "miles_per_hour": "75123.4096574321"}, "miss_distance": {"astronomical": "0.3546073262", "lunar": "137.9422454834", "kilometers": "53048500", "miles": "32962810"}, "orbiting_body": "Earth"}, {"close_approach_date": "1948-06-21", "epoch_date_close_approach": -679424400000, "relative_velocity": {"kilometers_per_second": "33.3637952046", "kilometers_per_hour": "120109.662736412", "miles_per_hour": "74631.4734930778"}, "miss_distance": {"astronomical": "0.0278538128", "lunar": "10.8351335526", "kilometers": "4166871.25", "miles": "2589173.75"}, "orbiting_body": "Earth"}, {"close_approach_date": "1961-12-15", "epoch_date_close_approach": -253900800000, "relative_velocity": {"kilometers_per_second": "32.1107607655", "kilometers_per_hour": "115598.7387558756", "miles_per_hour": "71828.5607563939"}, "miss_distance": {"astronomical": "0.3348500039", "lunar": "130.256652832", "kilometers": "50092848", "miles": "31126254"}, "orbiting_body": "Earth"}, {"close_approach_date": "1969-07-13", "epoch_date_close_approach": -14835600000, "relative_velocity": {"kilometers_per_second": "28.496937521", "kilometers_per_hour": "102588.975075479", "miles_per_hour": "63744.7995406497"}, "miss_distance": {"astronomical": "0.4856158783", "lunar": "188.9045715332", "kilometers": "72647104", "miles": "45140816"}, "orbiting_body": "Earth"}, {"close_approach_date": "1977-06-19", "epoch_date_close_approach": 235551600000, "relative_velocity": {"kilometers_per_second": "34.4527691964", "kilometers_per_hour": "124029.969106936", "miles_per_hour": "77067.3994153625"}, "miss_distance": {"astronomical": "0.0704203021", "lunar": "27.393497467", "kilometers": "10534727", "miles": "6545976"}, "orbiting_body": "Earth"}, {"close_approach_date": "1990-12-13", "epoch_date_close_approach": 661075200000, "relative_velocity": {"kilometers_per_second": "30.4910977604", "kilometers_per_hour": "109767.9519373298", "miles_per_hour": "68205.5365801703"}, "miss_distance": {"astronomical": "0.3382395768", "lunar": "131.5751953125", "kilometers": "50599920", "miles": "31441334"}, "orbiting_body": "Earth"}, {"close_approach_date": "1998-07-08", "epoch_date_close_approach": 899881200000, "relative_velocity": {"kilometers_per_second": "29.2314971108", "kilometers_per_hour": "105233.3895989592", "miles_per_hour": "65387.9358871977"}, "miss_distance": {"astronomical": "0.3691091017", "lunar": "143.5834350586", "kilometers": "55217936", "miles": "34310836"}, "orbiting_body": "Earth"}, {"close_approach_date": "2006-06-12", "epoch_date_close_approach": 1150095600000, "relative_velocity": {"kilometers_per_second": "36.8453387484", "kilometers_per_hour": "132643.2194943973", "miles_per_hour": "82419.3382463937"}, "miss_distance": {"astronomical": "0.2007033136", "lunar": "78.0735855103", "kilometers": "30024788", "miles": "18656538"}, "orbiting_body": "Earth"}, {"close_approach_date": "2011-12-25", "epoch_date_close_approach": 1324800000000, "relative_velocity": {"kilometers_per_second": "38.1779160878", "kilometers_per_hour": "137440.497916134", "miles_per_hour": "85400.1804968334"}, "miss_distance": {"astronomical": "0.4725842406", "lunar": "183.8352661133", "kilometers": "70697600", "miles": "43929452"}, "orbiting_body": "Earth"}, {"close_approach_date": "2019-12-11", "epoch_date_close_approach": 1576051200000, "relative_velocity": {"kilometers_per_second": "28.5548752679", "kilometers_per_hour": "102797.5509643874", "miles_per_hour": "63874.4004867329"}, "miss_distance": {"astronomical": "0.3912079834", "lunar": "152.1799163818", "kilometers": "58523884", "miles": "36365056"}, "orbiting_body": "Earth"}, {"close_approach_date": "2027-07-02", "epoch_date_close_approach": 1814511600000, "relative_velocity": {"kilometers_per_second": "30.6575148823", "kilometers_per_hour": "110367.0535763992", "miles_per_hour": "68577.7950402909"}, "miss_distance": {"astronomical": "0.2191939435", "lunar": "85.2664489746", "kilometers": "32790948", "miles": "20375350"}, "orbiting_body": "Earth"}, {"close_approach_date": "2035-06-06", "epoch_date_close_approach": 2064726000000, "relative_velocity": {"kilometers_per_second": "39.7556558062", "kilometers_per_hour": "143120.3609023348", "miles_per_hour": "88929.426472898"}, "miss_distance": {"astronomical": "0.3443028871", "lunar": "133.9338226318", "kilometers": "51506980", "miles": "32004954"}, "orbiting_body": "Earth"}, {"close_approach_date": "2040-12-19", "epoch_date_close_approach": 2239516800000, "relative_velocity": {"kilometers_per_second": "34.9795043331", "kilometers_per_hour": "125926.2155993234", "miles_per_hour": "78245.6532428129"}, "miss_distance": {"astronomical": "0.3793450619", "lunar": "147.5652313232", "kilometers": "56749212", "miles": "35262328"}, "orbiting_body": "Earth"}, {"close_approach_date": "2048-12-08", "epoch_date_close_approach": 2491027200000, "relative_velocity": {"kilometers_per_second": "27.1321028248", "kilometers_per_hour": "97675.5701693624", "miles_per_hour": "60691.8008088464"}, "miss_distance": {"astronomical": "0.4802072096", "lunar": "186.8005981445", "kilometers": "71837976", "miles": "44638048"}, "orbiting_body": "Earth"}, {"close_approach_date": "2056-06-24", "epoch_date_close_approach": 2729055600000, "relative_velocity": {"kilometers_per_second": "32.5041433028", "kilometers_per_hour": "117014.9158902132", "miles_per_hour": "72708.5181541161"}, "miss_distance": {"astronomical": "0.0797674228", "lunar": "31.0295276642", "kilometers": "11933036", "miles": "7414845"}, "orbiting_body": "Earth"}, {"close_approach_date": "2064-05-29", "epoch_date_close_approach": 2979270000000, "relative_velocity": {"kilometers_per_second": "42.5084242606", "kilometers_per_hour": "153030.3273382248", "miles_per_hour": "95087.0942285764"}, "miss_distance": {"astronomical": "0.4697516554", "lunar": "182.7333984375", "kilometers": "70273848", "miles": "43666144"}, "orbiting_body": "Earth"}, {"close_approach_date": "2069-12-16", "epoch_date_close_approach": 3154406400000, "relative_velocity": {"kilometers_per_second": "32.6972964201", "kilometers_per_hour": "117710.2671123715", "miles_per_hour": "73140.5823621288"}, "miss_distance": {"astronomical": "0.3342889888", "lunar": "130.0384216309", "kilometers": "50008920", "miles": "31074102"}, "orbiting_body": "Earth"}, {"close_approach_date": "2085-06-20", "epoch_date_close_approach": 3643858800000, "relative_velocity": {"kilometers_per_second": "33.9318709766", "kilometers_per_hour": "122154.7355159238", "miles_per_hour": "75902.2021876583"}, "miss_distance": {"astronomical": "0.0469407006", "lunar": "18.2599315643", "kilometers": "7022228.5", "miles": "4363410.5"}, "orbiting_body": "Earth"}, {"close_approach_date": "2098-12-13", "epoch_date_close_approach": 4069296000000, "relative_velocity": {"kilometers_per_second": "30.7185177052", "kilometers_per_hour": "110586.6637388777", "miles_per_hour": "68714.2522548599"}, "miss_distance": {"astronomical": "0.3305757815", "lunar": "128.5939788818", "kilometers": "49453436", "miles": "30728940"}, "orbiting_body": "Earth"}, {"close_approach_date": "2106-07-11", "epoch_date_close_approach": 4308274800000, "relative_velocity": {"kilometers_per_second": "29.0466183075", "kilometers_per_hour": "104567.8259070428", "miles_per_hour": "64974.3804920734"}, "miss_distance": {"astronomical": "0.4061985987", "lunar": "158.0112457275", "kilometers": "60766444", "miles": "37758520"}, "orbiting_body": "Earth"}, {"close_approach_date": "2114-06-14", "epoch_date_close_approach": 4558402800000, "relative_velocity": {"kilometers_per_second": "36.4078560132", "kilometers_per_hour": "131068.2816475808", "miles_per_hour": "81440.7331159649"}, "miss_distance": {"astronomical": "0.1732650227", "lunar": "67.4000930786", "kilometers": "25920080", "miles": "16105990"}, "orbiting_body": "Earth"}, {"close_approach_date": "2119-12-26", "epoch_date_close_approach": 4733020800000, "relative_velocity": {"kilometers_per_second": "38.450422378", "kilometers_per_hour": "138421.5205608817", "miles_per_hour": "86009.749817399"}, "miss_distance": {"astronomical": "0.4757149765", "lunar": "185.0531311035", "kilometers": "71165952", "miles": "44220472"}, "orbiting_body": "Earth"}, {"close_approach_date": "2127-12-12", "epoch_date_close_approach": 4984272000000, "relative_velocity": {"kilometers_per_second": "28.6303598243", "kilometers_per_hour": "103069.295367647", "miles_per_hour": "64043.2518910805"}, "miss_distance": {"astronomical": "0.3839402404", "lunar": "149.3527526855", "kilometers": "57436644", "miles": "35689476"}, "orbiting_body": "Earth"}, {"close_approach_date": "2135-07-04", "epoch_date_close_approach": 5222818800000, "relative_velocity": {"kilometers_per_second": "30.4531661891", "kilometers_per_hour": "109631.3982807726", "miles_per_hour": "68120.6874484056"}, "miss_distance": {"astronomical": "0.2465739434", "lunar": "95.9172592163", "kilometers": "36886936", "miles": "22920480"}, "orbiting_body": "Earth"}, {"close_approach_date": "2143-06-07", "epoch_date_close_approach": 5472946800000, "relative_velocity": {"kilometers_per_second": "39.3423085041", "kilometers_per_hour": "141632.3106149339", "miles_per_hour": "88004.8098929293"}, "miss_distance": {"astronomical": "0.3195720516", "lunar": "124.3135299683", "kilometers": "47807300", "miles": "29706080"}, "orbiting_body": "Earth"}, {"close_approach_date": "2148-12-20", "epoch_date_close_approach": 5647737600000, "relative_velocity": {"kilometers_per_second": "35.1410215434", "kilometers_per_hour": "126507.6775561381", "miles_per_hour": "78606.9510903682"}, "miss_distance": {"astronomical": "0.3770081351", "lunar": "146.6561737061", "kilometers": "56399616", "miles": "35045096"}, "orbiting_body": "Earth"}, {"close_approach_date": "2156-12-09", "epoch_date_close_approach": 5899248000000, "relative_velocity": {"kilometers_per_second": "27.1009367715", "kilometers_per_hour": "97563.3723774079", "miles_per_hour": "60622.0854641733"}, "miss_distance": {"astronomical": "0.4770774126", "lunar": "185.583114624", "kilometers": "71369768", "miles": "44347116"}, "orbiting_body": "Earth"}, {"close_approach_date": "2164-06-26", "epoch_date_close_approach": 6137362800000, "relative_velocity": {"kilometers_per_second": "32.189862275", "kilometers_per_hour": "115883.5041899496", "miles_per_hour": "72005.5029229162"}, "miss_distance": {"astronomical": "0.1108833769", "lunar": "43.1336326599", "kilometers": "16587917", "miles": "10307254"}, "orbiting_body": "Earth"}, {"close_approach_date": "2172-05-31", "epoch_date_close_approach": 6387577200000, "relative_velocity": {"kilometers_per_second": "42.1226724952", "kilometers_per_hour": "151641.6209828154", "miles_per_hour": "94224.2061045722"}, "miss_distance": {"astronomical": "0.4466371436", "lunar": "173.7418518066", "kilometers": "66815968", "miles": "41517516"}, "orbiting_body": "Earth"}, {"close_approach_date": "2177-12-17", "epoch_date_close_approach": 6562627200000, "relative_velocity": {"kilometers_per_second": "32.7641188191", "kilometers_per_hour": "117950.8277486632", "miles_per_hour": "73290.0573863846"}, "miss_distance": {"astronomical": "0.3295688504", "lunar": "128.2022857666", "kilometers": "49302800", "miles": "30635340"}, "orbiting_body": "Earth"}, {"close_approach_date": "2193-06-22", "epoch_date_close_approach": 7052166000000, "relative_velocity": {"kilometers_per_second": "33.7235171985", "kilometers_per_hour": "121404.6619145402", "miles_per_hour": "75436.1356212875"}, "miss_distance": {"astronomical": "0.0511458196", "lunar": "19.8957233429", "kilometers": "7651305.5", "miles": "4754301"}, "orbiting_body": "Earth"}], "orbital_data": {"orbit_id": "34", "orbit_determination_date": "2017-04-06 09:23:54", "orbit_uncertainty": "0", "minimum_orbit_intersection": ".0336834", "jupiter_tisserand_invariant": "3.260", "epoch_osculation": "2458000.5", "eccentricity": ".6219028745031229", "semi_major_axis": "1.907313014184", "inclination": "55.86411647462925", "ascending_node_longitude": "271.1138421534065", "orbital_period": "962.1247462716162", "perihelion_distance": ".7211495680857549", "perihelion_argument": "71.49263238704869", "aphelion_distance": "3.093476460282246", "perihelion_time": "2457788.635904795110", "mean_anomaly": "79.27358127864666", "mean_motion": ".3741718539046587", "equinox": "J2000"}}