{"links": {"self": "https://api.nasa.gov/neo/rest/v1/neo/2348314?api_key=stjNMXvPIBN6FqEBpH6hQbWAtFDv0RARRez0p7z1"}, "neo_reference_id": "2348314", "name": "348314 (2005 BC)", "nasa_jpl_url": "http://ssd.jpl.nasa.gov/sbdb.cgi?sstr=2348314", "absolute_magnitude_h": 17.9, "estimated_diameter": {"kilometers": {"estimated_diameter_min": 0.6991252322, "estimated_diameter_max": 1.5632915441}, "meters": {"estimated_diameter_min": 699.1252322458, "estimated_diameter_max": 1563.2915440869}, "miles": {"estimated_diameter_min": 0.4344161447, "estimated_diameter_max": 0.97138403}, "feet": {"estimated_diameter_min": 2293.7180269613, "estimated_diameter_max": 5128.9094295021}}, "is_potentially_hazardous_asteroid": true, "close_approach_data": [{"close_approach_date": "1900-01-07", "epoch_date_close_approach": -2208441600000, "relative_velocity": {"kilometers_per_second": "15.3641656722", "kilometers_per_hour": "55310.9964197821", "miles_per_hour": "34368.1021920585"}, "miss_distance": {"astronomical": "0.2683297282", "lunar": "104.3802719116", "kilometers": "40141560", "miles": "24942808"}, "orbiting_body": "Earth"}, {"close_approach_date": "1903-07-02", "epoch_date_close_approach": -2098627200000, "relative_velocity": {"kilometers_per_second": "24.531917226", "kilometers_per_hour": "88314.902013505", "miles_per_hour": "54875.4456427804"}, "miss_distance": {"astronomical": "0.3946604034", "lunar": "153.5229034424", "kilometers": "59040356", "miles": "36685976"}, "orbiting_body": "Earth"}, {"close_approach_date": "1909-01-11", "epoch_date_close_approach": -1924099200000, "relative_velocity": {"kilometers_per_second": "21.5269765484", "kilometers_per_hour": "77497.1155740607", "miles_per_hour": "48153.6938410046"}, "miss_distance": {"astronomical": "0.2822116622", "lunar": "109.7803344727", "kilometers": "42218264", "miles": "26233214"}, "orbiting_body": "Earth"}, {"close_approach_date": "1912-07-19", "epoch_date_close_approach": -1813075200000, "relative_velocity": {"kilometers_per_second": "15.9248957336", "kilometers_per_hour": "57329.624640852", "miles_per_hour": "35622.3992664227"}, "miss_distance": {"astronomical": "0.1166596706", "lunar": "45.3806114197", "kilometers": "17452038", "miles": "10844194"}, "orbiting_body": "Earth"}, {"close_approach_date": "1913-01-11", "epoch_date_close_approach": -1797868800000, "relative_velocity": {"kilometers_per_second": "15.2058883525", "kilometers_per_hour": "54741.1980691066", "miles_per_hour": "34014.0516557735"}, "miss_distance": {"astronomical": "0.3852249037", "lunar": "149.8524932861", "kilometers": "57628828", "miles": "35808892"}, "orbiting_body": "Earth"}, {"close_approach_date": "1922-01-08", "epoch_date_close_approach": -1514131200000, "relative_velocity": {"kilometers_per_second": "19.0826481376", "kilometers_per_hour": "68697.5332955008", "miles_per_hour": "42685.9756190849"}, "miss_distance": {"astronomical": "0.1777347704", "lunar": "69.1388320923", "kilometers": "26588744", "miles": "16521480"}, "orbiting_body": "Earth"}, {"close_approach_date": "1925-07-16", "epoch_date_close_approach": -1403107200000, "relative_velocity": {"kilometers_per_second": "17.3107934008", "kilometers_per_hour": "62318.8562427767", "miles_per_hour": "38722.5137581853"}, "miss_distance": {"astronomical": "0.046047724", "lunar": "17.9125652313", "kilometers": "6888641.5", "miles": "4280403.5"}, "orbiting_body": "Earth"}, {"close_approach_date": "1926-01-17", "epoch_date_close_approach": -1387123200000, "relative_velocity": {"kilometers_per_second": "15.2234393849", "kilometers_per_hour": "54804.3817857966", "miles_per_hour": "34053.3115601801"}, "miss_distance": {"astronomical": "0.4809602358", "lunar": "187.093536377", "kilometers": "71950632", "miles": "44708048"}, "orbiting_body": "Earth"}, {"close_approach_date": "1934-07-20", "epoch_date_close_approach": -1118764800000, "relative_velocity": {"kilometers_per_second": "15.5231837419", "kilometers_per_hour": "55883.461470791", "miles_per_hour": "34723.8097122257"}, "miss_distance": {"astronomical": "0.4898689922", "lunar": "190.5590362549", "kilometers": "73283360", "miles": "45536168"}, "orbiting_body": "Earth"}, {"close_approach_date": "1935-01-06", "epoch_date_close_approach": -1104076800000, "relative_velocity": {"kilometers_per_second": "17.1464865268", "kilometers_per_hour": "61727.3514966294", "miles_per_hour": "38354.9757118918"}, "miss_distance": {"astronomical": "0.1263916862", "lunar": "49.1663627625", "kilometers": "18907926", "miles": "11748841"}, "orbiting_body": "Earth"}, {"close_approach_date": "1938-07-12", "epoch_date_close_approach": -993225600000, "relative_velocity": {"kilometers_per_second": "19.4638679082", "kilometers_per_hour": "70069.9244694041", "miles_per_hour": "43538.7261237806"}, "miss_distance": {"astronomical": "0.1544891437", "lunar": "60.0962791443", "kilometers": "23111248", "miles": "14360663"}, "orbiting_body": "Earth"}, {"close_approach_date": "1947-07-23", "epoch_date_close_approach": -708278400000, "relative_velocity": {"kilometers_per_second": "15.1062911422", "kilometers_per_hour": "54382.6481120636", "miles_per_hour": "33791.2626560764"}, "miss_distance": {"astronomical": "0.3527606905", "lunar": "137.2239074707", "kilometers": "52772252", "miles": "32791156"}, "orbiting_body": "Earth"}, {"close_approach_date": "1948-01-07", "epoch_date_close_approach": -693763200000, "relative_velocity": {"kilometers_per_second": "15.8029591444", "kilometers_per_hour": "56890.6529197428", "miles_per_hour": "35349.639310048"}, "miss_distance": {"astronomical": "0.1911462252", "lunar": "74.3558807373", "kilometers": "28595068", "miles": "17768152"}, "orbiting_body": "Earth"}, {"close_approach_date": "1951-07-06", "epoch_date_close_approach": -583520400000, "relative_velocity": {"kilometers_per_second": "22.4002867875", "kilometers_per_hour": "80641.0324351519", "miles_per_hour": "50107.2015150532"}, "miss_distance": {"astronomical": "0.2991731477", "lunar": "116.3783569336", "kilometers": "44755668", "miles": "27809882"}, "orbiting_body": "Earth"}, {"close_approach_date": "1957-01-13", "epoch_date_close_approach": -409161600000, "relative_velocity": {"kilometers_per_second": "23.5630792941", "kilometers_per_hour": "84827.08545863", "miles_per_hour": "52708.2520728915"}, "miss_distance": {"astronomical": "0.3661059518", "lunar": "142.4152069092", "kilometers": "54768672", "miles": "34031672"}, "orbiting_body": "Earth"}, {"close_approach_date": "1960-07-21", "epoch_date_close_approach": -298141200000, "relative_velocity": {"kilometers_per_second": "15.3235235488", "kilometers_per_hour": "55164.6847756516", "miles_per_hour": "34277.189826293"}, "miss_distance": {"astronomical": "0.2022004983", "lunar": "78.65599823", "kilometers": "30248764", "miles": "18795712"}, "orbiting_body": "Earth"}, {"close_approach_date": "1961-01-08", "epoch_date_close_approach": -283363200000, "relative_velocity": {"kilometers_per_second": "15.2485593276", "kilometers_per_hour": "54894.8135793784", "miles_per_hour": "34109.5023599199"}, "miss_distance": {"astronomical": "0.3133139336", "lunar": "121.879119873", "kilometers": "46871096", "miles": "29124350"}, "orbiting_body": "Earth"}, {"close_approach_date": "1964-06-29", "epoch_date_close_approach": -173811600000, "relative_velocity": {"kilometers_per_second": "25.7993537823", "kilometers_per_hour": "92877.6736161803", "miles_per_hour": "57710.5744755649"}, "miss_distance": {"astronomical": "0.4479061404", "lunar": "174.2354888916", "kilometers": "67005804", "miles": "41635476"}, "orbiting_body": "Earth"}, {"close_approach_date": "1970-01-10", "epoch_date_close_approach": 806400000, "relative_velocity": {"kilometers_per_second": "20.3896235323", "kilometers_per_hour": "73402.6447162256", "miles_per_hour": "45609.5488793681"}, "miss_distance": {"astronomical": "0.2317008092", "lunar": "90.1316146851", "kilometers": "34661948", "miles": "21537936"}, "orbiting_body": "Earth"}, {"close_approach_date": "1973-07-18", "epoch_date_close_approach": 111826800000, "relative_velocity": {"kilometers_per_second": "16.5040434525", "kilometers_per_hour": "59414.5564291714", "miles_per_hour": "36917.8947990037"}, "miss_distance": {"astronomical": "0.0676683399", "lunar": "26.3229846954", "kilometers": "10123040", "miles": "6290165.5"}, "orbiting_body": "Earth"}, {"close_approach_date": "1974-01-14", "epoch_date_close_approach": 127378800000, "relative_velocity": {"kilometers_per_second": "15.208421336", "kilometers_per_hour": "54750.3168097742", "miles_per_hour": "34019.7176866067"}, "miss_distance": {"astronomical": "0.4321232367", "lunar": "168.0959472656", "kilometers": "64644716", "miles": "40168364"}, "orbiting_body": "Earth"}, {"close_approach_date": "1983-01-08", "epoch_date_close_approach": 410860800000, "relative_velocity": {"kilometers_per_second": "18.2248893259", "kilometers_per_hour": "65609.6015732389", "miles_per_hour": "40767.254933105"}, "miss_distance": {"astronomical": "0.145305917", "lunar": "56.5240020752", "kilometers": "21737456", "miles": "13507029"}, "orbiting_body": "Earth"}, {"close_approach_date": "1986-07-15", "epoch_date_close_approach": 521794800000, "relative_velocity": {"kilometers_per_second": "18.0042526553", "kilometers_per_hour": "64815.3095592488", "miles_per_hour": "40273.7127647455"}, "miss_distance": {"astronomical": "0.0759205892", "lunar": "29.5331096649", "kilometers": "11357559", "miles": "7057259.5"}, "orbiting_body": "Earth"}, {"close_approach_date": "1995-07-22", "epoch_date_close_approach": 806396400000, "relative_velocity": {"kilometers_per_second": "15.3422188817", "kilometers_per_hour": "55231.9879742226", "miles_per_hour": "34319.0094165385"}, "miss_distance": {"astronomical": "0.4432992709", "lunar": "172.4434204102", "kilometers": "66316628", "miles": "41207240"}, "orbiting_body": "Earth"}, {"close_approach_date": "1996-01-07", "epoch_date_close_approach": 821001600000, "relative_velocity": {"kilometers_per_second": "16.575656789", "kilometers_per_hour": "59672.364440292", "miles_per_hour": "37078.086671247"}, "miss_distance": {"astronomical": "0.1363850928", "lunar": "53.0538024902", "kilometers": "20402920", "miles": "12677787"}, "orbiting_body": "Earth"}, {"close_approach_date": "1999-07-10", "epoch_date_close_approach": 931590000000, "relative_velocity": {"kilometers_per_second": "20.4187354378", "kilometers_per_hour": "73507.4475762535", "miles_per_hour": "45674.6693009226"}, "miss_distance": {"astronomical": "0.2033470871", "lunar": "79.1020202637", "kilometers": "30420292", "miles": "18902292"}, "orbiting_body": "Earth"}, {"close_approach_date": "2005-01-17", "epoch_date_close_approach": 1105948800000, "relative_velocity": {"kilometers_per_second": "25.9320650117", "kilometers_per_hour": "93355.4340421906", "miles_per_hour": "58007.4362247156"}, "miss_distance": {"astronomical": "0.4602082125", "lunar": "179.0209960938", "kilometers": "68846168", "miles": "42779024"}, "orbiting_body": "Earth"}, {"close_approach_date": "2008-07-23", "epoch_date_close_approach": 1216796400000, "relative_velocity": {"kilometers_per_second": "15.0648096772", "kilometers_per_hour": "54233.3148379758", "miles_per_hour": "33698.4727669634"}, "miss_distance": {"astronomical": "0.3022077075", "lunar": "117.5587997437", "kilometers": "45209632", "miles": "28091962"}, "orbiting_body": "Earth"}, {"close_approach_date": "2009-01-06", "epoch_date_close_approach": 1231228800000, "relative_velocity": {"kilometers_per_second": "15.5233436043", "kilometers_per_hour": "55884.0369754044", "miles_per_hour": "34724.1673084117"}, "miss_distance": {"astronomical": "0.2306195671", "lunar": "89.7110137939", "kilometers": "34500196", "miles": "21437428"}, "orbiting_body": "Earth"}, {"close_approach_date": "2012-07-04", "epoch_date_close_approach": 1341385200000, "relative_velocity": {"kilometers_per_second": "23.5014929677", "kilometers_per_hour": "84605.3746838791", "miles_per_hour": "52570.489619547"}, "miss_distance": {"astronomical": "0.3492243245", "lunar": "135.8482666016", "kilometers": "52243216", "miles": "32462430"}, "orbiting_body": "Earth"}, {"close_approach_date": "2018-01-12", "epoch_date_close_approach": 1515744000000, "relative_velocity": {"kilometers_per_second": "22.4509853584", "kilometers_per_hour": "80823.547290118", "miles_per_hour": "50220.6091481291"}, "miss_distance": {"astronomical": "0.3194304936", "lunar": "124.2584609985", "kilometers": "47786124", "miles": "29692920"}, "orbiting_body": "Earth"}, {"close_approach_date": "2021-07-21", "epoch_date_close_approach": 1626850800000, "relative_velocity": {"kilometers_per_second": "15.5915712222", "kilometers_per_hour": "56129.6563998444", "miles_per_hour": "34876.7856668922"}, "miss_distance": {"astronomical": "0.1561802572", "lunar": "60.7541236877", "kilometers": "23364234", "miles": "14517863"}, "orbiting_body": "Earth"}, {"close_approach_date": "2022-01-10", "epoch_date_close_approach": 1641801600000, "relative_velocity": {"kilometers_per_second": "15.2076091313", "kilometers_per_hour": "54747.3928725961", "miles_per_hour": "34017.9008657529"}, "miss_distance": {"astronomical": "0.3535609543", "lunar": "137.5352172852", "kilometers": "52891968", "miles": "32865544"}, "orbiting_body": "Earth"}, {"close_approach_date": "2025-06-28", "epoch_date_close_approach": 1751094000000, "relative_velocity": {"kilometers_per_second": "26.8453136566", "kilometers_per_hour": "96643.1291637182", "miles_per_hour": "60050.2821184226"}, "miss_distance": {"astronomical": "0.4914977964", "lunar": "191.1926422119", "kilometers": "73527024", "miles": "45687572"}, "orbiting_body": "Earth"}, {"close_approach_date": "2031-01-09", "epoch_date_close_approach": 1925712000000, "relative_velocity": {"kilometers_per_second": "19.608094039", "kilometers_per_hour": "70589.1385404925", "miles_per_hour": "43861.3455558966"}, "miss_distance": {"astronomical": "0.1979791494", "lunar": "77.0138931274", "kilometers": "29617260", "miles": "18403312"}, "orbiting_body": "Earth"}, {"close_approach_date": "2034-07-17", "epoch_date_close_approach": 2036732400000, "relative_velocity": {"kilometers_per_second": "16.9463892059", "kilometers_per_hour": "61007.0011413005", "miles_per_hour": "37907.3780147153"}, "miss_distance": {"astronomical": "0.0473738002", "lunar": "18.4284095764", "kilometers": "7087020", "miles": "4403670"}, "orbiting_body": "Earth"}, {"close_approach_date": "2035-01-16", "epoch_date_close_approach": 2052547200000, "relative_velocity": {"kilometers_per_second": "15.2168380078", "kilometers_per_hour": "54780.6168280609", "miles_per_hour": "34038.544939636"}, "miss_distance": {"astronomical": "0.4625210565", "lunar": "179.9206848145", "kilometers": "69192168", "miles": "42994016"}, "orbiting_body": "Earth"}, {"close_approach_date": "2044-01-07", "epoch_date_close_approach": 2335766400000, "relative_velocity": {"kilometers_per_second": "17.6551389192", "kilometers_per_hour": "63558.50010925", "miles_per_hour": "39492.7802484392"}, "miss_distance": {"astronomical": "0.129433047", "lunar": "50.3494567871", "kilometers": "19362908", "miles": "12031554"}, "orbiting_body": "Earth"}, {"close_approach_date": "2047-07-14", "epoch_date_close_approach": 2446700400000, "relative_velocity": {"kilometers_per_second": "18.6629691471", "kilometers_per_hour": "67186.6889295978", "miles_per_hour": "41747.1956851715"}, "miss_distance": {"astronomical": "0.1111258803", "lunar": "43.2279663086", "kilometers": "16624195", "miles": "10329796"}, "orbiting_body": "Earth"}, {"close_approach_date": "2056-07-22", "epoch_date_close_approach": 2731474800000, "relative_velocity": {"kilometers_per_second": "15.2166853533", "kilometers_per_hour": "54780.0672719405", "miles_per_hour": "34038.2034668343"}, "miss_distance": {"astronomical": "0.4078108506", "lunar": "158.6384124756", "kilometers": "61007632", "miles": "37908384"}, "orbiting_body": "Earth"}, {"close_approach_date": "2057-01-06", "epoch_date_close_approach": 2745993600000, "relative_velocity": {"kilometers_per_second": "16.226695332", "kilometers_per_hour": "58416.1031950726", "miles_per_hour": "36297.4947880716"}, "miss_distance": {"astronomical": "0.1541315804", "lunar": "59.9571838379", "kilometers": "23057756", "miles": "14327425"}, "orbiting_body": "Earth"}, {"close_approach_date": "2060-07-08", "epoch_date_close_approach": 2856495600000, "relative_velocity": {"kilometers_per_second": "21.1269217688", "kilometers_per_hour": "76056.9183677426", "miles_per_hour": "47258.8113046676"}, "miss_distance": {"astronomical": "0.2393705228", "lunar": "93.1151351929", "kilometers": "35809320", "miles": "22250880"}, "orbiting_body": "Earth"}, {"close_approach_date": "2066-01-16", "epoch_date_close_approach": 3030854400000, "relative_velocity": {"kilometers_per_second": "25.0790099875", "kilometers_per_hour": "90284.4359549705", "miles_per_hour": "56099.2374410204"}, "miss_distance": {"astronomical": "0.4264974084", "lunar": "165.9074859619", "kilometers": "63803104", "miles": "39645412"}, "orbiting_body": "Earth"}, {"close_approach_date": "2069-07-23", "epoch_date_close_approach": 3141788400000, "relative_velocity": {"kilometers_per_second": "15.0924687902", "kilometers_per_hour": "54332.8876447564", "miles_per_hour": "33760.343436821"}, "miss_distance": {"astronomical": "0.2706364", "lunar": "105.2775650024", "kilometers": "40486632", "miles": "25157226"}, "orbiting_body": "Earth"}, {"close_approach_date": "2070-01-07", "epoch_date_close_approach": 3156307200000, "relative_velocity": {"kilometers_per_second": "15.3974381455", "kilometers_per_hour": "55430.7773236704", "miles_per_hour": "34442.5293875884"}, "miss_distance": {"astronomical": "0.2576344176", "lunar": "100.2197952271", "kilometers": "38541564", "miles": "23948616"}, "orbiting_body": "Earth"}, {"close_approach_date": "2073-07-03", "epoch_date_close_approach": 3266290800000, "relative_velocity": {"kilometers_per_second": "24.1945926552", "kilometers_per_hour": "87100.5335586379", "miles_per_hour": "54120.8843103659"}, "miss_distance": {"astronomical": "0.3792297559", "lunar": "147.5203704834", "kilometers": "56731964", "miles": "35251608"}, "orbiting_body": "Earth"}, {"close_approach_date": "2079-01-12", "epoch_date_close_approach": 3440736000000, "relative_velocity": {"kilometers_per_second": "21.8615971597", "kilometers_per_hour": "78701.7497748444", "miles_per_hour": "48902.206686486"}, "miss_distance": {"astronomical": "0.2934702989", "lunar": "114.159942627", "kilometers": "43902532", "miles": "27279768"}, "orbiting_body": "Earth"}, {"close_approach_date": "2082-07-21", "epoch_date_close_approach": 3551842800000, "relative_velocity": {"kilometers_per_second": "15.782977364", "kilometers_per_hour": "56818.7185104241", "miles_per_hour": "35304.9420655466"}, "miss_distance": {"astronomical": "0.1331298732", "lunar": "51.7875213623", "kilometers": "19915946", "miles": "12375196"}, "orbiting_body": "Earth"}, {"close_approach_date": "2083-01-12", "epoch_date_close_approach": 3566966400000, "relative_velocity": {"kilometers_per_second": "15.2023056239", "kilometers_per_hour": "54728.3002459864", "miles_per_hour": "34006.0374500686"}, "miss_distance": {"astronomical": "0.3748457153", "lunar": "145.8149871826", "kilometers": "56076120", "miles": "34844088"}, "orbiting_body": "Earth"}, {"close_approach_date": "2092-01-09", "epoch_date_close_approach": 3850704000000, "relative_velocity": {"kilometers_per_second": "19.3182245825", "kilometers_per_hour": "69545.6084970468", "miles_per_hour": "43212.9365686233"}, "miss_distance": {"astronomical": "0.1847264702", "lunar": "71.8585968018", "kilometers": "27634688", "miles": "17171398"}, "orbiting_body": "Earth"}, {"close_approach_date": "2095-07-17", "epoch_date_close_approach": 3961724400000, "relative_velocity": {"kilometers_per_second": "17.1040645503", "kilometers_per_hour": "61574.6323809158", "miles_per_hour": "38260.0819924641"}, "miss_distance": {"astronomical": "0.0460338158", "lunar": "17.9071540833", "kilometers": "6886560.5", "miles": "4279110.5"}, "orbiting_body": "Earth"}, {"close_approach_date": "2096-01-17", "epoch_date_close_approach": 3977625600000, "relative_velocity": {"kilometers_per_second": "15.22001093", "kilometers_per_hour": "54792.0393481037", "miles_per_hour": "34045.6424493814"}, "miss_distance": {"astronomical": "0.4734431976", "lunar": "184.1694030762", "kilometers": "70826096", "miles": "44009296"}, "orbiting_body": "Earth"}, {"close_approach_date": "2105-01-08", "epoch_date_close_approach": 4260844800000, "relative_velocity": {"kilometers_per_second": "17.4430870666", "kilometers_per_hour": "62795.1134397859", "miles_per_hour": "39018.4414592937"}, "miss_distance": {"astronomical": "0.1255373949", "lunar": "48.8340454102", "kilometers": "18780128", "miles": "11669430"}, "orbiting_body": "Earth"}, {"close_approach_date": "2108-07-14", "epoch_date_close_approach": 4371692400000, "relative_velocity": {"kilometers_per_second": "18.908885359", "kilometers_per_hour": "68071.9872925606", "miles_per_hour": "42297.2856596469"}, "miss_distance": {"astronomical": "0.1253610953", "lunar": "48.7654685974", "kilometers": "18753754", "miles": "11653042"}, "orbiting_body": "Earth"}, {"close_approach_date": "2117-07-24", "epoch_date_close_approach": 4656553200000, "relative_velocity": {"kilometers_per_second": "15.1664618486", "kilometers_per_hour": "54599.2626550903", "miles_per_hour": "33925.8585092143"}, "miss_distance": {"astronomical": "0.3932670168", "lunar": "152.9808654785", "kilometers": "58831908", "miles": "36556452"}, "orbiting_body": "Earth"}, {"close_approach_date": "2118-01-07", "epoch_date_close_approach": 4670985600000, "relative_velocity": {"kilometers_per_second": "16.07824443", "kilometers_per_hour": "57881.6799480364", "miles_per_hour": "35965.4249654896"}, "miss_distance": {"astronomical": "0.1634609737", "lunar": "63.5863189697", "kilometers": "24453414", "miles": "15194647"}, "orbiting_body": "Earth"}, {"close_approach_date": "2121-07-09", "epoch_date_close_approach": 4781487600000, "relative_velocity": {"kilometers_per_second": "21.4647339043", "kilometers_per_hour": "77273.0420554717", "miles_per_hour": "48014.4632705235"}, "miss_distance": {"astronomical": "0.2547688778", "lunar": "99.1050949097", "kilometers": "38112884", "miles": "23682246"}, "orbiting_body": "Earth"}, {"close_approach_date": "2127-01-17", "epoch_date_close_approach": 4955846400000, "relative_velocity": {"kilometers_per_second": "24.7172805416", "kilometers_per_hour": "88982.209949594", "miles_per_hour": "55290.0848434019"}, "miss_distance": {"astronomical": "0.4106175862", "lunar": "159.7302398682", "kilometers": "61427516", "miles": "38169288"}, "orbiting_body": "Earth"}, {"close_approach_date": "2130-07-24", "epoch_date_close_approach": 5066780400000, "relative_velocity": {"kilometers_per_second": "15.1129121815", "kilometers_per_hour": "54406.4838533752", "miles_per_hour": "33806.0732587819"}, "miss_distance": {"astronomical": "0.2554545538", "lunar": "99.3718185425", "kilometers": "38215456", "miles": "23745984"}, "orbiting_body": "Earth"}, {"close_approach_date": "2131-01-09", "epoch_date_close_approach": 5081385600000, "relative_velocity": {"kilometers_per_second": "15.3439561701", "kilometers_per_hour": "55238.2422123949", "miles_per_hour": "34322.8955569184"}, "miss_distance": {"astronomical": "0.27120566", "lunar": "105.4990005493", "kilometers": "40571792", "miles": "25210142"}, "orbiting_body": "Earth"}, {"close_approach_date": "2134-07-04", "epoch_date_close_approach": 5191282800000, "relative_velocity": {"kilometers_per_second": "24.5229317147", "kilometers_per_hour": "88282.5541727666", "miles_per_hour": "54855.3459525171"}, "miss_distance": {"astronomical": "0.3938629687", "lunar": "153.2126922607", "kilometers": "58921060", "miles": "36611848"}, "orbiting_body": "Earth"}, {"close_approach_date": "2140-01-13", "epoch_date_close_approach": 5365728000000, "relative_velocity": {"kilometers_per_second": "21.5195880301", "kilometers_per_hour": "77470.5169083431", "miles_per_hour": "48137.1664645202"}, "miss_distance": {"astronomical": "0.2786263596", "lunar": "108.3856506348", "kilometers": "41681908", "miles": "25899938"}, "orbiting_body": "Earth"}, {"close_approach_date": "2143-07-22", "epoch_date_close_approach": 5476834800000, "relative_velocity": {"kilometers_per_second": "15.8957628674", "kilometers_per_hour": "57224.7463226908", "miles_per_hour": "35557.2319581186"}, "miss_distance": {"astronomical": "0.1197307667", "lunar": "46.5752677917", "kilometers": "17911468", "miles": "11129670"}, "orbiting_body": "Earth"}, {"close_approach_date": "2144-01-13", "epoch_date_close_approach": 5491958400000, "relative_velocity": {"kilometers_per_second": "15.2004549158", "kilometers_per_hour": "54721.6376969095", "miles_per_hour": "34001.8976011714"}, "miss_distance": {"astronomical": "0.3875150111", "lunar": "150.7433319092", "kilometers": "57971420", "miles": "36021772"}, "orbiting_body": "Earth"}, {"close_approach_date": "2153-01-10", "epoch_date_close_approach": 5775782400000, "relative_velocity": {"kilometers_per_second": "19.0921194167", "kilometers_per_hour": "68731.6298999504", "miles_per_hour": "42707.1619231109"}, "miss_distance": {"astronomical": "0.1747637715", "lunar": "67.9831085205", "kilometers": "26144288", "miles": "16245307"}, "orbiting_body": "Earth"}, {"close_approach_date": "2156-07-17", "epoch_date_close_approach": 5886716400000, "relative_velocity": {"kilometers_per_second": "17.2509167204", "kilometers_per_hour": "62103.3001936099", "miles_per_hour": "38588.5756119683"}, "miss_distance": {"astronomical": "0.0474833746", "lunar": "18.4710330963", "kilometers": "7103411.5", "miles": "4413855.5"}, "orbiting_body": "Earth"}, {"close_approach_date": "2157-01-18", "epoch_date_close_approach": 5902704000000, "relative_velocity": {"kilometers_per_second": "15.2169352483", "kilometers_per_hour": "54780.9668939354", "miles_per_hour": "34038.7624569567"}, "miss_distance": {"astronomical": "0.4826848051", "lunar": "187.7643890381", "kilometers": "72208616", "miles": "44868356"}, "orbiting_body": "Earth"}, {"close_approach_date": "2165-07-21", "epoch_date_close_approach": 6171058800000, "relative_velocity": {"kilometers_per_second": "15.4812542944", "kilometers_per_hour": "55732.5154598195", "miles_per_hour": "34630.0177311306"}, "miss_distance": {"astronomical": "0.4976187714", "lunar": "193.5736999512", "kilometers": "74442712", "miles": "46256556"}, "orbiting_body": "Earth"}, {"close_approach_date": "2166-01-08", "epoch_date_close_approach": 6185836800000, "relative_velocity": {"kilometers_per_second": "17.231440557", "kilometers_per_hour": "62033.1860053606", "miles_per_hour": "38545.0093820531"}, "miss_distance": {"astronomical": "0.123045411", "lunar": "47.8646659851", "kilometers": "18407332", "miles": "11437786"}, "orbiting_body": "Earth"}, {"close_approach_date": "2169-07-14", "epoch_date_close_approach": 6296684400000, "relative_velocity": {"kilometers_per_second": "19.2649644144", "kilometers_per_hour": "69353.8718920182", "miles_per_hour": "43093.7988986821"}, "miss_distance": {"astronomical": "0.1440126909", "lunar": "56.0209350586", "kilometers": "21543992", "miles": "13386816"}, "orbiting_body": "Earth"}, {"close_approach_date": "2178-07-24", "epoch_date_close_approach": 6581545200000, "relative_velocity": {"kilometers_per_second": "15.0984899149", "kilometers_per_hour": "54354.5636937264", "miles_per_hour": "33773.8120906935"}, "miss_distance": {"astronomical": "0.368306902", "lunar": "143.2713928223", "kilometers": "55097928", "miles": "34236264"}, "orbiting_body": "Earth"}, {"close_approach_date": "2179-01-08", "epoch_date_close_approach": 6596064000000, "relative_velocity": {"kilometers_per_second": "15.8887493702", "kilometers_per_hour": "57199.4977328021", "miles_per_hour": "35541.5434662514"}, "miss_distance": {"astronomical": "0.1808270308", "lunar": "70.3417205811", "kilometers": "27051340", "miles": "16808924"}, "orbiting_body": "Earth"}, {"close_approach_date": "2182-07-09", "epoch_date_close_approach": 6706479600000, "relative_velocity": {"kilometers_per_second": "22.0187889692", "kilometers_per_hour": "79267.6402890613", "miles_per_hour": "49253.829045167"}, "miss_distance": {"astronomical": "0.2816039445", "lunar": "109.5439300537", "kilometers": "42127348", "miles": "26176722"}, "orbiting_body": "Earth"}, {"close_approach_date": "2188-01-17", "epoch_date_close_approach": 6880838400000, "relative_velocity": {"kilometers_per_second": "23.9755282133", "kilometers_per_hour": "86311.9015679261", "miles_per_hour": "53630.8590603594"}, "miss_distance": {"astronomical": "0.3805350528", "lunar": "148.028137207", "kilometers": "56927236", "miles": "35372944"}, "orbiting_body": "Earth"}, {"close_approach_date": "2191-07-24", "epoch_date_close_approach": 6991772400000, "relative_velocity": {"kilometers_per_second": "15.2118629308", "kilometers_per_hour": "54762.7065509059", "miles_per_hour": "34027.4161899226"}, "miss_distance": {"astronomical": "0.2238995598", "lunar": "87.0969314575", "kilometers": "33494898", "miles": "20812764"}, "orbiting_body": "Earth"}, {"close_approach_date": "2192-01-10", "epoch_date_close_approach": 7006464000000, "relative_velocity": {"kilometers_per_second": "15.2778566021", "kilometers_per_hour": "55000.2837675344", "miles_per_hour": "34175.0374332216"}, "miss_distance": {"astronomical": "0.298538812", "lunar": "116.1315917969", "kilometers": "44660768", "miles": "27750916"}, "orbiting_body": "Earth"}, {"close_approach_date": "2195-07-03", "epoch_date_close_approach": 7116188400000, "relative_velocity": {"kilometers_per_second": "25.2866513419", "kilometers_per_hour": "91031.9448307104", "miles_per_hour": "56563.7103866156"}, "miss_distance": {"astronomical": "0.4256910777", "lunar": "165.5938262939", "kilometers": "63682476", "miles": "39570456"}, "orbiting_body": "Earth"}], "orbital_data": {"orbit_id": "73", "orbit_determination_date": "2018-01-20 06:54:06", "orbit_uncertainty": "0", "minimum_orbit_intersection": ".0451383", "jupiter_tisserand_invariant": "5.169", "epoch_osculation": "2458000.5", "eccentricity": ".2780787971720702", "semi_major_axis": "1.189569731854583", "inclination": "30.12253643132183", "ascending_node_longitude": "292.4757559091572", "orbital_period": "473.896263727358", "perihelion_distance": ".8587756116681586", "perihelion_argument": "84.20468520545101", "aphelion_distance": "1.520363852041008", "perihelion_time": "2458067.793301440205", "mean_anomaly": "308.8799756977801", "mean_motion": ".7596599246604636", "equinox": "J2000"}}