{"links": {"self": "https://api.nasa.gov/neo/rest/v1/neo/2357594?api_key=stjNMXvPIBN6FqEBpH6hQbWAtFDv0RARRez0p7z1"}, "neo_reference_id": "2357594", "name": "357594 (2004 XL35)", "nasa_jpl_url": "http://ssd.jpl.nasa.gov/sbdb.cgi?sstr=2357594", "absolute_magnitude_h": 19.5, "estimated_diameter": {"kilometers": {"estimated_diameter_min": 0.3346223745, "estimated_diameter_max": 0.7482383761}, "meters": {"estimated_diameter_min": 334.6223744549, "estimated_diameter_max": 748.2383760735}, "miles": {"estimated_diameter_min": 0.2079246394, "estimated_diameter_max": 0.464933628}, "feet": {"estimated_diameter_min": 1097.8424710066, "estimated_diameter_max": 2454.8503937571}}, "is_potentially_hazardous_asteroid": true, "close_approach_data": [{"close_approach_date": "1900-12-14", "epoch_date_close_approach": -2178979200000, "relative_velocity": {"kilometers_per_second": "16.5670692434", "kilometers_per_hour": "59641.4492762411", "miles_per_hour": "37058.8771905621"}, "miss_distance": {"astronomical": "0.1559283771", "lunar": "60.6561355591", "kilometers": "23326552", "miles": "14494448"}, "orbiting_body": "Earth"}, {"close_approach_date": "1911-12-23", "epoch_date_close_approach": -1831132800000, "relative_velocity": {"kilometers_per_second": "18.6014728838", "kilometers_per_hour": "66965.3023815432", "miles_per_hour": "41609.6346936872"}, "miss_distance": {"astronomical": "0.3062556301", "lunar": "119.1334457397", "kilometers": "45815192", "miles": "28468240"}, "orbiting_body": "Earth"}, {"close_approach_date": "1919-11-06", "epoch_date_close_approach": -1582732800000, "relative_velocity": {"kilometers_per_second": "20.759703105", "kilometers_per_hour": "74734.9311780752", "miles_per_hour": "46437.3798756213"}, "miss_distance": {"astronomical": "0.4792257856", "lunar": "186.4188232422", "kilometers": "71691160", "miles": "44546820"}, "orbiting_body": "Earth"}, {"close_approach_date": "1923-01-01", "epoch_date_close_approach": -1483200000000, "relative_velocity": {"kilometers_per_second": "21.5229870914", "kilometers_per_hour": "77482.7535288748", "miles_per_hour": "48144.76982465"}, "miss_distance": {"astronomical": "0.4620496913", "lunar": "179.7373352051", "kilometers": "69121648", "miles": "42950204"}, "orbiting_body": "Earth"}, {"close_approach_date": "1930-11-16", "epoch_date_close_approach": -1234713600000, "relative_velocity": {"kilometers_per_second": "18.0257116249", "kilometers_per_hour": "64892.5618494812", "miles_per_hour": "40321.7143336402"}, "miss_distance": {"astronomical": "0.3235340295", "lunar": "125.8547439575", "kilometers": "48400004", "miles": "30074368"}, "orbiting_body": "Earth"}, {"close_approach_date": "1941-11-25", "epoch_date_close_approach": -886780800000, "relative_velocity": {"kilometers_per_second": "16.2280449587", "kilometers_per_hour": "58420.961851451", "miles_per_hour": "36300.5137681975"}, "miss_distance": {"astronomical": "0.1725601149", "lunar": "67.1258850098", "kilometers": "25814626", "miles": "16040465"}, "orbiting_body": "Earth"}, {"close_approach_date": "1952-12-03", "epoch_date_close_approach": -538934400000, "relative_velocity": {"kilometers_per_second": "15.6205237093", "kilometers_per_hour": "56233.8853535894", "miles_per_hour": "34941.5494854012"}, "miss_distance": {"astronomical": "0.0396369609", "lunar": "15.4187784195", "kilometers": "5929605", "miles": "3684485.75"}, "orbiting_body": "Earth"}, {"close_approach_date": "1963-12-07", "epoch_date_close_approach": -191520000000, "relative_velocity": {"kilometers_per_second": "15.6641252959", "kilometers_per_hour": "56390.8510652965", "miles_per_hour": "35039.0818744338"}, "miss_distance": {"astronomical": "0.0140288719", "lunar": "5.4572315216", "kilometers": "2098689.5", "miles": "1304065.125"}, "orbiting_body": "Earth"}, {"close_approach_date": "1974-12-21", "epoch_date_close_approach": 156844800000, "relative_velocity": {"kilometers_per_second": "18.0420556016", "kilometers_per_hour": "64951.4001658014", "miles_per_hour": "40358.2741752448"}, "miss_distance": {"astronomical": "0.2724750125", "lunar": "105.9927749634", "kilometers": "40761680", "miles": "25328134"}, "orbiting_body": "Earth"}, {"close_approach_date": "1982-11-09", "epoch_date_close_approach": 405676800000, "relative_velocity": {"kilometers_per_second": "19.9550261548", "kilometers_per_hour": "71838.0941574586", "miles_per_hour": "44637.3980057831"}, "miss_distance": {"astronomical": "0.4355508493", "lunar": "169.4292755127", "kilometers": "65157480", "miles": "40486980"}, "orbiting_body": "Earth"}, {"close_approach_date": "1993-11-25", "epoch_date_close_approach": 754214400000, "relative_velocity": {"kilometers_per_second": "16.2254247212", "kilometers_per_hour": "58411.5289963823", "miles_per_hour": "36294.652558891"}, "miss_distance": {"astronomical": "0.1714683902", "lunar": "66.7012023926", "kilometers": "25651306", "miles": "15938983"}, "orbiting_body": "Earth"}, {"close_approach_date": "2004-12-10", "epoch_date_close_approach": 1102665600000, "relative_velocity": {"kilometers_per_second": "15.9172389455", "kilometers_per_hour": "57302.0602038554", "miles_per_hour": "35605.2717972234"}, "miss_distance": {"astronomical": "0.07828034", "lunar": "30.451051712", "kilometers": "11710572", "miles": "7276612"}, "orbiting_body": "Earth"}, {"close_approach_date": "2015-12-27", "epoch_date_close_approach": 1451203200000, "relative_velocity": {"kilometers_per_second": "19.6422409185", "kilometers_per_hour": "70712.067306496", "miles_per_hour": "43937.728710528"}, "miss_distance": {"astronomical": "0.3688084179", "lunar": "143.4664764404", "kilometers": "55172956", "miles": "34282884"}, "orbiting_body": "Earth"}, {"close_approach_date": "2023-11-16", "epoch_date_close_approach": 1700121600000, "relative_velocity": {"kilometers_per_second": "18.0312018287", "kilometers_per_hour": "64912.3265834557", "miles_per_hour": "40333.9953707034"}, "miss_distance": {"astronomical": "0.322366625", "lunar": "125.4006195068", "kilometers": "48225360", "miles": "29965850"}, "orbiting_body": "Earth"}, {"close_approach_date": "2034-12-04", "epoch_date_close_approach": 2048832000000, "relative_velocity": {"kilometers_per_second": "15.6191871632", "kilometers_per_hour": "56229.0737876906", "miles_per_hour": "34938.5597654681"}, "miss_distance": {"astronomical": "0.0352269923", "lunar": "13.7033004761", "kilometers": "5269883", "miles": "3274553.5"}, "orbiting_body": "Earth"}, {"close_approach_date": "2045-12-15", "epoch_date_close_approach": 2396937600000, "relative_velocity": {"kilometers_per_second": "16.6171693921", "kilometers_per_hour": "59821.8098117062", "miles_per_hour": "37170.9462132793"}, "miss_distance": {"astronomical": "0.1638124995", "lunar": "63.7230644226", "kilometers": "24506002", "miles": "15227324"}, "orbiting_body": "Earth"}, {"close_approach_date": "2056-12-27", "epoch_date_close_approach": 2745129600000, "relative_velocity": {"kilometers_per_second": "19.8001586174", "kilometers_per_hour": "71280.571022676", "miles_per_hour": "44290.9748112844"}, "miss_distance": {"astronomical": "0.3785979923", "lunar": "147.2746276855", "kilometers": "56637456", "miles": "35192884"}, "orbiting_body": "Earth"}, {"close_approach_date": "2064-11-13", "epoch_date_close_approach": 2993788800000, "relative_velocity": {"kilometers_per_second": "18.7664338727", "kilometers_per_hour": "67559.1619417427", "miles_per_hour": "41978.6359298567"}, "miss_distance": {"astronomical": "0.3674942396", "lunar": "142.9552612305", "kilometers": "54976356", "miles": "34160724"}, "orbiting_body": "Earth"}, {"close_approach_date": "2075-11-27", "epoch_date_close_approach": 3342067200000, "relative_velocity": {"kilometers_per_second": "16.1176130425", "kilometers_per_hour": "58023.4069528898", "miles_per_hour": "36053.4886146998"}, "miss_distance": {"astronomical": "0.1550023388", "lunar": "60.2959098816", "kilometers": "23188020", "miles": "14408368"}, "orbiting_body": "Earth"}, {"close_approach_date": "2086-12-08", "epoch_date_close_approach": 3690172800000, "relative_velocity": {"kilometers_per_second": "15.7314084213", "kilometers_per_hour": "56633.0703166285", "miles_per_hour": "35189.587497574"}, "miss_distance": {"astronomical": "0.0408993397", "lunar": "15.9098434448", "kilometers": "6118454", "miles": "3801831.25"}, "orbiting_body": "Earth"}, {"close_approach_date": "2097-12-24", "epoch_date_close_approach": 4038710400000, "relative_velocity": {"kilometers_per_second": "18.6811274897", "kilometers_per_hour": "67252.0589628354", "miles_per_hour": "41787.8140816574"}, "miss_distance": {"astronomical": "0.3163327769", "lunar": "123.0534515381", "kilometers": "47322712", "miles": "29404970"}, "orbiting_body": "Earth"}, {"close_approach_date": "2105-11-13", "epoch_date_close_approach": 4287542400000, "relative_velocity": {"kilometers_per_second": "19.0578315023", "kilometers_per_hour": "68608.1934081536", "miles_per_hour": "42630.4632874164"}, "miss_distance": {"astronomical": "0.3836009464", "lunar": "149.2207641602", "kilometers": "57385884", "miles": "35657936"}, "orbiting_body": "Earth"}, {"close_approach_date": "2116-11-30", "epoch_date_close_approach": 4636166400000, "relative_velocity": {"kilometers_per_second": "15.8319017649", "kilometers_per_hour": "56994.8463536234", "miles_per_hour": "35414.3810578945"}, "miss_distance": {"astronomical": "0.1089575534", "lunar": "42.3844871521", "kilometers": "16299818", "miles": "10128237"}, "orbiting_body": "Earth"}, {"close_approach_date": "2127-12-16", "epoch_date_close_approach": 4984617600000, "relative_velocity": {"kilometers_per_second": "16.3654246261", "kilometers_per_hour": "58915.5286540345", "miles_per_hour": "36607.8183461694"}, "miss_distance": {"astronomical": "0.1403948445", "lunar": "54.6135978699", "kilometers": "21002772", "miles": "13050517"}, "orbiting_body": "Earth"}, {"close_approach_date": "2138-12-31", "epoch_date_close_approach": 5333068800000, "relative_velocity": {"kilometers_per_second": "20.3703735093", "kilometers_per_hour": "73333.3446336395", "miles_per_hour": "45566.4885030523"}, "miss_distance": {"astronomical": "0.409917339", "lunar": "159.4578399658", "kilometers": "61322760", "miles": "38104196"}, "orbiting_body": "Earth"}, {"close_approach_date": "2146-11-19", "epoch_date_close_approach": 5581900800000, "relative_velocity": {"kilometers_per_second": "17.7143509113", "kilometers_per_hour": "63771.6632807992", "miles_per_hour": "39625.231553561"}, "miss_distance": {"astronomical": "0.2976040109", "lunar": "115.7679672241", "kilometers": "44520928", "miles": "27664022"}, "orbiting_body": "Earth"}, {"close_approach_date": "2157-12-05", "epoch_date_close_approach": 5930438400000, "relative_velocity": {"kilometers_per_second": "15.6201938216", "kilometers_per_hour": "56232.6977578338", "miles_per_hour": "34940.8115595829"}, "miss_distance": {"astronomical": "0.0330759671", "lunar": "12.8665504456", "kilometers": "4948094", "miles": "3074603.25"}, "orbiting_body": "Earth"}, {"close_approach_date": "2168-12-15", "epoch_date_close_approach": 6278457600000, "relative_velocity": {"kilometers_per_second": "16.3261647747", "kilometers_per_hour": "58774.193188807", "miles_per_hour": "36519.9979844562"}, "miss_distance": {"astronomical": "0.1369177346", "lunar": "53.2610015869", "kilometers": "20482602", "miles": "12727299"}, "orbiting_body": "Earth"}, {"close_approach_date": "2179-12-27", "epoch_date_close_approach": 6626563200000, "relative_velocity": {"kilometers_per_second": "18.8531038871", "kilometers_per_hour": "67871.1739935082", "miles_per_hour": "42172.5080850218"}, "miss_distance": {"astronomical": "0.3280054534", "lunar": "127.5941238403", "kilometers": "49068920", "miles": "30490012"}, "orbiting_body": "Earth"}, {"close_approach_date": "2187-11-11", "epoch_date_close_approach": 6875049600000, "relative_velocity": {"kilometers_per_second": "19.9543705577", "kilometers_per_hour": "71835.734007616", "miles_per_hour": "44635.9315004545"}, "miss_distance": {"astronomical": "0.4312220478", "lunar": "167.7453765869", "kilometers": "64509900", "miles": "40084596"}, "orbiting_body": "Earth"}, {"close_approach_date": "2198-11-23", "epoch_date_close_approach": 7223241600000, "relative_velocity": {"kilometers_per_second": "16.9604320091", "kilometers_per_hour": "61057.5552326776", "miles_per_hour": "37938.7903611046"}, "miss_distance": {"astronomical": "0.238100991", "lunar": "92.6212844849", "kilometers": "35619400", "miles": "22132870"}, "orbiting_body": "Earth"}], "orbital_data": {"orbit_id": "34", "orbit_determination_date": "2017-04-06 09:22:55", "orbit_uncertainty": "0", "minimum_orbit_intersection": ".00587857", "jupiter_tisserand_invariant": "4.710", "epoch_osculation": "2458000.5", "eccentricity": ".2784769151272862", "semi_major_axis": "1.35548123746318", "inclination": "27.29937154213058", "ascending_node_longitude": "73.77485075127207", "orbital_period": "576.4195374275407", "perihelion_distance": ".9780110039415172", "perihelion_argument": "356.1296646548914", "aphelion_distance": "1.732951470984843", "perihelion_time": "2457957.300816303509", "mean_anomaly": "26.9798386781634", "mean_motion": ".6245451040861953", "equinox": "J2000"}}