{"links": {"self": "https://api.nasa.gov/neo/rest/v1/neo/2358744?api_key=stjNMXvPIBN6FqEBpH6hQbWAtFDv0RARRez0p7z1"}, "neo_reference_id": "2358744", "name": "358744 (2008 CR118)", "nasa_jpl_url": "http://ssd.jpl.nasa.gov/sbdb.cgi?sstr=2358744", "absolute_magnitude_h": 18.8, "estimated_diameter": {"kilometers": {"estimated_diameter_min": 0.4619074603, "estimated_diameter_max": 1.0328564805}, "meters": {"estimated_diameter_min": 461.9074602816, "estimated_diameter_max": 1032.8564805039}, "miles": {"estimated_diameter_min": 0.2870159005, "estimated_diameter_max": 0.6417870641}, "feet": {"estimated_diameter_min": 1515.4444719902, "estimated_diameter_max": 3388.6368554964}}, "is_potentially_hazardous_asteroid": true, "close_approach_data": [{"close_approach_date": "1901-05-03", "epoch_date_close_approach": -2166883200000, "relative_velocity": {"kilometers_per_second": "13.2115538417", "kilometers_per_hour": "47561.5938300548", "miles_per_hour": "29552.9247884582"}, "miss_distance": {"astronomical": "0.0955288477", "lunar": "37.1607208252", "kilometers": "14290912", "miles": "8879961"}, "orbiting_body": "Earth"}, {"close_approach_date": "1906-04-27", "epoch_date_close_approach": -2009635200000, "relative_velocity": {"kilometers_per_second": "15.3773719936", "kilometers_per_hour": "55358.5391769974", "miles_per_hour": "34397.6434125071"}, "miss_distance": {"astronomical": "0.1558957584", "lunar": "60.643447876", "kilometers": "23321674", "miles": "14491416"}, "orbiting_body": "Earth"}, {"close_approach_date": "1911-04-23", "epoch_date_close_approach": -1852214400000, "relative_velocity": {"kilometers_per_second": "17.6657580185", "kilometers_per_hour": "63596.7288664409", "miles_per_hour": "39516.5341114838"}, "miss_distance": {"astronomical": "0.2289203054", "lunar": "89.0500030518", "kilometers": "34245992", "miles": "21279472"}, "orbiting_body": "Earth"}, {"close_approach_date": "1916-04-17", "epoch_date_close_approach": -1694880000000, "relative_velocity": {"kilometers_per_second": "20.1585217003", "kilometers_per_hour": "72570.6781210753", "miles_per_hour": "45092.5971913982"}, "miss_distance": {"astronomical": "0.3112097096", "lunar": "121.0605773926", "kilometers": "46556312", "miles": "28928750"}, "orbiting_body": "Earth"}, {"close_approach_date": "1921-04-12", "epoch_date_close_approach": -1537545600000, "relative_velocity": {"kilometers_per_second": "23.1022995645", "kilometers_per_hour": "83168.2784322533", "miles_per_hour": "51677.5338958632"}, "miss_distance": {"astronomical": "0.4091826353", "lunar": "159.1720428467", "kilometers": "61212852", "miles": "38035904"}, "orbiting_body": "Earth"}, {"close_approach_date": "1978-05-01", "epoch_date_close_approach": 262854000000, "relative_velocity": {"kilometers_per_second": "12.4073744049", "kilometers_per_hour": "44666.5478574654", "miles_per_hour": "27754.0558062123"}, "miss_distance": {"astronomical": "0.0487428935", "lunar": "18.9609851837", "kilometers": "7291833", "miles": "4530935"}, "orbiting_body": "Mars"}, {"close_approach_date": "1998-09-19", "epoch_date_close_approach": 906188400000, "relative_velocity": {"kilometers_per_second": "24.6933977722", "kilometers_per_hour": "88896.231979767", "miles_per_hour": "55236.6614765391"}, "miss_distance": {"astronomical": "0.4563999251", "lunar": "177.53956604", "kilometers": "68276456", "miles": "42425024"}, "orbiting_body": "Earth"}, {"close_approach_date": "2003-09-14", "epoch_date_close_approach": 1063522800000, "relative_velocity": {"kilometers_per_second": "21.6443506619", "kilometers_per_hour": "77919.6623829915", "miles_per_hour": "48416.2479956983"}, "miss_distance": {"astronomical": "0.3539417705", "lunar": "137.6833496094", "kilometers": "52948936", "miles": "32900944"}, "orbiting_body": "Earth"}, {"close_approach_date": "2008-09-07", "epoch_date_close_approach": 1220770800000, "relative_velocity": {"kilometers_per_second": "18.7785905425", "kilometers_per_hour": "67602.9259530799", "miles_per_hour": "42005.8291845679"}, "miss_distance": {"astronomical": "0.255645297", "lunar": "99.4460220337", "kilometers": "38243992", "miles": "23763716"}, "orbiting_body": "Earth"}, {"close_approach_date": "2013-09-02", "epoch_date_close_approach": 1378105200000, "relative_velocity": {"kilometers_per_second": "16.0783663254", "kilometers_per_hour": "57882.1187713932", "miles_per_hour": "35965.6976332582"}, "miss_distance": {"astronomical": "0.1646554552", "lunar": "64.0509719849", "kilometers": "24632106", "miles": "15305682"}, "orbiting_body": "Earth"}, {"close_approach_date": "2018-08-28", "epoch_date_close_approach": 1535439600000, "relative_velocity": {"kilometers_per_second": "14.0178801084", "kilometers_per_hour": "50464.3683901662", "miles_per_hour": "31356.5960144341"}, "miss_distance": {"astronomical": "0.0986138791", "lunar": "38.3607978821", "kilometers": "14752427", "miles": "9166733"}, "orbiting_body": "Earth"}, {"close_approach_date": "2023-08-24", "epoch_date_close_approach": 1692860400000, "relative_velocity": {"kilometers_per_second": "12.7048201175", "kilometers_per_hour": "45737.3524229186", "miles_per_hour": "28419.4121207852"}, "miss_distance": {"astronomical": "0.0580268138", "lunar": "22.572429657", "kilometers": "8680688", "miles": "5393929.5"}, "orbiting_body": "Earth"}, {"close_approach_date": "2028-08-23", "epoch_date_close_approach": 1850626800000, "relative_velocity": {"kilometers_per_second": "12.461692985", "kilometers_per_hour": "44862.0947459183", "miles_per_hour": "27875.5610380957"}, "miss_distance": {"astronomical": "0.0502018935", "lunar": "19.5285358429", "kilometers": "7510096.5", "miles": "4666557.5"}, "orbiting_body": "Earth"}, {"close_approach_date": "2033-08-27", "epoch_date_close_approach": 2008738800000, "relative_velocity": {"kilometers_per_second": "13.6290602652", "kilometers_per_hour": "49064.6169546221", "miles_per_hour": "30486.844907165"}, "miss_distance": {"astronomical": "0.0850101008", "lunar": "33.0689315796", "kilometers": "12717331", "miles": "7902183"}, "orbiting_body": "Earth"}, {"close_approach_date": "2038-09-03", "epoch_date_close_approach": 2167110000000, "relative_velocity": {"kilometers_per_second": "16.0277372575", "kilometers_per_hour": "57699.8541268682", "miles_per_hour": "35852.4454712199"}, "miss_distance": {"astronomical": "0.1624694897", "lunar": "63.2006340027", "kilometers": "24305090", "miles": "15102483"}, "orbiting_body": "Earth"}, {"close_approach_date": "2043-09-08", "epoch_date_close_approach": 2325308400000, "relative_velocity": {"kilometers_per_second": "18.3977271776", "kilometers_per_hour": "66231.8178393197", "miles_per_hour": "41153.8759235484"}, "miss_distance": {"astronomical": "0.2414472849", "lunar": "93.922996521", "kilometers": "36120000", "miles": "22443928"}, "orbiting_body": "Earth"}, {"close_approach_date": "2048-09-12", "epoch_date_close_approach": 2483506800000, "relative_velocity": {"kilometers_per_second": "21.066977531", "kilometers_per_hour": "75841.1191116335", "miles_per_hour": "47124.7220391147"}, "miss_distance": {"astronomical": "0.331687839", "lunar": "129.0265655518", "kilometers": "49619796", "miles": "30832310"}, "orbiting_body": "Earth"}, {"close_approach_date": "2053-09-19", "epoch_date_close_approach": 2641878000000, "relative_velocity": {"kilometers_per_second": "24.5019697779", "kilometers_per_hour": "88207.0912004486", "miles_per_hour": "54808.4561961899"}, "miss_distance": {"astronomical": "0.4503963359", "lunar": "175.2041778564", "kilometers": "67378336", "miles": "41866956"}, "orbiting_body": "Earth"}, {"close_approach_date": "2131-04-16", "epoch_date_close_approach": 5089762800000, "relative_velocity": {"kilometers_per_second": "23.1423887781", "kilometers_per_hour": "83312.5996010884", "miles_per_hour": "51767.2094576874"}, "miss_distance": {"astronomical": "0.406961541", "lunar": "158.3080291748", "kilometers": "60880580", "miles": "37829436"}, "orbiting_body": "Earth"}, {"close_approach_date": "2136-04-22", "epoch_date_close_approach": 5248134000000, "relative_velocity": {"kilometers_per_second": "19.8687024248", "kilometers_per_hour": "71527.3287293704", "miles_per_hour": "44444.3004540913"}, "miss_distance": {"astronomical": "0.2990311903", "lunar": "116.323135376", "kilometers": "44734432", "miles": "27796686"}, "orbiting_body": "Earth"}, {"close_approach_date": "2141-04-28", "epoch_date_close_approach": 5406418800000, "relative_velocity": {"kilometers_per_second": "17.0081643024", "kilometers_per_hour": "61229.3914885867", "miles_per_hour": "38045.5627280055"}, "miss_distance": {"astronomical": "0.2064515447", "lunar": "80.3096542358", "kilometers": "30884712", "miles": "19190870"}, "orbiting_body": "Earth"}, {"close_approach_date": "2146-05-04", "epoch_date_close_approach": 5564703600000, "relative_velocity": {"kilometers_per_second": "14.5695585106", "kilometers_per_hour": "52450.4106381236", "miles_per_hour": "32590.6454323385"}, "miss_distance": {"astronomical": "0.1324513637", "lunar": "51.5235824585", "kilometers": "19814444", "miles": "12312124"}, "orbiting_body": "Earth"}, {"close_approach_date": "2151-05-10", "epoch_date_close_approach": 5722988400000, "relative_velocity": {"kilometers_per_second": "12.6028570245", "kilometers_per_hour": "45370.2852882724", "miles_per_hour": "28191.330878149"}, "miss_distance": {"astronomical": "0.0814097112", "lunar": "31.6683769226", "kilometers": "12178719", "miles": "7567505"}, "orbiting_body": "Earth"}, {"close_approach_date": "2156-05-13", "epoch_date_close_approach": 5881100400000, "relative_velocity": {"kilometers_per_second": "11.5883587502", "kilometers_per_hour": "41718.091500554", "miles_per_hour": "25921.9996882193"}, "miss_distance": {"astronomical": "0.065915332", "lunar": "25.6410636902", "kilometers": "9860793", "miles": "6127213"}, "orbiting_body": "Earth"}, {"close_approach_date": "2161-05-14", "epoch_date_close_approach": 6038953200000, "relative_velocity": {"kilometers_per_second": "11.3700706955", "kilometers_per_hour": "40932.2545039202", "miles_per_hour": "25433.7111388387"}, "miss_distance": {"astronomical": "0.0647128647", "lunar": "25.1733055115", "kilometers": "9680907", "miles": "6015437"}, "orbiting_body": "Earth"}, {"close_approach_date": "2166-05-14", "epoch_date_close_approach": 6196719600000, "relative_velocity": {"kilometers_per_second": "11.4706371852", "kilometers_per_hour": "41294.2938666329", "miles_per_hour": "25658.6683195197"}, "miss_distance": {"astronomical": "0.0653214894", "lunar": "25.4100589752", "kilometers": "9771956", "miles": "6072012"}, "orbiting_body": "Earth"}, {"close_approach_date": "2171-05-13", "epoch_date_close_approach": 6354399600000, "relative_velocity": {"kilometers_per_second": "11.8195710634", "kilometers_per_hour": "42550.4558282087", "miles_per_hour": "26439.1985117"}, "miss_distance": {"astronomical": "0.0684229325", "lunar": "26.6165218353", "kilometers": "10235926", "miles": "6360309.5"}, "orbiting_body": "Earth"}, {"close_approach_date": "2176-05-07", "epoch_date_close_approach": 6511734000000, "relative_velocity": {"kilometers_per_second": "13.1493077794", "kilometers_per_hour": "47337.5080059991", "miles_per_hour": "29413.6865718387"}, "miss_distance": {"astronomical": "0.0929729434", "lunar": "36.1664733887", "kilometers": "13908554", "miles": "8642375"}, "orbiting_body": "Earth"}, {"close_approach_date": "2181-05-03", "epoch_date_close_approach": 6669154800000, "relative_velocity": {"kilometers_per_second": "15.0289641251", "kilometers_per_hour": "54104.2708503006", "miles_per_hour": "33618.2898513993"}, "miss_distance": {"astronomical": "0.1449588925", "lunar": "56.3890113831", "kilometers": "21685542", "miles": "13474772"}, "orbiting_body": "Earth"}, {"close_approach_date": "2186-04-27", "epoch_date_close_approach": 6826402800000, "relative_velocity": {"kilometers_per_second": "17.4959510399", "kilometers_per_hour": "62985.4237435435", "miles_per_hour": "39136.6928810924"}, "miss_distance": {"astronomical": "0.2219581564", "lunar": "86.3417205811", "kilometers": "33204468", "miles": "20632300"}, "orbiting_body": "Earth"}, {"close_approach_date": "2191-04-22", "epoch_date_close_approach": 6983737200000, "relative_velocity": {"kilometers_per_second": "20.369961443", "kilometers_per_hour": "73331.8611948475", "miles_per_hour": "45565.5667518762"}, "miss_distance": {"astronomical": "0.3145485563", "lunar": "122.3593902588", "kilometers": "47055796", "miles": "29239114"}, "orbiting_body": "Earth"}, {"close_approach_date": "2196-04-16", "epoch_date_close_approach": 7141071600000, "relative_velocity": {"kilometers_per_second": "23.3029779363", "kilometers_per_hour": "83890.7205707862", "miles_per_hour": "52126.4313457755"}, "miss_distance": {"astronomical": "0.4141496728", "lunar": "161.1042175293", "kilometers": "61955908", "miles": "38497616"}, "orbiting_body": "Earth"}], "orbital_data": {"orbit_id": "46", "orbit_determination_date": "2018-01-15 06:59:36", "orbit_uncertainty": "0", "minimum_orbit_intersection": ".0283319", "jupiter_tisserand_invariant": "3.849", "epoch_osculation": "2458000.5", "eccentricity": ".5108500840069503", "semi_major_axis": "1.838992195701258", "inclination": "3.924902490117211", "ascending_node_longitude": "121.5695048349098", "orbital_period": "910.8948698711665", "perihelion_distance": ".8995428780391445", "perihelion_argument": "156.9724204291898", "aphelion_distance": "2.778441513363372", "perihelion_time": "2458319.334203056108", "mean_anomaly": "233.9917010220588", "mean_motion": ".3952157509141719", "equinox": "J2000"}}