{"links": {"self": "https://api.nasa.gov/neo/rest/v1/neo/2363024?api_key=stjNMXvPIBN6FqEBpH6hQbWAtFDv0RARRez0p7z1"}, "neo_reference_id": "2363024", "name": "363024 (1998 OK1)", "nasa_jpl_url": "http://ssd.jpl.nasa.gov/sbdb.cgi?sstr=2363024", "absolute_magnitude_h": 19.3, "estimated_diameter": {"kilometers": {"estimated_diameter_min": 0.3669061375, "estimated_diameter_max": 0.8204270649}, "meters": {"estimated_diameter_min": 366.9061375314, "estimated_diameter_max": 820.4270648822}, "miles": {"estimated_diameter_min": 0.2279848336, "estimated_diameter_max": 0.5097895857}, "feet": {"estimated_diameter_min": 1203.7603322587, "estimated_diameter_max": 2691.6899315481}}, "is_potentially_hazardous_asteroid": true, "close_approach_data": [{"close_approach_date": "1901-02-01", "epoch_date_close_approach": -2174745600000, "relative_velocity": {"kilometers_per_second": "20.5189994187", "kilometers_per_hour": "73868.3979072066", "miles_per_hour": "45898.9497996196"}, "miss_distance": {"astronomical": "0.255585024", "lunar": "99.4225692749", "kilometers": "38234976", "miles": "23758112"}, "orbiting_body": "Earth"}, {"close_approach_date": "1908-08-01", "epoch_date_close_approach": -1938182400000, "relative_velocity": {"kilometers_per_second": "8.8117617448", "kilometers_per_hour": "31722.3422811453", "miles_per_hour": "19711.0298468594"}, "miss_distance": {"astronomical": "0.4031981785", "lunar": "156.8440856934", "kilometers": "60317592", "miles": "37479612"}, "orbiting_body": "Earth"}, {"close_approach_date": "1908-11-08", "epoch_date_close_approach": -1929628800000, "relative_velocity": {"kilometers_per_second": "11.22023972", "kilometers_per_hour": "40392.862992032", "miles_per_hour": "25098.5542296879"}, "miss_distance": {"astronomical": "0.2905406751", "lunar": "113.0203170776", "kilometers": "43464264", "miles": "27007442"}, "orbiting_body": "Earth"}, {"close_approach_date": "1916-08-02", "epoch_date_close_approach": -1685635200000, "relative_velocity": {"kilometers_per_second": "20.3735395119", "kilometers_per_hour": "73344.7422429224", "miles_per_hour": "45573.5705342203"}, "miss_distance": {"astronomical": "0.2995301783", "lunar": "116.5172424316", "kilometers": "44809076", "miles": "27843070"}, "orbiting_body": "Earth"}, {"close_approach_date": "1920-01-11", "epoch_date_close_approach": -1577030400000, "relative_velocity": {"kilometers_per_second": "12.1714705491", "kilometers_per_hour": "43817.2939768129", "miles_per_hour": "27226.3624713147"}, "miss_distance": {"astronomical": "0.0791939273", "lunar": "30.806438446", "kilometers": "11847243", "miles": "7361535.5"}, "orbiting_body": "Earth"}, {"close_approach_date": "1927-08-16", "epoch_date_close_approach": -1337356800000, "relative_velocity": {"kilometers_per_second": "11.9623948496", "kilometers_per_hour": "43064.6214584819", "miles_per_hour": "26758.6810390217"}, "miss_distance": {"astronomical": "0.1546801224", "lunar": "60.1705665588", "kilometers": "23139816", "miles": "14378415"}, "orbiting_body": "Earth"}, {"close_approach_date": "1927-11-05", "epoch_date_close_approach": -1330358400000, "relative_velocity": {"kilometers_per_second": "8.8603090793", "kilometers_per_hour": "31897.1126856183", "miles_per_hour": "19819.6253795721"}, "miss_distance": {"astronomical": "0.1314737217", "lunar": "51.1432762146", "kilometers": "19668188", "miles": "12221246"}, "orbiting_body": "Venus"}, {"close_approach_date": "1931-02-01", "epoch_date_close_approach": -1228060800000, "relative_velocity": {"kilometers_per_second": "20.0866436418", "kilometers_per_hour": "72311.9171104235", "miles_per_hour": "44931.8131623073"}, "miss_distance": {"astronomical": "0.2406380506", "lunar": "93.6082000732", "kilometers": "35998940", "miles": "22368704"}, "orbiting_body": "Earth"}, {"close_approach_date": "1938-08-03", "epoch_date_close_approach": -991324800000, "relative_velocity": {"kilometers_per_second": "8.6638721464", "kilometers_per_hour": "31189.9397270313", "miles_per_hour": "19380.2156042768"}, "miss_distance": {"astronomical": "0.3870994629", "lunar": "150.5816955566", "kilometers": "57909256", "miles": "35983144"}, "orbiting_body": "Earth"}, {"close_approach_date": "1938-11-05", "epoch_date_close_approach": -983203200000, "relative_velocity": {"kilometers_per_second": "11.1068069026", "kilometers_per_hour": "39984.5048493798", "miles_per_hour": "24844.8163604382"}, "miss_distance": {"astronomical": "0.2941994979", "lunar": "114.4436035156", "kilometers": "44011620", "miles": "27347552"}, "orbiting_body": "Earth"}, {"close_approach_date": "1943-04-10", "epoch_date_close_approach": -843498000000, "relative_velocity": {"kilometers_per_second": "10.1924272659", "kilometers_per_hour": "36692.7381574178", "miles_per_hour": "22799.4405512022"}, "miss_distance": {"astronomical": "0.0792967591", "lunar": "30.8464393616", "kilometers": "11862627", "miles": "7371094.5"}, "orbiting_body": "Mars"}, {"close_approach_date": "1946-08-01", "epoch_date_close_approach": -739036800000, "relative_velocity": {"kilometers_per_second": "21.4474267649", "kilometers_per_hour": "77210.7363537073", "miles_per_hour": "47975.7489304466"}, "miss_distance": {"astronomical": "0.333971923", "lunar": "129.9150695801", "kilometers": "49961488", "miles": "31044630"}, "orbiting_body": "Earth"}, {"close_approach_date": "1950-01-05", "epoch_date_close_approach": -630777600000, "relative_velocity": {"kilometers_per_second": "11.3340752002", "kilometers_per_hour": "40802.6707206818", "miles_per_hour": "25353.1928153037"}, "miss_distance": {"astronomical": "0.1220833799", "lunar": "47.490436554", "kilometers": "18263414", "miles": "11348359"}, "orbiting_body": "Earth"}, {"close_approach_date": "1957-08-13", "epoch_date_close_approach": -390848400000, "relative_velocity": {"kilometers_per_second": "13.6149588535", "kilometers_per_hour": "49013.8518725953", "miles_per_hour": "30455.3014593912"}, "miss_distance": {"astronomical": "0.1470173194", "lunar": "57.1897354126", "kilometers": "21993478", "miles": "13666113"}, "orbiting_body": "Earth"}, {"close_approach_date": "1961-01-27", "epoch_date_close_approach": -281721600000, "relative_velocity": {"kilometers_per_second": "18.0779989823", "kilometers_per_hour": "65080.7963363862", "miles_per_hour": "40438.6759235729"}, "miss_distance": {"astronomical": "0.169572503", "lunar": "65.9637069702", "kilometers": "25367686", "miles": "15762749"}, "orbiting_body": "Earth"}, {"close_approach_date": "1964-02-23", "epoch_date_close_approach": -184780800000, "relative_velocity": {"kilometers_per_second": "10.4627665389", "kilometers_per_hour": "37665.9595401361", "miles_per_hour": "23404.1624709251"}, "miss_distance": {"astronomical": "0.1376188017", "lunar": "53.5337104797", "kilometers": "20587478", "miles": "12792466"}, "orbiting_body": "Venus"}, {"close_approach_date": "1968-08-11", "epoch_date_close_approach": -43866000000, "relative_velocity": {"kilometers_per_second": "8.2340202807", "kilometers_per_hour": "29642.4730104282", "miles_per_hour": "18418.6799658408"}, "miss_distance": {"astronomical": "0.3192833584", "lunar": "124.2012329102", "kilometers": "47764112", "miles": "29679244"}, "orbiting_body": "Earth"}, {"close_approach_date": "1968-10-15", "epoch_date_close_approach": -38250000000, "relative_velocity": {"kilometers_per_second": "9.9392463472", "kilometers_per_hour": "35781.2868498721", "miles_per_hour": "22233.1001540219"}, "miss_distance": {"astronomical": "0.2954719894", "lunar": "114.9386062622", "kilometers": "44201980", "miles": "27465838"}, "orbiting_body": "Earth"}, {"close_approach_date": "1972-02-13", "epoch_date_close_approach": 66816000000, "relative_velocity": {"kilometers_per_second": "26.7938438616", "kilometers_per_hour": "96457.8379016768", "miles_per_hour": "59935.1493339614"}, "miss_distance": {"astronomical": "0.4735275566", "lunar": "184.2022247314", "kilometers": "70838712", "miles": "44017136"}, "orbiting_body": "Earth"}, {"close_approach_date": "1976-07-29", "epoch_date_close_approach": 207471600000, "relative_velocity": {"kilometers_per_second": "23.6547097812", "kilometers_per_hour": "85156.9552123625", "miles_per_hour": "52913.2203095927"}, "miss_distance": {"astronomical": "0.4061529043", "lunar": "157.9934844971", "kilometers": "60759612", "miles": "37754272"}, "orbiting_body": "Earth"}, {"close_approach_date": "1979-12-22", "epoch_date_close_approach": 314697600000, "relative_velocity": {"kilometers_per_second": "10.7549706098", "kilometers_per_hour": "38717.8941951209", "miles_per_hour": "24057.7937569628"}, "miss_distance": {"astronomical": "0.1924250855", "lunar": "74.8533554077", "kilometers": "28786384", "miles": "17887030"}, "orbiting_body": "Earth"}, {"close_approach_date": "1987-08-11", "epoch_date_close_approach": 555663600000, "relative_velocity": {"kilometers_per_second": "15.8021932321", "kilometers_per_hour": "56887.8956356298", "miles_per_hour": "35347.9260409279"}, "miss_distance": {"astronomical": "0.1758881905", "lunar": "68.4205093384", "kilometers": "26312500", "miles": "16349829"}, "orbiting_body": "Earth"}, {"close_approach_date": "1991-01-23", "epoch_date_close_approach": 664617600000, "relative_velocity": {"kilometers_per_second": "15.7166251487", "kilometers_per_hour": "56579.8505354266", "miles_per_hour": "35156.5187951932"}, "miss_distance": {"astronomical": "0.0861659813", "lunar": "33.5185661316", "kilometers": "12890247", "miles": "8009628"}, "orbiting_body": "Earth"}, {"close_approach_date": "1998-08-18", "epoch_date_close_approach": 903423600000, "relative_velocity": {"kilometers_per_second": "8.6981496118", "kilometers_per_hour": "31313.3386024479", "miles_per_hour": "19456.8908666155"}, "miss_distance": {"astronomical": "0.2528214416", "lunar": "98.3475418091", "kilometers": "37821552", "miles": "23501222"}, "orbiting_body": "Earth"}, {"close_approach_date": "2002-02-09", "epoch_date_close_approach": 1013241600000, "relative_velocity": {"kilometers_per_second": "24.5289187252", "kilometers_per_hour": "88304.107410765", "miles_per_hour": "54868.7382964278"}, "miss_distance": {"astronomical": "0.3964373895", "lunar": "154.2141418457", "kilometers": "59306188", "miles": "36851156"}, "orbiting_body": "Earth"}, {"close_approach_date": "2006-07-27", "epoch_date_close_approach": 1153983600000, "relative_velocity": {"kilometers_per_second": "25.4601329484", "kilometers_per_hour": "91656.4786143714", "miles_per_hour": "56951.7713923576"}, "miss_distance": {"astronomical": "0.465850994", "lunar": "181.2160491943", "kilometers": "69690320", "miles": "43303556"}, "orbiting_body": "Earth"}, {"close_approach_date": "2009-12-11", "epoch_date_close_approach": 1260518400000, "relative_velocity": {"kilometers_per_second": "10.9774526632", "kilometers_per_hour": "39518.8295874466", "miles_per_hour": "24555.4638622664"}, "miss_distance": {"astronomical": "0.2288934673", "lunar": "89.0395584106", "kilometers": "34241976", "miles": "21276978"}, "orbiting_body": "Earth"}, {"close_approach_date": "2011-07-03", "epoch_date_close_approach": 1309676400000, "relative_velocity": {"kilometers_per_second": "7.0637747182", "kilometers_per_hour": "25429.5889853588", "miles_per_hour": "15800.9576670414"}, "miss_distance": {"astronomical": "0.1464653872", "lunar": "56.9750366211", "kilometers": "21910910", "miles": "13614809"}, "orbiting_body": "Venus"}, {"close_approach_date": "2017-08-09", "epoch_date_close_approach": 1502262000000, "relative_velocity": {"kilometers_per_second": "16.555055618", "kilometers_per_hour": "59598.2002249721", "miles_per_hour": "37032.0039120111"}, "miss_distance": {"astronomical": "0.1934232136", "lunar": "75.2416305542", "kilometers": "28935700", "miles": "17979810"}, "orbiting_body": "Earth"}, {"close_approach_date": "2021-01-21", "epoch_date_close_approach": 1611216000000, "relative_velocity": {"kilometers_per_second": "15.313956504", "kilometers_per_hour": "55130.2434143021", "miles_per_hour": "34255.7893037368"}, "miss_distance": {"astronomical": "0.073312041", "lunar": "28.5183849335", "kilometers": "10967326", "miles": "6814780.5"}, "orbiting_body": "Earth"}, {"close_approach_date": "2028-08-18", "epoch_date_close_approach": 1850194800000, "relative_velocity": {"kilometers_per_second": "8.6514761796", "kilometers_per_hour": "31145.3142465047", "miles_per_hour": "19352.4870661129"}, "miss_distance": {"astronomical": "0.2560884259", "lunar": "99.6184005737", "kilometers": "38310284", "miles": "23804908"}, "orbiting_body": "Earth"}, {"close_approach_date": "2031-09-03", "epoch_date_close_approach": 1946185200000, "relative_velocity": {"kilometers_per_second": "10.2745226671", "kilometers_per_hour": "36988.2816017119", "miles_per_hour": "22983.0797541304"}, "miss_distance": {"astronomical": "0.0712522938", "lunar": "27.7171421051", "kilometers": "10659192", "miles": "6623314.5"}, "orbiting_body": "Mars"}, {"close_approach_date": "2032-02-10", "epoch_date_close_approach": 1960012800000, "relative_velocity": {"kilometers_per_second": "24.8488870145", "kilometers_per_hour": "89455.9932521406", "miles_per_hour": "55584.4753626981"}, "miss_distance": {"astronomical": "0.4076668471", "lunar": "158.5823974609", "kilometers": "60986092", "miles": "37895000"}, "orbiting_body": "Earth"}, {"close_approach_date": "2036-07-27", "epoch_date_close_approach": 2100754800000, "relative_velocity": {"kilometers_per_second": "25.0898800671", "kilometers_per_hour": "90323.5682414894", "miles_per_hour": "56123.5527220521"}, "miss_distance": {"astronomical": "0.4547017753", "lunar": "176.8789978027", "kilometers": "68022416", "miles": "42267172"}, "orbiting_body": "Earth"}, {"close_approach_date": "2039-12-15", "epoch_date_close_approach": 2207548800000, "relative_velocity": {"kilometers_per_second": "10.8979529287", "kilometers_per_hour": "39232.6305431645", "miles_per_hour": "24377.6309061124"}, "miss_distance": {"astronomical": "0.2170642928", "lunar": "84.4380111694", "kilometers": "32472356", "miles": "20177386"}, "orbiting_body": "Earth"}, {"close_approach_date": "2047-08-11", "epoch_date_close_approach": 2449119600000, "relative_velocity": {"kilometers_per_second": "15.5943651064", "kilometers_per_hour": "56139.7143828704", "miles_per_hour": "34883.0353064008"}, "miss_distance": {"astronomical": "0.1740056378", "lunar": "67.6881942749", "kilometers": "26030874", "miles": "16174835"}, "orbiting_body": "Earth"}, {"close_approach_date": "2051-01-25", "epoch_date_close_approach": 2558246400000, "relative_velocity": {"kilometers_per_second": "16.5439746169", "kilometers_per_hour": "59558.3086207889", "miles_per_hour": "37007.2168205119"}, "miss_distance": {"astronomical": "0.1162449067", "lunar": "45.2192687988", "kilometers": "17389990", "miles": "10805639"}, "orbiting_body": "Earth"}, {"close_approach_date": "2058-08-13", "epoch_date_close_approach": 2796447600000, "relative_velocity": {"kilometers_per_second": "8.2585158116", "kilometers_per_hour": "29730.656921653", "miles_per_hour": "18473.4740189016"}, "miss_distance": {"astronomical": "0.3169060649", "lunar": "123.2764587402", "kilometers": "47408472", "miles": "29458260"}, "orbiting_body": "Earth"}, {"close_approach_date": "2058-10-16", "epoch_date_close_approach": 2801977200000, "relative_velocity": {"kilometers_per_second": "9.9022542787", "kilometers_per_hour": "35648.1154032714", "miles_per_hour": "22150.3525959939"}, "miss_distance": {"astronomical": "0.2949198402", "lunar": "114.7238235474", "kilometers": "44119380", "miles": "27414512"}, "orbiting_body": "Earth"}, {"close_approach_date": "2058-11-19", "epoch_date_close_approach": 2804918400000, "relative_velocity": {"kilometers_per_second": "9.512169505", "kilometers_per_hour": "34243.8102179911", "miles_per_hour": "21277.771965729"}, "miss_distance": {"astronomical": "0.130686886", "lunar": "50.8371963501", "kilometers": "19550480", "miles": "12148104"}, "orbiting_body": "Venus"}, {"close_approach_date": "2062-02-14", "epoch_date_close_approach": 2907129600000, "relative_velocity": {"kilometers_per_second": "27.2624659423", "kilometers_per_hour": "98144.8773923279", "miles_per_hour": "60983.4100663606"}, "miss_distance": {"astronomical": "0.4901231302", "lunar": "190.6578979492", "kilometers": "73321376", "miles": "45559792"}, "orbiting_body": "Earth"}, {"close_approach_date": "2066-08-01", "epoch_date_close_approach": 3047871600000, "relative_velocity": {"kilometers_per_second": "22.225958721", "kilometers_per_hour": "80013.4513956101", "miles_per_hour": "49717.2470630112"}, "miss_distance": {"astronomical": "0.3618310954", "lunar": "140.7523040771", "kilometers": "54129164", "miles": "33634304"}, "orbiting_body": "Earth"}, {"close_approach_date": "2069-12-12", "epoch_date_close_approach": 3154060800000, "relative_velocity": {"kilometers_per_second": "7.0043372832", "kilometers_per_hour": "25215.6142196797", "miles_per_hour": "15668.0020688893"}, "miss_distance": {"astronomical": "0.1479382604", "lunar": "57.5479850769", "kilometers": "22131250", "miles": "13751721"}, "orbiting_body": "Venus"}, {"close_approach_date": "2070-01-04", "epoch_date_close_approach": 3156048000000, "relative_velocity": {"kilometers_per_second": "11.294453835", "kilometers_per_hour": "40660.0338058765", "miles_per_hour": "25264.5637834348"}, "miss_distance": {"astronomical": "0.1277605459", "lunar": "49.6988525391", "kilometers": "19112706", "miles": "11876085"}, "orbiting_body": "Earth"}, {"close_approach_date": "2071-03-03", "epoch_date_close_approach": 3192595200000, "relative_velocity": {"kilometers_per_second": "10.4652726253", "kilometers_per_hour": "37674.9814511124", "miles_per_hour": "23409.7683355537"}, "miss_distance": {"astronomical": "0.0601037155", "lunar": "23.3803443909", "kilometers": "8991388", "miles": "5586989.5"}, "orbiting_body": "Mars"}, {"close_approach_date": "2077-08-16", "epoch_date_close_approach": 3396322800000, "relative_velocity": {"kilometers_per_second": "12.3800927216", "kilometers_per_hour": "44568.3337976045", "miles_per_hour": "27693.0294088504"}, "miss_distance": {"astronomical": "0.1549630574", "lunar": "60.280632019", "kilometers": "23182144", "miles": "14404717"}, "orbiting_body": "Earth"}, {"close_approach_date": "2081-02-01", "epoch_date_close_approach": 3505622400000, "relative_velocity": {"kilometers_per_second": "19.9542039285", "kilometers_per_hour": "71835.1341424585", "miles_per_hour": "44635.5587675737"}, "miss_distance": {"astronomical": "0.2382446793", "lunar": "92.6771850586", "kilometers": "35640896", "miles": "22146226"}, "orbiting_body": "Earth"}, {"close_approach_date": "2088-08-02", "epoch_date_close_approach": 3742268400000, "relative_velocity": {"kilometers_per_second": "8.8120362819", "kilometers_per_hour": "31723.3306148397", "miles_per_hour": "19711.6439589819"}, "miss_distance": {"astronomical": "0.4017957262", "lunar": "156.298538208", "kilometers": "60107784", "miles": "37349244"}, "orbiting_body": "Earth"}, {"close_approach_date": "2088-11-09", "epoch_date_close_approach": 3750825600000, "relative_velocity": {"kilometers_per_second": "11.2805241371", "kilometers_per_hour": "40609.8868936244", "miles_per_hour": "25233.404442319"}, "miss_distance": {"astronomical": "0.2895929132", "lunar": "112.6516494751", "kilometers": "43322484", "miles": "26919344"}, "orbiting_body": "Earth"}, {"close_approach_date": "2096-08-04", "epoch_date_close_approach": 3994902000000, "relative_velocity": {"kilometers_per_second": "20.0904024807", "kilometers_per_hour": "72325.4489303742", "miles_per_hour": "44940.2213089872"}, "miss_distance": {"astronomical": "0.2950535066", "lunar": "114.7758178711", "kilometers": "44139376", "miles": "27426938"}, "orbiting_body": "Earth"}, {"close_approach_date": "2100-01-13", "epoch_date_close_approach": 4103510400000, "relative_velocity": {"kilometers_per_second": "12.4717424988", "kilometers_per_hour": "44898.2729955522", "miles_per_hour": "27898.0407954863"}, "miss_distance": {"astronomical": "0.0707034966", "lunar": "27.503660202", "kilometers": "10577093", "miles": "6572301"}, "orbiting_body": "Earth"}, {"close_approach_date": "2107-08-19", "epoch_date_close_approach": 4343180400000, "relative_velocity": {"kilometers_per_second": "11.4608974599", "kilometers_per_hour": "41259.2308555763", "miles_per_hour": "25636.8815280107"}, "miss_distance": {"astronomical": "0.1675254811", "lunar": "65.1674118042", "kilometers": "25061456", "miles": "15572467"}, "orbiting_body": "Earth"}, {"close_approach_date": "2110-08-31", "epoch_date_close_approach": 4438911600000, "relative_velocity": {"kilometers_per_second": "11.610307036", "kilometers_per_hour": "41797.1053296432", "miles_per_hour": "25971.0958088552"}, "miss_distance": {"astronomical": "0.0593099569", "lunar": "23.0715732574", "kilometers": "8872643", "miles": "5513205"}, "orbiting_body": "Mars"}, {"close_approach_date": "2111-02-04", "epoch_date_close_approach": 4452480000000, "relative_velocity": {"kilometers_per_second": "20.7250942246", "kilometers_per_hour": "74610.3392086936", "miles_per_hour": "46359.9632710907"}, "miss_distance": {"astronomical": "0.2654219639", "lunar": "103.2491378784", "kilometers": "39706560", "miles": "24672512"}, "orbiting_body": "Earth"}, {"close_approach_date": "2117-04-30", "epoch_date_close_approach": 4649209200000, "relative_velocity": {"kilometers_per_second": "8.8567299794", "kilometers_per_hour": "31884.2279258354", "miles_per_hour": "19811.619290917"}, "miss_distance": {"astronomical": "0.1292421354", "lunar": "50.2751922607", "kilometers": "19334348", "miles": "12013807"}, "orbiting_body": "Venus"}, {"close_approach_date": "2118-08-02", "epoch_date_close_approach": 4688866800000, "relative_velocity": {"kilometers_per_second": "8.9058816452", "kilometers_per_hour": "32061.1739228579", "miles_per_hour": "19921.5666522336"}, "miss_distance": {"astronomical": "0.4110683686", "lunar": "159.9055938721", "kilometers": "61494956", "miles": "38211192"}, "orbiting_body": "Earth"}, {"close_approach_date": "2118-11-14", "epoch_date_close_approach": 4697856000000, "relative_velocity": {"kilometers_per_second": "11.3455998577", "kilometers_per_hour": "40844.1594877805", "miles_per_hour": "25378.9723217267"}, "miss_distance": {"astronomical": "0.2866625954", "lunar": "111.511756897", "kilometers": "42884116", "miles": "26646954"}, "orbiting_body": "Earth"}, {"close_approach_date": "2126-08-06", "epoch_date_close_approach": 4941673200000, "relative_velocity": {"kilometers_per_second": "20.0313026438", "kilometers_per_hour": "72112.6895177747", "miles_per_hour": "44808.0208839751"}, "miss_distance": {"astronomical": "0.2936985259", "lunar": "114.2487258911", "kilometers": "43936672", "miles": "27300984"}, "orbiting_body": "Earth"}, {"close_approach_date": "2130-01-13", "epoch_date_close_approach": 5050195200000, "relative_velocity": {"kilometers_per_second": "12.3495993855", "kilometers_per_hour": "44458.5577879451", "miles_per_hour": "27624.8188655151"}, "miss_distance": {"astronomical": "0.076267331", "lunar": "29.6679916382", "kilometers": "11409431", "miles": "7089491.5"}, "orbiting_body": "Earth"}, {"close_approach_date": "2137-08-17", "epoch_date_close_approach": 5289778800000, "relative_velocity": {"kilometers_per_second": "12.1386926529", "kilometers_per_hour": "43699.2935505977", "miles_per_hour": "27153.04159537"}, "miss_distance": {"astronomical": "0.1587871713", "lunar": "61.7682113647", "kilometers": "23754224", "miles": "14760190"}, "orbiting_body": "Earth"}, {"close_approach_date": "2141-02-02", "epoch_date_close_approach": 5399078400000, "relative_velocity": {"kilometers_per_second": "19.534263544", "kilometers_per_hour": "70323.3487583892", "miles_per_hour": "43696.1941215669"}, "miss_distance": {"astronomical": "0.2238536114", "lunar": "87.0790557861", "kilometers": "33488024", "miles": "20808494"}, "orbiting_body": "Earth"}, {"close_approach_date": "2148-08-08", "epoch_date_close_approach": 5636156400000, "relative_velocity": {"kilometers_per_second": "8.4958912138", "kilometers_per_hour": "30585.2083698146", "miles_per_hour": "19004.4590562328"}, "miss_distance": {"astronomical": "0.359905007", "lunar": "140.0030517578", "kilometers": "53841024", "miles": "33455260"}, "orbiting_body": "Earth"}, {"close_approach_date": "2148-10-30", "epoch_date_close_approach": 5643327600000, "relative_velocity": {"kilometers_per_second": "10.8646665484", "kilometers_per_hour": "39112.7995741234", "miles_per_hour": "24303.1726020435"}, "miss_distance": {"astronomical": "0.2967365079", "lunar": "115.4305038452", "kilometers": "44391152", "miles": "27583382"}, "orbiting_body": "Earth"}, {"close_approach_date": "2153-08-18", "epoch_date_close_approach": 5794786800000, "relative_velocity": {"kilometers_per_second": "10.700718414", "kilometers_per_hour": "38522.5862903683", "miles_per_hour": "23936.4370202569"}, "miss_distance": {"astronomical": "0.1370537696", "lunar": "53.3139190674", "kilometers": "20502952", "miles": "12739944"}, "orbiting_body": "Venus"}, {"close_approach_date": "2156-08-02", "epoch_date_close_approach": 5888098800000, "relative_velocity": {"kilometers_per_second": "22.5503299816", "kilometers_per_hour": "81181.1879336311", "miles_per_hour": "50442.833135761"}, "miss_distance": {"astronomical": "0.3738101589", "lunar": "145.4121551514", "kilometers": "55921208", "miles": "34747828"}, "orbiting_body": "Earth"}, {"close_approach_date": "2160-01-01", "epoch_date_close_approach": 5995843200000, "relative_velocity": {"kilometers_per_second": "11.0072744611", "kilometers_per_hour": "39626.1880597915", "miles_per_hour": "24622.1722419299"}, "miss_distance": {"astronomical": "0.1559750958", "lunar": "60.6743087769", "kilometers": "23333542", "miles": "14498790"}, "orbiting_body": "Earth"}, {"close_approach_date": "2167-08-15", "epoch_date_close_approach": 6236290800000, "relative_velocity": {"kilometers_per_second": "14.4797898293", "kilometers_per_hour": "52127.2433853965", "miles_per_hour": "32389.8418691093"}, "miss_distance": {"astronomical": "0.1612664686", "lunar": "62.7326583862", "kilometers": "24125122", "miles": "14990656"}, "orbiting_body": "Earth"}, {"close_approach_date": "2171-01-28", "epoch_date_close_approach": 6345331200000, "relative_velocity": {"kilometers_per_second": "17.0025046958", "kilometers_per_hour": "61209.0169047688", "miles_per_hour": "38032.9027539659"}, "miss_distance": {"astronomical": "0.1346913795", "lunar": "52.3949432373", "kilometers": "20149542", "miles": "12520345"}, "orbiting_body": "Earth"}, {"close_approach_date": "2178-08-18", "epoch_date_close_approach": 6583705200000, "relative_velocity": {"kilometers_per_second": "8.3553552159", "kilometers_per_hour": "30079.2787770989", "miles_per_hour": "18690.094082359"}, "miss_distance": {"astronomical": "0.2838824329", "lunar": "110.430267334", "kilometers": "42468208", "miles": "26388522"}, "orbiting_body": "Earth"}, {"close_approach_date": "2178-10-03", "epoch_date_close_approach": 6587679600000, "relative_velocity": {"kilometers_per_second": "8.6780227573", "kilometers_per_hour": "31240.8819261219", "miles_per_hour": "19411.8691057061"}, "miss_distance": {"astronomical": "0.2855564908", "lunar": "111.0814743042", "kilometers": "42718644", "miles": "26544134"}, "orbiting_body": "Earth"}, {"close_approach_date": "2182-02-13", "epoch_date_close_approach": 6693868800000, "relative_velocity": {"kilometers_per_second": "25.3009456977", "kilometers_per_hour": "91083.4045116462", "miles_per_hour": "56595.6854311393"}, "miss_distance": {"astronomical": "0.4243777612", "lunar": "165.0829467773", "kilometers": "63486012", "miles": "39448380"}, "orbiting_body": "Earth"}, {"close_approach_date": "2186-07-29", "epoch_date_close_approach": 6834438000000, "relative_velocity": {"kilometers_per_second": "25.1064428176", "kilometers_per_hour": "90383.194143207", "miles_per_hour": "56160.6019385944"}, "miss_distance": {"astronomical": "0.4578721379", "lunar": "178.1122741699", "kilometers": "68496696", "miles": "42561876"}, "orbiting_body": "Earth"}, {"close_approach_date": "2189-12-05", "epoch_date_close_approach": 6940281600000, "relative_velocity": {"kilometers_per_second": "11.5199441584", "kilometers_per_hour": "41471.7989703822", "miles_per_hour": "25768.9630880133"}, "miss_distance": {"astronomical": "0.14542293", "lunar": "56.5695228577", "kilometers": "21754962", "miles": "13517906"}, "orbiting_body": "Venus"}, {"close_approach_date": "2189-12-13", "epoch_date_close_approach": 6940972800000, "relative_velocity": {"kilometers_per_second": "11.0942342373", "kilometers_per_hour": "39939.2432544121", "miles_per_hour": "24816.6925654985"}, "miss_distance": {"astronomical": "0.2263549292", "lunar": "88.0520629883", "kilometers": "33862216", "miles": "21041006"}, "orbiting_body": "Earth"}, {"close_approach_date": "2197-08-11", "epoch_date_close_approach": 7182716400000, "relative_velocity": {"kilometers_per_second": "16.6683156797", "kilometers_per_hour": "60005.9364469535", "miles_per_hour": "37285.3553439417"}, "miss_distance": {"astronomical": "0.2020414419", "lunar": "78.5941238403", "kilometers": "30224970", "miles": "18780926"}, "orbiting_body": "Earth"}], "orbital_data": {"orbit_id": "41", "orbit_determination_date": "2017-08-02 06:21:33", "orbit_uncertainty": "0", "minimum_orbit_intersection": ".0389905", "jupiter_tisserand_invariant": "4.733", "epoch_osculation": "2458000.5", "eccentricity": ".4293493361711155", "semi_major_axis": "1.355716259604144", "inclination": "13.99040862273351", "ascending_node_longitude": "109.700821351311", "orbital_period": "576.5694589706334", "perihelion_distance": ".7736403835067167", "perihelion_argument": "298.52819981", "aphelion_distance": "1.937792135701571", "perihelion_time": "2458035.770003537593", "mean_anomaly": "337.9780196887253", "mean_motion": ".6243827077534053", "equinox": "J2000"}}