{"links": {"self": "https://api.nasa.gov/neo/rest/v1/neo/2377732?api_key=stjNMXvPIBN6FqEBpH6hQbWAtFDv0RARRez0p7z1"}, "neo_reference_id": "2377732", "name": "377732 (2005 XJ8)", "nasa_jpl_url": "http://ssd.jpl.nasa.gov/sbdb.cgi?sstr=2377732", "absolute_magnitude_h": 17.0, "estimated_diameter": {"kilometers": {"estimated_diameter_min": 1.0581688593, "estimated_diameter_max": 2.3661375011}, "meters": {"estimated_diameter_min": 1058.1688593312, "estimated_diameter_max": 2366.137501138}, "miles": {"estimated_diameter_min": 0.6575154423, "estimated_diameter_max": 1.4702492252}, "feet": {"estimated_diameter_min": 3471.6827204482, "estimated_diameter_max": 7762.9185592335}}, "is_potentially_hazardous_asteroid": true, "close_approach_data": [{"close_approach_date": "1904-01-25", "epoch_date_close_approach": -2080742400000, "relative_velocity": {"kilometers_per_second": "17.9379757523", "kilometers_per_hour": "64576.7127084053", "miles_per_hour": "40125.4579603977"}, "miss_distance": {"astronomical": "0.1435532778", "lunar": "55.8422241211", "kilometers": "21475264", "miles": "13344110"}, "orbiting_body": "Earth"}, {"close_approach_date": "1912-03-16", "epoch_date_close_approach": -1823875200000, "relative_velocity": {"kilometers_per_second": "16.2335583194", "kilometers_per_hour": "58440.8099496604", "miles_per_hour": "36312.8466045542"}, "miss_distance": {"astronomical": "0.4090648983", "lunar": "159.1262359619", "kilometers": "61195236", "miles": "38024956"}, "orbiting_body": "Earth"}, {"close_approach_date": "1920-06-15", "epoch_date_close_approach": -1563552000000, "relative_velocity": {"kilometers_per_second": "16.5401475825", "kilometers_per_hour": "59544.5312971649", "miles_per_hour": "36998.6561273967"}, "miss_distance": {"astronomical": "0.2796488798", "lunar": "108.7834091187", "kilometers": "41834876", "miles": "25994986"}, "orbiting_body": "Earth"}, {"close_approach_date": "1928-06-29", "epoch_date_close_approach": -1309881600000, "relative_velocity": {"kilometers_per_second": "25.708380772", "kilometers_per_hour": "92550.1707791161", "miles_per_hour": "57507.0769488347"}, "miss_distance": {"astronomical": "0.333586663", "lunar": "129.7652130127", "kilometers": "49903856", "miles": "31008818"}, "orbiting_body": "Earth"}, {"close_approach_date": "1938-12-23", "epoch_date_close_approach": -979056000000, "relative_velocity": {"kilometers_per_second": "31.8797748271", "kilometers_per_hour": "114767.1893774066", "miles_per_hour": "71311.8683106447"}, "miss_distance": {"astronomical": "0.4296387262", "lunar": "167.1294555664", "kilometers": "64273036", "miles": "39937412"}, "orbiting_body": "Earth"}, {"close_approach_date": "1939-01-09", "epoch_date_close_approach": -977587200000, "relative_velocity": {"kilometers_per_second": "18.1758664245", "kilometers_per_hour": "65433.1191282598", "miles_per_hour": "40657.5956050012"}, "miss_distance": {"astronomical": "0.1272574596", "lunar": "49.5031547546", "kilometers": "19037446", "miles": "11829321"}, "orbiting_body": "Venus"}, {"close_approach_date": "1947-01-11", "epoch_date_close_approach": -724953600000, "relative_velocity": {"kilometers_per_second": "22.3441453879", "kilometers_per_hour": "80438.9233965635", "miles_per_hour": "49981.6188182702"}, "miss_distance": {"astronomical": "0.0694525392", "lunar": "27.0170383453", "kilometers": "10389952", "miles": "6456017"}, "orbiting_body": "Earth"}, {"close_approach_date": "1955-02-06", "epoch_date_close_approach": -470246400000, "relative_velocity": {"kilometers_per_second": "16.1392962418", "kilometers_per_hour": "58101.4664706197", "miles_per_hour": "36101.9917633692"}, "miss_distance": {"astronomical": "0.261888215", "lunar": "101.8745117188", "kilometers": "39177920", "miles": "24344030"}, "orbiting_body": "Earth"}, {"close_approach_date": "1963-04-05", "epoch_date_close_approach": -212774400000, "relative_velocity": {"kilometers_per_second": "15.2720462045", "kilometers_per_hour": "54979.3663360452", "miles_per_hour": "34162.0401547499"}, "miss_distance": {"astronomical": "0.4347792151", "lunar": "169.129119873", "kilometers": "65042048", "miles": "40415256"}, "orbiting_body": "Earth"}, {"close_approach_date": "1963-06-14", "epoch_date_close_approach": -206730000000, "relative_velocity": {"kilometers_per_second": "12.1914138727", "kilometers_per_hour": "43889.0899416444", "miles_per_hour": "27270.9736917957"}, "miss_distance": {"astronomical": "0.479424577", "lunar": "186.4961547852", "kilometers": "71720896", "miles": "44565296"}, "orbiting_body": "Earth"}, {"close_approach_date": "1968-07-20", "epoch_date_close_approach": -45766800000, "relative_velocity": {"kilometers_per_second": "19.0846203071", "kilometers_per_hour": "68704.6331055726", "miles_per_hour": "42690.3871649598"}, "miss_distance": {"astronomical": "0.1328528465", "lunar": "51.6797599792", "kilometers": "19874504", "miles": "12349444"}, "orbiting_body": "Venus"}, {"close_approach_date": "1971-06-17", "epoch_date_close_approach": 45990000000, "relative_velocity": {"kilometers_per_second": "17.273861913", "kilometers_per_hour": "62185.9028869224", "miles_per_hour": "38639.9017132658"}, "miss_distance": {"astronomical": "0.2586870995", "lunar": "100.6292877197", "kilometers": "38699040", "miles": "24046470"}, "orbiting_body": "Earth"}, {"close_approach_date": "1979-06-29", "epoch_date_close_approach": 299487600000, "relative_velocity": {"kilometers_per_second": "25.3146309743", "kilometers_per_hour": "91132.6715073112", "miles_per_hour": "56626.2980263068"}, "miss_distance": {"astronomical": "0.3169498403", "lunar": "123.2934875488", "kilometers": "47415024", "miles": "29462328"}, "orbiting_body": "Earth"}, {"close_approach_date": "1989-12-21", "epoch_date_close_approach": 630230400000, "relative_velocity": {"kilometers_per_second": "32.951489017", "kilometers_per_hour": "118625.3604612594", "miles_per_hour": "73709.1857821642"}, "miss_distance": {"astronomical": "0.4665461722", "lunar": "181.4864654541", "kilometers": "69794312", "miles": "43368176"}, "orbiting_body": "Earth"}, {"close_approach_date": "1998-01-05", "epoch_date_close_approach": 883987200000, "relative_velocity": {"kilometers_per_second": "24.8797625199", "kilometers_per_hour": "89567.1450716573", "miles_per_hour": "55653.5407807751"}, "miss_distance": {"astronomical": "0.1677225348", "lunar": "65.2440643311", "kilometers": "25090934", "miles": "15590784"}, "orbiting_body": "Earth"}, {"close_approach_date": "2006-01-25", "epoch_date_close_approach": 1138176000000, "relative_velocity": {"kilometers_per_second": "17.5462431762", "kilometers_per_hour": "63166.4754344744", "miles_per_hour": "39249.1913609377"}, "miss_distance": {"astronomical": "0.1551579869", "lunar": "60.3564567566", "kilometers": "23211304", "miles": "14422836"}, "orbiting_body": "Earth"}, {"close_approach_date": "2014-03-16", "epoch_date_close_approach": 1394953200000, "relative_velocity": {"kilometers_per_second": "16.1008128455", "kilometers_per_hour": "57962.9262438187", "miles_per_hour": "36015.9082541106"}, "miss_distance": {"astronomical": "0.4090023815", "lunar": "159.1019287109", "kilometers": "61185888", "miles": "38019148"}, "orbiting_body": "Earth"}, {"close_approach_date": "2022-06-13", "epoch_date_close_approach": 1655103600000, "relative_velocity": {"kilometers_per_second": "14.8230004702", "kilometers_per_hour": "53362.8016928219", "miles_per_hour": "33157.5697518537"}, "miss_distance": {"astronomical": "0.3179607793", "lunar": "123.6867370605", "kilometers": "47566256", "miles": "29556300"}, "orbiting_body": "Earth"}, {"close_approach_date": "2030-06-25", "epoch_date_close_approach": 1908601200000, "relative_velocity": {"kilometers_per_second": "22.4280631598", "kilometers_per_hour": "80741.0273752814", "miles_per_hour": "50169.3344821575"}, "miss_distance": {"astronomical": "0.2486362436", "lunar": "96.7194976807", "kilometers": "37195452", "miles": "23112184"}, "orbiting_body": "Earth"}, {"close_approach_date": "2038-07-08", "epoch_date_close_approach": 2162185200000, "relative_velocity": {"kilometers_per_second": "30.8547784577", "kilometers_per_hour": "111077.2024477283", "miles_per_hour": "69019.0539320343"}, "miss_distance": {"astronomical": "0.4718877114", "lunar": "183.5643157959", "kilometers": "70593400", "miles": "43864704"}, "orbiting_body": "Earth"}, {"close_approach_date": "2048-12-31", "epoch_date_close_approach": 2493014400000, "relative_velocity": {"kilometers_per_second": "27.4251205921", "kilometers_per_hour": "98730.434131556", "miles_per_hour": "61347.252252466"}, "miss_distance": {"astronomical": "0.2634906736", "lunar": "102.4978713989", "kilometers": "39417644", "miles": "24492988"}, "orbiting_body": "Earth"}, {"close_approach_date": "2057-01-16", "epoch_date_close_approach": 2746857600000, "relative_velocity": {"kilometers_per_second": "19.7860216991", "kilometers_per_hour": "71229.6781166873", "miles_per_hour": "44259.3519386716"}, "miss_distance": {"astronomical": "0.0473004403", "lunar": "18.3998718262", "kilometers": "7076045", "miles": "4396850.5"}, "orbiting_body": "Earth"}, {"close_approach_date": "2065-03-06", "epoch_date_close_approach": 3003552000000, "relative_velocity": {"kilometers_per_second": "15.9130131785", "kilometers_per_hour": "57286.8474424884", "miles_per_hour": "35595.8191789173"}, "miss_distance": {"astronomical": "0.387307515", "lunar": "150.6626281738", "kilometers": "57940380", "miles": "36002484"}, "orbiting_body": "Earth"}, {"close_approach_date": "2073-06-13", "epoch_date_close_approach": 3264562800000, "relative_velocity": {"kilometers_per_second": "15.0521976889", "kilometers_per_hour": "54187.9116799183", "miles_per_hour": "33670.2610102248"}, "miss_distance": {"astronomical": "0.304693694", "lunar": "118.5258483887", "kilometers": "45581528", "miles": "28323048"}, "orbiting_body": "Earth"}, {"close_approach_date": "2081-06-26", "epoch_date_close_approach": 3518146800000, "relative_velocity": {"kilometers_per_second": "23.3062094744", "kilometers_per_hour": "83902.3541077957", "miles_per_hour": "52133.6599732578"}, "miss_distance": {"astronomical": "0.2549708822", "lunar": "99.1836700439", "kilometers": "38143100", "miles": "23701024"}, "orbiting_body": "Earth"}, {"close_approach_date": "2091-12-23", "epoch_date_close_approach": 3849235200000, "relative_velocity": {"kilometers_per_second": "32.261170887", "kilometers_per_hour": "116140.2151931273", "miles_per_hour": "72165.0131570851"}, "miss_distance": {"astronomical": "0.4416960285", "lunar": "171.8197479248", "kilometers": "66076784", "miles": "41058212"}, "orbiting_body": "Earth"}, {"close_approach_date": "2100-01-10", "epoch_date_close_approach": 4103251200000, "relative_velocity": {"kilometers_per_second": "22.4956680664", "kilometers_per_hour": "80984.4050390965", "miles_per_hour": "50320.5598977653"}, "miss_distance": {"astronomical": "0.0702040617", "lunar": "27.309381485", "kilometers": "10502379", "miles": "6525875.5"}, "orbiting_body": "Earth"}, {"close_approach_date": "2108-02-03", "epoch_date_close_approach": 4357699200000, "relative_velocity": {"kilometers_per_second": "16.0732949905", "kilometers_per_hour": "57863.861965845", "miles_per_hour": "35954.3535642774"}, "miss_distance": {"astronomical": "0.2385148572", "lunar": "92.7822799683", "kilometers": "35681316", "miles": "22171342"}, "orbiting_body": "Earth"}, {"close_approach_date": "2116-04-06", "epoch_date_close_approach": 4615599600000, "relative_velocity": {"kilometers_per_second": "14.9842177981", "kilometers_per_hour": "53943.1840732309", "miles_per_hour": "33518.196792614"}, "miss_distance": {"astronomical": "0.4336081063", "lunar": "168.6735534668", "kilometers": "64866852", "miles": "40306392"}, "orbiting_body": "Earth"}, {"close_approach_date": "2116-06-13", "epoch_date_close_approach": 4621474800000, "relative_velocity": {"kilometers_per_second": "11.928123926", "kilometers_per_hour": "42941.246133676", "miles_per_hour": "26682.0204101166"}, "miss_distance": {"astronomical": "0.4787827972", "lunar": "186.2465057373", "kilometers": "71624888", "miles": "44505644"}, "orbiting_body": "Earth"}, {"close_approach_date": "2124-06-18", "epoch_date_close_approach": 4874367600000, "relative_velocity": {"kilometers_per_second": "17.859286", "kilometers_per_hour": "64293.4296000266", "miles_per_hour": "39949.4368534166"}, "miss_distance": {"astronomical": "0.2266141114", "lunar": "88.1528930664", "kilometers": "33900988", "miles": "21065098"}, "orbiting_body": "Earth"}, {"close_approach_date": "2132-07-01", "epoch_date_close_approach": 5127951600000, "relative_velocity": {"kilometers_per_second": "25.6911449062", "kilometers_per_hour": "92488.1216624626", "miles_per_hour": "57468.5220407674"}, "miss_distance": {"astronomical": "0.3048283789", "lunar": "118.5782394409", "kilometers": "45601676", "miles": "28335568"}, "orbiting_body": "Earth"}, {"close_approach_date": "2142-12-25", "epoch_date_close_approach": 5458780800000, "relative_velocity": {"kilometers_per_second": "31.5219325819", "kilometers_per_hour": "113478.9572950078", "miles_per_hour": "70511.4109925564"}, "miss_distance": {"astronomical": "0.4136125425", "lunar": "160.8952789307", "kilometers": "61875556", "miles": "38447688"}, "orbiting_body": "Earth"}, {"close_approach_date": "2151-01-11", "epoch_date_close_approach": 5712710400000, "relative_velocity": {"kilometers_per_second": "22.4242595919", "kilometers_per_hour": "80727.3345309599", "miles_per_hour": "50160.8262811956"}, "miss_distance": {"astronomical": "0.0690572104", "lunar": "26.8632545471", "kilometers": "10330812", "miles": "6419269"}, "orbiting_body": "Earth"}, {"close_approach_date": "2159-01-31", "epoch_date_close_approach": 5966899200000, "relative_velocity": {"kilometers_per_second": "16.2772723887", "kilometers_per_hour": "58598.1805993092", "miles_per_hour": "36410.6306062763"}, "miss_distance": {"astronomical": "0.2206055935", "lunar": "85.815574646", "kilometers": "33002128", "miles": "20506572"}, "orbiting_body": "Earth"}, {"close_approach_date": "2167-03-24", "epoch_date_close_approach": 6223849200000, "relative_velocity": {"kilometers_per_second": "15.678732607", "kilometers_per_hour": "56443.4373850258", "miles_per_hour": "35071.75696849"}, "miss_distance": {"astronomical": "0.4212313621", "lunar": "163.8589935303", "kilometers": "63015316", "miles": "39155900"}, "orbiting_body": "Earth"}, {"close_approach_date": "2175-06-15", "epoch_date_close_approach": 6483481200000, "relative_velocity": {"kilometers_per_second": "15.6276676111", "kilometers_per_hour": "56259.6033998473", "miles_per_hour": "34957.5296791996"}, "miss_distance": {"astronomical": "0.2752881436", "lunar": "107.0870819092", "kilometers": "41182520", "miles": "25589632"}, "orbiting_body": "Earth"}, {"close_approach_date": "2183-06-27", "epoch_date_close_approach": 6736978800000, "relative_velocity": {"kilometers_per_second": "22.7956766735", "kilometers_per_hour": "82064.4360246947", "miles_per_hour": "50991.649151011"}, "miss_distance": {"astronomical": "0.2262921296", "lunar": "88.0276412964", "kilometers": "33852820", "miles": "21035168"}, "orbiting_body": "Earth"}, {"close_approach_date": "2191-07-09", "epoch_date_close_approach": 6990476400000, "relative_velocity": {"kilometers_per_second": "30.1761143331", "kilometers_per_hour": "108634.0115992536", "miles_per_hour": "67500.9501517696"}, "miss_distance": {"astronomical": "0.4352608929", "lunar": "169.3164825439", "kilometers": "65114104", "miles": "40460028"}, "orbiting_body": "Earth"}], "orbital_data": {"orbit_id": "92", "orbit_determination_date": "2017-04-06 09:22:21", "orbit_uncertainty": "0", "minimum_orbit_intersection": ".0169671", "jupiter_tisserand_invariant": "3.570", "epoch_osculation": "2458000.5", "eccentricity": ".6213325993381843", "semi_major_axis": "1.930603932111013", "inclination": "23.57742486436048", "ascending_node_longitude": "115.9716142615093", "orbital_period": "979.8017402014628", "perihelion_distance": ".7310567726799579", "perihelion_argument": "67.32679089758633", "aphelion_distance": "3.130151091542069", "perihelion_time": "2457722.084701600530", "mean_anomaly": "102.2957026012227", "mean_motion": ".3674212702724719", "equinox": "J2000"}}