{"links": {"self": "https://api.nasa.gov/neo/rest/v1/neo/2387746?api_key=stjNMXvPIBN6FqEBpH6hQbWAtFDv0RARRez0p7z1"}, "neo_reference_id": "2387746", "name": "387746 (2003 MH4)", "nasa_jpl_url": "http://ssd.jpl.nasa.gov/sbdb.cgi?sstr=2387746", "absolute_magnitude_h": 20.0, "estimated_diameter": {"kilometers": {"estimated_diameter_min": 0.2658, "estimated_diameter_max": 0.5943468684}, "meters": {"estimated_diameter_min": 265.8, "estimated_diameter_max": 594.3468684194}, "miles": {"estimated_diameter_min": 0.1651604118, "estimated_diameter_max": 0.369309908}, "feet": {"estimated_diameter_min": 872.047272, "estimated_diameter_max": 1949.9569797852}}, "is_potentially_hazardous_asteroid": true, "close_approach_data": [{"close_approach_date": "1901-06-04", "epoch_date_close_approach": -2164118400000, "relative_velocity": {"kilometers_per_second": "9.1420183068", "kilometers_per_hour": "32911.2659043826", "miles_per_hour": "20449.7807504204"}, "miss_distance": {"astronomical": "0.0141555339", "lunar": "5.5065026283", "kilometers": "2117637.75", "miles": "1315839.125"}, "orbiting_body": "Earth"}, {"close_approach_date": "1912-06-26", "epoch_date_close_approach": -1815062400000, "relative_velocity": {"kilometers_per_second": "14.1691274306", "kilometers_per_hour": "51008.8587503177", "miles_per_hour": "31694.9211496071"}, "miss_distance": {"astronomical": "0.1582468867", "lunar": "61.5580406189", "kilometers": "23673398", "miles": "14709967"}, "orbiting_body": "Earth"}, {"close_approach_date": "1923-07-09", "epoch_date_close_approach": -1466870400000, "relative_velocity": {"kilometers_per_second": "19.4877057725", "kilometers_per_hour": "70155.7407810313", "miles_per_hour": "43592.0490425247"}, "miss_distance": {"astronomical": "0.335633685", "lunar": "130.5615081787", "kilometers": "50210088", "miles": "31199102"}, "orbiting_body": "Earth"}, {"close_approach_date": "1934-07-16", "epoch_date_close_approach": -1119110400000, "relative_velocity": {"kilometers_per_second": "23.6782186429", "kilometers_per_hour": "85241.5871143849", "miles_per_hour": "52965.8072822688"}, "miss_distance": {"astronomical": "0.4806313661", "lunar": "186.9655914307", "kilometers": "71901424", "miles": "44677476"}, "orbiting_body": "Earth"}, {"close_approach_date": "1959-03-04", "epoch_date_close_approach": -341769600000, "relative_velocity": {"kilometers_per_second": "18.9558016255", "kilometers_per_hour": "68240.8858517503", "miles_per_hour": "42402.2326560501"}, "miss_distance": {"astronomical": "0.3246747885", "lunar": "126.2984924316", "kilometers": "48570656", "miles": "30180406"}, "orbiting_body": "Earth"}, {"close_approach_date": "1970-03-12", "epoch_date_close_approach": 6076800000, "relative_velocity": {"kilometers_per_second": "14.7673473263", "kilometers_per_hour": "53162.4503745302", "miles_per_hour": "33033.0792341074"}, "miss_distance": {"astronomical": "0.1907269221", "lunar": "74.1927719116", "kilometers": "28532342", "miles": "17729176"}, "orbiting_body": "Earth"}, {"close_approach_date": "1981-03-25", "epoch_date_close_approach": 354355200000, "relative_velocity": {"kilometers_per_second": "10.6453012737", "kilometers_per_hour": "38323.0845852934", "miles_per_hour": "23812.474419123"}, "miss_distance": {"astronomical": "0.081781214", "lunar": "31.8128929138", "kilometers": "12234296", "miles": "7602039"}, "orbiting_body": "Earth"}, {"close_approach_date": "1992-04-17", "epoch_date_close_approach": 703494000000, "relative_velocity": {"kilometers_per_second": "8.3837100153", "kilometers_per_hour": "30181.3560549357", "miles_per_hour": "18753.5209331349"}, "miss_distance": {"astronomical": "0.064967948", "lunar": "25.2725315094", "kilometers": "9719066", "miles": "6039148"}, "orbiting_body": "Earth"}, {"close_approach_date": "2003-04-30", "epoch_date_close_approach": 1051686000000, "relative_velocity": {"kilometers_per_second": "8.2356115674", "kilometers_per_hour": "29648.2016425647", "miles_per_hour": "18422.2395150703"}, "miss_distance": {"astronomical": "0.0690877417", "lunar": "26.8751316071", "kilometers": "10335379", "miles": "6422107"}, "orbiting_body": "Earth"}, {"close_approach_date": "2014-05-04", "epoch_date_close_approach": 1399186800000, "relative_velocity": {"kilometers_per_second": "8.1633641671", "kilometers_per_hour": "29388.111001584", "miles_per_hour": "18260.6293054009"}, "miss_distance": {"astronomical": "0.0661569389", "lunar": "25.7350482941", "kilometers": "9896937", "miles": "6149671.5"}, "orbiting_body": "Earth"}, {"close_approach_date": "2025-05-24", "epoch_date_close_approach": 1748070000000, "relative_velocity": {"kilometers_per_second": "8.3499523165", "kilometers_per_hour": "30059.8283394524", "miles_per_hour": "18678.0083368114"}, "miss_distance": {"astronomical": "0.0446296825", "lunar": "17.3609466553", "kilometers": "6676505.5", "miles": "4148588.25"}, "orbiting_body": "Earth"}, {"close_approach_date": "2036-05-23", "epoch_date_close_approach": 2095138800000, "relative_velocity": {"kilometers_per_second": "8.4040449588", "kilometers_per_hour": "30254.5618517153", "miles_per_hour": "18799.0081683616"}, "miss_distance": {"astronomical": "0.049825388", "lunar": "19.3820762634", "kilometers": "7453772", "miles": "4631559.5"}, "orbiting_body": "Earth"}, {"close_approach_date": "2047-04-17", "epoch_date_close_approach": 2439097200000, "relative_velocity": {"kilometers_per_second": "8.457443147", "kilometers_per_hour": "30446.795329076", "miles_per_hour": "18918.4545754473"}, "miss_distance": {"astronomical": "0.0668311945", "lunar": "25.9973335266", "kilometers": "9997804", "miles": "6212347.5"}, "orbiting_body": "Earth"}, {"close_approach_date": "2058-03-27", "epoch_date_close_approach": 2784438000000, "relative_velocity": {"kilometers_per_second": "10.3648509046", "kilometers_per_hour": "37313.4632563861", "miles_per_hour": "23185.1349883917"}, "miss_distance": {"astronomical": "0.0770758895", "lunar": "29.9825210571", "kilometers": "11530389", "miles": "7164651.5"}, "orbiting_body": "Earth"}, {"close_approach_date": "2069-03-16", "epoch_date_close_approach": 3130642800000, "relative_velocity": {"kilometers_per_second": "13.6291678727", "kilometers_per_hour": "49065.0043418924", "miles_per_hour": "30487.0856145498"}, "miss_distance": {"astronomical": "0.162081656", "lunar": "63.0497665405", "kilometers": "24247072", "miles": "15066432"}, "orbiting_body": "Earth"}, {"close_approach_date": "2080-03-02", "epoch_date_close_approach": 3476592000000, "relative_velocity": {"kilometers_per_second": "20.112531062", "kilometers_per_hour": "72405.1118230585", "miles_per_hour": "44989.7207324999"}, "miss_distance": {"astronomical": "0.3640185149", "lunar": "141.6032104492", "kilometers": "54456396", "miles": "33837636"}, "orbiting_body": "Earth"}, {"close_approach_date": "2110-07-12", "epoch_date_close_approach": 4434591600000, "relative_velocity": {"kilometers_per_second": "19.6955502812", "kilometers_per_hour": "70903.9810124705", "miles_per_hour": "44056.9764241098"}, "miss_distance": {"astronomical": "0.3446739773", "lunar": "134.0781860352", "kilometers": "51562496", "miles": "32039450"}, "orbiting_body": "Earth"}, {"close_approach_date": "2121-06-26", "epoch_date_close_approach": 4780364400000, "relative_velocity": {"kilometers_per_second": "13.0092440213", "kilometers_per_hour": "46833.2784766051", "miles_per_hour": "29100.3779511994"}, "miss_distance": {"astronomical": "0.1189758649", "lunar": "46.2816123962", "kilometers": "17798536", "miles": "11059497"}, "orbiting_body": "Earth"}, {"close_approach_date": "2132-06-12", "epoch_date_close_approach": 5126310000000, "relative_velocity": {"kilometers_per_second": "9.738365586", "kilometers_per_hour": "35058.1161096288", "miles_per_hour": "21783.7499793413"}, "miss_distance": {"astronomical": "0.0134068274", "lunar": "5.2152557373", "kilometers": "2005632.75", "miles": "1246242.5"}, "orbiting_body": "Earth"}, {"close_approach_date": "2143-07-17", "epoch_date_close_approach": 5476402800000, "relative_velocity": {"kilometers_per_second": "21.9253203574", "kilometers_per_hour": "78931.1532864665", "miles_per_hour": "49044.7491073602"}, "miss_distance": {"astronomical": "0.4203189672", "lunar": "163.5040740967", "kilometers": "62878824", "miles": "39071088"}, "orbiting_body": "Earth"}, {"close_approach_date": "2157-03-03", "epoch_date_close_approach": 5906505600000, "relative_velocity": {"kilometers_per_second": "21.0478156851", "kilometers_per_hour": "75772.136466531", "miles_per_hour": "47081.8589061064"}, "miss_distance": {"astronomical": "0.3941393175", "lunar": "153.3201904297", "kilometers": "58962404", "miles": "36637540"}, "orbiting_body": "Earth"}, {"close_approach_date": "2168-04-04", "epoch_date_close_approach": 6256422000000, "relative_velocity": {"kilometers_per_second": "9.5133699458", "kilometers_per_hour": "34248.1318048424", "miles_per_hour": "21280.4572317366"}, "miss_distance": {"astronomical": "0.0647325944", "lunar": "25.1809806824", "kilometers": "9683859", "miles": "6017271"}, "orbiting_body": "Earth"}, {"close_approach_date": "2179-06-26", "epoch_date_close_approach": 6610662000000, "relative_velocity": {"kilometers_per_second": "12.4097460567", "kilometers_per_hour": "44675.0858039508", "miles_per_hour": "27759.3609541271"}, "miss_distance": {"astronomical": "0.1000595227", "lunar": "38.9231567383", "kilometers": "14968692", "miles": "9301114"}, "orbiting_body": "Earth"}, {"close_approach_date": "2190-07-21", "epoch_date_close_approach": 6959977200000, "relative_velocity": {"kilometers_per_second": "23.557481122", "kilometers_per_hour": "84806.9320390337", "miles_per_hour": "52695.7295216985"}, "miss_distance": {"astronomical": "0.4756345477", "lunar": "185.0218353271", "kilometers": "71153912", "miles": "44212992"}, "orbiting_body": "Earth"}], "orbital_data": {"orbit_id": "70", "orbit_determination_date": "2017-04-06 09:22:05", "orbit_uncertainty": "0", "minimum_orbit_intersection": ".00305292", "jupiter_tisserand_invariant": "3.701", "epoch_osculation": "2458000.5", "eccentricity": ".513888794770636", "semi_major_axis": "1.963593217220448", "inclination": "3.883309350288127", "ascending_node_longitude": "259.8370083521742", "orbital_period": "1005.022331303131", "perihelion_distance": ".9545246654032364", "perihelion_argument": "323.0093372548507", "aphelion_distance": "2.97266176903766", "perihelion_time": "2457785.877004194285", "mean_anomaly": "76.87817084608955", "mean_motion": ".3582009959253514", "equinox": "J2000"}}