{"links": {"self": "https://api.nasa.gov/neo/rest/v1/neo/2410777?api_key=stjNMXvPIBN6FqEBpH6hQbWAtFDv0RARRez0p7z1"}, "neo_reference_id": "2410777", "name": "410777 (2009 FD)", "nasa_jpl_url": "http://ssd.jpl.nasa.gov/sbdb.cgi?sstr=2410777", "absolute_magnitude_h": 22.1, "estimated_diameter": {"kilometers": {"estimated_diameter_min": 0.1010543415, "estimated_diameter_max": 0.2259643771}, "meters": {"estimated_diameter_min": 101.054341542, "estimated_diameter_max": 225.9643771094}, "miles": {"estimated_diameter_min": 0.0627922373, "estimated_diameter_max": 0.140407711}, "feet": {"estimated_diameter_min": 331.5431259047, "estimated_diameter_max": 741.3529669956}}, "is_potentially_hazardous_asteroid": true, "close_approach_data": [{"close_approach_date": "1900-11-10", "epoch_date_close_approach": -2181916800000, "relative_velocity": {"kilometers_per_second": "26.9428426679", "kilometers_per_hour": "96994.233604328", "miles_per_hour": "60268.4447637559"}, "miss_distance": {"astronomical": "0.3625361582", "lunar": "141.0265655518", "kilometers": "54234640", "miles": "33699840"}, "orbiting_body": "Earth"}, {"close_approach_date": "1904-07-02", "epoch_date_close_approach": -2067004800000, "relative_velocity": {"kilometers_per_second": "17.801331933", "kilometers_per_hour": "64084.7949586225", "miles_per_hour": "39819.7994008174"}, "miss_distance": {"astronomical": "0.4234299303", "lunar": "164.7142486572", "kilometers": "63344216", "miles": "39360272"}, "orbiting_body": "Earth"}, {"close_approach_date": "1909-08-15", "epoch_date_close_approach": -1905436800000, "relative_velocity": {"kilometers_per_second": "15.56050517", "kilometers_per_hour": "56017.8186118369", "miles_per_hour": "34807.2940146717"}, "miss_distance": {"astronomical": "0.3882656683", "lunar": "151.0353393555", "kilometers": "58083716", "miles": "36091548"}, "orbiting_body": "Earth"}, {"close_approach_date": "1909-11-17", "epoch_date_close_approach": -1897315200000, "relative_velocity": {"kilometers_per_second": "10.4342723403", "kilometers_per_hour": "37563.3804249763", "miles_per_hour": "23340.4237979526"}, "miss_distance": {"astronomical": "0.4745602637", "lunar": "184.6039428711", "kilometers": "70993208", "miles": "44113132"}, "orbiting_body": "Earth"}, {"close_approach_date": "1910-05-30", "epoch_date_close_approach": -1880553600000, "relative_velocity": {"kilometers_per_second": "9.2716032056", "kilometers_per_hour": "33377.7715400702", "miles_per_hour": "20739.6492105509"}, "miss_distance": {"astronomical": "0.0700552716", "lunar": "27.251499176", "kilometers": "10480119", "miles": "6512044"}, "orbiting_body": "Mars"}, {"close_approach_date": "1913-03-20", "epoch_date_close_approach": -1791993600000, "relative_velocity": {"kilometers_per_second": "20.2892701135", "kilometers_per_hour": "73041.3724085316", "miles_per_hour": "45385.0683168456"}, "miss_distance": {"astronomical": "0.1468164114", "lunar": "57.1115875244", "kilometers": "21963424", "miles": "13647439"}, "orbiting_body": "Earth"}, {"close_approach_date": "1914-02-22", "epoch_date_close_approach": -1762704000000, "relative_velocity": {"kilometers_per_second": "7.469953738", "kilometers_per_hour": "26891.8334568068", "miles_per_hour": "16709.5395165364"}, "miss_distance": {"astronomical": "0.0593121635", "lunar": "23.0724315643", "kilometers": "8872974", "miles": "5513410"}, "orbiting_body": "Mars"}, {"close_approach_date": "1914-07-24", "epoch_date_close_approach": -1749571200000, "relative_velocity": {"kilometers_per_second": "15.8006359661", "kilometers_per_hour": "56882.2894778513", "miles_per_hour": "35344.4425925015"}, "miss_distance": {"astronomical": "0.050302439", "lunar": "19.567647934", "kilometers": "7525137.5", "miles": "4675904"}, "orbiting_body": "Venus"}, {"close_approach_date": "1914-10-19", "epoch_date_close_approach": -1742054400000, "relative_velocity": {"kilometers_per_second": "11.8330220501", "kilometers_per_hour": "42598.8793805396", "miles_per_hour": "26469.2870239803"}, "miss_distance": {"astronomical": "0.1376872208", "lunar": "53.5603294373", "kilometers": "20597716", "miles": "12798827"}, "orbiting_body": "Earth"}, {"close_approach_date": "1915-11-23", "epoch_date_close_approach": -1707494400000, "relative_velocity": {"kilometers_per_second": "12.667239272", "kilometers_per_hour": "45602.0613790488", "miles_per_hour": "28335.3475274428"}, "miss_distance": {"astronomical": "0.1356419334", "lunar": "52.7647132874", "kilometers": "20291744", "miles": "12608705"}, "orbiting_body": "Venus"}, {"close_approach_date": "1917-03-28", "epoch_date_close_approach": -1665072000000, "relative_velocity": {"kilometers_per_second": "13.7037619978", "kilometers_per_hour": "49333.5431921272", "miles_per_hour": "30653.9452129081"}, "miss_distance": {"astronomical": "0.0379548491", "lunar": "14.7644357681", "kilometers": "5677964.5", "miles": "3528123.5"}, "orbiting_body": "Venus"}, {"close_approach_date": "1918-04-06", "epoch_date_close_approach": -1632762000000, "relative_velocity": {"kilometers_per_second": "9.7309094361", "kilometers_per_hour": "35031.273970008", "miles_per_hour": "21767.0713176419"}, "miss_distance": {"astronomical": "0.2088245447", "lunar": "81.232749939", "kilometers": "31239708", "miles": "19411454"}, "orbiting_body": "Earth"}, {"close_approach_date": "1919-11-04", "epoch_date_close_approach": -1582905600000, "relative_velocity": {"kilometers_per_second": "22.348208247", "kilometers_per_hour": "80453.5496892302", "miles_per_hour": "49990.7070277331"}, "miss_distance": {"astronomical": "0.2143465299", "lunar": "83.3807983398", "kilometers": "32065784", "miles": "19924754"}, "orbiting_body": "Earth"}, {"close_approach_date": "1923-03-02", "epoch_date_close_approach": -1478016000000, "relative_velocity": {"kilometers_per_second": "10.7917379219", "kilometers_per_hour": "38850.2565189134", "miles_per_hour": "24140.0385575437"}, "miss_distance": {"astronomical": "0.4994418905", "lunar": "194.2828979492", "kilometers": "74715448", "miles": "46426024"}, "orbiting_body": "Earth"}, {"close_approach_date": "1923-06-12", "epoch_date_close_approach": -1469203200000, "relative_velocity": {"kilometers_per_second": "16.1587700166", "kilometers_per_hour": "58171.5720597823", "miles_per_hour": "36145.5526501464"}, "miss_distance": {"astronomical": "0.3999318584", "lunar": "155.5734863281", "kilometers": "59828952", "miles": "37175988"}, "orbiting_body": "Earth"}, {"close_approach_date": "1925-03-12", "epoch_date_close_approach": -1413993600000, "relative_velocity": {"kilometers_per_second": "6.969818221", "kilometers_per_hour": "25091.3455956247", "miles_per_hour": "15590.7863785703"}, "miss_distance": {"astronomical": "0.0921255091", "lunar": "35.8368263245", "kilometers": "13781781", "miles": "8563601"}, "orbiting_body": "Mars"}, {"close_approach_date": "1928-07-21", "epoch_date_close_approach": -1307980800000, "relative_velocity": {"kilometers_per_second": "17.7714779501", "kilometers_per_hour": "63977.3206204248", "miles_per_hour": "39753.019026619"}, "miss_distance": {"astronomical": "0.4226733139", "lunar": "164.419921875", "kilometers": "63231028", "miles": "39289940"}, "orbiting_body": "Earth"}, {"close_approach_date": "1928-11-29", "epoch_date_close_approach": -1296662400000, "relative_velocity": {"kilometers_per_second": "8.3443702905", "kilometers_per_hour": "30039.7330457368", "miles_per_hour": "18665.5219027802"}, "miss_distance": {"astronomical": "0.0617136991", "lunar": "24.0066299438", "kilometers": "9232238", "miles": "5736647"}, "orbiting_body": "Mars"}, {"close_approach_date": "1932-03-10", "epoch_date_close_approach": -1193241600000, "relative_velocity": {"kilometers_per_second": "27.2328471033", "kilometers_per_hour": "98038.2495718789", "miles_per_hour": "60917.1556853711"}, "miss_distance": {"astronomical": "0.3724164412", "lunar": "144.8699951172", "kilometers": "55712708", "miles": "34618272"}, "orbiting_body": "Earth"}, {"close_approach_date": "1933-09-04", "epoch_date_close_approach": -1146326400000, "relative_velocity": {"kilometers_per_second": "12.4694760949", "kilometers_per_hour": "44890.1139418002", "miles_per_hour": "27892.9710767814"}, "miss_distance": {"astronomical": "0.3348439572", "lunar": "130.2543029785", "kilometers": "50091944", "miles": "31125692"}, "orbiting_body": "Earth"}, {"close_approach_date": "1933-11-02", "epoch_date_close_approach": -1141228800000, "relative_velocity": {"kilometers_per_second": "8.6747037859", "kilometers_per_hour": "31228.9336292892", "miles_per_hour": "19404.4448987103"}, "miss_distance": {"astronomical": "0.369644332", "lunar": "143.7916564941", "kilometers": "55298008", "miles": "34360588"}, "orbiting_body": "Earth"}, {"close_approach_date": "1937-03-26", "epoch_date_close_approach": -1034092800000, "relative_velocity": {"kilometers_per_second": "16.6158486807", "kilometers_per_hour": "59817.055250682", "miles_per_hour": "37167.9919139585"}, "miss_distance": {"astronomical": "0.0248859803", "lunar": "9.6806459427", "kilometers": "3722889.75", "miles": "2313296.5"}, "orbiting_body": "Earth"}, {"close_approach_date": "1937-04-24", "epoch_date_close_approach": -1031587200000, "relative_velocity": {"kilometers_per_second": "18.3976630007", "kilometers_per_hour": "66231.5868023544", "miles_per_hour": "41153.7323661629"}, "miss_distance": {"astronomical": "0.0886657374", "lunar": "34.4909706116", "kilometers": "13264206", "miles": "8241995.5"}, "orbiting_body": "Venus"}, {"close_approach_date": "1938-08-15", "epoch_date_close_approach": -990288000000, "relative_velocity": {"kilometers_per_second": "11.9646345937", "kilometers_per_hour": "43072.6845372095", "miles_per_hour": "26763.6911225789"}, "miss_distance": {"astronomical": "0.1212860269", "lunar": "47.1802635193", "kilometers": "18144132", "miles": "11274241"}, "orbiting_body": "Venus"}, {"close_approach_date": "1938-10-24", "epoch_date_close_approach": -984240000000, "relative_velocity": {"kilometers_per_second": "14.7817203025", "kilometers_per_hour": "53214.1930888362", "miles_per_hour": "33065.2301445605"}, "miss_distance": {"astronomical": "0.0420250238", "lunar": "16.3477344513", "kilometers": "6286854", "miles": "3906470"}, "orbiting_body": "Earth"}, {"close_approach_date": "1939-12-17", "epoch_date_close_approach": -948038400000, "relative_velocity": {"kilometers_per_second": "11.670879767", "kilometers_per_hour": "42015.1671610546", "miles_per_hour": "26106.5909507119"}, "miss_distance": {"astronomical": "0.103715444", "lunar": "40.3453063965", "kilometers": "15515609", "miles": "9640953"}, "orbiting_body": "Venus"}, {"close_approach_date": "1941-04-03", "epoch_date_close_approach": -907171200000, "relative_velocity": {"kilometers_per_second": "19.4611167977", "kilometers_per_hour": "70060.0204716804", "miles_per_hour": "43532.5721647505"}, "miss_distance": {"astronomical": "0.103432193", "lunar": "40.2351226807", "kilometers": "15473236", "miles": "9614623"}, "orbiting_body": "Venus"}, {"close_approach_date": "1942-04-11", "epoch_date_close_approach": -874947600000, "relative_velocity": {"kilometers_per_second": "8.4808445866", "kilometers_per_hour": "30531.0405116713", "miles_per_hour": "18970.8012557104"}, "miss_distance": {"astronomical": "0.2510880928", "lunar": "97.6732635498", "kilometers": "37562244", "miles": "23340096"}, "orbiting_body": "Earth"}, {"close_approach_date": "1943-11-06", "epoch_date_close_approach": -825354000000, "relative_velocity": {"kilometers_per_second": "22.9994814508", "kilometers_per_hour": "82798.1332230308", "miles_per_hour": "51447.5400573882"}, "miss_distance": {"astronomical": "0.2353953566", "lunar": "91.5687942505", "kilometers": "35214644", "miles": "21881366"}, "orbiting_body": "Earth"}, {"close_approach_date": "1947-03-04", "epoch_date_close_approach": -720460800000, "relative_velocity": {"kilometers_per_second": "10.5610784328", "kilometers_per_hour": "38019.8823579788", "miles_per_hour": "23624.0763462675"}, "miss_distance": {"astronomical": "0.4821956671", "lunar": "187.5741119385", "kilometers": "72135448", "miles": "44822888"}, "orbiting_body": "Earth"}, {"close_approach_date": "1947-06-09", "epoch_date_close_approach": -712080000000, "relative_velocity": {"kilometers_per_second": "15.7559904953", "kilometers_per_hour": "56721.5657829972", "miles_per_hour": "35244.5751388851"}, "miss_distance": {"astronomical": "0.3938125143", "lunar": "153.193069458", "kilometers": "58913512", "miles": "36607160"}, "orbiting_body": "Earth"}, {"close_approach_date": "1952-07-11", "epoch_date_close_approach": -551466000000, "relative_velocity": {"kilometers_per_second": "18.0245582847", "kilometers_per_hour": "64888.4098250312", "miles_per_hour": "40319.1344271146"}, "miss_distance": {"astronomical": "0.4267364551", "lunar": "166.0004730225", "kilometers": "63838864", "miles": "39667632"}, "orbiting_body": "Earth"}, {"close_approach_date": "1957-08-12", "epoch_date_close_approach": -390934800000, "relative_velocity": {"kilometers_per_second": "16.0003574621", "kilometers_per_hour": "57601.2868634858", "miles_per_hour": "35791.1996069254"}, "miss_distance": {"astronomical": "0.395257221", "lunar": "153.755065918", "kilometers": "59129640", "miles": "36741456"}, "orbiting_body": "Earth"}, {"close_approach_date": "1957-11-19", "epoch_date_close_approach": -382377600000, "relative_velocity": {"kilometers_per_second": "10.6929202458", "kilometers_per_hour": "38494.5128850146", "miles_per_hour": "23918.9932979137"}, "miss_distance": {"astronomical": "0.4897966446", "lunar": "190.5308990479", "kilometers": "73272536", "miles": "45529444"}, "orbiting_body": "Earth"}, {"close_approach_date": "1961-03-16", "epoch_date_close_approach": -277574400000, "relative_velocity": {"kilometers_per_second": "23.2009597241", "kilometers_per_hour": "83523.4550067827", "miles_per_hour": "51898.2268068534"}, "miss_distance": {"astronomical": "0.2420991207", "lunar": "94.1765594482", "kilometers": "36217512", "miles": "22504520"}, "orbiting_body": "Earth"}, {"close_approach_date": "1962-07-16", "epoch_date_close_approach": -235501200000, "relative_velocity": {"kilometers_per_second": "17.2303180713", "kilometers_per_hour": "62029.1450568578", "miles_per_hour": "38542.4984938015"}, "miss_distance": {"astronomical": "0.0689547927", "lunar": "26.8234157562", "kilometers": "10315491", "miles": "6409748.5"}, "orbiting_body": "Venus"}, {"close_approach_date": "1962-10-02", "epoch_date_close_approach": -228762000000, "relative_velocity": {"kilometers_per_second": "8.7714226869", "kilometers_per_hour": "31577.1216727812", "miles_per_hour": "19620.7954082901"}, "miss_distance": {"astronomical": "0.2614685767", "lunar": "101.7112808228", "kilometers": "39115144", "miles": "24305024"}, "orbiting_body": "Earth"}, {"close_approach_date": "1963-11-08", "epoch_date_close_approach": -194025600000, "relative_velocity": {"kilometers_per_second": "12.1641049897", "kilometers_per_hour": "43790.7779628523", "miles_per_hour": "27209.8864514179"}, "miss_distance": {"astronomical": "0.1261450553", "lunar": "49.0704231262", "kilometers": "18871032", "miles": "11725915"}, "orbiting_body": "Venus"}, {"close_approach_date": "1965-03-10", "epoch_date_close_approach": -151862400000, "relative_velocity": {"kilometers_per_second": "11.6225544366", "kilometers_per_hour": "41841.1959718003", "miles_per_hour": "25998.4920192556"}, "miss_distance": {"astronomical": "0.0970068274", "lunar": "37.7356567383", "kilometers": "14512015", "miles": "9017348"}, "orbiting_body": "Venus"}, {"close_approach_date": "1966-03-28", "epoch_date_close_approach": -118771200000, "relative_velocity": {"kilometers_per_second": "15.2732945909", "kilometers_per_hour": "54983.8605270989", "miles_per_hour": "34164.8326702965"}, "miss_distance": {"astronomical": "0.0203347419", "lunar": "7.9102144241", "kilometers": "3042034", "miles": "1890232.25"}, "orbiting_body": "Earth"}, {"close_approach_date": "1966-06-24", "epoch_date_close_approach": -111171600000, "relative_velocity": {"kilometers_per_second": "20.0441606288", "kilometers_per_hour": "72158.9782637462", "miles_per_hour": "44836.7829106039"}, "miss_distance": {"astronomical": "0.1151474204", "lunar": "44.7923469543", "kilometers": "17225808", "miles": "10703621"}, "orbiting_body": "Venus"}, {"close_approach_date": "1967-10-27", "epoch_date_close_approach": -68835600000, "relative_velocity": {"kilometers_per_second": "16.4137973684", "kilometers_per_hour": "59089.6705261068", "miles_per_hour": "36716.0233332912"}, "miss_distance": {"astronomical": "0.0276646324", "lunar": "10.7615413666", "kilometers": "4138570", "miles": "2571588.25"}, "orbiting_body": "Earth"}, {"close_approach_date": "1971-03-21", "epoch_date_close_approach": 38390400000, "relative_velocity": {"kilometers_per_second": "8.6628838091", "kilometers_per_hour": "31186.3817126204", "miles_per_hour": "19378.0047924891"}, "miss_distance": {"astronomical": "0.3635626815", "lunar": "141.4258728027", "kilometers": "54388204", "miles": "33795264"}, "orbiting_body": "Earth"}, {"close_approach_date": "1971-05-17", "epoch_date_close_approach": 43311600000, "relative_velocity": {"kilometers_per_second": "12.1705011143", "kilometers_per_hour": "43813.8040116002", "miles_per_hour": "27224.1939426524"}, "miss_distance": {"astronomical": "0.3332800377", "lunar": "129.6459350586", "kilometers": "49857984", "miles": "30980314"}, "orbiting_body": "Earth"}, {"close_approach_date": "1972-11-11", "epoch_date_close_approach": 90316800000, "relative_velocity": {"kilometers_per_second": "27.2334444517", "kilometers_per_hour": "98040.4000261625", "miles_per_hour": "60918.4918940341"}, "miss_distance": {"astronomical": "0.3714268915", "lunar": "144.4850616455", "kilometers": "55564672", "miles": "34526284"}, "orbiting_body": "Earth"}, {"close_approach_date": "1976-07-01", "epoch_date_close_approach": 205052400000, "relative_velocity": {"kilometers_per_second": "17.7262216972", "kilometers_per_hour": "63814.3981100694", "miles_per_hour": "39651.7853145595"}, "miss_distance": {"astronomical": "0.4226637812", "lunar": "164.4162139893", "kilometers": "63229600", "miles": "39289052"}, "orbiting_body": "Earth"}, {"close_approach_date": "1981-08-11", "epoch_date_close_approach": 366361200000, "relative_velocity": {"kilometers_per_second": "16.1660976946", "kilometers_per_hour": "58197.951700727", "miles_per_hour": "36161.9439331545"}, "miss_distance": {"astronomical": "0.3975390341", "lunar": "154.6426849365", "kilometers": "59470992", "miles": "36953560"}, "orbiting_body": "Earth"}, {"close_approach_date": "1981-11-20", "epoch_date_close_approach": 375091200000, "relative_velocity": {"kilometers_per_second": "10.7767836348", "kilometers_per_hour": "38796.4210853941", "miles_per_hour": "24106.587312755"}, "miss_distance": {"astronomical": "0.497598933", "lunar": "193.5659942627", "kilometers": "74439744", "miles": "46254712"}, "orbiting_body": "Earth"}, {"close_approach_date": "1985-03-18", "epoch_date_close_approach": 479980800000, "relative_velocity": {"kilometers_per_second": "22.0004129808", "kilometers_per_hour": "79201.4867308768", "miles_per_hour": "49212.7237967495"}, "miss_distance": {"astronomical": "0.2028765524", "lunar": "78.9189758301", "kilometers": "30349900", "miles": "18858554"}, "orbiting_body": "Earth"}, {"close_approach_date": "1986-07-26", "epoch_date_close_approach": 522745200000, "relative_velocity": {"kilometers_per_second": "11.8742730733", "kilometers_per_hour": "42747.3830639664", "miles_per_hour": "26561.5614377185"}, "miss_distance": {"astronomical": "0.078396051", "lunar": "30.4960651398", "kilometers": "11727883", "miles": "7287368.5"}, "orbiting_body": "Venus"}, {"close_approach_date": "1986-10-16", "epoch_date_close_approach": 529830000000, "relative_velocity": {"kilometers_per_second": "9.9670253332", "kilometers_per_hour": "35881.2911994821", "miles_per_hour": "22295.2389678115"}, "miss_distance": {"astronomical": "0.2000520566", "lunar": "77.8202514648", "kilometers": "29927362", "miles": "18596000"}, "orbiting_body": "Earth"}, {"close_approach_date": "1987-12-01", "epoch_date_close_approach": 565344000000, "relative_velocity": {"kilometers_per_second": "12.2582166561", "kilometers_per_hour": "44129.579962126", "miles_per_hour": "27420.4048381332"}, "miss_distance": {"astronomical": "0.1251783155", "lunar": "48.6943664551", "kilometers": "18726410", "miles": "11636052"}, "orbiting_body": "Venus"}, {"close_approach_date": "1989-03-27", "epoch_date_close_approach": 606988800000, "relative_velocity": {"kilometers_per_second": "18.086558718", "kilometers_per_hour": "65111.6113846672", "miles_per_hour": "40457.8231962117"}, "miss_distance": {"astronomical": "0.0773170706", "lunar": "30.076341629", "kilometers": "11566470", "miles": "7187071"}, "orbiting_body": "Venus"}, {"close_approach_date": "1990-04-03", "epoch_date_close_approach": 639126000000, "relative_velocity": {"kilometers_per_second": "11.4392319183", "kilometers_per_hour": "41181.2349059045", "miles_per_hour": "25588.4178780605"}, "miss_distance": {"astronomical": "0.1500471073", "lunar": "58.3683242798", "kilometers": "22446728", "miles": "13947750"}, "orbiting_body": "Earth"}, {"close_approach_date": "1991-11-03", "epoch_date_close_approach": 689155200000, "relative_velocity": {"kilometers_per_second": "20.7592070994", "kilometers_per_hour": "74733.1455577082", "miles_per_hour": "46436.270360566"}, "miss_distance": {"astronomical": "0.1633456099", "lunar": "63.5414390564", "kilometers": "24436154", "miles": "15183923"}, "orbiting_body": "Earth"}, {"close_approach_date": "1995-01-18", "epoch_date_close_approach": 790416000000, "relative_velocity": {"kilometers_per_second": "9.1318480386", "kilometers_per_hour": "32874.6529388157", "miles_per_hour": "20427.0308774547"}, "miss_distance": {"astronomical": "0.060484511", "lunar": "23.5284748077", "kilometers": "9048354", "miles": "5622386.5"}, "orbiting_body": "Mars"}, {"close_approach_date": "1995-03-05", "epoch_date_close_approach": 794390400000, "relative_velocity": {"kilometers_per_second": "10.5006964573", "kilometers_per_hour": "37802.5072461382", "miles_per_hour": "23489.0079052462"}, "miss_distance": {"astronomical": "0.4780731517", "lunar": "185.9704589844", "kilometers": "71518728", "miles": "44439676"}, "orbiting_body": "Earth"}, {"close_approach_date": "1995-06-09", "epoch_date_close_approach": 802681200000, "relative_velocity": {"kilometers_per_second": "15.6362215755", "kilometers_per_hour": "56290.3976717802", "miles_per_hour": "34976.6640422237"}, "miss_distance": {"astronomical": "0.3914150746", "lunar": "152.2604675293", "kilometers": "58554864", "miles": "36384304"}, "orbiting_body": "Earth"}, {"close_approach_date": "1998-10-12", "epoch_date_close_approach": 908175600000, "relative_velocity": {"kilometers_per_second": "7.4155023557", "kilometers_per_hour": "26695.8084805162", "miles_per_hour": "16587.737219463"}, "miss_distance": {"astronomical": "0.0630793726", "lunar": "24.5378761292", "kilometers": "9436540", "miles": "5863594"}, "orbiting_body": "Mars"}, {"close_approach_date": "2000-07-20", "epoch_date_close_approach": 964076400000, "relative_velocity": {"kilometers_per_second": "17.8446497513", "kilometers_per_hour": "64240.7391045256", "miles_per_hour": "39916.697028587"}, "miss_distance": {"astronomical": "0.4233592806", "lunar": "164.6867523193", "kilometers": "63333648", "miles": "39353704"}, "orbiting_body": "Earth"}, {"close_approach_date": "2004-03-11", "epoch_date_close_approach": 1078992000000, "relative_velocity": {"kilometers_per_second": "27.1747275882", "kilometers_per_hour": "97829.0193174376", "miles_per_hour": "60787.1481419934"}, "miss_distance": {"astronomical": "0.3703452646", "lunar": "144.0643005371", "kilometers": "55402864", "miles": "34425744"}, "orbiting_body": "Earth"}, {"close_approach_date": "2005-09-06", "epoch_date_close_approach": 1125990000000, "relative_velocity": {"kilometers_per_second": "12.2101182907", "kilometers_per_hour": "43956.4258463911", "miles_per_hour": "27312.8136043867"}, "miss_distance": {"astronomical": "0.3304815361", "lunar": "128.5573120117", "kilometers": "49439332", "miles": "30720178"}, "orbiting_body": "Earth"}, {"close_approach_date": "2005-11-01", "epoch_date_close_approach": 1130832000000, "relative_velocity": {"kilometers_per_second": "8.5716758232", "kilometers_per_hour": "30858.0329634931", "miles_per_hour": "19173.9816488993"}, "miss_distance": {"astronomical": "0.3624803323", "lunar": "141.0048522949", "kilometers": "54226288", "miles": "33694652"}, "orbiting_body": "Earth"}, {"close_approach_date": "2008-01-20", "epoch_date_close_approach": 1200816000000, "relative_velocity": {"kilometers_per_second": "21.1408641538", "kilometers_per_hour": "76107.1109538172", "miles_per_hour": "47289.9990257204"}, "miss_distance": {"astronomical": "0.1408745767", "lunar": "54.8002128601", "kilometers": "21074538", "miles": "13095110"}, "orbiting_body": "Venus"}, {"close_approach_date": "2009-03-27", "epoch_date_close_approach": 1238137200000, "relative_velocity": {"kilometers_per_second": "16.0165946143", "kilometers_per_hour": "57659.7406113238", "miles_per_hour": "35827.5204926306"}, "miss_distance": {"astronomical": "0.0041728267", "lunar": "1.6232296228", "kilometers": "624246", "miles": "387888.46875"}, "orbiting_body": "Earth"}, {"close_approach_date": "2009-03-27", "epoch_date_close_approach": 1238137200000, "relative_velocity": {"kilometers_per_second": "16.2413666922", "kilometers_per_hour": "58468.920091988", "miles_per_hour": "36330.3131538245"}, "miss_distance": {"astronomical": "0.0042760951", "lunar": "1.6634008884", "kilometers": "639694.6875", "miles": "397487.875"}, "orbiting_body": "Moon"}, {"close_approach_date": "2009-05-08", "epoch_date_close_approach": 1241766000000, "relative_velocity": {"kilometers_per_second": "11.601693795", "kilometers_per_hour": "41766.0976620922", "miles_per_hour": "25951.8288500928"}, "miss_distance": {"astronomical": "0.1080683098", "lunar": "42.0385742188", "kilometers": "16166789", "miles": "10045577"}, "orbiting_body": "Venus"}, {"close_approach_date": "2009-10-30", "epoch_date_close_approach": 1256886000000, "relative_velocity": {"kilometers_per_second": "7.0154778748", "kilometers_per_hour": "25255.7203494096", "miles_per_hour": "15692.9224582207"}, "miss_distance": {"astronomical": "0.0798723049", "lunar": "31.0703258514", "kilometers": "11948727", "miles": "7424594.5"}, "orbiting_body": "Mars"}, {"close_approach_date": "2010-09-01", "epoch_date_close_approach": 1283324400000, "relative_velocity": {"kilometers_per_second": "12.6150486318", "kilometers_per_hour": "45414.1750743313", "miles_per_hour": "28218.602284381"}, "miss_distance": {"astronomical": "0.1339151409", "lunar": "52.0929908752", "kilometers": "20033420", "miles": "12448190"}, "orbiting_body": "Venus"}, {"close_approach_date": "2010-10-24", "epoch_date_close_approach": 1287903600000, "relative_velocity": {"kilometers_per_second": "13.8817954412", "kilometers_per_hour": "49974.4635883207", "miles_per_hour": "31052.1882224207"}, "miss_distance": {"astronomical": "0.0702473054", "lunar": "27.3262023926", "kilometers": "10508848", "miles": "6529895"}, "orbiting_body": "Earth"}, {"close_approach_date": "2011-12-24", "epoch_date_close_approach": 1324713600000, "relative_velocity": {"kilometers_per_second": "13.476951914", "kilometers_per_hour": "48517.0268905051", "miles_per_hour": "30146.5937364919"}, "miss_distance": {"astronomical": "0.0430079995", "lunar": "16.7301120758", "kilometers": "6433905", "miles": "3997843.25"}, "orbiting_body": "Venus"}, {"close_approach_date": "2013-03-28", "epoch_date_close_approach": 1364454000000, "relative_velocity": {"kilometers_per_second": "21.4578793544", "kilometers_per_hour": "77248.3656756751", "miles_per_hour": "47999.1303277549"}, "miss_distance": {"astronomical": "0.142388632", "lunar": "55.389175415", "kilometers": "21301036", "miles": "13235850"}, "orbiting_body": "Venus"}, {"close_approach_date": "2013-08-03", "epoch_date_close_approach": 1375513200000, "relative_velocity": {"kilometers_per_second": "7.0440603823", "kilometers_per_hour": "25358.6173761901", "miles_per_hour": "15756.858669111"}, "miss_distance": {"astronomical": "0.0775218964", "lunar": "30.1560192108", "kilometers": "11597111", "miles": "7206110.5"}, "orbiting_body": "Mars"}, {"close_approach_date": "2014-04-01", "epoch_date_close_approach": 1396335600000, "relative_velocity": {"kilometers_per_second": "12.8933361657", "kilometers_per_hour": "46416.0101965693", "miles_per_hour": "28841.103669085"}, "miss_distance": {"astronomical": "0.1009308331", "lunar": "39.2620925903", "kilometers": "15099038", "miles": "9382107"}, "orbiting_body": "Earth"}, {"close_approach_date": "2015-10-29", "epoch_date_close_approach": 1446102000000, "relative_velocity": {"kilometers_per_second": "16.9230314226", "kilometers_per_hour": "60922.9131214007", "miles_per_hour": "37855.1289892392"}, "miss_distance": {"astronomical": "0.0418853175", "lunar": "16.2933883667", "kilometers": "6265954", "miles": "3893483.5"}, "orbiting_body": "Earth"}, {"close_approach_date": "2017-05-06", "epoch_date_close_approach": 1494054000000, "relative_velocity": {"kilometers_per_second": "7.1325065382", "kilometers_per_hour": "25677.0235376774", "miles_per_hour": "15954.7038753974"}, "miss_distance": {"astronomical": "0.0722383952", "lunar": "28.1007347107", "kilometers": "10806710", "miles": "6714978"}, "orbiting_body": "Mars"}, {"close_approach_date": "2019-04-08", "epoch_date_close_approach": 1554706800000, "relative_velocity": {"kilometers_per_second": "9.0914172712", "kilometers_per_hour": "32729.1021765", "miles_per_hour": "20336.5912940591"}, "miss_distance": {"astronomical": "0.2300900838", "lunar": "89.5050430298", "kilometers": "34420988", "miles": "21388210"}, "orbiting_body": "Earth"}, {"close_approach_date": "2020-11-03", "epoch_date_close_approach": 1604390400000, "relative_velocity": {"kilometers_per_second": "21.0554210093", "kilometers_per_hour": "75799.5156335207", "miles_per_hour": "47098.8712557284"}, "miss_distance": {"astronomical": "0.1732108702", "lunar": "67.3790283203", "kilometers": "25911978", "miles": "16100957"}, "orbiting_body": "Earth"}, {"close_approach_date": "2021-02-05", "epoch_date_close_approach": 1612512000000, "relative_velocity": {"kilometers_per_second": "7.3194450739", "kilometers_per_hour": "26350.0022661939", "miles_per_hour": "16372.8666859025"}, "miss_distance": {"astronomical": "0.0630856776", "lunar": "24.5403270721", "kilometers": "9437483", "miles": "5864180"}, "orbiting_body": "Mars"}, {"close_approach_date": "2024-03-20", "epoch_date_close_approach": 1710918000000, "relative_velocity": {"kilometers_per_second": "8.7781614948", "kilometers_per_hour": "31601.3813813009", "miles_per_hour": "19635.8694477311"}, "miss_distance": {"astronomical": "0.3657002532", "lunar": "142.2574005127", "kilometers": "54707980", "miles": "33993960"}, "orbiting_body": "Earth"}, {"close_approach_date": "2024-05-17", "epoch_date_close_approach": 1715929200000, "relative_velocity": {"kilometers_per_second": "12.2414247229", "kilometers_per_hour": "44069.1290022722", "miles_per_hour": "27382.8429625508"}, "miss_distance": {"astronomical": "0.3360798997", "lunar": "130.7350769043", "kilometers": "50276836", "miles": "31240578"}, "orbiting_body": "Earth"}, {"close_approach_date": "2024-11-07", "epoch_date_close_approach": 1730966400000, "relative_velocity": {"kilometers_per_second": "7.5718489367", "kilometers_per_hour": "27258.6561720845", "miles_per_hour": "16937.4688864822"}, "miss_distance": {"astronomical": "0.0555143518", "lunar": "21.5950832367", "kilometers": "8304828.5", "miles": "5160381.5"}, "orbiting_body": "Mars"}, {"close_approach_date": "2025-11-10", "epoch_date_close_approach": 1762761600000, "relative_velocity": {"kilometers_per_second": "25.3728689442", "kilometers_per_hour": "91342.3281992064", "miles_per_hour": "56756.5705413347"}, "miss_distance": {"astronomical": "0.3126394631", "lunar": "121.6167526245", "kilometers": "46770200", "miles": "29061654"}, "orbiting_body": "Earth"}, {"close_approach_date": "2028-08-10", "epoch_date_close_approach": 1849503600000, "relative_velocity": {"kilometers_per_second": "7.8861933921", "kilometers_per_hour": "28390.2962114236", "miles_per_hour": "17640.6259987037"}, "miss_distance": {"astronomical": "0.0546826212", "lunar": "21.2715396881", "kilometers": "8180403.5", "miles": "5083067"}, "orbiting_body": "Mars"}, {"close_approach_date": "2029-03-05", "epoch_date_close_approach": 1867392000000, "relative_velocity": {"kilometers_per_second": "10.4409566751", "kilometers_per_hour": "37587.4440302477", "miles_per_hour": "23355.3759864614"}, "miss_distance": {"astronomical": "0.4706319729", "lunar": "183.0758361816", "kilometers": "70405544", "miles": "43747976"}, "orbiting_body": "Earth"}, {"close_approach_date": "2029-06-07", "epoch_date_close_approach": 1875510000000, "relative_velocity": {"kilometers_per_second": "15.463119439", "kilometers_per_hour": "55667.2299802967", "miles_per_hour": "34589.4518730349"}, "miss_distance": {"astronomical": "0.3903327337", "lunar": "151.8394317627", "kilometers": "58392944", "miles": "36283696"}, "orbiting_body": "Earth"}, {"close_approach_date": "2030-11-16", "epoch_date_close_approach": 1921046400000, "relative_velocity": {"kilometers_per_second": "29.8515159955", "kilometers_per_hour": "107465.4575837597", "miles_per_hour": "66774.8561303089"}, "miss_distance": {"astronomical": "0.4548455306", "lunar": "176.9349060059", "kilometers": "68043920", "miles": "42280532"}, "orbiting_body": "Earth"}, {"close_approach_date": "2032-05-13", "epoch_date_close_approach": 1968044400000, "relative_velocity": {"kilometers_per_second": "8.2742540514", "kilometers_per_hour": "29787.3145851713", "miles_per_hour": "18508.6788876582"}, "miss_distance": {"astronomical": "0.0638248768", "lunar": "24.8278770447", "kilometers": "9548066", "miles": "5932893"}, "orbiting_body": "Mars"}, {"close_approach_date": "2034-06-26", "epoch_date_close_approach": 2034918000000, "relative_velocity": {"kilometers_per_second": "17.4178735827", "kilometers_per_hour": "62704.3448977711", "miles_per_hour": "38962.0414171734"}, "miss_distance": {"astronomical": "0.4192425935", "lunar": "163.0853729248", "kilometers": "62717800", "miles": "38971032"}, "orbiting_body": "Earth"}, {"close_approach_date": "2036-02-15", "epoch_date_close_approach": 2086675200000, "relative_velocity": {"kilometers_per_second": "8.747385701", "kilometers_per_hour": "31490.5885236196", "miles_per_hour": "19567.0270745791"}, "miss_distance": {"astronomical": "0.0837553942", "lunar": "32.5808486938", "kilometers": "12529629", "miles": "7785550.5"}, "orbiting_body": "Mars"}, {"close_approach_date": "2039-06-18", "epoch_date_close_approach": 2191993200000, "relative_velocity": {"kilometers_per_second": "13.0470266176", "kilometers_per_hour": "46969.2958233906", "miles_per_hour": "29184.8938409285"}, "miss_distance": {"astronomical": "0.0574980465", "lunar": "22.3667392731", "kilometers": "8601585", "miles": "5344777.5"}, "orbiting_body": "Venus"}, {"close_approach_date": "2039-07-13", "epoch_date_close_approach": 2194153200000, "relative_velocity": {"kilometers_per_second": "18.0698753875", "kilometers_per_hour": "65051.5513949554", "miles_per_hour": "40420.504254271"}, "miss_distance": {"astronomical": "0.4281065589", "lunar": "166.5334472656", "kilometers": "64043828", "miles": "39794988"}, "orbiting_body": "Earth"}, {"close_approach_date": "2040-10-12", "epoch_date_close_approach": 2233638000000, "relative_velocity": {"kilometers_per_second": "12.7485459732", "kilometers_per_hour": "45894.7655035614", "miles_per_hour": "28517.2224874768"}, "miss_distance": {"astronomical": "0.137433852", "lunar": "53.461769104", "kilometers": "20559812", "miles": "12775275"}, "orbiting_body": "Venus"}, {"close_approach_date": "2042-02-07", "epoch_date_close_approach": 2275372800000, "relative_velocity": {"kilometers_per_second": "11.8658048906", "kilometers_per_hour": "42716.8976061632", "miles_per_hour": "26542.6189597852"}, "miss_distance": {"astronomical": "0.07899558", "lunar": "30.7292804718", "kilometers": "11817570", "miles": "7343098"}, "orbiting_body": "Venus"}, {"close_approach_date": "2043-05-19", "epoch_date_close_approach": 2315631600000, "relative_velocity": {"kilometers_per_second": "19.8746699187", "kilometers_per_hour": "71548.8117072689", "miles_per_hour": "44457.6491411083"}, "miss_distance": {"astronomical": "0.111313761", "lunar": "43.3010520935", "kilometers": "16652302", "miles": "10347261"}, "orbiting_body": "Venus"}, {"close_approach_date": "2044-07-30", "epoch_date_close_approach": 2353474800000, "relative_velocity": {"kilometers_per_second": "17.4239988382", "kilometers_per_hour": "62726.3958173447", "miles_per_hour": "38975.7430010606"}, "miss_distance": {"astronomical": "0.4181322969", "lunar": "162.6534729004", "kilometers": "62551704", "miles": "38867828"}, "orbiting_body": "Earth"}, {"close_approach_date": "2048-03-08", "epoch_date_close_approach": 2467267200000, "relative_velocity": {"kilometers_per_second": "29.4219108831", "kilometers_per_hour": "105918.8791790203", "miles_per_hour": "65813.8724543196"}, "miss_distance": {"astronomical": "0.4416484308", "lunar": "171.8012390137", "kilometers": "66069664", "miles": "41053788"}, "orbiting_body": "Earth"}, {"close_approach_date": "2049-08-19", "epoch_date_close_approach": 2512969200000, "relative_velocity": {"kilometers_per_second": "15.3203037572", "kilometers_per_hour": "55153.0935260536", "miles_per_hour": "34269.9874745637"}, "miss_distance": {"astronomical": "0.385021787", "lunar": "149.7734680176", "kilometers": "57598440", "miles": "35790012"}, "orbiting_body": "Earth"}, {"close_approach_date": "2049-11-17", "epoch_date_close_approach": 2520748800000, "relative_velocity": {"kilometers_per_second": "10.3071967071", "kilometers_per_hour": "37105.9081454902", "miles_per_hour": "23056.1683140686"}, "miss_distance": {"astronomical": "0.4633062188", "lunar": "180.2261199951", "kilometers": "69309624", "miles": "43067004"}, "orbiting_body": "Earth"}, {"close_approach_date": "2053-03-15", "epoch_date_close_approach": 2625634800000, "relative_velocity": {"kilometers_per_second": "24.549556511", "kilometers_per_hour": "88378.4034395021", "miles_per_hour": "54914.9029593951"}, "miss_distance": {"astronomical": "0.2859827426", "lunar": "111.2472839355", "kilometers": "42782408", "miles": "26583756"}, "orbiting_body": "Earth"}, {"close_approach_date": "2054-09-12", "epoch_date_close_approach": 2672809200000, "relative_velocity": {"kilometers_per_second": "11.5594801434", "kilometers_per_hour": "41614.1285163394", "miles_per_hour": "25857.4011328332"}, "miss_distance": {"astronomical": "0.3191500008", "lunar": "124.1493530273", "kilometers": "47744160", "miles": "29666846"}, "orbiting_body": "Earth"}, {"close_approach_date": "2054-10-30", "epoch_date_close_approach": 2676956400000, "relative_velocity": {"kilometers_per_second": "8.2693211875", "kilometers_per_hour": "29769.5562749735", "miles_per_hour": "18497.6445643023"}, "miss_distance": {"astronomical": "0.342434609", "lunar": "133.2070617676", "kilometers": "51227488", "miles": "31831286"}, "orbiting_body": "Earth"}, {"close_approach_date": "2058-03-22", "epoch_date_close_approach": 2784006000000, "relative_velocity": {"kilometers_per_second": "19.8694227937", "kilometers_per_hour": "71529.9220573052", "miles_per_hour": "44445.9118472184"}, "miss_distance": {"astronomical": "0.1331152119", "lunar": "51.7818183899", "kilometers": "19913754", "miles": "12373833"}, "orbiting_body": "Earth"}, {"close_approach_date": "2059-10-18", "epoch_date_close_approach": 2833686000000, "relative_velocity": {"kilometers_per_second": "10.2824723822", "kilometers_per_hour": "37016.900575947", "miles_per_hour": "23000.86247176"}, "miss_distance": {"astronomical": "0.1897207898", "lunar": "73.8013916016", "kilometers": "28381828", "miles": "17635650"}, "orbiting_body": "Earth"}, {"close_approach_date": "2063-03-29", "epoch_date_close_approach": 2942377200000, "relative_velocity": {"kilometers_per_second": "15.5007101226", "kilometers_per_hour": "55802.5564413877", "miles_per_hour": "34673.5384732612"}, "miss_distance": {"astronomical": "0.0129577934", "lunar": "5.0405817032", "kilometers": "1938458.375", "miles": "1204502.125"}, "orbiting_body": "Earth"}, {"close_approach_date": "2064-10-26", "epoch_date_close_approach": 2992230000000, "relative_velocity": {"kilometers_per_second": "15.4577164681", "kilometers_per_hour": "55647.7792849868", "miles_per_hour": "34577.3659673853"}, "miss_distance": {"astronomical": "0.0266102313", "lunar": "10.3513793945", "kilometers": "3980834", "miles": "2473575.5"}, "orbiting_body": "Earth"}, {"close_approach_date": "2068-04-09", "epoch_date_close_approach": 3101180400000, "relative_velocity": {"kilometers_per_second": "8.8477332146", "kilometers_per_hour": "31851.8395725321", "miles_per_hour": "19791.4944277214"}, "miss_distance": {"astronomical": "0.2376510701", "lunar": "92.4462661743", "kilometers": "35552092", "miles": "22091046"}, "orbiting_body": "Earth"}, {"close_approach_date": "2068-05-11", "epoch_date_close_approach": 3103945200000, "relative_velocity": {"kilometers_per_second": "15.8650811098", "kilometers_per_hour": "57114.2919951288", "miles_per_hour": "35488.5999344177"}, "miss_distance": {"astronomical": "0.0516014575", "lunar": "20.0729675293", "kilometers": "7719468.5", "miles": "4796655.5"}, "orbiting_body": "Venus"}, {"close_approach_date": "2069-09-02", "epoch_date_close_approach": 3145330800000, "relative_velocity": {"kilometers_per_second": "12.3405695975", "kilometers_per_hour": "44426.0505508585", "miles_per_hour": "27604.6201325598"}, "miss_distance": {"astronomical": "0.1297911524", "lunar": "50.4887580872", "kilometers": "19416480", "miles": "12064842"}, "orbiting_body": "Venus"}, {"close_approach_date": "2069-11-05", "epoch_date_close_approach": 3150864000000, "relative_velocity": {"kilometers_per_second": "21.8915551706", "kilometers_per_hour": "78809.5986141071", "miles_per_hour": "48969.2197610823"}, "miss_distance": {"astronomical": "0.2010136211", "lunar": "78.1942977905", "kilometers": "30071210", "miles": "18685384"}, "orbiting_body": "Earth"}, {"close_approach_date": "2071-01-01", "epoch_date_close_approach": 3187324800000, "relative_velocity": {"kilometers_per_second": "11.6458352723", "kilometers_per_hour": "41925.0069803243", "miles_per_hour": "26050.5689206354"}, "miss_distance": {"astronomical": "0.0994999893", "lunar": "38.705493927", "kilometers": "14884986", "miles": "9249102"}, "orbiting_body": "Venus"}, {"close_approach_date": "2072-04-16", "epoch_date_close_approach": 3228015600000, "relative_velocity": {"kilometers_per_second": "19.0295651198", "kilometers_per_hour": "68506.4344311414", "miles_per_hour": "42567.2342163945"}, "miss_distance": {"astronomical": "0.0953127538", "lunar": "37.0766601562", "kilometers": "14258585", "miles": "8859874"}, "orbiting_body": "Venus"}, {"close_approach_date": "2073-03-12", "epoch_date_close_approach": 3256531200000, "relative_velocity": {"kilometers_per_second": "9.7240730679", "kilometers_per_hour": "35006.6630445265", "miles_per_hour": "21751.7790456393"}, "miss_distance": {"astronomical": "0.4238441619", "lunar": "164.8753814697", "kilometers": "63406184", "miles": "39398776"}, "orbiting_body": "Earth"}, {"close_approach_date": "2073-05-29", "epoch_date_close_approach": 3263266800000, "relative_velocity": {"kilometers_per_second": "14.0981317209", "kilometers_per_hour": "50753.274195168", "miles_per_hour": "31536.1108464365"}, "miss_distance": {"astronomical": "0.3677984706", "lunar": "143.0736083984", "kilometers": "55021868", "miles": "34189004"}, "orbiting_body": "Earth"}, {"close_approach_date": "2074-11-14", "epoch_date_close_approach": 3309408000000, "relative_velocity": {"kilometers_per_second": "28.3624964746", "kilometers_per_hour": "102104.9873084844", "miles_per_hour": "63444.0683639858"}, "miss_distance": {"astronomical": "0.408062522", "lunar": "158.7363128662", "kilometers": "61045284", "miles": "37931780"}, "orbiting_body": "Earth"}, {"close_approach_date": "2078-06-25", "epoch_date_close_approach": 3423366000000, "relative_velocity": {"kilometers_per_second": "17.3842344537", "kilometers_per_hour": "62583.244033379", "miles_per_hour": "38886.7940495182"}, "miss_distance": {"astronomical": "0.4182611303", "lunar": "162.7035827637", "kilometers": "62570976", "miles": "38879804"}, "orbiting_body": "Earth"}, {"close_approach_date": "2083-07-20", "epoch_date_close_approach": 3583292400000, "relative_velocity": {"kilometers_per_second": "17.9324826233", "kilometers_per_hour": "64556.9374437756", "miles_per_hour": "40113.1703799949"}, "miss_distance": {"astronomical": "0.4255633931", "lunar": "165.5441589355", "kilometers": "63663380", "miles": "39558588"}, "orbiting_body": "Earth"}, {"close_approach_date": "2087-03-06", "epoch_date_close_approach": 3697776000000, "relative_velocity": {"kilometers_per_second": "31.0645258724", "kilometers_per_hour": "111832.2931407836", "miles_per_hour": "69488.2379240608"}, "miss_distance": {"astronomical": "0.4939368599", "lunar": "192.1414337158", "kilometers": "73891904", "miles": "45914300"}, "orbiting_body": "Earth"}, {"close_approach_date": "2088-08-13", "epoch_date_close_approach": 3743218800000, "relative_velocity": {"kilometers_per_second": "15.9155933575", "kilometers_per_hour": "57296.1360871595", "miles_per_hour": "35601.5907814908"}, "miss_distance": {"astronomical": "0.3944395303", "lunar": "153.4369659424", "kilometers": "59007312", "miles": "36665444"}, "orbiting_body": "Earth"}, {"close_approach_date": "2088-11-20", "epoch_date_close_approach": 3751776000000, "relative_velocity": {"kilometers_per_second": "10.6481283963", "kilometers_per_hour": "38333.2622266634", "miles_per_hour": "23818.7984096732"}, "miss_distance": {"astronomical": "0.4869052387", "lunar": "189.4061431885", "kilometers": "72839992", "miles": "45260672"}, "orbiting_body": "Earth"}, {"close_approach_date": "2092-03-15", "epoch_date_close_approach": 3856402800000, "relative_velocity": {"kilometers_per_second": "24.4211120551", "kilometers_per_hour": "87916.0033982149", "miles_per_hour": "54627.5855559631"}, "miss_distance": {"astronomical": "0.2823397224", "lunar": "109.8301544189", "kilometers": "42237420", "miles": "26245116"}, "orbiting_body": "Earth"}, {"close_approach_date": "2093-09-16", "epoch_date_close_approach": 3903922800000, "relative_velocity": {"kilometers_per_second": "10.8471190099", "kilometers_per_hour": "39049.6284357779", "miles_per_hour": "24263.920513331"}, "miss_distance": {"astronomical": "0.3053464156", "lunar": "118.7797622681", "kilometers": "45679176", "miles": "28383724"}, "orbiting_body": "Earth"}, {"close_approach_date": "2093-10-24", "epoch_date_close_approach": 3907206000000, "relative_velocity": {"kilometers_per_second": "7.6582409817", "kilometers_per_hour": "27569.6675341433", "miles_per_hour": "17130.7192519792"}, "miss_distance": {"astronomical": "0.3216385431", "lunar": "125.117401123", "kilometers": "48116444", "miles": "29898172"}, "orbiting_body": "Earth"}, {"close_approach_date": "2096-01-22", "epoch_date_close_approach": 3978057600000, "relative_velocity": {"kilometers_per_second": "12.9861257114", "kilometers_per_hour": "46750.0525610666", "miles_per_hour": "29048.6646038472"}, "miss_distance": {"astronomical": "0.0580557854", "lunar": "22.5837001801", "kilometers": "8685022", "miles": "5396622.5"}, "orbiting_body": "Venus"}, {"close_approach_date": "2097-03-25", "epoch_date_close_approach": 4015033200000, "relative_velocity": {"kilometers_per_second": "17.9607727947", "kilometers_per_hour": "64658.7820608977", "miles_per_hour": "40176.4526644506"}, "miss_distance": {"astronomical": "0.0701045015", "lunar": "27.2706508636", "kilometers": "10487484", "miles": "6516620.5"}, "orbiting_body": "Earth"}, {"close_approach_date": "2097-05-22", "epoch_date_close_approach": 4020044400000, "relative_velocity": {"kilometers_per_second": "12.7901543823", "kilometers_per_hour": "46044.5557762591", "miles_per_hour": "28610.2963377539"}, "miss_distance": {"astronomical": "0.137679412", "lunar": "53.5572929382", "kilometers": "20596548", "miles": "12798101"}, "orbiting_body": "Venus"}, {"close_approach_date": "2098-09-18", "epoch_date_close_approach": 4061862000000, "relative_velocity": {"kilometers_per_second": "12.7520926913", "kilometers_per_hour": "45907.5336887722", "miles_per_hour": "28525.1561412262"}, "miss_distance": {"astronomical": "0.0554964287", "lunar": "21.5881099701", "kilometers": "8302147.5", "miles": "5158715.5"}, "orbiting_body": "Venus"}, {"close_approach_date": "2098-10-22", "epoch_date_close_approach": 4064799600000, "relative_velocity": {"kilometers_per_second": "12.6192314583", "kilometers_per_hour": "45429.2332497544", "miles_per_hour": "28227.9588489932"}, "miss_distance": {"astronomical": "0.1112538405", "lunar": "43.2777442932", "kilometers": "16643338", "miles": "10341691"}, "orbiting_body": "Earth"}, {"close_approach_date": "2102-04-03", "epoch_date_close_approach": 4173490800000, "relative_velocity": {"kilometers_per_second": "12.3957781645", "kilometers_per_hour": "44624.8013921975", "miles_per_hour": "27728.1161761685"}, "miss_distance": {"astronomical": "0.1174169869", "lunar": "45.6752090454", "kilometers": "17565332", "miles": "10914591"}, "orbiting_body": "Earth"}, {"close_approach_date": "2103-11-01", "epoch_date_close_approach": 4223343600000, "relative_velocity": {"kilometers_per_second": "18.2217223938", "kilometers_per_hour": "65598.2006178078", "miles_per_hour": "40760.1708227706"}, "miss_distance": {"astronomical": "0.0816649212", "lunar": "31.7676544189", "kilometers": "12216898", "miles": "7591228.5"}, "orbiting_body": "Earth"}, {"close_approach_date": "2107-03-30", "epoch_date_close_approach": 4330911600000, "relative_velocity": {"kilometers_per_second": "7.9926772311", "kilometers_per_hour": "28773.6380320306", "miles_per_hour": "17878.8196982915"}, "miss_distance": {"astronomical": "0.3229798965", "lunar": "125.6391830444", "kilometers": "48317104", "miles": "30022858"}, "orbiting_body": "Earth"}, {"close_approach_date": "2107-05-10", "epoch_date_close_approach": 4334454000000, "relative_velocity": {"kilometers_per_second": "10.7718375401", "kilometers_per_hour": "38778.6151442394", "miles_per_hour": "24095.5233933748"}, "miss_distance": {"astronomical": "0.3084151805", "lunar": "119.9735031128", "kilometers": "46138252", "miles": "28668982"}, "orbiting_body": "Earth"}, {"close_approach_date": "2108-11-09", "epoch_date_close_approach": 4381891200000, "relative_velocity": {"kilometers_per_second": "24.549991794", "kilometers_per_hour": "88379.9704585386", "miles_per_hour": "54915.8766440847"}, "miss_distance": {"astronomical": "0.2858850281", "lunar": "111.2092819214", "kilometers": "42767792", "miles": "26574674"}, "orbiting_body": "Earth"}, {"close_approach_date": "2112-03-05", "epoch_date_close_approach": 4486608000000, "relative_velocity": {"kilometers_per_second": "10.5892256449", "kilometers_per_hour": "38121.212321694", "miles_per_hour": "23687.0388451104"}, "miss_distance": {"astronomical": "0.4814209442", "lunar": "187.2727508545", "kilometers": "72019544", "miles": "44750872"}, "orbiting_body": "Earth"}, {"close_approach_date": "2112-06-10", "epoch_date_close_approach": 4494985200000, "relative_velocity": {"kilometers_per_second": "15.7614478359", "kilometers_per_hour": "56741.2122092126", "miles_per_hour": "35256.7826641077"}, "miss_distance": {"astronomical": "0.3941240896", "lunar": "153.3142700195", "kilometers": "58960124", "miles": "36636124"}, "orbiting_body": "Earth"}, {"close_approach_date": "2113-11-19", "epoch_date_close_approach": 4540521600000, "relative_velocity": {"kilometers_per_second": "30.9587029563", "kilometers_per_hour": "111451.3306426598", "miles_per_hour": "69251.5226429349"}, "miss_distance": {"astronomical": "0.4895311221", "lunar": "190.4276123047", "kilometers": "73232816", "miles": "45504760"}, "orbiting_body": "Earth"}, {"close_approach_date": "2117-07-06", "epoch_date_close_approach": 4654998000000, "relative_velocity": {"kilometers_per_second": "17.87322943", "kilometers_per_hour": "64343.6259480914", "miles_per_hour": "39980.6269120238"}, "miss_distance": {"astronomical": "0.425241257", "lunar": "165.4188537598", "kilometers": "63615188", "miles": "39528644"}, "orbiting_body": "Earth"}, {"close_approach_date": "2122-07-30", "epoch_date_close_approach": 4814838000000, "relative_velocity": {"kilometers_per_second": "17.5192027256", "kilometers_per_hour": "63069.1298120542", "miles_per_hour": "39188.7045768289"}, "miss_distance": {"astronomical": "0.4193004452", "lunar": "163.1078643799", "kilometers": "62726452", "miles": "38976412"}, "orbiting_body": "Earth"}, {"close_approach_date": "2123-09-30", "epoch_date_close_approach": 4851730800000, "relative_velocity": {"kilometers_per_second": "12.989962923", "kilometers_per_hour": "46763.8665228706", "miles_per_hour": "29057.2480625025"}, "miss_distance": {"astronomical": "0.057869994", "lunar": "22.5114269257", "kilometers": "8657228", "miles": "5379352"}, "orbiting_body": "Venus"}, {"close_approach_date": "2125-01-27", "epoch_date_close_approach": 4893638400000, "relative_velocity": {"kilometers_per_second": "12.7713208313", "kilometers_per_hour": "45976.7549928064", "miles_per_hour": "28568.1675676135"}, "miss_distance": {"astronomical": "0.1372343884", "lunar": "53.3841781616", "kilometers": "20529972", "miles": "12756734"}, "orbiting_body": "Venus"}, {"close_approach_date": "2126-03-10", "epoch_date_close_approach": 4928803200000, "relative_velocity": {"kilometers_per_second": "28.8333933261", "kilometers_per_hour": "103800.2159738711", "miles_per_hour": "64497.4175310978"}, "miss_distance": {"astronomical": "0.4234824877", "lunar": "164.7346801758", "kilometers": "63352076", "miles": "39365156"}, "orbiting_body": "Earth"}, {"close_approach_date": "2126-05-27", "epoch_date_close_approach": 4935538800000, "relative_velocity": {"kilometers_per_second": "12.9145370052", "kilometers_per_hour": "46492.3332187196", "miles_per_hour": "28888.5278269317"}, "miss_distance": {"astronomical": "0.0523715711", "lunar": "20.3725414276", "kilometers": "7834676", "miles": "4868242"}, "orbiting_body": "Venus"}, {"close_approach_date": "2127-08-24", "epoch_date_close_approach": 4974764400000, "relative_velocity": {"kilometers_per_second": "14.7157256966", "kilometers_per_hour": "52976.6125078882", "miles_per_hour": "32917.6068108042"}, "miss_distance": {"astronomical": "0.3746392154", "lunar": "145.7346496582", "kilometers": "56045228", "miles": "34824892"}, "orbiting_body": "Earth"}, {"close_approach_date": "2127-11-16", "epoch_date_close_approach": 4982025600000, "relative_velocity": {"kilometers_per_second": "9.9473744261", "kilometers_per_hour": "35810.547933818", "miles_per_hour": "22251.2818536548"}, "miss_distance": {"astronomical": "0.4423036505", "lunar": "172.0561218262", "kilometers": "66167684", "miles": "41114692"}, "orbiting_body": "Earth"}, {"close_approach_date": "2131-03-20", "epoch_date_close_approach": 5087430000000, "relative_velocity": {"kilometers_per_second": "22.5769252457", "kilometers_per_hour": "81276.930884457", "miles_per_hour": "50502.3240820672"}, "miss_distance": {"astronomical": "0.2219694031", "lunar": "86.3460922241", "kilometers": "33206150", "miles": "20633344"}, "orbiting_body": "Earth"}, {"close_approach_date": "2132-10-04", "epoch_date_close_approach": 5136159600000, "relative_velocity": {"kilometers_per_second": "8.7756150813", "kilometers_per_hour": "31592.2142926745", "miles_per_hour": "19630.1733753565"}, "miss_distance": {"astronomical": "0.2615033395", "lunar": "101.7248001099", "kilometers": "39120344", "miles": "24308254"}, "orbiting_body": "Earth"}, {"close_approach_date": "2136-03-28", "epoch_date_close_approach": 5245974000000, "relative_velocity": {"kilometers_per_second": "16.5253845075", "kilometers_per_hour": "59491.3842271062", "miles_per_hour": "36965.6326048927"}, "miss_distance": {"astronomical": "0.0217049485", "lunar": "8.4432249069", "kilometers": "3247014", "miles": "2017601"}, "orbiting_body": "Earth"}, {"close_approach_date": "2137-10-25", "epoch_date_close_approach": 5295740400000, "relative_velocity": {"kilometers_per_second": "13.5449585015", "kilometers_per_hour": "48761.8506054212", "miles_per_hour": "30298.7176720185"}, "miss_distance": {"astronomical": "0.0814670181", "lunar": "31.6906700134", "kilometers": "12187292", "miles": "7572832.5"}, "orbiting_body": "Earth"}, {"close_approach_date": "2141-04-03", "epoch_date_close_approach": 5404258800000, "relative_velocity": {"kilometers_per_second": "12.671562779", "kilometers_per_hour": "45617.6260042898", "miles_per_hour": "28345.0187802767"}, "miss_distance": {"astronomical": "0.1081559733", "lunar": "42.0726737976", "kilometers": "16179903", "miles": "10053726"}, "orbiting_body": "Earth"}, {"close_approach_date": "2142-10-31", "epoch_date_close_approach": 5454025200000, "relative_velocity": {"kilometers_per_second": "17.4057483463", "kilometers_per_hour": "62660.694046842", "miles_per_hour": "38934.9184759391"}, "miss_distance": {"astronomical": "0.0566147377", "lunar": "22.0231323242", "kilometers": "8469444", "miles": "5262668.5"}, "orbiting_body": "Earth"}, {"close_approach_date": "2146-04-18", "epoch_date_close_approach": 5563321200000, "relative_velocity": {"kilometers_per_second": "8.3324178637", "kilometers_per_hour": "29996.704309438", "miles_per_hour": "18638.7855193838"}, "miss_distance": {"astronomical": "0.2610191193", "lunar": "101.5364303589", "kilometers": "39047904", "miles": "24263242"}, "orbiting_body": "Earth"}, {"close_approach_date": "2147-11-07", "epoch_date_close_approach": 5612400000000, "relative_velocity": {"kilometers_per_second": "22.2428081489", "kilometers_per_hour": "80074.1093360209", "miles_per_hour": "49754.9375482626"}, "miss_distance": {"astronomical": "0.2121870103", "lunar": "82.5407485962", "kilometers": "31742724", "miles": "19724014"}, "orbiting_body": "Earth"}, {"close_approach_date": "2151-03-16", "epoch_date_close_approach": 5718236400000, "relative_velocity": {"kilometers_per_second": "9.5351884822", "kilometers_per_hour": "34326.6785359496", "miles_per_hour": "21329.2631158515"}, "miss_distance": {"astronomical": "0.4103401972", "lunar": "159.6223297119", "kilometers": "61386020", "miles": "38143504"}, "orbiting_body": "Earth"}, {"close_approach_date": "2151-05-28", "epoch_date_close_approach": 5724543600000, "relative_velocity": {"kilometers_per_second": "13.7047518201", "kilometers_per_hour": "49337.1065521976", "miles_per_hour": "30656.1593462808"}, "miss_distance": {"astronomical": "0.3612296722", "lunar": "140.5183410645", "kilometers": "54039188", "miles": "33578396"}, "orbiting_body": "Earth"}, {"close_approach_date": "2152-08-27", "epoch_date_close_approach": 5764028400000, "relative_velocity": {"kilometers_per_second": "13.6462214939", "kilometers_per_hour": "49126.3973780807", "miles_per_hour": "30525.2328597302"}, "miss_distance": {"astronomical": "0.0503830331", "lunar": "19.5989990234", "kilometers": "7537194.5", "miles": "4683395.5"}, "orbiting_body": "Venus"}, {"close_approach_date": "2152-11-14", "epoch_date_close_approach": 5770857600000, "relative_velocity": {"kilometers_per_second": "27.2917895481", "kilometers_per_hour": "98250.4423731384", "miles_per_hour": "61049.0040401315"}, "miss_distance": {"astronomical": "0.3743519099", "lunar": "145.6228942871", "kilometers": "56002252", "miles": "34798184"}, "orbiting_body": "Earth"}, {"close_approach_date": "2153-12-22", "epoch_date_close_approach": 5805676800000, "relative_velocity": {"kilometers_per_second": "12.6893330015", "kilometers_per_hour": "45681.5988054364", "miles_per_hour": "28384.7689910779"}, "miss_distance": {"astronomical": "0.1362238013", "lunar": "52.9910621643", "kilometers": "20378792", "miles": "12662794"}, "orbiting_body": "Venus"}, {"close_approach_date": "2155-04-19", "epoch_date_close_approach": 5847404400000, "relative_velocity": {"kilometers_per_second": "11.7411692029", "kilometers_per_hour": "42268.2091305941", "miles_per_hour": "26263.8213900627"}, "miss_distance": {"astronomical": "0.0850951229", "lunar": "33.1020011902", "kilometers": "12730049", "miles": "7910086"}, "orbiting_body": "Venus"}, {"close_approach_date": "2156-07-29", "epoch_date_close_approach": 5887753200000, "relative_velocity": {"kilometers_per_second": "19.63585744", "kilometers_per_hour": "70689.0867840158", "miles_per_hour": "43923.4495075458"}, "miss_distance": {"astronomical": "0.1069996603", "lunar": "41.6228675842", "kilometers": "16006921", "miles": "9946240"}, "orbiting_body": "Venus"}, {"close_approach_date": "2170-03-08", "epoch_date_close_approach": 6317164800000, "relative_velocity": {"kilometers_per_second": "30.5265776268", "kilometers_per_hour": "109895.6794564321", "miles_per_hour": "68284.9014933592"}, "miss_distance": {"astronomical": "0.4766865866", "lunar": "185.4310913086", "kilometers": "71311304", "miles": "44310788"}, "orbiting_body": "Earth"}, {"close_approach_date": "2171-11-22", "epoch_date_close_approach": 6371078400000, "relative_velocity": {"kilometers_per_second": "10.6325408137", "kilometers_per_hour": "38277.1469293992", "miles_per_hour": "23783.9305462147"}, "miss_distance": {"astronomical": "0.4847796893", "lunar": "188.5792999268", "kilometers": "72522008", "miles": "45063088"}, "orbiting_body": "Earth"}, {"close_approach_date": "2175-03-16", "epoch_date_close_approach": 6475618800000, "relative_velocity": {"kilometers_per_second": "25.4167596083", "kilometers_per_hour": "91500.3345900589", "miles_per_hour": "56854.7495679174"}, "miss_distance": {"astronomical": "0.3137518726", "lunar": "122.0494766235", "kilometers": "46936612", "miles": "29165060"}, "orbiting_body": "Earth"}, {"close_approach_date": "2176-11-05", "epoch_date_close_approach": 6527462400000, "relative_velocity": {"kilometers_per_second": "8.6707986404", "kilometers_per_hour": "31214.8751055241", "miles_per_hour": "19395.709478763"}, "miss_distance": {"astronomical": "0.3642678939", "lunar": "141.7002105713", "kilometers": "54493700", "miles": "33860816"}, "orbiting_body": "Earth"}, {"close_approach_date": "2180-03-23", "epoch_date_close_approach": 6634076400000, "relative_velocity": {"kilometers_per_second": "20.3576000387", "kilometers_per_hour": "73287.3601392732", "miles_per_hour": "45537.9155265389"}, "miss_distance": {"astronomical": "0.1488809306", "lunar": "57.914680481", "kilometers": "22272270", "miles": "13839347"}, "orbiting_body": "Earth"}, {"close_approach_date": "2181-07-23", "epoch_date_close_approach": 6676153200000, "relative_velocity": {"kilometers_per_second": "15.864472333", "kilometers_per_hour": "57112.1003988238", "miles_per_hour": "35487.2381617025"}, "miss_distance": {"astronomical": "0.0514318691", "lunar": "20.0069961548", "kilometers": "7694098", "miles": "4780891"}, "orbiting_body": "Venus"}, {"close_approach_date": "2181-10-19", "epoch_date_close_approach": 6683756400000, "relative_velocity": {"kilometers_per_second": "9.845994472", "kilometers_per_hour": "35445.5800991576", "miles_per_hour": "22024.5050343905"}, "miss_distance": {"astronomical": "0.2043272203", "lunar": "79.483291626", "kilometers": "30566918", "miles": "18993402"}, "orbiting_body": "Earth"}, {"close_approach_date": "2185-03-29", "epoch_date_close_approach": 6792361200000, "relative_velocity": {"kilometers_per_second": "16.1744886218", "kilometers_per_hour": "58228.1590385192", "miles_per_hour": "36180.7135981288"}, "miss_distance": {"astronomical": "0.0096478077", "lunar": "3.7529973984", "kilometers": "1443291.5", "miles": "896819.8125"}, "orbiting_body": "Earth"}, {"close_approach_date": "2185-03-29", "epoch_date_close_approach": 6792361200000, "relative_velocity": {"kilometers_per_second": "15.6401657838", "kilometers_per_hour": "56304.5968218092", "miles_per_hour": "34985.4868418625"}, "miss_distance": {"astronomical": "0.0082151839", "lunar": "3.1957066059", "kilometers": "1228974.125", "miles": "763649.125"}, "orbiting_body": "Moon"}, {"close_approach_date": "2185-06-24", "epoch_date_close_approach": 6799878000000, "relative_velocity": {"kilometers_per_second": "15.7922101728", "kilometers_per_hour": "56851.9566221138", "miles_per_hour": "35325.5949355573"}, "miss_distance": {"astronomical": "0.0403105041", "lunar": "15.6807870865", "kilometers": "6030366", "miles": "3747095.75"}, "orbiting_body": "Venus"}], "orbital_data": {"orbit_id": "88", "orbit_determination_date": "2017-04-06 09:21:39", "orbit_uncertainty": "0", "minimum_orbit_intersection": ".0025135", "jupiter_tisserand_invariant": "5.296", "epoch_osculation": "2456476.5", "eccentricity": ".4929375450586259", "semi_major_axis": "1.162865914884548", "inclination": "3.136577373610845", "ascending_node_longitude": "9.552332932608866", "orbital_period": "458.0289073950145", "perihelion_distance": ".5896456455690059", "perihelion_argument": "281.2393749649252", "aphelion_distance": "1.736086184200091", "perihelion_time": "2456351.077638227952", "mean_anomaly": "98.57904055605192", "mean_motion": ".7859765927165114", "equinox": "J2000"}}