{"links": {"self": "https://api.nasa.gov/neo/rest/v1/neo/2413989?api_key=stjNMXvPIBN6FqEBpH6hQbWAtFDv0RARRez0p7z1"}, "neo_reference_id": "2413989", "name": "413989 (2007 EL88)", "nasa_jpl_url": "http://ssd.jpl.nasa.gov/sbdb.cgi?sstr=2413989", "absolute_magnitude_h": 19.0, "estimated_diameter": {"kilometers": {"estimated_diameter_min": 0.4212646106, "estimated_diameter_max": 0.9419763057}, "meters": {"estimated_diameter_min": 421.2646105562, "estimated_diameter_max": 941.9763057186}, "miles": {"estimated_diameter_min": 0.2617616123, "estimated_diameter_max": 0.5853167591}, "feet": {"estimated_diameter_min": 1382.1017848971, "estimated_diameter_max": 3090.4735428537}}, "is_potentially_hazardous_asteroid": true, "close_approach_data": [{"close_approach_date": "1904-03-27", "epoch_date_close_approach": -2075385600000, "relative_velocity": {"kilometers_per_second": "31.8585839497", "kilometers_per_hour": "114690.9022189906", "miles_per_hour": "71264.4664371278"}, "miss_distance": {"astronomical": "0.3659046125", "lunar": "142.3368835449", "kilometers": "54738548", "miles": "34012956"}, "orbiting_body": "Earth"}, {"close_approach_date": "1906-10-29", "epoch_date_close_approach": -1993651200000, "relative_velocity": {"kilometers_per_second": "23.8762272314", "kilometers_per_hour": "85954.4180329064", "miles_per_hour": "53408.7326938357"}, "miss_distance": {"astronomical": "0.1088913073", "lunar": "42.3587188721", "kilometers": "16289908", "miles": "10122080"}, "orbiting_body": "Venus"}, {"close_approach_date": "1906-11-09", "epoch_date_close_approach": -1992700800000, "relative_velocity": {"kilometers_per_second": "25.7685406097", "kilometers_per_hour": "92766.7461948545", "miles_per_hour": "57641.6484897972"}, "miss_distance": {"astronomical": "0.2837205574", "lunar": "110.3672943115", "kilometers": "42443992", "miles": "26373474"}, "orbiting_body": "Earth"}, {"close_approach_date": "1911-04-16", "epoch_date_close_approach": -1852819200000, "relative_velocity": {"kilometers_per_second": "17.4745270952", "kilometers_per_hour": "62908.2975426937", "miles_per_hour": "39088.7696592365"}, "miss_distance": {"astronomical": "0.2622222021", "lunar": "102.0044326782", "kilometers": "39227884", "miles": "24375076"}, "orbiting_body": "Earth"}, {"close_approach_date": "1912-09-28", "epoch_date_close_approach": -1806940800000, "relative_velocity": {"kilometers_per_second": "22.5294509319", "kilometers_per_hour": "81106.0233546737", "miles_per_hour": "50396.1287894638"}, "miss_distance": {"astronomical": "0.3983643931", "lunar": "154.9637451172", "kilometers": "59594464", "miles": "37030284"}, "orbiting_body": "Earth"}, {"close_approach_date": "1917-04-03", "epoch_date_close_approach": -1664553600000, "relative_velocity": {"kilometers_per_second": "27.1976339727", "kilometers_per_hour": "97911.4823015742", "miles_per_hour": "60838.387433442"}, "miss_distance": {"astronomical": "0.1985745403", "lunar": "77.2454986572", "kilometers": "29706330", "miles": "18458658"}, "orbiting_body": "Earth"}, {"close_approach_date": "1919-11-20", "epoch_date_close_approach": -1581523200000, "relative_velocity": {"kilometers_per_second": "29.4011040765", "kilometers_per_hour": "105843.9746753586", "miles_per_hour": "65767.3297086971"}, "miss_distance": {"astronomical": "0.37164667", "lunar": "144.5705566406", "kilometers": "55597552", "miles": "34546716"}, "orbiting_body": "Earth"}, {"close_approach_date": "1922-03-23", "epoch_date_close_approach": -1507737600000, "relative_velocity": {"kilometers_per_second": "27.4599070251", "kilometers_per_hour": "98855.6652904928", "miles_per_hour": "61425.0660245287"}, "miss_distance": {"astronomical": "0.0382654813", "lunar": "14.8852720261", "kilometers": "5724434.5", "miles": "3556998.75"}, "orbiting_body": "Venus"}, {"close_approach_date": "1924-04-12", "epoch_date_close_approach": -1442851200000, "relative_velocity": {"kilometers_per_second": "16.1093531214", "kilometers_per_hour": "57993.6712370148", "miles_per_hour": "36035.011997244"}, "miss_distance": {"astronomical": "0.4262551118", "lunar": "165.8132324219", "kilometers": "63766856", "miles": "39622888"}, "orbiting_body": "Earth"}, {"close_approach_date": "1925-10-16", "epoch_date_close_approach": -1395158400000, "relative_velocity": {"kilometers_per_second": "22.4524788265", "kilometers_per_hour": "80828.9237753633", "miles_per_hour": "50223.949886975"}, "miss_distance": {"astronomical": "0.3095785257", "lunar": "120.4260482788", "kilometers": "46312292", "miles": "28777124"}, "orbiting_body": "Earth"}, {"close_approach_date": "1930-04-10", "epoch_date_close_approach": -1253721600000, "relative_velocity": {"kilometers_per_second": "22.6188346332", "kilometers_per_hour": "81427.8046796546", "miles_per_hour": "50596.0711910887"}, "miss_distance": {"astronomical": "0.0349555079", "lunar": "13.5976934433", "kilometers": "5229270", "miles": "3249317.5"}, "orbiting_body": "Earth"}, {"close_approach_date": "1936-03-23", "epoch_date_close_approach": -1065888000000, "relative_velocity": {"kilometers_per_second": "34.6964978591", "kilometers_per_hour": "124907.3922926059", "miles_per_hour": "77612.5960609251"}, "miss_distance": {"astronomical": "0.4623183396", "lunar": "179.8418273926", "kilometers": "69161840", "miles": "42975176"}, "orbiting_body": "Earth"}, {"close_approach_date": "1938-11-01", "epoch_date_close_approach": -983548800000, "relative_velocity": {"kilometers_per_second": "24.1342181607", "kilometers_per_hour": "86883.185378651", "miles_per_hour": "53985.8326037513"}, "miss_distance": {"astronomical": "0.267488659", "lunar": "104.0530853271", "kilometers": "40015736", "miles": "24864624"}, "orbiting_body": "Earth"}, {"close_approach_date": "1943-04-15", "epoch_date_close_approach": -843066000000, "relative_velocity": {"kilometers_per_second": "19.0311537777", "kilometers_per_hour": "68512.1535998413", "miles_per_hour": "42570.7878854125"}, "miss_distance": {"astronomical": "0.1643014273", "lunar": "63.9132537842", "kilometers": "24579144", "miles": "15272772"}, "orbiting_body": "Earth"}, {"close_approach_date": "1944-09-17", "epoch_date_close_approach": -798051600000, "relative_velocity": {"kilometers_per_second": "23.0399221995", "kilometers_per_hour": "82943.7199183084", "miles_per_hour": "51538.0019681289"}, "miss_distance": {"astronomical": "0.4506128255", "lunar": "175.2883911133", "kilometers": "67410720", "miles": "41887080"}, "orbiting_body": "Earth"}, {"close_approach_date": "1949-03-30", "epoch_date_close_approach": -655056000000, "relative_velocity": {"kilometers_per_second": "29.8093206223", "kilometers_per_hour": "107313.5542401043", "miles_per_hour": "66680.4692999137"}, "miss_distance": {"astronomical": "0.2936048953", "lunar": "114.2122955322", "kilometers": "43922664", "miles": "27292278"}, "orbiting_body": "Earth"}, {"close_approach_date": "1951-11-14", "epoch_date_close_approach": -572198400000, "relative_velocity": {"kilometers_per_second": "27.278543228", "kilometers_per_hour": "98202.7556207917", "miles_per_hour": "61019.3733467081"}, "miss_distance": {"astronomical": "0.316422241", "lunar": "123.0882568359", "kilometers": "47336096", "miles": "29413286"}, "orbiting_body": "Earth"}, {"close_approach_date": "1954-03-17", "epoch_date_close_approach": -498412800000, "relative_velocity": {"kilometers_per_second": "26.2369804491", "kilometers_per_hour": "94453.1296167013", "miles_per_hour": "58689.5015665553"}, "miss_distance": {"astronomical": "0.0329957192", "lunar": "12.8353347778", "kilometers": "4936089.5", "miles": "3067143.75"}, "orbiting_body": "Venus"}, {"close_approach_date": "1956-04-15", "epoch_date_close_approach": -432748800000, "relative_velocity": {"kilometers_per_second": "16.6756029685", "kilometers_per_hour": "60032.170686465", "miles_per_hour": "37301.6562801538"}, "miss_distance": {"astronomical": "0.3345227412", "lunar": "130.1293487549", "kilometers": "50043892", "miles": "31095832"}, "orbiting_body": "Earth"}, {"close_approach_date": "1957-10-06", "epoch_date_close_approach": -386179200000, "relative_velocity": {"kilometers_per_second": "22.3578030795", "kilometers_per_hour": "80488.0910860938", "miles_per_hour": "50012.1697084676"}, "miss_distance": {"astronomical": "0.358953554", "lunar": "139.6329345703", "kilometers": "53698688", "miles": "33366818"}, "orbiting_body": "Earth"}, {"close_approach_date": "1962-04-06", "epoch_date_close_approach": -244224000000, "relative_velocity": {"kilometers_per_second": "25.4296922201", "kilometers_per_hour": "91546.8919925289", "miles_per_hour": "56883.6785272466"}, "miss_distance": {"astronomical": "0.1318228761", "lunar": "51.279094696", "kilometers": "19720420", "miles": "12253701"}, "orbiting_body": "Earth"}, {"close_approach_date": "1964-11-24", "epoch_date_close_approach": -161020800000, "relative_velocity": {"kilometers_per_second": "30.9904870281", "kilometers_per_hour": "111565.7533012583", "miles_per_hour": "69322.620433218"}, "miss_distance": {"astronomical": "0.4186255111", "lunar": "162.8453216553", "kilometers": "62625484", "miles": "38913672"}, "orbiting_body": "Earth"}, {"close_approach_date": "1969-04-10", "epoch_date_close_approach": -22953600000, "relative_velocity": {"kilometers_per_second": "16.0322293941", "kilometers_per_hour": "57716.025818755", "miles_per_hour": "35862.4939316592"}, "miss_distance": {"astronomical": "0.4728116015", "lunar": "183.9237213135", "kilometers": "70731608", "miles": "43950584"}, "orbiting_body": "Earth"}, {"close_approach_date": "1969-08-08", "epoch_date_close_approach": -12589200000, "relative_velocity": {"kilometers_per_second": "29.698537521", "kilometers_per_hour": "106914.7350757102", "miles_per_hour": "66432.6585807934"}, "miss_distance": {"astronomical": "0.0976306676", "lunar": "37.9783287048", "kilometers": "14605340", "miles": "9075337"}, "orbiting_body": "Venus"}, {"close_approach_date": "1970-10-21", "epoch_date_close_approach": 25340400000, "relative_velocity": {"kilometers_per_second": "22.7569514854", "kilometers_per_hour": "81925.0253473198", "miles_per_hour": "50905.0247776165"}, "miss_distance": {"astronomical": "0.2902174015", "lunar": "112.894569397", "kilometers": "43415904", "miles": "26977392"}, "orbiting_body": "Earth"}, {"close_approach_date": "1975-04-12", "epoch_date_close_approach": 166518000000, "relative_velocity": {"kilometers_per_second": "21.7685209455", "kilometers_per_hour": "78366.6754038969", "miles_per_hour": "48694.0045030491"}, "miss_distance": {"astronomical": "0.0427991938", "lunar": "16.6488857269", "kilometers": "6402668.5", "miles": "3978433.5"}, "orbiting_body": "Earth"}, {"close_approach_date": "1981-03-25", "epoch_date_close_approach": 354355200000, "relative_velocity": {"kilometers_per_second": "33.4814125992", "kilometers_per_hour": "120533.0853570674", "miles_per_hour": "74894.5718431178"}, "miss_distance": {"astronomical": "0.4219392662", "lunar": "164.1343688965", "kilometers": "63121216", "miles": "39221704"}, "orbiting_body": "Earth"}, {"close_approach_date": "1983-11-05", "epoch_date_close_approach": 436867200000, "relative_velocity": {"kilometers_per_second": "24.8201832872", "kilometers_per_hour": "89352.6598340989", "miles_per_hour": "55520.2679952489"}, "miss_distance": {"astronomical": "0.2717248461", "lunar": "105.7009658813", "kilometers": "40649460", "miles": "25258402"}, "orbiting_body": "Earth"}, {"close_approach_date": "1986-03-09", "epoch_date_close_approach": 510739200000, "relative_velocity": {"kilometers_per_second": "24.0040503278", "kilometers_per_hour": "86414.5811800606", "miles_per_hour": "53694.6601782437"}, "miss_distance": {"astronomical": "0.1046273546", "lunar": "40.7000427246", "kilometers": "15652030", "miles": "9725720"}, "orbiting_body": "Venus"}, {"close_approach_date": "1988-04-15", "epoch_date_close_approach": 577090800000, "relative_velocity": {"kilometers_per_second": "18.2514533031", "kilometers_per_hour": "65705.2318910822", "miles_per_hour": "40826.6758936561"}, "miss_distance": {"astronomical": "0.2105707326", "lunar": "81.9120178223", "kilometers": "31500934", "miles": "19573774"}, "orbiting_body": "Earth"}, {"close_approach_date": "1989-09-23", "epoch_date_close_approach": 622537200000, "relative_velocity": {"kilometers_per_second": "22.7996439586", "kilometers_per_hour": "82078.7182508218", "miles_per_hour": "51000.5235709064"}, "miss_distance": {"astronomical": "0.4253633453", "lunar": "165.4663391113", "kilometers": "63633448", "miles": "39539992"}, "orbiting_body": "Earth"}, {"close_approach_date": "1994-04-02", "epoch_date_close_approach": 765273600000, "relative_velocity": {"kilometers_per_second": "28.5578001974", "kilometers_per_hour": "102808.0807105788", "miles_per_hour": "63880.943261526"}, "miss_distance": {"astronomical": "0.2489315914", "lunar": "96.8343887329", "kilometers": "37239636", "miles": "23139636"}, "orbiting_body": "Earth"}, {"close_approach_date": "1996-11-17", "epoch_date_close_approach": 848217600000, "relative_velocity": {"kilometers_per_second": "28.3196900711", "kilometers_per_hour": "101950.8842558459", "miles_per_hour": "63348.3147199727"}, "miss_distance": {"astronomical": "0.3430616335", "lunar": "133.4509735107", "kilometers": "51321288", "miles": "31889570"}, "orbiting_body": "Earth"}, {"close_approach_date": "2001-04-14", "epoch_date_close_approach": 987231600000, "relative_velocity": {"kilometers_per_second": "16.3496541129", "kilometers_per_hour": "58858.7548063824", "miles_per_hour": "36572.5412851102"}, "miss_distance": {"astronomical": "0.3792946752", "lunar": "147.5456237793", "kilometers": "56741676", "miles": "35257640"}, "orbiting_body": "Earth"}, {"close_approach_date": "2001-08-02", "epoch_date_close_approach": 996735600000, "relative_velocity": {"kilometers_per_second": "27.9099780443", "kilometers_per_hour": "100475.9209593652", "miles_per_hour": "62431.8298872233"}, "miss_distance": {"astronomical": "0.0492890839", "lunar": "19.1734542847", "kilometers": "7373542", "miles": "4581706.5"}, "orbiting_body": "Venus"}, {"close_approach_date": "2002-10-12", "epoch_date_close_approach": 1034406000000, "relative_velocity": {"kilometers_per_second": "22.3708368793", "kilometers_per_hour": "80535.0127654955", "miles_per_hour": "50041.3250153158"}, "miss_distance": {"astronomical": "0.332154617", "lunar": "129.2081451416", "kilometers": "49689628", "miles": "30875702"}, "orbiting_body": "Earth"}, {"close_approach_date": "2007-04-09", "epoch_date_close_approach": 1176102000000, "relative_velocity": {"kilometers_per_second": "23.7610055695", "kilometers_per_hour": "85539.620050241", "miles_per_hour": "53150.9933584401"}, "miss_distance": {"astronomical": "0.0696814694", "lunar": "27.106092453", "kilometers": "10424200", "miles": "6477297.5"}, "orbiting_body": "Earth"}, {"close_approach_date": "2009-11-29", "epoch_date_close_approach": 1259481600000, "relative_velocity": {"kilometers_per_second": "32.8696726089", "kilometers_per_hour": "118330.8213920062", "miles_per_hour": "73526.1706588274"}, "miss_distance": {"astronomical": "0.4750287455", "lunar": "184.7861785889", "kilometers": "71063288", "miles": "44156680"}, "orbiting_body": "Earth"}, {"close_approach_date": "2015-10-29", "epoch_date_close_approach": 1446102000000, "relative_velocity": {"kilometers_per_second": "23.5976606526", "kilometers_per_hour": "84951.5783494219", "miles_per_hour": "52785.6071138394"}, "miss_distance": {"astronomical": "0.2707971709", "lunar": "105.34009552", "kilometers": "40510680", "miles": "25172170"}, "orbiting_body": "Earth"}, {"close_approach_date": "2018-03-04", "epoch_date_close_approach": 1520150400000, "relative_velocity": {"kilometers_per_second": "23.2605153021", "kilometers_per_hour": "83737.8550876608", "miles_per_hour": "52031.4466793301"}, "miss_distance": {"astronomical": "0.1379246797", "lunar": "53.6527023315", "kilometers": "20633240", "miles": "12820901"}, "orbiting_body": "Venus"}, {"close_approach_date": "2020-04-14", "epoch_date_close_approach": 1586847600000, "relative_velocity": {"kilometers_per_second": "19.8275977012", "kilometers_per_hour": "71379.3517241663", "miles_per_hour": "44352.3532977188"}, "miss_distance": {"astronomical": "0.1238765742", "lunar": "48.1879882812", "kilometers": "18531672", "miles": "11515047"}, "orbiting_body": "Earth"}, {"close_approach_date": "2021-09-14", "epoch_date_close_approach": 1631602800000, "relative_velocity": {"kilometers_per_second": "23.2957480151", "kilometers_per_hour": "83864.6928542722", "miles_per_hour": "52110.2587349226"}, "miss_distance": {"astronomical": "0.470067987", "lunar": "182.8564453125", "kilometers": "70321168", "miles": "43695548"}, "orbiting_body": "Earth"}, {"close_approach_date": "2026-03-29", "epoch_date_close_approach": 1774767600000, "relative_velocity": {"kilometers_per_second": "30.8847201532", "kilometers_per_hour": "111184.9925516903", "miles_per_hour": "69086.0305107989"}, "miss_distance": {"astronomical": "0.3330204914", "lunar": "129.5449676514", "kilometers": "49819156", "miles": "30956188"}, "orbiting_body": "Earth"}, {"close_approach_date": "2028-11-11", "epoch_date_close_approach": 1857542400000, "relative_velocity": {"kilometers_per_second": "26.537897751", "kilometers_per_hour": "95536.4319037138", "miles_per_hour": "59362.6234792826"}, "miss_distance": {"astronomical": "0.3007293518", "lunar": "116.9837188721", "kilometers": "44988472", "miles": "27954542"}, "orbiting_body": "Earth"}, {"close_approach_date": "2033-04-16", "epoch_date_close_approach": 1997247600000, "relative_velocity": {"kilometers_per_second": "17.0019651253", "kilometers_per_hour": "61207.0744509227", "miles_per_hour": "38031.6957886858"}, "miss_distance": {"astronomical": "0.3025970278", "lunar": "117.7102355957", "kilometers": "45267868", "miles": "28128150"}, "orbiting_body": "Earth"}, {"close_approach_date": "2033-07-28", "epoch_date_close_approach": 2006146800000, "relative_velocity": {"kilometers_per_second": "27.1309713116", "kilometers_per_hour": "97671.4967216502", "miles_per_hour": "60689.2697268498"}, "miss_distance": {"astronomical": "0.033306542", "lunar": "12.9562454224", "kilometers": "4982588", "miles": "3096036.5"}, "orbiting_body": "Venus"}, {"close_approach_date": "2034-10-04", "epoch_date_close_approach": 2043558000000, "relative_velocity": {"kilometers_per_second": "22.4436442793", "kilometers_per_hour": "80797.1194054498", "miles_per_hour": "50204.1878883474"}, "miss_distance": {"astronomical": "0.3725718353", "lunar": "144.9304351807", "kilometers": "55735952", "miles": "34632716"}, "orbiting_body": "Earth"}, {"close_approach_date": "2039-04-06", "epoch_date_close_approach": 2185686000000, "relative_velocity": {"kilometers_per_second": "25.6708735622", "kilometers_per_hour": "92415.1448239672", "miles_per_hour": "57423.1770713145"}, "miss_distance": {"astronomical": "0.1425022068", "lunar": "55.4333572388", "kilometers": "21318026", "miles": "13246407"}, "orbiting_body": "Earth"}, {"close_approach_date": "2041-11-24", "epoch_date_close_approach": 2268892800000, "relative_velocity": {"kilometers_per_second": "31.0283757116", "kilometers_per_hour": "111702.1525618741", "miles_per_hour": "69407.3736293489"}, "miss_distance": {"astronomical": "0.4205011637", "lunar": "163.5749511719", "kilometers": "62906080", "miles": "39088028"}, "orbiting_body": "Earth"}, {"close_approach_date": "2046-04-10", "epoch_date_close_approach": 2406956400000, "relative_velocity": {"kilometers_per_second": "16.0473546943", "kilometers_per_hour": "57770.4768993468", "miles_per_hour": "35896.3277155969"}, "miss_distance": {"astronomical": "0.4879780452", "lunar": "189.8234558105", "kilometers": "73000480", "miles": "45360392"}, "orbiting_body": "Earth"}, {"close_approach_date": "2047-10-24", "epoch_date_close_approach": 2455513200000, "relative_velocity": {"kilometers_per_second": "22.974425739", "kilometers_per_hour": "82707.9326604842", "miles_per_hour": "51391.4929356214"}, "miss_distance": {"astronomical": "0.2835178427", "lunar": "110.2884368896", "kilometers": "42413664", "miles": "26354630"}, "orbiting_body": "Earth"}, {"close_approach_date": "2050-02-28", "epoch_date_close_approach": 2529648000000, "relative_velocity": {"kilometers_per_second": "23.286261246", "kilometers_per_hour": "83830.5404857375", "miles_per_hour": "52089.0377812629"}, "miss_distance": {"astronomical": "0.1372549533", "lunar": "53.3921775818", "kilometers": "20533048", "miles": "12758645"}, "orbiting_body": "Venus"}, {"close_approach_date": "2052-04-12", "epoch_date_close_approach": 2596518000000, "relative_velocity": {"kilometers_per_second": "20.9598316838", "kilometers_per_hour": "75455.394061635", "miles_per_hour": "46885.0474934643"}, "miss_distance": {"astronomical": "0.0722115576", "lunar": "28.0902957916", "kilometers": "10802695", "miles": "6712483.5"}, "orbiting_body": "Earth"}, {"close_approach_date": "2053-09-08", "epoch_date_close_approach": 2640927600000, "relative_velocity": {"kilometers_per_second": "23.55258769", "kilometers_per_hour": "84789.3156840126", "miles_per_hour": "52684.7834037688"}, "miss_distance": {"astronomical": "0.4946498201", "lunar": "192.4187774658", "kilometers": "73998560", "miles": "45980576"}, "orbiting_body": "Earth"}, {"close_approach_date": "2058-03-28", "epoch_date_close_approach": 2784524400000, "relative_velocity": {"kilometers_per_second": "32.0720936488", "kilometers_per_hour": "115459.5371358402", "miles_per_hour": "71742.0662831003"}, "miss_distance": {"astronomical": "0.3745321364", "lunar": "145.6929931641", "kilometers": "56029212", "miles": "34814936"}, "orbiting_body": "Earth"}, {"close_approach_date": "2060-11-09", "epoch_date_close_approach": 2867212800000, "relative_velocity": {"kilometers_per_second": "25.8367865361", "kilometers_per_hour": "93012.4315298617", "miles_per_hour": "57794.307802541"}, "miss_distance": {"astronomical": "0.2871278259", "lunar": "111.6927261353", "kilometers": "42953712", "miles": "26690198"}, "orbiting_body": "Earth"}, {"close_approach_date": "2065-04-16", "epoch_date_close_approach": 3007090800000, "relative_velocity": {"kilometers_per_second": "17.2985362525", "kilometers_per_hour": "62274.7305091782", "miles_per_hour": "38695.095743328"}, "miss_distance": {"astronomical": "0.2768470189", "lunar": "107.6934814453", "kilometers": "41415724", "miles": "25734538"}, "orbiting_body": "Earth"}, {"close_approach_date": "2065-07-26", "epoch_date_close_approach": 3015817200000, "relative_velocity": {"kilometers_per_second": "28.4908357102", "kilometers_per_hour": "102567.0085566466", "miles_per_hour": "63731.1504001007"}, "miss_distance": {"astronomical": "0.0648765169", "lunar": "25.2369651794", "kilometers": "9705389", "miles": "6030649.5"}, "orbiting_body": "Venus"}, {"close_approach_date": "2066-10-02", "epoch_date_close_approach": 3053228400000, "relative_velocity": {"kilometers_per_second": "22.5242813235", "kilometers_per_hour": "81087.4127646663", "miles_per_hour": "50384.5648925783"}, "miss_distance": {"astronomical": "0.3844348051", "lunar": "149.5451507568", "kilometers": "57510632", "miles": "35735448"}, "orbiting_body": "Earth"}, {"close_approach_date": "2071-04-06", "epoch_date_close_approach": 3195529200000, "relative_velocity": {"kilometers_per_second": "26.0253863325", "kilometers_per_hour": "93691.3907969496", "miles_per_hour": "58216.1866871379"}, "miss_distance": {"astronomical": "0.1565700168", "lunar": "60.9057350159", "kilometers": "23422542", "miles": "14554092"}, "orbiting_body": "Earth"}, {"close_approach_date": "2073-11-24", "epoch_date_close_approach": 3278736000000, "relative_velocity": {"kilometers_per_second": "30.8217171465", "kilometers_per_hour": "110958.1817272297", "miles_per_hour": "68945.0990849"}, "miss_distance": {"astronomical": "0.4151686222", "lunar": "161.5005950928", "kilometers": "62108340", "miles": "38592332"}, "orbiting_body": "Earth"}, {"close_approach_date": "2078-04-10", "epoch_date_close_approach": 3416799600000, "relative_velocity": {"kilometers_per_second": "16.0607656518", "kilometers_per_hour": "57818.7563465059", "miles_per_hour": "35926.3266865275"}, "miss_distance": {"astronomical": "0.4891347017", "lunar": "190.2733917236", "kilometers": "73173512", "miles": "45467912"}, "orbiting_body": "Earth"}, {"close_approach_date": "2079-10-24", "epoch_date_close_approach": 3465356400000, "relative_velocity": {"kilometers_per_second": "23.0334759234", "kilometers_per_hour": "82920.5133243318", "miles_per_hour": "51523.5822931105"}, "miss_distance": {"astronomical": "0.2823216408", "lunar": "109.8231124878", "kilometers": "42234716", "miles": "26243436"}, "orbiting_body": "Earth"}, {"close_approach_date": "2082-03-01", "epoch_date_close_approach": 3539577600000, "relative_velocity": {"kilometers_per_second": "25.3876248971", "kilometers_per_hour": "91395.4496293883", "miles_per_hour": "56789.5781322163"}, "miss_distance": {"astronomical": "0.0549949985", "lunar": "21.3930549622", "kilometers": "8227135", "miles": "5112104.5"}, "orbiting_body": "Venus"}, {"close_approach_date": "2084-04-13", "epoch_date_close_approach": 3606447600000, "relative_velocity": {"kilometers_per_second": "20.7002842915", "kilometers_per_hour": "74521.0234495221", "miles_per_hour": "46304.4659317322"}, "miss_distance": {"astronomical": "0.0830749208", "lunar": "32.3161430359", "kilometers": "12427831", "miles": "7722296.5"}, "orbiting_body": "Earth"}, {"close_approach_date": "2085-09-10", "epoch_date_close_approach": 3650943600000, "relative_velocity": {"kilometers_per_second": "23.5082739348", "kilometers_per_hour": "84629.7861652231", "miles_per_hour": "52585.6579647188"}, "miss_distance": {"astronomical": "0.487909874", "lunar": "189.7969512939", "kilometers": "72990280", "miles": "45354056"}, "orbiting_body": "Earth"}, {"close_approach_date": "2090-03-28", "epoch_date_close_approach": 3794367600000, "relative_velocity": {"kilometers_per_second": "31.6014895571", "kilometers_per_hour": "113765.3624055046", "miles_per_hour": "70689.3719902426"}, "miss_distance": {"astronomical": "0.3582801195", "lunar": "139.3709716797", "kilometers": "53597944", "miles": "33304218"}, "orbiting_body": "Earth"}, {"close_approach_date": "2092-11-10", "epoch_date_close_approach": 3877142400000, "relative_velocity": {"kilometers_per_second": "26.2365115557", "kilometers_per_hour": "94451.4416003774", "miles_per_hour": "58688.4526988568"}, "miss_distance": {"astronomical": "0.2950465497", "lunar": "114.7731018066", "kilometers": "44138336", "miles": "27426290"}, "orbiting_body": "Earth"}, {"close_approach_date": "2097-04-16", "epoch_date_close_approach": 4016934000000, "relative_velocity": {"kilometers_per_second": "17.0488595828", "kilometers_per_hour": "61375.8944979976", "miles_per_hour": "38136.5940007141"}, "miss_distance": {"astronomical": "0.2995453747", "lunar": "116.5231552124", "kilometers": "44811352", "miles": "27844482"}, "orbiting_body": "Earth"}, {"close_approach_date": "2098-10-04", "epoch_date_close_approach": 4063244400000, "relative_velocity": {"kilometers_per_second": "22.4756001783", "kilometers_per_hour": "80912.1606418998", "miles_per_hour": "50275.6700388516"}, "miss_distance": {"astronomical": "0.37176432", "lunar": "144.616317749", "kilometers": "55615152", "miles": "34557652"}, "orbiting_body": "Earth"}, {"close_approach_date": "2103-04-08", "epoch_date_close_approach": 4205458800000, "relative_velocity": {"kilometers_per_second": "25.5341338363", "kilometers_per_hour": "91922.8818106786", "miles_per_hour": "57117.3039784186"}, "miss_distance": {"astronomical": "0.1379246446", "lunar": "53.6526870728", "kilometers": "20633232", "miles": "12820896"}, "orbiting_body": "Earth"}, {"close_approach_date": "2105-11-26", "epoch_date_close_approach": 4288665600000, "relative_velocity": {"kilometers_per_second": "31.26362002", "kilometers_per_hour": "112549.0320719968", "miles_per_hour": "69933.591622736"}, "miss_distance": {"astronomical": "0.4288540252", "lunar": "166.82421875", "kilometers": "64155648", "miles": "39864472"}, "orbiting_body": "Earth"}, {"close_approach_date": "2110-04-10", "epoch_date_close_approach": 4426556400000, "relative_velocity": {"kilometers_per_second": "16.0581107547", "kilometers_per_hour": "57809.1987169535", "miles_per_hour": "35920.3879472092"}, "miss_distance": {"astronomical": "0.499256438", "lunar": "194.2107543945", "kilometers": "74687696", "miles": "46408784"}, "orbiting_body": "Earth"}, {"close_approach_date": "2111-10-26", "epoch_date_close_approach": 4475286000000, "relative_velocity": {"kilometers_per_second": "23.1519525243", "kilometers_per_hour": "83347.0290876269", "miles_per_hour": "51788.6026016979"}, "miss_distance": {"astronomical": "0.2794663962", "lunar": "108.7124252319", "kilometers": "41807576", "miles": "25978024"}, "orbiting_body": "Earth"}, {"close_approach_date": "2114-03-03", "epoch_date_close_approach": 4549507200000, "relative_velocity": {"kilometers_per_second": "27.8981868598", "kilometers_per_hour": "100433.4726953308", "miles_per_hour": "62405.4541867182"}, "miss_distance": {"astronomical": "0.0496019217", "lunar": "19.2951469421", "kilometers": "7420341.5", "miles": "4610786.5"}, "orbiting_body": "Venus"}, {"close_approach_date": "2116-04-14", "epoch_date_close_approach": 4616290800000, "relative_velocity": {"kilometers_per_second": "20.4114527712", "kilometers_per_hour": "73481.229976482", "miles_per_hour": "45658.3787039979"}, "miss_distance": {"astronomical": "0.0967194544", "lunar": "37.6238670349", "kilometers": "14469024", "miles": "8990635"}, "orbiting_body": "Earth"}, {"close_approach_date": "2117-09-13", "epoch_date_close_approach": 4660959600000, "relative_velocity": {"kilometers_per_second": "23.4281416453", "kilometers_per_hour": "84341.3099232272", "miles_per_hour": "52406.4100464631"}, "miss_distance": {"astronomical": "0.4786314061", "lunar": "186.1876220703", "kilometers": "71602240", "miles": "44491568"}, "orbiting_body": "Earth"}, {"close_approach_date": "2122-03-31", "epoch_date_close_approach": 4804383600000, "relative_velocity": {"kilometers_per_second": "30.8030342709", "kilometers_per_hour": "110890.9233751622", "miles_per_hour": "68903.3073605279"}, "miss_distance": {"astronomical": "0.3305087884", "lunar": "128.5679168701", "kilometers": "49443412", "miles": "30722712"}, "orbiting_body": "Earth"}, {"close_approach_date": "2124-11-14", "epoch_date_close_approach": 4887244800000, "relative_velocity": {"kilometers_per_second": "26.9481820858", "kilometers_per_hour": "97013.455508907", "miles_per_hour": "60280.3885077428"}, "miss_distance": {"astronomical": "0.3106766316", "lunar": "120.8532104492", "kilometers": "46476564", "miles": "28879198"}, "orbiting_body": "Earth"}, {"close_approach_date": "2129-04-16", "epoch_date_close_approach": 5026690800000, "relative_velocity": {"kilometers_per_second": "16.6516524763", "kilometers_per_hour": "59945.9489148244", "miles_per_hour": "37248.0814243252"}, "miss_distance": {"astronomical": "0.3427209744", "lunar": "133.3184661865", "kilometers": "51270332", "miles": "31857906"}, "orbiting_body": "Earth"}, {"close_approach_date": "2130-10-08", "epoch_date_close_approach": 5073346800000, "relative_velocity": {"kilometers_per_second": "25.8521786715", "kilometers_per_hour": "93067.8432172571", "miles_per_hour": "57828.7384701895"}, "miss_distance": {"astronomical": "0.0418620578", "lunar": "16.2843418121", "kilometers": "6262475", "miles": "3891321.5"}, "orbiting_body": "Venus"}, {"close_approach_date": "2130-10-10", "epoch_date_close_approach": 5073519600000, "relative_velocity": {"kilometers_per_second": "22.4184516961", "kilometers_per_hour": "80706.4261058095", "miles_per_hour": "50147.8345989126"}, "miss_distance": {"astronomical": "0.3464845589", "lunar": "134.7825012207", "kilometers": "51833356", "miles": "32207754"}, "orbiting_body": "Earth"}, {"close_approach_date": "2135-04-10", "epoch_date_close_approach": 5215474800000, "relative_velocity": {"kilometers_per_second": "24.2594396369", "kilometers_per_hour": "87333.9826927558", "miles_per_hour": "54265.9405237293"}, "miss_distance": {"astronomical": "0.0904736016", "lunar": "35.194229126", "kilometers": "13534658", "miles": "8410047"}, "orbiting_body": "Earth"}, {"close_approach_date": "2137-11-29", "epoch_date_close_approach": 5298768000000, "relative_velocity": {"kilometers_per_second": "32.5655008061", "kilometers_per_hour": "117235.8029019319", "miles_per_hour": "72845.7687531477"}, "miss_distance": {"astronomical": "0.4679896921", "lunar": "182.0479888916", "kilometers": "70010264", "miles": "43502360"}, "orbiting_body": "Earth"}, {"close_approach_date": "2143-10-31", "epoch_date_close_approach": 5485561200000, "relative_velocity": {"kilometers_per_second": "23.7068761838", "kilometers_per_hour": "85344.7542616966", "miles_per_hour": "53029.9113355525"}, "miss_distance": {"astronomical": "0.2713163973", "lunar": "105.5420837402", "kilometers": "40588356", "miles": "25220436"}, "orbiting_body": "Earth"}, {"close_approach_date": "2148-04-15", "epoch_date_close_approach": 5626220400000, "relative_velocity": {"kilometers_per_second": "19.5015464739", "kilometers_per_hour": "70205.5673059957", "miles_per_hour": "43623.0093074394"}, "miss_distance": {"astronomical": "0.1408353816", "lunar": "54.7849617004", "kilometers": "21068672", "miles": "13091466"}, "orbiting_body": "Earth"}, {"close_approach_date": "2149-09-18", "epoch_date_close_approach": 5671234800000, "relative_velocity": {"kilometers_per_second": "23.2088845934", "kilometers_per_hour": "83551.9845361079", "miles_per_hour": "51915.9539468944"}, "miss_distance": {"astronomical": "0.4566001024", "lunar": "177.6174316406", "kilometers": "68306400", "miles": "42443632"}, "orbiting_body": "Earth"}, {"close_approach_date": "2154-04-01", "epoch_date_close_approach": 5814313200000, "relative_velocity": {"kilometers_per_second": "29.9198260534", "kilometers_per_hour": "107711.3737922908", "miles_per_hour": "66927.658898882"}, "miss_distance": {"astronomical": "0.3000603265", "lunar": "116.7234725952", "kilometers": "44888388", "miles": "27892350"}, "orbiting_body": "Earth"}, {"close_approach_date": "2156-11-16", "epoch_date_close_approach": 5897260800000, "relative_velocity": {"kilometers_per_second": "27.4823846475", "kilometers_per_hour": "98936.5847309125", "miles_per_hour": "61475.3462179384"}, "miss_distance": {"astronomical": "0.324030592", "lunar": "126.0478973389", "kilometers": "48474284", "miles": "30120524"}, "orbiting_body": "Earth"}, {"close_approach_date": "2161-04-16", "epoch_date_close_approach": 6036534000000, "relative_velocity": {"kilometers_per_second": "16.55751649", "kilometers_per_hour": "59607.0593641325", "miles_per_hour": "37037.5086365633"}, "miss_distance": {"astronomical": "0.3546869543", "lunar": "137.9732208252", "kilometers": "53060412", "miles": "32970212"}, "orbiting_body": "Earth"}, {"close_approach_date": "2162-10-09", "epoch_date_close_approach": 6083276400000, "relative_velocity": {"kilometers_per_second": "28.4887996872", "kilometers_per_hour": "102559.678873875", "miles_per_hour": "63726.5960202697"}, "miss_distance": {"astronomical": "0.065258464", "lunar": "25.3855438232", "kilometers": "9762528", "miles": "6066153.5"}, "orbiting_body": "Venus"}, {"close_approach_date": "2162-10-11", "epoch_date_close_approach": 6083449200000, "relative_velocity": {"kilometers_per_second": "22.4335941024", "kilometers_per_hour": "80760.9387686508", "miles_per_hour": "50181.7066476653"}, "miss_distance": {"astronomical": "0.3417237014", "lunar": "132.9305267334", "kilometers": "51121140", "miles": "31765204"}, "orbiting_body": "Earth"}, {"close_approach_date": "2167-04-10", "epoch_date_close_approach": 6225318000000, "relative_velocity": {"kilometers_per_second": "23.949502271", "kilometers_per_hour": "86218.2081757015", "miles_per_hour": "53572.641630063"}, "miss_distance": {"astronomical": "0.0799536223", "lunar": "31.1019611359", "kilometers": "11960892", "miles": "7432154"}, "orbiting_body": "Earth"}, {"close_approach_date": "2169-11-30", "epoch_date_close_approach": 6308697600000, "relative_velocity": {"kilometers_per_second": "32.9451432827", "kilometers_per_hour": "118602.5158178492", "miles_per_hour": "73694.9910091519"}, "miss_distance": {"astronomical": "0.4798670703", "lunar": "186.6682891846", "kilometers": "71787096", "miles": "44606432"}, "orbiting_body": "Earth"}, {"close_approach_date": "2173-03-24", "epoch_date_close_approach": 6413238000000, "relative_velocity": {"kilometers_per_second": "35.5987783182", "kilometers_per_hour": "128155.6019456712", "miles_per_hour": "79630.9072200755"}, "miss_distance": {"astronomical": "0.4953330957", "lunar": "192.6845855713", "kilometers": "74100776", "miles": "46044088"}, "orbiting_body": "Earth"}, {"close_approach_date": "2175-11-01", "epoch_date_close_approach": 6495490800000, "relative_velocity": {"kilometers_per_second": "23.9429129243", "kilometers_per_hour": "86194.486527408", "miles_per_hour": "53557.9019203219"}, "miss_distance": {"astronomical": "0.2708915815", "lunar": "105.3768234253", "kilometers": "40524804", "miles": "25180946"}, "orbiting_body": "Earth"}, {"close_approach_date": "2179-05-14", "epoch_date_close_approach": 6606946800000, "relative_velocity": {"kilometers_per_second": "25.2188746756", "kilometers_per_hour": "90787.9488323069", "miles_per_hour": "56412.1007619409"}, "miss_distance": {"astronomical": "0.0608195948", "lunar": "23.6588230133", "kilometers": "9098482", "miles": "5653534.5"}, "orbiting_body": "Venus"}, {"close_approach_date": "2180-04-16", "epoch_date_close_approach": 6636150000000, "relative_velocity": {"kilometers_per_second": "19.1823712047", "kilometers_per_hour": "69056.5363367674", "miles_per_hour": "42909.0461476986"}, "miss_distance": {"astronomical": "0.157742403", "lunar": "61.3617935181", "kilometers": "23597926", "miles": "14663072"}, "orbiting_body": "Earth"}, {"close_approach_date": "2181-09-20", "epoch_date_close_approach": 6681250800000, "relative_velocity": {"kilometers_per_second": "23.1441568433", "kilometers_per_hour": "83318.9646359768", "miles_per_hour": "51771.1644428379"}, "miss_distance": {"astronomical": "0.4479227451", "lunar": "174.2419433594", "kilometers": "67008288", "miles": "41637020"}, "orbiting_body": "Earth"}, {"close_approach_date": "2186-04-02", "epoch_date_close_approach": 6824242800000, "relative_velocity": {"kilometers_per_second": "29.5774081182", "kilometers_per_hour": "106478.6692255153", "miles_per_hour": "66161.7042195987"}, "miss_distance": {"astronomical": "0.2884336713", "lunar": "112.2006988525", "kilometers": "43149064", "miles": "26811584"}, "orbiting_body": "Earth"}, {"close_approach_date": "2188-11-16", "epoch_date_close_approach": 6907104000000, "relative_velocity": {"kilometers_per_second": "27.7077470278", "kilometers_per_hour": "99747.8892999241", "miles_per_hour": "61979.459326389"}, "miss_distance": {"astronomical": "0.3304068434", "lunar": "128.5282592773", "kilometers": "49428160", "miles": "30713236"}, "orbiting_body": "Earth"}, {"close_approach_date": "2193-04-16", "epoch_date_close_approach": 7046377200000, "relative_velocity": {"kilometers_per_second": "16.5172459126", "kilometers_per_hour": "59462.0852853215", "miles_per_hour": "36947.427381871"}, "miss_distance": {"astronomical": "0.3601008489", "lunar": "140.0792236328", "kilometers": "53870320", "miles": "33473464"}, "orbiting_body": "Earth"}, {"close_approach_date": "2194-10-08", "epoch_date_close_approach": 7093033200000, "relative_velocity": {"kilometers_per_second": "31.2515346855", "kilometers_per_hour": "112505.5248678151", "miles_per_hour": "69906.5579380043"}, "miss_distance": {"astronomical": "0.1412982955", "lunar": "54.9650344849", "kilometers": "21137924", "miles": "13134497"}, "orbiting_body": "Venus"}, {"close_approach_date": "2194-10-12", "epoch_date_close_approach": 7093378800000, "relative_velocity": {"kilometers_per_second": "22.4565644947", "kilometers_per_hour": "80843.6321808509", "miles_per_hour": "50233.0891181515"}, "miss_distance": {"astronomical": "0.3391385819", "lunar": "131.9248962402", "kilometers": "50734408", "miles": "31524900"}, "orbiting_body": "Earth"}, {"close_approach_date": "2199-04-10", "epoch_date_close_approach": 7235161200000, "relative_velocity": {"kilometers_per_second": "24.0627619361", "kilometers_per_hour": "86625.9429700111", "miles_per_hour": "53825.9921748939"}, "miss_distance": {"astronomical": "0.0849245542", "lunar": "33.0356521606", "kilometers": "12704533", "miles": "7894231"}, "orbiting_body": "Earth"}], "orbital_data": {"orbit_id": "40", "orbit_determination_date": "2017-04-06 09:21:32", "orbit_uncertainty": "0", "minimum_orbit_intersection": ".0363956", "jupiter_tisserand_invariant": "5.327", "epoch_osculation": "2458000.5", "eccentricity": ".5218522186328958", "semi_major_axis": "1.119551702846955", "inclination": "30.84315387821208", "ascending_node_longitude": "198.4715703286588", "orbital_period": "432.6778461567281", "perihelion_distance": ".5353111628420348", "perihelion_argument": "116.1619851976814", "aphelion_distance": "1.703792242851874", "perihelion_time": "2458153.797798418986", "mean_anomaly": "232.4519687776096", "mean_motion": ".8320278082127595", "equinox": "J2000"}}