{"links": {"self": "https://api.nasa.gov/neo/rest/v1/neo/2418849?api_key=stjNMXvPIBN6FqEBpH6hQbWAtFDv0RARRez0p7z1"}, "neo_reference_id": "2418849", "name": "418849 (2008 WM64)", "nasa_jpl_url": "http://ssd.jpl.nasa.gov/sbdb.cgi?sstr=2418849", "absolute_magnitude_h": 20.7, "estimated_diameter": {"kilometers": {"estimated_diameter_min": 0.1925550782, "estimated_diameter_max": 0.4305662442}, "meters": {"estimated_diameter_min": 192.5550781879, "estimated_diameter_max": 430.566244241}, "miles": {"estimated_diameter_min": 0.1196481415, "estimated_diameter_max": 0.2675413778}, "feet": {"estimated_diameter_min": 631.7424027221, "estimated_diameter_max": 1412.6189567557}}, "is_potentially_hazardous_asteroid": true, "close_approach_data": [{"close_approach_date": "1900-07-07", "epoch_date_close_approach": -2192803200000, "relative_velocity": {"kilometers_per_second": "18.4854909372", "kilometers_per_hour": "66547.7673739114", "miles_per_hour": "41350.1946774173"}, "miss_distance": {"astronomical": "0.3350808727", "lunar": "130.3464508057", "kilometers": "50127384", "miles": "31147712"}, "orbiting_body": "Earth"}, {"close_approach_date": "1900-12-21", "epoch_date_close_approach": -2178374400000, "relative_velocity": {"kilometers_per_second": "17.2294197104", "kilometers_per_hour": "62025.910957467", "miles_per_hour": "38540.4889502105"}, "miss_distance": {"astronomical": "0.0687884545", "lunar": "26.7587089539", "kilometers": "10290606", "miles": "6394286.5"}, "orbiting_body": "Earth"}, {"close_approach_date": "1901-07-09", "epoch_date_close_approach": -2161094400000, "relative_velocity": {"kilometers_per_second": "18.987984775", "kilometers_per_hour": "68356.7451901526", "miles_per_hour": "42474.2231432923"}, "miss_distance": {"astronomical": "0.3791256765", "lunar": "147.479888916", "kilometers": "56716396", "miles": "35241936"}, "orbiting_body": "Earth"}, {"close_approach_date": "1901-12-22", "epoch_date_close_approach": -2146752000000, "relative_velocity": {"kilometers_per_second": "17.3981398135", "kilometers_per_hour": "62633.3033285086", "miles_per_hour": "38917.8989487613"}, "miss_distance": {"astronomical": "0.0377453911", "lunar": "14.6829566956", "kilometers": "5646630", "miles": "3508653.25"}, "orbiting_body": "Earth"}, {"close_approach_date": "1902-07-11", "epoch_date_close_approach": -2129385600000, "relative_velocity": {"kilometers_per_second": "19.5491392125", "kilometers_per_hour": "70376.9011651598", "miles_per_hour": "43729.4695045406"}, "miss_distance": {"astronomical": "0.4212352269", "lunar": "163.8605041504", "kilometers": "63015896", "miles": "39156260"}, "orbiting_body": "Earth"}, {"close_approach_date": "1902-12-23", "epoch_date_close_approach": -2115129600000, "relative_velocity": {"kilometers_per_second": "17.6615677339", "kilometers_per_hour": "63581.6438419961", "miles_per_hour": "39507.1608639336"}, "miss_distance": {"astronomical": "0.0446385515", "lunar": "17.364397049", "kilometers": "6677832.5", "miles": "4149412.75"}, "orbiting_body": "Earth"}, {"close_approach_date": "1903-07-14", "epoch_date_close_approach": -2097590400000, "relative_velocity": {"kilometers_per_second": "20.1610895495", "kilometers_per_hour": "72579.9223782684", "miles_per_hour": "45098.3412133191"}, "miss_distance": {"astronomical": "0.4644846539", "lunar": "180.6845397949", "kilometers": "69485920", "miles": "43176548"}, "orbiting_body": "Earth"}, {"close_approach_date": "1903-12-24", "epoch_date_close_approach": -2083507200000, "relative_velocity": {"kilometers_per_second": "18.045390985", "kilometers_per_hour": "64963.4075461778", "miles_per_hour": "40365.735094457"}, "miss_distance": {"astronomical": "0.0820752484", "lunar": "31.9272708893", "kilometers": "12278282", "miles": "7629371"}, "orbiting_body": "Earth"}, {"close_approach_date": "1904-12-24", "epoch_date_close_approach": -2051884800000, "relative_velocity": {"kilometers_per_second": "18.5415650735", "kilometers_per_hour": "66749.6342645557", "miles_per_hour": "41475.6269128846"}, "miss_distance": {"astronomical": "0.1278743247", "lunar": "49.7431144714", "kilometers": "19129728", "miles": "11886662"}, "orbiting_body": "Earth"}, {"close_approach_date": "1905-12-26", "epoch_date_close_approach": -2020176000000, "relative_velocity": {"kilometers_per_second": "19.1802882098", "kilometers_per_hour": "69049.0375554499", "miles_per_hour": "42904.3866966072"}, "miss_distance": {"astronomical": "0.1769736067", "lunar": "68.8427352905", "kilometers": "26474876", "miles": "16450725"}, "orbiting_body": "Earth"}, {"close_approach_date": "1906-12-27", "epoch_date_close_approach": -1988553600000, "relative_velocity": {"kilometers_per_second": "19.9223958327", "kilometers_per_hour": "71720.6249975944", "miles_per_hour": "44564.4072380886"}, "miss_distance": {"astronomical": "0.2276263448", "lunar": "88.5466461182", "kilometers": "34052416", "miles": "21159190"}, "orbiting_body": "Earth"}, {"close_approach_date": "1907-12-29", "epoch_date_close_approach": -1956844800000, "relative_velocity": {"kilometers_per_second": "20.7677200131", "kilometers_per_hour": "74763.7920471848", "miles_per_hour": "46455.3128973188"}, "miss_distance": {"astronomical": "0.2792299166", "lunar": "108.6204376221", "kilometers": "41772200", "miles": "25956042"}, "orbiting_body": "Earth"}, {"close_approach_date": "1908-12-29", "epoch_date_close_approach": -1925222400000, "relative_velocity": {"kilometers_per_second": "21.7303883706", "kilometers_per_hour": "78229.3981342831", "miles_per_hour": "48608.7057462716"}, "miss_distance": {"astronomical": "0.3318414083", "lunar": "129.0863037109", "kilometers": "49642768", "miles": "30846586"}, "orbiting_body": "Earth"}, {"close_approach_date": "1909-12-31", "epoch_date_close_approach": -1893513600000, "relative_velocity": {"kilometers_per_second": "22.7467940035", "kilometers_per_hour": "81888.4584126896", "miles_per_hour": "50882.3035064849"}, "miss_distance": {"astronomical": "0.3846845316", "lunar": "149.642288208", "kilometers": "57547988", "miles": "35758660"}, "orbiting_body": "Earth"}, {"close_approach_date": "1911-01-02", "epoch_date_close_approach": -1861804800000, "relative_velocity": {"kilometers_per_second": "23.8684514968", "kilometers_per_hour": "85926.425388529", "miles_per_hour": "53391.3391532223"}, "miss_distance": {"astronomical": "0.4378006539", "lunar": "170.3044586182", "kilometers": "65494044", "miles": "40696112"}, "orbiting_body": "Earth"}, {"close_approach_date": "1912-01-04", "epoch_date_close_approach": -1830096000000, "relative_velocity": {"kilometers_per_second": "25.0255071649", "kilometers_per_hour": "90091.825793635", "miles_per_hour": "55979.5569771617"}, "miss_distance": {"astronomical": "0.4910097899", "lunar": "191.0028076172", "kilometers": "73454024", "miles": "45642212"}, "orbiting_body": "Earth"}, {"close_approach_date": "2000-05-31", "epoch_date_close_approach": 959756400000, "relative_velocity": {"kilometers_per_second": "24.1276562031", "kilometers_per_hour": "86859.5623310783", "miles_per_hour": "53971.1541606636"}, "miss_distance": {"astronomical": "0.4553931232", "lunar": "177.14793396", "kilometers": "68125848", "miles": "42331436"}, "orbiting_body": "Earth"}, {"close_approach_date": "2001-06-03", "epoch_date_close_approach": 991551600000, "relative_velocity": {"kilometers_per_second": "23.0361398833", "kilometers_per_hour": "82930.103579862", "miles_per_hour": "51529.5413049426"}, "miss_distance": {"astronomical": "0.4030011569", "lunar": "156.7674560547", "kilometers": "60288116", "miles": "37461300"}, "orbiting_body": "Earth"}, {"close_approach_date": "2002-06-06", "epoch_date_close_approach": 1023346800000, "relative_velocity": {"kilometers_per_second": "22.0339231519", "kilometers_per_hour": "79322.1233466758", "miles_per_hour": "49287.6826983831"}, "miss_distance": {"astronomical": "0.3505648137", "lunar": "136.3697052002", "kilometers": "52443748", "miles": "32587034"}, "orbiting_body": "Earth"}, {"close_approach_date": "2003-06-09", "epoch_date_close_approach": 1055142000000, "relative_velocity": {"kilometers_per_second": "21.0768167412", "kilometers_per_hour": "75876.5402683276", "miles_per_hour": "47146.731368395"}, "miss_distance": {"astronomical": "0.298295569", "lunar": "116.0369720459", "kilometers": "44624380", "miles": "27728304"}, "orbiting_body": "Earth"}, {"close_approach_date": "2004-06-10", "epoch_date_close_approach": 1086850800000, "relative_velocity": {"kilometers_per_second": "20.2372849902", "kilometers_per_hour": "72854.2259645569", "miles_per_hour": "45268.782794477"}, "miss_distance": {"astronomical": "0.2469925423", "lunar": "96.0801010132", "kilometers": "36949560", "miles": "22959392"}, "orbiting_body": "Earth"}, {"close_approach_date": "2005-06-13", "epoch_date_close_approach": 1118646000000, "relative_velocity": {"kilometers_per_second": "19.4753701321", "kilometers_per_hour": "70111.3324754617", "miles_per_hour": "43564.4554484334"}, "miss_distance": {"astronomical": "0.1965934981", "lunar": "76.4748687744", "kilometers": "29409968", "miles": "18274508"}, "orbiting_body": "Earth"}, {"close_approach_date": "2006-06-15", "epoch_date_close_approach": 1150354800000, "relative_velocity": {"kilometers_per_second": "18.8328593097", "kilometers_per_hour": "67798.2935150222", "miles_per_hour": "42127.2229899315"}, "miss_distance": {"astronomical": "0.1477570841", "lunar": "57.4775047302", "kilometers": "22104146", "miles": "13734879"}, "orbiting_body": "Earth"}, {"close_approach_date": "2007-06-18", "epoch_date_close_approach": 1182150000000, "relative_velocity": {"kilometers_per_second": "18.3020599666", "kilometers_per_hour": "65887.4158797661", "miles_per_hour": "40939.8779392913"}, "miss_distance": {"astronomical": "0.1019447673", "lunar": "39.6565132141", "kilometers": "15250720", "miles": "9476358"}, "orbiting_body": "Earth"}, {"close_approach_date": "2007-12-18", "epoch_date_close_approach": 1197964800000, "relative_velocity": {"kilometers_per_second": "19.9006954415", "kilometers_per_hour": "71642.5035895044", "miles_per_hour": "44515.8656331562"}, "miss_distance": {"astronomical": "0.4752224172", "lunar": "184.8615112305", "kilometers": "71092264", "miles": "44174684"}, "orbiting_body": "Earth"}, {"close_approach_date": "2008-06-19", "epoch_date_close_approach": 1213858800000, "relative_velocity": {"kilometers_per_second": "17.8877289825", "kilometers_per_hour": "64395.8243368542", "miles_per_hour": "40013.0609608637"}, "miss_distance": {"astronomical": "0.0629832209", "lunar": "24.5004730225", "kilometers": "9422156", "miles": "5854656.5"}, "orbiting_body": "Earth"}, {"close_approach_date": "2008-12-17", "epoch_date_close_approach": 1229500800000, "relative_velocity": {"kilometers_per_second": "19.333156427", "kilometers_per_hour": "69599.363137272", "miles_per_hour": "43246.337611601"}, "miss_distance": {"astronomical": "0.4308245977", "lunar": "167.5907745361", "kilometers": "64450444", "miles": "40047648"}, "orbiting_body": "Earth"}, {"close_approach_date": "2009-06-22", "epoch_date_close_approach": 1245654000000, "relative_velocity": {"kilometers_per_second": "17.599957869", "kilometers_per_hour": "63359.848328414", "miles_per_hour": "39369.3457571748"}, "miss_distance": {"astronomical": "0.0447979621", "lunar": "17.4264068604", "kilometers": "6701679.5", "miles": "4164230.75"}, "orbiting_body": "Earth"}, {"close_approach_date": "2009-12-18", "epoch_date_close_approach": 1261123200000, "relative_velocity": {"kilometers_per_second": "18.8092502741", "kilometers_per_hour": "67713.3009868205", "miles_per_hour": "42074.4119381719"}, "miss_distance": {"astronomical": "0.3869419339", "lunar": "150.5204162598", "kilometers": "57885692", "miles": "35968500"}, "orbiting_body": "Earth"}, {"close_approach_date": "2010-06-24", "epoch_date_close_approach": 1277362800000, "relative_velocity": {"kilometers_per_second": "17.3954819043", "kilometers_per_hour": "62623.7348554436", "miles_per_hour": "38911.9534717061"}, "miss_distance": {"astronomical": "0.0636734308", "lunar": "24.7689647675", "kilometers": "9525410", "miles": "5918815"}, "orbiting_body": "Earth"}, {"close_approach_date": "2010-12-18", "epoch_date_close_approach": 1292659200000, "relative_velocity": {"kilometers_per_second": "18.3262272991", "kilometers_per_hour": "65974.4182766408", "miles_per_hour": "40993.9378452828"}, "miss_distance": {"astronomical": "0.3429367095", "lunar": "133.4023742676", "kilometers": "51302600", "miles": "31877958"}, "orbiting_body": "Earth"}, {"close_approach_date": "2011-06-26", "epoch_date_close_approach": 1309071600000, "relative_velocity": {"kilometers_per_second": "17.3040423548", "kilometers_per_hour": "62294.5524771662", "miles_per_hour": "38707.4123433814"}, "miss_distance": {"astronomical": "0.101534029", "lunar": "39.4967384338", "kilometers": "15189275", "miles": "9438178"}, "orbiting_body": "Earth"}, {"close_approach_date": "2011-12-19", "epoch_date_close_approach": 1324281600000, "relative_velocity": {"kilometers_per_second": "17.9257097613", "kilometers_per_hour": "64532.5551405169", "miles_per_hour": "40098.0201649506"}, "miss_distance": {"astronomical": "0.2979364006", "lunar": "115.8972625732", "kilometers": "44570652", "miles": "27694920"}, "orbiting_body": "Earth"}, {"close_approach_date": "2012-06-28", "epoch_date_close_approach": 1340866800000, "relative_velocity": {"kilometers_per_second": "17.3109841887", "kilometers_per_hour": "62319.5430792358", "miles_per_hour": "38722.9405316507"}, "miss_distance": {"astronomical": "0.1449112563", "lunar": "56.3704795837", "kilometers": "21678416", "miles": "13470343"}, "orbiting_body": "Earth"}, {"close_approach_date": "2012-12-18", "epoch_date_close_approach": 1355817600000, "relative_velocity": {"kilometers_per_second": "17.5813257019", "kilometers_per_hour": "63292.772526741", "miles_per_hour": "39327.6674625186"}, "miss_distance": {"astronomical": "0.2518958049", "lunar": "97.9874725342", "kilometers": "37683076", "miles": "23415180"}, "orbiting_body": "Earth"}, {"close_approach_date": "2013-06-30", "epoch_date_close_approach": 1372575600000, "relative_velocity": {"kilometers_per_second": "17.4353628926", "kilometers_per_hour": "62767.306413428", "miles_per_hour": "39001.1632544992"}, "miss_distance": {"astronomical": "0.1904283933", "lunar": "74.0766448975", "kilometers": "28487682", "miles": "17701424"}, "orbiting_body": "Earth"}, {"close_approach_date": "2013-12-19", "epoch_date_close_approach": 1387440000000, "relative_velocity": {"kilometers_per_second": "17.3306732486", "kilometers_per_hour": "62390.4236948304", "miles_per_hour": "38766.9829897128"}, "miss_distance": {"astronomical": "0.205622035", "lunar": "79.9869689941", "kilometers": "30760618", "miles": "19113762"}, "orbiting_body": "Earth"}, {"close_approach_date": "2014-07-03", "epoch_date_close_approach": 1404370800000, "relative_velocity": {"kilometers_per_second": "17.6717607923", "kilometers_per_hour": "63618.3388523351", "miles_per_hour": "39529.9617163301"}, "miss_distance": {"astronomical": "0.2369218982", "lunar": "92.162612915", "kilometers": "35443012", "miles": "22023266"}, "orbiting_body": "Earth"}, {"close_approach_date": "2014-12-20", "epoch_date_close_approach": 1419062400000, "relative_velocity": {"kilometers_per_second": "17.1917632484", "kilometers_per_hour": "61890.3476943556", "miles_per_hour": "38456.2552104178"}, "miss_distance": {"astronomical": "0.1595374154", "lunar": "62.0600547791", "kilometers": "23866458", "miles": "14829930"}, "orbiting_body": "Earth"}, {"close_approach_date": "2015-07-05", "epoch_date_close_approach": 1436079600000, "relative_velocity": {"kilometers_per_second": "18.0004600392", "kilometers_per_hour": "64801.6561412251", "miles_per_hour": "40265.2290617518"}, "miss_distance": {"astronomical": "0.2830897881", "lunar": "110.121925354", "kilometers": "42349628", "miles": "26314840"}, "orbiting_body": "Earth"}, {"close_approach_date": "2015-12-21", "epoch_date_close_approach": 1450684800000, "relative_velocity": {"kilometers_per_second": "17.1430485814", "kilometers_per_hour": "61714.9748931397", "miles_per_hour": "38347.2853717956"}, "miss_distance": {"astronomical": "0.1144017292", "lunar": "44.5022735596", "kilometers": "17114256", "miles": "10634305"}, "orbiting_body": "Earth"}, {"close_approach_date": "2016-07-07", "epoch_date_close_approach": 1467874800000, "relative_velocity": {"kilometers_per_second": "18.4333221416", "kilometers_per_hour": "66359.9597096592", "miles_per_hour": "41233.4982984824"}, "miss_distance": {"astronomical": "0.328719702", "lunar": "127.871963501", "kilometers": "49175768", "miles": "30556406"}, "orbiting_body": "Earth"}, {"close_approach_date": "2016-12-21", "epoch_date_close_approach": 1482307200000, "relative_velocity": {"kilometers_per_second": "17.2137114627", "kilometers_per_hour": "61969.3612656397", "miles_per_hour": "38505.3511708638"}, "miss_distance": {"astronomical": "0.0719339213", "lunar": "27.9822940826", "kilometers": "10761161", "miles": "6686675.5"}, "orbiting_body": "Earth"}, {"close_approach_date": "2017-07-09", "epoch_date_close_approach": 1499583600000, "relative_velocity": {"kilometers_per_second": "18.9233904569", "kilometers_per_hour": "68124.2056446967", "miles_per_hour": "42329.7321129506"}, "miss_distance": {"astronomical": "0.3728671854", "lunar": "145.0453338623", "kilometers": "55780140", "miles": "34660172"}, "orbiting_body": "Earth"}, {"close_approach_date": "2017-12-22", "epoch_date_close_approach": 1513929600000, "relative_velocity": {"kilometers_per_second": "17.3846922839", "kilometers_per_hour": "62584.8922219831", "miles_per_hour": "38887.8181698206"}, "miss_distance": {"astronomical": "0.0391804548", "lunar": "15.2411966324", "kilometers": "5861312.5", "miles": "3642050.75"}, "orbiting_body": "Earth"}, {"close_approach_date": "2018-07-11", "epoch_date_close_approach": 1531292400000, "relative_velocity": {"kilometers_per_second": "19.4719100773", "kilometers_per_hour": "70098.876278136", "miles_per_hour": "43556.7156518229"}, "miss_distance": {"astronomical": "0.41473145", "lunar": "161.3305358887", "kilometers": "62042940", "miles": "38551696"}, "orbiting_body": "Earth"}, {"close_approach_date": "2018-12-23", "epoch_date_close_approach": 1545552000000, "relative_velocity": {"kilometers_per_second": "17.6310578985", "kilometers_per_hour": "63471.8084346612", "miles_per_hour": "39438.9134131927"}, "miss_distance": {"astronomical": "0.0425184785", "lunar": "16.5396881104", "kilometers": "6360674", "miles": "3952339.5"}, "orbiting_body": "Earth"}, {"close_approach_date": "2019-07-14", "epoch_date_close_approach": 1563087600000, "relative_velocity": {"kilometers_per_second": "20.0803344984", "kilometers_per_hour": "72289.2041941673", "miles_per_hour": "44917.7002394258"}, "miss_distance": {"astronomical": "0.457681523", "lunar": "178.0381164551", "kilometers": "68468184", "miles": "42544156"}, "orbiting_body": "Earth"}, {"close_approach_date": "2019-12-24", "epoch_date_close_approach": 1577174400000, "relative_velocity": {"kilometers_per_second": "18.0028378209", "kilometers_per_hour": "64810.2161551608", "miles_per_hour": "40270.547921522"}, "miss_distance": {"astronomical": "0.0785688099", "lunar": "30.5632667542", "kilometers": "11753727", "miles": "7303427"}, "orbiting_body": "Earth"}, {"close_approach_date": "2020-12-25", "epoch_date_close_approach": 1608883200000, "relative_velocity": {"kilometers_per_second": "18.4945963047", "kilometers_per_hour": "66580.5466969416", "miles_per_hour": "41370.5624739969"}, "miss_distance": {"astronomical": "0.1239744981", "lunar": "48.2260780334", "kilometers": "18546320", "miles": "11524149"}, "orbiting_body": "Earth"}, {"close_approach_date": "2021-12-26", "epoch_date_close_approach": 1640505600000, "relative_velocity": {"kilometers_per_second": "19.0997951222", "kilometers_per_hour": "68759.2624398156", "miles_per_hour": "42724.3317087843"}, "miss_distance": {"astronomical": "0.1725033743", "lunar": "67.1038131714", "kilometers": "25806136", "miles": "16035190"}, "orbiting_body": "Earth"}, {"close_approach_date": "2022-12-27", "epoch_date_close_approach": 1672128000000, "relative_velocity": {"kilometers_per_second": "19.8444998896", "kilometers_per_hour": "71440.1996025298", "miles_per_hour": "44390.1618030274"}, "miss_distance": {"astronomical": "0.2229266759", "lunar": "86.7184753418", "kilometers": "33349356", "miles": "20722330"}, "orbiting_body": "Earth"}, {"close_approach_date": "2023-12-29", "epoch_date_close_approach": 1703836800000, "relative_velocity": {"kilometers_per_second": "20.6711434955", "kilometers_per_hour": "74416.116583705", "miles_per_hour": "46239.2808850249"}, "miss_distance": {"astronomical": "0.2745965851", "lunar": "106.818069458", "kilometers": "41079064", "miles": "25525346"}, "orbiting_body": "Earth"}, {"close_approach_date": "2024-12-30", "epoch_date_close_approach": 1735545600000, "relative_velocity": {"kilometers_per_second": "21.6202526094", "kilometers_per_hour": "77832.9093937388", "miles_per_hour": "48362.343061904"}, "miss_distance": {"astronomical": "0.3270580993", "lunar": "127.2256011963", "kilometers": "48927196", "miles": "30401950"}, "orbiting_body": "Earth"}, {"close_approach_date": "2025-12-31", "epoch_date_close_approach": 1767168000000, "relative_velocity": {"kilometers_per_second": "22.6399226", "kilometers_per_hour": "81503.7213601278", "miles_per_hour": "50643.2428640194"}, "miss_distance": {"astronomical": "0.3798618781", "lunar": "147.7662811279", "kilometers": "56826532", "miles": "35310368"}, "orbiting_body": "Earth"}, {"close_approach_date": "2027-01-02", "epoch_date_close_approach": 1798876800000, "relative_velocity": {"kilometers_per_second": "23.7322420003", "kilometers_per_hour": "85436.0712011977", "miles_per_hour": "53086.6521305442"}, "miss_distance": {"astronomical": "0.4328071022", "lunar": "168.3619537354", "kilometers": "64747020", "miles": "40231932"}, "orbiting_body": "Earth"}, {"close_approach_date": "2028-01-04", "epoch_date_close_approach": 1830585600000, "relative_velocity": {"kilometers_per_second": "24.9071172689", "kilometers_per_hour": "89665.6221678881", "miles_per_hour": "55714.730618708"}, "miss_distance": {"astronomical": "0.4860768091", "lunar": "189.0838775635", "kilometers": "72716056", "miles": "45183660"}, "orbiting_body": "Earth"}, {"close_approach_date": "2116-06-01", "epoch_date_close_approach": 4620438000000, "relative_velocity": {"kilometers_per_second": "24.3175643314", "kilometers_per_hour": "87543.2315930663", "miles_per_hour": "54395.959652925"}, "miss_distance": {"astronomical": "0.4650939208", "lunar": "180.9215240479", "kilometers": "69577056", "miles": "43233180"}, "orbiting_body": "Earth"}, {"close_approach_date": "2117-06-04", "epoch_date_close_approach": 4652233200000, "relative_velocity": {"kilometers_per_second": "23.2211434159", "kilometers_per_hour": "83596.1162971986", "miles_per_hour": "51943.375707001"}, "miss_distance": {"astronomical": "0.4125655223", "lunar": "160.487991333", "kilometers": "61718924", "miles": "38350364"}, "orbiting_body": "Earth"}, {"close_approach_date": "2118-06-07", "epoch_date_close_approach": 4684028400000, "relative_velocity": {"kilometers_per_second": "22.196706585", "kilometers_per_hour": "79908.1437061022", "miles_per_hour": "49651.81296005"}, "miss_distance": {"astronomical": "0.3601251569", "lunar": "140.088684082", "kilometers": "53873956", "miles": "33475724"}, "orbiting_body": "Earth"}, {"close_approach_date": "2119-06-09", "epoch_date_close_approach": 4715737200000, "relative_velocity": {"kilometers_per_second": "21.2481176003", "kilometers_per_hour": "76493.2233609932", "miles_per_hour": "47529.9142600572"}, "miss_distance": {"astronomical": "0.3081772801", "lunar": "119.8809661865", "kilometers": "46102668", "miles": "28646870"}, "orbiting_body": "Earth"}, {"close_approach_date": "2120-06-11", "epoch_date_close_approach": 4747532400000, "relative_velocity": {"kilometers_per_second": "20.375947562", "kilometers_per_hour": "73353.4112230567", "miles_per_hour": "45578.9571013488"}, "miss_distance": {"astronomical": "0.2568194446", "lunar": "99.9027709961", "kilometers": "38419644", "miles": "23872860"}, "orbiting_body": "Earth"}, {"close_approach_date": "2121-06-14", "epoch_date_close_approach": 4779327600000, "relative_velocity": {"kilometers_per_second": "19.6138984586", "kilometers_per_hour": "70610.0344509542", "miles_per_hour": "43874.3294620388"}, "miss_distance": {"astronomical": "0.2061767413", "lunar": "80.2027511597", "kilometers": "30843602", "miles": "19165326"}, "orbiting_body": "Earth"}, {"close_approach_date": "2122-06-16", "epoch_date_close_approach": 4811036400000, "relative_velocity": {"kilometers_per_second": "18.9361728768", "kilometers_per_hour": "68170.2223564674", "miles_per_hour": "42358.3251081061"}, "miss_distance": {"astronomical": "0.1569779282", "lunar": "61.0644111633", "kilometers": "23483564", "miles": "14592010"}, "orbiting_body": "Earth"}, {"close_approach_date": "2123-06-19", "epoch_date_close_approach": 4842831600000, "relative_velocity": {"kilometers_per_second": "18.3962728225", "kilometers_per_hour": "66226.5821610824", "miles_per_hour": "41150.6226767015"}, "miss_distance": {"astronomical": "0.110581758", "lunar": "43.0163040161", "kilometers": "16542795", "miles": "10279216"}, "orbiting_body": "Earth"}, {"close_approach_date": "2123-12-19", "epoch_date_close_approach": 4858646400000, "relative_velocity": {"kilometers_per_second": "20.0070823313", "kilometers_per_hour": "72025.4963925734", "miles_per_hour": "44753.8424668188"}, "miss_distance": {"astronomical": "0.4812615448", "lunar": "187.2107391357", "kilometers": "71995704", "miles": "44736056"}, "orbiting_body": "Earth"}, {"close_approach_date": "2124-06-20", "epoch_date_close_approach": 4874540400000, "relative_velocity": {"kilometers_per_second": "17.9541661168", "kilometers_per_hour": "64634.9980206013", "miles_per_hour": "40161.6741867453"}, "miss_distance": {"astronomical": "0.0696007127", "lunar": "27.074678421", "kilometers": "10412119", "miles": "6469791"}, "orbiting_body": "Earth"}, {"close_approach_date": "2124-12-18", "epoch_date_close_approach": 4890182400000, "relative_velocity": {"kilometers_per_second": "19.4096343589", "kilometers_per_hour": "69874.6836922045", "miles_per_hour": "43417.4110975256"}, "miss_distance": {"astronomical": "0.4364423282", "lunar": "169.7760620117", "kilometers": "65290840", "miles": "40569848"}, "orbiting_body": "Earth"}, {"close_approach_date": "2125-06-23", "epoch_date_close_approach": 4906335600000, "relative_velocity": {"kilometers_per_second": "17.6473715055", "kilometers_per_hour": "63530.5374198432", "miles_per_hour": "39475.4053206798"}, "miss_distance": {"astronomical": "0.04518115", "lunar": "17.5754680634", "kilometers": "6759004", "miles": "4199850.5"}, "orbiting_body": "Earth"}, {"close_approach_date": "2125-12-19", "epoch_date_close_approach": 4921804800000, "relative_velocity": {"kilometers_per_second": "18.8938962171", "kilometers_per_hour": "68018.0263817184", "miles_per_hour": "42263.7564481294"}, "miss_distance": {"astronomical": "0.3925945103", "lunar": "152.7192687988", "kilometers": "58731304", "miles": "36493940"}, "orbiting_body": "Earth"}, {"close_approach_date": "2126-06-25", "epoch_date_close_approach": 4938044400000, "relative_velocity": {"kilometers_per_second": "17.4324473051", "kilometers_per_hour": "62756.8102984302", "miles_per_hour": "38994.6413768218"}, "miss_distance": {"astronomical": "0.0573171154", "lunar": "22.2963581085", "kilometers": "8574518", "miles": "5327959"}, "orbiting_body": "Earth"}, {"close_approach_date": "2126-12-19", "epoch_date_close_approach": 4953340800000, "relative_velocity": {"kilometers_per_second": "18.403699268", "kilometers_per_hour": "66253.3173646682", "miles_per_hour": "41167.2348925073"}, "miss_distance": {"astronomical": "0.3488622763", "lunar": "135.7074279785", "kilometers": "52189056", "miles": "32428776"}, "orbiting_body": "Earth"}, {"close_approach_date": "2127-06-27", "epoch_date_close_approach": 4969753200000, "relative_velocity": {"kilometers_per_second": "17.315371544", "kilometers_per_hour": "62335.3375582949", "miles_per_hour": "38732.7546067083"}, "miss_distance": {"astronomical": "0.0929234179", "lunar": "36.1472091675", "kilometers": "13901146", "miles": "8637771"}, "orbiting_body": "Earth"}, {"close_approach_date": "2127-12-20", "epoch_date_close_approach": 4984963200000, "relative_velocity": {"kilometers_per_second": "17.9814017748", "kilometers_per_hour": "64733.0463893236", "miles_per_hour": "40222.5976300772"}, "miss_distance": {"astronomical": "0.3041983349", "lunar": "118.3331451416", "kilometers": "45507424", "miles": "28277002"}, "orbiting_body": "Earth"}, {"close_approach_date": "2128-06-29", "epoch_date_close_approach": 5001548400000, "relative_velocity": {"kilometers_per_second": "17.3065798446", "kilometers_per_hour": "62303.6874403908", "miles_per_hour": "38713.0884542806"}, "miss_distance": {"astronomical": "0.1357842098", "lunar": "52.8200569153", "kilometers": "20313028", "miles": "12621931"}, "orbiting_body": "Earth"}, {"close_approach_date": "2128-12-20", "epoch_date_close_approach": 5016585600000, "relative_velocity": {"kilometers_per_second": "17.6378478209", "kilometers_per_hour": "63496.2521551216", "miles_per_hour": "39454.1017904976"}, "miss_distance": {"astronomical": "0.2585324452", "lunar": "100.5691146851", "kilometers": "38675904", "miles": "24032092"}, "orbiting_body": "Earth"}, {"close_approach_date": "2129-07-01", "epoch_date_close_approach": 5033257200000, "relative_velocity": {"kilometers_per_second": "17.4038573165", "kilometers_per_hour": "62653.8863394709", "miles_per_hour": "38930.6884313229"}, "miss_distance": {"astronomical": "0.18108419", "lunar": "70.4417495728", "kilometers": "27089808", "miles": "16832826"}, "orbiting_body": "Earth"}, {"close_approach_date": "2129-12-20", "epoch_date_close_approach": 5048121600000, "relative_velocity": {"kilometers_per_second": "17.3652457097", "kilometers_per_hour": "62514.8845548667", "miles_per_hour": "38844.3181279948"}, "miss_distance": {"astronomical": "0.2123061972", "lunar": "82.5871124268", "kilometers": "31760556", "miles": "19735094"}, "orbiting_body": "Earth"}, {"close_approach_date": "2130-07-04", "epoch_date_close_approach": 5065052400000, "relative_velocity": {"kilometers_per_second": "17.6193641573", "kilometers_per_hour": "63429.7109661868", "miles_per_hour": "39412.7556834064"}, "miss_distance": {"astronomical": "0.2271182106", "lunar": "88.3489837646", "kilometers": "33976400", "miles": "21111956"}, "orbiting_body": "Earth"}, {"close_approach_date": "2130-12-21", "epoch_date_close_approach": 5079744000000, "relative_velocity": {"kilometers_per_second": "17.207729922", "kilometers_per_hour": "61947.827719344", "miles_per_hour": "38491.9710626113"}, "miss_distance": {"astronomical": "0.1662584157", "lunar": "64.6745223999", "kilometers": "24871904", "miles": "15454685"}, "orbiting_body": "Earth"}, {"close_approach_date": "2131-07-06", "epoch_date_close_approach": 5096761200000, "relative_velocity": {"kilometers_per_second": "17.9340983117", "kilometers_per_hour": "64562.7539221913", "miles_per_hour": "40116.784513486"}, "miss_distance": {"astronomical": "0.2731731808", "lunar": "106.2643661499", "kilometers": "40866128", "miles": "25393034"}, "orbiting_body": "Earth"}, {"close_approach_date": "2131-12-22", "epoch_date_close_approach": 5111366400000, "relative_velocity": {"kilometers_per_second": "17.152328167", "kilometers_per_hour": "61748.3814011064", "miles_per_hour": "38368.0428767041"}, "miss_distance": {"astronomical": "0.1209766783", "lunar": "47.059928894", "kilometers": "18097854", "miles": "11245485"}, "orbiting_body": "Earth"}, {"close_approach_date": "2132-07-08", "epoch_date_close_approach": 5128556400000, "relative_velocity": {"kilometers_per_second": "18.3393766231", "kilometers_per_hour": "66021.7558432507", "miles_per_hour": "41023.3515682688"}, "miss_distance": {"astronomical": "0.3187213916", "lunar": "123.9826202393", "kilometers": "47680040", "miles": "29627004"}, "orbiting_body": "Earth"}, {"close_approach_date": "2132-12-22", "epoch_date_close_approach": 5142988800000, "relative_velocity": {"kilometers_per_second": "17.1950420262", "kilometers_per_hour": "61902.1512942858", "miles_per_hour": "38463.5895083855"}, "miss_distance": {"astronomical": "0.0779854494", "lunar": "30.3363399506", "kilometers": "11666457", "miles": "7249200.5"}, "orbiting_body": "Earth"}, {"close_approach_date": "2133-07-10", "epoch_date_close_approach": 5160265200000, "relative_velocity": {"kilometers_per_second": "18.8282464477", "kilometers_per_hour": "67781.6872117204", "miles_per_hour": "42116.9044788604"}, "miss_distance": {"astronomical": "0.3630721427", "lunar": "141.2350616455", "kilometers": "54314824", "miles": "33749664"}, "orbiting_body": "Earth"}, {"close_approach_date": "2133-12-23", "epoch_date_close_approach": 5174611200000, "relative_velocity": {"kilometers_per_second": "17.349750565", "kilometers_per_hour": "62459.1020341022", "miles_per_hour": "38809.657038912"}, "miss_distance": {"astronomical": "0.0428863776", "lunar": "16.682800293", "kilometers": "6415710.5", "miles": "3986537.75"}, "orbiting_body": "Earth"}, {"close_approach_date": "2134-07-12", "epoch_date_close_approach": 5191974000000, "relative_velocity": {"kilometers_per_second": "19.346985288", "kilometers_per_hour": "69649.1470367849", "miles_per_hour": "43277.2713907178"}, "miss_distance": {"astronomical": "0.4050127053", "lunar": "157.5499420166", "kilometers": "60589036", "miles": "37648284"}, "orbiting_body": "Earth"}, {"close_approach_date": "2134-12-24", "epoch_date_close_approach": 5206233600000, "relative_velocity": {"kilometers_per_second": "17.5853368801", "kilometers_per_hour": "63307.2127681894", "miles_per_hour": "39336.6400669897"}, "miss_distance": {"astronomical": "0.0388689577", "lunar": "15.1200237274", "kilometers": "5814713", "miles": "3613095.25"}, "orbiting_body": "Earth"}, {"close_approach_date": "2135-07-14", "epoch_date_close_approach": 5223682800000, "relative_velocity": {"kilometers_per_second": "19.9521317566", "kilometers_per_hour": "71827.6743239177", "miles_per_hour": "44630.9235264365"}, "miss_distance": {"astronomical": "0.4474624081", "lunar": "174.0628814697", "kilometers": "66939424", "miles": "41594228"}, "orbiting_body": "Earth"}, {"close_approach_date": "2135-12-25", "epoch_date_close_approach": 5237856000000, "relative_velocity": {"kilometers_per_second": "17.9219896816", "kilometers_per_hour": "64519.1628538352", "miles_per_hour": "40089.6987188178"}, "miss_distance": {"astronomical": "0.0719177321", "lunar": "27.9759998322", "kilometers": "10758740", "miles": "6685171"}, "orbiting_body": "Earth"}, {"close_approach_date": "2136-07-16", "epoch_date_close_approach": 5255478000000, "relative_velocity": {"kilometers_per_second": "20.6332445812", "kilometers_per_hour": "74279.6804924431", "miles_per_hour": "46154.5048037628"}, "miss_distance": {"astronomical": "0.492885588", "lunar": "191.7324981689", "kilometers": "73734632", "miles": "45816580"}, "orbiting_body": "Earth"}, {"close_approach_date": "2136-12-26", "epoch_date_close_approach": 5269564800000, "relative_velocity": {"kilometers_per_second": "18.4048402611", "kilometers_per_hour": "66257.4249398156", "miles_per_hour": "41169.7871799649"}, "miss_distance": {"astronomical": "0.1164560172", "lunar": "45.3013916016", "kilometers": "17421572", "miles": "10825263"}, "orbiting_body": "Earth"}, {"close_approach_date": "2137-12-27", "epoch_date_close_approach": 5301187200000, "relative_velocity": {"kilometers_per_second": "18.9867313752", "kilometers_per_hour": "68352.2329508204", "miles_per_hour": "42471.4194132473"}, "miss_distance": {"astronomical": "0.1646891868", "lunar": "64.0640945435", "kilometers": "24637152", "miles": "15308816"}, "orbiting_body": "Earth"}, {"close_approach_date": "2138-12-29", "epoch_date_close_approach": 5332896000000, "relative_velocity": {"kilometers_per_second": "19.7030691742", "kilometers_per_hour": "70931.0490269872", "miles_per_hour": "44073.7954356854"}, "miss_distance": {"astronomical": "0.2148583602", "lunar": "83.5799026489", "kilometers": "32142352", "miles": "19972332"}, "orbiting_body": "Earth"}, {"close_approach_date": "2139-12-30", "epoch_date_close_approach": 5364518400000, "relative_velocity": {"kilometers_per_second": "20.5282448158", "kilometers_per_hour": "73901.6813369639", "miles_per_hour": "45919.6308285151"}, "miss_distance": {"astronomical": "0.2663971573", "lunar": "103.6284942627", "kilometers": "39852448", "miles": "24763162"}, "orbiting_body": "Earth"}, {"close_approach_date": "2140-12-31", "epoch_date_close_approach": 5396227200000, "relative_velocity": {"kilometers_per_second": "21.4403110602", "kilometers_per_hour": "77185.1198167473", "miles_per_hour": "47959.8318105784"}, "miss_distance": {"astronomical": "0.3187202807", "lunar": "123.9821929932", "kilometers": "47679876", "miles": "29626902"}, "orbiting_body": "Earth"}, {"close_approach_date": "2142-01-02", "epoch_date_close_approach": 5427936000000, "relative_velocity": {"kilometers_per_second": "22.4662310551", "kilometers_per_hour": "80878.4317983694", "miles_per_hour": "50254.712247159"}, "miss_distance": {"astronomical": "0.3715475685", "lunar": "144.5320129395", "kilometers": "55582728", "miles": "34537504"}, "orbiting_body": "Earth"}, {"close_approach_date": "2143-01-03", "epoch_date_close_approach": 5459558400000, "relative_velocity": {"kilometers_per_second": "23.534527901", "kilometers_per_hour": "84724.3004436202", "miles_per_hour": "52644.3854617594"}, "miss_distance": {"astronomical": "0.4245644785", "lunar": "165.1555786133", "kilometers": "63513944", "miles": "39465736"}, "orbiting_body": "Earth"}, {"close_approach_date": "2144-01-05", "epoch_date_close_approach": 5491267200000, "relative_velocity": {"kilometers_per_second": "24.7010414064", "kilometers_per_hour": "88923.7490628899", "miles_per_hour": "55253.7595218829"}, "miss_distance": {"astronomical": "0.4778570103", "lunar": "185.8863830566", "kilometers": "71486392", "miles": "44419584"}, "orbiting_body": "Earth"}], "orbital_data": {"orbit_id": "44", "orbit_determination_date": "2017-12-30 06:33:00", "orbit_uncertainty": "0", "minimum_orbit_intersection": ".0357698", "jupiter_tisserand_invariant": "5.906", "epoch_osculation": "2458000.5", "eccentricity": ".1069594371123904", "semi_major_axis": "1.00499711564485", "inclination": "33.52406590973698", "ascending_node_longitude": "91.46917521658713", "orbital_period": "367.9981622583643", "perihelion_distance": ".8975031898559008", "perihelion_argument": "256.4985527549643", "aphelion_distance": "1.112491041433799", "perihelion_time": "2458016.493843222712", "mean_anomaly": "344.3537708861332", "mean_motion": ".9782657548905125", "equinox": "J2000"}}