{"links": {"self": "https://api.nasa.gov/neo/rest/v1/neo/2439437?api_key=stjNMXvPIBN6FqEBpH6hQbWAtFDv0RARRez0p7z1"}, "neo_reference_id": "2439437", "name": "439437 (2013 NK4)", "nasa_jpl_url": "http://ssd.jpl.nasa.gov/sbdb.cgi?sstr=2439437", "absolute_magnitude_h": 18.7, "estimated_diameter": {"kilometers": {"estimated_diameter_min": 0.4836764882, "estimated_diameter_max": 1.0815335068}, "meters": {"estimated_diameter_min": 483.6764882185, "estimated_diameter_max": 1081.533506775}, "miles": {"estimated_diameter_min": 0.3005425432, "estimated_diameter_max": 0.6720335566}, "feet": {"estimated_diameter_min": 1586.8651696069, "estimated_diameter_max": 3548.3383903678}}, "is_potentially_hazardous_asteroid": true, "close_approach_data": [{"close_approach_date": "1900-08-04", "epoch_date_close_approach": -2190384000000, "relative_velocity": {"kilometers_per_second": "10.7153122154", "kilometers_per_hour": "38575.1239752978", "miles_per_hour": "23969.0818945399"}, "miss_distance": {"astronomical": "0.3539669839", "lunar": "137.6931610107", "kilometers": "52952708", "miles": "32903286"}, "orbiting_body": "Earth"}, {"close_approach_date": "1900-09-28", "epoch_date_close_approach": -2185632000000, "relative_velocity": {"kilometers_per_second": "11.3486144442", "kilometers_per_hour": "40855.0119990221", "miles_per_hour": "25385.7156501701"}, "miss_distance": {"astronomical": "0.3740256535", "lunar": "145.4959716797", "kilometers": "55953440", "miles": "34767856"}, "orbiting_body": "Earth"}, {"close_approach_date": "1900-12-05", "epoch_date_close_approach": -2179756800000, "relative_velocity": {"kilometers_per_second": "15.3317680738", "kilometers_per_hour": "55194.3650657156", "miles_per_hour": "34295.6320043054"}, "miss_distance": {"astronomical": "0.0859712108", "lunar": "33.4428024292", "kilometers": "12861111", "miles": "7991523.5"}, "orbiting_body": "Venus"}, {"close_approach_date": "1901-07-16", "epoch_date_close_approach": -2160489600000, "relative_velocity": {"kilometers_per_second": "12.1825609568", "kilometers_per_hour": "43857.2194445318", "miles_per_hour": "27251.1706042981"}, "miss_distance": {"astronomical": "0.4773922455", "lunar": "185.705581665", "kilometers": "71416864", "miles": "44376384"}, "orbiting_body": "Earth"}, {"close_approach_date": "1901-10-31", "epoch_date_close_approach": -2151244800000, "relative_velocity": {"kilometers_per_second": "18.9714611288", "kilometers_per_hour": "68297.2600637632", "miles_per_hour": "42437.2613990644"}, "miss_distance": {"astronomical": "0.4684164673", "lunar": "182.2140045166", "kilometers": "70074104", "miles": "43542028"}, "orbiting_body": "Earth"}, {"close_approach_date": "1906-01-27", "epoch_date_close_approach": -2017411200000, "relative_velocity": {"kilometers_per_second": "18.8863611857", "kilometers_per_hour": "67990.9002684415", "miles_per_hour": "42246.9013362436"}, "miss_distance": {"astronomical": "0.4756970847", "lunar": "185.0461578369", "kilometers": "71163272", "miles": "44218804"}, "orbiting_body": "Earth"}, {"close_approach_date": "1906-05-13", "epoch_date_close_approach": -2008252800000, "relative_velocity": {"kilometers_per_second": "12.4059062465", "kilometers_per_hour": "44661.2624872499", "miles_per_hour": "27750.7716827026"}, "miss_distance": {"astronomical": "0.4634095753", "lunar": "180.2663269043", "kilometers": "69325088", "miles": "43076612"}, "orbiting_body": "Earth"}, {"close_approach_date": "1907-03-02", "epoch_date_close_approach": -1982937600000, "relative_velocity": {"kilometers_per_second": "9.8525311718", "kilometers_per_hour": "35469.1122185361", "miles_per_hour": "22039.1269782342"}, "miss_distance": {"astronomical": "0.3780357104", "lunar": "147.0558929443", "kilometers": "56553340", "miles": "35140616"}, "orbiting_body": "Earth"}, {"close_approach_date": "1907-04-26", "epoch_date_close_approach": -1978185600000, "relative_velocity": {"kilometers_per_second": "11.2449833076", "kilometers_per_hour": "40481.9399073535", "miles_per_hour": "25153.9031607664"}, "miss_distance": {"astronomical": "0.3337458114", "lunar": "129.8271179199", "kilometers": "49927664", "miles": "31023612"}, "orbiting_body": "Earth"}, {"close_approach_date": "1908-01-05", "epoch_date_close_approach": -1956240000000, "relative_velocity": {"kilometers_per_second": "20.1083335615", "kilometers_per_hour": "72390.0008215544", "miles_per_hour": "44980.3313438153"}, "miss_distance": {"astronomical": "0.019229017", "lunar": "7.4800877571", "kilometers": "2876620", "miles": "1787448.875"}, "orbiting_body": "Venus"}, {"close_approach_date": "1908-04-12", "epoch_date_close_approach": -1947772800000, "relative_velocity": {"kilometers_per_second": "13.210501756", "kilometers_per_hour": "47557.8063217076", "miles_per_hour": "29550.5713780633"}, "miss_distance": {"astronomical": "0.1366458566", "lunar": "53.1552352905", "kilometers": "20441928", "miles": "12702026"}, "orbiting_body": "Earth"}, {"close_approach_date": "1909-04-18", "epoch_date_close_approach": -1915718400000, "relative_velocity": {"kilometers_per_second": "19.2644146365", "kilometers_per_hour": "69351.8926913194", "miles_per_hour": "43092.5691003367"}, "miss_distance": {"astronomical": "0.0812368478", "lunar": "31.6011333466", "kilometers": "12152859", "miles": "7551436.5"}, "orbiting_body": "Earth"}, {"close_approach_date": "1910-04-27", "epoch_date_close_approach": -1883404800000, "relative_velocity": {"kilometers_per_second": "25.794071074", "kilometers_per_hour": "92858.655866292", "miles_per_hour": "57698.7575853635"}, "miss_distance": {"astronomical": "0.2941186668", "lunar": "114.4121627808", "kilometers": "43999528", "miles": "27340038"}, "orbiting_body": "Earth"}, {"close_approach_date": "1920-08-16", "epoch_date_close_approach": -1558195200000, "relative_velocity": {"kilometers_per_second": "17.9390252806", "kilometers_per_hour": "64580.491010313", "miles_per_hour": "40127.8056502692"}, "miss_distance": {"astronomical": "0.0325537189", "lunar": "12.6633958817", "kilometers": "4869967", "miles": "3026057"}, "orbiting_body": "Venus"}, {"close_approach_date": "1925-07-28", "epoch_date_close_approach": -1402070400000, "relative_velocity": {"kilometers_per_second": "29.3870820922", "kilometers_per_hour": "105793.4955320053", "miles_per_hour": "65735.9639320952"}, "miss_distance": {"astronomical": "0.4262002095", "lunar": "165.791885376", "kilometers": "63758644", "miles": "39617784"}, "orbiting_body": "Earth"}, {"close_approach_date": "1926-08-06", "epoch_date_close_approach": -1369756800000, "relative_velocity": {"kilometers_per_second": "23.0324549559", "kilometers_per_hour": "82916.8378411745", "miles_per_hour": "51521.298490812"}, "miss_distance": {"astronomical": "0.2341273249", "lunar": "91.0755310059", "kilometers": "35024952", "miles": "21763494"}, "orbiting_body": "Earth"}, {"close_approach_date": "1927-08-15", "epoch_date_close_approach": -1337443200000, "relative_velocity": {"kilometers_per_second": "16.7098632873", "kilometers_per_hour": "60155.5078344438", "miles_per_hour": "37378.2931874631"}, "miss_distance": {"astronomical": "0.1095280682", "lunar": "42.6064186096", "kilometers": "16385165", "miles": "10181270"}, "orbiting_body": "Earth"}, {"close_approach_date": "1927-09-11", "epoch_date_close_approach": -1335110400000, "relative_velocity": {"kilometers_per_second": "21.8639371176", "kilometers_per_hour": "78710.1736234392", "miles_per_hour": "48907.4409384087"}, "miss_distance": {"astronomical": "0.0527186107", "lunar": "20.5075397491", "kilometers": "7886592", "miles": "4900501"}, "orbiting_body": "Venus"}, {"close_approach_date": "1928-08-18", "epoch_date_close_approach": -1305561600000, "relative_velocity": {"kilometers_per_second": "11.0976056481", "kilometers_per_hour": "39951.3803332626", "miles_per_hour": "24824.2340742986"}, "miss_distance": {"astronomical": "0.2386336255", "lunar": "92.8284835815", "kilometers": "35699084", "miles": "22182382"}, "orbiting_body": "Earth"}, {"close_approach_date": "1929-07-29", "epoch_date_close_approach": -1275753600000, "relative_velocity": {"kilometers_per_second": "11.1984793878", "kilometers_per_hour": "40314.5257959533", "miles_per_hour": "25049.8785424911"}, "miss_distance": {"astronomical": "0.3978487347", "lunar": "154.7631530762", "kilometers": "59517324", "miles": "36982348"}, "orbiting_body": "Earth"}, {"close_approach_date": "1929-10-11", "epoch_date_close_approach": -1269360000000, "relative_velocity": {"kilometers_per_second": "14.2479470994", "kilometers_per_hour": "51292.6095577633", "miles_per_hour": "31871.2328666002"}, "miss_distance": {"astronomical": "0.4114177693", "lunar": "160.041519165", "kilometers": "61547224", "miles": "38243672"}, "orbiting_body": "Earth"}, {"close_approach_date": "1930-07-13", "epoch_date_close_approach": -1245600000000, "relative_velocity": {"kilometers_per_second": "12.4307807062", "kilometers_per_hour": "44750.8105423103", "miles_per_hour": "27806.4133616927"}, "miss_distance": {"astronomical": "0.4980972189", "lunar": "193.7598114014", "kilometers": "74514280", "miles": "46301028"}, "orbiting_body": "Earth"}, {"close_approach_date": "1930-11-06", "epoch_date_close_approach": -1235577600000, "relative_velocity": {"kilometers_per_second": "20.2475745554", "kilometers_per_hour": "72891.2683993975", "miles_per_hour": "45291.7995229479"}, "miss_distance": {"astronomical": "0.4826096291", "lunar": "187.7351531982", "kilometers": "72197376", "miles": "44861368"}, "orbiting_body": "Earth"}, {"close_approach_date": "1935-01-28", "epoch_date_close_approach": -1102176000000, "relative_velocity": {"kilometers_per_second": "18.7667896831", "kilometers_per_hour": "67560.4428590639", "miles_per_hour": "41979.4318420667"}, "miss_distance": {"astronomical": "0.4745208719", "lunar": "184.5886077881", "kilometers": "70987312", "miles": "44109472"}, "orbiting_body": "Earth"}, {"close_approach_date": "1935-05-13", "epoch_date_close_approach": -1093104000000, "relative_velocity": {"kilometers_per_second": "12.383169465", "kilometers_per_hour": "44579.4100738337", "miles_per_hour": "27699.9117761552"}, "miss_distance": {"astronomical": "0.4605878047", "lunar": "179.1686553955", "kilometers": "68902952", "miles": "42814312"}, "orbiting_body": "Earth"}, {"close_approach_date": "1936-02-29", "epoch_date_close_approach": -1067875200000, "relative_velocity": {"kilometers_per_second": "10.4409908526", "kilometers_per_hour": "37587.5670692293", "miles_per_hour": "23355.4524380997"}, "miss_distance": {"astronomical": "0.3834658273", "lunar": "149.1682128906", "kilometers": "57365672", "miles": "35645376"}, "orbiting_body": "Earth"}, {"close_approach_date": "1936-04-26", "epoch_date_close_approach": -1062950400000, "relative_velocity": {"kilometers_per_second": "11.3006063923", "kilometers_per_hour": "40682.1830123059", "miles_per_hour": "25278.326438952"}, "miss_distance": {"astronomical": "0.3389386908", "lunar": "131.84715271", "kilometers": "50704504", "miles": "31506320"}, "orbiting_body": "Earth"}, {"close_approach_date": "1937-04-13", "epoch_date_close_approach": -1032537600000, "relative_velocity": {"kilometers_per_second": "12.7757644129", "kilometers_per_hour": "45992.7518864717", "miles_per_hour": "28578.1074152357"}, "miss_distance": {"astronomical": "0.1548287193", "lunar": "60.2283706665", "kilometers": "23162046", "miles": "14392228"}, "orbiting_body": "Earth"}, {"close_approach_date": "1938-04-17", "epoch_date_close_approach": -1000656000000, "relative_velocity": {"kilometers_per_second": "18.5518636175", "kilometers_per_hour": "66786.7090229244", "miles_per_hour": "41498.6637259388"}, "miss_distance": {"astronomical": "0.0582065713", "lunar": "22.6423568726", "kilometers": "8707579", "miles": "5410639"}, "orbiting_body": "Earth"}, {"close_approach_date": "1939-04-26", "epoch_date_close_approach": -968342400000, "relative_velocity": {"kilometers_per_second": "24.9777402833", "kilometers_per_hour": "89919.8650200204", "miles_per_hour": "55872.707239801"}, "miss_distance": {"astronomical": "0.2673742424", "lunar": "104.0085830688", "kilometers": "39998620", "miles": "24853990"}, "orbiting_body": "Earth"}, {"close_approach_date": "1940-05-05", "epoch_date_close_approach": -935942400000, "relative_velocity": {"kilometers_per_second": "31.4004769963", "kilometers_per_hour": "113041.7171867326", "miles_per_hour": "70239.7269930561"}, "miss_distance": {"astronomical": "0.471532632", "lunar": "183.4261932373", "kilometers": "70540280", "miles": "43831696"}, "orbiting_body": "Earth"}, {"close_approach_date": "1943-05-26", "epoch_date_close_approach": -839523600000, "relative_velocity": {"kilometers_per_second": "22.8234590688", "kilometers_per_hour": "82164.4526476732", "miles_per_hour": "51053.7955909945"}, "miss_distance": {"astronomical": "0.0710341607", "lunar": "27.6322898865", "kilometers": "10626560", "miles": "6603038"}, "orbiting_body": "Venus"}, {"close_approach_date": "1950-06-21", "epoch_date_close_approach": -616352400000, "relative_velocity": {"kilometers_per_second": "16.8085689654", "kilometers_per_hour": "60510.8482753093", "miles_per_hour": "37599.0879186221"}, "miss_distance": {"astronomical": "0.0563260796", "lunar": "21.9108448029", "kilometers": "8426262", "miles": "5235836.5"}, "orbiting_body": "Venus"}, {"close_approach_date": "1954-07-26", "epoch_date_close_approach": -487098000000, "relative_velocity": {"kilometers_per_second": "31.0180090318", "kilometers_per_hour": "111664.8325143342", "miles_per_hour": "69384.1844031428"}, "miss_distance": {"astronomical": "0.4751990332", "lunar": "184.852432251", "kilometers": "71088768", "miles": "44172512"}, "orbiting_body": "Earth"}, {"close_approach_date": "1955-08-05", "epoch_date_close_approach": -454698000000, "relative_velocity": {"kilometers_per_second": "24.5280740031", "kilometers_per_hour": "88301.0664110102", "miles_per_hour": "54866.8487374413"}, "miss_distance": {"astronomical": "0.2781769064", "lunar": "108.2108154297", "kilometers": "41614672", "miles": "25858158"}, "orbiting_body": "Earth"}, {"close_approach_date": "1956-08-13", "epoch_date_close_approach": -422384400000, "relative_velocity": {"kilometers_per_second": "18.0713554233", "kilometers_per_hour": "65056.879524006", "miles_per_hour": "40423.8149464581"}, "miss_distance": {"astronomical": "0.1174004148", "lunar": "45.668762207", "kilometers": "17562852", "miles": "10913050"}, "orbiting_body": "Earth"}, {"close_approach_date": "1957-08-19", "epoch_date_close_approach": -390330000000, "relative_velocity": {"kilometers_per_second": "11.9965592336", "kilometers_per_hour": "43187.6132410086", "miles_per_hour": "26835.10334967"}, "miss_distance": {"astronomical": "0.2038250669", "lunar": "79.2879562378", "kilometers": "30491796", "miles": "18946724"}, "orbiting_body": "Earth"}, {"close_approach_date": "1958-08-02", "epoch_date_close_approach": -360262800000, "relative_velocity": {"kilometers_per_second": "10.9329091776", "kilometers_per_hour": "39358.4730394579", "miles_per_hour": "24455.8245394343"}, "miss_distance": {"astronomical": "0.3763664435", "lunar": "146.406539917", "kilometers": "56303616", "miles": "34985448"}, "orbiting_body": "Earth"}, {"close_approach_date": "1958-10-06", "epoch_date_close_approach": -354643200000, "relative_velocity": {"kilometers_per_second": "12.8803872929", "kilometers_per_hour": "46369.3942545026", "miles_per_hour": "28812.1383355269"}, "miss_distance": {"astronomical": "0.3935573192", "lunar": "153.0937957764", "kilometers": "58875336", "miles": "36583436"}, "orbiting_body": "Earth"}, {"close_approach_date": "1959-07-15", "epoch_date_close_approach": -330282000000, "relative_velocity": {"kilometers_per_second": "12.2949415894", "kilometers_per_hour": "44261.7897217014", "miles_per_hour": "27502.5548412427"}, "miss_distance": {"astronomical": "0.4879888452", "lunar": "189.8276672363", "kilometers": "73002096", "miles": "45361400"}, "orbiting_body": "Earth"}, {"close_approach_date": "1959-11-03", "epoch_date_close_approach": -320688000000, "relative_velocity": {"kilometers_per_second": "19.5891463814", "kilometers_per_hour": "70520.9269729507", "miles_per_hour": "43818.9615404982"}, "miss_distance": {"astronomical": "0.4756831434", "lunar": "185.0407409668", "kilometers": "71161184", "miles": "44217512"}, "orbiting_body": "Earth"}, {"close_approach_date": "1963-01-30", "epoch_date_close_approach": -218390400000, "relative_velocity": {"kilometers_per_second": "21.0193430175", "kilometers_per_hour": "75669.6348628463", "miles_per_hour": "47018.1683957502"}, "miss_distance": {"astronomical": "0.0344346112", "lunar": "13.3950643539", "kilometers": "5151345", "miles": "3200897.25"}, "orbiting_body": "Venus"}, {"close_approach_date": "1964-01-28", "epoch_date_close_approach": -187027200000, "relative_velocity": {"kilometers_per_second": "18.8321806474", "kilometers_per_hour": "67795.8503306454", "miles_per_hour": "42125.7048901724"}, "miss_distance": {"astronomical": "0.4748016462", "lunar": "184.697845459", "kilometers": "71029320", "miles": "44135572"}, "orbiting_body": "Earth"}, {"close_approach_date": "1964-05-12", "epoch_date_close_approach": -177958800000, "relative_velocity": {"kilometers_per_second": "12.4082506181", "kilometers_per_hour": "44669.7022252234", "miles_per_hour": "27756.0158076673"}, "miss_distance": {"astronomical": "0.462129873", "lunar": "179.7685089111", "kilometers": "69133640", "miles": "42957656"}, "orbiting_body": "Earth"}, {"close_approach_date": "1965-03-02", "epoch_date_close_approach": -152553600000, "relative_velocity": {"kilometers_per_second": "9.7851777626", "kilometers_per_hour": "35226.6399452983", "miles_per_hour": "21888.4641371216"}, "miss_distance": {"astronomical": "0.37796243", "lunar": "147.0273895264", "kilometers": "56542376", "miles": "35133804"}, "orbiting_body": "Earth"}, {"close_approach_date": "1965-04-26", "epoch_date_close_approach": -147805200000, "relative_velocity": {"kilometers_per_second": "11.2529705247", "kilometers_per_hour": "40510.6938889974", "miles_per_hour": "25171.7697667495"}, "miss_distance": {"astronomical": "0.3338175803", "lunar": "129.8550415039", "kilometers": "49938400", "miles": "31030282"}, "orbiting_body": "Earth"}, {"close_approach_date": "1966-04-13", "epoch_date_close_approach": -117388800000, "relative_velocity": {"kilometers_per_second": "13.1650172475", "kilometers_per_hour": "47394.0620911692", "miles_per_hour": "29448.8270810379"}, "miss_distance": {"astronomical": "0.1380865233", "lunar": "53.7156600952", "kilometers": "20657450", "miles": "12835945"}, "orbiting_body": "Earth"}, {"close_approach_date": "1967-04-19", "epoch_date_close_approach": -85334400000, "relative_velocity": {"kilometers_per_second": "19.3810169055", "kilometers_per_hour": "69771.6608598544", "miles_per_hour": "43353.3967159467"}, "miss_distance": {"astronomical": "0.0842044578", "lunar": "32.7555351257", "kilometers": "12596808", "miles": "7827293.5"}, "orbiting_body": "Earth"}, {"close_approach_date": "1967-07-06", "epoch_date_close_approach": -78598800000, "relative_velocity": {"kilometers_per_second": "11.3396001358", "kilometers_per_hour": "40822.5604887072", "miles_per_hour": "25365.5515436637"}, "miss_distance": {"astronomical": "0.0776388999", "lunar": "30.2015323639", "kilometers": "11614614", "miles": "7216987"}, "orbiting_body": "Mars"}, {"close_approach_date": "1968-04-27", "epoch_date_close_approach": -53020800000, "relative_velocity": {"kilometers_per_second": "26.0432135415", "kilometers_per_hour": "93755.5687495307", "miles_per_hour": "58256.0643710626"}, "miss_distance": {"astronomical": "0.3015336953", "lunar": "117.2966079712", "kilometers": "45108800", "miles": "28029308"}, "orbiting_body": "Earth"}, {"close_approach_date": "1970-02-28", "epoch_date_close_approach": 5040000000, "relative_velocity": {"kilometers_per_second": "15.7120991882", "kilometers_per_hour": "56563.5570773432", "miles_per_hour": "35146.3946739747"}, "miss_distance": {"astronomical": "0.0791635161", "lunar": "30.7946071625", "kilometers": "11842693", "miles": "7358708.5"}, "orbiting_body": "Venus"}, {"close_approach_date": "1979-09-02", "epoch_date_close_approach": 305103600000, "relative_velocity": {"kilometers_per_second": "14.0973141796", "kilometers_per_hour": "50750.3310466259", "miles_per_hour": "31534.2820883882"}, "miss_distance": {"astronomical": "0.111858022", "lunar": "43.5127716064", "kilometers": "16733723", "miles": "10397853"}, "orbiting_body": "Venus"}, {"close_approach_date": "1982-10-12", "epoch_date_close_approach": 403254000000, "relative_velocity": {"kilometers_per_second": "26.4261037609", "kilometers_per_hour": "95133.9735393059", "miles_per_hour": "59112.5515027981"}, "miss_distance": {"astronomical": "0.1450104842", "lunar": "56.4090805054", "kilometers": "21693260", "miles": "13479567"}, "orbiting_body": "Venus"}, {"close_approach_date": "1983-08-02", "epoch_date_close_approach": 428655600000, "relative_velocity": {"kilometers_per_second": "26.3145671179", "kilometers_per_hour": "94732.441624422", "miles_per_hour": "58863.0551860193"}, "miss_distance": {"astronomical": "0.3313078197", "lunar": "128.8787384033", "kilometers": "49562948", "miles": "30796986"}, "orbiting_body": "Earth"}, {"close_approach_date": "1984-08-11", "epoch_date_close_approach": 461055600000, "relative_velocity": {"kilometers_per_second": "19.648736606", "kilometers_per_hour": "70735.4517815993", "miles_per_hour": "43952.258913961"}, "miss_distance": {"astronomical": "0.1446903617", "lunar": "56.2845535278", "kilometers": "21645370", "miles": "13449810"}, "orbiting_body": "Earth"}, {"close_approach_date": "1985-08-19", "epoch_date_close_approach": 493282800000, "relative_velocity": {"kilometers_per_second": "13.2061528451", "kilometers_per_hour": "47542.150242351", "miles_per_hour": "29540.8432991986"}, "miss_distance": {"astronomical": "0.1663925228", "lunar": "64.7266921997", "kilometers": "24891966", "miles": "15467151"}, "orbiting_body": "Earth"}, {"close_approach_date": "1986-08-06", "epoch_date_close_approach": 523695600000, "relative_velocity": {"kilometers_per_second": "10.6726361727", "kilometers_per_hour": "38421.4902216836", "miles_per_hour": "23873.61985469"}, "miss_distance": {"astronomical": "0.3482125162", "lunar": "135.4546661377", "kilometers": "52091852", "miles": "32368376"}, "orbiting_body": "Earth"}, {"close_approach_date": "1986-09-27", "epoch_date_close_approach": 528188400000, "relative_velocity": {"kilometers_per_second": "10.8935684675", "kilometers_per_hour": "39216.8464829878", "miles_per_hour": "24367.8233049431"}, "miss_distance": {"astronomical": "0.3684945336", "lunar": "143.3443756104", "kilometers": "55126000", "miles": "34253708"}, "orbiting_body": "Earth"}, {"close_approach_date": "1986-10-02", "epoch_date_close_approach": 528620400000, "relative_velocity": {"kilometers_per_second": "22.0288428164", "kilometers_per_hour": "79303.8341388661", "miles_per_hour": "49276.3184958971"}, "miss_distance": {"astronomical": "0.0559878145", "lunar": "21.7792606354", "kilometers": "8375658", "miles": "5204392.5"}, "orbiting_body": "Venus"}, {"close_approach_date": "1987-07-18", "epoch_date_close_approach": 553590000000, "relative_velocity": {"kilometers_per_second": "12.1015171352", "kilometers_per_hour": "43565.4616866808", "miles_per_hour": "27069.8836797045"}, "miss_distance": {"astronomical": "0.472367441", "lunar": "183.7509307861", "kilometers": "70665160", "miles": "43909296"}, "orbiting_body": "Earth"}, {"close_approach_date": "1987-10-30", "epoch_date_close_approach": 562579200000, "relative_velocity": {"kilometers_per_second": "18.6606449058", "kilometers_per_hour": "67178.3216609347", "miles_per_hour": "41741.996589818"}, "miss_distance": {"astronomical": "0.4650573852", "lunar": "180.9073181152", "kilometers": "69571592", "miles": "43229784"}, "orbiting_body": "Earth"}, {"close_approach_date": "1992-01-25", "epoch_date_close_approach": 696326400000, "relative_velocity": {"kilometers_per_second": "19.4866648857", "kilometers_per_hour": "70151.9935883566", "miles_per_hour": "43589.7206827208"}, "miss_distance": {"astronomical": "0.4815614602", "lunar": "187.3274078369", "kilometers": "72040568", "miles": "44763932"}, "orbiting_body": "Earth"}, {"close_approach_date": "1992-05-14", "epoch_date_close_approach": 705826800000, "relative_velocity": {"kilometers_per_second": "12.4962612028", "kilometers_per_hour": "44986.5403299576", "miles_per_hour": "27952.8866844673"}, "miss_distance": {"astronomical": "0.4734478629", "lunar": "184.1712188721", "kilometers": "70826792", "miles": "44009728"}, "orbiting_body": "Earth"}, {"close_approach_date": "1993-02-24", "epoch_date_close_approach": 730540800000, "relative_velocity": {"kilometers_per_second": "11.6719650591", "kilometers_per_hour": "42019.0742126232", "miles_per_hour": "26109.0186406158"}, "miss_distance": {"astronomical": "0.395276916", "lunar": "153.7627105713", "kilometers": "59132584", "miles": "36743284"}, "orbiting_body": "Earth"}, {"close_approach_date": "1993-04-28", "epoch_date_close_approach": 735980400000, "relative_velocity": {"kilometers_per_second": "11.3751624831", "kilometers_per_hour": "40950.5849392932", "miles_per_hour": "25445.1009585292"}, "miss_distance": {"astronomical": "0.3525538595", "lunar": "137.1434631348", "kilometers": "52741308", "miles": "32771930"}, "orbiting_body": "Earth"}, {"close_approach_date": "1994-04-13", "epoch_date_close_approach": 766220400000, "relative_velocity": {"kilometers_per_second": "12.5565862563", "kilometers_per_hour": "45203.7105227815", "miles_per_hour": "28087.8277967806"}, "miss_distance": {"astronomical": "0.1644071499", "lunar": "63.9543800354", "kilometers": "24594960", "miles": "15282599"}, "orbiting_body": "Earth"}, {"close_approach_date": "1995-04-18", "epoch_date_close_approach": 798188400000, "relative_velocity": {"kilometers_per_second": "18.5452382725", "kilometers_per_hour": "66762.8577808571", "miles_per_hour": "41483.8434916664"}, "miss_distance": {"astronomical": "0.0573502859", "lunar": "22.309261322", "kilometers": "8579481", "miles": "5331042"}, "orbiting_body": "Earth"}, {"close_approach_date": "1996-04-26", "epoch_date_close_approach": 830502000000, "relative_velocity": {"kilometers_per_second": "25.2589896284", "kilometers_per_hour": "90932.362662316", "miles_per_hour": "56501.8338998152"}, "miss_distance": {"astronomical": "0.2759756077", "lunar": "107.3545150757", "kilometers": "41285364", "miles": "25653536"}, "orbiting_body": "Earth"}, {"close_approach_date": "1997-05-06", "epoch_date_close_approach": 862902000000, "relative_velocity": {"kilometers_per_second": "31.9740194993", "kilometers_per_hour": "115106.4701976139", "miles_per_hour": "71522.6842180674"}, "miss_distance": {"astronomical": "0.4889915805", "lunar": "190.2177276611", "kilometers": "73152104", "miles": "45454608"}, "orbiting_body": "Earth"}, {"close_approach_date": "1999-05-16", "epoch_date_close_approach": 926838000000, "relative_velocity": {"kilometers_per_second": "18.9275841829", "kilometers_per_hour": "68139.3030584033", "miles_per_hour": "42339.1130587062"}, "miss_distance": {"astronomical": "0.0138354504", "lunar": "5.3819904327", "kilometers": "2069754", "miles": "1286085.5"}, "orbiting_body": "Venus"}, {"close_approach_date": "2006-06-11", "epoch_date_close_approach": 1150009200000, "relative_velocity": {"kilometers_per_second": "20.7012645587", "kilometers_per_hour": "74524.5524114384", "miles_per_hour": "46306.6586914296"}, "miss_distance": {"astronomical": "0.0293207655", "lunar": "11.4057779312", "kilometers": "4386324", "miles": "2725535.5"}, "orbiting_body": "Venus"}, {"close_approach_date": "2011-07-27", "epoch_date_close_approach": 1311750000000, "relative_velocity": {"kilometers_per_second": "30.9201475473", "kilometers_per_hour": "111312.5311702224", "miles_per_hour": "69165.2780485196"}, "miss_distance": {"astronomical": "0.4725790008", "lunar": "183.8332366943", "kilometers": "70696816", "miles": "43928964"}, "orbiting_body": "Earth"}, {"close_approach_date": "2012-08-04", "epoch_date_close_approach": 1344063600000, "relative_velocity": {"kilometers_per_second": "24.654804212", "kilometers_per_hour": "88757.2951630877", "miles_per_hour": "55150.331541753"}, "miss_distance": {"astronomical": "0.282027182", "lunar": "109.7085723877", "kilometers": "42190668", "miles": "26216064"}, "orbiting_body": "Earth"}, {"close_approach_date": "2013-08-13", "epoch_date_close_approach": 1376377200000, "relative_velocity": {"kilometers_per_second": "18.4006045045", "kilometers_per_hour": "66242.1762162907", "miles_per_hour": "41160.3122161724"}, "miss_distance": {"astronomical": "0.1217269403", "lunar": "47.3517799377", "kilometers": "18210090", "miles": "11315226"}, "orbiting_body": "Earth"}, {"close_approach_date": "2014-08-20", "epoch_date_close_approach": 1408518000000, "relative_velocity": {"kilometers_per_second": "12.4545455049", "kilometers_per_hour": "44836.3638177682", "miles_per_hour": "27859.5728399904"}, "miss_distance": {"astronomical": "0.1886317085", "lunar": "73.3777389526", "kilometers": "28218902", "miles": "17534414"}, "orbiting_body": "Earth"}, {"close_approach_date": "2015-08-05", "epoch_date_close_approach": 1438758000000, "relative_velocity": {"kilometers_per_second": "10.7555394715", "kilometers_per_hour": "38719.9420974414", "miles_per_hour": "24059.0662438241"}, "miss_distance": {"astronomical": "0.3585982463", "lunar": "139.4947052002", "kilometers": "53645532", "miles": "33333788"}, "orbiting_body": "Earth"}, {"close_approach_date": "2015-10-01", "epoch_date_close_approach": 1443682800000, "relative_velocity": {"kilometers_per_second": "11.7062575403", "kilometers_per_hour": "42142.5271452128", "miles_per_hour": "26185.7274919796"}, "miss_distance": {"astronomical": "0.3782352081", "lunar": "147.1334991455", "kilometers": "56583184", "miles": "35159160"}, "orbiting_body": "Earth"}, {"close_approach_date": "2016-07-17", "epoch_date_close_approach": 1468738800000, "relative_velocity": {"kilometers_per_second": "12.1073884646", "kilometers_per_hour": "43586.5984724732", "miles_per_hour": "27083.0172564098"}, "miss_distance": {"astronomical": "0.473727988", "lunar": "184.2801971436", "kilometers": "70868704", "miles": "44035768"}, "orbiting_body": "Earth"}, {"close_approach_date": "2016-10-30", "epoch_date_close_approach": 1477810800000, "relative_velocity": {"kilometers_per_second": "18.745572228", "kilometers_per_hour": "67484.060020872", "miles_per_hour": "41931.9705168579"}, "miss_distance": {"astronomical": "0.466424716", "lunar": "181.4392089844", "kilometers": "69776144", "miles": "43356884"}, "orbiting_body": "Earth"}, {"close_approach_date": "2018-04-19", "epoch_date_close_approach": 1524121200000, "relative_velocity": {"kilometers_per_second": "10.8173639406", "kilometers_per_hour": "38942.5101860016", "miles_per_hour": "24197.3613986297"}, "miss_distance": {"astronomical": "0.0817106584", "lunar": "31.785446167", "kilometers": "12223741", "miles": "7595480.5"}, "orbiting_body": "Mars"}, {"close_approach_date": "2021-01-20", "epoch_date_close_approach": 1611129600000, "relative_velocity": {"kilometers_per_second": "20.449076393", "kilometers_per_hour": "73616.6750147892", "miles_per_hour": "45742.538983495"}, "miss_distance": {"astronomical": "0.4913958959", "lunar": "191.1529998779", "kilometers": "73511776", "miles": "45678104"}, "orbiting_body": "Earth"}, {"close_approach_date": "2021-05-18", "epoch_date_close_approach": 1621321200000, "relative_velocity": {"kilometers_per_second": "12.6815794519", "kilometers_per_hour": "45653.6860267068", "miles_per_hour": "28367.4250758723"}, "miss_distance": {"astronomical": "0.4894151528", "lunar": "190.3824920654", "kilometers": "73215464", "miles": "45493980"}, "orbiting_body": "Earth"}, {"close_approach_date": "2022-02-15", "epoch_date_close_approach": 1644912000000, "relative_velocity": {"kilometers_per_second": "14.2041799738", "kilometers_per_hour": "51135.0479058546", "miles_per_hour": "31773.3301835017"}, "miss_distance": {"astronomical": "0.4238004682", "lunar": "164.8583831787", "kilometers": "63399648", "miles": "39394716"}, "orbiting_body": "Earth"}, {"close_approach_date": "2022-02-21", "epoch_date_close_approach": 1645430400000, "relative_velocity": {"kilometers_per_second": "21.8902009742", "kilometers_per_hour": "78804.723507111", "miles_per_hour": "48966.1905591824"}, "miss_distance": {"astronomical": "0.0519658798", "lunar": "20.2147274017", "kilometers": "7773985", "miles": "4830530.5"}, "orbiting_body": "Venus"}, {"close_approach_date": "2022-05-03", "epoch_date_close_approach": 1651561200000, "relative_velocity": {"kilometers_per_second": "11.6687947783", "kilometers_per_hour": "42007.661201714", "miles_per_hour": "26101.9270394762"}, "miss_distance": {"astronomical": "0.3872232316", "lunar": "150.6298370361", "kilometers": "57927772", "miles": "35994648"}, "orbiting_body": "Earth"}, {"close_approach_date": "2023-04-16", "epoch_date_close_approach": 1681628400000, "relative_velocity": {"kilometers_per_second": "11.470582662", "kilometers_per_hour": "41294.0975833253", "miles_per_hour": "25658.5463567056"}, "miss_distance": {"astronomical": "0.2235871964", "lunar": "86.9754180908", "kilometers": "33448170", "miles": "20783728"}, "orbiting_body": "Earth"}, {"close_approach_date": "2024-04-15", "epoch_date_close_approach": 1713164400000, "relative_velocity": {"kilometers_per_second": "16.4897026574", "kilometers_per_hour": "59362.929566604", "miles_per_hour": "36885.8158743157"}, "miss_distance": {"astronomical": "0.0217695283", "lunar": "8.4683465958", "kilometers": "3256675.25", "miles": "2023604.125"}, "orbiting_body": "Earth"}, {"close_approach_date": "2025-04-23", "epoch_date_close_approach": 1745391600000, "relative_velocity": {"kilometers_per_second": "22.564129465", "kilometers_per_hour": "81230.866074104", "miles_per_hour": "50473.7012003231"}, "miss_distance": {"astronomical": "0.1892667581", "lunar": "73.6247711182", "kilometers": "28313904", "miles": "17593444"}, "orbiting_body": "Earth"}, {"close_approach_date": "2026-05-02", "epoch_date_close_approach": 1777705200000, "relative_velocity": {"kilometers_per_second": "28.7903996836", "kilometers_per_hour": "103645.4388610118", "miles_per_hour": "64401.2450522771"}, "miss_distance": {"astronomical": "0.3895331001", "lunar": "151.5283813477", "kilometers": "58273324", "miles": "36209364"}, "orbiting_body": "Earth"}, {"close_approach_date": "2029-03-16", "epoch_date_close_approach": 1868338800000, "relative_velocity": {"kilometers_per_second": "20.4032894093", "kilometers_per_hour": "73451.8418735232", "miles_per_hour": "45640.11807969"}, "miss_distance": {"astronomical": "0.0236073058", "lunar": "9.1832418442", "kilometers": "3531602.75", "miles": "2194436.25"}, "orbiting_body": "Venus"}, {"close_approach_date": "2032-04-25", "epoch_date_close_approach": 1966489200000, "relative_velocity": {"kilometers_per_second": "12.8988819903", "kilometers_per_hour": "46435.9751652348", "miles_per_hour": "28853.5091241983"}, "miss_distance": {"astronomical": "0.1479864046", "lunar": "57.5667152405", "kilometers": "22138452", "miles": "13756197"}, "orbiting_body": "Venus"}, {"close_approach_date": "2038-12-31", "epoch_date_close_approach": 2177395200000, "relative_velocity": {"kilometers_per_second": "10.2112233112", "kilometers_per_hour": "36760.4039202462", "miles_per_hour": "22841.4854247774"}, "miss_distance": {"astronomical": "0.0977893168", "lunar": "38.0400428772", "kilometers": "14629074", "miles": "9090085"}, "orbiting_body": "Mars"}, {"close_approach_date": "2042-08-01", "epoch_date_close_approach": 2290489200000, "relative_velocity": {"kilometers_per_second": "27.2826644348", "kilometers_per_hour": "98217.5919652818", "miles_per_hour": "61028.5920742052"}, "miss_distance": {"astronomical": "0.3618770516", "lunar": "140.7701721191", "kilometers": "54136036", "miles": "33638572"}, "orbiting_body": "Earth"}, {"close_approach_date": "2043-08-10", "epoch_date_close_approach": 2322802800000, "relative_velocity": {"kilometers_per_second": "21.3041591218", "kilometers_per_hour": "76694.9728383209", "miles_per_hour": "47655.2735394555"}, "miss_distance": {"astronomical": "0.1861709849", "lunar": "72.4205093384", "kilometers": "27850782", "miles": "17305674"}, "orbiting_body": "Earth"}, {"close_approach_date": "2044-08-17", "epoch_date_close_approach": 2355030000000, "relative_velocity": {"kilometers_per_second": "15.4487020643", "kilometers_per_hour": "55615.3274313144", "miles_per_hour": "34557.2016475298"}, "miss_distance": {"astronomical": "0.118726735", "lunar": "46.1847000122", "kilometers": "17761268", "miles": "11036340"}, "orbiting_body": "Earth"}, {"close_approach_date": "2044-11-16", "epoch_date_close_approach": 2362896000000, "relative_velocity": {"kilometers_per_second": "13.5059729131", "kilometers_per_hour": "48621.5024869912", "miles_per_hour": "30211.5108092085"}, "miss_distance": {"astronomical": "0.1252424745", "lunar": "48.7193222046", "kilometers": "18736008", "miles": "11642015"}, "orbiting_body": "Venus"}, {"close_approach_date": "2045-08-17", "epoch_date_close_approach": 2386566000000, "relative_velocity": {"kilometers_per_second": "10.6220332821", "kilometers_per_hour": "38239.3198155265", "miles_per_hour": "23760.4262487087"}, "miss_distance": {"astronomical": "0.2659875271", "lunar": "103.4691467285", "kilometers": "39791168", "miles": "24725084"}, "orbiting_body": "Earth"}, {"close_approach_date": "2046-07-28", "epoch_date_close_approach": 2416374000000, "relative_velocity": {"kilometers_per_second": "11.3386619683", "kilometers_per_hour": "40819.1830858577", "miles_per_hour": "25363.4529568764"}, "miss_distance": {"astronomical": "0.4096360958", "lunar": "159.348449707", "kilometers": "61280692", "miles": "38078056"}, "orbiting_body": "Earth"}, {"close_approach_date": "2046-10-15", "epoch_date_close_approach": 2423199600000, "relative_velocity": {"kilometers_per_second": "14.9660048773", "kilometers_per_hour": "53877.6175582303", "miles_per_hour": "33477.4563100015"}, "miss_distance": {"astronomical": "0.4206799302", "lunar": "163.6444854736", "kilometers": "62932820", "miles": "39104644"}, "orbiting_body": "Earth"}, {"close_approach_date": "2047-11-08", "epoch_date_close_approach": 2456812800000, "relative_velocity": {"kilometers_per_second": "20.4162638018", "kilometers_per_hour": "73498.5496866222", "miles_per_hour": "45669.1404983348"}, "miss_distance": {"astronomical": "0.4848980445", "lunar": "188.6253356934", "kilometers": "72539712", "miles": "45074088"}, "orbiting_body": "Earth"}, {"close_approach_date": "2047-12-24", "epoch_date_close_approach": 2460787200000, "relative_velocity": {"kilometers_per_second": "21.7047057929", "kilometers_per_hour": "78136.9408545055", "miles_per_hour": "48551.2563881787"}, "miss_distance": {"astronomical": "0.0478142402", "lunar": "18.5997390747", "kilometers": "7152908.5", "miles": "4444611"}, "orbiting_body": "Venus"}, {"close_approach_date": "2052-01-26", "epoch_date_close_approach": 2589868800000, "relative_velocity": {"kilometers_per_second": "19.4280508058", "kilometers_per_hour": "69940.9829009448", "miles_per_hour": "43458.6068475343"}, "miss_distance": {"astronomical": "0.4815367652", "lunar": "187.3178100586", "kilometers": "72036880", "miles": "44761640"}, "orbiting_body": "Earth"}, {"close_approach_date": "2052-05-15", "epoch_date_close_approach": 2599369200000, "relative_velocity": {"kilometers_per_second": "12.485671447", "kilometers_per_hour": "44948.4172091543", "miles_per_hour": "27929.1984597659"}, "miss_distance": {"astronomical": "0.4718686266", "lunar": "183.5569000244", "kilometers": "70590544", "miles": "43862932"}, "orbiting_body": "Earth"}, {"close_approach_date": "2053-02-21", "epoch_date_close_approach": 2623737600000, "relative_velocity": {"kilometers_per_second": "12.513962422", "kilometers_per_hour": "45050.2647192076", "miles_per_hour": "27992.4825417765"}, "miss_distance": {"astronomical": "0.4050125357", "lunar": "157.5498809814", "kilometers": "60589016", "miles": "37648268"}, "orbiting_body": "Earth"}, {"close_approach_date": "2053-04-30", "epoch_date_close_approach": 2629609200000, "relative_velocity": {"kilometers_per_second": "11.4473783003", "kilometers_per_hour": "41210.5618812319", "miles_per_hour": "25606.6405200355"}, "miss_distance": {"astronomical": "0.3633180728", "lunar": "141.3307342529", "kilometers": "54351612", "miles": "33772528"}, "orbiting_body": "Earth"}, {"close_approach_date": "2054-04-15", "epoch_date_close_approach": 2659849200000, "relative_velocity": {"kilometers_per_second": "11.8850092807", "kilometers_per_hour": "42786.0334106104", "miles_per_hour": "26585.577260054"}, "miss_distance": {"astronomical": "0.1972135009", "lunar": "76.7160491943", "kilometers": "29502720", "miles": "18332140"}, "orbiting_body": "Earth"}, {"close_approach_date": "2055-01-15", "epoch_date_close_approach": 2683612800000, "relative_velocity": {"kilometers_per_second": "22.2610425531", "kilometers_per_hour": "80139.753191295", "miles_per_hour": "49795.7260871133"}, "miss_distance": {"astronomical": "0.0603266463", "lunar": "23.4670658112", "kilometers": "9024738", "miles": "5607712"}, "orbiting_body": "Venus"}, {"close_approach_date": "2055-04-17", "epoch_date_close_approach": 2691558000000, "relative_velocity": {"kilometers_per_second": "16.9976776586", "kilometers_per_hour": "61191.6395709938", "miles_per_hour": "38022.1051545434"}, "miss_distance": {"astronomical": "0.0143890105", "lunar": "5.5973248482", "kilometers": "2152565.25", "miles": "1337542.125"}, "orbiting_body": "Earth"}, {"close_approach_date": "2056-04-24", "epoch_date_close_approach": 2723785200000, "relative_velocity": {"kilometers_per_second": "23.0515329766", "kilometers_per_hour": "82985.5187156851", "miles_per_hour": "51563.97411531"}, "miss_distance": {"astronomical": "0.2048629917", "lunar": "79.6917037964", "kilometers": "30647068", "miles": "19043206"}, "orbiting_body": "Earth"}, {"close_approach_date": "2057-05-03", "epoch_date_close_approach": 2756098800000, "relative_velocity": {"kilometers_per_second": "29.1823571367", "kilometers_per_hour": "105056.4856922824", "miles_per_hour": "65278.0146791851"}, "miss_distance": {"astronomical": "0.4018904451", "lunar": "156.3353881836", "kilometers": "60121956", "miles": "37358052"}, "orbiting_body": "Earth"}, {"close_approach_date": "2058-02-22", "epoch_date_close_approach": 2781590400000, "relative_velocity": {"kilometers_per_second": "13.7355834795", "kilometers_per_hour": "49448.1005263274", "miles_per_hour": "30725.1266853727"}, "miss_distance": {"astronomical": "0.122762517", "lunar": "47.7546195984", "kilometers": "18365012", "miles": "11411489"}, "orbiting_body": "Venus"}, {"close_approach_date": "2070-09-21", "epoch_date_close_approach": 3178508400000, "relative_velocity": {"kilometers_per_second": "14.9352701997", "kilometers_per_hour": "53766.9727187857", "miles_per_hour": "33408.7059096255"}, "miss_distance": {"astronomical": "0.0939594795", "lunar": "36.550239563", "kilometers": "14056138", "miles": "8734079"}, "orbiting_body": "Venus"}, {"close_approach_date": "2072-07-25", "epoch_date_close_approach": 3236655600000, "relative_velocity": {"kilometers_per_second": "31.6693680895", "kilometers_per_hour": "114009.7251223606", "miles_per_hour": "70841.2094795023"}, "miss_distance": {"astronomical": "0.4962096855", "lunar": "193.0255584717", "kilometers": "74231912", "miles": "46125572"}, "orbiting_body": "Earth"}, {"close_approach_date": "2073-08-03", "epoch_date_close_approach": 3268969200000, "relative_velocity": {"kilometers_per_second": "25.6513549313", "kilometers_per_hour": "92344.8777525846", "miles_per_hour": "57379.5158457657"}, "miss_distance": {"astronomical": "0.3121845709", "lunar": "121.4397964478", "kilometers": "46702148", "miles": "29019370"}, "orbiting_body": "Earth"}, {"close_approach_date": "2073-10-28", "epoch_date_close_approach": 3276399600000, "relative_velocity": {"kilometers_per_second": "23.8319880268", "kilometers_per_hour": "85795.1568964202", "miles_per_hour": "53309.7740171118"}, "miss_distance": {"astronomical": "0.0916534187", "lunar": "35.6531791687", "kilometers": "13711157", "miles": "8519718"}, "orbiting_body": "Venus"}, {"close_approach_date": "2074-08-12", "epoch_date_close_approach": 3301282800000, "relative_velocity": {"kilometers_per_second": "19.588222444", "kilometers_per_hour": "70517.600798414", "miles_per_hour": "43816.8947849923"}, "miss_distance": {"astronomical": "0.1439779491", "lunar": "56.0074234009", "kilometers": "21538796", "miles": "13383587"}, "orbiting_body": "Earth"}, {"close_approach_date": "2075-08-20", "epoch_date_close_approach": 3333510000000, "relative_velocity": {"kilometers_per_second": "13.6556352504", "kilometers_per_hour": "49160.2869015106", "miles_per_hour": "30546.2904916636"}, "miss_distance": {"astronomical": "0.154300788", "lunar": "60.0230102539", "kilometers": "23083070", "miles": "14343155"}, "orbiting_body": "Earth"}, {"close_approach_date": "2076-08-10", "epoch_date_close_approach": 3364268400000, "relative_velocity": {"kilometers_per_second": "10.4519181484", "kilometers_per_hour": "37626.905334182", "miles_per_hour": "23379.8957061199"}, "miss_distance": {"astronomical": "0.3214406564", "lunar": "125.0404205322", "kilometers": "48086840", "miles": "29879776"}, "orbiting_body": "Earth"}, {"close_approach_date": "2077-07-22", "epoch_date_close_approach": 3394162800000, "relative_velocity": {"kilometers_per_second": "11.8072221447", "kilometers_per_hour": "42505.9997210978", "miles_per_hour": "26411.5752155899"}, "miss_distance": {"astronomical": "0.4485009932", "lunar": "174.4668884277", "kilometers": "67094792", "miles": "41690772"}, "orbiting_body": "Earth"}, {"close_approach_date": "2077-10-24", "epoch_date_close_approach": 3402284400000, "relative_velocity": {"kilometers_per_second": "17.2522042721", "kilometers_per_hour": "62107.935379519", "miles_per_hour": "38591.455736235"}, "miss_distance": {"astronomical": "0.4489171629", "lunar": "174.6287689209", "kilometers": "67157048", "miles": "41729456"}, "orbiting_body": "Earth"}, {"close_approach_date": "2080-11-18", "epoch_date_close_approach": 3499142400000, "relative_velocity": {"kilometers_per_second": "19.8072212014", "kilometers_per_hour": "71305.9963251073", "miles_per_hour": "44306.7731054535"}, "miss_distance": {"astronomical": "0.0138598397", "lunar": "5.3914775848", "kilometers": "2073402.625", "miles": "1288352.625"}, "orbiting_body": "Venus"}, {"close_approach_date": "2083-02-02", "epoch_date_close_approach": 3568780800000, "relative_velocity": {"kilometers_per_second": "17.6345737482", "kilometers_per_hour": "63484.4654936064", "miles_per_hour": "39446.7780174023"}, "miss_distance": {"astronomical": "0.4628271018", "lunar": "180.0397491455", "kilometers": "69237952", "miles": "43022468"}, "orbiting_body": "Earth"}, {"close_approach_date": "2083-05-11", "epoch_date_close_approach": 3577244400000, "relative_velocity": {"kilometers_per_second": "12.1942732073", "kilometers_per_hour": "43899.3835464308", "miles_per_hour": "27277.3697375031"}, "miss_distance": {"astronomical": "0.4415805668", "lunar": "171.7748413086", "kilometers": "66059512", "miles": "41047480"}, "orbiting_body": "Earth"}, {"close_approach_date": "2084-04-25", "epoch_date_close_approach": 3607484400000, "relative_velocity": {"kilometers_per_second": "11.1701836799", "kilometers_per_hour": "40212.6612478085", "miles_per_hour": "24986.583873673"}, "miss_distance": {"astronomical": "0.3210621717", "lunar": "124.8931884766", "kilometers": "48030220", "miles": "29844594"}, "orbiting_body": "Earth"}, {"close_approach_date": "2085-04-14", "epoch_date_close_approach": 3638070000000, "relative_velocity": {"kilometers_per_second": "12.9546745473", "kilometers_per_hour": "46636.8283702206", "miles_per_hour": "28978.3114948185"}, "miss_distance": {"astronomical": "0.1455050885", "lunar": "56.6014785767", "kilometers": "21767252", "miles": "13525543"}, "orbiting_body": "Earth"}, {"close_approach_date": "2086-04-18", "epoch_date_close_approach": 3669951600000, "relative_velocity": {"kilometers_per_second": "18.4022960493", "kilometers_per_hour": "66248.2657773173", "miles_per_hour": "41164.0960325781"}, "miss_distance": {"astronomical": "0.0519146353", "lunar": "20.1947937012", "kilometers": "7766319", "miles": "4825767"}, "orbiting_body": "Earth"}, {"close_approach_date": "2087-04-27", "epoch_date_close_approach": 3702265200000, "relative_velocity": {"kilometers_per_second": "24.3467933296", "kilometers_per_hour": "87648.4559866262", "miles_per_hour": "54461.3419990234"}, "miss_distance": {"astronomical": "0.2477009841", "lunar": "96.355682373", "kilometers": "37055540", "miles": "23025246"}, "orbiting_body": "Earth"}, {"close_approach_date": "2088-05-04", "epoch_date_close_approach": 3734492400000, "relative_velocity": {"kilometers_per_second": "30.3688212152", "kilometers_per_hour": "109327.7563748165", "miles_per_hour": "67932.0161763408"}, "miss_distance": {"astronomical": "0.4396788823", "lunar": "171.0350799561", "kilometers": "65775024", "miles": "40870704"}, "orbiting_body": "Earth"}, {"close_approach_date": "2096-07-19", "epoch_date_close_approach": 3993519600000, "relative_velocity": {"kilometers_per_second": "12.9619473038", "kilometers_per_hour": "46663.0102937016", "miles_per_hour": "28994.5799238836"}, "miss_distance": {"astronomical": "0.1388822004", "lunar": "54.025177002", "kilometers": "20776482", "miles": "12909908"}, "orbiting_body": "Venus"}, {"close_approach_date": "2099-08-28", "epoch_date_close_approach": 4091583600000, "relative_velocity": {"kilometers_per_second": "20.7626213651", "kilometers_per_hour": "74745.4369144838", "miles_per_hour": "46443.9077316691"}, "miss_distance": {"astronomical": "0.0289672362", "lunar": "11.2682552338", "kilometers": "4333437", "miles": "2692673"}, "orbiting_body": "Venus"}, {"close_approach_date": "2104-08-04", "epoch_date_close_approach": 4247276400000, "relative_velocity": {"kilometers_per_second": "25.9015510353", "kilometers_per_hour": "93245.5837269983", "miles_per_hour": "57939.1795108118"}, "miss_distance": {"astronomical": "0.3202475043", "lunar": "124.5762786865", "kilometers": "47908344", "miles": "29768866"}, "orbiting_body": "Earth"}, {"close_approach_date": "2105-08-13", "epoch_date_close_approach": 4279590000000, "relative_velocity": {"kilometers_per_second": "19.8181837797", "kilometers_per_hour": "71345.4616069405", "miles_per_hour": "44331.2952968237"}, "miss_distance": {"astronomical": "0.1493039076", "lunar": "58.0792236328", "kilometers": "22335548", "miles": "13878666"}, "orbiting_body": "Earth"}, {"close_approach_date": "2106-08-21", "epoch_date_close_approach": 4311817200000, "relative_velocity": {"kilometers_per_second": "13.8929311166", "kilometers_per_hour": "50014.5520196077", "miles_per_hour": "31077.0976146279"}, "miss_distance": {"astronomical": "0.1489610032", "lunar": "57.9458312988", "kilometers": "22284250", "miles": "13846791"}, "orbiting_body": "Earth"}, {"close_approach_date": "2106-09-19", "epoch_date_close_approach": 4314322800000, "relative_velocity": {"kilometers_per_second": "22.8573125372", "kilometers_per_hour": "82286.3251340654", "miles_per_hour": "51129.5224145531"}, "miss_distance": {"astronomical": "0.0728677304", "lunar": "28.3455467224", "kilometers": "10900857", "miles": "6773478.5"}, "orbiting_body": "Venus"}, {"close_approach_date": "2107-08-13", "epoch_date_close_approach": 4342662000000, "relative_velocity": {"kilometers_per_second": "10.4413036565", "kilometers_per_hour": "37588.6931635217", "miles_per_hour": "23356.1521493005"}, "miss_distance": {"astronomical": "0.3142796966", "lunar": "122.2548065186", "kilometers": "47015576", "miles": "29214124"}, "orbiting_body": "Earth"}, {"close_approach_date": "2108-07-24", "epoch_date_close_approach": 4372556400000, "relative_velocity": {"kilometers_per_second": "11.7116464124", "kilometers_per_hour": "42161.9270847653", "miles_per_hour": "26197.7818599754"}, "miss_distance": {"astronomical": "0.4431315875", "lunar": "172.3781890869", "kilometers": "66291544", "miles": "41191656"}, "orbiting_body": "Earth"}, {"close_approach_date": "2108-10-24", "epoch_date_close_approach": 4380505200000, "relative_velocity": {"kilometers_per_second": "16.9244931498", "kilometers_per_hour": "60928.1753391378", "miles_per_hour": "37858.3987266993"}, "miss_distance": {"astronomical": "0.4449196024", "lunar": "173.0737304688", "kilometers": "66559028", "miles": "41357864"}, "orbiting_body": "Earth"}, {"close_approach_date": "2109-10-27", "epoch_date_close_approach": 4412300400000, "relative_velocity": {"kilometers_per_second": "14.2224954702", "kilometers_per_hour": "51200.9836925612", "miles_per_hour": "31814.3001171917"}, "miss_distance": {"astronomical": "0.1113150395", "lunar": "43.3015518188", "kilometers": "16652493", "miles": "10347380"}, "orbiting_body": "Venus"}, {"close_approach_date": "2109-11-16", "epoch_date_close_approach": 4414032000000, "relative_velocity": {"kilometers_per_second": "21.6502473063", "kilometers_per_hour": "77940.8903027437", "miles_per_hour": "48429.4381995021"}, "miss_distance": {"astronomical": "0.4977801277", "lunar": "193.6364593506", "kilometers": "74466848", "miles": "46271552"}, "orbiting_body": "Earth"}, {"close_approach_date": "2112-05-03", "epoch_date_close_approach": 4491702000000, "relative_velocity": {"kilometers_per_second": "11.6794180849", "kilometers_per_hour": "42045.9051057905", "miles_per_hour": "26125.6903142063"}, "miss_distance": {"astronomical": "0.088740054", "lunar": "34.5198783875", "kilometers": "13275323", "miles": "8248903"}, "orbiting_body": "Mars"}, {"close_approach_date": "2114-02-04", "epoch_date_close_approach": 4547174400000, "relative_velocity": {"kilometers_per_second": "17.5005997257", "kilometers_per_hour": "63002.1590126917", "miles_per_hour": "39147.091526525"}, "miss_distance": {"astronomical": "0.4615723149", "lunar": "179.5516357422", "kilometers": "69050240", "miles": "42905828"}, "orbiting_body": "Earth"}, {"close_approach_date": "2114-05-12", "epoch_date_close_approach": 4555551600000, "relative_velocity": {"kilometers_per_second": "12.1677430997", "kilometers_per_hour": "43803.8751590712", "miles_per_hour": "27218.0245398129"}, "miss_distance": {"astronomical": "0.4403364981", "lunar": "171.2908935547", "kilometers": "65873404", "miles": "40931836"}, "orbiting_body": "Earth"}, {"close_approach_date": "2115-04-26", "epoch_date_close_approach": 4585705200000, "relative_velocity": {"kilometers_per_second": "11.1485679193", "kilometers_per_hour": "40134.844509376", "miles_per_hour": "24938.2315786175"}, "miss_distance": {"astronomical": "0.3120499462", "lunar": "121.3874359131", "kilometers": "46682008", "miles": "29006856"}, "orbiting_body": "Earth"}, {"close_approach_date": "2116-04-15", "epoch_date_close_approach": 4616377200000, "relative_velocity": {"kilometers_per_second": "13.447642112", "kilometers_per_hour": "48411.5116031359", "miles_per_hour": "30081.030640293"}, "miss_distance": {"astronomical": "0.1263921566", "lunar": "49.1665496826", "kilometers": "18907998", "miles": "11748885"}, "orbiting_body": "Earth"}, {"close_approach_date": "2117-04-20", "epoch_date_close_approach": 4648345200000, "relative_velocity": {"kilometers_per_second": "19.1499745331", "kilometers_per_hour": "68939.9083191442", "miles_per_hour": "42836.5780330816"}, "miss_distance": {"astronomical": "0.0770767823", "lunar": "29.9828701019", "kilometers": "11530523", "miles": "7164735"}, "orbiting_body": "Earth"}, {"close_approach_date": "2118-04-29", "epoch_date_close_approach": 4680658800000, "relative_velocity": {"kilometers_per_second": "25.3215166624", "kilometers_per_hour": "91157.4599845896", "miles_per_hour": "56641.7006220912"}, "miss_distance": {"astronomical": "0.2783316392", "lunar": "108.2710037231", "kilometers": "41637820", "miles": "25872542"}, "orbiting_body": "Earth"}, {"close_approach_date": "2119-05-08", "epoch_date_close_approach": 4712972400000, "relative_velocity": {"kilometers_per_second": "31.487485865", "kilometers_per_hour": "113354.9491138801", "miles_per_hour": "70434.357131344"}, "miss_distance": {"astronomical": "0.474129132", "lunar": "184.4362335205", "kilometers": "70928712", "miles": "44073056"}, "orbiting_body": "Earth"}, {"close_approach_date": "2122-05-27", "epoch_date_close_approach": 4809308400000, "relative_velocity": {"kilometers_per_second": "14.7644095646", "kilometers_per_hour": "53151.8744326493", "miles_per_hour": "33026.5077551092"}, "miss_distance": {"astronomical": "0.0974495879", "lunar": "37.9078903198", "kilometers": "14578251", "miles": "9058505"}, "orbiting_body": "Venus"}, {"close_approach_date": "2125-07-03", "epoch_date_close_approach": 4907199600000, "relative_velocity": {"kilometers_per_second": "23.6452455761", "kilometers_per_hour": "85122.8840739449", "miles_per_hour": "52892.0498291687"}, "miss_distance": {"astronomical": "0.0878037642", "lunar": "34.1556663513", "kilometers": "13135257", "miles": "8161870"}, "orbiting_body": "Venus"}, {"close_approach_date": "2132-07-24", "epoch_date_close_approach": 5129938800000, "relative_velocity": {"kilometers_per_second": "19.9760598013", "kilometers_per_hour": "71913.8152846037", "miles_per_hour": "44684.4481694806"}, "miss_distance": {"astronomical": "0.0157207872", "lunar": "6.1153860092", "kilometers": "2351796.25", "miles": "1461338.375"}, "orbiting_body": "Venus"}, {"close_approach_date": "2133-01-13", "epoch_date_close_approach": 5144889600000, "relative_velocity": {"kilometers_per_second": "10.8730714889", "kilometers_per_hour": "39143.0573600882", "miles_per_hour": "24321.9736135504"}, "miss_distance": {"astronomical": "0.0854850396", "lunar": "33.2536811829", "kilometers": "12788380", "miles": "7946331"}, "orbiting_body": "Mars"}, {"close_approach_date": "2134-07-30", "epoch_date_close_approach": 5193529200000, "relative_velocity": {"kilometers_per_second": "29.6923332345", "kilometers_per_hour": "106892.3996440859", "miles_per_hour": "66418.7802121821"}, "miss_distance": {"astronomical": "0.4361674969", "lunar": "169.6691589355", "kilometers": "65249732", "miles": "40544304"}, "orbiting_body": "Earth"}, {"close_approach_date": "2135-08-08", "epoch_date_close_approach": 5225842800000, "relative_velocity": {"kilometers_per_second": "23.8680338137", "kilometers_per_hour": "85924.9217294222", "miles_per_hour": "53390.4048379291"}, "miss_distance": {"astronomical": "0.2590335899", "lunar": "100.7640686035", "kilometers": "38750872", "miles": "24078676"}, "orbiting_body": "Earth"}, {"close_approach_date": "2135-09-03", "epoch_date_close_approach": 5228089200000, "relative_velocity": {"kilometers_per_second": "12.9382026184", "kilometers_per_hour": "46577.5294260791", "miles_per_hour": "28941.465436999"}, "miss_distance": {"astronomical": "0.1454350664", "lunar": "56.5742416382", "kilometers": "21756776", "miles": "13519034"}, "orbiting_body": "Venus"}, {"close_approach_date": "2136-08-16", "epoch_date_close_approach": 5258156400000, "relative_velocity": {"kilometers_per_second": "18.0221518196", "kilometers_per_hour": "64879.7465505251", "miles_per_hour": "40313.7514052415"}, "miss_distance": {"astronomical": "0.1168199631", "lunar": "45.4429664612", "kilometers": "17476018", "miles": "10859094"}, "orbiting_body": "Earth"}, {"close_approach_date": "2137-08-22", "epoch_date_close_approach": 5290210800000, "relative_velocity": {"kilometers_per_second": "12.4147548253", "kilometers_per_hour": "44693.1173710699", "miles_per_hour": "27770.5650687073"}, "miss_distance": {"astronomical": "0.1891910125", "lunar": "73.5953063965", "kilometers": "28302574", "miles": "17586404"}, "orbiting_body": "Earth"}, {"close_approach_date": "2138-08-08", "epoch_date_close_approach": 5320537200000, "relative_velocity": {"kilometers_per_second": "10.6784938825", "kilometers_per_hour": "38442.5779769125", "miles_per_hour": "23886.7229657099"}, "miss_distance": {"astronomical": "0.3502720532", "lunar": "136.2558288574", "kilometers": "52399956", "miles": "32559822"}, "orbiting_body": "Earth"}, {"close_approach_date": "2138-09-30", "epoch_date_close_approach": 5325116400000, "relative_velocity": {"kilometers_per_second": "11.0483219697", "kilometers_per_hour": "39773.959090906", "miles_per_hour": "24713.9914140132"}, "miss_distance": {"astronomical": "0.370396018", "lunar": "144.0840454102", "kilometers": "55410456", "miles": "34430460"}, "orbiting_body": "Earth"}, {"close_approach_date": "2139-07-22", "epoch_date_close_approach": 5350604400000, "relative_velocity": {"kilometers_per_second": "11.9831110878", "kilometers_per_hour": "43139.1999161545", "miles_per_hour": "26805.0211923461"}, "miss_distance": {"astronomical": "0.4628467505", "lunar": "180.0473937988", "kilometers": "69240888", "miles": "43024296"}, "orbiting_body": "Earth"}, {"close_approach_date": "2139-10-30", "epoch_date_close_approach": 5359244400000, "relative_velocity": {"kilometers_per_second": "18.1039199033", "kilometers_per_hour": "65174.1116519318", "miles_per_hour": "40496.658431724"}, "miss_distance": {"astronomical": "0.4590890243", "lunar": "178.5856323242", "kilometers": "68678736", "miles": "42674988"}, "orbiting_body": "Earth"}, {"close_approach_date": "2145-02-05", "epoch_date_close_approach": 5525568000000, "relative_velocity": {"kilometers_per_second": "17.2042821861", "kilometers_per_hour": "61935.4158700558", "miles_per_hour": "38484.2588221466"}, "miss_distance": {"astronomical": "0.4581235822", "lunar": "178.2100830078", "kilometers": "68534312", "miles": "42585248"}, "orbiting_body": "Earth"}, {"close_approach_date": "2145-05-11", "epoch_date_close_approach": 5533772400000, "relative_velocity": {"kilometers_per_second": "12.1042457395", "kilometers_per_hour": "43575.2846620222", "miles_per_hour": "27075.987294577"}, "miss_distance": {"astronomical": "0.4349425842", "lunar": "169.1926574707", "kilometers": "65066484", "miles": "40430440"}, "orbiting_body": "Earth"}, {"close_approach_date": "2146-04-26", "epoch_date_close_approach": 5564012400000, "relative_velocity": {"kilometers_per_second": "11.1073518774", "kilometers_per_hour": "39986.4667587419", "miles_per_hour": "24846.0354146194"}, "miss_distance": {"astronomical": "0.3097616976", "lunar": "120.4972991943", "kilometers": "46339692", "miles": "28794150"}, "orbiting_body": "Earth"}, {"close_approach_date": "2147-04-16", "epoch_date_close_approach": 5594684400000, "relative_velocity": {"kilometers_per_second": "13.3147403422", "kilometers_per_hour": "47933.0652319654", "miles_per_hour": "29783.7426714954"}, "miss_distance": {"astronomical": "0.1306956939", "lunar": "50.8406257629", "kilometers": "19551798", "miles": "12148924"}, "orbiting_body": "Earth"}, {"close_approach_date": "2148-04-20", "epoch_date_close_approach": 5626652400000, "relative_velocity": {"kilometers_per_second": "18.8195214132", "kilometers_per_hour": "67750.2770874836", "miles_per_hour": "42097.3874491645"}, "miss_distance": {"astronomical": "0.065560746", "lunar": "25.5031299591", "kilometers": "9807748", "miles": "6094252"}, "orbiting_body": "Earth"}, {"close_approach_date": "2149-04-28", "epoch_date_close_approach": 5658879600000, "relative_velocity": {"kilometers_per_second": "24.7194850057", "kilometers_per_hour": "88990.1460204196", "miles_per_hour": "55295.0160091879"}, "miss_distance": {"astronomical": "0.259638455", "lunar": "100.9993591309", "kilometers": "38841360", "miles": "24134902"}, "orbiting_body": "Earth"}, {"close_approach_date": "2150-05-07", "epoch_date_close_approach": 5691193200000, "relative_velocity": {"kilometers_per_second": "30.7058341943", "kilometers_per_hour": "110541.0030996175", "miles_per_hour": "68685.8805093151"}, "miss_distance": {"astronomical": "0.4498031266", "lunar": "174.9734039307", "kilometers": "67289592", "miles": "41811812"}, "orbiting_body": "Earth"}, {"close_approach_date": "2151-05-01", "epoch_date_close_approach": 5722210800000, "relative_velocity": {"kilometers_per_second": "19.4197982266", "kilometers_per_hour": "69911.2736158558", "miles_per_hour": "43440.146653141"}, "miss_distance": {"astronomical": "0.0073656071", "lunar": "2.865221262", "kilometers": "1101879.125", "miles": "684675.9375"}, "orbiting_body": "Venus"}, {"close_approach_date": "2180-05-01", "epoch_date_close_approach": 6637446000000, "relative_velocity": {"kilometers_per_second": "27.0188696732", "kilometers_per_hour": "97267.9308233857", "miles_per_hour": "60438.5095718977"}, "miss_distance": {"astronomical": "0.3322289537", "lunar": "129.2370605469", "kilometers": "49700744", "miles": "30882612"}, "orbiting_body": "Earth"}], "orbital_data": {"orbit_id": "30", "orbit_determination_date": "2017-05-07 06:48:14", "orbit_uncertainty": "2", "minimum_orbit_intersection": ".0154739", "jupiter_tisserand_invariant": "5.822", "epoch_osculation": "2458000.5", "eccentricity": ".5498415875675212", "semi_major_axis": "1.023126895139039", "inclination": "6.528077734134851", "ascending_node_longitude": "33.79672178148561", "orbital_period": "378.0007649178341", "perihelion_distance": ".4605691788327612", "perihelion_argument": "50.52586655627253", "aphelion_distance": "1.585684611445317", "perihelion_time": "2458087.996084099583", "mean_anomaly": "276.6705647204262", "mean_motion": ".9523790251542298", "equinox": "J2000"}}