{"links": {"self": "https://api.nasa.gov/neo/rest/v1/neo/2455687?api_key=stjNMXvPIBN6FqEBpH6hQbWAtFDv0RARRez0p7z1"}, "neo_reference_id": "2455687", "name": "455687 (2005 EK94)", "nasa_jpl_url": "http://ssd.jpl.nasa.gov/sbdb.cgi?sstr=2455687", "absolute_magnitude_h": 19.3, "estimated_diameter": {"kilometers": {"estimated_diameter_min": 0.3669061375, "estimated_diameter_max": 0.8204270649}, "meters": {"estimated_diameter_min": 366.9061375314, "estimated_diameter_max": 820.4270648822}, "miles": {"estimated_diameter_min": 0.2279848336, "estimated_diameter_max": 0.5097895857}, "feet": {"estimated_diameter_min": 1203.7603322587, "estimated_diameter_max": 2691.6899315481}}, "is_potentially_hazardous_asteroid": true, "close_approach_data": [{"close_approach_date": "1913-07-17", "epoch_date_close_approach": -1781712000000, "relative_velocity": {"kilometers_per_second": "14.3401210619", "kilometers_per_hour": "51624.435822714", "miles_per_hour": "32077.4168032858"}, "miss_distance": {"astronomical": "0.1952630251", "lunar": "75.957321167", "kilometers": "29210934", "miles": "18150832"}, "orbiting_body": "Earth"}, {"close_approach_date": "1927-06-10", "epoch_date_close_approach": -1343145600000, "relative_velocity": {"kilometers_per_second": "9.8939757214", "kilometers_per_hour": "35618.3125971556", "miles_per_hour": "22131.8342912715"}, "miss_distance": {"astronomical": "0.1454976964", "lunar": "56.5986022949", "kilometers": "21766146", "miles": "13524856"}, "orbiting_body": "Earth"}, {"close_approach_date": "1952-07-24", "epoch_date_close_approach": -550342800000, "relative_velocity": {"kilometers_per_second": "17.0681208852", "kilometers_per_hour": "61445.2351865504", "miles_per_hour": "38179.6796079985"}, "miss_distance": {"astronomical": "0.3044465", "lunar": "118.4296875", "kilometers": "45544548", "miles": "28300070"}, "orbiting_body": "Earth"}, {"close_approach_date": "1966-06-27", "epoch_date_close_approach": -110912400000, "relative_velocity": {"kilometers_per_second": "10.212697096", "kilometers_per_hour": "36765.7095454445", "miles_per_hour": "22844.7821339458"}, "miss_distance": {"astronomical": "0.0488801325", "lunar": "19.0143718719", "kilometers": "7312364", "miles": "4543692.5"}, "orbiting_body": "Earth"}, {"close_approach_date": "1980-04-21", "epoch_date_close_approach": 325152000000, "relative_velocity": {"kilometers_per_second": "18.7507042548", "kilometers_per_hour": "67502.5353171256", "miles_per_hour": "41943.4503474662"}, "miss_distance": {"astronomical": "0.4726115593", "lunar": "183.8458862305", "kilometers": "70701680", "miles": "43931988"}, "orbiting_body": "Earth"}, {"close_approach_date": "1991-07-25", "epoch_date_close_approach": 680425200000, "relative_velocity": {"kilometers_per_second": "17.0670327377", "kilometers_per_hour": "61441.3178558039", "miles_per_hour": "38177.2455310133"}, "miss_distance": {"astronomical": "0.3066116433", "lunar": "119.2719345093", "kilometers": "45868452", "miles": "28501334"}, "orbiting_body": "Earth"}, {"close_approach_date": "2005-06-14", "epoch_date_close_approach": 1118732400000, "relative_velocity": {"kilometers_per_second": "9.8265989464", "kilometers_per_hour": "35375.7562069052", "miles_per_hour": "21981.1191831184"}, "miss_distance": {"astronomical": "0.1244049248", "lunar": "48.3935165405", "kilometers": "18610712", "miles": "11564160"}, "orbiting_body": "Earth"}, {"close_approach_date": "2030-07-15", "epoch_date_close_approach": 1910329200000, "relative_velocity": {"kilometers_per_second": "13.384608927", "kilometers_per_hour": "48184.592137105", "miles_per_hour": "29940.0317087472"}, "miss_distance": {"astronomical": "0.1548670035", "lunar": "60.2432670593", "kilometers": "23167774", "miles": "14395788"}, "orbiting_body": "Earth"}, {"close_approach_date": "2044-05-16", "epoch_date_close_approach": 2346994800000, "relative_velocity": {"kilometers_per_second": "12.6512681177", "kilometers_per_hour": "45544.5652238744", "miles_per_hour": "28299.6216525791"}, "miss_distance": {"astronomical": "0.278742438", "lunar": "108.430809021", "kilometers": "41699276", "miles": "25910728"}, "orbiting_body": "Earth"}, {"close_approach_date": "2069-07-05", "epoch_date_close_approach": 3140233200000, "relative_velocity": {"kilometers_per_second": "11.1786011956", "kilometers_per_hour": "40242.9643043375", "miles_per_hour": "25005.4130145479"}, "miss_distance": {"astronomical": "0.0570787636", "lunar": "22.2036399841", "kilometers": "8538862", "miles": "5305802.5"}, "orbiting_body": "Earth"}, {"close_approach_date": "2083-05-09", "epoch_date_close_approach": 3577071600000, "relative_velocity": {"kilometers_per_second": "14.2138588171", "kilometers_per_hour": "51169.8917415362", "miles_per_hour": "31794.9807879562"}, "miss_distance": {"astronomical": "0.3282923945", "lunar": "127.7057418823", "kilometers": "49111844", "miles": "30516686"}, "orbiting_body": "Earth"}, {"close_approach_date": "2108-07-21", "epoch_date_close_approach": 4372297200000, "relative_velocity": {"kilometers_per_second": "14.9855024339", "kilometers_per_hour": "53947.8087620605", "miles_per_hour": "33521.0703944037"}, "miss_distance": {"astronomical": "0.2223167011", "lunar": "86.4811935425", "kilometers": "33258104", "miles": "20665628"}, "orbiting_body": "Earth"}, {"close_approach_date": "2122-06-07", "epoch_date_close_approach": 4810258800000, "relative_velocity": {"kilometers_per_second": "10.352685809", "kilometers_per_hour": "37269.6689123204", "miles_per_hour": "23157.9228861027"}, "miss_distance": {"astronomical": "0.1665013695", "lunar": "64.7690353394", "kilometers": "24908252", "miles": "15477270"}, "orbiting_body": "Earth"}, {"close_approach_date": "2147-07-31", "epoch_date_close_approach": 5603842800000, "relative_velocity": {"kilometers_per_second": "18.3896632271", "kilometers_per_hour": "66202.7876175247", "miles_per_hour": "41135.8376726781"}, "miss_distance": {"astronomical": "0.3609368781", "lunar": "140.4044494629", "kilometers": "53995388", "miles": "33551180"}, "orbiting_body": "Earth"}, {"close_approach_date": "2161-06-25", "epoch_date_close_approach": 6042582000000, "relative_velocity": {"kilometers_per_second": "10.0694902528", "kilometers_per_hour": "36250.1649100134", "miles_per_hour": "22524.4427464469"}, "miss_distance": {"astronomical": "0.0639146573", "lunar": "24.8628005981", "kilometers": "9561497", "miles": "5941238.5"}, "orbiting_body": "Earth"}, {"close_approach_date": "2186-07-27", "epoch_date_close_approach": 6834265200000, "relative_velocity": {"kilometers_per_second": "16.7710852212", "kilometers_per_hour": "60375.906796397", "miles_per_hour": "37515.2405313502"}, "miss_distance": {"astronomical": "0.3012116961", "lunar": "117.1713485718", "kilometers": "45060628", "miles": "27999376"}, "orbiting_body": "Earth"}, {"close_approach_date": "2200-06-10", "epoch_date_close_approach": 7271967600000, "relative_velocity": {"kilometers_per_second": "10.3262738812", "kilometers_per_hour": "37174.5859722232", "miles_per_hour": "23098.8420447961"}, "miss_distance": {"astronomical": "0.1551984439", "lunar": "60.3721923828", "kilometers": "23217356", "miles": "14426596"}, "orbiting_body": "Earth"}], "orbital_data": {"orbit_id": "37", "orbit_determination_date": "2017-04-06 09:19:56", "orbit_uncertainty": "0", "minimum_orbit_intersection": ".039937", "jupiter_tisserand_invariant": "3.679", "epoch_osculation": "2458000.5", "eccentricity": ".4797227910532519", "semi_major_axis": "1.978443418149912", "inclination": "14.18197086286419", "ascending_node_longitude": "103.0592051021413", "orbital_period": "1016.444987073148", "perihelion_distance": "1.0293390196541", "perihelion_argument": "154.9172590928062", "aphelion_distance": "2.927547816645723", "perihelion_time": "2457593.440930564821", "mean_anomaly": "144.1703848809661", "mean_motion": ".3541755870493489", "equinox": "J2000"}}