{"links": {"self": "https://api.nasa.gov/neo/rest/v1/neo/2458723?api_key=stjNMXvPIBN6FqEBpH6hQbWAtFDv0RARRez0p7z1"}, "neo_reference_id": "2458723", "name": "458723 (2011 KQ12)", "nasa_jpl_url": "http://ssd.jpl.nasa.gov/sbdb.cgi?sstr=2458723", "absolute_magnitude_h": 19.4, "estimated_diameter": {"kilometers": {"estimated_diameter_min": 0.3503926411, "estimated_diameter_max": 0.7835017643}, "meters": {"estimated_diameter_min": 350.3926411083, "estimated_diameter_max": 783.5017643338}, "miles": {"estimated_diameter_min": 0.2177238258, "estimated_diameter_max": 0.4868452748}, "feet": {"estimated_diameter_min": 1149.5821926537, "estimated_diameter_max": 2570.543928497}}, "is_potentially_hazardous_asteroid": true, "close_approach_data": [{"close_approach_date": "1904-04-24", "epoch_date_close_approach": -2072966400000, "relative_velocity": {"kilometers_per_second": "13.2539514529", "kilometers_per_hour": "47714.2252303154", "miles_per_hour": "29647.7640049146"}, "miss_distance": {"astronomical": "0.2834121411", "lunar": "110.2473144531", "kilometers": "42397852", "miles": "26344804"}, "orbiting_body": "Earth"}, {"close_approach_date": "1921-06-02", "epoch_date_close_approach": -1533139200000, "relative_velocity": {"kilometers_per_second": "13.4018712613", "kilometers_per_hour": "48246.7365407772", "miles_per_hour": "29978.6458244624"}, "miss_distance": {"astronomical": "0.135452769", "lunar": "52.6911239624", "kilometers": "20263444", "miles": "12591121"}, "orbiting_body": "Earth"}, {"close_approach_date": "1938-06-25", "epoch_date_close_approach": -994694400000, "relative_velocity": {"kilometers_per_second": "16.1345292871", "kilometers_per_hour": "58084.305433609", "miles_per_hour": "36091.3285623444"}, "miss_distance": {"astronomical": "0.0794457484", "lunar": "30.9043960571", "kilometers": "11884915", "miles": "7384944"}, "orbiting_body": "Earth"}, {"close_approach_date": "1943-02-26", "epoch_date_close_approach": -847213200000, "relative_velocity": {"kilometers_per_second": "20.1958280257", "kilometers_per_hour": "72704.9808926752", "miles_per_hour": "45176.0477107847"}, "miss_distance": {"astronomical": "0.4584994796", "lunar": "178.3563079834", "kilometers": "68590552", "miles": "42620192"}, "orbiting_body": "Earth"}, {"close_approach_date": "1955-07-16", "epoch_date_close_approach": -456426000000, "relative_velocity": {"kilometers_per_second": "23.0156113204", "kilometers_per_hour": "82856.200753449", "miles_per_hour": "51483.6209626084"}, "miss_distance": {"astronomical": "0.3632037358", "lunar": "141.2862548828", "kilometers": "54334504", "miles": "33761896"}, "orbiting_body": "Earth"}, {"close_approach_date": "1960-04-12", "epoch_date_close_approach": -306777600000, "relative_velocity": {"kilometers_per_second": "13.2511299135", "kilometers_per_hour": "47704.0676885593", "miles_per_hour": "29641.4525034829"}, "miss_distance": {"astronomical": "0.3097615706", "lunar": "120.497253418", "kilometers": "46339672", "miles": "28794138"}, "orbiting_body": "Earth"}, {"close_approach_date": "1977-06-01", "epoch_date_close_approach": 233996400000, "relative_velocity": {"kilometers_per_second": "13.4699797415", "kilometers_per_hour": "48491.9270694356", "miles_per_hour": "30130.9976837835"}, "miss_distance": {"astronomical": "0.1375210907", "lunar": "53.4957046509", "kilometers": "20572862", "miles": "12783384"}, "orbiting_body": "Earth"}, {"close_approach_date": "1994-06-24", "epoch_date_close_approach": 772441200000, "relative_velocity": {"kilometers_per_second": "15.8736617818", "kilometers_per_hour": "57145.1824144102", "miles_per_hour": "35507.794039665"}, "miss_distance": {"astronomical": "0.068489601", "lunar": "26.6424560547", "kilometers": "10245899", "miles": "6366506.5"}, "orbiting_body": "Earth"}, {"close_approach_date": "1999-02-25", "epoch_date_close_approach": 919929600000, "relative_velocity": {"kilometers_per_second": "21.0104040389", "kilometers_per_hour": "75637.4545401966", "miles_per_hour": "46998.1727947127"}, "miss_distance": {"astronomical": "0.4771009949", "lunar": "185.5922851562", "kilometers": "71373296", "miles": "44349308"}, "orbiting_body": "Earth"}, {"close_approach_date": "2011-07-14", "epoch_date_close_approach": 1310626800000, "relative_velocity": {"kilometers_per_second": "22.0599489212", "kilometers_per_hour": "79415.8161163175", "miles_per_hour": "49345.8997418307"}, "miss_distance": {"astronomical": "0.3259665508", "lunar": "126.8009796143", "kilometers": "48763900", "miles": "30300482"}, "orbiting_body": "Earth"}, {"close_approach_date": "2016-04-06", "epoch_date_close_approach": 1459926000000, "relative_velocity": {"kilometers_per_second": "13.4342801271", "kilometers_per_hour": "48363.4084574934", "miles_per_hour": "30051.1412162686"}, "miss_distance": {"astronomical": "0.3217179834", "lunar": "125.1482925415", "kilometers": "48128324", "miles": "29905554"}, "orbiting_body": "Earth"}, {"close_approach_date": "2033-06-05", "epoch_date_close_approach": 2001567600000, "relative_velocity": {"kilometers_per_second": "13.5792109759", "kilometers_per_hour": "48885.1595133174", "miles_per_hour": "30375.3370320388"}, "miss_distance": {"astronomical": "0.1152147784", "lunar": "44.8185501099", "kilometers": "17235886", "miles": "10709883"}, "orbiting_body": "Earth"}, {"close_approach_date": "2050-07-04", "epoch_date_close_approach": 2540530800000, "relative_velocity": {"kilometers_per_second": "18.2542323924", "kilometers_per_hour": "65715.2366127563", "miles_per_hour": "40832.8924386318"}, "miss_distance": {"astronomical": "0.1755385839", "lunar": "68.2845077515", "kilometers": "26260198", "miles": "16317331"}, "orbiting_body": "Earth"}, {"close_approach_date": "2055-03-09", "epoch_date_close_approach": 2688192000000, "relative_velocity": {"kilometers_per_second": "16.8965038477", "kilometers_per_hour": "60827.4138518327", "miles_per_hour": "37795.7894569901"}, "miss_distance": {"astronomical": "0.3975677182", "lunar": "154.6538391113", "kilometers": "59475284", "miles": "36956228"}, "orbiting_body": "Earth"}, {"close_approach_date": "2067-07-23", "epoch_date_close_approach": 3078630000000, "relative_velocity": {"kilometers_per_second": "25.5681560974", "kilometers_per_hour": "92045.361950725", "miles_per_hour": "57193.4083743269"}, "miss_distance": {"astronomical": "0.4627081381", "lunar": "179.9934692383", "kilometers": "69220152", "miles": "43011408"}, "orbiting_body": "Earth"}, {"close_approach_date": "2072-05-05", "epoch_date_close_approach": 3229657200000, "relative_velocity": {"kilometers_per_second": "13.5120763512", "kilometers_per_hour": "48643.4748642426", "miles_per_hour": "30225.1635899512"}, "miss_distance": {"astronomical": "0.2539172675", "lunar": "98.7738189697", "kilometers": "37985484", "miles": "23603086"}, "orbiting_body": "Earth"}, {"close_approach_date": "2089-06-10", "epoch_date_close_approach": 3769225200000, "relative_velocity": {"kilometers_per_second": "14.0471741041", "kilometers_per_hour": "50569.8267747852", "miles_per_hour": "31422.1237534769"}, "miss_distance": {"astronomical": "0.0805355579", "lunar": "31.328332901", "kilometers": "12047949", "miles": "7486248"}, "orbiting_body": "Earth"}, {"close_approach_date": "2106-07-01", "epoch_date_close_approach": 4307410800000, "relative_velocity": {"kilometers_per_second": "17.3231427331", "kilometers_per_hour": "62363.313839111", "miles_per_hour": "38750.137979641"}, "miss_distance": {"astronomical": "0.1357880715", "lunar": "52.821559906", "kilometers": "20313606", "miles": "12622290"}, "orbiting_body": "Earth"}, {"close_approach_date": "2111-03-06", "epoch_date_close_approach": 4455072000000, "relative_velocity": {"kilometers_per_second": "18.5168848955", "kilometers_per_hour": "66660.7856239728", "miles_per_hour": "41420.4198228513"}, "miss_distance": {"astronomical": "0.4308755422", "lunar": "167.6105804443", "kilometers": "64458064", "miles": "40052384"}, "orbiting_body": "Earth"}, {"close_approach_date": "2123-07-20", "epoch_date_close_approach": 4845510000000, "relative_velocity": {"kilometers_per_second": "24.0409287976", "kilometers_per_hour": "86547.343671293", "miles_per_hour": "53777.1536273098"}, "miss_distance": {"astronomical": "0.40955918", "lunar": "159.3185272217", "kilometers": "61269184", "miles": "38070904"}, "orbiting_body": "Earth"}, {"close_approach_date": "2128-04-25", "epoch_date_close_approach": 4995932400000, "relative_velocity": {"kilometers_per_second": "13.5816099642", "kilometers_per_hour": "48893.7958711636", "miles_per_hour": "30380.703328946"}, "miss_distance": {"astronomical": "0.2858130886", "lunar": "111.1812896729", "kilometers": "42757032", "miles": "26567988"}, "orbiting_body": "Earth"}, {"close_approach_date": "2145-06-10", "epoch_date_close_approach": 5536364400000, "relative_velocity": {"kilometers_per_second": "13.8980374258", "kilometers_per_hour": "50032.9347330413", "miles_per_hour": "31088.5199178722"}, "miss_distance": {"astronomical": "0.0875437215", "lunar": "34.0545082092", "kilometers": "13096354", "miles": "8137697"}, "orbiting_body": "Earth"}, {"close_approach_date": "2162-07-01", "epoch_date_close_approach": 6074636400000, "relative_velocity": {"kilometers_per_second": "17.2381813243", "kilometers_per_hour": "62057.4527674436", "miles_per_hour": "38560.0878043041"}, "miss_distance": {"astronomical": "0.1347214919", "lunar": "52.4066581726", "kilometers": "20154048", "miles": "12523145"}, "orbiting_body": "Earth"}, {"close_approach_date": "2167-03-06", "epoch_date_close_approach": 6222297600000, "relative_velocity": {"kilometers_per_second": "18.9664980089", "kilometers_per_hour": "68279.3928320173", "miles_per_hour": "42426.1593960943"}, "miss_distance": {"astronomical": "0.4411286497", "lunar": "171.5990447998", "kilometers": "65991908", "miles": "41005468"}, "orbiting_body": "Earth"}, {"close_approach_date": "2179-07-17", "epoch_date_close_approach": 6612476400000, "relative_velocity": {"kilometers_per_second": "22.4777447372", "kilometers_per_hour": "80919.8810539495", "miles_per_hour": "50280.467202661"}, "miss_distance": {"astronomical": "0.3495813656", "lunar": "135.9871520996", "kilometers": "52296628", "miles": "32495618"}, "orbiting_body": "Earth"}, {"close_approach_date": "2184-04-05", "epoch_date_close_approach": 6761430000000, "relative_velocity": {"kilometers_per_second": "13.9599242617", "kilometers_per_hour": "50255.7273421124", "miles_per_hour": "31226.954580992"}, "miss_distance": {"astronomical": "0.3321462992", "lunar": "129.2049102783", "kilometers": "49688376", "miles": "30874926"}, "orbiting_body": "Earth"}], "orbital_data": {"orbit_id": "27", "orbit_determination_date": "2017-04-06 09:19:47", "orbit_uncertainty": "0", "minimum_orbit_intersection": ".0420923", "jupiter_tisserand_invariant": "3.836", "epoch_osculation": "2458000.5", "eccentricity": ".503245896688773", "semi_major_axis": "1.810374901657876", "inclination": "19.28304606124399", "ascending_node_longitude": "83.66198408896472", "orbital_period": "889.7156032649057", "perihelion_distance": ".8993111609302091", "perihelion_argument": "142.858100914322", "aphelion_distance": "2.721438642385543", "perihelion_time": "2458390.712537150440", "mean_anomaly": "202.1107679143032", "mean_motion": ".4046236782618421", "equinox": "J2000"}}