{"links": {"self": "https://api.nasa.gov/neo/rest/v1/neo/2462550?api_key=stjNMXvPIBN6FqEBpH6hQbWAtFDv0RARRez0p7z1"}, "neo_reference_id": "2462550", "name": "462550 (2009 CB3)", "nasa_jpl_url": "http://ssd.jpl.nasa.gov/sbdb.cgi?sstr=2462550", "absolute_magnitude_h": 19.4, "estimated_diameter": {"kilometers": {"estimated_diameter_min": 0.3503926411, "estimated_diameter_max": 0.7835017643}, "meters": {"estimated_diameter_min": 350.3926411083, "estimated_diameter_max": 783.5017643338}, "miles": {"estimated_diameter_min": 0.2177238258, "estimated_diameter_max": 0.4868452748}, "feet": {"estimated_diameter_min": 1149.5821926537, "estimated_diameter_max": 2570.543928497}}, "is_potentially_hazardous_asteroid": true, "close_approach_data": [{"close_approach_date": "1903-06-02", "epoch_date_close_approach": -2101219200000, "relative_velocity": {"kilometers_per_second": "29.5323517316", "kilometers_per_hour": "106316.4662338907", "miles_per_hour": "66060.9175884972"}, "miss_distance": {"astronomical": "0.4036337604", "lunar": "157.0135345459", "kilometers": "60382752", "miles": "37520104"}, "orbiting_body": "Earth"}, {"close_approach_date": "1905-10-24", "epoch_date_close_approach": -2025619200000, "relative_velocity": {"kilometers_per_second": "30.2238750566", "kilometers_per_hour": "108805.9502036272", "miles_per_hour": "67607.786114026"}, "miss_distance": {"astronomical": "0.114966111", "lunar": "44.7218170166", "kilometers": "17198686", "miles": "10686768"}, "orbiting_body": "Venus"}, {"close_approach_date": "1909-02-27", "epoch_date_close_approach": -1920038400000, "relative_velocity": {"kilometers_per_second": "24.503272378", "kilometers_per_hour": "88211.7805608724", "miles_per_hour": "54811.3699823932"}, "miss_distance": {"astronomical": "0.0338910706", "lunar": "13.1836261749", "kilometers": "5070032", "miles": "3150371.75"}, "orbiting_body": "Earth"}, {"close_approach_date": "1911-03-16", "epoch_date_close_approach": -1855497600000, "relative_velocity": {"kilometers_per_second": "31.8493935024", "kilometers_per_hour": "114657.8166087901", "miles_per_hour": "71243.9083256118"}, "miss_distance": {"astronomical": "0.0574538277", "lunar": "22.3495388031", "kilometers": "8594970", "miles": "5340667"}, "orbiting_body": "Merc"}, {"close_approach_date": "1914-05-27", "epoch_date_close_approach": -1754582400000, "relative_velocity": {"kilometers_per_second": "32.7701714825", "kilometers_per_hour": "117972.61733696", "miles_per_hour": "73303.5965891794"}, "miss_distance": {"astronomical": "0.4539650192", "lunar": "176.5923919678", "kilometers": "67912200", "miles": "42198684"}, "orbiting_body": "Earth"}, {"close_approach_date": "1915-07-06", "epoch_date_close_approach": -1719590400000, "relative_velocity": {"kilometers_per_second": "18.3417539148", "kilometers_per_hour": "66030.3140931396", "miles_per_hour": "41028.6693319289"}, "miss_distance": {"astronomical": "0.4664196012", "lunar": "181.4372253418", "kilometers": "69775384", "miles": "43356412"}, "orbiting_body": "Earth"}, {"close_approach_date": "1920-02-24", "epoch_date_close_approach": -1573228800000, "relative_velocity": {"kilometers_per_second": "21.1695305346", "kilometers_per_hour": "76210.3099245575", "miles_per_hour": "47354.1228528452"}, "miss_distance": {"astronomical": "0.1626561232", "lunar": "63.273235321", "kilometers": "24333010", "miles": "15119832"}, "orbiting_body": "Earth"}, {"close_approach_date": "1921-02-01", "epoch_date_close_approach": -1543593600000, "relative_velocity": {"kilometers_per_second": "30.6739459572", "kilometers_per_hour": "110426.2054458494", "miles_per_hour": "68614.5497116168"}, "miss_distance": {"astronomical": "0.0450746038", "lunar": "17.5340213776", "kilometers": "6743065", "miles": "4189946.25"}, "orbiting_body": "Merc"}, {"close_approach_date": "1921-03-10", "epoch_date_close_approach": -1540396800000, "relative_velocity": {"kilometers_per_second": "27.4132721422", "kilometers_per_hour": "98687.7797120608", "miles_per_hour": "61320.7484549747"}, "miss_distance": {"astronomical": "0.1271500617", "lunar": "49.4613723755", "kilometers": "19021378", "miles": "11819336"}, "orbiting_body": "Venus"}, {"close_approach_date": "1921-03-17", "epoch_date_close_approach": -1539792000000, "relative_velocity": {"kilometers_per_second": "37.6819623449", "kilometers_per_hour": "135655.0644417476", "miles_per_hour": "84290.7815693737"}, "miss_distance": {"astronomical": "0.3985782862", "lunar": "155.0469512939", "kilometers": "59626464", "miles": "37050168"}, "orbiting_body": "Earth"}, {"close_approach_date": "1926-06-21", "epoch_date_close_approach": -1373731200000, "relative_velocity": {"kilometers_per_second": "20.3890681239", "kilometers_per_hour": "73400.6452460252", "miles_per_hour": "45608.3064863427"}, "miss_distance": {"astronomical": "0.4024182265", "lunar": "156.5406951904", "kilometers": "60200912", "miles": "37407112"}, "orbiting_body": "Earth"}, {"close_approach_date": "1930-12-21", "epoch_date_close_approach": -1231689600000, "relative_velocity": {"kilometers_per_second": "30.6567670923", "kilometers_per_hour": "110364.3615321958", "miles_per_hour": "68576.1223087135"}, "miss_distance": {"astronomical": "0.0629102231", "lunar": "24.472076416", "kilometers": "9411235", "miles": "5847870.5"}, "orbiting_body": "Merc"}, {"close_approach_date": "1931-02-23", "epoch_date_close_approach": -1226160000000, "relative_velocity": {"kilometers_per_second": "18.4990177705", "kilometers_per_hour": "66596.4639739408", "miles_per_hour": "41380.4528509189"}, "miss_distance": {"astronomical": "0.2970449904", "lunar": "115.5504989624", "kilometers": "44437300", "miles": "27612058"}, "orbiting_body": "Earth"}, {"close_approach_date": "1932-03-10", "epoch_date_close_approach": -1193241600000, "relative_velocity": {"kilometers_per_second": "33.4421256696", "kilometers_per_hour": "120391.6524105488", "miles_per_hour": "74806.6909103213"}, "miss_distance": {"astronomical": "0.267124475", "lunar": "103.9114227295", "kilometers": "39961252", "miles": "24830772"}, "orbiting_body": "Earth"}, {"close_approach_date": "1937-06-12", "epoch_date_close_approach": -1027353600000, "relative_velocity": {"kilometers_per_second": "24.0512593142", "kilometers_per_hour": "86584.5335309634", "miles_per_hour": "53800.2619598367"}, "miss_distance": {"astronomical": "0.3706945737", "lunar": "144.2001953125", "kilometers": "55455120", "miles": "34458212"}, "orbiting_body": "Earth"}, {"close_approach_date": "1940-11-08", "epoch_date_close_approach": -919785600000, "relative_velocity": {"kilometers_per_second": "31.890690383", "kilometers_per_hour": "114806.4853789346", "miles_per_hour": "71336.2853178164"}, "miss_distance": {"astronomical": "0.0933551469", "lunar": "36.3151512146", "kilometers": "13965732", "miles": "8677903"}, "orbiting_body": "Merc"}, {"close_approach_date": "1942-02-27", "epoch_date_close_approach": -878662800000, "relative_velocity": {"kilometers_per_second": "17.3197086095", "kilometers_per_hour": "62350.9509942752", "miles_per_hour": "38742.4561886373"}, "miss_distance": {"astronomical": "0.4217078985", "lunar": "164.0443725586", "kilometers": "63086604", "miles": "39200200"}, "orbiting_body": "Earth"}, {"close_approach_date": "1943-03-05", "epoch_date_close_approach": -846608400000, "relative_velocity": {"kilometers_per_second": "29.2738816141", "kilometers_per_hour": "105385.9738108666", "miles_per_hour": "65482.7457826465"}, "miss_distance": {"astronomical": "0.1321282281", "lunar": "51.3978805542", "kilometers": "19766102", "miles": "12282086"}, "orbiting_body": "Earth"}, {"close_approach_date": "1948-06-05", "epoch_date_close_approach": -680806800000, "relative_velocity": {"kilometers_per_second": "27.8870957047", "kilometers_per_hour": "100393.5445370161", "miles_per_hour": "62380.6443819032"}, "miss_distance": {"astronomical": "0.3839256312", "lunar": "149.3470611572", "kilometers": "57434456", "miles": "35688116"}, "orbiting_body": "Earth"}, {"close_approach_date": "1954-02-28", "epoch_date_close_approach": -499881600000, "relative_velocity": {"kilometers_per_second": "25.9684745771", "kilometers_per_hour": "93486.5084776669", "miles_per_hour": "58088.8807815814"}, "miss_distance": {"astronomical": "0.0091561621", "lunar": "3.5617470741", "kilometers": "1369742.375", "miles": "851118.4375"}, "orbiting_body": "Moon"}, {"close_approach_date": "1954-02-28", "epoch_date_close_approach": -499881600000, "relative_velocity": {"kilometers_per_second": "25.5291266672", "kilometers_per_hour": "91904.8560018268", "miles_per_hour": "57106.1034418018"}, "miss_distance": {"astronomical": "0.008921807", "lunar": "3.4705827236", "kilometers": "1334683.25", "miles": "829333.75"}, "orbiting_body": "Earth"}, {"close_approach_date": "1958-05-30", "epoch_date_close_approach": -365792400000, "relative_velocity": {"kilometers_per_second": "31.4635271162", "kilometers_per_hour": "113268.6976182055", "miles_per_hour": "70380.7638061567"}, "miss_distance": {"astronomical": "0.0530159924", "lunar": "20.6232204437", "kilometers": "7931079.5", "miles": "4928144.5"}, "orbiting_body": "Merc"}, {"close_approach_date": "1959-05-31", "epoch_date_close_approach": -334170000000, "relative_velocity": {"kilometers_per_second": "30.7604387339", "kilometers_per_hour": "110737.5794420119", "miles_per_hour": "68808.0254038435"}, "miss_distance": {"astronomical": "0.4177082769", "lunar": "162.4885253906", "kilometers": "62488268", "miles": "38828412"}, "orbiting_body": "Earth"}, {"close_approach_date": "1961-10-21", "epoch_date_close_approach": -258652800000, "relative_velocity": {"kilometers_per_second": "34.0825599613", "kilometers_per_hour": "122697.2158606901", "miles_per_hour": "76239.2783774382"}, "miss_distance": {"astronomical": "0.1436071418", "lunar": "55.8631782532", "kilometers": "21483322", "miles": "13349118"}, "orbiting_body": "Venus"}, {"close_approach_date": "1965-02-26", "epoch_date_close_approach": -152899200000, "relative_velocity": {"kilometers_per_second": "23.6893887036", "kilometers_per_hour": "85281.7993330748", "miles_per_hour": "52990.7935911542"}, "miss_distance": {"astronomical": "0.063716675", "lunar": "24.785785675", "kilometers": "9531879", "miles": "5922835"}, "orbiting_body": "Earth"}, {"close_approach_date": "1966-03-22", "epoch_date_close_approach": -119289600000, "relative_velocity": {"kilometers_per_second": "40.9847413766", "kilometers_per_hour": "147545.068955647", "miles_per_hour": "91678.7679852463"}, "miss_distance": {"astronomical": "0.4966314372", "lunar": "193.1896362305", "kilometers": "74295008", "miles": "46164776"}, "orbiting_body": "Earth"}, {"close_approach_date": "1970-05-27", "epoch_date_close_approach": 12639600000, "relative_velocity": {"kilometers_per_second": "32.9596685959", "kilometers_per_hour": "118654.8069452749", "miles_per_hour": "73727.4826821904"}, "miss_distance": {"astronomical": "0.454481532", "lunar": "176.7933197021", "kilometers": "67989472", "miles": "42246700"}, "orbiting_body": "Earth"}, {"close_approach_date": "1971-07-06", "epoch_date_close_approach": 47631600000, "relative_velocity": {"kilometers_per_second": "18.271519506", "kilometers_per_hour": "65777.4702214492", "miles_per_hour": "40871.5619828777"}, "miss_distance": {"astronomical": "0.4642365937", "lunar": "180.5880279541", "kilometers": "69448808", "miles": "43153488"}, "orbiting_body": "Earth"}, {"close_approach_date": "1975-12-27", "epoch_date_close_approach": 188899200000, "relative_velocity": {"kilometers_per_second": "32.2649526957", "kilometers_per_hour": "116153.8297043645", "miles_per_hour": "72173.4726849147"}, "miss_distance": {"astronomical": "0.0662241399", "lunar": "25.7611923218", "kilometers": "9906991", "miles": "6155918.5"}, "orbiting_body": "Merc"}, {"close_approach_date": "1976-02-25", "epoch_date_close_approach": 194083200000, "relative_velocity": {"kilometers_per_second": "21.5063965618", "kilometers_per_hour": "77423.0276223281", "miles_per_hour": "48107.658468996"}, "miss_distance": {"astronomical": "0.1484714771", "lunar": "57.755405426", "kilometers": "22211016", "miles": "13801286"}, "orbiting_body": "Earth"}, {"close_approach_date": "1977-03-08", "epoch_date_close_approach": 226656000000, "relative_velocity": {"kilometers_per_second": "34.4574164156", "kilometers_per_hour": "124046.6990961874", "miles_per_hour": "77077.7947800726"}, "miss_distance": {"astronomical": "0.1479303462", "lunar": "57.5449028015", "kilometers": "22130064", "miles": "13750984"}, "orbiting_body": "Venus"}, {"close_approach_date": "1977-03-18", "epoch_date_close_approach": 227520000000, "relative_velocity": {"kilometers_per_second": "38.3042056561", "kilometers_per_hour": "137895.1403618635", "miles_per_hour": "85682.6776320701"}, "miss_distance": {"astronomical": "0.4169603833", "lunar": "162.1975860596", "kilometers": "62376388", "miles": "38758888"}, "orbiting_body": "Earth"}, {"close_approach_date": "1982-06-25", "epoch_date_close_approach": 393836400000, "relative_velocity": {"kilometers_per_second": "19.3171763279", "kilometers_per_hour": "69541.8347804951", "miles_per_hour": "43210.5917279137"}, "miss_distance": {"astronomical": "0.4195924766", "lunar": "163.2214660645", "kilometers": "62770140", "miles": "39003556"}, "orbiting_body": "Earth"}, {"close_approach_date": "1985-11-19", "epoch_date_close_approach": 501235200000, "relative_velocity": {"kilometers_per_second": "30.5766314633", "kilometers_per_hour": "110075.8732680056", "miles_per_hour": "68396.8669203338"}, "miss_distance": {"astronomical": "0.0649059111", "lunar": "25.2483997345", "kilometers": "9709786", "miles": "6033381.5"}, "orbiting_body": "Merc"}, {"close_approach_date": "1987-02-23", "epoch_date_close_approach": 541065600000, "relative_velocity": {"kilometers_per_second": "19.524140553", "kilometers_per_hour": "70286.9059906323", "miles_per_hour": "43673.5500029015"}, "miss_distance": {"astronomical": "0.2376113449", "lunar": "92.430809021", "kilometers": "35546152", "miles": "22087354"}, "orbiting_body": "Earth"}, {"close_approach_date": "1988-03-14", "epoch_date_close_approach": 574329600000, "relative_velocity": {"kilometers_per_second": "35.5035558045", "kilometers_per_hour": "127812.800896065", "miles_per_hour": "79417.9039790022"}, "miss_distance": {"astronomical": "0.3314070742", "lunar": "128.9173431396", "kilometers": "49577792", "miles": "30806212"}, "orbiting_body": "Earth"}, {"close_approach_date": "1992-07-24", "epoch_date_close_approach": 711961200000, "relative_velocity": {"kilometers_per_second": "33.9025488146", "kilometers_per_hour": "122049.175732466", "miles_per_hour": "75836.6114433203"}, "miss_distance": {"astronomical": "0.1401419855", "lunar": "54.5152282715", "kilometers": "20964942", "miles": "13027011"}, "orbiting_body": "Venus"}, {"close_approach_date": "1993-06-18", "epoch_date_close_approach": 740386800000, "relative_velocity": {"kilometers_per_second": "21.5953940797", "kilometers_per_hour": "77743.418687037", "miles_per_hour": "48306.7370169536"}, "miss_distance": {"astronomical": "0.3843936759", "lunar": "149.5291290283", "kilometers": "57504472", "miles": "35731624"}, "orbiting_body": "Earth"}, {"close_approach_date": "1998-02-24", "epoch_date_close_approach": 888307200000, "relative_velocity": {"kilometers_per_second": "18.0985025289", "kilometers_per_hour": "65154.6091039792", "miles_per_hour": "40484.5403068586"}, "miss_distance": {"astronomical": "0.3245914871", "lunar": "126.2660903931", "kilometers": "48558196", "miles": "30172664"}, "orbiting_body": "Earth"}, {"close_approach_date": "1999-03-11", "epoch_date_close_approach": 921139200000, "relative_velocity": {"kilometers_per_second": "32.7081687009", "kilometers_per_hour": "117749.4073232652", "miles_per_hour": "73164.9025670589"}, "miss_distance": {"astronomical": "0.2435764968", "lunar": "94.7512588501", "kilometers": "36438524", "miles": "22641850"}, "orbiting_body": "Earth"}, {"close_approach_date": "2003-06-15", "epoch_date_close_approach": 1055660400000, "relative_velocity": {"kilometers_per_second": "30.7923733276", "kilometers_per_hour": "110852.543979221", "miles_per_hour": "68879.4598964221"}, "miss_distance": {"astronomical": "0.045692987", "lunar": "17.7745723724", "kilometers": "6835573.5", "miles": "4247428.5"}, "orbiting_body": "Merc"}, {"close_approach_date": "2004-06-12", "epoch_date_close_approach": 1087023600000, "relative_velocity": {"kilometers_per_second": "24.0657610266", "kilometers_per_hour": "86636.7396956246", "miles_per_hour": "53832.7008403174"}, "miss_distance": {"astronomical": "0.3678423187", "lunar": "143.0906677246", "kilometers": "55028428", "miles": "34193080"}, "orbiting_body": "Earth"}, {"close_approach_date": "2007-12-11", "epoch_date_close_approach": 1197360000000, "relative_velocity": {"kilometers_per_second": "33.5872347477", "kilometers_per_hour": "120914.0450918334", "miles_per_hour": "75131.2854072006"}, "miss_distance": {"astronomical": "0.1356093206", "lunar": "52.7520217896", "kilometers": "20286864", "miles": "12605673"}, "orbiting_body": "Venus"}, {"close_approach_date": "2009-02-26", "epoch_date_close_approach": 1235635200000, "relative_velocity": {"kilometers_per_second": "17.3783504812", "kilometers_per_hour": "62562.0617321476", "miles_per_hour": "38873.6321912891"}, "miss_distance": {"astronomical": "0.405934525", "lunar": "157.9085235596", "kilometers": "60726940", "miles": "37733972"}, "orbiting_body": "Earth"}, {"close_approach_date": "2010-03-07", "epoch_date_close_approach": 1267948800000, "relative_velocity": {"kilometers_per_second": "30.0033067024", "kilometers_per_hour": "108011.9041285259", "miles_per_hour": "67114.3967625277"}, "miss_distance": {"astronomical": "0.156140289", "lunar": "60.738571167", "kilometers": "23358254", "miles": "14514146"}, "orbiting_body": "Earth"}, {"close_approach_date": "2015-06-08", "epoch_date_close_approach": 1433746800000, "relative_velocity": {"kilometers_per_second": "26.483433125", "kilometers_per_hour": "95340.3592499125", "miles_per_hour": "59240.7915572581"}, "miss_distance": {"astronomical": "0.3708640701", "lunar": "144.2661132812", "kilometers": "55480476", "miles": "34473968"}, "orbiting_body": "Earth"}, {"close_approach_date": "2020-03-01", "epoch_date_close_approach": 1583049600000, "relative_velocity": {"kilometers_per_second": "17.1923217248", "kilometers_per_hour": "61892.3582093977", "miles_per_hour": "38457.5044662783"}, "miss_distance": {"astronomical": "0.4746252243", "lunar": "184.6292114258", "kilometers": "71002928", "miles": "44119172"}, "orbiting_body": "Earth"}, {"close_approach_date": "2021-01-10", "epoch_date_close_approach": 1610265600000, "relative_velocity": {"kilometers_per_second": "31.9816344639", "kilometers_per_hour": "115133.884070108", "miles_per_hour": "71539.7181323402"}, "miss_distance": {"astronomical": "0.0626887853", "lunar": "24.3859367371", "kilometers": "9378109", "miles": "5827286.5"}, "orbiting_body": "Merc"}, {"close_approach_date": "2021-03-03", "epoch_date_close_approach": 1614758400000, "relative_velocity": {"kilometers_per_second": "27.5722117343", "kilometers_per_hour": "99259.9622435081", "miles_per_hour": "61676.2804284731"}, "miss_distance": {"astronomical": "0.075328461", "lunar": "29.302772522", "kilometers": "11268978", "miles": "7002218"}, "orbiting_body": "Earth"}, {"close_approach_date": "2023-04-29", "epoch_date_close_approach": 1682751600000, "relative_velocity": {"kilometers_per_second": "33.9122275905", "kilometers_per_hour": "122084.0193258432", "miles_per_hour": "75858.2618972163"}, "miss_distance": {"astronomical": "0.1390897135", "lunar": "54.1058998108", "kilometers": "20807526", "miles": "12929197"}, "orbiting_body": "Venus"}, {"close_approach_date": "2026-06-04", "epoch_date_close_approach": 1780556400000, "relative_velocity": {"kilometers_per_second": "28.6016627965", "kilometers_per_hour": "102965.9860672708", "miles_per_hour": "63979.0595094106"}, "miss_distance": {"astronomical": "0.3874045407", "lunar": "150.7003631592", "kilometers": "57954892", "miles": "36011500"}, "orbiting_body": "Earth"}, {"close_approach_date": "2030-12-07", "epoch_date_close_approach": 1922860800000, "relative_velocity": {"kilometers_per_second": "31.9993665557", "kilometers_per_hour": "115197.7196004746", "miles_per_hour": "71579.3830484171"}, "miss_distance": {"astronomical": "0.098952464", "lunar": "38.4925079346", "kilometers": "14803078", "miles": "9198206"}, "orbiting_body": "Merc"}, {"close_approach_date": "2032-03-01", "epoch_date_close_approach": 1961740800000, "relative_velocity": {"kilometers_per_second": "25.7399315419", "kilometers_per_hour": "92663.7535507302", "miles_per_hour": "57577.6528660079"}, "miss_distance": {"astronomical": "0.0159965166", "lunar": "6.2226448059", "kilometers": "2393044.75", "miles": "1486969"}, "orbiting_body": "Earth"}, {"close_approach_date": "2037-06-02", "epoch_date_close_approach": 2127538800000, "relative_velocity": {"kilometers_per_second": "29.6277837725", "kilometers_per_hour": "106660.0215810958", "miles_per_hour": "66274.3895207647"}, "miss_distance": {"astronomical": "0.3986934523", "lunar": "155.0917510986", "kilometers": "59643692", "miles": "37060872"}, "orbiting_body": "Earth"}, {"close_approach_date": "2038-08-15", "epoch_date_close_approach": 2165468400000, "relative_velocity": {"kilometers_per_second": "30.3576297368", "kilometers_per_hour": "109287.4670524498", "miles_per_hour": "67906.9819582291"}, "miss_distance": {"astronomical": "0.0469887463", "lunar": "18.2786235809", "kilometers": "7029416.5", "miles": "4367877"}, "orbiting_body": "Merc"}, {"close_approach_date": "2043-03-01", "epoch_date_close_approach": 2308809600000, "relative_velocity": {"kilometers_per_second": "25.6549289049", "kilometers_per_hour": "92357.744057636", "miles_per_hour": "57387.5104673684"}, "miss_distance": {"astronomical": "0.0145646212", "lunar": "5.6656374931", "kilometers": "2178836.25", "miles": "1353866.125"}, "orbiting_body": "Earth"}, {"close_approach_date": "2044-03-23", "epoch_date_close_approach": 2342329200000, "relative_velocity": {"kilometers_per_second": "25.9308742501", "kilometers_per_hour": "93351.1473002095", "miles_per_hour": "58004.7726099552"}, "miss_distance": {"astronomical": "0.1416214203", "lunar": "55.0907363892", "kilometers": "21186264", "miles": "13164534"}, "orbiting_body": "Venus"}, {"close_approach_date": "2046-04-27", "epoch_date_close_approach": 2408425200000, "relative_velocity": {"kilometers_per_second": "31.1421139801", "kilometers_per_hour": "112111.6103281919", "miles_per_hour": "69661.7947619812"}, "miss_distance": {"astronomical": "0.0509719063", "lunar": "19.8280715942", "kilometers": "7625289", "miles": "4738135"}, "orbiting_body": "Merc"}, {"close_approach_date": "2048-06-03", "epoch_date_close_approach": 2474780400000, "relative_velocity": {"kilometers_per_second": "28.9778951985", "kilometers_per_hour": "104320.4227146724", "miles_per_hour": "64820.6537695696"}, "miss_distance": {"astronomical": "0.3896933255", "lunar": "151.5906982422", "kilometers": "58297292", "miles": "36224256"}, "orbiting_body": "Earth"}, {"close_approach_date": "2054-01-09", "epoch_date_close_approach": 2651558400000, "relative_velocity": {"kilometers_per_second": "31.532945411", "kilometers_per_hour": "113518.603479506", "miles_per_hour": "70536.0455898075"}, "miss_distance": {"astronomical": "0.0569402399", "lunar": "22.1497535706", "kilometers": "8518139", "miles": "5292926"}, "orbiting_body": "Merc"}, {"close_approach_date": "2054-03-03", "epoch_date_close_approach": 2656137600000, "relative_velocity": {"kilometers_per_second": "26.9595184736", "kilometers_per_hour": "97054.2665049618", "miles_per_hour": "60305.746873597"}, "miss_distance": {"astronomical": "0.0544301836", "lunar": "21.1733417511", "kilometers": "8142639.5", "miles": "5059601.5"}, "orbiting_body": "Earth"}, {"close_approach_date": "2059-06-07", "epoch_date_close_approach": 2822194800000, "relative_velocity": {"kilometers_per_second": "27.3502472618", "kilometers_per_hour": "98460.8901423288", "miles_per_hour": "61179.7680998265"}, "miss_distance": {"astronomical": "0.3735423032", "lunar": "145.3079528809", "kilometers": "55881136", "miles": "34722928"}, "orbiting_body": "Earth"}, {"close_approach_date": "2061-09-25", "epoch_date_close_approach": 2894857200000, "relative_velocity": {"kilometers_per_second": "31.1564357186", "kilometers_per_hour": "112163.1685868106", "miles_per_hour": "69693.8310588435"}, "miss_distance": {"astronomical": "0.0516122741", "lunar": "20.077173233", "kilometers": "7721086", "miles": "4797660.5"}, "orbiting_body": "Merc"}, {"close_approach_date": "2064-02-29", "epoch_date_close_approach": 2971497600000, "relative_velocity": {"kilometers_per_second": "17.177970121", "kilometers_per_hour": "61840.6924357375", "miles_per_hour": "38425.4013637504"}, "miss_distance": {"astronomical": "0.4496461732", "lunar": "174.9123687744", "kilometers": "67266112", "miles": "41797224"}, "orbiting_body": "Earth"}, {"close_approach_date": "2065-02-21", "epoch_date_close_approach": 3002428800000, "relative_velocity": {"kilometers_per_second": "26.7005561185", "kilometers_per_hour": "96122.0020266752", "miles_per_hour": "59726.4739815194"}, "miss_distance": {"astronomical": "0.1303501995", "lunar": "50.7062301636", "kilometers": "19500112", "miles": "12116808"}, "orbiting_body": "Venus"}, {"close_approach_date": "2065-03-05", "epoch_date_close_approach": 3003465600000, "relative_velocity": {"kilometers_per_second": "29.0048926507", "kilometers_per_hour": "104417.6135426104", "miles_per_hour": "64881.044370407"}, "miss_distance": {"astronomical": "0.1224723119", "lunar": "47.6417274475", "kilometers": "18321596", "miles": "11384512"}, "orbiting_body": "Earth"}, {"close_approach_date": "2069-06-11", "epoch_date_close_approach": 3138159600000, "relative_velocity": {"kilometers_per_second": "30.7207814242", "kilometers_per_hour": "110594.8131269875", "miles_per_hour": "68719.3159677107"}, "miss_distance": {"astronomical": "0.0464821656", "lunar": "18.0815620422", "kilometers": "6953633", "miles": "4320787"}, "orbiting_body": "Merc"}, {"close_approach_date": "2070-06-11", "epoch_date_close_approach": 3169695600000, "relative_velocity": {"kilometers_per_second": "25.2497791262", "kilometers_per_hour": "90899.2048541753", "miles_per_hour": "56481.2309273069"}, "miss_distance": {"astronomical": "0.3637302509", "lunar": "141.4910736084", "kilometers": "54413272", "miles": "33810840"}, "orbiting_body": "Earth"}, {"close_approach_date": "2075-02-26", "epoch_date_close_approach": 3318393600000, "relative_velocity": {"kilometers_per_second": "17.4503061029", "kilometers_per_hour": "62821.1019703108", "miles_per_hour": "39034.5897214967"}, "miss_distance": {"astronomical": "0.3863310654", "lunar": "150.2827758789", "kilometers": "57794304", "miles": "35911716"}, "orbiting_body": "Earth"}, {"close_approach_date": "2076-03-08", "epoch_date_close_approach": 3350880000000, "relative_velocity": {"kilometers_per_second": "31.2280254019", "kilometers_per_hour": "112420.89144702", "miles_per_hour": "69853.9700216219"}, "miss_distance": {"astronomical": "0.1950335692", "lunar": "75.868057251", "kilometers": "29176606", "miles": "18129502"}, "orbiting_body": "Earth"}, {"close_approach_date": "2077-02-26", "epoch_date_close_approach": 3381552000000, "relative_velocity": {"kilometers_per_second": "30.3810119137", "kilometers_per_hour": "109371.6428893909", "miles_per_hour": "67959.2855497996"}, "miss_distance": {"astronomical": "0.0456889469", "lunar": "17.7730007172", "kilometers": "6834969", "miles": "4247053"}, "orbiting_body": "Merc"}, {"close_approach_date": "2081-06-15", "epoch_date_close_approach": 3517196400000, "relative_velocity": {"kilometers_per_second": "23.1538312708", "kilometers_per_hour": "83353.7925748321", "miles_per_hour": "51792.8051696228"}, "miss_distance": {"astronomical": "0.3676794907", "lunar": "143.0273132324", "kilometers": "55004068", "miles": "34177944"}, "orbiting_body": "Earth"}, {"close_approach_date": "2084-11-12", "epoch_date_close_approach": 3624854400000, "relative_velocity": {"kilometers_per_second": "30.1689227946", "kilometers_per_hour": "108608.1220605906", "miles_per_hour": "67484.8633992597"}, "miss_distance": {"astronomical": "0.0519841715", "lunar": "20.2218437195", "kilometers": "7776721.5", "miles": "4832230.5"}, "orbiting_body": "Merc"}, {"close_approach_date": "2086-01-24", "epoch_date_close_approach": 3662697600000, "relative_velocity": {"kilometers_per_second": "29.3667910482", "kilometers_per_hour": "105720.4477736521", "miles_per_hour": "65690.5748958007"}, "miss_distance": {"astronomical": "0.1080906247", "lunar": "42.047252655", "kilometers": "16170127", "miles": "10047651"}, "orbiting_body": "Venus"}, {"close_approach_date": "2086-02-24", "epoch_date_close_approach": 3665376000000, "relative_velocity": {"kilometers_per_second": "18.1904382141", "kilometers_per_hour": "65485.5775708327", "miles_per_hour": "40690.1912411655"}, "miss_distance": {"astronomical": "0.3151143792", "lunar": "122.5794906616", "kilometers": "47140440", "miles": "29291712"}, "orbiting_body": "Earth"}, {"close_approach_date": "2087-03-12", "epoch_date_close_approach": 3698290800000, "relative_velocity": {"kilometers_per_second": "33.6057760859", "kilometers_per_hour": "120980.7939093062", "miles_per_hour": "75172.7605265909"}, "miss_distance": {"astronomical": "0.27108963", "lunar": "105.4538726807", "kilometers": "40554432", "miles": "25199356"}, "orbiting_body": "Earth"}, {"close_approach_date": "2092-06-20", "epoch_date_close_approach": 3864783600000, "relative_velocity": {"kilometers_per_second": "21.046720658", "kilometers_per_hour": "75768.1943689004", "miles_per_hour": "47079.4094399426"}, "miss_distance": {"astronomical": "0.3869007134", "lunar": "150.5043792725", "kilometers": "57879524", "miles": "35964668"}, "orbiting_body": "Earth"}, {"close_approach_date": "2092-07-30", "epoch_date_close_approach": 3868239600000, "relative_velocity": {"kilometers_per_second": "30.2693916393", "kilometers_per_hour": "108969.809901399", "miles_per_hour": "67709.6021578998"}, "miss_distance": {"astronomical": "0.0635135459", "lunar": "24.7067699432", "kilometers": "9501492", "miles": "5903953"}, "orbiting_body": "Merc"}, {"close_approach_date": "2097-02-23", "epoch_date_close_approach": 4012444800000, "relative_velocity": {"kilometers_per_second": "19.4695626259", "kilometers_per_hour": "70090.4254533512", "miles_per_hour": "43551.4646379448"}, "miss_distance": {"astronomical": "0.2398751528", "lunar": "93.3114318848", "kilometers": "35884812", "miles": "22297788"}, "orbiting_body": "Earth"}, {"close_approach_date": "2098-03-15", "epoch_date_close_approach": 4045705200000, "relative_velocity": {"kilometers_per_second": "35.989207718", "kilometers_per_hour": "129561.1477846848", "miles_per_hour": "80504.2587443226"}, "miss_distance": {"astronomical": "0.3457890985", "lunar": "134.5119628906", "kilometers": "51729316", "miles": "32143106"}, "orbiting_body": "Earth"}, {"close_approach_date": "2100-04-17", "epoch_date_close_approach": 4111628400000, "relative_velocity": {"kilometers_per_second": "30.7135735908", "kilometers_per_hour": "110568.8649267241", "miles_per_hour": "68703.1927651637"}, "miss_distance": {"astronomical": "0.0783927458", "lunar": "30.4947776794", "kilometers": "11727388", "miles": "7287061"}, "orbiting_body": "Merc"}, {"close_approach_date": "2103-06-27", "epoch_date_close_approach": 4212370800000, "relative_velocity": {"kilometers_per_second": "19.2029228278", "kilometers_per_hour": "69130.5221800685", "miles_per_hour": "42955.0180734987"}, "miss_distance": {"astronomical": "0.418221833", "lunar": "162.688293457", "kilometers": "62565096", "miles": "38876148"}, "orbiting_body": "Earth"}, {"close_approach_date": "2106-12-28", "epoch_date_close_approach": 4322966400000, "relative_velocity": {"kilometers_per_second": "32.2453581993", "kilometers_per_hour": "116083.2895173925", "miles_per_hour": "72129.6417559598"}, "miss_distance": {"astronomical": "0.1173846138", "lunar": "45.662612915", "kilometers": "17560488", "miles": "10911582"}, "orbiting_body": "Venus"}, {"close_approach_date": "2108-01-03", "epoch_date_close_approach": 4355020800000, "relative_velocity": {"kilometers_per_second": "31.6215696088", "kilometers_per_hour": "113837.6505917977", "miles_per_hour": "70734.2890579979"}, "miss_distance": {"astronomical": "0.0968254129", "lunar": "37.6650848389", "kilometers": "14484876", "miles": "9000485"}, "orbiting_body": "Merc"}, {"close_approach_date": "2108-02-26", "epoch_date_close_approach": 4359686400000, "relative_velocity": {"kilometers_per_second": "21.1358751599", "kilometers_per_hour": "76089.1505756987", "miles_per_hour": "47278.8391452168"}, "miss_distance": {"astronomical": "0.1644215666", "lunar": "63.9599914551", "kilometers": "24597118", "miles": "15283940"}, "orbiting_body": "Earth"}, {"close_approach_date": "2109-03-20", "epoch_date_close_approach": 4393206000000, "relative_velocity": {"kilometers_per_second": "38.3770032945", "kilometers_per_hour": "138157.2118601885", "miles_per_hour": "85845.5186694599"}, "miss_distance": {"astronomical": "0.4187259986", "lunar": "162.8844146729", "kilometers": "62640520", "miles": "38923012"}, "orbiting_body": "Earth"}, {"close_approach_date": "2113-05-28", "epoch_date_close_approach": 4525398000000, "relative_velocity": {"kilometers_per_second": "33.5736787618", "kilometers_per_hour": "120865.2435424253", "miles_per_hour": "75100.9620222364"}, "miss_distance": {"astronomical": "0.4605304215", "lunar": "179.1463317871", "kilometers": "68894376", "miles": "42808980"}, "orbiting_body": "Earth"}, {"close_approach_date": "2114-07-06", "epoch_date_close_approach": 4560303600000, "relative_velocity": {"kilometers_per_second": "18.1517917584", "kilometers_per_hour": "65346.45033037", "miles_per_hour": "40603.7429844457"}, "miss_distance": {"astronomical": "0.458160197", "lunar": "178.224319458", "kilometers": "68539792", "miles": "42588652"}, "orbiting_body": "Earth"}, {"close_approach_date": "2119-02-28", "epoch_date_close_approach": 4707014400000, "relative_velocity": {"kilometers_per_second": "22.9790496153", "kilometers_per_hour": "82724.5786152542", "miles_per_hour": "51401.8360845728"}, "miss_distance": {"astronomical": "0.0918932518", "lunar": "35.7464752197", "kilometers": "13747034", "miles": "8542011"}, "orbiting_body": "Earth"}, {"close_approach_date": "2120-03-23", "epoch_date_close_approach": 4740620400000, "relative_velocity": {"kilometers_per_second": "40.62320994", "kilometers_per_hour": "146243.5557839532", "miles_per_hour": "90870.0583147569"}, "miss_distance": {"astronomical": "0.4852160122", "lunar": "188.7490386963", "kilometers": "72587288", "miles": "45103648"}, "orbiting_body": "Earth"}, {"close_approach_date": "2124-05-31", "epoch_date_close_approach": 4872812400000, "relative_velocity": {"kilometers_per_second": "31.6221617314", "kilometers_per_hour": "113839.7822328607", "miles_per_hour": "70735.6135768573"}, "miss_distance": {"astronomical": "0.4248943483", "lunar": "165.2839050293", "kilometers": "63563292", "miles": "39496400"}, "orbiting_body": "Earth"}, {"close_approach_date": "2125-07-16", "epoch_date_close_approach": 4908322800000, "relative_velocity": {"kilometers_per_second": "19.0368178578", "kilometers_per_hour": "68532.5442881999", "miles_per_hour": "42583.4578661873"}, "miss_distance": {"astronomical": "0.4934372188", "lunar": "191.9470825195", "kilometers": "73817160", "miles": "45867856"}, "orbiting_body": "Earth"}, {"close_approach_date": "2127-11-29", "epoch_date_close_approach": 4983148800000, "relative_velocity": {"kilometers_per_second": "34.1985244294", "kilometers_per_hour": "123114.6879457489", "miles_per_hour": "76498.6792960683"}, "miss_distance": {"astronomical": "0.1393104792", "lunar": "54.1917762756", "kilometers": "20840552", "miles": "12949718"}, "orbiting_body": "Venus"}, {"close_approach_date": "2130-03-01", "epoch_date_close_approach": 5054256000000, "relative_velocity": {"kilometers_per_second": "24.6387869515", "kilometers_per_hour": "88699.6330254119", "miles_per_hour": "55114.5025318177"}, "miss_distance": {"astronomical": "0.0336384824", "lunar": "13.0853691101", "kilometers": "5032245", "miles": "3126892.25"}, "orbiting_body": "Earth"}, {"close_approach_date": "2135-06-04", "epoch_date_close_approach": 5220226800000, "relative_velocity": {"kilometers_per_second": "30.2233847685", "kilometers_per_hour": "108804.1851666619", "miles_per_hour": "67606.6893886961"}, "miss_distance": {"astronomical": "0.4027839009", "lunar": "156.6829376221", "kilometers": "60255616", "miles": "37441104"}, "orbiting_body": "Earth"}, {"close_approach_date": "2138-10-31", "epoch_date_close_approach": 5327794800000, "relative_velocity": {"kilometers_per_second": "31.2551476994", "kilometers_per_hour": "112518.53171779", "miles_per_hour": "69914.6398887568"}, "miss_distance": {"astronomical": "0.0917002488", "lunar": "35.6713981628", "kilometers": "13718162", "miles": "8524071"}, "orbiting_body": "Merc"}, {"close_approach_date": "2141-03-02", "epoch_date_close_approach": 5401497600000, "relative_velocity": {"kilometers_per_second": "25.4710550361", "kilometers_per_hour": "91695.7981300111", "miles_per_hour": "56976.2030102839"}, "miss_distance": {"astronomical": "0.0168928982", "lunar": "6.5713376999", "kilometers": "2527141.75", "miles": "1570293"}, "orbiting_body": "Earth"}, {"close_approach_date": "2146-06-05", "epoch_date_close_approach": 5567468400000, "relative_velocity": {"kilometers_per_second": "29.2975099965", "kilometers_per_hour": "105471.0359873298", "miles_per_hour": "65535.6001111272"}, "miss_distance": {"astronomical": "0.3896521307", "lunar": "151.5746765137", "kilometers": "58291128", "miles": "36220428"}, "orbiting_body": "Earth"}, {"close_approach_date": "2146-07-14", "epoch_date_close_approach": 5570838000000, "relative_velocity": {"kilometers_per_second": "30.3356274983", "kilometers_per_hour": "109208.2589939686", "miles_per_hour": "67857.7651510023"}, "miss_distance": {"astronomical": "0.0694030846", "lunar": "26.9977989197", "kilometers": "10382553", "miles": "6451419.5"}, "orbiting_body": "Merc"}, {"close_approach_date": "2148-10-27", "epoch_date_close_approach": 5643068400000, "relative_velocity": {"kilometers_per_second": "32.5615124625", "kilometers_per_hour": "117221.4448650907", "miles_per_hour": "72836.8472274226"}, "miss_distance": {"astronomical": "0.1185313566", "lunar": "46.1086959839", "kilometers": "17732038", "miles": "11018178"}, "orbiting_body": "Venus"}, {"close_approach_date": "2152-03-03", "epoch_date_close_approach": 5748739200000, "relative_velocity": {"kilometers_per_second": "26.5217107719", "kilometers_per_hour": "95478.1587786776", "miles_per_hour": "59326.4148255622"}, "miss_distance": {"astronomical": "0.0407900037", "lunar": "15.8673114777", "kilometers": "6102097.5", "miles": "3791667.75"}, "orbiting_body": "Earth"}, {"close_approach_date": "2154-03-28", "epoch_date_close_approach": 5813967600000, "relative_velocity": {"kilometers_per_second": "30.1683762893", "kilometers_per_hour": "108606.1546414948", "miles_per_hour": "67483.6409215443"}, "miss_distance": {"astronomical": "0.0631144784", "lunar": "24.5515327454", "kilometers": "9441792", "miles": "5866857.5"}, "orbiting_body": "Merc"}, {"close_approach_date": "2157-06-08", "epoch_date_close_approach": 5914882800000, "relative_velocity": {"kilometers_per_second": "27.7471209186", "kilometers_per_hour": "99889.6353069276", "miles_per_hour": "62067.5347827962"}, "miss_distance": {"astronomical": "0.3728696224", "lunar": "145.0462799072", "kilometers": "55780500", "miles": "34660396"}, "orbiting_body": "Earth"}, {"close_approach_date": "2161-12-12", "epoch_date_close_approach": 6057273600000, "relative_velocity": {"kilometers_per_second": "30.2939301844", "kilometers_per_hour": "109058.1486638389", "miles_per_hour": "67764.4924294837"}, "miss_distance": {"astronomical": "0.070111412", "lunar": "27.2733383179", "kilometers": "10488518", "miles": "6517262.5"}, "orbiting_body": "Merc"}, {"close_approach_date": "2162-03-02", "epoch_date_close_approach": 6064185600000, "relative_velocity": {"kilometers_per_second": "17.1112206741", "kilometers_per_hour": "61600.3944267604", "miles_per_hour": "38276.0895258945"}, "miss_distance": {"astronomical": "0.4644325621", "lunar": "180.664276123", "kilometers": "69478120", "miles": "43171704"}, "orbiting_body": "Earth"}, {"close_approach_date": "2163-03-07", "epoch_date_close_approach": 6096153600000, "relative_velocity": {"kilometers_per_second": "28.5238880407", "kilometers_per_hour": "102685.9969464977", "miles_per_hour": "63805.085158228"}, "miss_distance": {"astronomical": "0.1063626113", "lunar": "41.3750572205", "kilometers": "15911620", "miles": "9887022"}, "orbiting_body": "Earth"}, {"close_approach_date": "2168-06-11", "epoch_date_close_approach": 6262297200000, "relative_velocity": {"kilometers_per_second": "25.6268109168", "kilometers_per_hour": "92256.5193005192", "miles_per_hour": "57324.6133398143"}, "miss_distance": {"astronomical": "0.360521068", "lunar": "140.2427062988", "kilometers": "53933188", "miles": "33512528"}, "orbiting_body": "Earth"}, {"close_approach_date": "2169-08-29", "epoch_date_close_approach": 6300658800000, "relative_velocity": {"kilometers_per_second": "30.8003996021", "kilometers_per_hour": "110881.4385675168", "miles_per_hour": "68897.4138699107"}, "miss_distance": {"astronomical": "0.0843860451", "lunar": "32.826171875", "kilometers": "12623972", "miles": "7844173"}, "orbiting_body": "Merc"}, {"close_approach_date": "2169-09-29", "epoch_date_close_approach": 6303337200000, "relative_velocity": {"kilometers_per_second": "34.3724368184", "kilometers_per_hour": "123740.7725462425", "miles_per_hour": "76887.7039190805"}, "miss_distance": {"astronomical": "0.1402390166", "lunar": "54.5529785156", "kilometers": "20979458", "miles": "13036031"}, "orbiting_body": "Venus"}, {"close_approach_date": "2173-02-27", "epoch_date_close_approach": 6411081600000, "relative_velocity": {"kilometers_per_second": "17.3399394604", "kilometers_per_hour": "62423.7820573885", "miles_per_hour": "38787.7105789368"}, "miss_distance": {"astronomical": "0.3969073169", "lunar": "154.3969573975", "kilometers": "59376492", "miles": "36894840"}, "orbiting_body": "Earth"}, {"close_approach_date": "2174-03-10", "epoch_date_close_approach": 6443568000000, "relative_velocity": {"kilometers_per_second": "30.9790763945", "kilometers_per_hour": "111524.6750203598", "miles_per_hour": "69297.0959869564"}, "miss_distance": {"astronomical": "0.1866279673", "lunar": "72.5982818604", "kilometers": "27919148", "miles": "17348154"}, "orbiting_body": "Earth"}, {"close_approach_date": "2179-06-17", "epoch_date_close_approach": 6609884400000, "relative_velocity": {"kilometers_per_second": "23.2470738496", "kilometers_per_hour": "83689.4658586349", "miles_per_hour": "52001.3794942168"}, "miss_distance": {"astronomical": "0.3635256608", "lunar": "141.4114837646", "kilometers": "54382664", "miles": "33791820"}, "orbiting_body": "Earth"}, {"close_approach_date": "2184-02-26", "epoch_date_close_approach": 6758064000000, "relative_velocity": {"kilometers_per_second": "18.0985410267", "kilometers_per_hour": "65154.7476962032", "miles_per_hour": "40484.6264226769"}, "miss_distance": {"astronomical": "0.3203262877", "lunar": "124.6069335938", "kilometers": "47920132", "miles": "29776190"}, "orbiting_body": "Earth"}, {"close_approach_date": "2185-03-13", "epoch_date_close_approach": 6790982400000, "relative_velocity": {"kilometers_per_second": "33.5209663815", "kilometers_per_hour": "120675.4789733716", "miles_per_hour": "74983.0496987597"}, "miss_distance": {"astronomical": "0.2680141207", "lunar": "104.2574996948", "kilometers": "40094344", "miles": "24913470"}, "orbiting_body": "Earth"}, {"close_approach_date": "2190-06-22", "epoch_date_close_approach": 6957471600000, "relative_velocity": {"kilometers_per_second": "20.9971943666", "kilometers_per_hour": "75589.8997199105", "miles_per_hour": "46968.624078741"}, "miss_distance": {"astronomical": "0.3844786362", "lunar": "149.5621795654", "kilometers": "57517184", "miles": "35739520"}, "orbiting_body": "Earth"}, {"close_approach_date": "2195-02-25", "epoch_date_close_approach": 7105132800000, "relative_velocity": {"kilometers_per_second": "19.5020461973", "kilometers_per_hour": "70207.3663101734", "miles_per_hour": "43624.1271386742"}, "miss_distance": {"astronomical": "0.2382102156", "lunar": "92.663772583", "kilometers": "35635740", "miles": "22143024"}, "orbiting_body": "Earth"}, {"close_approach_date": "2196-03-09", "epoch_date_close_approach": 7137792000000, "relative_velocity": {"kilometers_per_second": "28.426681015", "kilometers_per_hour": "102336.0516541087", "miles_per_hour": "63587.6427625211"}, "miss_distance": {"astronomical": "0.1083027845", "lunar": "42.1297836304", "kilometers": "16201866", "miles": "10067373"}, "orbiting_body": "Venus"}, {"close_approach_date": "2196-03-17", "epoch_date_close_approach": 7138479600000, "relative_velocity": {"kilometers_per_second": "36.149366961", "kilometers_per_hour": "130137.7210595554", "miles_per_hour": "80862.5189550332"}, "miss_distance": {"astronomical": "0.3500447809", "lunar": "136.1674194336", "kilometers": "52365956", "miles": "32538696"}, "orbiting_body": "Earth"}, {"close_approach_date": "2200-05-26", "epoch_date_close_approach": 7270671600000, "relative_velocity": {"kilometers_per_second": "35.6165945929", "kilometers_per_hour": "128219.7405343518", "miles_per_hour": "79670.7604448032"}, "miss_distance": {"astronomical": "0.4987211084", "lunar": "194.0025177002", "kilometers": "74607616", "miles": "46359024"}, "orbiting_body": "Earth"}], "orbital_data": {"orbit_id": "44", "orbit_determination_date": "2017-05-17 06:19:49", "orbit_uncertainty": "0", "minimum_orbit_intersection": ".0107072", "jupiter_tisserand_invariant": "5.468", "epoch_osculation": "2458000.5", "eccentricity": ".7237244979866418", "semi_major_axis": "1.064699258271139", "inclination": "21.51727012232404", "ascending_node_longitude": "158.785717657312", "orbital_period": "401.2719977783071", "perihelion_distance": ".294150322072109", "perihelion_argument": "229.4531877251622", "aphelion_distance": "1.835248194470169", "perihelion_time": "2458027.435326747253", "mean_anomaly": "335.8350503331948", "mean_motion": ".8971470772772216", "equinox": "J2000"}}