{"links": {"self": "https://api.nasa.gov/neo/rest/v1/neo/2465617?api_key=stjNMXvPIBN6FqEBpH6hQbWAtFDv0RARRez0p7z1"}, "neo_reference_id": "2465617", "name": "465617 (2009 EK1)", "nasa_jpl_url": "http://ssd.jpl.nasa.gov/sbdb.cgi?sstr=2465617", "absolute_magnitude_h": 21.4, "estimated_diameter": {"kilometers": {"estimated_diameter_min": 0.1394938229, "estimated_diameter_max": 0.3119176705}, "meters": {"estimated_diameter_min": 139.4938229344, "estimated_diameter_max": 311.9176705226}, "miles": {"estimated_diameter_min": 0.0866774163, "estimated_diameter_max": 0.1938165949}, "feet": {"estimated_diameter_min": 457.6569140361, "estimated_diameter_max": 1023.3519701574}}, "is_potentially_hazardous_asteroid": true, "close_approach_data": [{"close_approach_date": "1904-08-27", "epoch_date_close_approach": -2062166400000, "relative_velocity": {"kilometers_per_second": "8.3479942658", "kilometers_per_hour": "30052.7793569253", "miles_per_hour": "18673.6283731962"}, "miss_distance": {"astronomical": "0.1065314389", "lunar": "41.4407310486", "kilometers": "15936877", "miles": "9902716"}, "orbiting_body": "Earth"}, {"close_approach_date": "1905-01-14", "epoch_date_close_approach": -2050070400000, "relative_velocity": {"kilometers_per_second": "4.9365760582", "kilometers_per_hour": "17771.6738094944", "miles_per_hour": "11042.6269845717"}, "miss_distance": {"astronomical": "0.3143501091", "lunar": "122.2821884155", "kilometers": "47026104", "miles": "29220668"}, "orbiting_body": "Earth"}, {"close_approach_date": "1912-02-27", "epoch_date_close_approach": -1825430400000, "relative_velocity": {"kilometers_per_second": "8.5532861654", "kilometers_per_hour": "30791.8301954708", "miles_per_hour": "19132.8458234024"}, "miss_distance": {"astronomical": "0.458329838", "lunar": "178.2902984619", "kilometers": "68565168", "miles": "42604420"}, "orbiting_body": "Earth"}, {"close_approach_date": "1915-06-09", "epoch_date_close_approach": -1721923200000, "relative_velocity": {"kilometers_per_second": "6.0043172894", "kilometers_per_hour": "21615.5422418069", "miles_per_hour": "13431.0573446383"}, "miss_distance": {"astronomical": "0.4192863084", "lunar": "163.1023712158", "kilometers": "62724340", "miles": "38975096"}, "orbiting_body": "Earth"}, {"close_approach_date": "1915-12-07", "epoch_date_close_approach": -1706284800000, "relative_velocity": {"kilometers_per_second": "13.4310196126", "kilometers_per_hour": "48351.670605486", "miles_per_hour": "30043.8477715032"}, "miss_distance": {"astronomical": "0.3210802445", "lunar": "124.9002151489", "kilometers": "48032920", "miles": "29846272"}, "orbiting_body": "Earth"}, {"close_approach_date": "1922-09-16", "epoch_date_close_approach": -1492444800000, "relative_velocity": {"kilometers_per_second": "6.5352398503", "kilometers_per_hour": "23526.8634612259", "miles_per_hour": "14618.6780212268"}, "miss_distance": {"astronomical": "0.0330664749", "lunar": "12.8628587723", "kilometers": "4946674", "miles": "3073720.75"}, "orbiting_body": "Earth"}, {"close_approach_date": "1929-07-30", "epoch_date_close_approach": -1275667200000, "relative_velocity": {"kilometers_per_second": "17.4225155969", "kilometers_per_hour": "62721.056148876", "miles_per_hour": "38972.425138728"}, "miss_distance": {"astronomical": "0.4290885275", "lunar": "166.915435791", "kilometers": "64190732", "miles": "39886272"}, "orbiting_body": "Earth"}, {"close_approach_date": "1930-02-20", "epoch_date_close_approach": -1257955200000, "relative_velocity": {"kilometers_per_second": "8.1353307673", "kilometers_per_hour": "29287.1907624145", "miles_per_hour": "18197.9213934569"}, "miss_distance": {"astronomical": "0.4344613149", "lunar": "169.0054626465", "kilometers": "64994488", "miles": "40385704"}, "orbiting_body": "Earth"}, {"close_approach_date": "1933-05-31", "epoch_date_close_approach": -1154620800000, "relative_velocity": {"kilometers_per_second": "6.7411807239", "kilometers_per_hour": "24268.2506060171", "miles_per_hour": "15079.3471612777"}, "miss_distance": {"astronomical": "0.4447738948", "lunar": "173.0170440674", "kilometers": "66537228", "miles": "41344316"}, "orbiting_body": "Earth"}, {"close_approach_date": "1933-12-12", "epoch_date_close_approach": -1137772800000, "relative_velocity": {"kilometers_per_second": "15.8550227807", "kilometers_per_hour": "57078.0820104858", "miles_per_hour": "35466.1004581266"}, "miss_distance": {"astronomical": "0.3963227551", "lunar": "154.1695556641", "kilometers": "59289040", "miles": "36840504"}, "orbiting_body": "Earth"}, {"close_approach_date": "1940-09-27", "epoch_date_close_approach": -923414400000, "relative_velocity": {"kilometers_per_second": "6.2891487762", "kilometers_per_hour": "22640.9355943386", "miles_per_hour": "14068.1968974933"}, "miss_distance": {"astronomical": "0.0473298771", "lunar": "18.41132164", "kilometers": "7080449", "miles": "4399587"}, "orbiting_body": "Earth"}, {"close_approach_date": "1947-08-05", "epoch_date_close_approach": -707155200000, "relative_velocity": {"kilometers_per_second": "14.8723666034", "kilometers_per_hour": "53540.5197723332", "miles_per_hour": "33267.9968552034"}, "miss_distance": {"astronomical": "0.3406065859", "lunar": "132.4959716797", "kilometers": "50954024", "miles": "31661362"}, "orbiting_body": "Earth"}, {"close_approach_date": "1948-02-12", "epoch_date_close_approach": -690652800000, "relative_velocity": {"kilometers_per_second": "7.6133069717", "kilometers_per_hour": "27407.9050982986", "miles_per_hour": "17030.2063651067"}, "miss_distance": {"astronomical": "0.4087160716", "lunar": "158.9905548096", "kilometers": "61143056", "miles": "37992532"}, "orbiting_body": "Earth"}, {"close_approach_date": "1951-05-21", "epoch_date_close_approach": -587494800000, "relative_velocity": {"kilometers_per_second": "7.5291957606", "kilometers_per_hour": "27105.1047382439", "miles_per_hour": "16842.0579969383"}, "miss_distance": {"astronomical": "0.4745361295", "lunar": "184.594543457", "kilometers": "70989592", "miles": "44110888"}, "orbiting_body": "Earth"}, {"close_approach_date": "1958-11-06", "epoch_date_close_approach": -351964800000, "relative_velocity": {"kilometers_per_second": "7.1673853484", "kilometers_per_hour": "25802.5872542849", "miles_per_hour": "16032.7242858638"}, "miss_distance": {"astronomical": "0.1351227043", "lunar": "52.5627326965", "kilometers": "20214068", "miles": "12560440"}, "orbiting_body": "Earth"}, {"close_approach_date": "1965-08-18", "epoch_date_close_approach": -137955600000, "relative_velocity": {"kilometers_per_second": "10.4215062698", "kilometers_per_hour": "37517.422571356", "miles_per_hour": "23311.8673749628"}, "miss_distance": {"astronomical": "0.1834169352", "lunar": "71.3491897583", "kilometers": "27438782", "miles": "17049670"}, "orbiting_body": "Earth"}, {"close_approach_date": "1966-01-26", "epoch_date_close_approach": -124041600000, "relative_velocity": {"kilometers_per_second": "6.1858983395", "kilometers_per_hour": "22269.2340221329", "miles_per_hour": "13837.2359955859"}, "miss_distance": {"astronomical": "0.3509515129", "lunar": "136.5201416016", "kilometers": "52501600", "miles": "32622982"}, "orbiting_body": "Earth"}, {"close_approach_date": "1973-03-03", "epoch_date_close_approach": 99993600000, "relative_velocity": {"kilometers_per_second": "8.803920474", "kilometers_per_hour": "31694.1137064965", "miles_per_hour": "19693.4897083505"}, "miss_distance": {"astronomical": "0.4724796139", "lunar": "183.7945709229", "kilometers": "70681944", "miles": "43919724"}, "orbiting_body": "Earth"}, {"close_approach_date": "1976-06-16", "epoch_date_close_approach": 203756400000, "relative_velocity": {"kilometers_per_second": "5.3622114404", "kilometers_per_hour": "19303.9611854901", "miles_per_hour": "11994.7307710619"}, "miss_distance": {"astronomical": "0.3997060636", "lunar": "155.4856567383", "kilometers": "59795176", "miles": "37155000"}, "orbiting_body": "Earth"}, {"close_approach_date": "1976-12-03", "epoch_date_close_approach": 218448000000, "relative_velocity": {"kilometers_per_second": "11.8597408534", "kilometers_per_hour": "42695.0670720805", "miles_per_hour": "26529.0543148714"}, "miss_distance": {"astronomical": "0.2745464588", "lunar": "106.7985687256", "kilometers": "41071564", "miles": "25520686"}, "orbiting_body": "Earth"}, {"close_approach_date": "1983-09-10", "epoch_date_close_approach": 432025200000, "relative_velocity": {"kilometers_per_second": "6.8184478154", "kilometers_per_hour": "24546.4121354863", "miles_per_hour": "15252.185918297"}, "miss_distance": {"astronomical": "0.0415716066", "lunar": "16.1713542938", "kilometers": "6219024", "miles": "3864322.25"}, "orbiting_body": "Earth"}, {"close_approach_date": "1990-07-28", "epoch_date_close_approach": 649148400000, "relative_velocity": {"kilometers_per_second": "18.6147017776", "kilometers_per_hour": "67012.9263994889", "miles_per_hour": "41639.2264063935"}, "miss_distance": {"astronomical": "0.4709389189", "lunar": "183.1952362061", "kilometers": "70451464", "miles": "43776508"}, "orbiting_body": "Earth"}, {"close_approach_date": "1991-02-23", "epoch_date_close_approach": 667296000000, "relative_velocity": {"kilometers_per_second": "8.343858979", "kilometers_per_hour": "30037.8923242684", "miles_per_hour": "18664.3781500433"}, "miss_distance": {"astronomical": "0.4452094347", "lunar": "173.1864776611", "kilometers": "66602384", "miles": "41384804"}, "orbiting_body": "Earth"}, {"close_approach_date": "1994-06-06", "epoch_date_close_approach": 770886000000, "relative_velocity": {"kilometers_per_second": "6.2954884749", "kilometers_per_hour": "22663.7585094974", "miles_per_hour": "14082.3781694152"}, "miss_distance": {"astronomical": "0.4293659169", "lunar": "167.0233306885", "kilometers": "64232224", "miles": "39912056"}, "orbiting_body": "Earth"}, {"close_approach_date": "1994-12-10", "epoch_date_close_approach": 787046400000, "relative_velocity": {"kilometers_per_second": "14.3571880997", "kilometers_per_hour": "51685.8771589564", "miles_per_hour": "32115.5940602415"}, "miss_distance": {"astronomical": "0.3498825272", "lunar": "136.1042938232", "kilometers": "52341680", "miles": "32523612"}, "orbiting_body": "Earth"}, {"close_approach_date": "2001-09-15", "epoch_date_close_approach": 1000537200000, "relative_velocity": {"kilometers_per_second": "6.5715412795", "kilometers_per_hour": "23657.5486061569", "miles_per_hour": "14699.8806880868"}, "miss_distance": {"astronomical": "0.0328423808", "lunar": "12.7756853104", "kilometers": "4913150", "miles": "3052890"}, "orbiting_body": "Earth"}, {"close_approach_date": "2008-07-28", "epoch_date_close_approach": 1217228400000, "relative_velocity": {"kilometers_per_second": "18.7327338056", "kilometers_per_hour": "67437.8417001355", "miles_per_hour": "41903.2522497314"}, "miss_distance": {"astronomical": "0.4746386246", "lunar": "184.6344146729", "kilometers": "71004928", "miles": "44120416"}, "orbiting_body": "Earth"}, {"close_approach_date": "2009-02-23", "epoch_date_close_approach": 1235376000000, "relative_velocity": {"kilometers_per_second": "8.3762691349", "kilometers_per_hour": "30154.568885702", "miles_per_hour": "18736.8764278963"}, "miss_distance": {"astronomical": "0.4454082212", "lunar": "173.2637939453", "kilometers": "66632124", "miles": "41403280"}, "orbiting_body": "Earth"}, {"close_approach_date": "2012-06-07", "epoch_date_close_approach": 1339052400000, "relative_velocity": {"kilometers_per_second": "6.0680019712", "kilometers_per_hour": "21844.8070964847", "miles_per_hour": "13573.5136094796"}, "miss_distance": {"astronomical": "0.4221360237", "lunar": "164.2109222412", "kilometers": "63150652", "miles": "39239996"}, "orbiting_body": "Earth"}, {"close_approach_date": "2012-12-07", "epoch_date_close_approach": 1354867200000, "relative_velocity": {"kilometers_per_second": "13.6971400818", "kilometers_per_hour": "49309.7042945138", "miles_per_hour": "30639.1326489994"}, "miss_distance": {"astronomical": "0.3309794307", "lunar": "128.7510070801", "kilometers": "49513820", "miles": "30766460"}, "orbiting_body": "Earth"}, {"close_approach_date": "2019-09-06", "epoch_date_close_approach": 1567753200000, "relative_velocity": {"kilometers_per_second": "7.1798611364", "kilometers_per_hour": "25847.5000908791", "miles_per_hour": "16060.6313759132"}, "miss_distance": {"astronomical": "0.0571782335", "lunar": "22.2423324585", "kilometers": "8553742", "miles": "5315049"}, "orbiting_body": "Earth"}, {"close_approach_date": "2019-12-31", "epoch_date_close_approach": 1577779200000, "relative_velocity": {"kilometers_per_second": "3.1129697671", "kilometers_per_hour": "11206.6911616546", "miles_per_hour": "6963.4020720848"}, "miss_distance": {"astronomical": "0.2818329131", "lunar": "109.6330032349", "kilometers": "42161604", "miles": "26198006"}, "orbiting_body": "Earth"}, {"close_approach_date": "2027-03-04", "epoch_date_close_approach": 1804147200000, "relative_velocity": {"kilometers_per_second": "8.7649376572", "kilometers_per_hour": "31553.7755659682", "miles_per_hour": "19606.2890454206"}, "miss_distance": {"astronomical": "0.4675149958", "lunar": "181.8633270264", "kilometers": "69939248", "miles": "43458232"}, "orbiting_body": "Earth"}, {"close_approach_date": "2030-06-28", "epoch_date_close_approach": 1908860400000, "relative_velocity": {"kilometers_per_second": "4.2846080002", "kilometers_per_hour": "15424.5888006873", "miles_per_hour": "9584.239635627"}, "miss_distance": {"astronomical": "0.3667532035", "lunar": "142.6669921875", "kilometers": "54865496", "miles": "34091840"}, "orbiting_body": "Earth"}, {"close_approach_date": "2030-11-26", "epoch_date_close_approach": 1921910400000, "relative_velocity": {"kilometers_per_second": "9.7118414326", "kilometers_per_hour": "34962.6291574332", "miles_per_hour": "21724.4181006284"}, "miss_distance": {"astronomical": "0.2146712335", "lunar": "83.5071105957", "kilometers": "32114360", "miles": "19954938"}, "orbiting_body": "Earth"}, {"close_approach_date": "2037-08-16", "epoch_date_close_approach": 2134018800000, "relative_velocity": {"kilometers_per_second": "11.172467952", "kilometers_per_hour": "40220.8846272184", "miles_per_hour": "24991.6935618402"}, "miss_distance": {"astronomical": "0.2109547898", "lunar": "82.0614089966", "kilometers": "31558386", "miles": "19609472"}, "orbiting_body": "Earth"}, {"close_approach_date": "2038-01-31", "epoch_date_close_approach": 2148537600000, "relative_velocity": {"kilometers_per_second": "6.5498325781", "kilometers_per_hour": "23579.397281226", "miles_per_hour": "14651.3204939929"}, "miss_distance": {"astronomical": "0.3607853491", "lunar": "140.345489502", "kilometers": "53972720", "miles": "33537092"}, "orbiting_body": "Earth"}, {"close_approach_date": "2041-05-15", "epoch_date_close_approach": 2252214000000, "relative_velocity": {"kilometers_per_second": "7.86763837", "kilometers_per_hour": "28323.4981320484", "miles_per_hour": "17599.1202698831"}, "miss_distance": {"astronomical": "0.4856659892", "lunar": "188.9240722656", "kilometers": "72654600", "miles": "45145472"}, "orbiting_body": "Earth"}, {"close_approach_date": "2045-03-15", "epoch_date_close_approach": 2373174000000, "relative_velocity": {"kilometers_per_second": "9.1949106469", "kilometers_per_hour": "33101.6783289898", "miles_per_hour": "20568.0956261437"}, "miss_distance": {"astronomical": "0.4975378824", "lunar": "193.5422363281", "kilometers": "74430608", "miles": "46249036"}, "orbiting_body": "Earth"}, {"close_approach_date": "2048-10-21", "epoch_date_close_approach": 2486876400000, "relative_velocity": {"kilometers_per_second": "6.5187479213", "kilometers_per_hour": "23467.4925167938", "miles_per_hour": "14581.7872252267"}, "miss_distance": {"astronomical": "0.0997734431", "lunar": "38.811870575", "kilometers": "14925895", "miles": "9274521"}, "orbiting_body": "Earth"}, {"close_approach_date": "2055-08-05", "epoch_date_close_approach": 2701062000000, "relative_velocity": {"kilometers_per_second": "15.166594407", "kilometers_per_hour": "54599.7398650877", "miles_per_hour": "33926.1550289485"}, "miss_distance": {"astronomical": "0.3508485227", "lunar": "136.4800720215", "kilometers": "52486192", "miles": "32613408"}, "orbiting_body": "Earth"}, {"close_approach_date": "2056-02-14", "epoch_date_close_approach": 2717740800000, "relative_velocity": {"kilometers_per_second": "7.7109006375", "kilometers_per_hour": "27759.2422948969", "miles_per_hour": "17248.5136359597"}, "miss_distance": {"astronomical": "0.4101201573", "lunar": "159.5367431641", "kilometers": "61353104", "miles": "38123052"}, "orbiting_body": "Earth"}, {"close_approach_date": "2059-05-27", "epoch_date_close_approach": 2821244400000, "relative_velocity": {"kilometers_per_second": "7.0602499464", "kilometers_per_hour": "25416.8998071225", "miles_per_hour": "15793.0731051535"}, "miss_distance": {"astronomical": "0.4572274187", "lunar": "177.8614654541", "kilometers": "68400248", "miles": "42501944"}, "orbiting_body": "Earth"}, {"close_approach_date": "2059-12-16", "epoch_date_close_approach": 2838787200000, "relative_velocity": {"kilometers_per_second": "17.2481208709", "kilometers_per_hour": "62093.2351353314", "miles_per_hour": "38582.321576173"}, "miss_distance": {"astronomical": "0.4405599064", "lunar": "171.3777923584", "kilometers": "65906824", "miles": "40952600"}, "orbiting_body": "Earth"}, {"close_approach_date": "2066-09-25", "epoch_date_close_approach": 3052623600000, "relative_velocity": {"kilometers_per_second": "6.3180467015", "kilometers_per_hour": "22744.9681255543", "miles_per_hour": "14132.8386666812"}, "miss_distance": {"astronomical": "0.041464407", "lunar": "16.1296539307", "kilometers": "6202987", "miles": "3854357.5"}, "orbiting_body": "Earth"}, {"close_approach_date": "2073-08-01", "epoch_date_close_approach": 3268796400000, "relative_velocity": {"kilometers_per_second": "16.8589064027", "kilometers_per_hour": "60692.0630495598", "miles_per_hour": "37711.6877321001"}, "miss_distance": {"astronomical": "0.4092952963", "lunar": "159.2158660889", "kilometers": "61229704", "miles": "38046376"}, "orbiting_body": "Earth"}, {"close_approach_date": "2074-02-19", "epoch_date_close_approach": 3286252800000, "relative_velocity": {"kilometers_per_second": "8.0446111946", "kilometers_per_hour": "28960.600300452", "miles_per_hour": "17994.9907811336"}, "miss_distance": {"astronomical": "0.4280310564", "lunar": "166.5040740967", "kilometers": "64032536", "miles": "39787972"}, "orbiting_body": "Earth"}, {"close_approach_date": "2077-05-30", "epoch_date_close_approach": 3389583600000, "relative_velocity": {"kilometers_per_second": "6.7969009529", "kilometers_per_hour": "24468.8434304197", "miles_per_hour": "15203.9877415294"}, "miss_distance": {"astronomical": "0.4480299674", "lunar": "174.2836608887", "kilometers": "67024328", "miles": "41646988"}, "orbiting_body": "Earth"}, {"close_approach_date": "2077-12-13", "epoch_date_close_approach": 3406608000000, "relative_velocity": {"kilometers_per_second": "16.1708576828", "kilometers_per_hour": "58215.0876579572", "miles_per_hour": "36172.591550579"}, "miss_distance": {"astronomical": "0.4069931169", "lunar": "158.3203277588", "kilometers": "60885304", "miles": "37832376"}, "orbiting_body": "Earth"}, {"close_approach_date": "2084-09-25", "epoch_date_close_approach": 3620703600000, "relative_velocity": {"kilometers_per_second": "6.297919137", "kilometers_per_hour": "22672.5088932997", "miles_per_hour": "14087.8153176172"}, "miss_distance": {"astronomical": "0.0441811163", "lunar": "17.1864547729", "kilometers": "6609401", "miles": "4106891.25"}, "orbiting_body": "Earth"}, {"close_approach_date": "2091-08-05", "epoch_date_close_approach": 3837135600000, "relative_velocity": {"kilometers_per_second": "15.5064471139", "kilometers_per_hour": "55823.2096100861", "miles_per_hour": "34686.3715491115"}, "miss_distance": {"astronomical": "0.3619810559", "lunar": "140.8106384277", "kilometers": "54151596", "miles": "33648244"}, "orbiting_body": "Earth"}, {"close_approach_date": "2092-02-15", "epoch_date_close_approach": 3853900800000, "relative_velocity": {"kilometers_per_second": "7.7639328049", "kilometers_per_hour": "27950.1580978007", "miles_per_hour": "17367.1412913807"}, "miss_distance": {"astronomical": "0.4146437437", "lunar": "161.2964172363", "kilometers": "62029820", "miles": "38543544"}, "orbiting_body": "Earth"}, {"close_approach_date": "2095-05-24", "epoch_date_close_approach": 3957058800000, "relative_velocity": {"kilometers_per_second": "7.3343106808", "kilometers_per_hour": "26403.518450967", "miles_per_hour": "16406.1195619356"}, "miss_distance": {"astronomical": "0.4682481632", "lunar": "182.1485290527", "kilometers": "70048928", "miles": "43526384"}, "orbiting_body": "Earth"}, {"close_approach_date": "2095-12-18", "epoch_date_close_approach": 3975033600000, "relative_velocity": {"kilometers_per_second": "18.4383163755", "kilometers_per_hour": "66377.9389517701", "miles_per_hour": "41244.6699003374"}, "miss_distance": {"astronomical": "0.4785398316", "lunar": "186.1519927979", "kilometers": "71588536", "miles": "44483056"}, "orbiting_body": "Earth"}, {"close_approach_date": "2102-10-29", "epoch_date_close_approach": 4191548400000, "relative_velocity": {"kilometers_per_second": "6.7162860492", "kilometers_per_hour": "24178.629777107", "miles_per_hour": "15023.6602634474"}, "miss_distance": {"astronomical": "0.1152495204", "lunar": "44.8320655823", "kilometers": "17241084", "miles": "10713112"}, "orbiting_body": "Earth"}, {"close_approach_date": "2109-08-16", "epoch_date_close_approach": 4406079600000, "relative_velocity": {"kilometers_per_second": "11.3685400154", "kilometers_per_hour": "40926.7440552798", "miles_per_hour": "25430.2871603487"}, "miss_distance": {"astronomical": "0.2161493774", "lunar": "84.0821075439", "kilometers": "32335486", "miles": "20092340"}, "orbiting_body": "Earth"}, {"close_approach_date": "2110-02-01", "epoch_date_close_approach": 4420684800000, "relative_velocity": {"kilometers_per_second": "6.5776525099", "kilometers_per_hour": "23679.5490356149", "miles_per_hour": "14713.5508993797"}, "miss_distance": {"astronomical": "0.3641332434", "lunar": "141.6478271484", "kilometers": "54473556", "miles": "33848300"}, "orbiting_body": "Earth"}, {"close_approach_date": "2117-03-07", "epoch_date_close_approach": 4644547200000, "relative_velocity": {"kilometers_per_second": "8.9088083398", "kilometers_per_hour": "32071.7100232512", "miles_per_hour": "19928.1133752807"}, "miss_distance": {"astronomical": "0.4785413813", "lunar": "186.1525878906", "kilometers": "71588768", "miles": "44483200"}, "orbiting_body": "Earth"}, {"close_approach_date": "2120-06-22", "epoch_date_close_approach": 4748482800000, "relative_velocity": {"kilometers_per_second": "4.9760772296", "kilometers_per_hour": "17913.878026706", "miles_per_hour": "11130.9871549829"}, "miss_distance": {"astronomical": "0.3883152434", "lunar": "151.0546264648", "kilometers": "58091132", "miles": "36096156"}, "orbiting_body": "Earth"}, {"close_approach_date": "2120-12-02", "epoch_date_close_approach": 4762569600000, "relative_velocity": {"kilometers_per_second": "11.0308360478", "kilometers_per_hour": "39711.0097719479", "miles_per_hour": "24674.8771552417"}, "miss_distance": {"astronomical": "0.2518031938", "lunar": "97.9514389038", "kilometers": "37669220", "miles": "23406568"}, "orbiting_body": "Earth"}, {"close_approach_date": "2127-09-08", "epoch_date_close_approach": 4976060400000, "relative_velocity": {"kilometers_per_second": "7.0714086291", "kilometers_per_hour": "25457.0710647034", "miles_per_hour": "15818.0339623986"}, "miss_distance": {"astronomical": "0.0505071747", "lunar": "19.6472911835", "kilometers": "7555765.5", "miles": "4694935"}, "orbiting_body": "Earth"}, {"close_approach_date": "2134-07-29", "epoch_date_close_approach": 5193442800000, "relative_velocity": {"kilometers_per_second": "18.9405286242", "kilometers_per_hour": "68185.9030472132", "miles_per_hour": "42368.0684795309"}, "miss_distance": {"astronomical": "0.4815264894", "lunar": "187.3138122559", "kilometers": "72035336", "miles": "44760684"}, "orbiting_body": "Earth"}, {"close_approach_date": "2135-02-26", "epoch_date_close_approach": 5211763200000, "relative_velocity": {"kilometers_per_second": "8.4023701422", "kilometers_per_hour": "30248.5325120757", "miles_per_hour": "18795.2617711839"}, "miss_distance": {"astronomical": "0.4477239305", "lunar": "174.1646118164", "kilometers": "66978548", "miles": "41618540"}, "orbiting_body": "Earth"}, {"close_approach_date": "2138-06-08", "epoch_date_close_approach": 5315266800000, "relative_velocity": {"kilometers_per_second": "6.1855682823", "kilometers_per_hour": "22268.0458161495", "miles_per_hour": "13836.4976905958"}, "miss_distance": {"astronomical": "0.4267973239", "lunar": "166.0241546631", "kilometers": "63847972", "miles": "39673292"}, "orbiting_body": "Earth"}, {"close_approach_date": "2138-12-11", "epoch_date_close_approach": 5331340800000, "relative_velocity": {"kilometers_per_second": "14.0790942082", "kilometers_per_hour": "50684.7391495888", "miles_per_hour": "31493.5258343653"}, "miss_distance": {"astronomical": "0.3424642817", "lunar": "133.2185974121", "kilometers": "51231924", "miles": "31834042"}, "orbiting_body": "Earth"}, {"close_approach_date": "2145-09-14", "epoch_date_close_approach": 5544658800000, "relative_velocity": {"kilometers_per_second": "6.6424491062", "kilometers_per_hour": "23912.8167821773", "miles_per_hour": "14858.4944055701"}, "miss_distance": {"astronomical": "0.032921793", "lunar": "12.8065786362", "kilometers": "4925030.5", "miles": "3060272"}, "orbiting_body": "Earth"}, {"close_approach_date": "2152-07-28", "epoch_date_close_approach": 5761436400000, "relative_velocity": {"kilometers_per_second": "19.2387250495", "kilometers_per_hour": "69259.4101783012", "miles_per_hour": "43035.1040632894"}, "miss_distance": {"astronomical": "0.4917302085", "lunar": "191.2830505371", "kilometers": "73561792", "miles": "45709180"}, "orbiting_body": "Earth"}, {"close_approach_date": "2153-02-26", "epoch_date_close_approach": 5779843200000, "relative_velocity": {"kilometers_per_second": "8.4622823202", "kilometers_per_hour": "30464.2163528346", "miles_per_hour": "18929.2793221266"}, "miss_distance": {"astronomical": "0.4490220648", "lunar": "174.6695861816", "kilometers": "67172744", "miles": "41739208"}, "orbiting_body": "Earth"}, {"close_approach_date": "2156-06-12", "epoch_date_close_approach": 5883692400000, "relative_velocity": {"kilometers_per_second": "5.7808240439", "kilometers_per_hour": "20810.9665581982", "miles_per_hour": "12931.1253038982"}, "miss_distance": {"astronomical": "0.4130456523", "lunar": "160.6747589111", "kilometers": "61790748", "miles": "38394992"}, "orbiting_body": "Earth"}, {"close_approach_date": "2156-12-07", "epoch_date_close_approach": 5899075200000, "relative_velocity": {"kilometers_per_second": "12.9063611958", "kilometers_per_hour": "46462.9003048814", "miles_per_hour": "28870.2393588859"}, "miss_distance": {"astronomical": "0.3084737101", "lunar": "119.9962692261", "kilometers": "46147012", "miles": "28674422"}, "orbiting_body": "Earth"}, {"close_approach_date": "2163-09-01", "epoch_date_close_approach": 6111529200000, "relative_velocity": {"kilometers_per_second": "7.9029124373", "kilometers_per_hour": "28450.4847742908", "miles_per_hour": "17678.0248310031"}, "miss_distance": {"astronomical": "0.0863941897", "lunar": "33.6073417664", "kilometers": "12924387", "miles": "8030842"}, "orbiting_body": "Earth"}, {"close_approach_date": "2164-01-13", "epoch_date_close_approach": 6123110400000, "relative_velocity": {"kilometers_per_second": "4.6002117888", "kilometers_per_hour": "16560.7624395527", "miles_per_hour": "10290.2137502876"}, "miss_distance": {"astronomical": "0.3021655778", "lunar": "117.5424041748", "kilometers": "45203324", "miles": "28088044"}, "orbiting_body": "Earth"}, {"close_approach_date": "2171-03-08", "epoch_date_close_approach": 6348700800000, "relative_velocity": {"kilometers_per_second": "8.8931487165", "kilometers_per_hour": "32015.3353795048", "miles_per_hour": "19893.084364004"}, "miss_distance": {"astronomical": "0.474760495", "lunar": "184.6818389893", "kilometers": "71023160", "miles": "44131748"}, "orbiting_body": "Earth"}, {"close_approach_date": "2174-07-11", "epoch_date_close_approach": 6454191600000, "relative_velocity": {"kilometers_per_second": "3.3238331421", "kilometers_per_hour": "11965.7993115171", "miles_per_hour": "7435.0823555368"}, "miss_distance": {"astronomical": "0.3453906586", "lunar": "134.3569641113", "kilometers": "51669704", "miles": "32106066"}, "orbiting_body": "Earth"}, {"close_approach_date": "2174-11-22", "epoch_date_close_approach": 6465772800000, "relative_velocity": {"kilometers_per_second": "8.6315237667", "kilometers_per_hour": "31073.4855601758", "miles_per_hour": "19307.8555137659"}, "miss_distance": {"astronomical": "0.1861955026", "lunar": "72.4300537109", "kilometers": "27854452", "miles": "17307954"}, "orbiting_body": "Earth"}, {"close_approach_date": "2181-08-14", "epoch_date_close_approach": 6678054000000, "relative_velocity": {"kilometers_per_second": "12.1459250391", "kilometers_per_hour": "43725.3301407262", "miles_per_hour": "27169.2197199418"}, "miss_distance": {"astronomical": "0.2443194912", "lunar": "95.0402832031", "kilometers": "36549676", "miles": "22710916"}, "orbiting_body": "Earth"}, {"close_approach_date": "2182-02-05", "epoch_date_close_approach": 6693177600000, "relative_velocity": {"kilometers_per_second": "6.9125080481", "kilometers_per_hour": "24885.0289730704", "miles_per_hour": "15462.5892527392"}, "miss_distance": {"astronomical": "0.373180581", "lunar": "145.1672363281", "kilometers": "55827020", "miles": "34689300"}, "orbiting_body": "Earth"}, {"close_approach_date": "2185-05-20", "epoch_date_close_approach": 6796854000000, "relative_velocity": {"kilometers_per_second": "7.6738223804", "kilometers_per_hour": "27625.7605694024", "miles_per_hour": "17165.5732826934"}, "miss_distance": {"astronomical": "0.4796440609", "lunar": "186.5815429688", "kilometers": "71753728", "miles": "44585700"}, "orbiting_body": "Earth"}, {"close_approach_date": "2192-10-14", "epoch_date_close_approach": 7030479600000, "relative_velocity": {"kilometers_per_second": "6.3607343077", "kilometers_per_hour": "22898.6435076405", "miles_per_hour": "14228.3265728447"}, "miss_distance": {"astronomical": "0.0840517493", "lunar": "32.6961326599", "kilometers": "12573963", "miles": "7813098.5"}, "orbiting_body": "Earth"}, {"close_approach_date": "2199-08-06", "epoch_date_close_approach": 7245356400000, "relative_velocity": {"kilometers_per_second": "15.6577864995", "kilometers_per_hour": "56368.0313980621", "miles_per_hour": "35024.9026206459"}, "miss_distance": {"astronomical": "0.3671704043", "lunar": "142.829284668", "kilometers": "54927908", "miles": "34130620"}, "orbiting_body": "Earth"}, {"close_approach_date": "2200-02-17", "epoch_date_close_approach": 7262208000000, "relative_velocity": {"kilometers_per_second": "7.8265417362", "kilometers_per_hour": "28175.5502502506", "miles_per_hour": "17507.1912096627"}, "miss_distance": {"astronomical": "0.4147617142", "lunar": "161.3423156738", "kilometers": "62047472", "miles": "38554512"}, "orbiting_body": "Earth"}], "orbital_data": {"orbit_id": "22", "orbit_determination_date": "2017-04-06 09:19:31", "orbit_uncertainty": "0", "minimum_orbit_intersection": ".0321026", "jupiter_tisserand_invariant": "5.128", "epoch_osculation": "2458000.5", "eccentricity": ".2297965278374581", "semi_major_axis": "1.242059728928979", "inclination": "9.111115273964812", "ascending_node_longitude": "358.4847390397616", "orbital_period": "505.6059176417817", "perihelion_distance": ".9566387158543652", "perihelion_argument": "21.731253400944", "aphelion_distance": "1.527480742003593", "perihelion_time": "2457752.165240384782", "mean_anomaly": "176.818566282719", "mean_motion": ".7120169828689733", "equinox": "J2000"}}