{"links": {"self": "https://api.nasa.gov/neo/rest/v1/neo/2467309?api_key=stjNMXvPIBN6FqEBpH6hQbWAtFDv0RARRez0p7z1"}, "neo_reference_id": "2467309", "name": "467309 (1996 AW1)", "nasa_jpl_url": "http://ssd.jpl.nasa.gov/sbdb.cgi?sstr=2467309", "absolute_magnitude_h": 20.0, "estimated_diameter": {"kilometers": {"estimated_diameter_min": 0.2658, "estimated_diameter_max": 0.5943468684}, "meters": {"estimated_diameter_min": 265.8, "estimated_diameter_max": 594.3468684194}, "miles": {"estimated_diameter_min": 0.1651604118, "estimated_diameter_max": 0.369309908}, "feet": {"estimated_diameter_min": 872.047272, "estimated_diameter_max": 1949.9569797852}}, "is_potentially_hazardous_asteroid": true, "close_approach_data": [{"close_approach_date": "1900-12-08", "epoch_date_close_approach": -2179497600000, "relative_velocity": {"kilometers_per_second": "23.305549779", "kilometers_per_hour": "83899.9792044335", "miles_per_hour": "52132.1843006659"}, "miss_distance": {"astronomical": "0.2984653839", "lunar": "116.1030273438", "kilometers": "44649784", "miles": "27744090"}, "orbiting_body": "Earth"}, {"close_approach_date": "1902-09-25", "epoch_date_close_approach": -2122819200000, "relative_velocity": {"kilometers_per_second": "12.7210141325", "kilometers_per_hour": "45795.6508770659", "miles_per_hour": "28455.6365130302"}, "miss_distance": {"astronomical": "0.2627507869", "lunar": "102.2100524902", "kilometers": "39306956", "miles": "24424210"}, "orbiting_body": "Earth"}, {"close_approach_date": "1904-06-17", "epoch_date_close_approach": -2068300800000, "relative_velocity": {"kilometers_per_second": "15.5200726332", "kilometers_per_hour": "55872.2614796136", "miles_per_hour": "34716.8504732632"}, "miss_distance": {"astronomical": "0.0531367325", "lunar": "20.6701889038", "kilometers": "7949142", "miles": "4939368"}, "orbiting_body": "Earth"}, {"close_approach_date": "1917-11-26", "epoch_date_close_approach": -1644076800000, "relative_velocity": {"kilometers_per_second": "12.611103452", "kilometers_per_hour": "45399.9724273426", "miles_per_hour": "28209.7773118674"}, "miss_distance": {"astronomical": "0.0970096069", "lunar": "37.7367362976", "kilometers": "14512431", "miles": "9017606"}, "orbiting_body": "Venus"}, {"close_approach_date": "1919-11-22", "epoch_date_close_approach": -1581350400000, "relative_velocity": {"kilometers_per_second": "14.0357133176", "kilometers_per_hour": "50528.5679431926", "miles_per_hour": "31396.4871200354"}, "miss_distance": {"astronomical": "0.0714777634", "lunar": "27.8048496246", "kilometers": "10692921", "miles": "6644273"}, "orbiting_body": "Earth"}, {"close_approach_date": "1921-08-07", "epoch_date_close_approach": -1527436800000, "relative_velocity": {"kilometers_per_second": "12.0955288229", "kilometers_per_hour": "43543.9037623435", "miles_per_hour": "27056.4884238851"}, "miss_distance": {"astronomical": "0.241607937", "lunar": "93.9854888916", "kilometers": "36144032", "miles": "22458860"}, "orbiting_body": "Earth"}, {"close_approach_date": "1923-06-01", "epoch_date_close_approach": -1470153600000, "relative_velocity": {"kilometers_per_second": "24.2916257961", "kilometers_per_hour": "87449.8528660622", "miles_per_hour": "54337.9377433596"}, "miss_distance": {"astronomical": "0.3345395269", "lunar": "130.1358795166", "kilometers": "50046404", "miles": "31097392"}, "orbiting_body": "Earth"}, {"close_approach_date": "1936-12-13", "epoch_date_close_approach": -1042992000000, "relative_velocity": {"kilometers_per_second": "25.8600009212", "kilometers_per_hour": "93096.0033164471", "miles_per_hour": "57846.2360607112"}, "miss_distance": {"astronomical": "0.3802324357", "lunar": "147.9104156494", "kilometers": "56881960", "miles": "35344812"}, "orbiting_body": "Earth"}, {"close_approach_date": "1938-10-09", "epoch_date_close_approach": -985536000000, "relative_velocity": {"kilometers_per_second": "11.7416809841", "kilometers_per_hour": "42270.0515428856", "miles_per_hour": "26264.9661934114"}, "miss_distance": {"astronomical": "0.2402481739", "lunar": "93.4565429688", "kilometers": "35940616", "miles": "22332464"}, "orbiting_body": "Earth"}, {"close_approach_date": "1940-06-23", "epoch_date_close_approach": -931708800000, "relative_velocity": {"kilometers_per_second": "13.4418146173", "kilometers_per_hour": "48390.5326221284", "miles_per_hour": "30067.9951173442"}, "miss_distance": {"astronomical": "0.0596169229", "lunar": "23.1909828186", "kilometers": "8918565", "miles": "5541739.5"}, "orbiting_body": "Earth"}, {"close_approach_date": "1940-08-17", "epoch_date_close_approach": -926956800000, "relative_velocity": {"kilometers_per_second": "8.5710204486", "kilometers_per_hour": "30855.6736148799", "miles_per_hour": "19172.5156414236"}, "miss_distance": {"astronomical": "0.0223663351", "lunar": "8.700504303", "kilometers": "3345956.25", "miles": "2079080.75"}, "orbiting_body": "Venus"}, {"close_approach_date": "1955-12-14", "epoch_date_close_approach": -443376000000, "relative_velocity": {"kilometers_per_second": "25.7662448766", "kilometers_per_hour": "92758.4815558345", "miles_per_hour": "57636.5131645128"}, "miss_distance": {"astronomical": "0.3763515666", "lunar": "146.4007568359", "kilometers": "56301392", "miles": "34984064"}, "orbiting_body": "Earth"}, {"close_approach_date": "1957-10-16", "epoch_date_close_approach": -385315200000, "relative_velocity": {"kilometers_per_second": "11.2077578972", "kilometers_per_hour": "40347.9284298448", "miles_per_hour": "25070.6336401999"}, "miss_distance": {"astronomical": "0.2257568106", "lunar": "87.8193969727", "kilometers": "33772740", "miles": "20985406"}, "orbiting_body": "Earth"}, {"close_approach_date": "1959-07-01", "epoch_date_close_approach": -331491600000, "relative_velocity": {"kilometers_per_second": "11.7883644866", "kilometers_per_hour": "42438.1121517877", "miles_per_hour": "26369.3925200928"}, "miss_distance": {"astronomical": "0.1121619916", "lunar": "43.6310157776", "kilometers": "16779196", "miles": "10426109"}, "orbiting_body": "Earth"}, {"close_approach_date": "1961-05-23", "epoch_date_close_approach": -271702800000, "relative_velocity": {"kilometers_per_second": "29.0989613859", "kilometers_per_hour": "104756.2609892461", "miles_per_hour": "65091.4667241235"}, "miss_distance": {"astronomical": "0.4957881004", "lunar": "192.8615722656", "kilometers": "74168848", "miles": "46086384"}, "orbiting_body": "Earth"}, {"close_approach_date": "1961-07-11", "epoch_date_close_approach": -267469200000, "relative_velocity": {"kilometers_per_second": "8.1615149971", "kilometers_per_hour": "29381.4539895206", "miles_per_hour": "18256.4928969885"}, "miss_distance": {"astronomical": "0.0122479165", "lunar": "4.7644395828", "kilometers": "1832262.25", "miles": "1138515"}, "orbiting_body": "Venus"}, {"close_approach_date": "1976-11-17", "epoch_date_close_approach": 217065600000, "relative_velocity": {"kilometers_per_second": "12.2178643883", "kilometers_per_hour": "43984.3117980114", "miles_per_hour": "27330.1408502699"}, "miss_distance": {"astronomical": "0.1043192713", "lunar": "40.5801963806", "kilometers": "15605941", "miles": "9697082"}, "orbiting_body": "Earth"}, {"close_approach_date": "1978-08-03", "epoch_date_close_approach": 270975600000, "relative_velocity": {"kilometers_per_second": "11.7840415685", "kilometers_per_hour": "42422.5496465212", "miles_per_hour": "26359.7225845287"}, "miss_distance": {"astronomical": "0.2318726595", "lunar": "90.1984634399", "kilometers": "34687656", "miles": "21553910"}, "orbiting_body": "Earth"}, {"close_approach_date": "1980-06-02", "epoch_date_close_approach": 328777200000, "relative_velocity": {"kilometers_per_second": "23.673621703", "kilometers_per_hour": "85225.0381306736", "miles_per_hour": "52955.5243873622"}, "miss_distance": {"astronomical": "0.311891511", "lunar": "121.3257904053", "kilometers": "46658304", "miles": "28992126"}, "orbiting_body": "Earth"}, {"close_approach_date": "1982-07-01", "epoch_date_close_approach": 394354800000, "relative_velocity": {"kilometers_per_second": "12.3297977967", "kilometers_per_hour": "44387.2720681621", "miles_per_hour": "27580.5246914644"}, "miss_distance": {"astronomical": "0.0917819384", "lunar": "35.7031745911", "kilometers": "13730382", "miles": "8531664"}, "orbiting_body": "Venus"}, {"close_approach_date": "1995-12-03", "epoch_date_close_approach": 817977600000, "relative_velocity": {"kilometers_per_second": "18.9605168374", "kilometers_per_hour": "68257.8606145856", "miles_per_hour": "42412.7801135463"}, "miss_distance": {"astronomical": "0.1599679305", "lunar": "62.2275238037", "kilometers": "23930862", "miles": "14869948"}, "orbiting_body": "Earth"}, {"close_approach_date": "1997-09-11", "epoch_date_close_approach": 873961200000, "relative_velocity": {"kilometers_per_second": "13.2553273491", "kilometers_per_hour": "47719.1784567766", "miles_per_hour": "29650.8417472121"}, "miss_distance": {"astronomical": "0.2730426788", "lunar": "106.2136001587", "kilometers": "40846604", "miles": "25380902"}, "orbiting_body": "Earth"}, {"close_approach_date": "1997-11-30", "epoch_date_close_approach": 880876800000, "relative_velocity": {"kilometers_per_second": "5.1737311093", "kilometers_per_hour": "18625.4319935771", "miles_per_hour": "11573.1191184535"}, "miss_distance": {"astronomical": "0.4964351517", "lunar": "193.11328125", "kilometers": "74265648", "miles": "46146532"}, "orbiting_body": "Earth"}, {"close_approach_date": "1999-06-16", "epoch_date_close_approach": 929516400000, "relative_velocity": {"kilometers_per_second": "16.7265847138", "kilometers_per_hour": "60215.7049698481", "miles_per_hour": "37415.6973464037"}, "miss_distance": {"astronomical": "0.0824797441", "lunar": "32.0846214294", "kilometers": "12338794", "miles": "7666971.5"}, "orbiting_body": "Earth"}, {"close_approach_date": "2001-06-18", "epoch_date_close_approach": 992847600000, "relative_velocity": {"kilometers_per_second": "11.1549821864", "kilometers_per_hour": "40157.935871031", "miles_per_hour": "24952.5796527526"}, "miss_distance": {"astronomical": "0.0686281821", "lunar": "26.6963634491", "kilometers": "10266630", "miles": "6379388.5"}, "orbiting_body": "Venus"}, {"close_approach_date": "2014-12-10", "epoch_date_close_approach": 1418198400000, "relative_velocity": {"kilometers_per_second": "22.9521317483", "kilometers_per_hour": "82627.6742938793", "miles_per_hour": "51341.6235077718"}, "miss_distance": {"astronomical": "0.2856590662", "lunar": "111.121383667", "kilometers": "42733988", "miles": "26553670"}, "orbiting_body": "Earth"}, {"close_approach_date": "2016-09-30", "epoch_date_close_approach": 1475218800000, "relative_velocity": {"kilometers_per_second": "12.4752460138", "kilometers_per_hour": "44910.8856498272", "miles_per_hour": "27905.8778083607"}, "miss_distance": {"astronomical": "0.2580598536", "lunar": "100.3852844238", "kilometers": "38605204", "miles": "23988162"}, "orbiting_body": "Earth"}, {"close_approach_date": "2018-06-23", "epoch_date_close_approach": 1529737200000, "relative_velocity": {"kilometers_per_second": "13.9937152367", "kilometers_per_hour": "50377.374852111", "miles_per_hour": "31302.5416129686"}, "miss_distance": {"astronomical": "0.0459349648", "lunar": "17.8687019348", "kilometers": "6871773", "miles": "4269921.5"}, "orbiting_body": "Earth"}, {"close_approach_date": "2022-05-19", "epoch_date_close_approach": 1652943600000, "relative_velocity": {"kilometers_per_second": "11.0014878216", "kilometers_per_hour": "39605.3561578597", "miles_per_hour": "24609.228108199"}, "miss_distance": {"astronomical": "0.0651041511", "lunar": "25.3255138397", "kilometers": "9739442", "miles": "6051809"}, "orbiting_body": "Venus"}, {"close_approach_date": "2033-12-12", "epoch_date_close_approach": 2017987200000, "relative_velocity": {"kilometers_per_second": "24.6938447324", "kilometers_per_hour": "88897.841036491", "miles_per_hour": "55237.661281813"}, "miss_distance": {"astronomical": "0.3418596916", "lunar": "132.9834289551", "kilometers": "51141484", "miles": "31777844"}, "orbiting_body": "Earth"}, {"close_approach_date": "2035-10-09", "epoch_date_close_approach": 2075526000000, "relative_velocity": {"kilometers_per_second": "11.845357723", "kilometers_per_hour": "42643.2878026276", "miles_per_hour": "26496.8806904716"}, "miss_distance": {"astronomical": "0.2432384266", "lunar": "94.6197433472", "kilometers": "36387948", "miles": "22610424"}, "orbiting_body": "Earth"}, {"close_approach_date": "2037-06-26", "epoch_date_close_approach": 2129612400000, "relative_velocity": {"kilometers_per_second": "12.9508997766", "kilometers_per_hour": "46623.2391958432", "miles_per_hour": "28969.8677103282"}, "miss_distance": {"astronomical": "0.0717439482", "lunar": "27.9083957672", "kilometers": "10732742", "miles": "6669017"}, "orbiting_body": "Earth"}, {"close_approach_date": "2043-04-12", "epoch_date_close_approach": 2312434800000, "relative_velocity": {"kilometers_per_second": "14.7890970922", "kilometers_per_hour": "53240.749531988", "miles_per_hour": "33081.7312855845"}, "miss_distance": {"astronomical": "0.137487744", "lunar": "53.4827308655", "kilometers": "20567874", "miles": "12780284"}, "orbiting_body": "Venus"}, {"close_approach_date": "2052-12-15", "epoch_date_close_approach": 2617862400000, "relative_velocity": {"kilometers_per_second": "26.1857073351", "kilometers_per_hour": "94268.546406445", "miles_per_hour": "58574.808737938"}, "miss_distance": {"astronomical": "0.3900827651", "lunar": "151.7422027588", "kilometers": "58355552", "miles": "36260460"}, "orbiting_body": "Earth"}, {"close_approach_date": "2054-10-19", "epoch_date_close_approach": 2676006000000, "relative_velocity": {"kilometers_per_second": "11.0768943465", "kilometers_per_hour": "39876.8196472834", "miles_per_hour": "24777.9049636134"}, "miss_distance": {"astronomical": "0.2217271408", "lunar": "86.2518615723", "kilometers": "33169910", "miles": "20610826"}, "orbiting_body": "Earth"}, {"close_approach_date": "2056-07-02", "epoch_date_close_approach": 2729746800000, "relative_velocity": {"kilometers_per_second": "11.7083454922", "kilometers_per_hour": "42150.0437718818", "miles_per_hour": "26190.3980314785"}, "miss_distance": {"astronomical": "0.115302891", "lunar": "44.8528251648", "kilometers": "17249068", "miles": "10718073"}, "orbiting_body": "Earth"}, {"close_approach_date": "2058-05-25", "epoch_date_close_approach": 2789535600000, "relative_velocity": {"kilometers_per_second": "29.0144493701", "kilometers_per_hour": "104452.0177323694", "miles_per_hour": "64902.4217959825"}, "miss_distance": {"astronomical": "0.4922369333", "lunar": "191.4801635742", "kilometers": "73637600", "miles": "45756284"}, "orbiting_body": "Earth"}, {"close_approach_date": "2058-11-19", "epoch_date_close_approach": 2804918400000, "relative_velocity": {"kilometers_per_second": "10.6072481147", "kilometers_per_hour": "38186.09321287", "miles_per_hour": "23727.3533077413"}, "miss_distance": {"astronomical": "0.0560912475", "lunar": "21.8194961548", "kilometers": "8391131", "miles": "5214007.5"}, "orbiting_body": "Mars"}, {"close_approach_date": "2066-03-05", "epoch_date_close_approach": 3035001600000, "relative_velocity": {"kilometers_per_second": "14.7025927729", "kilometers_per_hour": "52929.333982319", "miles_per_hour": "32888.2297736249"}, "miss_distance": {"astronomical": "0.1373605325", "lunar": "53.4332466125", "kilometers": "20548842", "miles": "12768459"}, "orbiting_body": "Venus"}, {"close_approach_date": "2071-12-19", "epoch_date_close_approach": 3217737600000, "relative_velocity": {"kilometers_per_second": "28.3058073802", "kilometers_per_hour": "101900.9065687978", "miles_per_hour": "63317.2605288177"}, "miss_distance": {"astronomical": "0.4588275218", "lunar": "178.4839019775", "kilometers": "68639624", "miles": "42650684"}, "orbiting_body": "Earth"}, {"close_approach_date": "2073-11-04", "epoch_date_close_approach": 3277004400000, "relative_velocity": {"kilometers_per_second": "10.4054243096", "kilometers_per_hour": "37459.5275144074", "miles_per_hour": "23275.8936380494"}, "miss_distance": {"astronomical": "0.1744797334", "lunar": "67.8726196289", "kilometers": "26101798", "miles": "16218905"}, "orbiting_body": "Earth"}, {"close_approach_date": "2075-07-17", "epoch_date_close_approach": 3330572400000, "relative_velocity": {"kilometers_per_second": "10.8294897789", "kilometers_per_hour": "38986.1632040306", "miles_per_hour": "24224.4856864156"}, "miss_distance": {"astronomical": "0.1809047929", "lunar": "70.371963501", "kilometers": "27062972", "miles": "16816150"}, "orbiting_body": "Earth"}, {"close_approach_date": "2077-05-29", "epoch_date_close_approach": 3389497200000, "relative_velocity": {"kilometers_per_second": "26.6190287346", "kilometers_per_hour": "95828.5034446874", "miles_per_hour": "59544.1053765059"}, "miss_distance": {"astronomical": "0.412469747", "lunar": "160.4507293701", "kilometers": "61704596", "miles": "38341460"}, "orbiting_body": "Earth"}, {"close_approach_date": "2087-02-03", "epoch_date_close_approach": 3695097600000, "relative_velocity": {"kilometers_per_second": "14.7701300929", "kilometers_per_hour": "53172.4683344537", "miles_per_hour": "33039.3040048165"}, "miss_distance": {"astronomical": "0.1375733982", "lunar": "53.5160484314", "kilometers": "20580686", "miles": "12788246"}, "orbiting_body": "Venus"}, {"close_approach_date": "2092-11-19", "epoch_date_close_approach": 3877920000000, "relative_velocity": {"kilometers_per_second": "12.5456288666", "kilometers_per_hour": "45164.2639197917", "miles_per_hour": "28063.3172117172"}, "miss_distance": {"astronomical": "0.0956366617", "lunar": "37.2026596069", "kilometers": "14307041", "miles": "8889983"}, "orbiting_body": "Earth"}, {"close_approach_date": "2094-08-06", "epoch_date_close_approach": 3931916400000, "relative_velocity": {"kilometers_per_second": "11.8565319573", "kilometers_per_hour": "42683.5150462973", "miles_per_hour": "26521.8763352951"}, "miss_distance": {"astronomical": "0.234620814", "lunar": "91.2674942017", "kilometers": "35098772", "miles": "21809366"}, "orbiting_body": "Earth"}, {"close_approach_date": "2096-06-02", "epoch_date_close_approach": 3989458800000, "relative_velocity": {"kilometers_per_second": "23.839404541", "kilometers_per_hour": "85821.8563476666", "miles_per_hour": "53326.3640178043"}, "miss_distance": {"astronomical": "0.3185849355", "lunar": "123.9295425415", "kilometers": "47659632", "miles": "29614322"}, "orbiting_body": "Earth"}, {"close_approach_date": "2108-01-05", "epoch_date_close_approach": 4355193600000, "relative_velocity": {"kilometers_per_second": "14.8115421854", "kilometers_per_hour": "53321.5518673576", "miles_per_hour": "33131.93871447"}, "miss_distance": {"astronomical": "0.1395604504", "lunar": "54.2890129089", "kilometers": "20877946", "miles": "12972954"}, "orbiting_body": "Venus"}, {"close_approach_date": "2111-11-28", "epoch_date_close_approach": 4478140800000, "relative_velocity": {"kilometers_per_second": "15.2502565163", "kilometers_per_hour": "54900.9234585792", "miles_per_hour": "34113.2988012488"}, "miss_distance": {"astronomical": "0.070111102", "lunar": "27.2732200623", "kilometers": "10488472", "miles": "6517234.5"}, "orbiting_body": "Earth"}, {"close_approach_date": "2113-08-23", "epoch_date_close_approach": 4532914800000, "relative_velocity": {"kilometers_per_second": "12.8488228068", "kilometers_per_hour": "46255.762104376", "miles_per_hour": "28741.5317364663"}, "miss_distance": {"astronomical": "0.2620607597", "lunar": "101.9416351318", "kilometers": "39203732", "miles": "24360070"}, "orbiting_body": "Earth"}, {"close_approach_date": "2115-06-09", "epoch_date_close_approach": 4589506800000, "relative_velocity": {"kilometers_per_second": "20.9634655424", "kilometers_per_hour": "75468.4759525705", "miles_per_hour": "46893.1760717514"}, "miss_distance": {"astronomical": "0.220618278", "lunar": "85.8205108643", "kilometers": "33004024", "miles": "20507750"}, "orbiting_body": "Earth"}, {"close_approach_date": "2126-12-12", "epoch_date_close_approach": 4952736000000, "relative_velocity": {"kilometers_per_second": "15.0855718636", "kilometers_per_hour": "54308.0587091288", "miles_per_hour": "33744.9157017918"}, "miss_distance": {"astronomical": "0.1428573054", "lunar": "55.5714874268", "kilometers": "21371148", "miles": "13279416"}, "orbiting_body": "Venus"}, {"close_approach_date": "2130-12-06", "epoch_date_close_approach": 5078448000000, "relative_velocity": {"kilometers_per_second": "19.3333731548", "kilometers_per_hour": "69600.1433573333", "miles_per_hour": "43246.8224100052"}, "miss_distance": {"astronomical": "0.1704668021", "lunar": "66.3115844727", "kilometers": "25501470", "miles": "15845879"}, "orbiting_body": "Earth"}, {"close_approach_date": "2132-09-12", "epoch_date_close_approach": 5134258800000, "relative_velocity": {"kilometers_per_second": "13.2160259329", "kilometers_per_hour": "47577.6933584612", "miles_per_hour": "29562.9284093172"}, "miss_distance": {"astronomical": "0.2730345194", "lunar": "106.2104263306", "kilometers": "40845384", "miles": "25380144"}, "orbiting_body": "Earth"}, {"close_approach_date": "2132-12-03", "epoch_date_close_approach": 5141347200000, "relative_velocity": {"kilometers_per_second": "5.4648968807", "kilometers_per_hour": "19673.6287705539", "miles_per_hour": "12224.4278324589"}, "miss_distance": {"astronomical": "0.4971862864", "lunar": "193.405456543", "kilometers": "74378008", "miles": "46216352"}, "orbiting_body": "Earth"}, {"close_approach_date": "2134-06-17", "epoch_date_close_approach": 5189814000000, "relative_velocity": {"kilometers_per_second": "17.1688678927", "kilometers_per_hour": "61807.9244138089", "miles_per_hour": "38405.0405892359"}, "miss_distance": {"astronomical": "0.094277167", "lunar": "36.6738166809", "kilometers": "14103663", "miles": "8763610"}, "orbiting_body": "Earth"}, {"close_approach_date": "2147-11-13", "epoch_date_close_approach": 5612918400000, "relative_velocity": {"kilometers_per_second": "14.4984553503", "kilometers_per_hour": "52194.4392610991", "miles_per_hour": "32431.5947730979"}, "miss_distance": {"astronomical": "0.131050385", "lunar": "50.9785957336", "kilometers": "19604858", "miles": "12181894"}, "orbiting_body": "Venus"}, {"close_approach_date": "2149-12-10", "epoch_date_close_approach": 5678409600000, "relative_velocity": {"kilometers_per_second": "22.1406494878", "kilometers_per_hour": "79706.3381560573", "miles_per_hour": "49526.4188392457"}, "miss_distance": {"astronomical": "0.2590111893", "lunar": "100.7553482056", "kilometers": "38747520", "miles": "24076594"}, "orbiting_body": "Earth"}, {"close_approach_date": "2151-09-27", "epoch_date_close_approach": 5735084400000, "relative_velocity": {"kilometers_per_second": "12.8016912174", "kilometers_per_hour": "46086.0883825601", "miles_per_hour": "28636.1030841524"}, "miss_distance": {"astronomical": "0.2648563367", "lunar": "103.0291137695", "kilometers": "39621944", "miles": "24619934"}, "orbiting_body": "Earth"}, {"close_approach_date": "2153-06-22", "epoch_date_close_approach": 5789862000000, "relative_velocity": {"kilometers_per_second": "14.9428099753", "kilometers_per_hour": "53794.1159109479", "miles_per_hour": "33425.5716336665"}, "miss_distance": {"astronomical": "0.0392631561", "lunar": "15.2733678818", "kilometers": "5873684.5", "miles": "3649738.25"}, "orbiting_body": "Earth"}, {"close_approach_date": "2168-12-11", "epoch_date_close_approach": 6278112000000, "relative_velocity": {"kilometers_per_second": "22.7544142177", "kilometers_per_hour": "81915.8911837214", "miles_per_hour": "50899.349163574"}, "miss_distance": {"astronomical": "0.2785708123", "lunar": "108.3640441895", "kilometers": "41673600", "miles": "25894774"}, "orbiting_body": "Earth"}, {"close_approach_date": "2170-09-29", "epoch_date_close_approach": 6334873200000, "relative_velocity": {"kilometers_per_second": "12.6751173325", "kilometers_per_hour": "45630.4223971282", "miles_per_hour": "28352.9699611489"}, "miss_distance": {"astronomical": "0.2625469118", "lunar": "102.1307449341", "kilometers": "39276456", "miles": "24405258"}, "orbiting_body": "Earth"}, {"close_approach_date": "2170-10-03", "epoch_date_close_approach": 6335218800000, "relative_velocity": {"kilometers_per_second": "12.7062374598", "kilometers_per_hour": "45742.4548552123", "miles_per_hour": "28422.5825737846"}, "miss_distance": {"astronomical": "0.0984069803", "lunar": "38.2803153992", "kilometers": "14721474", "miles": "9147500"}, "orbiting_body": "Venus"}, {"close_approach_date": "2172-06-23", "epoch_date_close_approach": 6389564400000, "relative_velocity": {"kilometers_per_second": "14.5444338839", "kilometers_per_hour": "52359.9619820699", "miles_per_hour": "32534.4441549145"}, "miss_distance": {"astronomical": "0.0376966101", "lunar": "14.6639814377", "kilometers": "5639333", "miles": "3504119"}, "orbiting_body": "Earth"}, {"close_approach_date": "2187-12-15", "epoch_date_close_approach": 6877987200000, "relative_velocity": {"kilometers_per_second": "24.5825211022", "kilometers_per_hour": "88497.0759679254", "miles_per_hour": "54988.6414535145"}, "miss_distance": {"astronomical": "0.3372945665", "lunar": "131.2075958252", "kilometers": "50458552", "miles": "31353490"}, "orbiting_body": "Earth"}, {"close_approach_date": "2189-10-11", "epoch_date_close_approach": 6935526000000, "relative_velocity": {"kilometers_per_second": "11.8039863685", "kilometers_per_hour": "42494.3509267613", "miles_per_hour": "26404.3371077979"}, "miss_distance": {"astronomical": "0.2431656191", "lunar": "94.5914230347", "kilometers": "36377060", "miles": "22603656"}, "orbiting_body": "Earth"}, {"close_approach_date": "2191-06-29", "epoch_date_close_approach": 6989612400000, "relative_velocity": {"kilometers_per_second": "12.845947136", "kilometers_per_hour": "46245.409689677", "miles_per_hour": "28735.0991485663"}, "miss_distance": {"astronomical": "0.0735548018", "lunar": "28.6128158569", "kilometers": "11003641", "miles": "6837346"}, "orbiting_body": "Earth"}, {"close_approach_date": "2191-08-30", "epoch_date_close_approach": 6994969200000, "relative_velocity": {"kilometers_per_second": "10.9014076994", "kilometers_per_hour": "39245.0677178918", "miles_per_hour": "24385.3588828201"}, "miss_distance": {"astronomical": "0.0668044045", "lunar": "25.9869117737", "kilometers": "9993796", "miles": "6209857"}, "orbiting_body": "Venus"}], "orbital_data": {"orbit_id": "46", "orbit_determination_date": "2017-04-06 09:19:27", "orbit_uncertainty": "0", "minimum_orbit_intersection": ".0401807", "jupiter_tisserand_invariant": "4.316", "epoch_osculation": "2458000.5", "eccentricity": ".5185032951662931", "semi_major_axis": "1.534789559091959", "inclination": "4.754320429311782", "ascending_node_longitude": "117.621192947553", "orbital_period": "694.4990900154714", "perihelion_distance": ".738996115315956", "perihelion_argument": "229.3495781046493", "aphelion_distance": "2.330583002867961", "perihelion_time": "2458342.856893323574", "mean_anomaly": "182.5361510643004", "mean_motion": ".5183592105095202", "equinox": "J2000"}}