{"links": {"self": "https://api.nasa.gov/neo/rest/v1/neo/2474231?api_key=stjNMXvPIBN6FqEBpH6hQbWAtFDv0RARRez0p7z1"}, "neo_reference_id": "2474231", "name": "474231 (2001 HZ7)", "nasa_jpl_url": "http://ssd.jpl.nasa.gov/sbdb.cgi?sstr=2474231", "absolute_magnitude_h": 19.8, "estimated_diameter": {"kilometers": {"estimated_diameter_min": 0.2914439045, "estimated_diameter_max": 0.6516883822}, "meters": {"estimated_diameter_min": 291.4439045349, "estimated_diameter_max": 651.6883821679}, "miles": {"estimated_diameter_min": 0.1810947904, "estimated_diameter_max": 0.4049402617}, "feet": {"estimated_diameter_min": 956.1808197541, "estimated_diameter_max": 2138.0853117517}}, "is_potentially_hazardous_asteroid": true, "close_approach_data": [{"close_approach_date": "1904-10-24", "epoch_date_close_approach": -2057155200000, "relative_velocity": {"kilometers_per_second": "12.7989593573", "kilometers_per_hour": "46076.2536863466", "miles_per_hour": "28629.9921863858"}, "miss_distance": {"astronomical": "0.0798026401", "lunar": "31.0432262421", "kilometers": "11938305", "miles": "7418119"}, "orbiting_body": "Earth"}, {"close_approach_date": "1912-02-23", "epoch_date_close_approach": -1825776000000, "relative_velocity": {"kilometers_per_second": "10.3936992846", "kilometers_per_hour": "37417.3174244329", "miles_per_hour": "23249.6659296428"}, "miss_distance": {"astronomical": "0.1843022498", "lunar": "71.6935806274", "kilometers": "27571226", "miles": "17131966"}, "orbiting_body": "Earth"}, {"close_approach_date": "1915-05-05", "epoch_date_close_approach": -1724947200000, "relative_velocity": {"kilometers_per_second": "14.3763801864", "kilometers_per_hour": "51754.9686711538", "miles_per_hour": "32158.5248390288"}, "miss_distance": {"astronomical": "0.0015832591", "lunar": "0.6158877611", "kilometers": "236852.1875", "miles": "147173.125"}, "orbiting_body": "Mars"}, {"close_approach_date": "1915-08-29", "epoch_date_close_approach": -1714924800000, "relative_velocity": {"kilometers_per_second": "13.6671636763", "kilometers_per_hour": "49201.7892347326", "miles_per_hour": "30572.0784275481"}, "miss_distance": {"astronomical": "0.1357847892", "lunar": "52.8202819824", "kilometers": "20313116", "miles": "12621985"}, "orbiting_body": "Venus"}, {"close_approach_date": "1920-10-26", "epoch_date_close_approach": -1552060800000, "relative_velocity": {"kilometers_per_second": "12.3120227507", "kilometers_per_hour": "44323.2819026928", "miles_per_hour": "27540.7636911482"}, "miss_distance": {"astronomical": "0.0857808329", "lunar": "33.3687438965", "kilometers": "12832630", "miles": "7973826.5"}, "orbiting_body": "Earth"}, {"close_approach_date": "1928-03-17", "epoch_date_close_approach": -1318867200000, "relative_velocity": {"kilometers_per_second": "11.4773540711", "kilometers_per_hour": "41318.4746558801", "miles_per_hour": "25673.6933215939"}, "miss_distance": {"astronomical": "0.087383664", "lunar": "33.9922447205", "kilometers": "13072410", "miles": "8122819"}, "orbiting_body": "Earth"}, {"close_approach_date": "1933-05-20", "epoch_date_close_approach": -1155571200000, "relative_velocity": {"kilometers_per_second": "10.3675155922", "kilometers_per_hour": "37323.0561319672", "miles_per_hour": "23191.0956282215"}, "miss_distance": {"astronomical": "0.0970192561", "lunar": "37.7404899597", "kilometers": "14513874", "miles": "9018503"}, "orbiting_body": "Venus"}, {"close_approach_date": "1936-11-19", "epoch_date_close_approach": -1045065600000, "relative_velocity": {"kilometers_per_second": "9.6282085258", "kilometers_per_hour": "34661.5506928271", "miles_per_hour": "21537.3396513291"}, "miss_distance": {"astronomical": "0.190126379", "lunar": "73.9591598511", "kilometers": "28442502", "miles": "17673350"}, "orbiting_body": "Earth"}, {"close_approach_date": "1944-03-27", "epoch_date_close_approach": -813085200000, "relative_velocity": {"kilometers_per_second": "14.5368373", "kilometers_per_hour": "52332.6142799629", "miles_per_hour": "32517.451356347"}, "miss_distance": {"astronomical": "0.0550506409", "lunar": "21.4146995544", "kilometers": "8235459", "miles": "5117277"}, "orbiting_body": "Earth"}, {"close_approach_date": "1945-09-29", "epoch_date_close_approach": -765478800000, "relative_velocity": {"kilometers_per_second": "26.7355970503", "kilometers_per_hour": "96248.1493810573", "miles_per_hour": "59804.857041802"}, "miss_distance": {"astronomical": "0.4501019747", "lunar": "175.0896606445", "kilometers": "67334296", "miles": "41839592"}, "orbiting_body": "Earth"}, {"close_approach_date": "1949-06-24", "epoch_date_close_approach": -647625600000, "relative_velocity": {"kilometers_per_second": "10.4729894894", "kilometers_per_hour": "37702.7621619516", "miles_per_hour": "23427.0301889082"}, "miss_distance": {"astronomical": "0.0895319654", "lunar": "34.8279342651", "kilometers": "13393792", "miles": "8322516"}, "orbiting_body": "Venus"}, {"close_approach_date": "1952-12-22", "epoch_date_close_approach": -537292800000, "relative_velocity": {"kilometers_per_second": "11.8291237145", "kilometers_per_hour": "42584.8453720358", "miles_per_hour": "26460.5668368631"}, "miss_distance": {"astronomical": "0.2462310239", "lunar": "95.7838668823", "kilometers": "36835636", "miles": "22888604"}, "orbiting_body": "Earth"}, {"close_approach_date": "1960-04-09", "epoch_date_close_approach": -307036800000, "relative_velocity": {"kilometers_per_second": "20.6672958766", "kilometers_per_hour": "74402.2651558572", "miles_per_hour": "46230.6741464269"}, "miss_distance": {"astronomical": "0.2445156847", "lunar": "95.1166000366", "kilometers": "36579028", "miles": "22729154"}, "orbiting_body": "Earth"}, {"close_approach_date": "1961-10-10", "epoch_date_close_approach": -259603200000, "relative_velocity": {"kilometers_per_second": "20.2271441464", "kilometers_per_hour": "72817.7189268888", "miles_per_hour": "45246.0987409882"}, "miss_distance": {"astronomical": "0.237387706", "lunar": "92.3438186646", "kilometers": "35512696", "miles": "22066566"}, "orbiting_body": "Earth"}, {"close_approach_date": "1967-03-25", "epoch_date_close_approach": -87494400000, "relative_velocity": {"kilometers_per_second": "9.2093172293", "kilometers_per_hour": "33153.5420256318", "miles_per_hour": "20600.3217103155"}, "miss_distance": {"astronomical": "0.0868260953", "lunar": "33.7753486633", "kilometers": "12988999", "miles": "8070989.5"}, "orbiting_body": "Venus"}, {"close_approach_date": "1969-01-29", "epoch_date_close_approach": -29088000000, "relative_velocity": {"kilometers_per_second": "11.8512851971", "kilometers_per_hour": "42664.6267094549", "miles_per_hour": "26510.1398573277"}, "miss_distance": {"astronomical": "0.2356112463", "lunar": "91.6527709961", "kilometers": "35246940", "miles": "21901434"}, "orbiting_body": "Earth"}, {"close_approach_date": "1976-04-19", "epoch_date_close_approach": 198748800000, "relative_velocity": {"kilometers_per_second": "26.473924394", "kilometers_per_hour": "95306.127818485", "miles_per_hour": "59219.5214769914"}, "miss_distance": {"astronomical": "0.4400413705", "lunar": "171.1760864258", "kilometers": "65829252", "miles": "40904400"}, "orbiting_body": "Earth"}, {"close_approach_date": "1977-10-21", "epoch_date_close_approach": 246265200000, "relative_velocity": {"kilometers_per_second": "14.5304548344", "kilometers_per_hour": "52309.6374038688", "miles_per_hour": "32503.1744190873"}, "miss_distance": {"astronomical": "0.0838392005", "lunar": "32.6134490967", "kilometers": "12542166", "miles": "7793340.5"}, "orbiting_body": "Earth"}, {"close_approach_date": "1983-05-02", "epoch_date_close_approach": 420706800000, "relative_velocity": {"kilometers_per_second": "13.8010643747", "kilometers_per_hour": "49683.8317487731", "miles_per_hour": "30871.6008996752"}, "miss_distance": {"astronomical": "0.137380431", "lunar": "53.440990448", "kilometers": "20551820", "miles": "12770309"}, "orbiting_body": "Venus"}, {"close_approach_date": "1985-03-02", "epoch_date_close_approach": 478598400000, "relative_velocity": {"kilometers_per_second": "10.2188447118", "kilometers_per_hour": "36787.8409624048", "miles_per_hour": "22858.5337357787"}, "miss_distance": {"astronomical": "0.1622224083", "lunar": "63.1045188904", "kilometers": "24268128", "miles": "15079516"}, "orbiting_body": "Earth"}, {"close_approach_date": "1993-11-04", "epoch_date_close_approach": 752400000000, "relative_velocity": {"kilometers_per_second": "10.3370129009", "kilometers_per_hour": "37213.2464431601", "miles_per_hour": "23122.8641579736"}, "miss_distance": {"astronomical": "0.1329331251", "lunar": "51.7109870911", "kilometers": "19886512", "miles": "12356906"}, "orbiting_body": "Earth"}, {"close_approach_date": "2001-01-20", "epoch_date_close_approach": 979977600000, "relative_velocity": {"kilometers_per_second": "10.7354003816", "kilometers_per_hour": "38647.4413738885", "miles_per_hour": "24014.0171136809"}, "miss_distance": {"astronomical": "0.1014424696", "lunar": "39.4611206055", "kilometers": "15175578", "miles": "9429667"}, "orbiting_body": "Venus"}, {"close_approach_date": "2001-03-24", "epoch_date_close_approach": 985420800000, "relative_velocity": {"kilometers_per_second": "13.1818821289", "kilometers_per_hour": "47454.775663878", "miles_per_hour": "29486.5521340357"}, "miss_distance": {"astronomical": "0.0484386649", "lunar": "18.8426399231", "kilometers": "7246321", "miles": "4502655"}, "orbiting_body": "Earth"}, {"close_approach_date": "2009-12-04", "epoch_date_close_approach": 1259913600000, "relative_velocity": {"kilometers_per_second": "10.5230524854", "kilometers_per_hour": "37882.9889474893", "miles_per_hour": "23539.0161046219"}, "miss_distance": {"astronomical": "0.2187156521", "lunar": "85.0803909302", "kilometers": "32719396", "miles": "20330890"}, "orbiting_body": "Earth"}, {"close_approach_date": "2017-02-22", "epoch_date_close_approach": 1487750400000, "relative_velocity": {"kilometers_per_second": "9.2713536657", "kilometers_per_hour": "33376.8731964324", "miles_per_hour": "20739.0910147499"}, "miss_distance": {"astronomical": "0.079065666", "lunar": "30.7565441132", "kilometers": "11828055", "miles": "7349613"}, "orbiting_body": "Venus"}, {"close_approach_date": "2017-04-01", "epoch_date_close_approach": 1491030000000, "relative_velocity": {"kilometers_per_second": "16.2439186677", "kilometers_per_hour": "58478.1072036746", "miles_per_hour": "36336.0216677499"}, "miss_distance": {"astronomical": "0.1016598189", "lunar": "39.5456695557", "kilometers": "15208093", "miles": "9449871"}, "orbiting_body": "Earth"}, {"close_approach_date": "2018-10-03", "epoch_date_close_approach": 1538550000000, "relative_velocity": {"kilometers_per_second": "24.8857320166", "kilometers_per_hour": "89588.6352597668", "miles_per_hour": "55666.8939479368"}, "miss_distance": {"astronomical": "0.3893075356", "lunar": "151.4406280518", "kilometers": "58239576", "miles": "36188396"}, "orbiting_body": "Earth"}, {"close_approach_date": "2026-01-04", "epoch_date_close_approach": 1767513600000, "relative_velocity": {"kilometers_per_second": "12.3475843955", "kilometers_per_hour": "44451.3038237341", "miles_per_hour": "27620.311534253"}, "miss_distance": {"astronomical": "0.2533049602", "lunar": "98.5356292725", "kilometers": "37893884", "miles": "23546168"}, "orbiting_body": "Earth"}, {"close_approach_date": "2033-04-13", "epoch_date_close_approach": 1996988400000, "relative_velocity": {"kilometers_per_second": "22.5909725992", "kilometers_per_hour": "81327.5013572341", "miles_per_hour": "50533.7466072214"}, "miss_distance": {"astronomical": "0.3093715828", "lunar": "120.3455505371", "kilometers": "46281332", "miles": "28757886"}, "orbiting_body": "Earth"}, {"close_approach_date": "2034-10-15", "epoch_date_close_approach": 2044508400000, "relative_velocity": {"kilometers_per_second": "18.4153908119", "kilometers_per_hour": "66295.4069227147", "miles_per_hour": "41193.3877070613"}, "miss_distance": {"astronomical": "0.1820445231", "lunar": "70.8153152466", "kilometers": "27233472", "miles": "16922096"}, "orbiting_body": "Earth"}, {"close_approach_date": "2034-11-20", "epoch_date_close_approach": 2047622400000, "relative_velocity": {"kilometers_per_second": "11.4212547552", "kilometers_per_hour": "41116.5171186822", "miles_per_hour": "25548.2047618834"}, "miss_distance": {"astronomical": "0.110444055", "lunar": "42.9627380371", "kilometers": "16522195", "miles": "10266416"}, "orbiting_body": "Venus"}, {"close_approach_date": "2042-02-05", "epoch_date_close_approach": 2275200000000, "relative_velocity": {"kilometers_per_second": "11.5395710355", "kilometers_per_hour": "41542.4557277831", "miles_per_hour": "25812.8664492994"}, "miss_distance": {"astronomical": "0.2260023274", "lunar": "87.9149017334", "kilometers": "33809468", "miles": "21008228"}, "orbiting_body": "Earth"}, {"close_approach_date": "2048-11-20", "epoch_date_close_approach": 2489472000000, "relative_velocity": {"kilometers_per_second": "13.0813295234", "kilometers_per_hour": "47092.7862841183", "miles_per_hour": "29261.6260108179"}, "miss_distance": {"astronomical": "0.0761560339", "lunar": "29.6246967316", "kilometers": "11392781", "miles": "7079146"}, "orbiting_body": "Mars"}, {"close_approach_date": "2049-04-21", "epoch_date_close_approach": 2502601200000, "relative_velocity": {"kilometers_per_second": "27.0692508855", "kilometers_per_hour": "97449.303187742", "miles_per_hour": "60551.2073057389"}, "miss_distance": {"astronomical": "0.4599654832", "lunar": "178.926574707", "kilometers": "68809856", "miles": "42756464"}, "orbiting_body": "Earth"}, {"close_approach_date": "2050-10-23", "epoch_date_close_approach": 2550121200000, "relative_velocity": {"kilometers_per_second": "13.9349127995", "kilometers_per_hour": "50165.6860782533", "miles_per_hour": "31171.0064412347"}, "miss_distance": {"astronomical": "0.0792063463", "lunar": "30.8112697601", "kilometers": "11849101", "miles": "7362690"}, "orbiting_body": "Earth"}, {"close_approach_date": "2050-12-29", "epoch_date_close_approach": 2555913600000, "relative_velocity": {"kilometers_per_second": "11.0961940535", "kilometers_per_hour": "39946.2985927724", "miles_per_hour": "24821.0764783813"}, "miss_distance": {"astronomical": "0.0961371035", "lunar": "37.3973350525", "kilometers": "14381907", "miles": "8936502"}, "orbiting_body": "Venus"}, {"close_approach_date": "2058-03-10", "epoch_date_close_approach": 2782972800000, "relative_velocity": {"kilometers_per_second": "10.427296342", "kilometers_per_hour": "37538.266831132", "miles_per_hour": "23324.8191873775"}, "miss_distance": {"astronomical": "0.1330740644", "lunar": "51.7658081055", "kilometers": "19907596", "miles": "12370007"}, "orbiting_body": "Earth"}, {"close_approach_date": "2066-11-12", "epoch_date_close_approach": 3056774400000, "relative_velocity": {"kilometers_per_second": "9.5857859007", "kilometers_per_hour": "34508.8292426159", "miles_per_hour": "21442.4444813354"}, "miss_distance": {"astronomical": "0.165313005", "lunar": "64.3067626953", "kilometers": "24730474", "miles": "15366804"}, "orbiting_body": "Earth"}, {"close_approach_date": "2068-09-18", "epoch_date_close_approach": 3115177200000, "relative_velocity": {"kilometers_per_second": "12.7429795548", "kilometers_per_hour": "45874.7263973164", "miles_per_hour": "28504.7709661547"}, "miss_distance": {"astronomical": "0.128628753", "lunar": "50.0365829468", "kilometers": "19242586", "miles": "11956789"}, "orbiting_body": "Venus"}, {"close_approach_date": "2074-03-28", "epoch_date_close_approach": 3289446000000, "relative_velocity": {"kilometers_per_second": "14.0932823014", "kilometers_per_hour": "50735.8162849536", "miles_per_hour": "31525.263179948"}, "miss_distance": {"astronomical": "0.0508950633", "lunar": "19.7981796265", "kilometers": "7613793.5", "miles": "4730992"}, "orbiting_body": "Earth"}, {"close_approach_date": "2075-09-30", "epoch_date_close_approach": 3337052400000, "relative_velocity": {"kilometers_per_second": "27.097477046", "kilometers_per_hour": "97550.9173656083", "miles_per_hour": "60614.3464042025"}, "miss_distance": {"astronomical": "0.4627493519", "lunar": "180.0095062256", "kilometers": "69226320", "miles": "43015240"}, "orbiting_body": "Earth"}, {"close_approach_date": "2082-09-26", "epoch_date_close_approach": 3557631600000, "relative_velocity": {"kilometers_per_second": "15.0028510511", "kilometers_per_hour": "54010.2637839186", "miles_per_hour": "33559.8775161799"}, "miss_distance": {"astronomical": "0.0373348912", "lunar": "14.523273468", "kilometers": "5585220.5", "miles": "3470495.25"}, "orbiting_body": "Mars"}, {"close_approach_date": "2082-12-20", "epoch_date_close_approach": 3564979200000, "relative_velocity": {"kilometers_per_second": "11.6321569376", "kilometers_per_hour": "41875.7649754219", "miles_per_hour": "26019.9718537559"}, "miss_distance": {"astronomical": "0.2422529698", "lunar": "94.2364044189", "kilometers": "36240528", "miles": "22518822"}, "orbiting_body": "Earth"}, {"close_approach_date": "2084-10-29", "epoch_date_close_approach": 3623641200000, "relative_velocity": {"kilometers_per_second": "10.8312421543", "kilometers_per_hour": "38992.4717554472", "miles_per_hour": "24228.4055749333"}, "miss_distance": {"astronomical": "0.0926132378", "lunar": "36.026550293", "kilometers": "13854743", "miles": "8608938"}, "orbiting_body": "Venus"}, {"close_approach_date": "2090-04-09", "epoch_date_close_approach": 3795404400000, "relative_velocity": {"kilometers_per_second": "20.0157296123", "kilometers_per_hour": "72056.6266043066", "miles_per_hour": "44773.1855697704"}, "miss_distance": {"astronomical": "0.2237725619", "lunar": "87.0475234985", "kilometers": "33475898", "miles": "20800958"}, "orbiting_body": "Earth"}, {"close_approach_date": "2091-10-11", "epoch_date_close_approach": 3842924400000, "relative_velocity": {"kilometers_per_second": "20.902292662", "kilometers_per_hour": "75248.2535833526", "miles_per_hour": "46756.3384557226"}, "miss_distance": {"astronomical": "0.2596258538", "lunar": "100.9944534302", "kilometers": "38839476", "miles": "24133730"}, "orbiting_body": "Earth"}, {"close_approach_date": "2099-01-29", "epoch_date_close_approach": 4073356800000, "relative_velocity": {"kilometers_per_second": "11.9574400221", "kilometers_per_hour": "43046.7840794023", "miles_per_hour": "26747.5975853375"}, "miss_distance": {"astronomical": "0.23785913", "lunar": "92.5271987915", "kilometers": "35583220", "miles": "22110388"}, "orbiting_body": "Earth"}, {"close_approach_date": "2102-08-01", "epoch_date_close_approach": 4183858800000, "relative_velocity": {"kilometers_per_second": "8.4162713982", "kilometers_per_hour": "30298.577033368", "miles_per_hour": "18826.3574905391"}, "miss_distance": {"astronomical": "0.0820228199", "lunar": "31.9068775177", "kilometers": "12270440", "miles": "7624498"}, "orbiting_body": "Venus"}, {"close_approach_date": "2106-04-22", "epoch_date_close_approach": 4301362800000, "relative_velocity": {"kilometers_per_second": "26.7235903286", "kilometers_per_hour": "96204.9251829492", "miles_per_hour": "59777.9992060386"}, "miss_distance": {"astronomical": "0.4489500793", "lunar": "174.6415863037", "kilometers": "67161976", "miles": "41732516"}, "orbiting_body": "Earth"}, {"close_approach_date": "2107-10-25", "epoch_date_close_approach": 4348969200000, "relative_velocity": {"kilometers_per_second": "14.2407927914", "kilometers_per_hour": "51266.8540489993", "miles_per_hour": "31855.2293950574"}, "miss_distance": {"astronomical": "0.0826721658", "lunar": "32.1594734192", "kilometers": "12367580", "miles": "7684858"}, "orbiting_body": "Earth"}, {"close_approach_date": "2115-03-07", "epoch_date_close_approach": 4581388800000, "relative_velocity": {"kilometers_per_second": "10.2533123881", "kilometers_per_hour": "36911.9245971704", "miles_per_hour": "22935.6344809474"}, "miss_distance": {"astronomical": "0.152776725", "lunar": "59.4301452637", "kilometers": "22855072", "miles": "14201483"}, "orbiting_body": "Earth"}, {"close_approach_date": "2116-08-03", "epoch_date_close_approach": 4625881200000, "relative_velocity": {"kilometers_per_second": "15.7163769621", "kilometers_per_hour": "56578.9570637137", "miles_per_hour": "35155.963626617"}, "miss_distance": {"astronomical": "0.0775921249", "lunar": "30.1833381653", "kilometers": "11607617", "miles": "7212639"}, "orbiting_body": "Mars"}, {"close_approach_date": "2123-11-09", "epoch_date_close_approach": 4855190400000, "relative_velocity": {"kilometers_per_second": "10.0261250716", "kilometers_per_hour": "36094.050257882", "miles_per_hour": "22427.4391727379"}, "miss_distance": {"astronomical": "0.1442264689", "lunar": "56.104095459", "kilometers": "21575972", "miles": "13406687"}, "orbiting_body": "Earth"}, {"close_approach_date": "2131-03-28", "epoch_date_close_approach": 5088121200000, "relative_velocity": {"kilometers_per_second": "13.6089929093", "kilometers_per_hour": "48992.3744735722", "miles_per_hour": "30441.9562388704"}, "miss_distance": {"astronomical": "0.0491318213", "lunar": "19.1122779846", "kilometers": "7350016", "miles": "4567088"}, "orbiting_body": "Earth"}, {"close_approach_date": "2132-09-30", "epoch_date_close_approach": 5135814000000, "relative_velocity": {"kilometers_per_second": "27.5482532428", "kilometers_per_hour": "99173.7116739428", "miles_per_hour": "61622.6876787341"}, "miss_distance": {"astronomical": "0.4774879158", "lunar": "185.7427978516", "kilometers": "71431176", "miles": "44385276"}, "orbiting_body": "Earth"}, {"close_approach_date": "2136-06-01", "epoch_date_close_approach": 5251590000000, "relative_velocity": {"kilometers_per_second": "8.7401566654", "kilometers_per_hour": "31464.5639955146", "miles_per_hour": "19550.8564448796"}, "miss_distance": {"astronomical": "0.0841767935", "lunar": "32.7447738647", "kilometers": "12592669", "miles": "7824722"}, "orbiting_body": "Venus"}, {"close_approach_date": "2139-12-18", "epoch_date_close_approach": 5363481600000, "relative_velocity": {"kilometers_per_second": "11.3813843065", "kilometers_per_hour": "40972.9835035264", "miles_per_hour": "25459.0185552884"}, "miss_distance": {"astronomical": "0.2373100617", "lunar": "92.3136138916", "kilometers": "35501080", "miles": "22059350"}, "orbiting_body": "Earth"}, {"close_approach_date": "2147-04-08", "epoch_date_close_approach": 5593993200000, "relative_velocity": {"kilometers_per_second": "18.3044676082", "kilometers_per_hour": "65896.0833894221", "miles_per_hour": "40945.2635927217"}, "miss_distance": {"astronomical": "0.1683143243", "lunar": "65.4742736816", "kilometers": "25179464", "miles": "15645794"}, "orbiting_body": "Earth"}, {"close_approach_date": "2148-10-08", "epoch_date_close_approach": 5641426800000, "relative_velocity": {"kilometers_per_second": "22.9928086633", "kilometers_per_hour": "82774.1111877209", "miles_per_hour": "51432.6136988369"}, "miss_distance": {"astronomical": "0.3282949286", "lunar": "127.7067260742", "kilometers": "49112224", "miles": "30516920"}, "orbiting_body": "Earth"}, {"close_approach_date": "2152-07-07", "epoch_date_close_approach": 5759622000000, "relative_velocity": {"kilometers_per_second": "14.0544775951", "kilometers_per_hour": "50596.1193423557", "miles_per_hour": "31438.4609324765"}, "miss_distance": {"astronomical": "0.1406202523", "lunar": "54.7012748718", "kilometers": "21036490", "miles": "13071469"}, "orbiting_body": "Venus"}, {"close_approach_date": "2155-10-11", "epoch_date_close_approach": 5862524400000, "relative_velocity": {"kilometers_per_second": "6.7552846076", "kilometers_per_hour": "24319.0245872961", "miles_per_hour": "15110.8961387007"}, "miss_distance": {"astronomical": "0.4885008065", "lunar": "190.0268096924", "kilometers": "73078680", "miles": "45408988"}, "orbiting_body": "Earth"}, {"close_approach_date": "2156-01-15", "epoch_date_close_approach": 5870822400000, "relative_velocity": {"kilometers_per_second": "12.4186704269", "kilometers_per_hour": "44707.2135366902", "miles_per_hour": "27779.3238778396"}, "miss_distance": {"astronomical": "0.252071989", "lunar": "98.0559997559", "kilometers": "37709432", "miles": "23431554"}, "orbiting_body": "Earth"}, {"close_approach_date": "2163-04-18", "epoch_date_close_approach": 6099778800000, "relative_velocity": {"kilometers_per_second": "23.7536909676", "kilometers_per_hour": "85513.2874832855", "miles_per_hour": "53134.6313253781"}, "miss_distance": {"astronomical": "0.3489419395", "lunar": "135.7384185791", "kilometers": "52200972", "miles": "32436182"}, "orbiting_body": "Earth"}, {"close_approach_date": "2164-10-18", "epoch_date_close_approach": 6147212400000, "relative_velocity": {"kilometers_per_second": "17.2714506245", "kilometers_per_hour": "62177.2222481924", "miles_per_hour": "38634.5079019394"}, "miss_distance": {"astronomical": "0.1497194958", "lunar": "58.2408828735", "kilometers": "22397718", "miles": "13917296"}, "orbiting_body": "Earth"}, {"close_approach_date": "2170-04-03", "epoch_date_close_approach": 6319407600000, "relative_velocity": {"kilometers_per_second": "8.5129475908", "kilometers_per_hour": "30646.6113270088", "miles_per_hour": "19042.6124659405"}, "miss_distance": {"astronomical": "0.0828610553", "lunar": "32.2329521179", "kilometers": "12395838", "miles": "7702416.5"}, "orbiting_body": "Venus"}, {"close_approach_date": "2172-02-16", "epoch_date_close_approach": 6378508800000, "relative_velocity": {"kilometers_per_second": "11.0427039838", "kilometers_per_hour": "39753.7343416879", "miles_per_hour": "24701.4245413671"}, "miss_distance": {"astronomical": "0.2096342535", "lunar": "81.5477294922", "kilometers": "31360840", "miles": "19486722"}, "orbiting_body": "Earth"}, {"close_approach_date": "2179-04-25", "epoch_date_close_approach": 6605305200000, "relative_velocity": {"kilometers_per_second": "27.7760784932", "kilometers_per_hour": "99993.8825755906", "miles_per_hour": "62132.3099814829"}, "miss_distance": {"astronomical": "0.484263639", "lunar": "188.3785552979", "kilometers": "72444808", "miles": "45015116"}, "orbiting_body": "Earth"}, {"close_approach_date": "2180-10-27", "epoch_date_close_approach": 6652911600000, "relative_velocity": {"kilometers_per_second": "13.3148966509", "kilometers_per_hour": "47933.6279432623", "miles_per_hour": "29784.0923184121"}, "miss_distance": {"astronomical": "0.0802433075", "lunar": "31.2146453857", "kilometers": "12004228", "miles": "7459081"}, "orbiting_body": "Earth"}, {"close_approach_date": "2186-05-05", "epoch_date_close_approach": 6827094000000, "relative_velocity": {"kilometers_per_second": "11.5164096435", "kilometers_per_hour": "41459.0747167354", "miles_per_hour": "25761.0567316293"}, "miss_distance": {"astronomical": "0.0997463432", "lunar": "38.8013305664", "kilometers": "14921841", "miles": "9272002"}, "orbiting_body": "Venus"}, {"close_approach_date": "2188-03-10", "epoch_date_close_approach": 6885414000000, "relative_velocity": {"kilometers_per_second": "10.349148835", "kilometers_per_hour": "37256.9358060533", "miles_per_hour": "23150.0110290446"}, "miss_distance": {"astronomical": "0.1410492214", "lunar": "54.8681488037", "kilometers": "21100664", "miles": "13111344"}, "orbiting_body": "Earth"}, {"close_approach_date": "2196-11-09", "epoch_date_close_approach": 7158960000000, "relative_velocity": {"kilometers_per_second": "9.9313342502", "kilometers_per_hour": "35752.8033006297", "miles_per_hour": "22215.4015842163"}, "miss_distance": {"astronomical": "0.1485001814", "lunar": "57.7665672302", "kilometers": "22215310", "miles": "13803954"}, "orbiting_body": "Earth"}], "orbital_data": {"orbit_id": "68", "orbit_determination_date": "2017-05-19 05:49:38", "orbit_uncertainty": "0", "minimum_orbit_intersection": ".046232", "jupiter_tisserand_invariant": "4.458", "epoch_osculation": "2458000.5", "eccentricity": ".4983577332197486", "semi_major_axis": "1.469692608322953", "inclination": "5.422328241769402", "ascending_node_longitude": "156.3513380413358", "orbital_period": "650.7859852414468", "perihelion_distance": ".7372599315093064", "perihelion_argument": "312.7786016264799", "aphelion_distance": "2.2021252851366", "perihelion_time": "2457794.340495057704", "mean_anomaly": "114.0427474812497", "mean_motion": ".5531772474578368", "equinox": "J2000"}}