{"links": {"self": "https://api.nasa.gov/neo/rest/v1/neo/2482650?api_key=stjNMXvPIBN6FqEBpH6hQbWAtFDv0RARRez0p7z1"}, "neo_reference_id": "2482650", "name": "482650 (2013 BK18)", "nasa_jpl_url": "http://ssd.jpl.nasa.gov/sbdb.cgi?sstr=2482650", "absolute_magnitude_h": 19.5, "estimated_diameter": {"kilometers": {"estimated_diameter_min": 0.3346223745, "estimated_diameter_max": 0.7482383761}, "meters": {"estimated_diameter_min": 334.6223744549, "estimated_diameter_max": 748.2383760735}, "miles": {"estimated_diameter_min": 0.2079246394, "estimated_diameter_max": 0.464933628}, "feet": {"estimated_diameter_min": 1097.8424710066, "estimated_diameter_max": 2454.8503937571}}, "is_potentially_hazardous_asteroid": true, "close_approach_data": [{"close_approach_date": "1901-01-22", "epoch_date_close_approach": -2175609600000, "relative_velocity": {"kilometers_per_second": "27.9973132542", "kilometers_per_hour": "100790.3277150368", "miles_per_hour": "62627.1900182683"}, "miss_distance": {"astronomical": "0.3633294766", "lunar": "141.3351593018", "kilometers": "54353316", "miles": "33773584"}, "orbiting_body": "Earth"}, {"close_approach_date": "1903-02-13", "epoch_date_close_approach": -2110636800000, "relative_velocity": {"kilometers_per_second": "18.3498115553", "kilometers_per_hour": "66059.3215991516", "miles_per_hour": "41046.6934680951"}, "miss_distance": {"astronomical": "0.1042823592", "lunar": "40.5658378601", "kilometers": "15600419", "miles": "9693651"}, "orbiting_body": "Earth"}, {"close_approach_date": "1905-07-13", "epoch_date_close_approach": -2034518400000, "relative_velocity": {"kilometers_per_second": "16.7601339037", "kilometers_per_hour": "60336.4820532664", "miles_per_hour": "37490.7435291532"}, "miss_distance": {"astronomical": "0.3402419081", "lunar": "132.354095459", "kilometers": "50899464", "miles": "31627462"}, "orbiting_body": "Earth"}, {"close_approach_date": "1907-07-23", "epoch_date_close_approach": -1970582400000, "relative_velocity": {"kilometers_per_second": "25.814850405", "kilometers_per_hour": "92933.4614580583", "miles_per_hour": "57745.2388709807"}, "miss_distance": {"astronomical": "0.4629655985", "lunar": "180.0936279297", "kilometers": "69258672", "miles": "43035344"}, "orbiting_body": "Earth"}, {"close_approach_date": "1930-02-05", "epoch_date_close_approach": -1259251200000, "relative_velocity": {"kilometers_per_second": "21.1470660675", "kilometers_per_hour": "76129.4378430148", "miles_per_hour": "47303.8720863999"}, "miss_distance": {"astronomical": "0.0620452658", "lunar": "24.1356086731", "kilometers": "9281840", "miles": "5767467.5"}, "orbiting_body": "Earth"}, {"close_approach_date": "1932-03-08", "epoch_date_close_approach": -1193414400000, "relative_velocity": {"kilometers_per_second": "15.8992451444", "kilometers_per_hour": "57237.2825196841", "miles_per_hour": "35565.0214634115"}, "miss_distance": {"astronomical": "0.407979007", "lunar": "158.7038421631", "kilometers": "61032792", "miles": "37924020"}, "orbiting_body": "Earth"}, {"close_approach_date": "1932-07-15", "epoch_date_close_approach": -1182268800000, "relative_velocity": {"kilometers_per_second": "15.2334316677", "kilometers_per_hour": "54840.3540038532", "miles_per_hour": "34075.6632975609"}, "miss_distance": {"astronomical": "0.4148098849", "lunar": "161.361038208", "kilometers": "62054676", "miles": "38558988"}, "orbiting_body": "Earth"}, {"close_approach_date": "1934-07-18", "epoch_date_close_approach": -1118937600000, "relative_velocity": {"kilometers_per_second": "21.8425984833", "kilometers_per_hour": "78633.3545400265", "miles_per_hour": "48859.7085473848"}, "miss_distance": {"astronomical": "0.3592745617", "lunar": "139.7578125", "kilometers": "53746712", "miles": "33396658"}, "orbiting_body": "Earth"}, {"close_approach_date": "1957-01-23", "epoch_date_close_approach": -408297600000, "relative_velocity": {"kilometers_per_second": "27.156564387", "kilometers_per_hour": "97763.6317932429", "miles_per_hour": "60746.5188773069"}, "miss_distance": {"astronomical": "0.3273389625", "lunar": "127.334854126", "kilometers": "48969212", "miles": "30428058"}, "orbiting_body": "Earth"}, {"close_approach_date": "1959-02-15", "epoch_date_close_approach": -343238400000, "relative_velocity": {"kilometers_per_second": "17.7994988697", "kilometers_per_hour": "64078.1959309492", "miles_per_hour": "39815.69902165"}, "miss_distance": {"astronomical": "0.1404652845", "lunar": "54.6409988403", "kilometers": "21013308", "miles": "13057064"}, "orbiting_body": "Earth"}, {"close_approach_date": "1961-07-14", "epoch_date_close_approach": -267210000000, "relative_velocity": {"kilometers_per_second": "17.0373694019", "kilometers_per_hour": "61334.5298469714", "miles_per_hour": "38110.8916151918"}, "miss_distance": {"astronomical": "0.3305486268", "lunar": "128.583404541", "kilometers": "49449368", "miles": "30726414"}, "orbiting_body": "Earth"}, {"close_approach_date": "1963-07-24", "epoch_date_close_approach": -203274000000, "relative_velocity": {"kilometers_per_second": "26.2056365148", "kilometers_per_hour": "94340.2914531781", "miles_per_hour": "58619.3883198928"}, "miss_distance": {"astronomical": "0.4687383912", "lunar": "182.3392333984", "kilometers": "70122264", "miles": "43571956"}, "orbiting_body": "Earth"}, {"close_approach_date": "1986-02-03", "epoch_date_close_approach": 507801600000, "relative_velocity": {"kilometers_per_second": "22.001189217", "kilometers_per_hour": "79204.2811812018", "miles_per_hour": "49214.4601595084"}, "miss_distance": {"astronomical": "0.1019584074", "lunar": "39.661819458", "kilometers": "15252761", "miles": "9477626"}, "orbiting_body": "Earth"}, {"close_approach_date": "1988-03-03", "epoch_date_close_approach": 573379200000, "relative_velocity": {"kilometers_per_second": "15.8467700062", "kilometers_per_hour": "57048.3720223855", "miles_per_hour": "35447.6398269095"}, "miss_distance": {"astronomical": "0.3721974581", "lunar": "144.7848052979", "kilometers": "55679948", "miles": "34597916"}, "orbiting_body": "Earth"}, {"close_approach_date": "1988-07-16", "epoch_date_close_approach": 585039600000, "relative_velocity": {"kilometers_per_second": "15.023929626", "kilometers_per_hour": "54086.1466535107", "miles_per_hour": "33607.0281803439"}, "miss_distance": {"astronomical": "0.4369143326", "lunar": "169.9596710205", "kilometers": "65361452", "miles": "40613724"}, "orbiting_body": "Earth"}, {"close_approach_date": "1990-07-17", "epoch_date_close_approach": 648198000000, "relative_velocity": {"kilometers_per_second": "20.8606325652", "kilometers_per_hour": "75098.2772345749", "miles_per_hour": "46663.1489850057"}, "miss_distance": {"astronomical": "0.3363317476", "lunar": "130.8330535889", "kilometers": "50314516", "miles": "31263990"}, "orbiting_body": "Earth"}, {"close_approach_date": "2013-01-21", "epoch_date_close_approach": 1358755200000, "relative_velocity": {"kilometers_per_second": "28.5393832395", "kilometers_per_hour": "102741.7796620873", "miles_per_hour": "63839.7463683675"}, "miss_distance": {"astronomical": "0.3835883171", "lunar": "149.2158508301", "kilometers": "57383996", "miles": "35656760"}, "orbiting_body": "Earth"}, {"close_approach_date": "2015-02-12", "epoch_date_close_approach": 1423728000000, "relative_velocity": {"kilometers_per_second": "18.6962941213", "kilometers_per_hour": "67306.6588368078", "miles_per_hour": "41821.7403200154"}, "miss_distance": {"astronomical": "0.0812961397", "lunar": "31.6241970062", "kilometers": "12161729", "miles": "7556948"}, "orbiting_body": "Earth"}, {"close_approach_date": "2017-07-14", "epoch_date_close_approach": 1500015600000, "relative_velocity": {"kilometers_per_second": "16.2816251194", "kilometers_per_hour": "58613.8504300081", "miles_per_hour": "36420.3672296903"}, "miss_distance": {"astronomical": "0.3460139352", "lunar": "134.5994262695", "kilometers": "51762948", "miles": "32164004"}, "orbiting_body": "Earth"}, {"close_approach_date": "2019-07-23", "epoch_date_close_approach": 1563865200000, "relative_velocity": {"kilometers_per_second": "24.9389124969", "kilometers_per_hour": "89780.0849888936", "miles_per_hour": "55785.8533643489"}, "miss_distance": {"astronomical": "0.4286282342", "lunar": "166.7363891602", "kilometers": "64121872", "miles": "39843484"}, "orbiting_body": "Earth"}, {"close_approach_date": "2042-02-01", "epoch_date_close_approach": 2274854400000, "relative_velocity": {"kilometers_per_second": "22.7999901902", "kilometers_per_hour": "82079.9646846116", "miles_per_hour": "51001.2980563911"}, "miss_distance": {"astronomical": "0.1391361512", "lunar": "54.1239624023", "kilometers": "20814472", "miles": "12933513"}, "orbiting_body": "Earth"}, {"close_approach_date": "2044-02-28", "epoch_date_close_approach": 2340259200000, "relative_velocity": {"kilometers_per_second": "15.9118015576", "kilometers_per_hour": "57282.485607531", "miles_per_hour": "35593.1089043017"}, "miss_distance": {"astronomical": "0.3323388526", "lunar": "129.2798156738", "kilometers": "49717184", "miles": "30892826"}, "orbiting_body": "Earth"}, {"close_approach_date": "2044-07-17", "epoch_date_close_approach": 2352351600000, "relative_velocity": {"kilometers_per_second": "14.8432104209", "kilometers_per_hour": "53435.5575151003", "miles_per_hour": "33202.7773904244"}, "miss_distance": {"astronomical": "0.461486839", "lunar": "179.5183868408", "kilometers": "69037448", "miles": "42897884"}, "orbiting_body": "Earth"}, {"close_approach_date": "2046-07-16", "epoch_date_close_approach": 2415337200000, "relative_velocity": {"kilometers_per_second": "20.0592492565", "kilometers_per_hour": "72213.2973235591", "miles_per_hour": "44870.5346619637"}, "miss_distance": {"astronomical": "0.3197577237", "lunar": "124.3857574463", "kilometers": "47835076", "miles": "29723338"}, "orbiting_body": "Earth"}, {"close_approach_date": "2069-01-21", "epoch_date_close_approach": 3125980800000, "relative_velocity": {"kilometers_per_second": "28.5422931921", "kilometers_per_hour": "102752.2554914855", "miles_per_hour": "63846.2556413622"}, "miss_distance": {"astronomical": "0.3820910511", "lunar": "148.6334228516", "kilometers": "57160008", "miles": "35517580"}, "orbiting_body": "Earth"}, {"close_approach_date": "2071-02-12", "epoch_date_close_approach": 3190953600000, "relative_velocity": {"kilometers_per_second": "18.486656471", "kilometers_per_hour": "66551.9632956299", "miles_per_hour": "41352.8018599985"}, "miss_distance": {"astronomical": "0.0933225817", "lunar": "36.3024864197", "kilometers": "13960860", "miles": "8674876"}, "orbiting_body": "Earth"}, {"close_approach_date": "2073-07-14", "epoch_date_close_approach": 3267241200000, "relative_velocity": {"kilometers_per_second": "16.3635293346", "kilometers_per_hour": "58908.7056046705", "miles_per_hour": "36603.5787686354"}, "miss_distance": {"astronomical": "0.3395225876", "lunar": "132.0742950439", "kilometers": "50791860", "miles": "31560598"}, "orbiting_body": "Earth"}, {"close_approach_date": "2075-07-23", "epoch_date_close_approach": 3331090800000, "relative_velocity": {"kilometers_per_second": "25.170033645", "kilometers_per_hour": "90612.1211218409", "miles_per_hour": "56302.8482604016"}, "miss_distance": {"astronomical": "0.4293848766", "lunar": "167.0307159424", "kilometers": "64235064", "miles": "39913820"}, "orbiting_body": "Earth"}, {"close_approach_date": "2098-02-03", "epoch_date_close_approach": 4042252800000, "relative_velocity": {"kilometers_per_second": "21.7759051286", "kilometers_per_hour": "78393.2584629715", "miles_per_hour": "48710.5221821725"}, "miss_distance": {"astronomical": "0.0918018242", "lunar": "35.7109069824", "kilometers": "13733357", "miles": "8533513"}, "orbiting_body": "Earth"}, {"close_approach_date": "2100-03-05", "epoch_date_close_approach": 4107916800000, "relative_velocity": {"kilometers_per_second": "15.7034129559", "kilometers_per_hour": "56532.2866413808", "miles_per_hour": "35126.9644411402"}, "miss_distance": {"astronomical": "0.3835586228", "lunar": "149.2042999268", "kilometers": "57379556", "miles": "35654004"}, "orbiting_body": "Earth"}, {"close_approach_date": "2100-07-17", "epoch_date_close_approach": 4119490800000, "relative_velocity": {"kilometers_per_second": "14.9723707514", "kilometers_per_hour": "53900.5347050789", "miles_per_hour": "33491.6961338308"}, "miss_distance": {"astronomical": "0.4313858895", "lunar": "167.8091125488", "kilometers": "64534408", "miles": "40099824"}, "orbiting_body": "Earth"}, {"close_approach_date": "2102-07-19", "epoch_date_close_approach": 4182735600000, "relative_velocity": {"kilometers_per_second": "21.0886139895", "kilometers_per_hour": "75919.0103623012", "miles_per_hour": "47173.1206331754"}, "miss_distance": {"astronomical": "0.3295047404", "lunar": "128.1773376465", "kilometers": "49293208", "miles": "30629378"}, "orbiting_body": "Earth"}, {"close_approach_date": "2125-01-24", "epoch_date_close_approach": 4893379200000, "relative_velocity": {"kilometers_per_second": "27.5247359847", "kilometers_per_hour": "99089.0495449276", "miles_per_hour": "61570.0819241801"}, "miss_distance": {"astronomical": "0.339843721", "lunar": "132.1992034912", "kilometers": "50839896", "miles": "31590448"}, "orbiting_body": "Earth"}, {"close_approach_date": "2127-02-15", "epoch_date_close_approach": 4958352000000, "relative_velocity": {"kilometers_per_second": "17.8929362234", "kilometers_per_hour": "64414.5704041388", "miles_per_hour": "40024.7090380606"}, "miss_distance": {"astronomical": "0.1300923861", "lunar": "50.6059379578", "kilometers": "19461544", "miles": "12092843"}, "orbiting_body": "Earth"}, {"close_approach_date": "2129-07-15", "epoch_date_close_approach": 5034466800000, "relative_velocity": {"kilometers_per_second": "16.7222946243", "kilometers_per_hour": "60200.2606473184", "miles_per_hour": "37406.1008449962"}, "miss_distance": {"astronomical": "0.3249832104", "lunar": "126.4184646606", "kilometers": "48616796", "miles": "30209076"}, "orbiting_body": "Earth"}, {"close_approach_date": "2131-07-25", "epoch_date_close_approach": 5098402800000, "relative_velocity": {"kilometers_per_second": "25.9563465594", "kilometers_per_hour": "93442.8476136881", "miles_per_hour": "58061.7516186275"}, "miss_distance": {"astronomical": "0.4473957681", "lunar": "174.0369567871", "kilometers": "66929456", "miles": "41588036"}, "orbiting_body": "Earth"}, {"close_approach_date": "2154-02-05", "epoch_date_close_approach": 5809564800000, "relative_velocity": {"kilometers_per_second": "21.3885543627", "kilometers_per_hour": "76998.7957058438", "miles_per_hour": "47844.0572540006"}, "miss_distance": {"astronomical": "0.0727229111", "lunar": "28.2892131805", "kilometers": "10879193", "miles": "6760017"}, "orbiting_body": "Earth"}, {"close_approach_date": "2156-03-06", "epoch_date_close_approach": 5875228800000, "relative_velocity": {"kilometers_per_second": "15.6199818136", "kilometers_per_hour": "56231.9345288815", "miles_per_hour": "34940.3373187931"}, "miss_distance": {"astronomical": "0.3959613591", "lunar": "154.0289611816", "kilometers": "59234976", "miles": "36806908"}, "orbiting_body": "Earth"}, {"close_approach_date": "2156-07-17", "epoch_date_close_approach": 5886716400000, "relative_velocity": {"kilometers_per_second": "14.9897609833", "kilometers_per_hour": "53963.1395398786", "miles_per_hour": "33530.5963435429"}, "miss_distance": {"astronomical": "0.4242212489", "lunar": "165.022064209", "kilometers": "63462596", "miles": "39433828"}, "orbiting_body": "Earth"}, {"close_approach_date": "2158-07-19", "epoch_date_close_approach": 5949961200000, "relative_velocity": {"kilometers_per_second": "21.1502485535", "kilometers_per_hour": "76140.8947925305", "miles_per_hour": "47310.990989281"}, "miss_distance": {"astronomical": "0.325366997", "lunar": "126.5677642822", "kilometers": "48674212", "miles": "30244752"}, "orbiting_body": "Earth"}, {"close_approach_date": "2181-01-23", "epoch_date_close_approach": 6660518400000, "relative_velocity": {"kilometers_per_second": "28.1121057046", "kilometers_per_hour": "101203.5805365218", "miles_per_hour": "62883.969250596"}, "miss_distance": {"astronomical": "0.3637657462", "lunar": "141.5048828125", "kilometers": "54418580", "miles": "33814140"}, "orbiting_body": "Earth"}, {"close_approach_date": "2183-02-14", "epoch_date_close_approach": 6725491200000, "relative_velocity": {"kilometers_per_second": "18.2725743126", "kilometers_per_hour": "65781.2675252257", "miles_per_hour": "40873.9214797715"}, "miss_distance": {"astronomical": "0.1055461723", "lunar": "41.0574607849", "kilometers": "15789482", "miles": "9811129"}, "orbiting_body": "Earth"}, {"close_approach_date": "2185-07-15", "epoch_date_close_approach": 6801692400000, "relative_velocity": {"kilometers_per_second": "16.3592675931", "kilometers_per_hour": "58893.3633352918", "miles_per_hour": "36594.0456790873"}, "miss_distance": {"astronomical": "0.3311326635", "lunar": "128.8106079102", "kilometers": "49536740", "miles": "30780704"}, "orbiting_body": "Earth"}, {"close_approach_date": "2187-07-24", "epoch_date_close_approach": 6865542000000, "relative_velocity": {"kilometers_per_second": "25.1442966752", "kilometers_per_hour": "90519.4680306336", "miles_per_hour": "56245.2772327012"}, "miss_distance": {"astronomical": "0.4203080284", "lunar": "163.4998168945", "kilometers": "62877184", "miles": "39070072"}, "orbiting_body": "Earth"}], "orbital_data": {"orbit_id": "53", "orbit_determination_date": "2017-09-18 06:55:45", "orbit_uncertainty": "0", "minimum_orbit_intersection": ".0228692", "jupiter_tisserand_invariant": "4.050", "epoch_osculation": "2458000.5", "eccentricity": ".4945557571670557", "semi_major_axis": "1.626445777940327", "inclination": "28.8951708968928", "ascending_node_longitude": "137.7572883563193", "orbital_period": "757.6311302406594", "perihelion_distance": ".8220776547398876", "perihelion_argument": "64.61210819343775", "aphelion_distance": "2.430813901140766", "perihelion_time": "2457868.983273050483", "mean_anomaly": "62.49218097306392", "mean_motion": ".4751652692592594", "equinox": "J2000"}}