{"links": {"self": "https://api.nasa.gov/neo/rest/v1/neo/2484402?api_key=stjNMXvPIBN6FqEBpH6hQbWAtFDv0RARRez0p7z1"}, "neo_reference_id": "2484402", "name": "484402 (2007 XH16)", "nasa_jpl_url": "http://ssd.jpl.nasa.gov/sbdb.cgi?sstr=2484402", "absolute_magnitude_h": 19.6, "estimated_diameter": {"kilometers": {"estimated_diameter_min": 0.3195618867, "estimated_diameter_max": 0.7145621017}, "meters": {"estimated_diameter_min": 319.5618867213, "estimated_diameter_max": 714.5621017269}, "miles": {"estimated_diameter_min": 0.1985664891, "estimated_diameter_max": 0.4440081677}, "feet": {"estimated_diameter_min": 1048.4314204307, "estimated_diameter_max": 2344.3639258298}}, "is_potentially_hazardous_asteroid": true, "close_approach_data": [{"close_approach_date": "1902-06-09", "epoch_date_close_approach": -2132150400000, "relative_velocity": {"kilometers_per_second": "20.5681308775", "kilometers_per_hour": "74045.2711591235", "miles_per_hour": "46008.8519599565"}, "miss_distance": {"astronomical": "0.4469986463", "lunar": "173.8824768066", "kilometers": "66870048", "miles": "41551120"}, "orbiting_body": "Earth"}, {"close_approach_date": "1905-12-19", "epoch_date_close_approach": -2020780800000, "relative_velocity": {"kilometers_per_second": "16.9539784907", "kilometers_per_hour": "61034.3225666042", "miles_per_hour": "37924.3544858992"}, "miss_distance": {"astronomical": "0.0960790557", "lunar": "37.3747520447", "kilometers": "14373223", "miles": "8931107"}, "orbiting_body": "Earth"}, {"close_approach_date": "1906-06-20", "epoch_date_close_approach": -2004969600000, "relative_velocity": {"kilometers_per_second": "13.6938630363", "kilometers_per_hour": "49297.9069306714", "miles_per_hour": "30631.8022258941"}, "miss_distance": {"astronomical": "0.3265252299", "lunar": "127.0183181763", "kilometers": "48847480", "miles": "30352418"}, "orbiting_body": "Earth"}, {"close_approach_date": "1914-12-30", "epoch_date_close_approach": -1735833600000, "relative_velocity": {"kilometers_per_second": "14.6985951385", "kilometers_per_hour": "52914.94249847", "miles_per_hour": "32879.2874652299"}, "miss_distance": {"astronomical": "0.1872512024", "lunar": "72.840713501", "kilometers": "28012380", "miles": "17406086"}, "orbiting_body": "Earth"}, {"close_approach_date": "1915-06-11", "epoch_date_close_approach": -1721750400000, "relative_velocity": {"kilometers_per_second": "14.3531822559", "kilometers_per_hour": "51671.4561213365", "miles_per_hour": "32106.6333882827"}, "miss_distance": {"astronomical": "0.2323426745", "lunar": "90.3813018799", "kilometers": "34757968", "miles": "21597602"}, "orbiting_body": "Earth"}, {"close_approach_date": "1924-01-09", "epoch_date_close_approach": -1450972800000, "relative_velocity": {"kilometers_per_second": "16.7933122321", "kilometers_per_hour": "60455.9240354138", "miles_per_hour": "37564.9601318937"}, "miss_distance": {"astronomical": "0.4763724727", "lunar": "185.3088989258", "kilometers": "71264312", "miles": "44281588"}, "orbiting_body": "Earth"}, {"close_approach_date": "1924-06-07", "epoch_date_close_approach": -1438012800000, "relative_velocity": {"kilometers_per_second": "17.1850658025", "kilometers_per_hour": "61866.236888883", "miles_per_hour": "38441.2736935396"}, "miss_distance": {"astronomical": "0.3124003794", "lunar": "121.5237426758", "kilometers": "46734432", "miles": "29039428"}, "orbiting_body": "Earth"}, {"close_approach_date": "1927-12-11", "epoch_date_close_approach": -1327248000000, "relative_velocity": {"kilometers_per_second": "20.6145055783", "kilometers_per_hour": "74212.2200820254", "miles_per_hour": "46112.5875281896"}, "miss_distance": {"astronomical": "0.2976694747", "lunar": "115.7934265137", "kilometers": "44530720", "miles": "27670106"}, "orbiting_body": "Earth"}, {"close_approach_date": "1928-06-28", "epoch_date_close_approach": -1309968000000, "relative_velocity": {"kilometers_per_second": "13.6595783179", "kilometers_per_hour": "49174.4819444497", "miles_per_hour": "30555.1107393166"}, "miss_distance": {"astronomical": "0.4279957041", "lunar": "166.4903259277", "kilometers": "64027248", "miles": "39784688"}, "orbiting_body": "Earth"}, {"close_approach_date": "1936-12-22", "epoch_date_close_approach": -1042214400000, "relative_velocity": {"kilometers_per_second": "15.8200423332", "kilometers_per_hour": "56952.1523993976", "miles_per_hour": "35387.852695059"}, "miss_distance": {"astronomical": "0.015115373", "lunar": "5.8798799515", "kilometers": "2261227.5", "miles": "1405061.75"}, "orbiting_body": "Earth"}, {"close_approach_date": "1937-06-17", "epoch_date_close_approach": -1026921600000, "relative_velocity": {"kilometers_per_second": "13.7467810762", "kilometers_per_hour": "49488.4118742505", "miles_per_hour": "30750.1745893086"}, "miss_distance": {"astronomical": "0.2875824289", "lunar": "111.8695678711", "kilometers": "43021720", "miles": "26732456"}, "orbiting_body": "Earth"}, {"close_approach_date": "1945-12-31", "epoch_date_close_approach": -757440000000, "relative_velocity": {"kilometers_per_second": "14.6889766719", "kilometers_per_hour": "52880.3160189134", "miles_per_hour": "32857.7719174187"}, "miss_distance": {"astronomical": "0.2027243711", "lunar": "78.8597793579", "kilometers": "30327134", "miles": "18844408"}, "orbiting_body": "Earth"}, {"close_approach_date": "1946-06-11", "epoch_date_close_approach": -743443200000, "relative_velocity": {"kilometers_per_second": "14.4074477354", "kilometers_per_hour": "51866.8118473122", "miles_per_hour": "32228.0198392369"}, "miss_distance": {"astronomical": "0.2289449173", "lunar": "89.0595703125", "kilometers": "34249672", "miles": "21281760"}, "orbiting_body": "Earth"}, {"close_approach_date": "1955-01-07", "epoch_date_close_approach": -472838400000, "relative_velocity": {"kilometers_per_second": "16.0691028547", "kilometers_per_hour": "57848.7702768196", "miles_per_hour": "35944.976175616"}, "miss_distance": {"astronomical": "0.4204175524", "lunar": "163.5424194336", "kilometers": "62893572", "miles": "39080252"}, "orbiting_body": "Earth"}, {"close_approach_date": "1955-06-08", "epoch_date_close_approach": -459709200000, "relative_velocity": {"kilometers_per_second": "16.3685233469", "kilometers_per_hour": "58926.684048741", "miles_per_hour": "36614.7498746191"}, "miss_distance": {"astronomical": "0.2777651801", "lunar": "108.0506591797", "kilometers": "41553080", "miles": "25819888"}, "orbiting_body": "Earth"}, {"close_approach_date": "1958-12-07", "epoch_date_close_approach": -349286400000, "relative_velocity": {"kilometers_per_second": "22.5038805318", "kilometers_per_hour": "81013.9699144516", "miles_per_hour": "50338.9303615657"}, "miss_distance": {"astronomical": "0.3834211371", "lunar": "149.1508178711", "kilometers": "57358984", "miles": "35641220"}, "orbiting_body": "Earth"}, {"close_approach_date": "1959-07-04", "epoch_date_close_approach": -331232400000, "relative_velocity": {"kilometers_per_second": "13.634902125", "kilometers_per_hour": "49085.6476499107", "miles_per_hour": "30499.912563357"}, "miss_distance": {"astronomical": "0.4737277762", "lunar": "184.2801055908", "kilometers": "70868664", "miles": "44035748"}, "orbiting_body": "Earth"}, {"close_approach_date": "1964-06-08", "epoch_date_close_approach": -175626000000, "relative_velocity": {"kilometers_per_second": "19.8986395438", "kilometers_per_hour": "71635.1023577121", "miles_per_hour": "44511.2667955461"}, "miss_distance": {"astronomical": "0.417465339", "lunar": "162.3940124512", "kilometers": "62451924", "miles": "38805828"}, "orbiting_body": "Earth"}, {"close_approach_date": "1967-12-17", "epoch_date_close_approach": -64425600000, "relative_velocity": {"kilometers_per_second": "18.0543654593", "kilometers_per_hour": "64995.7156536175", "miles_per_hour": "40385.8100959936"}, "miss_distance": {"astronomical": "0.1644607653", "lunar": "63.9752388", "kilometers": "24602980", "miles": "15287583"}, "orbiting_body": "Earth"}, {"close_approach_date": "1968-06-23", "epoch_date_close_approach": -48099600000, "relative_velocity": {"kilometers_per_second": "13.6620373756", "kilometers_per_hour": "49183.3345521496", "miles_per_hour": "30560.6114054732"}, "miss_distance": {"astronomical": "0.3627638972", "lunar": "141.1151580811", "kilometers": "54268708", "miles": "33721012"}, "orbiting_body": "Earth"}, {"close_approach_date": "1976-12-25", "epoch_date_close_approach": 220348800000, "relative_velocity": {"kilometers_per_second": "15.3042329183", "kilometers_per_hour": "55095.2385057688", "miles_per_hour": "34234.0386148762"}, "miss_distance": {"astronomical": "0.0472936241", "lunar": "18.3972206116", "kilometers": "7075026", "miles": "4396217"}, "orbiting_body": "Earth"}, {"close_approach_date": "1977-06-15", "epoch_date_close_approach": 235206000000, "relative_velocity": {"kilometers_per_second": "13.8370860314", "kilometers_per_hour": "49813.5097128902", "miles_per_hour": "30952.1777435456"}, "miss_distance": {"astronomical": "0.2666345224", "lunar": "103.7208328247", "kilometers": "39887956", "miles": "24785228"}, "orbiting_body": "Earth"}, {"close_approach_date": "1986-01-03", "epoch_date_close_approach": 505123200000, "relative_velocity": {"kilometers_per_second": "14.9801628951", "kilometers_per_hour": "53928.5864222221", "miles_per_hour": "33509.1263799635"}, "miss_distance": {"astronomical": "0.2971823498", "lunar": "115.6039352417", "kilometers": "44457848", "miles": "27624826"}, "orbiting_body": "Earth"}, {"close_approach_date": "1986-06-09", "epoch_date_close_approach": 518684400000, "relative_velocity": {"kilometers_per_second": "15.0710781135", "kilometers_per_hour": "54255.8812086443", "miles_per_hour": "33712.4946321157"}, "miss_distance": {"astronomical": "0.2346576469", "lunar": "91.2818222046", "kilometers": "35104284", "miles": "21812792"}, "orbiting_body": "Earth"}, {"close_approach_date": "1989-12-03", "epoch_date_close_approach": 628675200000, "relative_velocity": {"kilometers_per_second": "24.9930272149", "kilometers_per_hour": "89974.8979736594", "miles_per_hour": "55906.9025770219"}, "miss_distance": {"astronomical": "0.4895421393", "lunar": "190.4318847656", "kilometers": "73234464", "miles": "45505784"}, "orbiting_body": "Earth"}, {"close_approach_date": "1995-06-08", "epoch_date_close_approach": 802594800000, "relative_velocity": {"kilometers_per_second": "18.3327075668", "kilometers_per_hour": "65997.7472403997", "miles_per_hour": "41008.433556125"}, "miss_distance": {"astronomical": "0.3551124243", "lunar": "138.1387329102", "kilometers": "53124064", "miles": "33009764"}, "orbiting_body": "Earth"}, {"close_approach_date": "1998-12-14", "epoch_date_close_approach": 913622400000, "relative_velocity": {"kilometers_per_second": "19.3886042412", "kilometers_per_hour": "69798.9752684359", "miles_per_hour": "43370.3688272123"}, "miss_distance": {"astronomical": "0.2363724795", "lunar": "91.9488983154", "kilometers": "35360820", "miles": "21972196"}, "orbiting_body": "Earth"}, {"close_approach_date": "1999-06-27", "epoch_date_close_approach": 930466800000, "relative_velocity": {"kilometers_per_second": "13.6470239726", "kilometers_per_hour": "49129.2863012066", "miles_per_hour": "30527.0279242136"}, "miss_distance": {"astronomical": "0.3998830737", "lunar": "155.5545043945", "kilometers": "59821656", "miles": "37171452"}, "orbiting_body": "Earth"}, {"close_approach_date": "2007-12-24", "epoch_date_close_approach": 1198483200000, "relative_velocity": {"kilometers_per_second": "15.5772393413", "kilometers_per_hour": "56078.0616285749", "miles_per_hour": "34844.7266824887"}, "miss_distance": {"astronomical": "0.0208242109", "lunar": "8.1006183624", "kilometers": "3115257.5", "miles": "1935731.375"}, "orbiting_body": "Earth"}, {"close_approach_date": "2008-06-16", "epoch_date_close_approach": 1213599600000, "relative_velocity": {"kilometers_per_second": "13.7672889293", "kilometers_per_hour": "49562.2401454897", "miles_per_hour": "30796.0486059572"}, "miss_distance": {"astronomical": "0.2792454635", "lunar": "108.6264877319", "kilometers": "41774528", "miles": "25957488"}, "orbiting_body": "Earth"}, {"close_approach_date": "2017-01-05", "epoch_date_close_approach": 1483603200000, "relative_velocity": {"kilometers_per_second": "15.3306491007", "kilometers_per_hour": "55190.3367624412", "miles_per_hour": "34293.1289733068"}, "miss_distance": {"astronomical": "0.348448297", "lunar": "135.5463867188", "kilometers": "52127124", "miles": "32390294"}, "orbiting_body": "Earth"}, {"close_approach_date": "2017-06-08", "epoch_date_close_approach": 1496905200000, "relative_velocity": {"kilometers_per_second": "15.5373592377", "kilometers_per_hour": "55934.4932558262", "miles_per_hour": "34755.5188788771"}, "miss_distance": {"astronomical": "0.248342084", "lunar": "96.6050720215", "kilometers": "37151448", "miles": "23084838"}, "orbiting_body": "Earth"}, {"close_approach_date": "2020-12-06", "epoch_date_close_approach": 1607241600000, "relative_velocity": {"kilometers_per_second": "23.0518825491", "kilometers_per_hour": "82986.7771768784", "miles_per_hour": "51564.7560741554"}, "miss_distance": {"astronomical": "0.4067913493", "lunar": "158.2418365479", "kilometers": "60855120", "miles": "37813620"}, "orbiting_body": "Earth"}, {"close_approach_date": "2021-07-05", "epoch_date_close_approach": 1625468400000, "relative_velocity": {"kilometers_per_second": "13.6116354674", "kilometers_per_hour": "49001.8876824928", "miles_per_hour": "30447.8673769356"}, "miss_distance": {"astronomical": "0.4866287758", "lunar": "189.2985992432", "kilometers": "72798632", "miles": "45234972"}, "orbiting_body": "Earth"}, {"close_approach_date": "2026-06-10", "epoch_date_close_approach": 1781074800000, "relative_velocity": {"kilometers_per_second": "20.6633788425", "kilometers_per_hour": "74388.1638330763", "miles_per_hour": "46221.9121328357"}, "miss_distance": {"astronomical": "0.4473027783", "lunar": "174.0007781982", "kilometers": "66915544", "miles": "41579392"}, "orbiting_body": "Earth"}, {"close_approach_date": "2029-12-20", "epoch_date_close_approach": 1892448000000, "relative_velocity": {"kilometers_per_second": "16.6404298128", "kilometers_per_hour": "59905.5473262539", "miles_per_hour": "37222.9774483604"}, "miss_distance": {"astronomical": "0.0751803744", "lunar": "29.2451648712", "kilometers": "11246824", "miles": "6988452.5"}, "orbiting_body": "Earth"}, {"close_approach_date": "2030-06-20", "epoch_date_close_approach": 1908169200000, "relative_velocity": {"kilometers_per_second": "13.6707408983", "kilometers_per_hour": "49214.6672337835", "miles_per_hour": "30580.0803153473"}, "miss_distance": {"astronomical": "0.3193420926", "lunar": "124.2240829468", "kilometers": "47772900", "miles": "29684704"}, "orbiting_body": "Earth"}, {"close_approach_date": "2039-01-01", "epoch_date_close_approach": 2177481600000, "relative_velocity": {"kilometers_per_second": "14.7064988466", "kilometers_per_hour": "52943.3958476092", "miles_per_hour": "32896.9672698658"}, "miss_distance": {"astronomical": "0.2318892828", "lunar": "90.2049255371", "kilometers": "34690144", "miles": "21555456"}, "orbiting_body": "Earth"}, {"close_approach_date": "2039-06-11", "epoch_date_close_approach": 2191388400000, "relative_velocity": {"kilometers_per_second": "14.5607642059", "kilometers_per_hour": "52418.7511413368", "miles_per_hour": "32570.9734522379"}, "miss_distance": {"astronomical": "0.2278919293", "lunar": "88.6499557495", "kilometers": "34092148", "miles": "21183878"}, "orbiting_body": "Earth"}, {"close_approach_date": "2048-06-08", "epoch_date_close_approach": 2475212400000, "relative_velocity": {"kilometers_per_second": "18.1254216014", "kilometers_per_hour": "65251.5177651959", "miles_per_hour": "40544.7555802685"}, "miss_distance": {"astronomical": "0.3461922693", "lunar": "134.6687927246", "kilometers": "51789628", "miles": "32180582"}, "orbiting_body": "Earth"}, {"close_approach_date": "2051-12-15", "epoch_date_close_approach": 2586240000000, "relative_velocity": {"kilometers_per_second": "19.1484567734", "kilometers_per_hour": "68934.4443841151", "miles_per_hour": "42833.1829563408"}, "miss_distance": {"astronomical": "0.224370451", "lunar": "87.2801055908", "kilometers": "33565340", "miles": "20856536"}, "orbiting_body": "Earth"}, {"close_approach_date": "2052-06-26", "epoch_date_close_approach": 2602998000000, "relative_velocity": {"kilometers_per_second": "13.6552456671", "kilometers_per_hour": "49158.8844014758", "miles_per_hour": "30545.4190326836"}, "miss_distance": {"astronomical": "0.3950515418", "lunar": "153.6750488281", "kilometers": "59098868", "miles": "36722336"}, "orbiting_body": "Earth"}, {"close_approach_date": "2060-12-26", "epoch_date_close_approach": 2871273600000, "relative_velocity": {"kilometers_per_second": "15.0180246733", "kilometers_per_hour": "54064.8888237662", "miles_per_hour": "33593.8193916341"}, "miss_distance": {"astronomical": "0.0843590747", "lunar": "32.8156776428", "kilometers": "12619938", "miles": "7841665.5"}, "orbiting_body": "Earth"}, {"close_approach_date": "2061-06-14", "epoch_date_close_approach": 2885958000000, "relative_velocity": {"kilometers_per_second": "13.9108467093", "kilometers_per_hour": "50079.048153619", "miles_per_hour": "31117.1730041195"}, "miss_distance": {"astronomical": "0.2541711101", "lunar": "98.8725585938", "kilometers": "38023456", "miles": "23626680"}, "orbiting_body": "Earth"}, {"close_approach_date": "2070-01-07", "epoch_date_close_approach": 3156307200000, "relative_velocity": {"kilometers_per_second": "15.9360061982", "kilometers_per_hour": "57369.6223135916", "miles_per_hour": "35647.2522647981"}, "miss_distance": {"astronomical": "0.4137072683", "lunar": "160.9321289062", "kilometers": "61889724", "miles": "38456492"}, "orbiting_body": "Earth"}, {"close_approach_date": "2070-06-08", "epoch_date_close_approach": 3169436400000, "relative_velocity": {"kilometers_per_second": "16.2753561896", "kilometers_per_hour": "58591.2822825568", "miles_per_hour": "36406.3442605142"}, "miss_distance": {"astronomical": "0.2726724176", "lunar": "106.0695724487", "kilometers": "40791212", "miles": "25346484"}, "orbiting_body": "Earth"}, {"close_approach_date": "2073-12-09", "epoch_date_close_approach": 3280032000000, "relative_velocity": {"kilometers_per_second": "21.5936973344", "kilometers_per_hour": "77737.310403975", "miles_per_hour": "48302.9415674032"}, "miss_distance": {"astronomical": "0.3427347416", "lunar": "133.3238220215", "kilometers": "51272388", "miles": "31859186"}, "orbiting_body": "Earth"}, {"close_approach_date": "2074-07-02", "epoch_date_close_approach": 3297740400000, "relative_velocity": {"kilometers_per_second": "13.6329333162", "kilometers_per_hour": "49078.5599382847", "miles_per_hour": "30495.5085349859"}, "miss_distance": {"astronomical": "0.4558237695", "lunar": "177.3154449463", "kilometers": "68190264", "miles": "42371468"}, "orbiting_body": "Earth"}, {"close_approach_date": "2079-06-11", "epoch_date_close_approach": 3453692400000, "relative_velocity": {"kilometers_per_second": "21.9619913252", "kilometers_per_hour": "79063.1687708179", "miles_per_hour": "49126.7783954007"}, "miss_distance": {"astronomical": "0.4955058139", "lunar": "192.7517547607", "kilometers": "74126616", "miles": "46060144"}, "orbiting_body": "Earth"}, {"close_approach_date": "2082-12-23", "epoch_date_close_approach": 3565238400000, "relative_velocity": {"kilometers_per_second": "15.8465902106", "kilometers_per_hour": "57047.724758057", "miles_per_hour": "35447.2376420272"}, "miss_distance": {"astronomical": "0.0178150149", "lunar": "6.9300403595", "kilometers": "2665088.25", "miles": "1656009"}, "orbiting_body": "Earth"}, {"close_approach_date": "2083-06-18", "epoch_date_close_approach": 3580527600000, "relative_velocity": {"kilometers_per_second": "13.7236304698", "kilometers_per_hour": "49405.069691113", "miles_per_hour": "30698.3889977918"}, "miss_distance": {"astronomical": "0.2909686722", "lunar": "113.1868209839", "kilometers": "43528296", "miles": "27047230"}, "orbiting_body": "Earth"}, {"close_approach_date": "2092-01-02", "epoch_date_close_approach": 3850099200000, "relative_velocity": {"kilometers_per_second": "14.7084131772", "kilometers_per_hour": "52950.2874380647", "miles_per_hour": "32901.2494361686"}, "miss_distance": {"astronomical": "0.2404967288", "lunar": "93.5532226562", "kilometers": "35977800", "miles": "22355568"}, "orbiting_body": "Earth"}, {"close_approach_date": "2092-06-10", "epoch_date_close_approach": 3863919600000, "relative_velocity": {"kilometers_per_second": "14.603629606", "kilometers_per_hour": "52573.0665816994", "miles_per_hour": "32666.8590657231"}, "miss_distance": {"astronomical": "0.2253728991", "lunar": "87.6700592041", "kilometers": "33715304", "miles": "20949720"}, "orbiting_body": "Earth"}, {"close_approach_date": "2101-01-09", "epoch_date_close_approach": 4134700800000, "relative_velocity": {"kilometers_per_second": "16.9326883081", "kilometers_per_hour": "60957.6779091899", "miles_per_hour": "37876.7304764075"}, "miss_distance": {"astronomical": "0.4965258461", "lunar": "193.1485595703", "kilometers": "74279208", "miles": "46154960"}, "orbiting_body": "Earth"}, {"close_approach_date": "2101-06-09", "epoch_date_close_approach": 4147743600000, "relative_velocity": {"kilometers_per_second": "17.3920510064", "kilometers_per_hour": "62611.3836229669", "miles_per_hour": "38904.2788961707"}, "miss_distance": {"astronomical": "0.3136806453", "lunar": "122.021774292", "kilometers": "46925956", "miles": "29158438"}, "orbiting_body": "Earth"}, {"close_approach_date": "2104-12-12", "epoch_date_close_approach": 4258512000000, "relative_velocity": {"kilometers_per_second": "20.5137615668", "kilometers_per_hour": "73849.5416406035", "miles_per_hour": "45887.2332488516"}, "miss_distance": {"astronomical": "0.2912297932", "lunar": "113.2883834839", "kilometers": "43567356", "miles": "27071500"}, "orbiting_body": "Earth"}, {"close_approach_date": "2105-06-30", "epoch_date_close_approach": 4275788400000, "relative_velocity": {"kilometers_per_second": "13.6290871396", "kilometers_per_hour": "49064.7137027188", "miles_per_hour": "30486.9050226699"}, "miss_distance": {"astronomical": "0.4320837263", "lunar": "168.0805664062", "kilometers": "64638804", "miles": "40164692"}, "orbiting_body": "Earth"}, {"close_approach_date": "2110-06-12", "epoch_date_close_approach": 4431999600000, "relative_velocity": {"kilometers_per_second": "22.0794534191", "kilometers_per_hour": "79486.0323088043", "miles_per_hour": "49389.5293532123"}, "miss_distance": {"astronomical": "0.4975761222", "lunar": "193.5571136475", "kilometers": "74436328", "miles": "46252592"}, "orbiting_body": "Earth"}, {"close_approach_date": "2113-12-23", "epoch_date_close_approach": 4543459200000, "relative_velocity": {"kilometers_per_second": "16.1371279353", "kilometers_per_hour": "58093.6605672377", "miles_per_hour": "36097.1414785705"}, "miss_distance": {"astronomical": "0.0383961018", "lunar": "14.9360837936", "kilometers": "5743975", "miles": "3569140.75"}, "orbiting_body": "Earth"}, {"close_approach_date": "2114-06-20", "epoch_date_close_approach": 4558921200000, "relative_velocity": {"kilometers_per_second": "13.678877509", "kilometers_per_hour": "49243.9590325332", "miles_per_hour": "30598.2810999649"}, "miss_distance": {"astronomical": "0.3027567958", "lunar": "117.7723922729", "kilometers": "45291772", "miles": "28143002"}, "orbiting_body": "Earth"}, {"close_approach_date": "2122-12-31", "epoch_date_close_approach": 4828147200000, "relative_velocity": {"kilometers_per_second": "14.6765066328", "kilometers_per_hour": "52835.4238780789", "miles_per_hour": "32829.8776869097"}, "miss_distance": {"astronomical": "0.1630126257", "lunar": "63.4119110107", "kilometers": "24386342", "miles": "15152970"}, "orbiting_body": "Earth"}, {"close_approach_date": "2123-06-14", "epoch_date_close_approach": 4842399600000, "relative_velocity": {"kilometers_per_second": "14.1515649748", "kilometers_per_hour": "50945.6339091292", "miles_per_hour": "31655.6356920364"}, "miss_distance": {"astronomical": "0.231320163", "lunar": "89.983543396", "kilometers": "34605004", "miles": "21502552"}, "orbiting_body": "Earth"}, {"close_approach_date": "2132-01-07", "epoch_date_close_approach": 5112748800000, "relative_velocity": {"kilometers_per_second": "15.4634636838", "kilometers_per_hour": "55668.4692617358", "miles_per_hour": "34590.2219143269"}, "miss_distance": {"astronomical": "0.3699912339", "lunar": "143.9265899658", "kilometers": "55349904", "miles": "34392836"}, "orbiting_body": "Earth"}, {"close_approach_date": "2132-06-10", "epoch_date_close_approach": 5126137200000, "relative_velocity": {"kilometers_per_second": "15.7158480825", "kilometers_per_hour": "56577.0530970072", "miles_per_hour": "35154.7805757487"}, "miss_distance": {"astronomical": "0.2483969293", "lunar": "96.6264038086", "kilometers": "37159652", "miles": "23089938"}, "orbiting_body": "Earth"}, {"close_approach_date": "2135-12-07", "epoch_date_close_approach": 5236300800000, "relative_velocity": {"kilometers_per_second": "23.7683104055", "kilometers_per_hour": "85565.9174598767", "miles_per_hour": "53167.3335461106"}, "miss_distance": {"astronomical": "0.4371072511", "lunar": "170.0347290039", "kilometers": "65390316", "miles": "40631660"}, "orbiting_body": "Earth"}, {"close_approach_date": "2141-06-10", "epoch_date_close_approach": 5410134000000, "relative_velocity": {"kilometers_per_second": "18.755040178", "kilometers_per_hour": "67518.1446406423", "miles_per_hour": "41953.1493740702"}, "miss_distance": {"astronomical": "0.3659274145", "lunar": "142.3457641602", "kilometers": "54741964", "miles": "34015080"}, "orbiting_body": "Earth"}, {"close_approach_date": "2144-12-15", "epoch_date_close_approach": 5521075200000, "relative_velocity": {"kilometers_per_second": "19.2244961316", "kilometers_per_hour": "69208.1860738874", "miles_per_hour": "43003.2753968552"}, "miss_distance": {"astronomical": "0.2272271289", "lunar": "88.3913497925", "kilometers": "33992692", "miles": "21122080"}, "orbiting_body": "Earth"}, {"close_approach_date": "2145-06-28", "epoch_date_close_approach": 5537919600000, "relative_velocity": {"kilometers_per_second": "13.6316503134", "kilometers_per_hour": "49073.9411282087", "miles_per_hour": "30492.638586025"}, "miss_distance": {"astronomical": "0.400043397", "lunar": "155.6168823242", "kilometers": "59845640", "miles": "37186356"}, "orbiting_body": "Earth"}, {"close_approach_date": "2153-12-24", "epoch_date_close_approach": 5805849600000, "relative_velocity": {"kilometers_per_second": "15.952654421", "kilometers_per_hour": "57429.5559157271", "miles_per_hour": "35684.4926744139"}, "miss_distance": {"astronomical": "0.0253842374", "lunar": "9.8744688034", "kilometers": "3797428", "miles": "2359612.25"}, "orbiting_body": "Earth"}, {"close_approach_date": "2154-06-19", "epoch_date_close_approach": 5821138800000, "relative_velocity": {"kilometers_per_second": "13.6887409715", "kilometers_per_hour": "49279.4674973795", "miles_per_hour": "30620.3446791356"}, "miss_distance": {"astronomical": "0.2963933425", "lunar": "115.2970046997", "kilometers": "44339812", "miles": "27551482"}, "orbiting_body": "Earth"}, {"close_approach_date": "2162-12-29", "epoch_date_close_approach": 6090278400000, "relative_velocity": {"kilometers_per_second": "14.8703135496", "kilometers_per_hour": "53533.1287785892", "miles_per_hour": "33263.4043791184"}, "miss_distance": {"astronomical": "0.1075711283", "lunar": "41.8451690674", "kilometers": "16092411", "miles": "9999361"}, "orbiting_body": "Earth"}, {"close_approach_date": "2163-06-16", "epoch_date_close_approach": 6104876400000, "relative_velocity": {"kilometers_per_second": "13.9282656264", "kilometers_per_hour": "50141.7562552013", "miles_per_hour": "31156.1373797944"}, "miss_distance": {"astronomical": "0.2449540185", "lunar": "95.2871170044", "kilometers": "36644600", "miles": "22769898"}, "orbiting_body": "Earth"}, {"close_approach_date": "2172-01-03", "epoch_date_close_approach": 6374707200000, "relative_velocity": {"kilometers_per_second": "14.7190137684", "kilometers_per_hour": "52988.449566137", "miles_per_hour": "32924.96189847"}, "miss_distance": {"astronomical": "0.2523043594", "lunar": "98.1463928223", "kilometers": "37744192", "miles": "23453154"}, "orbiting_body": "Earth"}, {"close_approach_date": "2172-06-11", "epoch_date_close_approach": 6388527600000, "relative_velocity": {"kilometers_per_second": "14.6401039171", "kilometers_per_hour": "52704.3741016921", "miles_per_hour": "32748.4484522431"}, "miss_distance": {"astronomical": "0.2215767692", "lunar": "86.193359375", "kilometers": "33147412", "miles": "20596848"}, "orbiting_body": "Earth"}, {"close_approach_date": "2181-01-07", "epoch_date_close_approach": 6659136000000, "relative_velocity": {"kilometers_per_second": "15.7573060234", "kilometers_per_hour": "56726.3016843343", "miles_per_hour": "35247.5178438021"}, "miss_distance": {"astronomical": "0.4026407751", "lunar": "156.6272735596", "kilometers": "60234204", "miles": "37427800"}, "orbiting_body": "Earth"}, {"close_approach_date": "2181-06-10", "epoch_date_close_approach": 6672438000000, "relative_velocity": {"kilometers_per_second": "16.0695526689", "kilometers_per_hour": "57850.3896079741", "miles_per_hour": "35945.9823650215"}, "miss_distance": {"astronomical": "0.2580254515", "lunar": "100.3718948364", "kilometers": "38600056", "miles": "23984964"}, "orbiting_body": "Earth"}, {"close_approach_date": "2184-12-07", "epoch_date_close_approach": 6782688000000, "relative_velocity": {"kilometers_per_second": "23.5642608296", "kilometers_per_hour": "84831.3389864999", "miles_per_hour": "52710.8950496949"}, "miss_distance": {"astronomical": "0.4283412971", "lunar": "166.6247711182", "kilometers": "64078948", "miles": "39816812"}, "orbiting_body": "Earth"}, {"close_approach_date": "2190-06-10", "epoch_date_close_approach": 6956434800000, "relative_velocity": {"kilometers_per_second": "18.337614309", "kilometers_per_hour": "66015.4115124043", "miles_per_hour": "41019.4094478048"}, "miss_distance": {"astronomical": "0.3469923766", "lunar": "134.9800262451", "kilometers": "51909320", "miles": "32254956"}, "orbiting_body": "Earth"}, {"close_approach_date": "2193-12-14", "epoch_date_close_approach": 7067289600000, "relative_velocity": {"kilometers_per_second": "20.1575966121", "kilometers_per_hour": "72567.3478035528", "miles_per_hour": "45090.527861602"}, "miss_distance": {"astronomical": "0.2738906495", "lunar": "106.5434570312", "kilometers": "40973456", "miles": "25459726"}, "orbiting_body": "Earth"}, {"close_approach_date": "2194-06-30", "epoch_date_close_approach": 7084393200000, "relative_velocity": {"kilometers_per_second": "13.6162341375", "kilometers_per_hour": "49018.4428949226", "miles_per_hour": "30458.1541421257"}, "miss_distance": {"astronomical": "0.4264370019", "lunar": "165.8839874268", "kilometers": "63794068", "miles": "39639796"}, "orbiting_body": "Earth"}, {"close_approach_date": "2199-06-13", "epoch_date_close_approach": 7240690800000, "relative_velocity": {"kilometers_per_second": "21.1926206351", "kilometers_per_hour": "76293.4342865357", "miles_per_hour": "47405.7730987644"}, "miss_distance": {"astronomical": "0.4599505396", "lunar": "178.9207611084", "kilometers": "68807624", "miles": "42755072"}, "orbiting_body": "Earth"}], "orbital_data": {"orbit_id": "72", "orbit_determination_date": "2017-06-28 06:19:14", "orbit_uncertainty": "0", "minimum_orbit_intersection": ".014981", "jupiter_tisserand_invariant": "5.208", "epoch_osculation": "2458000.5", "eccentricity": ".2347705612442139", "semi_major_axis": "1.18707590311588", "inclination": "27.42934756970816", "ascending_node_longitude": "91.29622833768234", "orbital_period": "472.4068220242749", "perihelion_distance": ".9083854271018823", "perihelion_argument": "58.30311252249622", "aphelion_distance": "1.465766379129877", "perihelion_time": "2457814.668317110125", "mean_anomaly": "141.6139706740252", "mean_motion": ".7620550407324583", "equinox": "J2000"}}