{"links": {"self": "https://api.nasa.gov/neo/rest/v1/neo/2494658?api_key=stjNMXvPIBN6FqEBpH6hQbWAtFDv0RARRez0p7z1"}, "neo_reference_id": "2494658", "name": "494658 (2000 UG11)", "nasa_jpl_url": "http://ssd.jpl.nasa.gov/sbdb.cgi?sstr=2494658", "absolute_magnitude_h": 20.4, "estimated_diameter": {"kilometers": {"estimated_diameter_min": 0.2210828104, "estimated_diameter_max": 0.4943561926}, "meters": {"estimated_diameter_min": 221.0828103591, "estimated_diameter_max": 494.3561926196}, "miles": {"estimated_diameter_min": 0.137374447, "estimated_diameter_max": 0.3071786018}, "feet": {"estimated_diameter_min": 725.3373275385, "estimated_diameter_max": 1621.9035709942}}, "is_potentially_hazardous_asteroid": true, "close_approach_data": [{"close_approach_date": "1914-10-21", "epoch_date_close_approach": -1741881600000, "relative_velocity": {"kilometers_per_second": "21.6046237101", "kilometers_per_hour": "77776.6453562977", "miles_per_hour": "48327.382777084"}, "miss_distance": {"astronomical": "0.2725335164", "lunar": "106.0155334473", "kilometers": "40770432", "miles": "25333572"}, "orbiting_body": "Earth"}, {"close_approach_date": "1922-11-12", "epoch_date_close_approach": -1487520000000, "relative_velocity": {"kilometers_per_second": "13.0398503067", "kilometers_per_hour": "46943.4611040538", "miles_per_hour": "29168.8411510161"}, "miss_distance": {"astronomical": "0.0286085686", "lunar": "11.1287326813", "kilometers": "4279781", "miles": "2659332.5"}, "orbiting_body": "Earth"}, {"close_approach_date": "1922-12-09", "epoch_date_close_approach": -1485187200000, "relative_velocity": {"kilometers_per_second": "9.4981744052", "kilometers_per_hour": "34193.4278585748", "miles_per_hour": "21246.4663269017"}, "miss_distance": {"astronomical": "0.1492006973", "lunar": "58.0390701294", "kilometers": "22320106", "miles": "13869071"}, "orbiting_body": "Venus"}, {"close_approach_date": "1925-12-18", "epoch_date_close_approach": -1389715200000, "relative_velocity": {"kilometers_per_second": "17.2881594877", "kilometers_per_hour": "62237.3741557772", "miles_per_hour": "38671.8839580717"}, "miss_distance": {"astronomical": "0.080828905", "lunar": "31.4424438477", "kilometers": "12091832", "miles": "7513516"}, "orbiting_body": "Mars"}, {"close_approach_date": "1931-02-04", "epoch_date_close_approach": -1227801600000, "relative_velocity": {"kilometers_per_second": "10.4284555866", "kilometers_per_hour": "37542.4401116066", "miles_per_hour": "23327.4123015702"}, "miss_distance": {"astronomical": "0.1891762218", "lunar": "73.5895462036", "kilometers": "28300360", "miles": "17585028"}, "orbiting_body": "Earth"}, {"close_approach_date": "1939-03-23", "epoch_date_close_approach": -971280000000, "relative_velocity": {"kilometers_per_second": "21.55792306", "kilometers_per_hour": "77608.5230160925", "miles_per_hour": "48222.9180929715"}, "miss_distance": {"astronomical": "0.3115221152", "lunar": "121.1821060181", "kilometers": "46603048", "miles": "28957790"}, "orbiting_body": "Earth"}, {"close_approach_date": "1957-10-24", "epoch_date_close_approach": -384624000000, "relative_velocity": {"kilometers_per_second": "20.3197656178", "kilometers_per_hour": "73151.1562239666", "miles_per_hour": "45453.2837103864"}, "miss_distance": {"astronomical": "0.2265708574", "lunar": "88.1360626221", "kilometers": "33894520", "miles": "21061078"}, "orbiting_body": "Earth"}, {"close_approach_date": "1965-12-06", "epoch_date_close_approach": -128448000000, "relative_velocity": {"kilometers_per_second": "10.8826900422", "kilometers_per_hour": "39177.6841518257", "miles_per_hour": "24343.4893553386"}, "miss_distance": {"astronomical": "0.1514761705", "lunar": "58.9242324829", "kilometers": "22660514", "miles": "14080590"}, "orbiting_body": "Earth"}, {"close_approach_date": "1974-03-07", "epoch_date_close_approach": 131871600000, "relative_velocity": {"kilometers_per_second": "14.1014513139", "kilometers_per_hour": "50765.2247302157", "miles_per_hour": "31543.5364441721"}, "miss_distance": {"astronomical": "0.1399263258", "lunar": "54.4313430786", "kilometers": "20932682", "miles": "13006965"}, "orbiting_body": "Earth"}, {"close_approach_date": "1982-04-01", "epoch_date_close_approach": 386496000000, "relative_velocity": {"kilometers_per_second": "26.8502516706", "kilometers_per_hour": "96660.906014318", "miles_per_hour": "60061.3279620633"}, "miss_distance": {"astronomical": "0.4758953992", "lunar": "185.1233062744", "kilometers": "71192936", "miles": "44237240"}, "orbiting_body": "Earth"}, {"close_approach_date": "1992-10-11", "epoch_date_close_approach": 718786800000, "relative_velocity": {"kilometers_per_second": "27.3244347962", "kilometers_per_hour": "98367.9652662775", "miles_per_hour": "61122.0281955934"}, "miss_distance": {"astronomical": "0.4679949388", "lunar": "182.0500335693", "kilometers": "70011048", "miles": "43502848"}, "orbiting_body": "Earth"}, {"close_approach_date": "2000-11-07", "epoch_date_close_approach": 973584000000, "relative_velocity": {"kilometers_per_second": "14.1929531425", "kilometers_per_hour": "51094.6313129093", "miles_per_hour": "31748.2168844019"}, "miss_distance": {"astronomical": "0.0157210476", "lunar": "6.1154875755", "kilometers": "2351835.25", "miles": "1461362.625"}, "orbiting_body": "Earth"}, {"close_approach_date": "2008-12-18", "epoch_date_close_approach": 1229587200000, "relative_velocity": {"kilometers_per_second": "11.0501912979", "kilometers_per_hour": "39780.6886724069", "miles_per_hour": "24718.1729142519"}, "miss_distance": {"astronomical": "0.1795855901", "lunar": "69.858795166", "kilometers": "26865622", "miles": "16693524"}, "orbiting_body": "Earth"}, {"close_approach_date": "2017-02-06", "epoch_date_close_approach": 1486368000000, "relative_velocity": {"kilometers_per_second": "10.3359971324", "kilometers_per_hour": "37209.5896768164", "miles_per_hour": "23120.5919855752"}, "miss_distance": {"astronomical": "0.1870721629", "lunar": "72.7710723877", "kilometers": "27985596", "miles": "17389444"}, "orbiting_body": "Earth"}, {"close_approach_date": "2025-03-12", "epoch_date_close_approach": 1741762800000, "relative_velocity": {"kilometers_per_second": "15.6419957572", "kilometers_per_hour": "56311.184726046", "miles_per_hour": "34989.580309359"}, "miss_distance": {"astronomical": "0.1550931509", "lunar": "60.3312339783", "kilometers": "23201604", "miles": "14416809"}, "orbiting_body": "Earth"}, {"close_approach_date": "2033-03-27", "epoch_date_close_approach": 1995519600000, "relative_velocity": {"kilometers_per_second": "23.4276192832", "kilometers_per_hour": "84339.4294193947", "miles_per_hour": "52405.2415745122"}, "miss_distance": {"astronomical": "0.3631916397", "lunar": "141.281539917", "kilometers": "54332696", "miles": "33760772"}, "orbiting_body": "Earth"}, {"close_approach_date": "2059-10-20", "epoch_date_close_approach": 2833858800000, "relative_velocity": {"kilometers_per_second": "22.9219075842", "kilometers_per_hour": "82518.8673030674", "miles_per_hour": "51274.0150750643"}, "miss_distance": {"astronomical": "0.3160438139", "lunar": "122.9410476685", "kilometers": "47279484", "miles": "29378110"}, "orbiting_body": "Earth"}, {"close_approach_date": "2067-11-03", "epoch_date_close_approach": 3087529200000, "relative_velocity": {"kilometers_per_second": "16.1906760642", "kilometers_per_hour": "58286.4338312546", "miles_per_hour": "36216.9232880926"}, "miss_distance": {"astronomical": "0.0812274196", "lunar": "31.5974674225", "kilometers": "12151449", "miles": "7550560.5"}, "orbiting_body": "Earth"}, {"close_approach_date": "2075-11-20", "epoch_date_close_approach": 3341462400000, "relative_velocity": {"kilometers_per_second": "11.6214463613", "kilometers_per_hour": "41837.2069005713", "miles_per_hour": "25996.0133655244"}, "miss_distance": {"astronomical": "0.0864470114", "lunar": "33.6278877258", "kilometers": "12932288", "miles": "8035751.5"}, "orbiting_body": "Earth"}, {"close_approach_date": "2084-01-10", "epoch_date_close_approach": 3598329600000, "relative_velocity": {"kilometers_per_second": "11.0734146329", "kilometers_per_hour": "39864.2926783568", "miles_per_hour": "24770.1211922823"}, "miss_distance": {"astronomical": "0.2026445373", "lunar": "78.8287277222", "kilometers": "30315192", "miles": "18836988"}, "orbiting_body": "Earth"}, {"close_approach_date": "2092-03-04", "epoch_date_close_approach": 3855456000000, "relative_velocity": {"kilometers_per_second": "12.52629919", "kilometers_per_hour": "45094.6770841231", "miles_per_hour": "28020.0786581875"}, "miss_distance": {"astronomical": "0.1326650483", "lunar": "51.6067047119", "kilometers": "19846410", "miles": "12331987"}, "orbiting_body": "Earth"}, {"close_approach_date": "2100-03-21", "epoch_date_close_approach": 4109295600000, "relative_velocity": {"kilometers_per_second": "19.1441374484", "kilometers_per_hour": "68918.8948141187", "miles_per_hour": "42823.5210582506"}, "miss_distance": {"astronomical": "0.2313448891", "lunar": "89.9931640625", "kilometers": "34608704", "miles": "21504852"}, "orbiting_body": "Earth"}, {"close_approach_date": "2108-04-03", "epoch_date_close_approach": 4362879600000, "relative_velocity": {"kilometers_per_second": "26.4537652985", "kilometers_per_hour": "95233.5550747624", "miles_per_hour": "59174.4275963155"}, "miss_distance": {"astronomical": "0.4603822332", "lunar": "179.088684082", "kilometers": "68872200", "miles": "42795200"}, "orbiting_body": "Earth"}, {"close_approach_date": "2126-10-13", "epoch_date_close_approach": 4947548400000, "relative_velocity": {"kilometers_per_second": "27.6053679125", "kilometers_per_hour": "99379.3244848337", "miles_per_hour": "61750.4474833679"}, "miss_distance": {"astronomical": "0.4743124261", "lunar": "184.5075378418", "kilometers": "70956128", "miles": "44090096"}, "orbiting_body": "Earth"}, {"close_approach_date": "2127-03-17", "epoch_date_close_approach": 4960940400000, "relative_velocity": {"kilometers_per_second": "15.784920865", "kilometers_per_hour": "56825.7151140954", "miles_per_hour": "35309.2894829778"}, "miss_distance": {"astronomical": "0.0748065295", "lunar": "29.0997390747", "kilometers": "11190897", "miles": "6953701"}, "orbiting_body": "Mars"}, {"close_approach_date": "2134-10-26", "epoch_date_close_approach": 5201132400000, "relative_velocity": {"kilometers_per_second": "20.4889730811", "kilometers_per_hour": "73760.303091951", "miles_per_hour": "45831.783885107"}, "miss_distance": {"astronomical": "0.2325008256", "lunar": "90.442817688", "kilometers": "34781628", "miles": "21612302"}, "orbiting_body": "Earth"}, {"close_approach_date": "2142-11-12", "epoch_date_close_approach": 5455065600000, "relative_velocity": {"kilometers_per_second": "13.5584691003", "kilometers_per_hour": "48810.4887611221", "miles_per_hour": "30328.9395304872"}, "miss_distance": {"astronomical": "0.0199372922", "lunar": "7.7556066513", "kilometers": "2982576.5", "miles": "1853287.125"}, "orbiting_body": "Earth"}, {"close_approach_date": "2151-01-06", "epoch_date_close_approach": 5712278400000, "relative_velocity": {"kilometers_per_second": "11.2013702225", "kilometers_per_hour": "40324.9328011195", "miles_per_hour": "25056.3450507845"}, "miss_distance": {"astronomical": "0.2025684318", "lunar": "78.799118042", "kilometers": "30303806", "miles": "18829912"}, "orbiting_body": "Earth"}, {"close_approach_date": "2159-03-08", "epoch_date_close_approach": 5970009600000, "relative_velocity": {"kilometers_per_second": "12.9365473996", "kilometers_per_hour": "46571.5706384815", "miles_per_hour": "28937.7628781165"}, "miss_distance": {"astronomical": "0.1268676674", "lunar": "49.3515205383", "kilometers": "18979132", "miles": "11793086"}, "orbiting_body": "Earth"}, {"close_approach_date": "2167-03-29", "epoch_date_close_approach": 6224281200000, "relative_velocity": {"kilometers_per_second": "22.7053516181", "kilometers_per_hour": "81739.2658251715", "miles_per_hour": "50789.6010345351"}, "miss_distance": {"astronomical": "0.3365897182", "lunar": "130.9333953857", "kilometers": "50353108", "miles": "31287970"}, "orbiting_body": "Earth"}, {"close_approach_date": "2185-10-14", "epoch_date_close_approach": 6809554800000, "relative_velocity": {"kilometers_per_second": "26.9426831837", "kilometers_per_hour": "96993.6594613801", "miles_per_hour": "60268.0880136559"}, "miss_distance": {"astronomical": "0.4514157813", "lunar": "175.6007385254", "kilometers": "67530840", "miles": "41961720"}, "orbiting_body": "Earth"}, {"close_approach_date": "2193-11-02", "epoch_date_close_approach": 7063657200000, "relative_velocity": {"kilometers_per_second": "17.1794165002", "kilometers_per_hour": "61845.8994006145", "miles_per_hour": "38428.6367692318"}, "miss_distance": {"astronomical": "0.119453339", "lunar": "46.4673500061", "kilometers": "17869966", "miles": "11103882"}, "orbiting_body": "Earth"}], "orbital_data": {"orbit_id": "44", "orbit_determination_date": "2017-06-12 13:23:06", "orbit_uncertainty": "0", "minimum_orbit_intersection": ".00817372", "jupiter_tisserand_invariant": "3.684", "epoch_osculation": "2458000.5", "eccentricity": ".5725562376512182", "semi_major_axis": "1.928440959501726", "inclination": "8.923621842193123", "ascending_node_longitude": "224.1718260314488", "orbital_period": "978.1556045624105", "perihelion_distance": ".8243000591969126", "perihelion_argument": "240.5753523087322", "aphelion_distance": "3.03258185980654", "perihelion_time": "2457767.314391777014", "mean_anomaly": "85.82153858621461", "mean_motion": ".3680396026162425", "equinox": "J2000"}}