{"links": {"self": "https://api.nasa.gov/neo/rest/v1/neo/2496901?api_key=stjNMXvPIBN6FqEBpH6hQbWAtFDv0RARRez0p7z1"}, "neo_reference_id": "2496901", "name": "496901 (2001 HB)", "nasa_jpl_url": "http://ssd.jpl.nasa.gov/sbdb.cgi?sstr=2496901", "absolute_magnitude_h": 20.4, "estimated_diameter": {"kilometers": {"estimated_diameter_min": 0.2210828104, "estimated_diameter_max": 0.4943561926}, "meters": {"estimated_diameter_min": 221.0828103591, "estimated_diameter_max": 494.3561926196}, "miles": {"estimated_diameter_min": 0.137374447, "estimated_diameter_max": 0.3071786018}, "feet": {"estimated_diameter_min": 725.3373275385, "estimated_diameter_max": 1621.9035709942}}, "is_potentially_hazardous_asteroid": true, "close_approach_data": [{"close_approach_date": "1900-04-20", "epoch_date_close_approach": -2199542400000, "relative_velocity": {"kilometers_per_second": "36.5837517631", "kilometers_per_hour": "131701.5063471294", "miles_per_hour": "81834.1943188594"}, "miss_distance": {"astronomical": "0.4523398114", "lunar": "175.9601745605", "kilometers": "67669072", "miles": "42047612"}, "orbiting_body": "Earth"}, {"close_approach_date": "1901-07-27", "epoch_date_close_approach": -2159539200000, "relative_velocity": {"kilometers_per_second": "30.7544965422", "kilometers_per_hour": "110716.1875518055", "miles_per_hour": "68794.7333151761"}, "miss_distance": {"astronomical": "0.306990474", "lunar": "119.4192962646", "kilometers": "45925120", "miles": "28536548"}, "orbiting_body": "Earth"}, {"close_approach_date": "1904-07-30", "epoch_date_close_approach": -2064585600000, "relative_velocity": {"kilometers_per_second": "28.467996836", "kilometers_per_hour": "102484.7886096608", "miles_per_hour": "63680.0621224862"}, "miss_distance": {"astronomical": "0.2428778079", "lunar": "94.4794692993", "kilometers": "36334004", "miles": "22576904"}, "orbiting_body": "Earth"}, {"close_approach_date": "1906-02-19", "epoch_date_close_approach": -2015424000000, "relative_velocity": {"kilometers_per_second": "29.8682055602", "kilometers_per_hour": "107525.5400168712", "miles_per_hour": "66812.1890177053"}, "miss_distance": {"astronomical": "0.1493922406", "lunar": "58.1135826111", "kilometers": "22348762", "miles": "13886877"}, "orbiting_body": "Venus"}, {"close_approach_date": "1907-08-04", "epoch_date_close_approach": -1969545600000, "relative_velocity": {"kilometers_per_second": "26.1797601871", "kilometers_per_hour": "94247.1366735316", "miles_per_hour": "58561.5055625063"}, "miss_distance": {"astronomical": "0.1866623992", "lunar": "72.6116790771", "kilometers": "27924298", "miles": "17351354"}, "orbiting_body": "Earth"}, {"close_approach_date": "1910-08-07", "epoch_date_close_approach": -1874592000000, "relative_velocity": {"kilometers_per_second": "24.0154557192", "kilometers_per_hour": "86455.6405892604", "miles_per_hour": "53720.1728983657"}, "miss_distance": {"astronomical": "0.1509624932", "lunar": "58.724407196", "kilometers": "22583666", "miles": "14032840"}, "orbiting_body": "Earth"}, {"close_approach_date": "1913-08-10", "epoch_date_close_approach": -1779638400000, "relative_velocity": {"kilometers_per_second": "21.7843016512", "kilometers_per_hour": "78423.485944406", "miles_per_hour": "48729.3043636227"}, "miss_distance": {"astronomical": "0.1462053683", "lunar": "56.8738861084", "kilometers": "21872012", "miles": "13590638"}, "orbiting_body": "Earth"}, {"close_approach_date": "1916-08-14", "epoch_date_close_approach": -1684598400000, "relative_velocity": {"kilometers_per_second": "19.7051596332", "kilometers_per_hour": "70938.5746796366", "miles_per_hour": "44078.4715835776"}, "miss_distance": {"astronomical": "0.1755008562", "lunar": "68.2698287964", "kilometers": "26254554", "miles": "16313824"}, "orbiting_body": "Earth"}, {"close_approach_date": "1919-08-18", "epoch_date_close_approach": -1589648400000, "relative_velocity": {"kilometers_per_second": "17.5512080068", "kilometers_per_hour": "63184.3488245894", "miles_per_hour": "39260.2971904789"}, "miss_distance": {"astronomical": "0.2276549405", "lunar": "88.5577697754", "kilometers": "34056692", "miles": "21161848"}, "orbiting_body": "Earth"}, {"close_approach_date": "1919-09-11", "epoch_date_close_approach": -1587574800000, "relative_velocity": {"kilometers_per_second": "22.7787705238", "kilometers_per_hour": "82003.573885649", "miles_per_hour": "50953.831784669"}, "miss_distance": {"astronomical": "0.125788429", "lunar": "48.9317016602", "kilometers": "18817682", "miles": "11692766"}, "orbiting_body": "Venus"}, {"close_approach_date": "1922-08-22", "epoch_date_close_approach": -1494604800000, "relative_velocity": {"kilometers_per_second": "15.3766131347", "kilometers_per_hour": "55355.807284902", "miles_per_hour": "34395.9459209992"}, "miss_distance": {"astronomical": "0.2907739675", "lunar": "113.1110687256", "kilometers": "43499164", "miles": "27029128"}, "orbiting_body": "Earth"}, {"close_approach_date": "1925-08-31", "epoch_date_close_approach": -1399132800000, "relative_velocity": {"kilometers_per_second": "13.2228963438", "kilometers_per_hour": "47602.4268376775", "miles_per_hour": "29578.2968314447"}, "miss_distance": {"astronomical": "0.3621234386", "lunar": "140.8660125732", "kilometers": "54172896", "miles": "33661476"}, "orbiting_body": "Earth"}, {"close_approach_date": "1927-05-20", "epoch_date_close_approach": -1344960000000, "relative_velocity": {"kilometers_per_second": "24.2808658051", "kilometers_per_hour": "87411.116898265", "miles_per_hour": "54313.8687193691"}, "miss_distance": {"astronomical": "0.1005782791", "lunar": "39.1249504089", "kilometers": "15046296", "miles": "9349335"}, "orbiting_body": "Venus"}, {"close_approach_date": "1928-09-20", "epoch_date_close_approach": -1302710400000, "relative_velocity": {"kilometers_per_second": "15.5086960673", "kilometers_per_hour": "55831.3058424571", "miles_per_hour": "34691.4022330534"}, "miss_distance": {"astronomical": "0.423657326", "lunar": "164.8027038574", "kilometers": "63378236", "miles": "39381408"}, "orbiting_body": "Earth"}, {"close_approach_date": "1931-10-04", "epoch_date_close_approach": -1206892800000, "relative_velocity": {"kilometers_per_second": "18.809129715", "kilometers_per_hour": "67712.8669739215", "miles_per_hour": "42074.1422594347"}, "miss_distance": {"astronomical": "0.4681865709", "lunar": "182.1245727539", "kilometers": "70039712", "miles": "43520660"}, "orbiting_body": "Earth"}, {"close_approach_date": "1949-10-28", "epoch_date_close_approach": -636739200000, "relative_velocity": {"kilometers_per_second": "26.3659137538", "kilometers_per_hour": "94917.2895137268", "miles_per_hour": "58977.9124759043"}, "miss_distance": {"astronomical": "0.1143523467", "lunar": "44.4830627441", "kilometers": "17106868", "miles": "10629715"}, "orbiting_body": "Venus"}, {"close_approach_date": "1957-07-08", "epoch_date_close_approach": -393958800000, "relative_velocity": {"kilometers_per_second": "20.8112987266", "kilometers_per_hour": "74920.6754157427", "miles_per_hour": "46552.7941215208"}, "miss_distance": {"astronomical": "0.1351001102", "lunar": "52.553943634", "kilometers": "20210690", "miles": "12558340"}, "orbiting_body": "Venus"}, {"close_approach_date": "1971-01-28", "epoch_date_close_approach": 33897600000, "relative_velocity": {"kilometers_per_second": "29.893465353", "kilometers_per_hour": "107616.475270746", "miles_per_hour": "66868.6926480922"}, "miss_distance": {"astronomical": "0.135438135", "lunar": "52.6854324341", "kilometers": "20261256", "miles": "12589761"}, "orbiting_body": "Venus"}, {"close_approach_date": "1977-01-27", "epoch_date_close_approach": 223200000000, "relative_velocity": {"kilometers_per_second": "19.8565340961", "kilometers_per_hour": "71483.5227460072", "miles_per_hour": "44417.0811195954"}, "miss_distance": {"astronomical": "0.4978152803", "lunar": "193.6501464844", "kilometers": "74472104", "miles": "46274820"}, "orbiting_body": "Earth"}, {"close_approach_date": "1979-12-17", "epoch_date_close_approach": 314265600000, "relative_velocity": {"kilometers_per_second": "29.9725722267", "kilometers_per_hour": "107901.2600160581", "miles_per_hour": "67045.6468138668"}, "miss_distance": {"astronomical": "0.1493145338", "lunar": "58.08335495", "kilometers": "22337138", "miles": "13879653"}, "orbiting_body": "Venus"}, {"close_approach_date": "1980-02-09", "epoch_date_close_approach": 318931200000, "relative_velocity": {"kilometers_per_second": "15.940875767", "kilometers_per_hour": "57387.152761223", "miles_per_hour": "35658.1450032166"}, "miss_distance": {"astronomical": "0.4570515725", "lunar": "177.7930603027", "kilometers": "68373944", "miles": "42485600"}, "orbiting_body": "Earth"}, {"close_approach_date": "1980-03-27", "epoch_date_close_approach": 322992000000, "relative_velocity": {"kilometers_per_second": "12.8814894978", "kilometers_per_hour": "46373.3621919212", "miles_per_hour": "28814.6038575302"}, "miss_distance": {"astronomical": "0.4588899455", "lunar": "178.5081787109", "kilometers": "68648960", "miles": "42656484"}, "orbiting_body": "Earth"}, {"close_approach_date": "1983-03-23", "epoch_date_close_approach": 417254400000, "relative_velocity": {"kilometers_per_second": "13.1516567199", "kilometers_per_hour": "47345.9641917563", "miles_per_hour": "29418.9409168166"}, "miss_distance": {"astronomical": "0.3855054286", "lunar": "149.9616088867", "kilometers": "57670792", "miles": "35834968"}, "orbiting_body": "Earth"}, {"close_approach_date": "1986-03-22", "epoch_date_close_approach": 511862400000, "relative_velocity": {"kilometers_per_second": "14.4789171681", "kilometers_per_hour": "52124.1018050563", "miles_per_hour": "32387.8898132585"}, "miss_distance": {"astronomical": "0.3056385394", "lunar": "118.8933944702", "kilometers": "45722876", "miles": "28410878"}, "orbiting_body": "Earth"}, {"close_approach_date": "1989-03-23", "epoch_date_close_approach": 606643200000, "relative_velocity": {"kilometers_per_second": "16.3424648776", "kilometers_per_hour": "58832.8735593028", "miles_per_hour": "36556.4596846679"}, "miss_distance": {"astronomical": "0.2296260738", "lunar": "89.3245391846", "kilometers": "34351572", "miles": "21345078"}, "orbiting_body": "Earth"}, {"close_approach_date": "1992-03-25", "epoch_date_close_approach": 701510400000, "relative_velocity": {"kilometers_per_second": "18.3689717114", "kilometers_per_hour": "66128.2981610742", "miles_per_hour": "41089.5528212519"}, "miss_distance": {"astronomical": "0.1543480956", "lunar": "60.0414085388", "kilometers": "23090146", "miles": "14347551"}, "orbiting_body": "Earth"}, {"close_approach_date": "1993-07-08", "epoch_date_close_approach": 742114800000, "relative_velocity": {"kilometers_per_second": "22.8121593892", "kilometers_per_hour": "82123.7738012968", "miles_per_hour": "51028.5193378113"}, "miss_distance": {"astronomical": "0.1239530087", "lunar": "48.2177200317", "kilometers": "18543106", "miles": "11522152"}, "orbiting_body": "Venus"}, {"close_approach_date": "1995-03-29", "epoch_date_close_approach": 796464000000, "relative_velocity": {"kilometers_per_second": "20.364980508", "kilometers_per_hour": "73313.9298288464", "miles_per_hour": "45554.4248983741"}, "miss_distance": {"astronomical": "0.08477317", "lunar": "32.9767608643", "kilometers": "12681886", "miles": "7880158.5"}, "orbiting_body": "Earth"}, {"close_approach_date": "1998-03-31", "epoch_date_close_approach": 891331200000, "relative_velocity": {"kilometers_per_second": "22.3015226879", "kilometers_per_hour": "80285.4816765811", "miles_per_hour": "49886.2761006512"}, "miss_distance": {"astronomical": "0.0217121669", "lunar": "8.4460334778", "kilometers": "3248094", "miles": "2018272"}, "orbiting_body": "Earth"}, {"close_approach_date": "2001-03-14", "epoch_date_close_approach": 984556800000, "relative_velocity": {"kilometers_per_second": "21.4461267232", "kilometers_per_hour": "77206.0562036622", "miles_per_hour": "47972.8408672144"}, "miss_distance": {"astronomical": "0.1258211243", "lunar": "48.9444198608", "kilometers": "18822574", "miles": "11695805"}, "orbiting_body": "Venus"}, {"close_approach_date": "2001-04-02", "epoch_date_close_approach": 986194800000, "relative_velocity": {"kilometers_per_second": "23.6592522796", "kilometers_per_hour": "85173.3082066338", "miles_per_hour": "52923.3814242831"}, "miss_distance": {"astronomical": "0.0327571637", "lunar": "12.7425365448", "kilometers": "4900402", "miles": "3044968.5"}, "orbiting_body": "Earth"}, {"close_approach_date": "2004-04-04", "epoch_date_close_approach": 1081065600000, "relative_velocity": {"kilometers_per_second": "25.4792191043", "kilometers_per_hour": "91725.1887754512", "miles_per_hour": "56994.4652143908"}, "miss_distance": {"astronomical": "0.0929970131", "lunar": "36.1758384705", "kilometers": "13912155", "miles": "8644613"}, "orbiting_body": "Earth"}, {"close_approach_date": "2007-04-08", "epoch_date_close_approach": 1176015600000, "relative_velocity": {"kilometers_per_second": "27.4466707383", "kilometers_per_hour": "98808.0146578771", "miles_per_hour": "61395.4577745015"}, "miss_distance": {"astronomical": "0.1579618581", "lunar": "61.4471626282", "kilometers": "23630758", "miles": "14683472"}, "orbiting_body": "Earth"}, {"close_approach_date": "2010-04-11", "epoch_date_close_approach": 1270969200000, "relative_velocity": {"kilometers_per_second": "29.618997221", "kilometers_per_hour": "106628.3899955111", "miles_per_hour": "66254.7348835997"}, "miss_distance": {"astronomical": "0.229524754", "lunar": "89.2851333618", "kilometers": "34336416", "miles": "21335660"}, "orbiting_body": "Earth"}, {"close_approach_date": "2013-04-14", "epoch_date_close_approach": 1365922800000, "relative_velocity": {"kilometers_per_second": "31.7725396538", "kilometers_per_hour": "114381.1427536077", "miles_per_hour": "71071.9939515403"}, "miss_distance": {"astronomical": "0.2986380989", "lunar": "116.1702194214", "kilometers": "44675624", "miles": "27760146"}, "orbiting_body": "Earth"}, {"close_approach_date": "2014-07-20", "epoch_date_close_approach": 1405839600000, "relative_velocity": {"kilometers_per_second": "35.6555621562", "kilometers_per_hour": "128360.0237622099", "miles_per_hour": "79757.9269871353"}, "miss_distance": {"astronomical": "0.4502230292", "lunar": "175.1367645264", "kilometers": "67352408", "miles": "41850844"}, "orbiting_body": "Earth"}, {"close_approach_date": "2014-10-01", "epoch_date_close_approach": 1412146800000, "relative_velocity": {"kilometers_per_second": "27.495174276", "kilometers_per_hour": "98982.6273935694", "miles_per_hour": "61503.9553379654"}, "miss_distance": {"astronomical": "0.1058159196", "lunar": "41.1623916626", "kilometers": "15829836", "miles": "9836204"}, "orbiting_body": "Venus"}, {"close_approach_date": "2016-04-17", "epoch_date_close_approach": 1460876400000, "relative_velocity": {"kilometers_per_second": "34.0020031258", "kilometers_per_hour": "122407.2112527922", "miles_per_hour": "76059.0807920474"}, "miss_distance": {"astronomical": "0.3704644427", "lunar": "144.1106719971", "kilometers": "55420692", "miles": "34436820"}, "orbiting_body": "Earth"}, {"close_approach_date": "2017-07-23", "epoch_date_close_approach": 1500793200000, "relative_velocity": {"kilometers_per_second": "33.4668621896", "kilometers_per_hour": "120480.7038826187", "miles_per_hour": "74862.0240319527"}, "miss_distance": {"astronomical": "0.3849047045", "lunar": "149.727935791", "kilometers": "57580924", "miles": "35779128"}, "orbiting_body": "Earth"}, {"close_approach_date": "2019-04-21", "epoch_date_close_approach": 1555830000000, "relative_velocity": {"kilometers_per_second": "36.2352653922", "kilometers_per_hour": "130446.9554119182", "miles_per_hour": "81054.6651558111"}, "miss_distance": {"astronomical": "0.4408744228", "lunar": "171.5001525879", "kilometers": "65953876", "miles": "40981840"}, "orbiting_body": "Earth"}, {"close_approach_date": "2020-07-27", "epoch_date_close_approach": 1595833200000, "relative_velocity": {"kilometers_per_second": "31.1914736919", "kilometers_per_hour": "112289.3052907061", "miles_per_hour": "69772.2075013279"}, "miss_distance": {"astronomical": "0.3179669363", "lunar": "123.6891403198", "kilometers": "47567176", "miles": "29556874"}, "orbiting_body": "Earth"}, {"close_approach_date": "2023-07-31", "epoch_date_close_approach": 1690786800000, "relative_velocity": {"kilometers_per_second": "29.0126123938", "kilometers_per_hour": "104445.4046175493", "miles_per_hour": "64898.31266361"}, "miss_distance": {"astronomical": "0.2557222926", "lunar": "99.4759674072", "kilometers": "38255508", "miles": "23770872"}, "orbiting_body": "Earth"}, {"close_approach_date": "2026-08-03", "epoch_date_close_approach": 1785740400000, "relative_velocity": {"kilometers_per_second": "26.8911968854", "kilometers_per_hour": "96808.3087872956", "miles_per_hour": "60152.9183128616"}, "miss_distance": {"astronomical": "0.2002127939", "lunar": "77.882774353", "kilometers": "29951408", "miles": "18610942"}, "orbiting_body": "Earth"}, {"close_approach_date": "2029-08-06", "epoch_date_close_approach": 1880694000000, "relative_velocity": {"kilometers_per_second": "24.8306783726", "kilometers_per_hour": "89390.4421414457", "miles_per_hour": "55543.7444517222"}, "miss_distance": {"astronomical": "0.1584173892", "lunar": "61.6243629456", "kilometers": "23698904", "miles": "14725816"}, "orbiting_body": "Earth"}, {"close_approach_date": "2032-08-09", "epoch_date_close_approach": 1975647600000, "relative_velocity": {"kilometers_per_second": "22.7128351613", "kilometers_per_hour": "81766.2065806019", "miles_per_hour": "50806.3409722634"}, "miss_distance": {"astronomical": "0.1400380213", "lunar": "54.4747924805", "kilometers": "20949392", "miles": "13017348"}, "orbiting_body": "Earth"}, {"close_approach_date": "2035-08-13", "epoch_date_close_approach": 2070601200000, "relative_velocity": {"kilometers_per_second": "20.7169449192", "kilometers_per_hour": "74581.0017092514", "miles_per_hour": "46341.7340898401"}, "miss_distance": {"astronomical": "0.1550781879", "lunar": "60.3254165649", "kilometers": "23199366", "miles": "14415418"}, "orbiting_body": "Earth"}, {"close_approach_date": "2037-03-07", "epoch_date_close_approach": 2120025600000, "relative_velocity": {"kilometers_per_second": "26.9606194002", "kilometers_per_hour": "97058.2298406944", "miles_per_hour": "60308.2095362915"}, "miss_distance": {"astronomical": "0.1154907316", "lunar": "44.9258956909", "kilometers": "17277168", "miles": "10735535"}, "orbiting_body": "Venus"}, {"close_approach_date": "2038-08-17", "epoch_date_close_approach": 2165641200000, "relative_velocity": {"kilometers_per_second": "18.7193193586", "kilometers_per_hour": "67389.5496908243", "miles_per_hour": "41873.245473168"}, "miss_distance": {"astronomical": "0.1953610099", "lunar": "75.9954299927", "kilometers": "29225590", "miles": "18159940"}, "orbiting_body": "Earth"}, {"close_approach_date": "2041-08-20", "epoch_date_close_approach": 2260594800000, "relative_velocity": {"kilometers_per_second": "16.758501249", "kilometers_per_hour": "60330.6044965195", "miles_per_hour": "37487.0914439624"}, "miss_distance": {"astronomical": "0.2486225932", "lunar": "96.7141876221", "kilometers": "37193412", "miles": "23110914"}, "orbiting_body": "Earth"}, {"close_approach_date": "2044-08-25", "epoch_date_close_approach": 2355721200000, "relative_velocity": {"kilometers_per_second": "14.6621177954", "kilometers_per_hour": "52783.6240632953", "miles_per_hour": "32797.6912964403"}, "miss_distance": {"astronomical": "0.3118448658", "lunar": "121.3076477051", "kilometers": "46651328", "miles": "28987790"}, "orbiting_body": "Earth"}, {"close_approach_date": "2047-09-05", "epoch_date_close_approach": 2451279600000, "relative_velocity": {"kilometers_per_second": "13.0587930944", "kilometers_per_hour": "47011.6551397036", "miles_per_hour": "29211.2142727786"}, "miss_distance": {"astronomical": "0.3762916803", "lunar": "146.3774719238", "kilometers": "56292436", "miles": "34978500"}, "orbiting_body": "Earth"}, {"close_approach_date": "2050-09-24", "epoch_date_close_approach": 2547615600000, "relative_velocity": {"kilometers_per_second": "15.9157322655", "kilometers_per_hour": "57296.6361556769", "miles_per_hour": "35601.9015046205"}, "miss_distance": {"astronomical": "0.4301368528", "lunar": "167.3232421875", "kilometers": "64347560", "miles": "39983720"}, "orbiting_body": "Earth"}, {"close_approach_date": "2050-09-27", "epoch_date_close_approach": 2547874800000, "relative_velocity": {"kilometers_per_second": "21.1012718645", "kilometers_per_hour": "75964.5787122587", "miles_per_hour": "47201.4350337365"}, "miss_distance": {"astronomical": "0.1453016428", "lunar": "56.5223388672", "kilometers": "21736816", "miles": "13506631"}, "orbiting_body": "Venus"}, {"close_approach_date": "2053-10-05", "epoch_date_close_approach": 2643260400000, "relative_velocity": {"kilometers_per_second": "18.8985738008", "kilometers_per_hour": "68034.865682875", "miles_per_hour": "42274.2197350064"}, "miss_distance": {"astronomical": "0.4700242974", "lunar": "182.8394470215", "kilometers": "70314632", "miles": "43691488"}, "orbiting_body": "Earth"}, {"close_approach_date": "2058-06-04", "epoch_date_close_approach": 2790399600000, "relative_velocity": {"kilometers_per_second": "25.8279230387", "kilometers_per_hour": "92980.5229392408", "miles_per_hour": "57774.4810452188"}, "miss_distance": {"astronomical": "0.0950302808", "lunar": "36.9667778015", "kilometers": "14216327", "miles": "8833616"}, "orbiting_body": "Venus"}, {"close_approach_date": "2080-11-11", "epoch_date_close_approach": 3498537600000, "relative_velocity": {"kilometers_per_second": "26.496024617", "kilometers_per_hour": "95385.6886211975", "miles_per_hour": "59268.9574657657"}, "miss_distance": {"astronomical": "0.1116136286", "lunar": "43.4177017212", "kilometers": "16697162", "miles": "10375135"}, "orbiting_body": "Venus"}, {"close_approach_date": "2088-07-21", "epoch_date_close_approach": 3741231600000, "relative_velocity": {"kilometers_per_second": "20.0254436158", "kilometers_per_hour": "72091.5970170388", "miles_per_hour": "44794.9148242817"}, "miss_distance": {"astronomical": "0.1447764647", "lunar": "56.3180427551", "kilometers": "21658250", "miles": "13457813"}, "orbiting_body": "Venus"}, {"close_approach_date": "2102-01-31", "epoch_date_close_approach": 4168137600000, "relative_velocity": {"kilometers_per_second": "19.4437595526", "kilometers_per_hour": "69997.5343892092", "miles_per_hour": "43493.7457431172"}, "miss_distance": {"astronomical": "0.4932466009", "lunar": "191.8729400635", "kilometers": "73788640", "miles": "45850136"}, "orbiting_body": "Earth"}, {"close_approach_date": "2102-02-10", "epoch_date_close_approach": 4169001600000, "relative_velocity": {"kilometers_per_second": "27.8717874233", "kilometers_per_hour": "100338.4347237522", "miles_per_hour": "62346.4012871004"}, "miss_distance": {"astronomical": "0.1067474103", "lunar": "41.5247421265", "kilometers": "15969186", "miles": "9922792"}, "orbiting_body": "Venus"}, {"close_approach_date": "2105-02-11", "epoch_date_close_approach": 4263782400000, "relative_velocity": {"kilometers_per_second": "15.5380443725", "kilometers_per_hour": "55936.9597411217", "miles_per_hour": "34757.0514569209"}, "miss_distance": {"astronomical": "0.4523331255", "lunar": "175.9575805664", "kilometers": "67668072", "miles": "42046992"}, "orbiting_body": "Earth"}, {"close_approach_date": "2105-03-28", "epoch_date_close_approach": 4267666800000, "relative_velocity": {"kilometers_per_second": "12.8249394", "kilometers_per_hour": "46169.7818399222", "miles_per_hour": "28688.1069438117"}, "miss_distance": {"astronomical": "0.4526892353", "lunar": "176.0961151123", "kilometers": "67721344", "miles": "42080092"}, "orbiting_body": "Earth"}, {"close_approach_date": "2108-03-24", "epoch_date_close_approach": 4362015600000, "relative_velocity": {"kilometers_per_second": "13.1651491577", "kilometers_per_hour": "47394.5369675645", "miles_per_hour": "29449.1221507625"}, "miss_distance": {"astronomical": "0.3798185803", "lunar": "147.7494354248", "kilometers": "56820052", "miles": "35306344"}, "orbiting_body": "Earth"}, {"close_approach_date": "2111-03-24", "epoch_date_close_approach": 4456623600000, "relative_velocity": {"kilometers_per_second": "14.504228784", "kilometers_per_hour": "52215.2236224918", "miles_per_hour": "32444.5093669866"}, "miss_distance": {"astronomical": "0.3035268553", "lunar": "118.0719451904", "kilometers": "45406972", "miles": "28214584"}, "orbiting_body": "Earth"}, {"close_approach_date": "2114-03-25", "epoch_date_close_approach": 4551404400000, "relative_velocity": {"kilometers_per_second": "16.2919393423", "kilometers_per_hour": "58650.981632312", "miles_per_hour": "36443.4391148108"}, "miss_distance": {"astronomical": "0.2313826223", "lunar": "90.0078430176", "kilometers": "34614348", "miles": "21508358"}, "orbiting_body": "Earth"}, {"close_approach_date": "2117-03-27", "epoch_date_close_approach": 4646271600000, "relative_velocity": {"kilometers_per_second": "18.2606438655", "kilometers_per_hour": "65738.3179159048", "miles_per_hour": "40847.234262802"}, "miss_distance": {"astronomical": "0.1581565709", "lunar": "61.5229072571", "kilometers": "23659886", "miles": "14701572"}, "orbiting_body": "Earth"}, {"close_approach_date": "2120-03-29", "epoch_date_close_approach": 4741138800000, "relative_velocity": {"kilometers_per_second": "20.2097985532", "kilometers_per_hour": "72755.274791651", "miles_per_hour": "45207.2983837345"}, "miss_distance": {"astronomical": "0.0898233956", "lunar": "34.9412994385", "kilometers": "13437389", "miles": "8349606.5"}, "orbiting_body": "Earth"}, {"close_approach_date": "2123-04-02", "epoch_date_close_approach": 4836092400000, "relative_velocity": {"kilometers_per_second": "22.0337871686", "kilometers_per_hour": "79321.6338071328", "miles_per_hour": "49287.3785175487"}, "miss_distance": {"astronomical": "0.0275951494", "lunar": "10.7345132828", "kilometers": "4128175.5", "miles": "2565129.5"}, "orbiting_body": "Earth"}, {"close_approach_date": "2124-07-16", "epoch_date_close_approach": 4876786800000, "relative_velocity": {"kilometers_per_second": "28.0011349127", "kilometers_per_hour": "100804.0856857549", "miles_per_hour": "62635.7386862403"}, "miss_distance": {"astronomical": "0.1222207921", "lunar": "47.543888092", "kilometers": "18283970", "miles": "11361132"}, "orbiting_body": "Venus"}, {"close_approach_date": "2126-04-03", "epoch_date_close_approach": 4930873200000, "relative_velocity": {"kilometers_per_second": "23.2845800848", "kilometers_per_hour": "83824.4883052112", "miles_per_hour": "52085.2771916464"}, "miss_distance": {"astronomical": "0.0187231403", "lunar": "7.2833013535", "kilometers": "2800941.75", "miles": "1740424.625"}, "orbiting_body": "Earth"}, {"close_approach_date": "2129-04-06", "epoch_date_close_approach": 5025826800000, "relative_velocity": {"kilometers_per_second": "25.3250426828", "kilometers_per_hour": "91170.1536579032", "miles_per_hour": "56649.5879770455"}, "miss_distance": {"astronomical": "0.0870715405", "lunar": "33.8708267212", "kilometers": "13025717", "miles": "8093805"}, "orbiting_body": "Earth"}, {"close_approach_date": "2132-04-09", "epoch_date_close_approach": 5120780400000, "relative_velocity": {"kilometers_per_second": "27.585427511", "kilometers_per_hour": "99307.5390395107", "miles_per_hour": "61705.8427993004"}, "miss_distance": {"astronomical": "0.1620424531", "lunar": "63.0345153809", "kilometers": "24241206", "miles": "15062787"}, "orbiting_body": "Earth"}, {"close_approach_date": "2135-04-13", "epoch_date_close_approach": 5215734000000, "relative_velocity": {"kilometers_per_second": "29.9153541269", "kilometers_per_hour": "107695.2748570186", "miles_per_hour": "66917.6556465736"}, "miss_distance": {"astronomical": "0.2383721539", "lunar": "92.7267684937", "kilometers": "35659964", "miles": "22158076"}, "orbiting_body": "Earth"}, {"close_approach_date": "2138-02-04", "epoch_date_close_approach": 5304556800000, "relative_velocity": {"kilometers_per_second": "21.7907993938", "kilometers_per_hour": "78446.8778176613", "miles_per_hour": "48743.8391639796"}, "miss_distance": {"astronomical": "0.1335230854", "lunar": "51.9404830933", "kilometers": "19974770", "miles": "12411747"}, "orbiting_body": "Venus"}, {"close_approach_date": "2138-04-17", "epoch_date_close_approach": 5310774000000, "relative_velocity": {"kilometers_per_second": "32.2900719677", "kilometers_per_hour": "116244.259083688", "miles_per_hour": "72229.6619845282"}, "miss_distance": {"astronomical": "0.3145954179", "lunar": "122.3776245117", "kilometers": "47062808", "miles": "29243472"}, "orbiting_body": "Earth"}, {"close_approach_date": "2139-07-23", "epoch_date_close_approach": 5350690800000, "relative_velocity": {"kilometers_per_second": "35.0595964485", "kilometers_per_hour": "126214.5472146137", "miles_per_hour": "78424.8112956581"}, "miss_distance": {"astronomical": "0.4310198809", "lunar": "167.6667327881", "kilometers": "64479656", "miles": "40065800"}, "orbiting_body": "Earth"}, {"close_approach_date": "2141-04-20", "epoch_date_close_approach": 5405727600000, "relative_velocity": {"kilometers_per_second": "34.6807576354", "kilometers_per_hour": "124850.7274873143", "miles_per_hour": "77577.3867545482"}, "miss_distance": {"astronomical": "0.3917826444", "lunar": "152.4034423828", "kilometers": "58609848", "miles": "36418472"}, "orbiting_body": "Earth"}, {"close_approach_date": "2142-07-27", "epoch_date_close_approach": 5445730800000, "relative_velocity": {"kilometers_per_second": "32.7189687286", "kilometers_per_hour": "117788.2874228315", "miles_per_hour": "73189.0611489255"}, "miss_distance": {"astronomical": "0.3610901596", "lunar": "140.4640655518", "kilometers": "54018320", "miles": "33565428"}, "orbiting_body": "Earth"}, {"close_approach_date": "2144-04-23", "epoch_date_close_approach": 5500681200000, "relative_velocity": {"kilometers_per_second": "37.06075356", "kilometers_per_hour": "133418.7128158308", "miles_per_hour": "82901.1996382589"}, "miss_distance": {"astronomical": "0.4665386088", "lunar": "181.4835205078", "kilometers": "69793184", "miles": "43367472"}, "orbiting_body": "Earth"}, {"close_approach_date": "2145-07-30", "epoch_date_close_approach": 5540684400000, "relative_velocity": {"kilometers_per_second": "30.3690587619", "kilometers_per_hour": "109328.6115427518", "miles_per_hour": "67932.5475444393"}, "miss_distance": {"astronomical": "0.2921249473", "lunar": "113.6366119385", "kilometers": "43701272", "miles": "27154712"}, "orbiting_body": "Earth"}, {"close_approach_date": "2145-10-14", "epoch_date_close_approach": 5547250800000, "relative_velocity": {"kilometers_per_second": "25.8161853366", "kilometers_per_hour": "92938.2672118943", "miles_per_hour": "57748.224979524"}, "miss_distance": {"astronomical": "0.0925335706", "lunar": "35.9955596924", "kilometers": "13842826", "miles": "8601533"}, "orbiting_body": "Venus"}, {"close_approach_date": "2148-08-03", "epoch_date_close_approach": 5635724400000, "relative_velocity": {"kilometers_per_second": "28.0504058089", "kilometers_per_hour": "100981.4609119766", "miles_per_hour": "62745.952753889"}, "miss_distance": {"astronomical": "0.2269412181", "lunar": "88.280128479", "kilometers": "33949924", "miles": "21095504"}, "orbiting_body": "Earth"}, {"close_approach_date": "2151-08-07", "epoch_date_close_approach": 5730678000000, "relative_velocity": {"kilometers_per_second": "25.7168822108", "kilometers_per_hour": "92580.7759589311", "miles_per_hour": "57526.0938173703"}, "miss_distance": {"astronomical": "0.1710980369", "lunar": "66.5571365356", "kilometers": "25595902", "miles": "15904556"}, "orbiting_body": "Earth"}, {"close_approach_date": "2154-08-11", "epoch_date_close_approach": 5825718000000, "relative_velocity": {"kilometers_per_second": "23.4523269331", "kilometers_per_hour": "84428.3769591614", "miles_per_hour": "52460.5101166523"}, "miss_distance": {"astronomical": "0.1391850423", "lunar": "54.1429824829", "kilometers": "20821786", "miles": "12938058"}, "orbiting_body": "Earth"}, {"close_approach_date": "2157-08-14", "epoch_date_close_approach": 5920671600000, "relative_velocity": {"kilometers_per_second": "21.2784692485", "kilometers_per_hour": "76602.4892944229", "miles_per_hour": "47597.8078618596"}, "miss_distance": {"astronomical": "0.1445177973", "lunar": "56.2174224854", "kilometers": "21619554", "miles": "13433768"}, "orbiting_body": "Earth"}, {"close_approach_date": "2160-08-17", "epoch_date_close_approach": 6015625200000, "relative_velocity": {"kilometers_per_second": "19.1138549947", "kilometers_per_hour": "68809.8779810107", "miles_per_hour": "42755.7822377008"}, "miss_distance": {"astronomical": "0.1839570009", "lunar": "71.5592727661", "kilometers": "27519576", "miles": "17099872"}, "orbiting_body": "Earth"}, {"close_approach_date": "2163-08-22", "epoch_date_close_approach": 6110665200000, "relative_velocity": {"kilometers_per_second": "16.8633950358", "kilometers_per_hour": "60708.222128938", "miles_per_hour": "37721.728355617"}, "miss_distance": {"astronomical": "0.2438344352", "lunar": "94.8515930176", "kilometers": "36477112", "miles": "22665828"}, "orbiting_body": "Earth"}, {"close_approach_date": "2166-08-27", "epoch_date_close_approach": 6205791600000, "relative_velocity": {"kilometers_per_second": "14.6000001377", "kilometers_per_hour": "52560.0004957798", "miles_per_hour": "32658.7403080583"}, "miss_distance": {"astronomical": "0.3132251447", "lunar": "121.844581604", "kilometers": "46857816", "miles": "29116096"}, "orbiting_body": "Earth"}, {"close_approach_date": "2168-03-22", "epoch_date_close_approach": 6255298800000, "relative_velocity": {"kilometers_per_second": "26.4502016629", "kilometers_per_hour": "95220.7259862874", "miles_per_hour": "59166.4560996462"}, "miss_distance": {"astronomical": "0.109151299", "lunar": "42.459854126", "kilometers": "16328802", "miles": "10146247"}, "orbiting_body": "Venus"}, {"close_approach_date": "2169-09-10", "epoch_date_close_approach": 6301695600000, "relative_velocity": {"kilometers_per_second": "13.18041565", "kilometers_per_hour": "47449.4963400515", "miles_per_hour": "29483.271767517"}, "miss_distance": {"astronomical": "0.3847529807", "lunar": "149.6689147949", "kilometers": "57558228", "miles": "35765024"}, "orbiting_body": "Earth"}, {"close_approach_date": "2172-09-28", "epoch_date_close_approach": 6397945200000, "relative_velocity": {"kilometers_per_second": "16.6064756541", "kilometers_per_hour": "59783.3123547359", "miles_per_hour": "37147.0253906413"}, "miss_distance": {"astronomical": "0.4405235888", "lunar": "171.3636779785", "kilometers": "65901392", "miles": "40949228"}, "orbiting_body": "Earth"}, {"close_approach_date": "2175-10-10", "epoch_date_close_approach": 6493590000000, "relative_velocity": {"kilometers_per_second": "19.7573079647", "kilometers_per_hour": "71126.3086727569", "miles_per_hour": "44195.1221861361"}, "miss_distance": {"astronomical": "0.4810701959", "lunar": "187.1363067627", "kilometers": "71967080", "miles": "44718268"}, "orbiting_body": "Earth"}, {"close_approach_date": "2175-12-01", "epoch_date_close_approach": 6498086400000, "relative_velocity": {"kilometers_per_second": "20.5363852823", "kilometers_per_hour": "73930.987016402", "miles_per_hour": "45937.8402380527"}, "miss_distance": {"astronomical": "0.1352712502", "lunar": "52.6205177307", "kilometers": "20236292", "miles": "12574248"}, "orbiting_body": "Venus"}, {"close_approach_date": "2189-06-22", "epoch_date_close_approach": 6925935600000, "relative_velocity": {"kilometers_per_second": "29.739309032", "kilometers_per_hour": "107061.512515322", "miles_per_hour": "66523.8603737566"}, "miss_distance": {"astronomical": "0.1283316227", "lunar": "49.9209976196", "kilometers": "19198136", "miles": "11929169"}, "orbiting_body": "Venus"}, {"close_approach_date": "2191-03-08", "epoch_date_close_approach": 6979852800000, "relative_velocity": {"kilometers_per_second": "18.4487529713", "kilometers_per_hour": "66415.5106968053", "miles_per_hour": "41268.0155215788"}, "miss_distance": {"astronomical": "0.0981182868", "lunar": "38.1680145264", "kilometers": "14678287", "miles": "9120665"}, "orbiting_body": "Mars"}, {"close_approach_date": "2198-05-11", "epoch_date_close_approach": 7206303600000, "relative_velocity": {"kilometers_per_second": "29.5872132283", "kilometers_per_hour": "106513.9676220226", "miles_per_hour": "66183.6372704729"}, "miss_distance": {"astronomical": "0.1390612642", "lunar": "54.0948295593", "kilometers": "20803268", "miles": "12926552"}, "orbiting_body": "Venus"}], "orbital_data": {"orbit_id": "31", "orbit_determination_date": "2017-10-09 21:51:18", "orbit_uncertainty": "0", "minimum_orbit_intersection": ".013697", "jupiter_tisserand_invariant": "4.674", "epoch_osculation": "2458000.5", "eccentricity": ".6938934702307218", "semi_major_axis": "1.314019953013248", "inclination": "9.289064065773173", "ascending_node_longitude": "195.9385721107671", "orbital_period": "550.1756519237078", "perihelion_distance": ".4022300878644753", "perihelion_argument": "237.8475378085888", "aphelion_distance": "2.22580981816202", "perihelion_time": "2458002.264526387680", "mean_anomaly": "358.8454060128909", "mean_motion": ".6543364809788434", "equinox": "J2000"}}