{"links": {"self": "https://api.nasa.gov/neo/rest/v1/neo/3022972?api_key=stjNMXvPIBN6FqEBpH6hQbWAtFDv0RARRez0p7z1"}, "neo_reference_id": "3022972", "name": "(1999 TO13)", "nasa_jpl_url": "http://ssd.jpl.nasa.gov/sbdb.cgi?sstr=3022972", "absolute_magnitude_h": 21.4, "estimated_diameter": {"kilometers": {"estimated_diameter_min": 0.1394938229, "estimated_diameter_max": 0.3119176705}, "meters": {"estimated_diameter_min": 139.4938229344, "estimated_diameter_max": 311.9176705226}, "miles": {"estimated_diameter_min": 0.0866774163, "estimated_diameter_max": 0.1938165949}, "feet": {"estimated_diameter_min": 457.6569140361, "estimated_diameter_max": 1023.3519701574}}, "is_potentially_hazardous_asteroid": true, "close_approach_data": [{"close_approach_date": "1999-10-05", "epoch_date_close_approach": 939106800000, "relative_velocity": {"kilometers_per_second": "14.9501761844", "kilometers_per_hour": "53820.6342639422", "miles_per_hour": "33442.0491069479"}, "miss_distance": {"astronomical": "0.0314738249", "lunar": "12.2433185577", "kilometers": "4708417.5", "miles": "2925675"}, "orbiting_body": "Earth"}], "orbital_data": {"orbit_id": "23", "orbit_determination_date": "2017-04-06 09:17:17", "orbit_uncertainty": "8", "minimum_orbit_intersection": ".0306659", "jupiter_tisserand_invariant": "4.219", "epoch_osculation": "2451466.5", "eccentricity": ".4358096615893589", "semi_major_axis": "1.582958276870673", "inclination": "20.24694982703312", "ascending_node_longitude": "15.13623890202841", "orbital_period": "727.4491301217022", "perihelion_distance": ".8930897659175904", "perihelion_argument": "302.2273700530747", "aphelion_distance": "2.272826787823756", "perihelion_time": "2451414.027913009454", "mean_anomaly": "25.96738456946986", "mean_motion": ".4948799649258939", "equinox": "J2000"}}