{"links": {"self": "https://api.nasa.gov/neo/rest/v1/neo/3025766?api_key=stjNMXvPIBN6FqEBpH6hQbWAtFDv0RARRez0p7z1"}, "neo_reference_id": "3025766", "name": "(2000 AA6)", "nasa_jpl_url": "http://ssd.jpl.nasa.gov/sbdb.cgi?sstr=3025766", "absolute_magnitude_h": 22.1, "estimated_diameter": {"kilometers": {"estimated_diameter_min": 0.1010543415, "estimated_diameter_max": 0.2259643771}, "meters": {"estimated_diameter_min": 101.054341542, "estimated_diameter_max": 225.9643771094}, "miles": {"estimated_diameter_min": 0.0627922373, "estimated_diameter_max": 0.140407711}, "feet": {"estimated_diameter_min": 331.5431259047, "estimated_diameter_max": 741.3529669956}}, "is_potentially_hazardous_asteroid": true, "close_approach_data": [{"close_approach_date": "1902-04-16", "epoch_date_close_approach": -2136816000000, "relative_velocity": {"kilometers_per_second": "17.0544959309", "kilometers_per_hour": "61396.1853510794", "miles_per_hour": "38149.2019477304"}, "miss_distance": {"astronomical": "0.3870016947", "lunar": "150.5436553955", "kilometers": "57894628", "miles": "35974056"}, "orbiting_body": "Earth"}, {"close_approach_date": "1905-01-26", "epoch_date_close_approach": -2049033600000, "relative_velocity": {"kilometers_per_second": "10.2613126432", "kilometers_per_hour": "36940.7255156694", "miles_per_hour": "22953.5302516669"}, "miss_distance": {"astronomical": "0.1952876382", "lunar": "75.9668960571", "kilometers": "29214616", "miles": "18153120"}, "orbiting_body": "Earth"}, {"close_approach_date": "1907-12-29", "epoch_date_close_approach": -1956844800000, "relative_velocity": {"kilometers_per_second": "25.6939463039", "kilometers_per_hour": "92498.2066939543", "miles_per_hour": "57474.7884871407"}, "miss_distance": {"astronomical": "0.3149418218", "lunar": "122.5123672485", "kilometers": "47114628", "miles": "29275672"}, "orbiting_body": "Earth"}, {"close_approach_date": "1909-07-13", "epoch_date_close_approach": -1908288000000, "relative_velocity": {"kilometers_per_second": "12.0623523141", "kilometers_per_hour": "43424.4683307074", "miles_per_hour": "26982.2758913776"}, "miss_distance": {"astronomical": "0.0742378584", "lunar": "28.878528595", "kilometers": "11105826", "miles": "6900840.5"}, "orbiting_body": "Venus"}, {"close_approach_date": "1915-08-02", "epoch_date_close_approach": -1717257600000, "relative_velocity": {"kilometers_per_second": "18.622469608", "kilometers_per_hour": "67040.8905887428", "miles_per_hour": "41656.6022660996"}, "miss_distance": {"astronomical": "0.0884828688", "lunar": "34.4198379517", "kilometers": "13236849", "miles": "8224997"}, "orbiting_body": "Earth"}, {"close_approach_date": "1918-06-02", "epoch_date_close_approach": -1627837200000, "relative_velocity": {"kilometers_per_second": "13.3860688193", "kilometers_per_hour": "48189.8477496017", "miles_per_hour": "29943.2973419678"}, "miss_distance": {"astronomical": "0.3307009971", "lunar": "128.6426849365", "kilometers": "49472164", "miles": "30740578"}, "orbiting_body": "Earth"}, {"close_approach_date": "1919-06-18", "epoch_date_close_approach": -1594918800000, "relative_velocity": {"kilometers_per_second": "12.8427999825", "kilometers_per_hour": "46234.0799369564", "miles_per_hour": "28728.0592808272"}, "miss_distance": {"astronomical": "0.07853706", "lunar": "30.5509166718", "kilometers": "11748977", "miles": "7300476"}, "orbiting_body": "Mars"}, {"close_approach_date": "1921-03-16", "epoch_date_close_approach": -1539878400000, "relative_velocity": {"kilometers_per_second": "14.0131474377", "kilometers_per_hour": "50447.3307755936", "miles_per_hour": "31346.0095033126"}, "miss_distance": {"astronomical": "0.0609076522", "lunar": "23.6930770874", "kilometers": "9111655", "miles": "5661720"}, "orbiting_body": "Venus"}, {"close_approach_date": "1921-04-01", "epoch_date_close_approach": -1538496000000, "relative_velocity": {"kilometers_per_second": "16.449651382", "kilometers_per_hour": "59218.744975227", "miles_per_hour": "36796.2251764126"}, "miss_distance": {"astronomical": "0.3761329913", "lunar": "146.3157348633", "kilometers": "56268696", "miles": "34963748"}, "orbiting_body": "Earth"}, {"close_approach_date": "1924-01-17", "epoch_date_close_approach": -1450281600000, "relative_velocity": {"kilometers_per_second": "13.5884222481", "kilometers_per_hour": "48918.3200932464", "miles_per_hour": "30395.9417268286"}, "miss_distance": {"astronomical": "0.0820955153", "lunar": "31.9351558685", "kilometers": "12281315", "miles": "7631255.5"}, "orbiting_body": "Earth"}, {"close_approach_date": "1926-12-24", "epoch_date_close_approach": -1357660800000, "relative_velocity": {"kilometers_per_second": "28.5054502837", "kilometers_per_hour": "102619.6210214467", "miles_per_hour": "63763.8417396873"}, "miss_distance": {"astronomical": "0.4054410339", "lunar": "157.7165679932", "kilometers": "60653116", "miles": "37688100"}, "orbiting_body": "Earth"}, {"close_approach_date": "1930-04-23", "epoch_date_close_approach": -1252598400000, "relative_velocity": {"kilometers_per_second": "14.8094677956", "kilometers_per_hour": "53314.0840640354", "miles_per_hour": "33127.2985119002"}, "miss_distance": {"astronomical": "0.0986144749", "lunar": "38.3610305786", "kilometers": "14752516", "miles": "9166788"}, "orbiting_body": "Mars"}, {"close_approach_date": "1932-08-16", "epoch_date_close_approach": -1179504000000, "relative_velocity": {"kilometers_per_second": "14.0128672641", "kilometers_per_hour": "50446.3221505872", "miles_per_hour": "31345.3827829579"}, "miss_distance": {"astronomical": "0.0125447636", "lunar": "4.8799128532", "kilometers": "1876669.875", "miles": "1166108.625"}, "orbiting_body": "Mars"}, {"close_approach_date": "1932-11-22", "epoch_date_close_approach": -1171036800000, "relative_velocity": {"kilometers_per_second": "13.8837175836", "kilometers_per_hour": "49981.383301109", "miles_per_hour": "31056.4878628475"}, "miss_distance": {"astronomical": "0.0611775459", "lunar": "23.7980651855", "kilometers": "9152030", "miles": "5686808"}, "orbiting_body": "Venus"}, {"close_approach_date": "1934-07-31", "epoch_date_close_approach": -1117814400000, "relative_velocity": {"kilometers_per_second": "17.4433542124", "kilometers_per_hour": "62796.0751645234", "miles_per_hour": "39019.0390376451"}, "miss_distance": {"astronomical": "0.0493591719", "lunar": "19.200717926", "kilometers": "7384027", "miles": "4588222"}, "orbiting_body": "Earth"}, {"close_approach_date": "1937-05-30", "epoch_date_close_approach": -1028476800000, "relative_velocity": {"kilometers_per_second": "13.8027242622", "kilometers_per_hour": "49689.8073439729", "miles_per_hour": "30875.3139021481"}, "miss_distance": {"astronomical": "0.3376775212", "lunar": "131.356552124", "kilometers": "50515836", "miles": "31389086"}, "orbiting_body": "Earth"}, {"close_approach_date": "1937-07-31", "epoch_date_close_approach": -1023120000000, "relative_velocity": {"kilometers_per_second": "7.3381051457", "kilometers_per_hour": "26417.1785246272", "miles_per_hour": "16414.6074004829"}, "miss_distance": {"astronomical": "0.4220339452", "lunar": "164.1712036133", "kilometers": "63135380", "miles": "39230504"}, "orbiting_body": "Earth"}, {"close_approach_date": "1940-04-02", "epoch_date_close_approach": -938793600000, "relative_velocity": {"kilometers_per_second": "16.4925506575", "kilometers_per_hour": "59373.1823669352", "miles_per_hour": "36892.1865657215"}, "miss_distance": {"astronomical": "0.3767424934", "lunar": "146.5528259277", "kilometers": "56359872", "miles": "35020400"}, "orbiting_body": "Earth"}, {"close_approach_date": "1943-01-19", "epoch_date_close_approach": -850496400000, "relative_velocity": {"kilometers_per_second": "12.5671860286", "kilometers_per_hour": "45241.8697028315", "miles_per_hour": "28111.5384272955"}, "miss_distance": {"astronomical": "0.1157500248", "lunar": "45.0267601013", "kilometers": "17315958", "miles": "10759637"}, "orbiting_body": "Earth"}, {"close_approach_date": "1943-06-22", "epoch_date_close_approach": -837190800000, "relative_velocity": {"kilometers_per_second": "14.3267928526", "kilometers_per_hour": "51576.4542695274", "miles_per_hour": "32047.602932085"}, "miss_distance": {"astronomical": "0.0864668025", "lunar": "33.6355857849", "kilometers": "12935250", "miles": "8037591.5"}, "orbiting_body": "Mars"}, {"close_approach_date": "1944-08-15", "epoch_date_close_approach": -800902800000, "relative_velocity": {"kilometers_per_second": "11.2030019357", "kilometers_per_hour": "40330.8069686446", "miles_per_hour": "25059.9950300447"}, "miss_distance": {"astronomical": "0.0974132236", "lunar": "37.8937454224", "kilometers": "14572811", "miles": "9055125"}, "orbiting_body": "Venus"}, {"close_approach_date": "1945-10-16", "epoch_date_close_approach": -764006400000, "relative_velocity": {"kilometers_per_second": "14.1623714152", "kilometers_per_hour": "50984.5370946469", "miles_per_hour": "31679.8086186155"}, "miss_distance": {"astronomical": "0.010906794", "lunar": "4.2427430153", "kilometers": "1631633.25", "miles": "1013849.875"}, "orbiting_body": "Mars"}, {"close_approach_date": "1945-12-27", "epoch_date_close_approach": -757785600000, "relative_velocity": {"kilometers_per_second": "26.6741830298", "kilometers_per_hour": "96027.0589074139", "miles_per_hour": "59667.4800194428"}, "miss_distance": {"astronomical": "0.3464130913", "lunar": "134.754699707", "kilometers": "51822664", "miles": "32201110"}, "orbiting_body": "Earth"}, {"close_approach_date": "1953-08-05", "epoch_date_close_approach": -517770000000, "relative_velocity": {"kilometers_per_second": "20.8992478712", "kilometers_per_hour": "75237.2923363398", "miles_per_hour": "46749.5275630996"}, "miss_distance": {"astronomical": "0.1650150691", "lunar": "64.190864563", "kilometers": "24685904", "miles": "15339109"}, "orbiting_body": "Earth"}, {"close_approach_date": "1956-05-20", "epoch_date_close_approach": -429728400000, "relative_velocity": {"kilometers_per_second": "11.7098924094", "kilometers_per_hour": "42155.6126737842", "miles_per_hour": "26193.8583305522"}, "miss_distance": {"astronomical": "0.1110340834", "lunar": "43.1922569275", "kilometers": "16610462", "miles": "10321263"}, "orbiting_body": "Venus"}, {"close_approach_date": "1956-06-22", "epoch_date_close_approach": -426877200000, "relative_velocity": {"kilometers_per_second": "10.6749214961", "kilometers_per_hour": "38429.7173861058", "miles_per_hour": "23878.7318947167"}, "miss_distance": {"astronomical": "0.2726695558", "lunar": "106.0684585571", "kilometers": "40790784", "miles": "25346218"}, "orbiting_body": "Earth"}, {"close_approach_date": "1956-08-21", "epoch_date_close_approach": -421693200000, "relative_velocity": {"kilometers_per_second": "14.6876218287", "kilometers_per_hour": "52875.4385834428", "miles_per_hour": "32854.7412686953"}, "miss_distance": {"astronomical": "0.0948687557", "lunar": "36.9039459229", "kilometers": "14192164", "miles": "8818602"}, "orbiting_body": "Mars"}, {"close_approach_date": "1958-12-16", "epoch_date_close_approach": -348508800000, "relative_velocity": {"kilometers_per_second": "13.8693682051", "kilometers_per_hour": "49929.7255384792", "miles_per_hour": "31024.3897380622"}, "miss_distance": {"astronomical": "0.0182639921", "lunar": "7.1046929359", "kilometers": "2732254.25", "miles": "1697744.125"}, "orbiting_body": "Mars"}, {"close_approach_date": "1959-04-19", "epoch_date_close_approach": -337795200000, "relative_velocity": {"kilometers_per_second": "17.0537991188", "kilometers_per_hour": "61393.6768275331", "miles_per_hour": "38147.6432487525"}, "miss_distance": {"astronomical": "0.3867871604", "lunar": "150.4602050781", "kilometers": "57862536", "miles": "35954112"}, "orbiting_body": "Earth"}, {"close_approach_date": "1962-02-13", "epoch_date_close_approach": -248716800000, "relative_velocity": {"kilometers_per_second": "10.3395948217", "kilometers_per_hour": "37222.5413581052", "miles_per_hour": "23128.6396566516"}, "miss_distance": {"astronomical": "0.2568928703", "lunar": "99.9313201904", "kilometers": "38430624", "miles": "23879684"}, "orbiting_body": "Earth"}, {"close_approach_date": "1965-01-03", "epoch_date_close_approach": -157564800000, "relative_velocity": {"kilometers_per_second": "21.9631694459", "kilometers_per_hour": "79067.4100050823", "miles_per_hour": "49129.4137334357"}, "miss_distance": {"astronomical": "0.1940492989", "lunar": "75.4851760864", "kilometers": "29029362", "miles": "18038010"}, "orbiting_body": "Earth"}, {"close_approach_date": "1968-02-22", "epoch_date_close_approach": -58636800000, "relative_velocity": {"kilometers_per_second": "13.3455543529", "kilometers_per_hour": "48043.9956706153", "miles_per_hour": "29852.6705321109"}, "miss_distance": {"astronomical": "0.0216708972", "lunar": "8.4299783707", "kilometers": "3241920", "miles": "2014435.75"}, "orbiting_body": "Venus"}, {"close_approach_date": "1972-02-15", "epoch_date_close_approach": 66988800000, "relative_velocity": {"kilometers_per_second": "13.9392317872", "kilometers_per_hour": "50181.2344338538", "miles_per_hour": "31180.6675847465"}, "miss_distance": {"astronomical": "0.0140259375", "lunar": "5.4560899734", "kilometers": "2098250.5", "miles": "1303792.375"}, "orbiting_body": "Mars"}, {"close_approach_date": "1972-08-10", "epoch_date_close_approach": 82278000000, "relative_velocity": {"kilometers_per_second": "24.1447167774", "kilometers_per_hour": "86920.9803986742", "miles_per_hour": "54009.3169593873"}, "miss_distance": {"astronomical": "0.2739936915", "lunar": "106.5835494995", "kilometers": "40988876", "miles": "25469306"}, "orbiting_body": "Earth"}, {"close_approach_date": "1975-07-13", "epoch_date_close_approach": 174466800000, "relative_velocity": {"kilometers_per_second": "10.284833583", "kilometers_per_hour": "37025.4008987294", "miles_per_hour": "23006.1442417689"}, "miss_distance": {"astronomical": "0.2013052084", "lunar": "78.307723999", "kilometers": "30114832", "miles": "18712488"}, "orbiting_body": "Earth"}, {"close_approach_date": "1978-04-26", "epoch_date_close_approach": 262425600000, "relative_velocity": {"kilometers_per_second": "16.9421929698", "kilometers_per_hour": "60991.8946911007", "miles_per_hour": "37897.9914540342"}, "miss_distance": {"astronomical": "0.3859611542", "lunar": "150.138885498", "kilometers": "57738964", "miles": "35877332"}, "orbiting_body": "Earth"}, {"close_approach_date": "1979-10-31", "epoch_date_close_approach": 310204800000, "relative_velocity": {"kilometers_per_second": "13.2940819555", "kilometers_per_hour": "47858.6950397341", "miles_per_hour": "29737.531926217"}, "miss_distance": {"astronomical": "0.0226648927", "lunar": "8.8166437149", "kilometers": "3390619.75", "miles": "2106833.5"}, "orbiting_body": "Venus"}, {"close_approach_date": "1981-02-15", "epoch_date_close_approach": 351072000000, "relative_velocity": {"kilometers_per_second": "10.5788526954", "kilometers_per_hour": "38083.8697033658", "miles_per_hour": "23663.8355942942"}, "miss_distance": {"astronomical": "0.2640405018", "lunar": "102.7117538452", "kilometers": "39499896", "miles": "24544098"}, "orbiting_body": "Earth"}, {"close_approach_date": "1982-12-19", "epoch_date_close_approach": 409132800000, "relative_velocity": {"kilometers_per_second": "13.0781101729", "kilometers_per_hour": "47081.1966222809", "miles_per_hour": "29254.4246456611"}, "miss_distance": {"astronomical": "0.0931288982", "lunar": "36.227142334", "kilometers": "13931885", "miles": "8656872"}, "orbiting_body": "Mars"}, {"close_approach_date": "1984-01-01", "epoch_date_close_approach": 441792000000, "relative_velocity": {"kilometers_per_second": "23.6119984608", "kilometers_per_hour": "85003.1944589131", "miles_per_hour": "52817.6793569841"}, "miss_distance": {"astronomical": "0.248476617", "lunar": "96.6574020386", "kilometers": "37171572", "miles": "23097344"}, "orbiting_body": "Earth"}, {"close_approach_date": "1991-06-13", "epoch_date_close_approach": 676796400000, "relative_velocity": {"kilometers_per_second": "11.7253122759", "kilometers_per_hour": "42211.124193258", "miles_per_hour": "26228.3510299719"}, "miss_distance": {"astronomical": "0.1122542607", "lunar": "43.6669082642", "kilometers": "16792998", "miles": "10434686"}, "orbiting_body": "Venus"}, {"close_approach_date": "1991-08-03", "epoch_date_close_approach": 681202800000, "relative_velocity": {"kilometers_per_second": "19.424628486", "kilometers_per_hour": "69928.6625497004", "miles_per_hour": "43450.9514603958"}, "miss_distance": {"astronomical": "0.1167510519", "lunar": "45.4161605835", "kilometers": "17465708", "miles": "10852688"}, "orbiting_body": "Earth"}, {"close_approach_date": "1994-06-03", "epoch_date_close_approach": 770626800000, "relative_velocity": {"kilometers_per_second": "13.3195467589", "kilometers_per_hour": "47950.3683319223", "miles_per_hour": "29794.4941449103"}, "miss_distance": {"astronomical": "0.3294825103", "lunar": "128.1686859131", "kilometers": "49289880", "miles": "30627312"}, "orbiting_body": "Earth"}, {"close_approach_date": "1997-03-30", "epoch_date_close_approach": 859708800000, "relative_velocity": {"kilometers_per_second": "16.2052571143", "kilometers_per_hour": "58338.9256113086", "miles_per_hour": "36249.5396388712"}, "miss_distance": {"astronomical": "0.3718268229", "lunar": "144.6406402588", "kilometers": "55624504", "miles": "34563464"}, "orbiting_body": "Earth"}, {"close_approach_date": "2000-01-15", "epoch_date_close_approach": 947923200000, "relative_velocity": {"kilometers_per_second": "14.8701966769", "kilometers_per_hour": "53532.7080369433", "miles_per_hour": "33263.1429466218"}, "miss_distance": {"astronomical": "0.0394373068", "lunar": "15.3411121368", "kilometers": "5899737", "miles": "3665926.5"}, "orbiting_body": "Earth"}, {"close_approach_date": "2002-12-22", "epoch_date_close_approach": 1040544000000, "relative_velocity": {"kilometers_per_second": "30.1699876634", "kilometers_per_hour": "108611.955588209", "miles_per_hour": "67487.2454042402"}, "miss_distance": {"astronomical": "0.459730518", "lunar": "178.8351593018", "kilometers": "68774704", "miles": "42734620"}, "orbiting_body": "Earth"}, {"close_approach_date": "2003-01-27", "epoch_date_close_approach": 1043654400000, "relative_velocity": {"kilometers_per_second": "11.2339763033", "kilometers_per_hour": "40442.3146919498", "miles_per_hour": "25129.2815928952"}, "miss_distance": {"astronomical": "0.1036012785", "lunar": "40.3008956909", "kilometers": "15498531", "miles": "9630340"}, "orbiting_body": "Venus"}, {"close_approach_date": "2007-08-19", "epoch_date_close_approach": 1187506800000, "relative_velocity": {"kilometers_per_second": "29.2411093856", "kilometers_per_hour": "105267.9937882543", "miles_per_hour": "65409.4375847072"}, "miss_distance": {"astronomical": "0.4423157105", "lunar": "172.0608062744", "kilometers": "66169488", "miles": "41115812"}, "orbiting_body": "Earth"}, {"close_approach_date": "2010-07-26", "epoch_date_close_approach": 1280127600000, "relative_velocity": {"kilometers_per_second": "14.9570529765", "kilometers_per_hour": "53845.3907155505", "miles_per_hour": "33457.4318032264"}, "miss_distance": {"astronomical": "0.0401398812", "lunar": "15.6144132614", "kilometers": "6004840.5", "miles": "3731235"}, "orbiting_body": "Earth"}, {"close_approach_date": "2013-05-13", "epoch_date_close_approach": 1368428400000, "relative_velocity": {"kilometers_per_second": "15.8017631606", "kilometers_per_hour": "56886.3473782799", "miles_per_hour": "35346.9640140206"}, "miss_distance": {"astronomical": "0.3706551059", "lunar": "144.1848449707", "kilometers": "55449216", "miles": "34454548"}, "orbiting_body": "Earth"}, {"close_approach_date": "2014-09-23", "epoch_date_close_approach": 1411455600000, "relative_velocity": {"kilometers_per_second": "12.1892424831", "kilometers_per_hour": "43881.272938985", "miles_per_hour": "27266.1165103377"}, "miss_distance": {"astronomical": "0.0728016102", "lunar": "28.3198280334", "kilometers": "10890966", "miles": "6767332.5"}, "orbiting_body": "Venus"}, {"close_approach_date": "2016-01-06", "epoch_date_close_approach": 1452067200000, "relative_velocity": {"kilometers_per_second": "8.1811685951", "kilometers_per_hour": "29452.2069424446", "miles_per_hour": "18300.4560304317"}, "miss_distance": {"astronomical": "0.418789587", "lunar": "162.9091491699", "kilometers": "62650032", "miles": "38928924"}, "orbiting_body": "Earth"}, {"close_approach_date": "2016-03-11", "epoch_date_close_approach": 1457683200000, "relative_velocity": {"kilometers_per_second": "14.0484786653", "kilometers_per_hour": "50574.5231951794", "miles_per_hour": "31425.0419264713"}, "miss_distance": {"astronomical": "0.3349653972", "lunar": "130.3015441895", "kilometers": "50110112", "miles": "31136980"}, "orbiting_body": "Earth"}, {"close_approach_date": "2019-01-08", "epoch_date_close_approach": 1546934400000, "relative_velocity": {"kilometers_per_second": "19.1270459609", "kilometers_per_hour": "68857.3654592101", "miles_per_hour": "42785.2891099186"}, "miss_distance": {"astronomical": "0.1021365866", "lunar": "39.7311325073", "kilometers": "15279416", "miles": "9494189"}, "orbiting_body": "Earth"}, {"close_approach_date": "2026-05-22", "epoch_date_close_approach": 1779433200000, "relative_velocity": {"kilometers_per_second": "17.4813620181", "kilometers_per_hour": "62932.9032650718", "miles_per_hour": "39104.0586982331"}, "miss_distance": {"astronomical": "0.0936215701", "lunar": "36.4187889099", "kilometers": "14005587", "miles": "8702668"}, "orbiting_body": "Venus"}, {"close_approach_date": "2026-08-11", "epoch_date_close_approach": 1786431600000, "relative_velocity": {"kilometers_per_second": "24.1407971839", "kilometers_per_hour": "86906.8698620735", "miles_per_hour": "54000.5492206867"}, "miss_distance": {"astronomical": "0.2744845128", "lunar": "106.7744750977", "kilometers": "41062300", "miles": "25514930"}, "orbiting_body": "Earth"}, {"close_approach_date": "2029-07-06", "epoch_date_close_approach": 1878015600000, "relative_velocity": {"kilometers_per_second": "9.7797806677", "kilometers_per_hour": "35207.2104038441", "miles_per_hour": "21876.3913756552"}, "miss_distance": {"astronomical": "0.2331070631", "lunar": "90.6786499023", "kilometers": "34872320", "miles": "21668656"}, "orbiting_body": "Earth"}, {"close_approach_date": "2030-11-28", "epoch_date_close_approach": 1922083200000, "relative_velocity": {"kilometers_per_second": "16.4288766795", "kilometers_per_hour": "59143.9560461989", "miles_per_hour": "36749.7542443729"}, "miss_distance": {"astronomical": "0.0445322166", "lunar": "17.3230323792", "kilometers": "6661925", "miles": "4139528.25"}, "orbiting_body": "Venus"}, {"close_approach_date": "2032-04-19", "epoch_date_close_approach": 1965970800000, "relative_velocity": {"kilometers_per_second": "17.0362946105", "kilometers_per_hour": "61330.660597697", "miles_per_hour": "38108.4874141635"}, "miss_distance": {"astronomical": "0.3867265186", "lunar": "150.4366149902", "kilometers": "57853464", "miles": "35948476"}, "orbiting_body": "Earth"}, {"close_approach_date": "2035-02-01", "epoch_date_close_approach": 2053929600000, "relative_velocity": {"kilometers_per_second": "9.7684904919", "kilometers_per_hour": "35166.5657708935", "miles_per_hour": "21851.1363813644"}, "miss_distance": {"astronomical": "0.2186616712", "lunar": "85.059387207", "kilometers": "32711320", "miles": "20325872"}, "orbiting_body": "Earth"}, {"close_approach_date": "2037-12-30", "epoch_date_close_approach": 2145772800000, "relative_velocity": {"kilometers_per_second": "24.7462740569", "kilometers_per_hour": "89086.5866048144", "miles_per_hour": "55354.9404378637"}, "miss_distance": {"astronomical": "0.2850820371", "lunar": "110.8969116211", "kilometers": "42647668", "miles": "26500032"}, "orbiting_body": "Earth"}, {"close_approach_date": "2042-08-01", "epoch_date_close_approach": 2290489200000, "relative_velocity": {"kilometers_per_second": "13.4543785478", "kilometers_per_hour": "48435.7627720872", "miles_per_hour": "30096.0993735783"}, "miss_distance": {"astronomical": "0.0192464639", "lunar": "7.4868745804", "kilometers": "2879230.25", "miles": "1789070.625"}, "orbiting_body": "Venus"}, {"close_approach_date": "2045-08-02", "epoch_date_close_approach": 2385270000000, "relative_velocity": {"kilometers_per_second": "18.5045153527", "kilometers_per_hour": "66616.2552696905", "miles_per_hour": "41392.7503924363"}, "miss_distance": {"astronomical": "0.0860836424", "lunar": "33.4865379333", "kilometers": "12877930", "miles": "8001974.5"}, "orbiting_body": "Earth"}, {"close_approach_date": "2048-05-27", "epoch_date_close_approach": 2474175600000, "relative_velocity": {"kilometers_per_second": "14.2165248075", "kilometers_per_hour": "51179.4893070799", "miles_per_hour": "31800.9443419464"}, "miss_distance": {"astronomical": "0.3449094052", "lunar": "134.1697540283", "kilometers": "51597712", "miles": "32061332"}, "orbiting_body": "Earth"}, {"close_approach_date": "2048-08-05", "epoch_date_close_approach": 2480223600000, "relative_velocity": {"kilometers_per_second": "8.0039908854", "kilometers_per_hour": "28814.3671874639", "miles_per_hour": "17904.1272115661"}, "miss_distance": {"astronomical": "0.4403576133", "lunar": "171.299118042", "kilometers": "65876564", "miles": "40933800"}, "orbiting_body": "Earth"}, {"close_approach_date": "2050-12-27", "epoch_date_close_approach": 2555740800000, "relative_velocity": {"kilometers_per_second": "9.5205589863", "kilometers_per_hour": "34274.0123505888", "miles_per_hour": "21296.5383963978"}, "miss_distance": {"astronomical": "0.486207156", "lunar": "189.1345825195", "kilometers": "72735560", "miles": "45195780"}, "orbiting_body": "Earth"}, {"close_approach_date": "2051-03-24", "epoch_date_close_approach": 2563254000000, "relative_velocity": {"kilometers_per_second": "15.5084477568", "kilometers_per_hour": "55830.4119244253", "miles_per_hour": "34690.8467871519"}, "miss_distance": {"astronomical": "0.3599702668", "lunar": "140.0284423828", "kilometers": "53850788", "miles": "33461328"}, "orbiting_body": "Earth"}, {"close_approach_date": "2054-01-11", "epoch_date_close_approach": 2651731200000, "relative_velocity": {"kilometers_per_second": "17.1666494586", "kilometers_per_hour": "61799.9380510853", "miles_per_hour": "38400.0781740202"}, "miss_distance": {"astronomical": "0.0382181876", "lunar": "14.8668756485", "kilometers": "5717360", "miles": "3552602.75"}, "orbiting_body": "Earth"}, {"close_approach_date": "2054-03-02", "epoch_date_close_approach": 2656051200000, "relative_velocity": {"kilometers_per_second": "11.7072844768", "kilometers_per_hour": "42146.2241164393", "miles_per_hour": "26188.0246461286"}, "miss_distance": {"astronomical": "0.116235139", "lunar": "45.2154693604", "kilometers": "17388530", "miles": "10804731"}, "orbiting_body": "Venus"}, {"close_approach_date": "2056-10-04", "epoch_date_close_approach": 2737868400000, "relative_velocity": {"kilometers_per_second": "14.5911211191", "kilometers_per_hour": "52528.0360289249", "miles_per_hour": "32638.8788314172"}, "miss_distance": {"astronomical": "0.032622891", "lunar": "12.6903047562", "kilometers": "4880315.5", "miles": "3032487.25"}, "orbiting_body": "Mars"}, {"close_approach_date": "2061-08-10", "epoch_date_close_approach": 2890882800000, "relative_velocity": {"kilometers_per_second": "23.1497767795", "kilometers_per_hour": "83339.1964062403", "miles_per_hour": "51783.7356780886"}, "miss_distance": {"astronomical": "0.2419517599", "lunar": "94.1192398071", "kilometers": "36195468", "miles": "22490822"}, "orbiting_body": "Earth"}, {"close_approach_date": "2064-06-20", "epoch_date_close_approach": 2981170800000, "relative_velocity": {"kilometers_per_second": "10.9585455613", "kilometers_per_hour": "39450.7640207156", "miles_per_hour": "24513.1705660941"}, "miss_distance": {"astronomical": "0.2813421505", "lunar": "109.4420928955", "kilometers": "42088188", "miles": "26152386"}, "orbiting_body": "Earth"}, {"close_approach_date": "2065-10-02", "epoch_date_close_approach": 3021692400000, "relative_velocity": {"kilometers_per_second": "20.6109312122", "kilometers_per_hour": "74199.3523639319", "miles_per_hour": "46104.5920285776"}, "miss_distance": {"astronomical": "0.1473857393", "lunar": "57.3330535889", "kilometers": "22048594", "miles": "13700361"}, "orbiting_body": "Venus"}, {"close_approach_date": "2067-04-08", "epoch_date_close_approach": 3069471600000, "relative_velocity": {"kilometers_per_second": "16.7159290974", "kilometers_per_hour": "60177.344750563", "miles_per_hour": "37391.8617979262"}, "miss_distance": {"astronomical": "0.3808690037", "lunar": "148.1580352783", "kilometers": "56977192", "miles": "35403984"}, "orbiting_body": "Earth"}, {"close_approach_date": "2070-01-16", "epoch_date_close_approach": 3157084800000, "relative_velocity": {"kilometers_per_second": "14.2283550374", "kilometers_per_hour": "51222.0781345907", "miles_per_hour": "31827.4073831294"}, "miss_distance": {"astronomical": "0.0602274448", "lunar": "23.4284763336", "kilometers": "9009898", "miles": "5598491"}, "orbiting_body": "Earth"}, {"close_approach_date": "2070-03-30", "epoch_date_close_approach": 3163388400000, "relative_velocity": {"kilometers_per_second": "11.6063783196", "kilometers_per_hour": "41782.9619507137", "miles_per_hour": "25962.3076632088"}, "miss_distance": {"astronomical": "0.0700979958", "lunar": "27.2681217194", "kilometers": "10486511", "miles": "6516016"}, "orbiting_body": "Venus"}, {"close_approach_date": "2072-12-21", "epoch_date_close_approach": 3249532800000, "relative_velocity": {"kilometers_per_second": "31.0174276653", "kilometers_per_hour": "111662.7395951923", "miles_per_hour": "69382.8839445794"}, "miss_distance": {"astronomical": "0.4873002278", "lunar": "189.5597839355", "kilometers": "72899072", "miles": "45297384"}, "orbiting_body": "Earth"}, {"close_approach_date": "2077-08-14", "epoch_date_close_approach": 3396150000000, "relative_velocity": {"kilometers_per_second": "26.0205773044", "kilometers_per_hour": "93674.0782958404", "miles_per_hour": "58205.4293722126"}, "miss_distance": {"astronomical": "0.3371274823", "lunar": "131.1425933838", "kilometers": "50433552", "miles": "31337958"}, "orbiting_body": "Earth"}, {"close_approach_date": "2080-07-14", "epoch_date_close_approach": 3488166000000, "relative_velocity": {"kilometers_per_second": "10.2844778167", "kilometers_per_hour": "37024.1201402071", "miles_per_hour": "23005.3484282304"}, "miss_distance": {"astronomical": "0.199490336", "lunar": "77.6017379761", "kilometers": "29843330", "miles": "18543786"}, "orbiting_body": "Earth"}, {"close_approach_date": "2081-10-10", "epoch_date_close_approach": 3527305200000, "relative_velocity": {"kilometers_per_second": "13.205529764", "kilometers_per_hour": "47539.9071504551", "miles_per_hour": "29539.4495291258"}, "miss_distance": {"astronomical": "0.064417738", "lunar": "25.0584983826", "kilometers": "9636756", "miles": "5988002.5"}, "orbiting_body": "Venus"}, {"close_approach_date": "2083-04-19", "epoch_date_close_approach": 3575343600000, "relative_velocity": {"kilometers_per_second": "17.0442717165", "kilometers_per_hour": "61359.3781795667", "miles_per_hour": "38126.3314027424"}, "miss_distance": {"astronomical": "0.3873758233", "lunar": "150.6891937256", "kilometers": "57950600", "miles": "36008832"}, "orbiting_body": "Earth"}, {"close_approach_date": "2086-01-23", "epoch_date_close_approach": 3662611200000, "relative_velocity": {"kilometers_per_second": "11.1229468854", "kilometers_per_hour": "40042.6087873676", "miles_per_hour": "24880.9198879063"}, "miss_distance": {"astronomical": "0.1624703625", "lunar": "63.200969696", "kilometers": "24305220", "miles": "15102563"}, "orbiting_body": "Earth"}, {"close_approach_date": "2086-04-13", "epoch_date_close_approach": 3669519600000, "relative_velocity": {"kilometers_per_second": "17.8164706617", "kilometers_per_hour": "64139.2943822712", "miles_per_hour": "39853.6632232507"}, "miss_distance": {"astronomical": "0.0737613547", "lunar": "28.6931648254", "kilometers": "11034541", "miles": "6856546"}, "orbiting_body": "Venus"}, {"close_approach_date": "2088-12-26", "epoch_date_close_approach": 3754886400000, "relative_velocity": {"kilometers_per_second": "27.6270117974", "kilometers_per_hour": "99457.2424707883", "miles_per_hour": "61798.8626896962"}, "miss_distance": {"astronomical": "0.3786957599", "lunar": "147.3126525879", "kilometers": "56652080", "miles": "35201972"}, "orbiting_body": "Earth"}, {"close_approach_date": "2093-08-20", "epoch_date_close_approach": 3901590000000, "relative_velocity": {"kilometers_per_second": "29.7334676087", "kilometers_per_hour": "107040.4833914644", "miles_per_hour": "66510.7936939907"}, "miss_distance": {"astronomical": "0.4588132851", "lunar": "178.4783630371", "kilometers": "68637488", "miles": "42649360"}, "orbiting_body": "Earth"}, {"close_approach_date": "2096-07-25", "epoch_date_close_approach": 3994038000000, "relative_velocity": {"kilometers_per_second": "14.2212903914", "kilometers_per_hour": "51196.6454088974", "miles_per_hour": "31811.6044764341"}, "miss_distance": {"astronomical": "0.0643458607", "lunar": "25.030538559", "kilometers": "9626004", "miles": "5981321.5"}, "orbiting_body": "Earth"}, {"close_approach_date": "2097-11-16", "epoch_date_close_approach": 4035427200000, "relative_velocity": {"kilometers_per_second": "11.7495105416", "kilometers_per_hour": "42298.2379498208", "miles_per_hour": "26282.4801305428"}, "miss_distance": {"astronomical": "0.1123196448", "lunar": "43.6923446655", "kilometers": "16802780", "miles": "10440764"}, "orbiting_body": "Venus"}, {"close_approach_date": "2099-05-06", "epoch_date_close_approach": 4081734000000, "relative_velocity": {"kilometers_per_second": "16.5119858634", "kilometers_per_hour": "59443.1491082026", "miles_per_hour": "36935.6611778162"}, "miss_distance": {"astronomical": "0.3807950121", "lunar": "148.1292572021", "kilometers": "56966120", "miles": "35397108"}, "orbiting_body": "Earth"}, {"close_approach_date": "2101-11-26", "epoch_date_close_approach": 4162435200000, "relative_velocity": {"kilometers_per_second": "14.3788371089", "kilometers_per_hour": "51763.813591864", "miles_per_hour": "32164.020728789"}, "miss_distance": {"astronomical": "0.0193252056", "lunar": "7.5175051689", "kilometers": "2891009.75", "miles": "1796390.125"}, "orbiting_body": "Mars"}, {"close_approach_date": "2102-02-24", "epoch_date_close_approach": 4170211200000, "relative_velocity": {"kilometers_per_second": "11.4895680963", "kilometers_per_hour": "41362.4451467174", "miles_per_hour": "25701.0148746367"}, "miss_distance": {"astronomical": "0.2859129427", "lunar": "111.2201309204", "kilometers": "42771968", "miles": "26577268"}, "orbiting_body": "Earth"}, {"close_approach_date": "2105-01-02", "epoch_date_close_approach": 4260326400000, "relative_velocity": {"kilometers_per_second": "23.684736398", "kilometers_per_hour": "85265.0510329692", "miles_per_hour": "52980.3868487913"}, "miss_distance": {"astronomical": "0.2512136857", "lunar": "97.7221298218", "kilometers": "37581036", "miles": "23351772"}, "orbiting_body": "Earth"}, {"close_approach_date": "2109-06-10", "epoch_date_close_approach": 4400290800000, "relative_velocity": {"kilometers_per_second": "18.0579614992", "kilometers_per_hour": "65008.6613971664", "miles_per_hour": "40393.8540775893"}, "miss_distance": {"astronomical": "0.1028851083", "lunar": "40.0223045349", "kilometers": "15391393", "miles": "9563768"}, "orbiting_body": "Venus"}, {"close_approach_date": "2112-07-31", "epoch_date_close_approach": 4499391600000, "relative_velocity": {"kilometers_per_second": "16.6739821822", "kilometers_per_hour": "60026.3358560964", "miles_per_hour": "37298.0307434728"}, "miss_distance": {"astronomical": "0.027068335", "lunar": "10.5295829773", "kilometers": "4049365.5", "miles": "2516159"}, "orbiting_body": "Earth"}, {"close_approach_date": "2113-12-12", "epoch_date_close_approach": 4542508800000, "relative_velocity": {"kilometers_per_second": "13.2757651373", "kilometers_per_hour": "47792.7544943844", "miles_per_hour": "29696.5590356912"}, "miss_distance": {"astronomical": "0.0231174911", "lunar": "8.9927043915", "kilometers": "3458327.5", "miles": "2148905.25"}, "orbiting_body": "Venus"}, {"close_approach_date": "2115-05-18", "epoch_date_close_approach": 4587606000000, "relative_velocity": {"kilometers_per_second": "15.5629607724", "kilometers_per_hour": "56026.6587806", "miles_per_hour": "34812.7869517567"}, "miss_distance": {"astronomical": "0.3671422324", "lunar": "142.8183288574", "kilometers": "54923696", "miles": "34128004"}, "orbiting_body": "Earth"}, {"close_approach_date": "2118-01-13", "epoch_date_close_approach": 4671504000000, "relative_velocity": {"kilometers_per_second": "7.1219500242", "kilometers_per_hour": "25639.0200872336", "miles_per_hour": "15931.0900092036"}, "miss_distance": {"astronomical": "0.388938507", "lunar": "151.297088623", "kilometers": "58184376", "miles": "36154096"}, "orbiting_body": "Earth"}, {"close_approach_date": "2118-03-08", "epoch_date_close_approach": 4676169600000, "relative_velocity": {"kilometers_per_second": "13.3637193003", "kilometers_per_hour": "48109.3894812071", "miles_per_hour": "29893.30370292"}, "miss_distance": {"astronomical": "0.3224996694", "lunar": "125.4523696899", "kilometers": "48245264", "miles": "29978216"}, "orbiting_body": "Earth"}, {"close_approach_date": "2121-01-05", "epoch_date_close_approach": 4765507200000, "relative_velocity": {"kilometers_per_second": "21.7953287337", "kilometers_per_hour": "78463.1834411785", "miles_per_hour": "48753.9708443256"}, "miss_distance": {"astronomical": "0.190166297", "lunar": "73.9746856689", "kilometers": "28448472", "miles": "17677062"}, "orbiting_body": "Earth"}, {"close_approach_date": "2125-06-15", "epoch_date_close_approach": 4905644400000, "relative_velocity": {"kilometers_per_second": "13.8222903632", "kilometers_per_hour": "49760.2453075178", "miles_per_hour": "30919.0813134407"}, "miss_distance": {"astronomical": "0.0626531899", "lunar": "24.3720912933", "kilometers": "9372784", "miles": "5823978"}, "orbiting_body": "Venus"}, {"close_approach_date": "2128-08-02", "epoch_date_close_approach": 5004486000000, "relative_velocity": {"kilometers_per_second": "17.5686065", "kilometers_per_hour": "63246.9833999928", "miles_per_hour": "39299.2158798455"}, "miss_distance": {"astronomical": "0.0550800206", "lunar": "21.4261264801", "kilometers": "8239853.5", "miles": "5120007.5"}, "orbiting_body": "Earth"}, {"close_approach_date": "2129-12-15", "epoch_date_close_approach": 5047689600000, "relative_velocity": {"kilometers_per_second": "16.0170170644", "kilometers_per_hour": "57661.2614317007", "miles_per_hour": "35828.4654712698"}, "miss_distance": {"astronomical": "0.0357566345", "lunar": "13.909330368", "kilometers": "5349116", "miles": "3323786.75"}, "orbiting_body": "Venus"}, {"close_approach_date": "2131-05-23", "epoch_date_close_approach": 5092959600000, "relative_velocity": {"kilometers_per_second": "15.0146205708", "kilometers_per_hour": "54052.6340548544", "miles_per_hour": "33586.2047548066"}, "miss_distance": {"astronomical": "0.358454959", "lunar": "139.4389801025", "kilometers": "53624100", "miles": "33320472"}, "orbiting_body": "Earth"}, {"close_approach_date": "2131-08-13", "epoch_date_close_approach": 5100044400000, "relative_velocity": {"kilometers_per_second": "8.8210164877", "kilometers_per_hour": "31755.6593557021", "miles_per_hour": "19731.731781325"}, "miss_distance": {"astronomical": "0.4784482402", "lunar": "186.1163635254", "kilometers": "71574840", "miles": "44474544"}, "orbiting_body": "Earth"}, {"close_approach_date": "2134-01-02", "epoch_date_close_approach": 5175475200000, "relative_velocity": {"kilometers_per_second": "8.8379383215", "kilometers_per_hour": "31816.5779573536", "miles_per_hour": "19769.5842313345"}, "miss_distance": {"astronomical": "0.4480448535", "lunar": "174.2894592285", "kilometers": "67026560", "miles": "41648372"}, "orbiting_body": "Earth"}, {"close_approach_date": "2134-03-19", "epoch_date_close_approach": 5182038000000, "relative_velocity": {"kilometers_per_second": "14.7120107528", "kilometers_per_hour": "52963.2387101754", "miles_per_hour": "32909.2968529976"}, "miss_distance": {"astronomical": "0.3465899145", "lunar": "134.8234863281", "kilometers": "51849116", "miles": "32217546"}, "orbiting_body": "Earth"}, {"close_approach_date": "2137-01-10", "epoch_date_close_approach": 5270860800000, "relative_velocity": {"kilometers_per_second": "18.7036439675", "kilometers_per_hour": "67333.1182828528", "miles_per_hour": "41838.1811908093"}, "miss_distance": {"astronomical": "0.0883801468", "lunar": "34.3798789978", "kilometers": "13221482", "miles": "8215448.5"}, "orbiting_body": "Earth"}, {"close_approach_date": "2141-07-20", "epoch_date_close_approach": 5413590000000, "relative_velocity": {"kilometers_per_second": "11.8162742105", "kilometers_per_hour": "42538.5871579037", "miles_per_hour": "26431.8237815319"}, "miss_distance": {"astronomical": "0.1149478266", "lunar": "44.7147026062", "kilometers": "17195950", "miles": "10685068"}, "orbiting_body": "Venus"}, {"close_approach_date": "2144-08-10", "epoch_date_close_approach": 5510098800000, "relative_velocity": {"kilometers_per_second": "22.4142382767", "kilometers_per_hour": "80691.2577962265", "miles_per_hour": "50138.4096012164"}, "miss_distance": {"astronomical": "0.2170584281", "lunar": "84.4357299805", "kilometers": "32471480", "miles": "20176842"}, "orbiting_body": "Earth"}, {"close_approach_date": "2144-09-23", "epoch_date_close_approach": 5513900400000, "relative_velocity": {"kilometers_per_second": "14.5605705154", "kilometers_per_hour": "52418.0538555682", "miles_per_hour": "32570.5401859779"}, "miss_distance": {"astronomical": "0.0941215479", "lunar": "36.61328125", "kilometers": "14080383", "miles": "8749144"}, "orbiting_body": "Mars"}, {"close_approach_date": "2147-01-16", "epoch_date_close_approach": 5586912000000, "relative_velocity": {"kilometers_per_second": "14.7643874655", "kilometers_per_hour": "53151.7948756207", "miles_per_hour": "33026.4583214656"}, "miss_distance": {"astronomical": "0.0408094449", "lunar": "15.874874115", "kilometers": "6105006", "miles": "3793475"}, "orbiting_body": "Mars"}, {"close_approach_date": "2147-06-19", "epoch_date_close_approach": 5600214000000, "relative_velocity": {"kilometers_per_second": "11.4077386097", "kilometers_per_hour": "41067.8589949312", "miles_per_hour": "25517.9704960449"}, "miss_distance": {"astronomical": "0.2911938918", "lunar": "113.2744293213", "kilometers": "43561988", "miles": "27068164"}, "orbiting_body": "Earth"}, {"close_approach_date": "2150-04-08", "epoch_date_close_approach": 5688687600000, "relative_velocity": {"kilometers_per_second": "16.6871289386", "kilometers_per_hour": "60073.6641790018", "miles_per_hour": "37327.4387227803"}, "miss_distance": {"astronomical": "0.3799413294", "lunar": "147.7971801758", "kilometers": "56838416", "miles": "35317756"}, "orbiting_body": "Earth"}, {"close_approach_date": "2153-01-18", "epoch_date_close_approach": 5776473600000, "relative_velocity": {"kilometers_per_second": "13.9999193923", "kilometers_per_hour": "50399.7098121583", "miles_per_hour": "31316.4196885603"}, "miss_distance": {"astronomical": "0.0684345145", "lunar": "26.6210250854", "kilometers": "10237658", "miles": "6361385.5"}, "orbiting_body": "Earth"}, {"close_approach_date": "2153-02-15", "epoch_date_close_approach": 5778892800000, "relative_velocity": {"kilometers_per_second": "16.2499749631", "kilometers_per_hour": "58499.909867183", "miles_per_hour": "36349.5689949727"}, "miss_distance": {"astronomical": "0.0774164034", "lunar": "30.1149806976", "kilometers": "11581329", "miles": "7196304.5"}, "orbiting_body": "Venus"}, {"close_approach_date": "2155-12-24", "epoch_date_close_approach": 5868921600000, "relative_velocity": {"kilometers_per_second": "30.4728090997", "kilometers_per_hour": "109702.1127590003", "miles_per_hour": "68164.6266751688"}, "miss_distance": {"astronomical": "0.4696759585", "lunar": "182.7039489746", "kilometers": "70262520", "miles": "43659108"}, "orbiting_body": "Earth"}, {"close_approach_date": "2157-08-22", "epoch_date_close_approach": 5921362800000, "relative_velocity": {"kilometers_per_second": "15.9452134776", "kilometers_per_hour": "57402.7685191814", "miles_per_hour": "35667.8480279325"}, "miss_distance": {"astronomical": "0.0347173218", "lunar": "13.5050382614", "kilometers": "5193637.5", "miles": "3227176.75"}, "orbiting_body": "Venus"}, {"close_approach_date": "2160-08-18", "epoch_date_close_approach": 6015711600000, "relative_velocity": {"kilometers_per_second": "27.726984733", "kilometers_per_hour": "99817.1450387399", "miles_per_hour": "62022.4921492103"}, "miss_distance": {"astronomical": "0.393281891", "lunar": "152.9866485596", "kilometers": "58834132", "miles": "36557836"}, "orbiting_body": "Earth"}, {"close_approach_date": "2163-07-25", "epoch_date_close_approach": 6108246000000, "relative_velocity": {"kilometers_per_second": "12.9020998429", "kilometers_per_hour": "46447.55943457", "miles_per_hour": "28860.7071386638"}, "miss_distance": {"astronomical": "0.1079891575", "lunar": "42.0077819824", "kilometers": "16154948", "miles": "10038219"}, "orbiting_body": "Earth"}, {"close_approach_date": "2166-05-06", "epoch_date_close_approach": 6196028400000, "relative_velocity": {"kilometers_per_second": "16.6107299825", "kilometers_per_hour": "59798.6279369903", "miles_per_hour": "37156.5418978482"}, "miss_distance": {"astronomical": "0.3821558384", "lunar": "148.6586151123", "kilometers": "57169700", "miles": "35523604"}, "orbiting_body": "Earth"}, {"close_approach_date": "2169-02-26", "epoch_date_close_approach": 6284764800000, "relative_velocity": {"kilometers_per_second": "11.8049068821", "kilometers_per_hour": "42497.664775686", "miles_per_hour": "26406.3962046478"}, "miss_distance": {"astronomical": "0.2924514428", "lunar": "113.7636108398", "kilometers": "43750112", "miles": "27185060"}, "orbiting_body": "Earth"}, {"close_approach_date": "2169-04-12", "epoch_date_close_approach": 6288649200000, "relative_velocity": {"kilometers_per_second": "11.4262469491", "kilometers_per_hour": "41134.489016755", "miles_per_hour": "25559.3718004387"}, "miss_distance": {"astronomical": "0.0868386585", "lunar": "33.7802352905", "kilometers": "12990878", "miles": "8072157.5"}, "orbiting_body": "Venus"}, {"close_approach_date": "2172-01-05", "epoch_date_close_approach": 6374880000000, "relative_velocity": {"kilometers_per_second": "22.4807851267", "kilometers_per_hour": "80930.8264562467", "miles_per_hour": "50287.268249994"}, "miss_distance": {"astronomical": "0.2123309767", "lunar": "82.5967483521", "kilometers": "31764264", "miles": "19737398"}, "orbiting_body": "Earth"}, {"close_approach_date": "2179-08-07", "epoch_date_close_approach": 6614290800000, "relative_velocity": {"kilometers_per_second": "19.9166074189", "kilometers_per_hour": "71699.786708017", "miles_per_hour": "44551.4591353231"}, "miss_distance": {"astronomical": "0.1329776847", "lunar": "51.7283172607", "kilometers": "19893178", "miles": "12361048"}, "orbiting_body": "Earth"}, {"close_approach_date": "2180-11-11", "epoch_date_close_approach": 6654211200000, "relative_velocity": {"kilometers_per_second": "11.2279835656", "kilometers_per_hour": "40420.7408361607", "miles_per_hour": "25115.8764378911"}, "miss_distance": {"astronomical": "0.1005130219", "lunar": "39.0995635986", "kilometers": "15036534", "miles": "9343269"}, "orbiting_body": "Venus"}, {"close_approach_date": "2182-06-07", "epoch_date_close_approach": 6703714800000, "relative_velocity": {"kilometers_per_second": "13.1015263846", "kilometers_per_hour": "47165.494984691", "miles_per_hour": "29306.8043697932"}, "miss_distance": {"astronomical": "0.3253392699", "lunar": "126.556968689", "kilometers": "48670060", "miles": "30242174"}, "orbiting_body": "Earth"}, {"close_approach_date": "2185-04-02", "epoch_date_close_approach": 6792706800000, "relative_velocity": {"kilometers_per_second": "16.2459892496", "kilometers_per_hour": "58485.5612986727", "miles_per_hour": "36340.6533525003"}, "miss_distance": {"astronomical": "0.372752204", "lunar": "145.0005950928", "kilometers": "55762936", "miles": "34649480"}, "orbiting_body": "Earth"}, {"close_approach_date": "2188-01-17", "epoch_date_close_approach": 6880838400000, "relative_velocity": {"kilometers_per_second": "14.9108916442", "kilometers_per_hour": "53679.2099192795", "miles_per_hour": "33354.1735190101"}, "miss_distance": {"astronomical": "0.0388391898", "lunar": "15.1084451675", "kilometers": "5810260.5", "miles": "3610328.5"}, "orbiting_body": "Earth"}, {"close_approach_date": "2190-12-25", "epoch_date_close_approach": 6973545600000, "relative_velocity": {"kilometers_per_second": "30.1996490599", "kilometers_per_hour": "108718.7366154748", "miles_per_hour": "67553.5949819876"}, "miss_distance": {"astronomical": "0.4605558971", "lunar": "179.15625", "kilometers": "68898184", "miles": "42811348"}, "orbiting_body": "Earth"}, {"close_approach_date": "2192-07-03", "epoch_date_close_approach": 7021580400000, "relative_velocity": {"kilometers_per_second": "14.9869569168", "kilometers_per_hour": "53953.0449004818", "miles_per_hour": "33524.323927191"}, "miss_distance": {"astronomical": "0.0662708142", "lunar": "25.7793464661", "kilometers": "9913973", "miles": "6160257"}, "orbiting_body": "Venus"}, {"close_approach_date": "2195-08-21", "epoch_date_close_approach": 7120422000000, "relative_velocity": {"kilometers_per_second": "28.7563243825", "kilometers_per_hour": "103522.7677770522", "miles_per_hour": "64325.0220112467"}, "miss_distance": {"astronomical": "0.4271084706", "lunar": "166.1451873779", "kilometers": "63894516", "miles": "39702212"}, "orbiting_body": "Earth"}, {"close_approach_date": "2197-01-10", "epoch_date_close_approach": 7164316800000, "relative_velocity": {"kilometers_per_second": "19.711119676", "kilometers_per_hour": "70960.0308336918", "miles_per_hour": "44091.8036033014"}, "miss_distance": {"astronomical": "0.1137907875", "lunar": "44.2646179199", "kilometers": "17022860", "miles": "10577515"}, "orbiting_body": "Venus"}, {"close_approach_date": "2198-07-27", "epoch_date_close_approach": 7212956400000, "relative_velocity": {"kilometers_per_second": "14.2189701129", "kilometers_per_hour": "51188.2924065037", "miles_per_hour": "31806.4142455856"}, "miss_distance": {"astronomical": "0.0640285782", "lunar": "24.9071159363", "kilometers": "9578539", "miles": "5951828"}, "orbiting_body": "Earth"}], "orbital_data": {"orbit_id": "24", "orbit_determination_date": "2017-04-06 09:17:11", "orbit_uncertainty": "0", "minimum_orbit_intersection": ".00767126", "jupiter_tisserand_invariant": "4.894", "epoch_osculation": "2458000.5", "eccentricity": ".5194540869703551", "semi_major_axis": "1.2865451823245", "inclination": "2.031544612122285", "ascending_node_longitude": "279.8360421373115", "orbital_period": "533.0107782097747", "perihelion_distance": ".6182440292940176", "perihelion_argument": "287.5722268219922", "aphelion_distance": "1.954846335354981", "perihelion_time": "2458011.875329632395", "mean_anomaly": "352.317005893546", "mean_motion": ".6754084808737515", "equinox": "J2000"}}