{"links": {"self": "https://api.nasa.gov/neo/rest/v1/neo/3035252?api_key=stjNMXvPIBN6FqEBpH6hQbWAtFDv0RARRez0p7z1"}, "neo_reference_id": "3035252", "name": "(2000 KA)", "nasa_jpl_url": "http://ssd.jpl.nasa.gov/sbdb.cgi?sstr=3035252", "absolute_magnitude_h": 21.7, "estimated_diameter": {"kilometers": {"estimated_diameter_min": 0.1214940408, "estimated_diameter_max": 0.2716689341}, "meters": {"estimated_diameter_min": 121.4940407996, "estimated_diameter_max": 271.6689340891}, "miles": {"estimated_diameter_min": 0.0754928736, "estimated_diameter_max": 0.1688071972}, "feet": {"estimated_diameter_min": 398.6025088171, "estimated_diameter_max": 891.3023057169}}, "is_potentially_hazardous_asteroid": true, "close_approach_data": [{"close_approach_date": "1900-05-16", "epoch_date_close_approach": -2197296000000, "relative_velocity": {"kilometers_per_second": "15.937610178", "kilometers_per_hour": "57375.3966409062", "miles_per_hour": "35650.8402072342"}, "miss_distance": {"astronomical": "0.0879351434", "lunar": "34.2067718506", "kilometers": "13154910", "miles": "8174082"}, "orbiting_body": "Earth"}, {"close_approach_date": "1910-11-06", "epoch_date_close_approach": -1866729600000, "relative_velocity": {"kilometers_per_second": "23.7618192139", "kilometers_per_hour": "85542.5491701502", "miles_per_hour": "53152.8133996414"}, "miss_distance": {"astronomical": "0.3455079781", "lunar": "134.4026031494", "kilometers": "51687260", "miles": "32116974"}, "orbiting_body": "Earth"}, {"close_approach_date": "1913-12-06", "epoch_date_close_approach": -1769443200000, "relative_velocity": {"kilometers_per_second": "9.8464089192", "kilometers_per_hour": "35447.0721092571", "miles_per_hour": "22025.4321114436"}, "miss_distance": {"astronomical": "0.133085469", "lunar": "51.7702484131", "kilometers": "19909304", "miles": "12371068"}, "orbiting_body": "Earth"}, {"close_approach_date": "1917-03-05", "epoch_date_close_approach": -1667059200000, "relative_velocity": {"kilometers_per_second": "11.9035131506", "kilometers_per_hour": "42852.6473420639", "miles_per_hour": "26626.9685665174"}, "miss_distance": {"astronomical": "0.2806586077", "lunar": "109.1761932373", "kilometers": "41985928", "miles": "26088848"}, "orbiting_body": "Earth"}, {"close_approach_date": "1917-05-19", "epoch_date_close_approach": -1660579200000, "relative_velocity": {"kilometers_per_second": "6.1635465337", "kilometers_per_hour": "22188.7675212028", "miles_per_hour": "13787.2372411607"}, "miss_distance": {"astronomical": "0.4076083964", "lunar": "158.5596618652", "kilometers": "60977348", "miles": "37889568"}, "orbiting_body": "Earth"}, {"close_approach_date": "1920-05-16", "epoch_date_close_approach": -1566144000000, "relative_velocity": {"kilometers_per_second": "15.7674086415", "kilometers_per_hour": "56762.6711095393", "miles_per_hour": "35270.1163902579"}, "miss_distance": {"astronomical": "0.081961093", "lunar": "31.8828659058", "kilometers": "12261205", "miles": "7618760"}, "orbiting_body": "Earth"}, {"close_approach_date": "1922-12-27", "epoch_date_close_approach": -1483632000000, "relative_velocity": {"kilometers_per_second": "12.9322132577", "kilometers_per_hour": "46555.9677276091", "miles_per_hour": "28928.0678360802"}, "miss_distance": {"astronomical": "0.0966862315", "lunar": "37.6109428406", "kilometers": "14464054", "miles": "8987547"}, "orbiting_body": "Mars"}, {"close_approach_date": "1930-11-06", "epoch_date_close_approach": -1235577600000, "relative_velocity": {"kilometers_per_second": "24.0416018713", "kilometers_per_hour": "86549.7667367722", "miles_per_hour": "53778.6592259682"}, "miss_distance": {"astronomical": "0.3548083898", "lunar": "138.0204620361", "kilometers": "53078580", "miles": "32981500"}, "orbiting_body": "Earth"}, {"close_approach_date": "1933-12-05", "epoch_date_close_approach": -1138377600000, "relative_velocity": {"kilometers_per_second": "10.101986016", "kilometers_per_hour": "36367.1496575399", "miles_per_hour": "22597.132519153"}, "miss_distance": {"astronomical": "0.1228240236", "lunar": "47.7785453796", "kilometers": "18374212", "miles": "11417206"}, "orbiting_body": "Earth"}, {"close_approach_date": "1937-03-03", "epoch_date_close_approach": -1036080000000, "relative_velocity": {"kilometers_per_second": "12.0209294171", "kilometers_per_hour": "43275.3459014038", "miles_per_hour": "26889.6170130139"}, "miss_distance": {"astronomical": "0.2829058871", "lunar": "110.0503845215", "kilometers": "42322116", "miles": "26297744"}, "orbiting_body": "Earth"}, {"close_approach_date": "1937-05-22", "epoch_date_close_approach": -1029168000000, "relative_velocity": {"kilometers_per_second": "6.5466441643", "kilometers_per_hour": "23567.9189916197", "miles_per_hour": "14644.1883312095"}, "miss_distance": {"astronomical": "0.4193750665", "lunar": "163.1369018555", "kilometers": "62737616", "miles": "38983348"}, "orbiting_body": "Earth"}, {"close_approach_date": "1939-11-30", "epoch_date_close_approach": -949507200000, "relative_velocity": {"kilometers_per_second": "13.5517842927", "kilometers_per_hour": "48786.4234536725", "miles_per_hour": "30313.9862843111"}, "miss_distance": {"astronomical": "0.0884635169", "lunar": "34.4123077393", "kilometers": "13233954", "miles": "8223197.5"}, "orbiting_body": "Mars"}, {"close_approach_date": "1940-05-15", "epoch_date_close_approach": -935078400000, "relative_velocity": {"kilometers_per_second": "15.3939467188", "kilometers_per_hour": "55418.2081876105", "miles_per_hour": "34434.7194152406"}, "miss_distance": {"astronomical": "0.0695045328", "lunar": "27.0372619629", "kilometers": "10397730", "miles": "6460849.5"}, "orbiting_body": "Earth"}, {"close_approach_date": "1950-11-05", "epoch_date_close_approach": -604512000000, "relative_velocity": {"kilometers_per_second": "24.579864857", "kilometers_per_hour": "88487.5134853559", "miles_per_hour": "54982.6996987202"}, "miss_distance": {"astronomical": "0.3723491925", "lunar": "144.8438415527", "kilometers": "55702648", "miles": "34612020"}, "orbiting_body": "Earth"}, {"close_approach_date": "1953-12-02", "epoch_date_close_approach": -507484800000, "relative_velocity": {"kilometers_per_second": "10.6413833392", "kilometers_per_hour": "38308.9800211618", "miles_per_hour": "23803.7103914824"}, "miss_distance": {"astronomical": "0.1018009031", "lunar": "39.6005516052", "kilometers": "15229199", "miles": "9462985"}, "orbiting_body": "Earth"}, {"close_approach_date": "1956-11-02", "epoch_date_close_approach": -415382400000, "relative_velocity": {"kilometers_per_second": "14.1432036889", "kilometers_per_hour": "50915.5332800623", "miles_per_hour": "31636.9323317143"}, "miss_distance": {"astronomical": "0.0935291791", "lunar": "36.382850647", "kilometers": "13991766", "miles": "8694080"}, "orbiting_body": "Mars"}, {"close_approach_date": "1957-02-28", "epoch_date_close_approach": -405187200000, "relative_velocity": {"kilometers_per_second": "12.1551750037", "kilometers_per_hour": "43758.6300132541", "miles_per_hour": "27189.9109657356"}, "miss_distance": {"astronomical": "0.2855574166", "lunar": "111.0818328857", "kilometers": "42718784", "miles": "26544220"}, "orbiting_body": "Earth"}, {"close_approach_date": "1957-05-26", "epoch_date_close_approach": -397674000000, "relative_velocity": {"kilometers_per_second": "7.0483446497", "kilometers_per_hour": "25374.0407388869", "miles_per_hour": "15766.4421468934"}, "miss_distance": {"astronomical": "0.4360489415", "lunar": "169.623046875", "kilometers": "65231996", "miles": "40533284"}, "orbiting_body": "Earth"}, {"close_approach_date": "1960-05-14", "epoch_date_close_approach": -304016400000, "relative_velocity": {"kilometers_per_second": "14.7061272023", "kilometers_per_hour": "52942.0579284586", "miles_per_hour": "32896.1359389358"}, "miss_distance": {"astronomical": "0.0484046393", "lunar": "18.8294048309", "kilometers": "7241231", "miles": "4499492"}, "orbiting_body": "Earth"}, {"close_approach_date": "1970-11-05", "epoch_date_close_approach": 26640000000, "relative_velocity": {"kilometers_per_second": "24.8835338382", "kilometers_per_hour": "89580.7218175344", "miles_per_hour": "55661.9768426785"}, "miss_distance": {"astronomical": "0.3838095674", "lunar": "149.3019256592", "kilometers": "57417096", "miles": "35677328"}, "orbiting_body": "Earth"}, {"close_approach_date": "1973-12-02", "epoch_date_close_approach": 123667200000, "relative_velocity": {"kilometers_per_second": "10.8320604292", "kilometers_per_hour": "38995.4175451751", "miles_per_hour": "24230.2359741117"}, "miss_distance": {"astronomical": "0.0944544744", "lunar": "36.7427902222", "kilometers": "14130188", "miles": "8780092"}, "orbiting_body": "Earth"}, {"close_approach_date": "1977-02-27", "epoch_date_close_approach": 225878400000, "relative_velocity": {"kilometers_per_second": "12.1887681417", "kilometers_per_hour": "43879.5653101142", "miles_per_hour": "27265.0554561652"}, "miss_distance": {"astronomical": "0.2856915606", "lunar": "111.1340179443", "kilometers": "42738848", "miles": "26556690"}, "orbiting_body": "Earth"}, {"close_approach_date": "1977-05-27", "epoch_date_close_approach": 233564400000, "relative_velocity": {"kilometers_per_second": "7.1082232444", "kilometers_per_hour": "25589.6036798599", "miles_per_hour": "15900.3845754107"}, "miss_distance": {"astronomical": "0.4401373803", "lunar": "171.2134399414", "kilometers": "65843616", "miles": "40913328"}, "orbiting_body": "Earth"}, {"close_approach_date": "1980-05-14", "epoch_date_close_approach": 327135600000, "relative_velocity": {"kilometers_per_second": "14.6064126347", "kilometers_per_hour": "52583.0854847893", "miles_per_hour": "32673.0844224792"}, "miss_distance": {"astronomical": "0.0449235958", "lunar": "17.4752788544", "kilometers": "6720474.5", "miles": "4175909.25"}, "orbiting_body": "Earth"}, {"close_approach_date": "1990-11-05", "epoch_date_close_approach": 657792000000, "relative_velocity": {"kilometers_per_second": "25.0235355968", "kilometers_per_hour": "90084.7281484912", "miles_per_hour": "55975.1467764889"}, "miss_distance": {"astronomical": "0.3881396914", "lunar": "150.9863433838", "kilometers": "58064872", "miles": "36079840"}, "orbiting_body": "Earth"}, {"close_approach_date": "1993-12-01", "epoch_date_close_approach": 754732800000, "relative_velocity": {"kilometers_per_second": "11.0511064152", "kilometers_per_hour": "39783.9830948305", "miles_per_hour": "24720.2199402296"}, "miss_distance": {"astronomical": "0.0864723208", "lunar": "33.6377296448", "kilometers": "12936075", "miles": "8038104"}, "orbiting_body": "Earth"}, {"close_approach_date": "1997-02-26", "epoch_date_close_approach": 856944000000, "relative_velocity": {"kilometers_per_second": "12.2532534975", "kilometers_per_hour": "44111.7125908222", "miles_per_hour": "27409.3027484473"}, "miss_distance": {"astronomical": "0.2866872193", "lunar": "111.5213317871", "kilometers": "42887800", "miles": "26649242"}, "orbiting_body": "Earth"}, {"close_approach_date": "1997-05-28", "epoch_date_close_approach": 864802800000, "relative_velocity": {"kilometers_per_second": "7.2941648609", "kilometers_per_hour": "26258.9934992425", "miles_per_hour": "16316.3173773488"}, "miss_distance": {"astronomical": "0.4482271363", "lunar": "174.3603515625", "kilometers": "67053824", "miles": "41665316"}, "orbiting_body": "Earth"}, {"close_approach_date": "2000-05-13", "epoch_date_close_approach": 958201200000, "relative_velocity": {"kilometers_per_second": "14.2742123475", "kilometers_per_hour": "51387.1644511296", "miles_per_hour": "31929.9856002033"}, "miss_distance": {"astronomical": "0.035529091", "lunar": "13.8208169937", "kilometers": "5315076.5", "miles": "3302635.5"}, "orbiting_body": "Earth"}, {"close_approach_date": "2010-11-04", "epoch_date_close_approach": 1288854000000, "relative_velocity": {"kilometers_per_second": "25.6325935361", "kilometers_per_hour": "92277.3367298362", "miles_per_hour": "57337.5484808251"}, "miss_distance": {"astronomical": "0.408735805", "lunar": "158.9982299805", "kilometers": "61146008", "miles": "37994368"}, "orbiting_body": "Earth"}, {"close_approach_date": "2013-11-29", "epoch_date_close_approach": 1385712000000, "relative_velocity": {"kilometers_per_second": "11.7928910464", "kilometers_per_hour": "42454.4077671703", "miles_per_hour": "26379.5179817731"}, "miss_distance": {"astronomical": "0.0599486232", "lunar": "23.3200149536", "kilometers": "8968186", "miles": "5572572.5"}, "orbiting_body": "Earth"}, {"close_approach_date": "2017-02-22", "epoch_date_close_approach": 1487750400000, "relative_velocity": {"kilometers_per_second": "12.3198641823", "kilometers_per_hour": "44351.5110562681", "miles_per_hour": "27558.3041893795"}, "miss_distance": {"astronomical": "0.2878546731", "lunar": "111.9754638672", "kilometers": "43062448", "miles": "26757764"}, "orbiting_body": "Earth"}, {"close_approach_date": "2017-05-31", "epoch_date_close_approach": 1496214000000, "relative_velocity": {"kilometers_per_second": "7.6552528836", "kilometers_per_hour": "27558.9103809123", "miles_per_hour": "17124.0351752952"}, "miss_distance": {"astronomical": "0.4659984027", "lunar": "181.2733764648", "kilometers": "69712368", "miles": "43317260"}, "orbiting_body": "Earth"}, {"close_approach_date": "2020-05-12", "epoch_date_close_approach": 1589266800000, "relative_velocity": {"kilometers_per_second": "13.4981411428", "kilometers_per_hour": "48593.3081142366", "miles_per_hour": "30193.9919224266"}, "miss_distance": {"astronomical": "0.022711049", "lunar": "8.8345985413", "kilometers": "3397524.75", "miles": "2111124"}, "orbiting_body": "Earth"}, {"close_approach_date": "2023-06-06", "epoch_date_close_approach": 1686034800000, "relative_velocity": {"kilometers_per_second": "26.9281027925", "kilometers_per_hour": "96941.1700529496", "miles_per_hour": "60235.4731365119"}, "miss_distance": {"astronomical": "0.4637863934", "lunar": "180.412902832", "kilometers": "69381456", "miles": "43111640"}, "orbiting_body": "Earth"}, {"close_approach_date": "2030-10-31", "epoch_date_close_approach": 1919660400000, "relative_velocity": {"kilometers_per_second": "28.2621112406", "kilometers_per_hour": "101743.6004661712", "miles_per_hour": "63219.5166341051"}, "miss_distance": {"astronomical": "0.4971433757", "lunar": "193.3887786865", "kilometers": "74371592", "miles": "46212364"}, "orbiting_body": "Earth"}, {"close_approach_date": "2033-11-23", "epoch_date_close_approach": 2016345600000, "relative_velocity": {"kilometers_per_second": "14.7691956114", "kilometers_per_hour": "53169.104201216", "miles_per_hour": "33037.21366325"}, "miss_distance": {"astronomical": "0.0431112816", "lunar": "16.7702884674", "kilometers": "6449356", "miles": "4007444.25"}, "orbiting_body": "Earth"}, {"close_approach_date": "2036-11-18", "epoch_date_close_approach": 2110608000000, "relative_velocity": {"kilometers_per_second": "5.9130686502", "kilometers_per_hour": "21287.0471406796", "miles_per_hour": "13226.9432636073"}, "miss_distance": {"astronomical": "0.4019911921", "lunar": "156.3745727539", "kilometers": "60137028", "miles": "37367416"}, "orbiting_body": "Earth"}, {"close_approach_date": "2037-01-28", "epoch_date_close_approach": 2116742400000, "relative_velocity": {"kilometers_per_second": "11.9027870281", "kilometers_per_hour": "42850.0333011294", "miles_per_hour": "26625.3443031379"}, "miss_distance": {"astronomical": "0.27549354", "lunar": "107.1669845581", "kilometers": "41213248", "miles": "25608724"}, "orbiting_body": "Earth"}, {"close_approach_date": "2040-04-17", "epoch_date_close_approach": 2218258800000, "relative_velocity": {"kilometers_per_second": "8.8649539259", "kilometers_per_hour": "31913.8341334106", "miles_per_hour": "19830.0154369517"}, "miss_distance": {"astronomical": "0.1937733118", "lunar": "75.377822876", "kilometers": "28988076", "miles": "18012356"}, "orbiting_body": "Earth"}, {"close_approach_date": "2043-05-25", "epoch_date_close_approach": 2316150000000, "relative_velocity": {"kilometers_per_second": "19.6429165792", "kilometers_per_hour": "70714.4996850631", "miles_per_hour": "43939.2400959771"}, "miss_distance": {"astronomical": "0.2156866566", "lunar": "83.9021148682", "kilometers": "32266266", "miles": "20049328"}, "orbiting_body": "Earth"}, {"close_approach_date": "2046-08-20", "epoch_date_close_approach": 2418361200000, "relative_velocity": {"kilometers_per_second": "12.8509865336", "kilometers_per_hour": "46263.5515208462", "miles_per_hour": "28746.3717769392"}, "miss_distance": {"astronomical": "0.0695225944", "lunar": "27.0442905426", "kilometers": "10400433", "miles": "6462529"}, "orbiting_body": "Mars"}, {"close_approach_date": "2053-11-03", "epoch_date_close_approach": 2645769600000, "relative_velocity": {"kilometers_per_second": "26.7153150908", "kilometers_per_hour": "96175.1343269948", "miles_per_hour": "59759.4883266819"}, "miss_distance": {"astronomical": "0.4453585637", "lunar": "173.2444915771", "kilometers": "66624696", "miles": "41398668"}, "orbiting_body": "Earth"}, {"close_approach_date": "2056-11-23", "epoch_date_close_approach": 2742192000000, "relative_velocity": {"kilometers_per_second": "14.3842208088", "kilometers_per_hour": "51783.1949115785", "miles_per_hour": "32176.0635271416"}, "miss_distance": {"astronomical": "0.0298189552", "lunar": "11.5995740891", "kilometers": "4460852.5", "miles": "2771845.25"}, "orbiting_body": "Earth"}, {"close_approach_date": "2060-01-23", "epoch_date_close_approach": 2842070400000, "relative_velocity": {"kilometers_per_second": "11.5293079146", "kilometers_per_hour": "41505.5084925204", "miles_per_hour": "25789.9088741441"}, "miss_distance": {"astronomical": "0.2671546918", "lunar": "103.9231719971", "kilometers": "39965772", "miles": "24833580"}, "orbiting_body": "Earth"}, {"close_approach_date": "2063-03-29", "epoch_date_close_approach": 2942377200000, "relative_velocity": {"kilometers_per_second": "10.1905223198", "kilometers_per_hour": "36685.8803511306", "miles_per_hour": "22795.1793770678"}, "miss_distance": {"astronomical": "0.2442355642", "lunar": "95.0076293945", "kilometers": "36537120", "miles": "22703114"}, "orbiting_body": "Earth"}, {"close_approach_date": "2066-05-19", "epoch_date_close_approach": 3041478000000, "relative_velocity": {"kilometers_per_second": "16.1604839719", "kilometers_per_hour": "58177.7422988879", "miles_per_hour": "36149.3865967729"}, "miss_distance": {"astronomical": "0.0964665713", "lunar": "37.5254974365", "kilometers": "14431194", "miles": "8967128"}, "orbiting_body": "Earth"}, {"close_approach_date": "2069-06-06", "epoch_date_close_approach": 3137727600000, "relative_velocity": {"kilometers_per_second": "27.1159995715", "kilometers_per_hour": "97617.5984574799", "miles_per_hour": "60655.779441538"}, "miss_distance": {"astronomical": "0.4698277682", "lunar": "182.7630004883", "kilometers": "70285232", "miles": "43673220"}, "orbiting_body": "Earth"}, {"close_approach_date": "2079-11-11", "epoch_date_close_approach": 3466915200000, "relative_velocity": {"kilometers_per_second": "21.982779998", "kilometers_per_hour": "79138.00799262", "miles_per_hour": "49173.2805774144"}, "miss_distance": {"astronomical": "0.2874969839", "lunar": "111.8363265991", "kilometers": "43008936", "miles": "26724514"}, "orbiting_body": "Earth"}, {"close_approach_date": "2082-12-04", "epoch_date_close_approach": 3563596800000, "relative_velocity": {"kilometers_per_second": "10.5306730261", "kilometers_per_hour": "37910.4228940115", "miles_per_hour": "23556.0624921151"}, "miss_distance": {"astronomical": "0.10386569", "lunar": "40.403755188", "kilometers": "15538086", "miles": "9654919"}, "orbiting_body": "Earth"}, {"close_approach_date": "2085-11-01", "epoch_date_close_approach": 3655436400000, "relative_velocity": {"kilometers_per_second": "8.3449217204", "kilometers_per_hour": "30041.7181935748", "miles_per_hour": "18666.7553964465"}, "miss_distance": {"astronomical": "0.4944238348", "lunar": "192.330871582", "kilometers": "73964752", "miles": "45959568"}, "orbiting_body": "Earth"}, {"close_approach_date": "2086-02-17", "epoch_date_close_approach": 3664771200000, "relative_velocity": {"kilometers_per_second": "12.3986339759", "kilometers_per_hour": "44635.0823131453", "miles_per_hour": "27734.5043406319"}, "miss_distance": {"astronomical": "0.2892967356", "lunar": "112.5364379883", "kilometers": "43278176", "miles": "26891812"}, "orbiting_body": "Earth"}, {"close_approach_date": "2086-06-06", "epoch_date_close_approach": 3674185200000, "relative_velocity": {"kilometers_per_second": "8.1971771487", "kilometers_per_hour": "29509.8377353008", "miles_per_hour": "18336.2655639151"}, "miss_distance": {"astronomical": "0.4944963948", "lunar": "192.3591003418", "kilometers": "73975608", "miles": "45966312"}, "orbiting_body": "Earth"}, {"close_approach_date": "2089-05-05", "epoch_date_close_approach": 3766114800000, "relative_velocity": {"kilometers_per_second": "10.3772889547", "kilometers_per_hour": "37358.2402368754", "miles_per_hour": "23212.9576627407"}, "miss_distance": {"astronomical": "0.1109494276", "lunar": "43.1593284607", "kilometers": "16597798", "miles": "10313394"}, "orbiting_body": "Earth"}, {"close_approach_date": "2092-05-28", "epoch_date_close_approach": 3862796400000, "relative_velocity": {"kilometers_per_second": "21.5243891582", "kilometers_per_hour": "77487.8009693947", "miles_per_hour": "48147.9061078997"}, "miss_distance": {"astronomical": "0.2797880669", "lunar": "108.837562561", "kilometers": "41855700", "miles": "26007926"}, "orbiting_body": "Earth"}, {"close_approach_date": "2095-05-16", "epoch_date_close_approach": 3956367600000, "relative_velocity": {"kilometers_per_second": "14.3066261754", "kilometers_per_hour": "51503.8542314796", "miles_per_hour": "32002.4920917769"}, "miss_distance": {"astronomical": "0.1281963671", "lunar": "49.8683891296", "kilometers": "19177904", "miles": "11916597"}, "orbiting_body": "Venus"}, {"close_approach_date": "2098-06-06", "epoch_date_close_approach": 4052876400000, "relative_velocity": {"kilometers_per_second": "10.6163114529", "kilometers_per_hour": "38218.7212304893", "miles_per_hour": "23747.6270890227"}, "miss_distance": {"astronomical": "0.0643579976", "lunar": "25.0352611542", "kilometers": "9627819", "miles": "5982449.5"}, "orbiting_body": "Venus"}, {"close_approach_date": "2101-06-27", "epoch_date_close_approach": 4149298800000, "relative_velocity": {"kilometers_per_second": "8.3310231473", "kilometers_per_hour": "29991.6833303615", "miles_per_hour": "18635.665678246"}, "miss_distance": {"astronomical": "0.0416697123", "lunar": "16.2095184326", "kilometers": "6233700", "miles": "3873441.75"}, "orbiting_body": "Venus"}, {"close_approach_date": "2102-11-08", "epoch_date_close_approach": 4192416000000, "relative_velocity": {"kilometers_per_second": "24.5992920351", "kilometers_per_hour": "88557.4513261919", "miles_per_hour": "55026.1563532107"}, "miss_distance": {"astronomical": "0.3744975706", "lunar": "145.6795501709", "kilometers": "56024040", "miles": "34811724"}, "orbiting_body": "Earth"}, {"close_approach_date": "2104-07-16", "epoch_date_close_approach": 4245634800000, "relative_velocity": {"kilometers_per_second": "7.4471181583", "kilometers_per_hour": "26809.6253700371", "miles_per_hour": "16658.4586083989"}, "miss_distance": {"astronomical": "0.0425623484", "lunar": "16.5567531586", "kilometers": "6367236.5", "miles": "3956417.25"}, "orbiting_body": "Venus"}, {"close_approach_date": "2105-12-02", "epoch_date_close_approach": 4289184000000, "relative_velocity": {"kilometers_per_second": "11.3266520118", "kilometers_per_hour": "40775.9472426359", "miles_per_hour": "25336.5878852923"}, "miss_distance": {"astronomical": "0.0763350826", "lunar": "29.6943454742", "kilometers": "11419566", "miles": "7095789"}, "orbiting_body": "Earth"}, {"close_approach_date": "2107-08-05", "epoch_date_close_approach": 4341970800000, "relative_velocity": {"kilometers_per_second": "7.348534899", "kilometers_per_hour": "26454.7256362476", "miles_per_hour": "16437.9377154784"}, "miss_distance": {"astronomical": "0.0444678083", "lunar": "17.2979774475", "kilometers": "6652289.5", "miles": "4133541"}, "orbiting_body": "Venus"}, {"close_approach_date": "2109-02-23", "epoch_date_close_approach": 4391049600000, "relative_velocity": {"kilometers_per_second": "12.3527177015", "kilometers_per_hour": "44469.7837252517", "miles_per_hour": "27631.7942263932"}, "miss_distance": {"astronomical": "0.2885818112", "lunar": "112.2583236694", "kilometers": "43171224", "miles": "26825356"}, "orbiting_body": "Earth"}, {"close_approach_date": "2109-06-03", "epoch_date_close_approach": 4399686000000, "relative_velocity": {"kilometers_per_second": "7.746491996", "kilometers_per_hour": "27887.3711856667", "miles_per_hour": "17328.1279458938"}, "miss_distance": {"astronomical": "0.4717010043", "lunar": "183.49168396", "kilometers": "70565464", "miles": "43847348"}, "orbiting_body": "Earth"}, {"close_approach_date": "2110-08-25", "epoch_date_close_approach": 4438393200000, "relative_velocity": {"kilometers_per_second": "7.8262818744", "kilometers_per_hour": "28174.614747711", "miles_per_hour": "17506.6099247652"}, "miss_distance": {"astronomical": "0.0451109405", "lunar": "17.5481567383", "kilometers": "6748501", "miles": "4193324"}, "orbiting_body": "Venus"}, {"close_approach_date": "2112-05-12", "epoch_date_close_approach": 4492479600000, "relative_velocity": {"kilometers_per_second": "12.7004072727", "kilometers_per_hour": "45721.4661816422", "miles_per_hour": "28409.5410282543"}, "miss_distance": {"astronomical": "0.0335169812", "lunar": "13.0381059647", "kilometers": "5014069", "miles": "3115598"}, "orbiting_body": "Earth"}, {"close_approach_date": "2113-09-12", "epoch_date_close_approach": 4534642800000, "relative_velocity": {"kilometers_per_second": "9.9667090915", "kilometers_per_hour": "35880.1527293992", "miles_per_hour": "22294.5315667759"}, "miss_distance": {"astronomical": "0.0619466525", "lunar": "24.0972480774", "kilometers": "9267087", "miles": "5758301"}, "orbiting_body": "Venus"}, {"close_approach_date": "2115-06-03", "epoch_date_close_approach": 4588988400000, "relative_velocity": {"kilometers_per_second": "24.3654374873", "kilometers_per_hour": "87715.5749544564", "miles_per_hour": "54503.047115451"}, "miss_distance": {"astronomical": "0.3762451199", "lunar": "146.3593444824", "kilometers": "56285468", "miles": "34974168"}, "orbiting_body": "Earth"}, {"close_approach_date": "2116-10-02", "epoch_date_close_approach": 4631065200000, "relative_velocity": {"kilometers_per_second": "14.2397113322", "kilometers_per_hour": "51262.9607957555", "miles_per_hour": "31852.810278896"}, "miss_distance": {"astronomical": "0.1301392243", "lunar": "50.6241607666", "kilometers": "19468552", "miles": "12097197"}, "orbiting_body": "Venus"}, {"close_approach_date": "2125-11-08", "epoch_date_close_approach": 4918262400000, "relative_velocity": {"kilometers_per_second": "24.5145097146", "kilometers_per_hour": "88252.2349725557", "miles_per_hour": "54836.5067805861"}, "miss_distance": {"astronomical": "0.372855374", "lunar": "145.0407409668", "kilometers": "55778368", "miles": "34659072"}, "orbiting_body": "Earth"}, {"close_approach_date": "2128-11-27", "epoch_date_close_approach": 5014598400000, "relative_velocity": {"kilometers_per_second": "13.1082022914", "kilometers_per_hour": "47189.5282490551", "miles_per_hour": "29321.7377056421"}, "miss_distance": {"astronomical": "0.0146342649", "lunar": "5.6927289963", "kilometers": "2189254.75", "miles": "1360339.875"}, "orbiting_body": "Earth"}, {"close_approach_date": "2131-11-07", "epoch_date_close_approach": 5107478400000, "relative_velocity": {"kilometers_per_second": "7.7307270818", "kilometers_per_hour": "27830.6174944635", "miles_per_hour": "17292.8634092682"}, "miss_distance": {"astronomical": "0.4617044233", "lunar": "179.6030273438", "kilometers": "69070000", "miles": "42918108"}, "orbiting_body": "Earth"}, {"close_approach_date": "2132-02-12", "epoch_date_close_approach": 5115859200000, "relative_velocity": {"kilometers_per_second": "12.319817126", "kilometers_per_hour": "44351.3416534571", "miles_per_hour": "27558.1989290606"}, "miss_distance": {"astronomical": "0.2864192759", "lunar": "111.417098999", "kilometers": "42847712", "miles": "26624334"}, "orbiting_body": "Earth"}, {"close_approach_date": "2135-05-06", "epoch_date_close_approach": 5217721200000, "relative_velocity": {"kilometers_per_second": "10.4364810168", "kilometers_per_hour": "37571.331660525", "miles_per_hour": "23345.3643865079"}, "miss_distance": {"astronomical": "0.1086552349", "lunar": "42.2668876648", "kilometers": "16254592", "miles": "10100135"}, "orbiting_body": "Earth"}, {"close_approach_date": "2138-05-31", "epoch_date_close_approach": 5314575600000, "relative_velocity": {"kilometers_per_second": "22.7202929445", "kilometers_per_hour": "81793.0546002522", "miles_per_hour": "50823.0232875845"}, "miss_distance": {"astronomical": "0.3210656519", "lunar": "124.8945465088", "kilometers": "48030740", "miles": "29844918"}, "orbiting_body": "Earth"}, {"close_approach_date": "2148-11-12", "epoch_date_close_approach": 5644454400000, "relative_velocity": {"kilometers_per_second": "21.8699713215", "kilometers_per_hour": "78731.8967574497", "miles_per_hour": "48920.9388490942"}, "miss_distance": {"astronomical": "0.2841770811", "lunar": "110.5448913574", "kilometers": "42512288", "miles": "26415912"}, "orbiting_body": "Earth"}, {"close_approach_date": "2151-12-12", "epoch_date_close_approach": 5741654400000, "relative_velocity": {"kilometers_per_second": "9.3843574989", "kilometers_per_hour": "33783.6869960089", "miles_per_hour": "20991.8692892701"}, "miss_distance": {"astronomical": "0.1501649636", "lunar": "58.4141693115", "kilometers": "22464358", "miles": "13958705"}, "orbiting_body": "Earth"}, {"close_approach_date": "2155-03-05", "epoch_date_close_approach": 5843520000000, "relative_velocity": {"kilometers_per_second": "12.0215224365", "kilometers_per_hour": "43277.480771274", "miles_per_hour": "26890.9435381286"}, "miss_distance": {"astronomical": "0.2829108129", "lunar": "110.0523071289", "kilometers": "42322856", "miles": "26298204"}, "orbiting_body": "Earth"}, {"close_approach_date": "2155-05-27", "epoch_date_close_approach": 5850687600000, "relative_velocity": {"kilometers_per_second": "6.7476758881", "kilometers_per_hour": "24291.6331973303", "miles_per_hour": "15093.8761941967"}, "miss_distance": {"astronomical": "0.4271293017", "lunar": "166.1532897949", "kilometers": "63897636", "miles": "39704148"}, "orbiting_body": "Earth"}, {"close_approach_date": "2158-05-15", "epoch_date_close_approach": 5944345200000, "relative_velocity": {"kilometers_per_second": "13.9063189285", "kilometers_per_hour": "50062.7481425708", "miles_per_hour": "31107.0448111435"}, "miss_distance": {"astronomical": "0.0237749642", "lunar": "9.2484617233", "kilometers": "3556684.25", "miles": "2210021"}, "orbiting_body": "Earth"}, {"close_approach_date": "2161-06-07", "epoch_date_close_approach": 6041026800000, "relative_velocity": {"kilometers_per_second": "27.129408175", "kilometers_per_hour": "97665.8694298279", "miles_per_hour": "60685.7731465506"}, "miss_distance": {"astronomical": "0.4706945453", "lunar": "183.1001739502", "kilometers": "70414904", "miles": "43753792"}, "orbiting_body": "Earth"}, {"close_approach_date": "2168-11-03", "epoch_date_close_approach": 6274825200000, "relative_velocity": {"kilometers_per_second": "27.7991307203", "kilometers_per_hour": "100076.8705929367", "miles_per_hour": "62183.87550815"}, "miss_distance": {"astronomical": "0.4816844753", "lunar": "187.3752593994", "kilometers": "72058976", "miles": "44775368"}, "orbiting_body": "Earth"}, {"close_approach_date": "2171-11-27", "epoch_date_close_approach": 6371510400000, "relative_velocity": {"kilometers_per_second": "14.0229113067", "kilometers_per_hour": "50482.4807041229", "miles_per_hour": "31367.850301959"}, "miss_distance": {"astronomical": "0.018918026", "lunar": "7.3591122627", "kilometers": "2830096.5", "miles": "1758540.375"}, "orbiting_body": "Earth"}], "orbital_data": {"orbit_id": "28", "orbit_determination_date": "2017-04-06 09:17:00", "orbit_uncertainty": "0", "minimum_orbit_intersection": ".00167488", "jupiter_tisserand_invariant": "4.798", "epoch_osculation": "2458000.5", "eccentricity": ".4621260337358156", "semi_major_axis": "1.332063461592256", "inclination": "6.701105555198128", "ascending_node_longitude": "62.56367094519973", "orbital_period": "561.5465980637675", "perihelion_distance": ".7164822574022258", "perihelion_argument": "83.11901617204229", "aphelion_distance": "1.947644665782286", "perihelion_time": "2457802.129460890097", "mean_anomaly": "127.1726947074399", "mean_motion": ".6410866012567661", "equinox": "J2000"}}