{"links": {"self": "https://api.nasa.gov/neo/rest/v1/neo/3078262?api_key=stjNMXvPIBN6FqEBpH6hQbWAtFDv0RARRez0p7z1"}, "neo_reference_id": "3078262", "name": "(2001 LD)", "nasa_jpl_url": "http://ssd.jpl.nasa.gov/sbdb.cgi?sstr=3078262", "absolute_magnitude_h": 20.1, "estimated_diameter": {"kilometers": {"estimated_diameter_min": 0.2538370294, "estimated_diameter_max": 0.5675968529}, "meters": {"estimated_diameter_min": 253.8370293645, "estimated_diameter_max": 567.5968528656}, "miles": {"estimated_diameter_min": 0.1577269688, "estimated_diameter_max": 0.3526882241}, "feet": {"estimated_diameter_min": 832.7986794202, "estimated_diameter_max": 1862.1944587557}}, "is_potentially_hazardous_asteroid": true, "close_approach_data": [{"close_approach_date": "1903-01-01", "epoch_date_close_approach": -2114352000000, "relative_velocity": {"kilometers_per_second": "18.1401634115", "kilometers_per_hour": "65304.5882814349", "miles_per_hour": "40577.731535206"}, "miss_distance": {"astronomical": "0.3265899773", "lunar": "127.0435028076", "kilometers": "48857164", "miles": "30358434"}, "orbiting_body": "Earth"}, {"close_approach_date": "1903-05-20", "epoch_date_close_approach": -2102342400000, "relative_velocity": {"kilometers_per_second": "16.1072920599", "kilometers_per_hour": "57986.2514157239", "miles_per_hour": "36030.4016088424"}, "miss_distance": {"astronomical": "0.4859763375", "lunar": "189.0447998047", "kilometers": "72701024", "miles": "45174324"}, "orbiting_body": "Earth"}, {"close_approach_date": "1907-12-24", "epoch_date_close_approach": -1957276800000, "relative_velocity": {"kilometers_per_second": "15.638920108", "kilometers_per_hour": "56300.1123886402", "miles_per_hour": "34982.7003894859"}, "miss_distance": {"astronomical": "0.4613690993", "lunar": "179.4725799561", "kilometers": "69019832", "miles": "42886936"}, "orbiting_body": "Earth"}, {"close_approach_date": "1908-06-07", "epoch_date_close_approach": -1942934400000, "relative_velocity": {"kilometers_per_second": "17.9919829819", "kilometers_per_hour": "64771.1387348472", "miles_per_hour": "40246.2667322166"}, "miss_distance": {"astronomical": "0.0408643636", "lunar": "15.8962373734", "kilometers": "6113222", "miles": "3798580"}, "orbiting_body": "Earth"}, {"close_approach_date": "1913-06-27", "epoch_date_close_approach": -1783440000000, "relative_velocity": {"kilometers_per_second": "26.6869096768", "kilometers_per_hour": "96072.8748364728", "miles_per_hour": "59695.9482560294"}, "miss_distance": {"astronomical": "0.431930149", "lunar": "168.0208282471", "kilometers": "64615832", "miles": "40150416"}, "orbiting_body": "Earth"}, {"close_approach_date": "1925-01-01", "epoch_date_close_approach": -1420041600000, "relative_velocity": {"kilometers_per_second": "19.3222059899", "kilometers_per_hour": "69559.941563663", "miles_per_hour": "43221.8425788216"}, "miss_distance": {"astronomical": "0.3482171525", "lunar": "135.4564819336", "kilometers": "52092548", "miles": "32368808"}, "orbiting_body": "Earth"}, {"close_approach_date": "1929-12-26", "epoch_date_close_approach": -1262793600000, "relative_velocity": {"kilometers_per_second": "15.7319140689", "kilometers_per_hour": "56634.8906481242", "miles_per_hour": "35190.7185807748"}, "miss_distance": {"astronomical": "0.4131950389", "lunar": "160.7328796387", "kilometers": "61813100", "miles": "38408880"}, "orbiting_body": "Earth"}, {"close_approach_date": "1930-06-03", "epoch_date_close_approach": -1249056000000, "relative_velocity": {"kilometers_per_second": "16.8440659867", "kilometers_per_hour": "60638.6375522658", "miles_per_hour": "37678.4912057398"}, "miss_distance": {"astronomical": "0.1178780884", "lunar": "45.8545761108", "kilometers": "17634310", "miles": "10957453"}, "orbiting_body": "Earth"}, {"close_approach_date": "1935-06-23", "epoch_date_close_approach": -1089561600000, "relative_velocity": {"kilometers_per_second": "24.3535865111", "kilometers_per_hour": "87672.9114401036", "miles_per_hour": "54476.5376667688"}, "miss_distance": {"astronomical": "0.3296566164", "lunar": "128.2364349365", "kilometers": "49315932", "miles": "30643498"}, "orbiting_body": "Earth"}, {"close_approach_date": "1946-12-31", "epoch_date_close_approach": -725904000000, "relative_velocity": {"kilometers_per_second": "21.6189428039", "kilometers_per_hour": "77828.1940939187", "miles_per_hour": "48359.4131579685"}, "miss_distance": {"astronomical": "0.4081651413", "lunar": "158.7762298584", "kilometers": "61060636", "miles": "37941320"}, "orbiting_body": "Earth"}, {"close_approach_date": "1951-12-30", "epoch_date_close_approach": -568224000000, "relative_velocity": {"kilometers_per_second": "16.1293631747", "kilometers_per_hour": "58065.7074290896", "miles_per_hour": "36079.7724855918"}, "miss_distance": {"astronomical": "0.3566179246", "lunar": "138.7243804932", "kilometers": "53349284", "miles": "33149708"}, "orbiting_body": "Earth"}, {"close_approach_date": "1952-05-28", "epoch_date_close_approach": -555267600000, "relative_velocity": {"kilometers_per_second": "15.8453469064", "kilometers_per_hour": "57043.248863081", "miles_per_hour": "35444.4564949517"}, "miss_distance": {"astronomical": "0.2505801495", "lunar": "97.4756851196", "kilometers": "37486260", "miles": "23292882"}, "orbiting_body": "Earth"}, {"close_approach_date": "1957-06-16", "epoch_date_close_approach": -395859600000, "relative_velocity": {"kilometers_per_second": "21.5421116688", "kilometers_per_hour": "77551.6020077578", "miles_per_hour": "48187.549591987"}, "miss_distance": {"astronomical": "0.195970644", "lunar": "76.2325820923", "kilometers": "29316790", "miles": "18216610"}, "orbiting_body": "Earth"}, {"close_approach_date": "1968-12-28", "epoch_date_close_approach": -31852800000, "relative_velocity": {"kilometers_per_second": "24.446385634", "kilometers_per_hour": "88006.9882824814", "miles_per_hour": "54684.1200247452"}, "miss_distance": {"astronomical": "0.49496319", "lunar": "192.5406799316", "kilometers": "74045440", "miles": "46009704"}, "orbiting_body": "Earth"}, {"close_approach_date": "1973-12-31", "epoch_date_close_approach": 126172800000, "relative_velocity": {"kilometers_per_second": "16.9870688186", "kilometers_per_hour": "61153.447746883", "miles_per_hour": "37998.3742402785"}, "miss_distance": {"astronomical": "0.3271125822", "lunar": "127.2467956543", "kilometers": "48935348", "miles": "30407014"}, "orbiting_body": "Earth"}, {"close_approach_date": "1974-05-23", "epoch_date_close_approach": 138524400000, "relative_velocity": {"kilometers_per_second": "15.6939882182", "kilometers_per_hour": "56498.3575856867", "miles_per_hour": "35105.8822453952"}, "miss_distance": {"astronomical": "0.3782126162", "lunar": "147.124710083", "kilometers": "56579804", "miles": "35157060"}, "orbiting_body": "Earth"}, {"close_approach_date": "1979-06-11", "epoch_date_close_approach": 297932400000, "relative_velocity": {"kilometers_per_second": "19.3426162793", "kilometers_per_hour": "69633.4186054156", "miles_per_hour": "43267.4983551261"}, "miss_distance": {"astronomical": "0.0800848377", "lunar": "31.1530017853", "kilometers": "11980521", "miles": "7444351"}, "orbiting_body": "Earth"}, {"close_approach_date": "1996-01-02", "epoch_date_close_approach": 820569600000, "relative_velocity": {"kilometers_per_second": "17.6998894616", "kilometers_per_hour": "63719.6020617013", "miles_per_hour": "39592.8827366166"}, "miss_distance": {"astronomical": "0.3274610137", "lunar": "127.3823318481", "kilometers": "48987468", "miles": "30439402"}, "orbiting_body": "Earth"}, {"close_approach_date": "1996-05-20", "epoch_date_close_approach": 832575600000, "relative_velocity": {"kilometers_per_second": "15.9468361439", "kilometers_per_hour": "57408.6101179158", "miles_per_hour": "35671.4777702127"}, "miss_distance": {"astronomical": "0.4462695599", "lunar": "173.5988616943", "kilometers": "66760980", "miles": "41483348"}, "orbiting_body": "Earth"}, {"close_approach_date": "2000-12-22", "epoch_date_close_approach": 977472000000, "relative_velocity": {"kilometers_per_second": "15.6711090695", "kilometers_per_hour": "56415.9926500607", "miles_per_hour": "35054.703877478"}, "miss_distance": {"astronomical": "0.4783251066", "lunar": "186.0684661865", "kilometers": "71556416", "miles": "44463096"}, "orbiting_body": "Earth"}, {"close_approach_date": "2001-06-09", "epoch_date_close_approach": 992070000000, "relative_velocity": {"kilometers_per_second": "18.5200904821", "kilometers_per_hour": "66672.3257354977", "miles_per_hour": "41427.5903993708"}, "miss_distance": {"astronomical": "0.0408161272", "lunar": "15.8774738312", "kilometers": "6106006", "miles": "3794096.25"}, "orbiting_body": "Earth"}, {"close_approach_date": "2006-06-30", "epoch_date_close_approach": 1151650800000, "relative_velocity": {"kilometers_per_second": "28.1168744622", "kilometers_per_hour": "101220.7480639823", "miles_per_hour": "62894.6364845339"}, "miss_distance": {"astronomical": "0.492526215", "lunar": "191.5926971436", "kilometers": "73680872", "miles": "45783172"}, "orbiting_body": "Earth"}, {"close_approach_date": "2018-01-01", "epoch_date_close_approach": 1514793600000, "relative_velocity": {"kilometers_per_second": "17.6006992082", "kilometers_per_hour": "63362.5171494365", "miles_per_hour": "39371.0040587707"}, "miss_distance": {"astronomical": "0.3284894538", "lunar": "127.7823944092", "kilometers": "49141324", "miles": "30535002"}, "orbiting_body": "Earth"}, {"close_approach_date": "2018-05-21", "epoch_date_close_approach": 1526886000000, "relative_velocity": {"kilometers_per_second": "15.917424599", "kilometers_per_hour": "57302.7285562718", "miles_per_hour": "35605.6870854235"}, "miss_distance": {"astronomical": "0.4362764351", "lunar": "169.7115325928", "kilometers": "65266028", "miles": "40554428"}, "orbiting_body": "Earth"}, {"close_approach_date": "2022-12-22", "epoch_date_close_approach": 1671696000000, "relative_velocity": {"kilometers_per_second": "15.682832502", "kilometers_per_hour": "56458.1970071471", "miles_per_hour": "35080.9280236909"}, "miss_distance": {"astronomical": "0.4930294264", "lunar": "191.7884368896", "kilometers": "73756152", "miles": "45829948"}, "orbiting_body": "Earth"}, {"close_approach_date": "2023-06-10", "epoch_date_close_approach": 1686380400000, "relative_velocity": {"kilometers_per_second": "18.9516347741", "kilometers_per_hour": "68225.8851869393", "miles_per_hour": "42392.9118262957"}, "miss_distance": {"astronomical": "0.0591081032", "lunar": "22.9930534363", "kilometers": "8842447", "miles": "5494441.5"}, "orbiting_body": "Earth"}, {"close_approach_date": "2040-01-01", "epoch_date_close_approach": 2209017600000, "relative_velocity": {"kilometers_per_second": "16.7373334469", "kilometers_per_hour": "60254.4004088782", "miles_per_hour": "37439.7411873943"}, "miss_distance": {"astronomical": "0.3351233585", "lunar": "130.362991333", "kilometers": "50133740", "miles": "31151662"}, "orbiting_body": "Earth"}, {"close_approach_date": "2040-05-24", "epoch_date_close_approach": 2221455600000, "relative_velocity": {"kilometers_per_second": "15.6948318826", "kilometers_per_hour": "56501.3947775317", "miles_per_hour": "35107.7694382946"}, "miss_distance": {"astronomical": "0.3439669948", "lunar": "133.8031616211", "kilometers": "51456728", "miles": "31973730"}, "orbiting_body": "Earth"}, {"close_approach_date": "2045-06-15", "epoch_date_close_approach": 2381122800000, "relative_velocity": {"kilometers_per_second": "20.87380347", "kilometers_per_hour": "75145.6924921512", "miles_per_hour": "46692.6109821369"}, "miss_distance": {"astronomical": "0.1620787996", "lunar": "63.0486526489", "kilometers": "24246644", "miles": "15066166"}, "orbiting_body": "Earth"}, {"close_approach_date": "2056-12-30", "epoch_date_close_approach": 2745388800000, "relative_velocity": {"kilometers_per_second": "22.3453377636", "kilometers_per_hour": "80443.2159489323", "miles_per_hour": "49984.2860433796"}, "miss_distance": {"astronomical": "0.4358709922", "lunar": "169.553817749", "kilometers": "65205376", "miles": "40516740"}, "orbiting_body": "Earth"}, {"close_approach_date": "2061-12-29", "epoch_date_close_approach": 2903068800000, "relative_velocity": {"kilometers_per_second": "16.0341712741", "kilometers_per_hour": "57723.0165866657", "miles_per_hour": "35866.8377229757"}, "miss_distance": {"astronomical": "0.3690255154", "lunar": "143.5509338379", "kilometers": "55205432", "miles": "34303068"}, "orbiting_body": "Earth"}, {"close_approach_date": "2062-05-30", "epoch_date_close_approach": 2916198000000, "relative_velocity": {"kilometers_per_second": "16.025284549", "kilometers_per_hour": "57691.0243764126", "miles_per_hour": "35846.9590076659"}, "miss_distance": {"astronomical": "0.2195455014", "lunar": "85.4031982422", "kilometers": "32843540", "miles": "20408030"}, "orbiting_body": "Earth"}, {"close_approach_date": "2067-06-21", "epoch_date_close_approach": 3075865200000, "relative_velocity": {"kilometers_per_second": "23.3523352204", "kilometers_per_hour": "84068.4067936031", "miles_per_hour": "52236.8386546141"}, "miss_distance": {"astronomical": "0.2845210571", "lunar": "110.6786880493", "kilometers": "42563744", "miles": "26447884"}, "orbiting_body": "Earth"}, {"close_approach_date": "2079-01-01", "epoch_date_close_approach": 3439785600000, "relative_velocity": {"kilometers_per_second": "20.1699414952", "kilometers_per_hour": "72611.7893825782", "miles_per_hour": "45118.1421305247"}, "miss_distance": {"astronomical": "0.376988205", "lunar": "146.6484069824", "kilometers": "56396632", "miles": "35043244"}, "orbiting_body": "Earth"}, {"close_approach_date": "2083-12-27", "epoch_date_close_approach": 3597120000000, "relative_velocity": {"kilometers_per_second": "15.7583835759", "kilometers_per_hour": "56730.1808733761", "miles_per_hour": "35249.9282210153"}, "miss_distance": {"astronomical": "0.4138815626", "lunar": "160.9999237061", "kilometers": "61915804", "miles": "38472696"}, "orbiting_body": "Earth"}, {"close_approach_date": "2084-06-03", "epoch_date_close_approach": 3610854000000, "relative_velocity": {"kilometers_per_second": "16.9035527542", "kilometers_per_hour": "60852.7899151574", "miles_per_hour": "37811.5571558932"}, "miss_distance": {"astronomical": "0.1137946341", "lunar": "44.2661132812", "kilometers": "17023434", "miles": "10577872"}, "orbiting_body": "Earth"}, {"close_approach_date": "2089-06-25", "epoch_date_close_approach": 3770521200000, "relative_velocity": {"kilometers_per_second": "25.3838383084", "kilometers_per_hour": "91381.8179100773", "miles_per_hour": "56781.1079119589"}, "miss_distance": {"astronomical": "0.3774686333", "lunar": "146.8352966309", "kilometers": "56468508", "miles": "35087904"}, "orbiting_body": "Earth"}, {"close_approach_date": "2101-01-02", "epoch_date_close_approach": 4134096000000, "relative_velocity": {"kilometers_per_second": "19.039321553", "kilometers_per_hour": "68541.5575908688", "miles_per_hour": "42589.0583819484"}, "miss_distance": {"astronomical": "0.3520237703", "lunar": "136.9372558594", "kilometers": "52662008", "miles": "32722654"}, "orbiting_body": "Earth"}, {"close_approach_date": "2105-12-26", "epoch_date_close_approach": 4291257600000, "relative_velocity": {"kilometers_per_second": "15.7041662951", "kilometers_per_hour": "56534.9986623823", "miles_per_hour": "35128.6495855231"}, "miss_distance": {"astronomical": "0.4408994242", "lunar": "171.5098724365", "kilometers": "65957616", "miles": "40984164"}, "orbiting_body": "Earth"}, {"close_approach_date": "2106-06-07", "epoch_date_close_approach": 4305337200000, "relative_velocity": {"kilometers_per_second": "17.5617059518", "kilometers_per_hour": "63222.1414264724", "miles_per_hour": "39283.7800435767"}, "miss_distance": {"astronomical": "0.0620050523", "lunar": "24.1199645996", "kilometers": "9275824", "miles": "5763729.5"}, "orbiting_body": "Earth"}, {"close_approach_date": "2111-06-28", "epoch_date_close_approach": 4464918000000, "relative_velocity": {"kilometers_per_second": "26.2780097943", "kilometers_per_hour": "94600.8352594062", "miles_per_hour": "58781.2801088238"}, "miss_distance": {"astronomical": "0.4170326169", "lunar": "162.225692749", "kilometers": "62387192", "miles": "38765604"}, "orbiting_body": "Earth"}, {"close_approach_date": "2123-01-03", "epoch_date_close_approach": 4828406400000, "relative_velocity": {"kilometers_per_second": "18.9862084636", "kilometers_per_hour": "68350.3504689251", "miles_per_hour": "42470.2497122051"}, "miss_distance": {"astronomical": "0.3519004849", "lunar": "136.8892974854", "kilometers": "52643564", "miles": "32711194"}, "orbiting_body": "Earth"}, {"close_approach_date": "2127-12-27", "epoch_date_close_approach": 4985568000000, "relative_velocity": {"kilometers_per_second": "15.725534116", "kilometers_per_hour": "56611.9228174787", "miles_per_hour": "35176.447264005"}, "miss_distance": {"astronomical": "0.4348899742", "lunar": "169.1721954346", "kilometers": "65058616", "miles": "40425548"}, "orbiting_body": "Earth"}, {"close_approach_date": "2128-06-06", "epoch_date_close_approach": 4999561200000, "relative_velocity": {"kilometers_per_second": "17.4286830193", "kilometers_per_hour": "62743.2588693583", "miles_per_hour": "38986.2210457966"}, "miss_distance": {"astronomical": "0.0708943338", "lunar": "27.5778942108", "kilometers": "10605641", "miles": "6590040"}, "orbiting_body": "Earth"}, {"close_approach_date": "2133-06-27", "epoch_date_close_approach": 5159142000000, "relative_velocity": {"kilometers_per_second": "25.7494690269", "kilometers_per_hour": "92698.0884967885", "miles_per_hour": "57598.9872662406"}, "miss_distance": {"astronomical": "0.3945225354", "lunar": "153.4692687988", "kilometers": "59019732", "miles": "36673164"}, "orbiting_body": "Earth"}, {"close_approach_date": "2145-01-02", "epoch_date_close_approach": 5522630400000, "relative_velocity": {"kilometers_per_second": "19.8634423958", "kilometers_per_hour": "71508.3926248314", "miles_per_hour": "44432.5342951348"}, "miss_distance": {"astronomical": "0.3726126435", "lunar": "144.9463195801", "kilometers": "55742060", "miles": "34636512"}, "orbiting_body": "Earth"}, {"close_approach_date": "2149-12-28", "epoch_date_close_approach": 5679964800000, "relative_velocity": {"kilometers_per_second": "15.8250043167", "kilometers_per_hour": "56970.0155401484", "miles_per_hour": "35398.9521560439"}, "miss_distance": {"astronomical": "0.4044224391", "lunar": "157.3203277588", "kilometers": "60500736", "miles": "37593412"}, "orbiting_body": "Earth"}, {"close_approach_date": "2150-06-04", "epoch_date_close_approach": 5693612400000, "relative_velocity": {"kilometers_per_second": "16.7287676969", "kilometers_per_hour": "60223.5637087183", "miles_per_hour": "37420.58046112"}, "miss_distance": {"astronomical": "0.1316591272", "lunar": "51.2153968811", "kilometers": "19695924", "miles": "12238480"}, "orbiting_body": "Earth"}, {"close_approach_date": "2155-06-24", "epoch_date_close_approach": 5853106800000, "relative_velocity": {"kilometers_per_second": "24.1785817933", "kilometers_per_hour": "87042.8944560506", "miles_per_hour": "54085.0696135388"}, "miss_distance": {"astronomical": "0.3245666863", "lunar": "126.2564468384", "kilometers": "48554488", "miles": "30170360"}, "orbiting_body": "Earth"}, {"close_approach_date": "2167-01-02", "epoch_date_close_approach": 6216854400000, "relative_velocity": {"kilometers_per_second": "21.4561658006", "kilometers_per_hour": "77242.196882128", "miles_per_hour": "47995.2972793422"}, "miss_distance": {"astronomical": "0.4164752373", "lunar": "162.0088653564", "kilometers": "62303808", "miles": "38713792"}, "orbiting_body": "Earth"}, {"close_approach_date": "2171-12-31", "epoch_date_close_approach": 6374448000000, "relative_velocity": {"kilometers_per_second": "16.1001123545", "kilometers_per_hour": "57960.4044760484", "miles_per_hour": "36014.3413256869"}, "miss_distance": {"astronomical": "0.3678493746", "lunar": "143.0934143066", "kilometers": "55029484", "miles": "34193736"}, "orbiting_body": "Earth"}, {"close_approach_date": "2172-05-30", "epoch_date_close_approach": 6387490800000, "relative_velocity": {"kilometers_per_second": "16.0449232327", "kilometers_per_hour": "57761.7236378154", "miles_per_hour": "35890.8887792859"}, "miss_distance": {"astronomical": "0.2239312183", "lunar": "87.1092453003", "kilometers": "33499634", "miles": "20815708"}, "orbiting_body": "Earth"}, {"close_approach_date": "2175-04-16", "epoch_date_close_approach": 6478297200000, "relative_velocity": {"kilometers_per_second": "15.7507547285", "kilometers_per_hour": "56702.7170225885", "miles_per_hour": "35232.8632521745"}, "miss_distance": {"astronomical": "0.0831099292", "lunar": "32.3297615051", "kilometers": "12433069", "miles": "7725550.5"}, "orbiting_body": "Mars"}, {"close_approach_date": "2177-06-19", "epoch_date_close_approach": 6546985200000, "relative_velocity": {"kilometers_per_second": "22.1735710932", "kilometers_per_hour": "79824.8559356672", "miles_per_hour": "49600.0611784706"}, "miss_distance": {"astronomical": "0.2294036537", "lunar": "89.2380218506", "kilometers": "34318300", "miles": "21324402"}, "orbiting_body": "Earth"}, {"close_approach_date": "2188-12-31", "epoch_date_close_approach": 6910992000000, "relative_velocity": {"kilometers_per_second": "23.5806334179", "kilometers_per_hour": "84890.280304616", "miles_per_hour": "52747.5188926099"}, "miss_distance": {"astronomical": "0.4801838139", "lunar": "186.7915039062", "kilometers": "71834480", "miles": "44635876"}, "orbiting_body": "Earth"}, {"close_approach_date": "2192-03-16", "epoch_date_close_approach": 7012162800000, "relative_velocity": {"kilometers_per_second": "16.7078406712", "kilometers_per_hour": "60148.2264164492", "miles_per_hour": "37373.7687974876"}, "miss_distance": {"astronomical": "0.0969157365", "lunar": "37.7002220154", "kilometers": "14498388", "miles": "9008881"}, "orbiting_body": "Mars"}, {"close_approach_date": "2194-01-02", "epoch_date_close_approach": 7068931200000, "relative_velocity": {"kilometers_per_second": "16.6880609286", "kilometers_per_hour": "60077.0193428282", "miles_per_hour": "37329.5234911035"}, "miss_distance": {"astronomical": "0.3415530994", "lunar": "132.864151001", "kilometers": "51095616", "miles": "31749344"}, "orbiting_body": "Earth"}, {"close_approach_date": "2194-05-26", "epoch_date_close_approach": 7081369200000, "relative_velocity": {"kilometers_per_second": "15.7732970278", "kilometers_per_hour": "56783.8692999094", "miles_per_hour": "35283.2881213798"}, "miss_distance": {"astronomical": "0.3275839891", "lunar": "127.4301757812", "kilometers": "49005868", "miles": "30450836"}, "orbiting_body": "Earth"}, {"close_approach_date": "2199-06-15", "epoch_date_close_approach": 7240863600000, "relative_velocity": {"kilometers_per_second": "20.1829535663", "kilometers_per_hour": "72658.632838545", "miles_per_hour": "45147.2488323726"}, "miss_distance": {"astronomical": "0.126941092", "lunar": "49.3800811768", "kilometers": "18990116", "miles": "11799911"}, "orbiting_body": "Earth"}], "orbital_data": {"orbit_id": "16", "orbit_determination_date": "2017-12-30 05:38:42", "orbit_uncertainty": "0", "minimum_orbit_intersection": ".0362819", "jupiter_tisserand_invariant": "4.501", "epoch_osculation": "2458000.5", "eccentricity": ".375734581240516", "semi_major_axis": "1.420350722992745", "inclination": "30.15158540413756", "ascending_node_longitude": "79.26989167096725", "orbital_period": "618.2894297483521", "perihelion_distance": ".8866758388744022", "perihelion_argument": "114.2623441665581", "aphelion_distance": "1.954025607111089", "perihelion_time": "2458200.903963177961", "mean_anomaly": "243.3144749483592", "mean_motion": ".582251584256458", "equinox": "J2000"}}