{"links": {"self": "https://api.nasa.gov/neo/rest/v1/neo/3092276?api_key=stjNMXvPIBN6FqEBpH6hQbWAtFDv0RARRez0p7z1"}, "neo_reference_id": "3092276", "name": "(2000 WH10)", "nasa_jpl_url": "http://ssd.jpl.nasa.gov/sbdb.cgi?sstr=3092276", "absolute_magnitude_h": 21.617, "estimated_diameter": {"kilometers": {"estimated_diameter_min": 0.1262277894, "estimated_diameter_max": 0.2822539178}, "meters": {"estimated_diameter_min": 126.2277894089, "estimated_diameter_max": 282.2539177679}, "miles": {"estimated_diameter_min": 0.0784342877, "estimated_diameter_max": 0.1753843991}, "feet": {"estimated_diameter_min": 414.1331806044, "estimated_diameter_max": 926.0299435696}}, "is_potentially_hazardous_asteroid": true, "close_approach_data": [{"close_approach_date": "2000-11-25", "epoch_date_close_approach": 975139200000, "relative_velocity": {"kilometers_per_second": "14.8133191441", "kilometers_per_hour": "53327.9489189368", "miles_per_hour": "33135.9135935471"}, "miss_distance": {"astronomical": "0.0568897514", "lunar": "22.1301136017", "kilometers": "8510586", "miles": "5288232.5"}, "orbiting_body": "Earth"}], "orbital_data": {"orbit_id": "12", "orbit_determination_date": "2017-04-06 09:16:43", "orbit_uncertainty": "9", "minimum_orbit_intersection": ".0489664", "jupiter_tisserand_invariant": "3.080", "epoch_osculation": "2451869.5", "eccentricity": ".6613388252423401", "semi_major_axis": "2.521050820123408", "inclination": "13.2646792156845", "ascending_node_longitude": "50.3516346360595", "orbital_period": "1462.078960086963", "perihelion_distance": ".8537820323667553", "perihelion_argument": "63.2589973452295", "aphelion_distance": "4.188319607880061", "perihelion_time": "2451909.664752755450", "mean_anomaly": "350.1104445199718", "mean_motion": ".246224731924593", "equinox": "J2000"}}