{"links": {"self": "https://api.nasa.gov/neo/rest/v1/neo/3120885?api_key=stjNMXvPIBN6FqEBpH6hQbWAtFDv0RARRez0p7z1"}, "neo_reference_id": "3120885", "name": "(2002 GM5)", "nasa_jpl_url": "http://ssd.jpl.nasa.gov/sbdb.cgi?sstr=3120885", "absolute_magnitude_h": 21.5, "estimated_diameter": {"kilometers": {"estimated_diameter_min": 0.1332155667, "estimated_diameter_max": 0.2978790628}, "meters": {"estimated_diameter_min": 133.2155666981, "estimated_diameter_max": 297.8790627982}, "miles": {"estimated_diameter_min": 0.0827762899, "estimated_diameter_max": 0.1850934111}, "feet": {"estimated_diameter_min": 437.0589598459, "estimated_diameter_max": 977.2935443908}}, "is_potentially_hazardous_asteroid": true, "close_approach_data": [{"close_approach_date": "2002-04-19", "epoch_date_close_approach": 1019199600000, "relative_velocity": {"kilometers_per_second": "18.5092146629", "kilometers_per_hour": "66633.172786273", "miles_per_hour": "41403.2622793372"}, "miss_distance": {"astronomical": "0.0722431216", "lunar": "28.1025753021", "kilometers": "10807418", "miles": "6715418"}, "orbiting_body": "Earth"}], "orbital_data": {"orbit_id": "10", "orbit_determination_date": "2017-04-06 09:15:15", "orbit_uncertainty": "9", "minimum_orbit_intersection": ".00824892", "jupiter_tisserand_invariant": "3.363", "epoch_osculation": "2452377.5", "eccentricity": ".6951465120913581", "semi_major_axis": "2.122239847618661", "inclination": "7.300028194195106", "ascending_node_longitude": "14.00849847459325", "orbital_period": "1129.250064107148", "perihelion_distance": ".6469722197252533", "perihelion_argument": "274.0166301220078", "aphelion_distance": "3.597507475512068", "perihelion_time": "2452430.408851018035", "mean_anomaly": "343.132888833128", "mean_motion": ".3187956427389156", "equinox": "J2000"}}