{"links": {"self": "https://api.nasa.gov/neo/rest/v1/neo/3120892?api_key=stjNMXvPIBN6FqEBpH6hQbWAtFDv0RARRez0p7z1"}, "neo_reference_id": "3120892", "name": "(2002 GJ8)", "nasa_jpl_url": "http://ssd.jpl.nasa.gov/sbdb.cgi?sstr=3120892", "absolute_magnitude_h": 19.4, "estimated_diameter": {"kilometers": {"estimated_diameter_min": 0.3503926411, "estimated_diameter_max": 0.7835017643}, "meters": {"estimated_diameter_min": 350.3926411083, "estimated_diameter_max": 783.5017643338}, "miles": {"estimated_diameter_min": 0.2177238258, "estimated_diameter_max": 0.4868452748}, "feet": {"estimated_diameter_min": 1149.5821926537, "estimated_diameter_max": 2570.543928497}}, "is_potentially_hazardous_asteroid": true, "close_approach_data": [{"close_approach_date": "1908-09-18", "epoch_date_close_approach": -1934035200000, "relative_velocity": {"kilometers_per_second": "12.3643135384", "kilometers_per_hour": "44511.5287382976", "miles_per_hour": "27657.7329540828"}, "miss_distance": {"astronomical": "1.5650142156", "lunar": "608.7905273438", "kilometers": "234122800", "miles": "145477168"}, "orbiting_body": "Juptr"}, {"close_approach_date": "1932-03-13", "epoch_date_close_approach": -1192982400000, "relative_velocity": {"kilometers_per_second": "8.289347117", "kilometers_per_hour": "29841.6496212197", "miles_per_hour": "18542.4405660296"}, "miss_distance": {"astronomical": "0.3058190934", "lunar": "118.9636306763", "kilometers": "45749884", "miles": "28427662"}, "orbiting_body": "Juptr"}, {"close_approach_date": "1935-05-30", "epoch_date_close_approach": -1091635200000, "relative_velocity": {"kilometers_per_second": "24.9575798063", "kilometers_per_hour": "89847.2873026951", "miles_per_hour": "55827.6102687219"}, "miss_distance": {"astronomical": "0.3492860665", "lunar": "135.8722839355", "kilometers": "52252456", "miles": "32468170"}, "orbiting_body": "Earth"}, {"close_approach_date": "1944-06-24", "epoch_date_close_approach": -805395600000, "relative_velocity": {"kilometers_per_second": "10.2412138292", "kilometers_per_hour": "36868.3697852932", "miles_per_hour": "22908.5712146451"}, "miss_distance": {"astronomical": "1.0392693258", "lunar": "404.2757568359", "kilometers": "155472480", "miles": "96606120"}, "orbiting_body": "Juptr"}, {"close_approach_date": "1946-01-20", "epoch_date_close_approach": -755712000000, "relative_velocity": {"kilometers_per_second": "23.7963348718", "kilometers_per_hour": "85666.8055385023", "miles_per_hour": "53230.0214747433"}, "miss_distance": {"astronomical": "0.1337652916", "lunar": "52.0346984863", "kilometers": "20011004", "miles": "12434261"}, "orbiting_body": "Venus"}, {"close_approach_date": "1956-05-14", "epoch_date_close_approach": -430246800000, "relative_velocity": {"kilometers_per_second": "29.8487759487", "kilometers_per_hour": "107455.5934151458", "miles_per_hour": "66768.7269195388"}, "miss_distance": {"astronomical": "0.4135251318", "lunar": "160.8612823486", "kilometers": "61862480", "miles": "38439564"}, "orbiting_body": "Earth"}, {"close_approach_date": "1961-09-09", "epoch_date_close_approach": -262285200000, "relative_velocity": {"kilometers_per_second": "24.6210579053", "kilometers_per_hour": "88635.808459062", "miles_per_hour": "55074.8444283544"}, "miss_distance": {"astronomical": "0.3924095002", "lunar": "152.6472930908", "kilometers": "58703628", "miles": "36476744"}, "orbiting_body": "Earth"}, {"close_approach_date": "1979-11-03", "epoch_date_close_approach": 310464000000, "relative_velocity": {"kilometers_per_second": "8.9577898942", "kilometers_per_hour": "32248.0436189493", "miles_per_hour": "20037.6802142299"}, "miss_distance": {"astronomical": "0.0675008664", "lunar": "26.2578372955", "kilometers": "10097986", "miles": "6274597.5"}, "orbiting_body": "Juptr"}, {"close_approach_date": "1997-04-25", "epoch_date_close_approach": 861951600000, "relative_velocity": {"kilometers_per_second": "33.9879701503", "kilometers_per_hour": "122356.692540936", "miles_per_hour": "76027.6904291166"}, "miss_distance": {"astronomical": "0.277961786", "lunar": "108.1271362305", "kilometers": "41582492", "miles": "25838162"}, "orbiting_body": "Earth"}, {"close_approach_date": "2002-05-15", "epoch_date_close_approach": 1021446000000, "relative_velocity": {"kilometers_per_second": "22.7538419596", "kilometers_per_hour": "81913.831054591", "miles_per_hour": "50898.0690794485"}, "miss_distance": {"astronomical": "0.1458277111", "lunar": "56.726978302", "kilometers": "21815516", "miles": "13555533"}, "orbiting_body": "Earth"}, {"close_approach_date": "2007-07-05", "epoch_date_close_approach": 1183618800000, "relative_velocity": {"kilometers_per_second": "24.3059795055", "kilometers_per_hour": "87501.5262197298", "miles_per_hour": "54370.0455558093"}, "miss_distance": {"astronomical": "0.0619545813", "lunar": "24.1003322601", "kilometers": "9268273", "miles": "5759038"}, "orbiting_body": "Venus"}, {"close_approach_date": "2007-07-17", "epoch_date_close_approach": 1184655600000, "relative_velocity": {"kilometers_per_second": "24.0118177357", "kilometers_per_hour": "86442.5438485628", "miles_per_hour": "53712.035093014"}, "miss_distance": {"astronomical": "0.4685996187", "lunar": "182.2852478027", "kilometers": "70101504", "miles": "43559056"}, "orbiting_body": "Earth"}, {"close_approach_date": "2012-09-15", "epoch_date_close_approach": 1347692400000, "relative_velocity": {"kilometers_per_second": "24.1778026834", "kilometers_per_hour": "87040.0896603977", "miles_per_hour": "54083.3268225954"}, "miss_distance": {"astronomical": "0.4636798893", "lunar": "180.3714752197", "kilometers": "69365520", "miles": "43101736"}, "orbiting_body": "Earth"}, {"close_approach_date": "2015-06-02", "epoch_date_close_approach": 1433228400000, "relative_velocity": {"kilometers_per_second": "9.3975833136", "kilometers_per_hour": "33831.2999290866", "miles_per_hour": "21021.4541142705"}, "miss_distance": {"astronomical": "0.0520003529", "lunar": "20.2281360626", "kilometers": "7779142", "miles": "4833734.5"}, "orbiting_body": "Juptr"}, {"close_approach_date": "2027-04-24", "epoch_date_close_approach": 1808550000000, "relative_velocity": {"kilometers_per_second": "8.446428713", "kilometers_per_hour": "30407.1433666918", "miles_per_hour": "18893.8163880425"}, "miss_distance": {"astronomical": "0.3020631018", "lunar": "117.5025482178", "kilometers": "45188000", "miles": "28078520"}, "orbiting_body": "Juptr"}, {"close_approach_date": "2045-10-09", "epoch_date_close_approach": 2391145200000, "relative_velocity": {"kilometers_per_second": "20.702883497", "kilometers_per_hour": "74530.3805893688", "miles_per_hour": "46310.2800945442"}, "miss_distance": {"astronomical": "0.1034528502", "lunar": "40.2431602478", "kilometers": "15476327", "miles": "9616544"}, "orbiting_body": "Venus"}, {"close_approach_date": "2056-07-05", "epoch_date_close_approach": 2730006000000, "relative_velocity": {"kilometers_per_second": "24.477886539", "kilometers_per_hour": "88120.3915405328", "miles_per_hour": "54754.5843991716"}, "miss_distance": {"astronomical": "0.3683932127", "lunar": "143.3049621582", "kilometers": "55110840", "miles": "34244288"}, "orbiting_body": "Earth"}, {"close_approach_date": "2074-06-09", "epoch_date_close_approach": 3295753200000, "relative_velocity": {"kilometers_per_second": "10.172701442", "kilometers_per_hour": "36621.7251910686", "miles_per_hour": "22755.3158555282"}, "miss_distance": {"astronomical": "1.4541409279", "lunar": "565.6608276367", "kilometers": "217536384", "miles": "135170848"}, "orbiting_body": "Juptr"}, {"close_approach_date": "2086-06-09", "epoch_date_close_approach": 3674444400000, "relative_velocity": {"kilometers_per_second": "7.9952472402", "kilometers_per_hour": "28782.8900647664", "miles_per_hour": "17884.5685516322"}, "miss_distance": {"astronomical": "0.1897830028", "lunar": "73.825592041", "kilometers": "28391134", "miles": "17641432"}, "orbiting_body": "Juptr"}, {"close_approach_date": "2098-04-09", "epoch_date_close_approach": 4047865200000, "relative_velocity": {"kilometers_per_second": "8.0659868452", "kilometers_per_hour": "29037.5526425443", "miles_per_hour": "18042.8059739187"}, "miss_distance": {"astronomical": "0.1701920827", "lunar": "66.2047195435", "kilometers": "25460372", "miles": "15820342"}, "orbiting_body": "Juptr"}], "orbital_data": {"orbit_id": "33", "orbit_determination_date": "2017-04-06 09:15:14", "orbit_uncertainty": "0", "minimum_orbit_intersection": ".0202174", "jupiter_tisserand_invariant": "2.607", "epoch_osculation": "2458000.5", "eccentricity": ".6813273146701014", "semi_major_axis": "3.234045391712932", "inclination": "30.10883916871144", "ascending_node_longitude": "144.876010609947", "orbital_period": "2124.308533265664", "perihelion_distance": "1.030601929455944", "perihelion_argument": "174.4162799891552", "aphelion_distance": "5.437488853969921", "perihelion_time": "2458088.052642126816", "mean_anomaly": "345.1627244008664", "mean_motion": ".1694669085787544", "equinox": "J2000"}}