{"links": {"self": "https://api.nasa.gov/neo/rest/v1/neo/3180149?api_key=stjNMXvPIBN6FqEBpH6hQbWAtFDv0RARRez0p7z1"}, "neo_reference_id": "3180149", "name": "(2004 HD2)", "nasa_jpl_url": "http://ssd.jpl.nasa.gov/sbdb.cgi?sstr=3180149", "absolute_magnitude_h": 21.1, "estimated_diameter": {"kilometers": {"estimated_diameter_min": 0.160160338, "estimated_diameter_max": 0.358129403}, "meters": {"estimated_diameter_min": 160.1603379786, "estimated_diameter_max": 358.1294030194}, "miles": {"estimated_diameter_min": 0.0995189894, "estimated_diameter_max": 0.2225312253}, "feet": {"estimated_diameter_min": 525.4604432536, "estimated_diameter_max": 1174.9652706022}}, "is_potentially_hazardous_asteroid": true, "close_approach_data": [{"close_approach_date": "1960-05-25", "epoch_date_close_approach": -303066000000, "relative_velocity": {"kilometers_per_second": "7.065518767", "kilometers_per_hour": "25435.8675612545", "miles_per_hour": "15804.8589299361"}, "miss_distance": {"astronomical": "1.5476567832", "lunar": "602.0385131836", "kilometers": "231526160", "miles": "143863680"}, "orbiting_body": "Juptr"}, {"close_approach_date": "2004-04-14", "epoch_date_close_approach": 1081926000000, "relative_velocity": {"kilometers_per_second": "31.1480723503", "kilometers_per_hour": "112133.060461228", "miles_per_hour": "69675.123040478"}, "miss_distance": {"astronomical": "0.1000146606", "lunar": "38.9057044983", "kilometers": "14961981", "miles": "9296944"}, "orbiting_body": "Earth"}, {"close_approach_date": "2019-10-04", "epoch_date_close_approach": 1570172400000, "relative_velocity": {"kilometers_per_second": "7.5687798908", "kilometers_per_hour": "27247.6076067251", "miles_per_hour": "16930.6037376343"}, "miss_distance": {"astronomical": "1.5533032573", "lunar": "604.2349853516", "kilometers": "232370864", "miles": "144388560"}, "orbiting_body": "Juptr"}], "orbital_data": {"orbit_id": "12", "orbit_determination_date": "2017-04-06 09:12:54", "orbit_uncertainty": "8", "minimum_orbit_intersection": ".0339338", "jupiter_tisserand_invariant": "2.966", "epoch_osculation": "2453120.5", "eccentricity": ".8330126931528921", "semi_major_axis": "2.306943756467183", "inclination": "15.41675042847173", "ascending_node_longitude": "26.90589488802168", "orbital_period": "1279.834864031136", "perihelion_distance": ".3852303249402053", "perihelion_argument": "61.74663281366101", "aphelion_distance": "4.22865718799416", "perihelion_time": "2453066.930717584118", "mean_anomaly": "15.06830467875764", "mean_motion": ".2812862894405742", "equinox": "J2000"}}