{"links": {"self": "https://api.nasa.gov/neo/rest/v1/neo/3180152?api_key=stjNMXvPIBN6FqEBpH6hQbWAtFDv0RARRez0p7z1"}, "neo_reference_id": "3180152", "name": "(2004 HF12)", "nasa_jpl_url": "http://ssd.jpl.nasa.gov/sbdb.cgi?sstr=3180152", "absolute_magnitude_h": 20.5, "estimated_diameter": {"kilometers": {"estimated_diameter_min": 0.2111324448, "estimated_diameter_max": 0.4721064988}, "meters": {"estimated_diameter_min": 211.1324447897, "estimated_diameter_max": 472.1064988055}, "miles": {"estimated_diameter_min": 0.1311915784, "estimated_diameter_max": 0.2933532873}, "feet": {"estimated_diameter_min": 692.6917701639, "estimated_diameter_max": 1548.9058855411}}, "is_potentially_hazardous_asteroid": true, "close_approach_data": [{"close_approach_date": "1904-05-01", "epoch_date_close_approach": -2072361600000, "relative_velocity": {"kilometers_per_second": "30.2841874174", "kilometers_per_hour": "109023.0747026339", "miles_per_hour": "67742.6988339783"}, "miss_distance": {"astronomical": "0.4499563708", "lunar": "175.0330200195", "kilometers": "67312512", "miles": "41826056"}, "orbiting_body": "Earth"}, {"close_approach_date": "1997-10-24", "epoch_date_close_approach": 877676400000, "relative_velocity": {"kilometers_per_second": "31.263917822", "kilometers_per_hour": "112550.104159106", "miles_per_hour": "69934.2577759734"}, "miss_distance": {"astronomical": "0.495991889", "lunar": "192.9408416748", "kilometers": "74199328", "miles": "46105328"}, "orbiting_body": "Earth"}, {"close_approach_date": "2001-01-01", "epoch_date_close_approach": 978336000000, "relative_velocity": {"kilometers_per_second": "12.8318868879", "kilometers_per_hour": "46194.7927965948", "miles_per_hour": "28703.6477796397"}, "miss_distance": {"astronomical": "0.288778342", "lunar": "112.3347702026", "kilometers": "43200624", "miles": "26843624"}, "orbiting_body": "Earth"}, {"close_approach_date": "2004-04-19", "epoch_date_close_approach": 1082358000000, "relative_velocity": {"kilometers_per_second": "23.4686811343", "kilometers_per_hour": "84487.252083556", "miles_per_hour": "52497.0928293629"}, "miss_distance": {"astronomical": "0.2114359689", "lunar": "82.2485961914", "kilometers": "31630372", "miles": "19654202"}, "orbiting_body": "Earth"}, {"close_approach_date": "2007-05-06", "epoch_date_close_approach": 1178434800000, "relative_velocity": {"kilometers_per_second": "13.2954070628", "kilometers_per_hour": "47863.4654261894", "miles_per_hour": "29740.4960588453"}, "miss_distance": {"astronomical": "0.1116492415", "lunar": "43.4315567017", "kilometers": "16702489", "miles": "10378446"}, "orbiting_body": "Venus"}], "orbital_data": {"orbit_id": "16", "orbit_determination_date": "2017-04-06 09:12:54", "orbit_uncertainty": "6", "minimum_orbit_intersection": ".0210018", "jupiter_tisserand_invariant": "3.384", "epoch_osculation": "2458000.5", "eccentricity": ".6507900076297291", "semi_major_axis": "2.134685058500622", "inclination": "13.36563110367284", "ascending_node_longitude": "22.59059505251666", "orbital_period": "1139.197812405146", "perihelion_distance": ".7454533529919337", "perihelion_argument": "105.0468861223286", "aphelion_distance": "3.523916764009311", "perihelion_time": "2457633.584172960555", "mean_anomaly": "115.949746651395", "mean_motion": ".3160118427895727", "equinox": "J2000"}}