{"links": {"self": "https://api.nasa.gov/neo/rest/v1/neo/3249785?api_key=stjNMXvPIBN6FqEBpH6hQbWAtFDv0RARRez0p7z1"}, "neo_reference_id": "3249785", "name": "(2004 QB)", "nasa_jpl_url": "http://ssd.jpl.nasa.gov/sbdb.cgi?sstr=3249785", "absolute_magnitude_h": 19.8, "estimated_diameter": {"kilometers": {"estimated_diameter_min": 0.2914439045, "estimated_diameter_max": 0.6516883822}, "meters": {"estimated_diameter_min": 291.4439045349, "estimated_diameter_max": 651.6883821679}, "miles": {"estimated_diameter_min": 0.1810947904, "estimated_diameter_max": 0.4049402617}, "feet": {"estimated_diameter_min": 956.1808197541, "estimated_diameter_max": 2138.0853117517}}, "is_potentially_hazardous_asteroid": true, "close_approach_data": [{"close_approach_date": "1955-02-21", "epoch_date_close_approach": -468950400000, "relative_velocity": {"kilometers_per_second": "27.7905759238", "kilometers_per_hour": "100046.0733256534", "miles_per_hour": "62164.7392839317"}, "miss_distance": {"astronomical": "0.34942208", "lunar": "135.9251861572", "kilometers": "52272796", "miles": "32480810"}, "orbiting_body": "Earth"}, {"close_approach_date": "1958-03-17", "epoch_date_close_approach": -372182400000, "relative_velocity": {"kilometers_per_second": "15.2572179696", "kilometers_per_hour": "54925.9846903858", "miles_per_hour": "34128.87087609"}, "miss_distance": {"astronomical": "0.1529318141", "lunar": "59.4904747009", "kilometers": "22878274", "miles": "14215900"}, "orbiting_body": "Earth"}, {"close_approach_date": "1958-07-19", "epoch_date_close_approach": -361472400000, "relative_velocity": {"kilometers_per_second": "17.8649645592", "kilometers_per_hour": "64313.8724132762", "miles_per_hour": "39962.1392225716"}, "miss_distance": {"astronomical": "0.0899569133", "lunar": "34.9932403564", "kilometers": "13457363", "miles": "8362018"}, "orbiting_body": "Mars"}, {"close_approach_date": "1998-03-12", "epoch_date_close_approach": 889689600000, "relative_velocity": {"kilometers_per_second": "17.1043844288", "kilometers_per_hour": "61575.7839435558", "miles_per_hour": "38260.7975287055"}, "miss_distance": {"astronomical": "0.1252853428", "lunar": "48.736000061", "kilometers": "18742420", "miles": "11646000"}, "orbiting_body": "Earth"}, {"close_approach_date": "2001-05-31", "epoch_date_close_approach": 991292400000, "relative_velocity": {"kilometers_per_second": "15.419156638", "kilometers_per_hour": "55508.9638966456", "miles_per_hour": "34491.1114834462"}, "miss_distance": {"astronomical": "0.3128137287", "lunar": "121.6845397949", "kilometers": "46796268", "miles": "29077852"}, "orbiting_body": "Earth"}, {"close_approach_date": "2004-08-06", "epoch_date_close_approach": 1091775600000, "relative_velocity": {"kilometers_per_second": "18.0916403858", "kilometers_per_hour": "65129.9053887083", "miles_per_hour": "40469.1903788893"}, "miss_distance": {"astronomical": "0.0110268124", "lunar": "4.2894301414", "kilometers": "1649587.75", "miles": "1025006.3125"}, "orbiting_body": "Earth"}, {"close_approach_date": "2007-08-31", "epoch_date_close_approach": 1188543600000, "relative_velocity": {"kilometers_per_second": "30.1124479272", "kilometers_per_hour": "108404.8125378239", "miles_per_hour": "67358.534768294"}, "miss_distance": {"astronomical": "0.4169521536", "lunar": "162.1943969727", "kilometers": "62375156", "miles": "38758124"}, "orbiting_body": "Earth"}], "orbital_data": {"orbit_id": "15", "orbit_determination_date": "2017-04-06 09:12:28", "orbit_uncertainty": "7", "minimum_orbit_intersection": ".0145999", "jupiter_tisserand_invariant": "3.412", "epoch_osculation": "2458000.5", "eccentricity": ".6543276768490963", "semi_major_axis": "2.10967354610443", "inclination": "11.01552770765319", "ascending_node_longitude": "131.4434142909566", "orbital_period": "1119.235077102813", "perihelion_distance": ".7292557557719236", "perihelion_argument": "111.4713342613649", "aphelion_distance": "3.490091336436937", "perihelion_time": "2457661.082483349041", "mean_anomaly": "109.1730490708349", "mean_motion": ".3216482465255424", "equinox": "J2000"}}