{"links": {"self": "https://api.nasa.gov/neo/rest/v1/neo/3265824?api_key=stjNMXvPIBN6FqEBpH6hQbWAtFDv0RARRez0p7z1"}, "neo_reference_id": "3265824", "name": "(2005 AV27)", "nasa_jpl_url": "http://ssd.jpl.nasa.gov/sbdb.cgi?sstr=3265824", "absolute_magnitude_h": 20.5, "estimated_diameter": {"kilometers": {"estimated_diameter_min": 0.2111324448, "estimated_diameter_max": 0.4721064988}, "meters": {"estimated_diameter_min": 211.1324447897, "estimated_diameter_max": 472.1064988055}, "miles": {"estimated_diameter_min": 0.1311915784, "estimated_diameter_max": 0.2933532873}, "feet": {"estimated_diameter_min": 692.6917701639, "estimated_diameter_max": 1548.9058855411}}, "is_potentially_hazardous_asteroid": true, "close_approach_data": [{"close_approach_date": "1913-12-17", "epoch_date_close_approach": -1768492800000, "relative_velocity": {"kilometers_per_second": "19.4192534791", "kilometers_per_hour": "69909.3125247812", "miles_per_hour": "43438.928107412"}, "miss_distance": {"astronomical": "0.0648554769", "lunar": "25.2287807465", "kilometers": "9702242", "miles": "6028693.5"}, "orbiting_body": "Mars"}, {"close_approach_date": "1914-02-22", "epoch_date_close_approach": -1762704000000, "relative_velocity": {"kilometers_per_second": "13.5349453551", "kilometers_per_hour": "48725.8032783877", "miles_per_hour": "30276.3192648404"}, "miss_distance": {"astronomical": "0.1373718309", "lunar": "53.4376449585", "kilometers": "20550534", "miles": "12769510"}, "orbiting_body": "Earth"}, {"close_approach_date": "1917-08-12", "epoch_date_close_approach": -1653235200000, "relative_velocity": {"kilometers_per_second": "9.1925224668", "kilometers_per_hour": "33093.080880409", "miles_per_hour": "20562.7535059408"}, "miss_distance": {"astronomical": "0.040578852", "lunar": "15.7851743698", "kilometers": "6070510", "miles": "3772040"}, "orbiting_body": "Venus"}, {"close_approach_date": "1924-05-18", "epoch_date_close_approach": -1439740800000, "relative_velocity": {"kilometers_per_second": "13.6103989506", "kilometers_per_hour": "48997.4362220851", "miles_per_hour": "30445.1014125506"}, "miss_distance": {"astronomical": "0.2098386602", "lunar": "81.6272354126", "kilometers": "31391416", "miles": "19505722"}, "orbiting_body": "Earth"}, {"close_approach_date": "1934-07-13", "epoch_date_close_approach": -1119369600000, "relative_velocity": {"kilometers_per_second": "25.0660856139", "kilometers_per_hour": "90237.9082100256", "miles_per_hour": "56070.326909724"}, "miss_distance": {"astronomical": "0.2932462832", "lunar": "114.0727996826", "kilometers": "43869016", "miles": "27258944"}, "orbiting_body": "Earth"}, {"close_approach_date": "1951-02-05", "epoch_date_close_approach": -596563200000, "relative_velocity": {"kilometers_per_second": "18.284056719", "kilometers_per_hour": "65822.6041882578", "miles_per_hour": "40899.6064746427"}, "miss_distance": {"astronomical": "0.1083317458", "lunar": "42.1410484314", "kilometers": "16206199", "miles": "10070065"}, "orbiting_body": "Earth"}, {"close_approach_date": "1961-05-27", "epoch_date_close_approach": -271357200000, "relative_velocity": {"kilometers_per_second": "13.095178168", "kilometers_per_hour": "47142.6414049616", "miles_per_hour": "29292.6040440996"}, "miss_distance": {"astronomical": "0.1734227497", "lunar": "67.4614486694", "kilometers": "25943674", "miles": "16120652"}, "orbiting_body": "Earth"}, {"close_approach_date": "1968-01-28", "epoch_date_close_approach": -60796800000, "relative_velocity": {"kilometers_per_second": "9.8532166021", "kilometers_per_hour": "35471.5797675356", "miles_per_hour": "22040.6602172223"}, "miss_distance": {"astronomical": "0.0569261328", "lunar": "22.1442642212", "kilometers": "8516028", "miles": "5291614.5"}, "orbiting_body": "Venus"}, {"close_approach_date": "1971-07-19", "epoch_date_close_approach": 48754800000, "relative_velocity": {"kilometers_per_second": "28.3620184924", "kilometers_per_hour": "102103.2665725943", "miles_per_hour": "63442.9991656212"}, "miss_distance": {"astronomical": "0.40445786", "lunar": "157.3341064453", "kilometers": "60506036", "miles": "37596708"}, "orbiting_body": "Earth"}, {"close_approach_date": "1976-04-22", "epoch_date_close_approach": 199008000000, "relative_velocity": {"kilometers_per_second": "6.6048446089", "kilometers_per_hour": "23777.4405920097", "miles_per_hour": "14774.3769056296"}, "miss_distance": {"astronomical": "1.7555186858", "lunar": "682.8967895508", "kilometers": "262621856", "miles": "163185664"}, "orbiting_body": "Juptr"}, {"close_approach_date": "1978-01-25", "epoch_date_close_approach": 254563200000, "relative_velocity": {"kilometers_per_second": "25.2041158045", "kilometers_per_hour": "90734.8168960567", "miles_per_hour": "56379.086642997"}, "miss_distance": {"astronomical": "0.3163112877", "lunar": "123.0450973511", "kilometers": "47319496", "miles": "29402972"}, "orbiting_body": "Earth"}, {"close_approach_date": "1988-05-22", "epoch_date_close_approach": 580287600000, "relative_velocity": {"kilometers_per_second": "13.153271462", "kilometers_per_hour": "47351.7772632749", "miles_per_hour": "29422.5529333943"}, "miss_distance": {"astronomical": "0.1864090679", "lunar": "72.513130188", "kilometers": "27886400", "miles": "17327806"}, "orbiting_body": "Earth"}, {"close_approach_date": "1998-07-23", "epoch_date_close_approach": 901177200000, "relative_velocity": {"kilometers_per_second": "30.851599582", "kilometers_per_hour": "111065.7584952979", "miles_per_hour": "69011.9431050367"}, "miss_distance": {"astronomical": "0.4992189293", "lunar": "194.1961669922", "kilometers": "74682088", "miles": "46405300"}, "orbiting_body": "Earth"}, {"close_approach_date": "1999-12-28", "epoch_date_close_approach": 946368000000, "relative_velocity": {"kilometers_per_second": "6.0386347548", "kilometers_per_hour": "21739.085117338", "miles_per_hour": "13507.8220830482"}, "miss_distance": {"astronomical": "1.6147820541", "lunar": "628.1502075195", "kilometers": "241567968", "miles": "150103376"}, "orbiting_body": "Juptr"}, {"close_approach_date": "2005-02-11", "epoch_date_close_approach": 1108108800000, "relative_velocity": {"kilometers_per_second": "16.7900416913", "kilometers_per_hour": "60444.1500887585", "miles_per_hour": "37557.6442593177"}, "miss_distance": {"astronomical": "0.1035779148", "lunar": "40.291809082", "kilometers": "15495035", "miles": "9628168"}, "orbiting_body": "Earth"}, {"close_approach_date": "2015-07-03", "epoch_date_close_approach": 1435906800000, "relative_velocity": {"kilometers_per_second": "20.0775612666", "kilometers_per_hour": "72279.2205596164", "miles_per_hour": "44911.4967971683"}, "miss_distance": {"astronomical": "0.1426024054", "lunar": "55.4723320007", "kilometers": "21333016", "miles": "13255721"}, "orbiting_body": "Earth"}, {"close_approach_date": "2023-09-17", "epoch_date_close_approach": 1694934000000, "relative_velocity": {"kilometers_per_second": "5.8745021072", "kilometers_per_hour": "21148.2075859281", "miles_per_hour": "13140.6737636007"}, "miss_distance": {"astronomical": "1.5943129105", "lunar": "620.1877441406", "kilometers": "238505824", "miles": "148200640"}, "orbiting_body": "Juptr"}, {"close_approach_date": "2028-12-13", "epoch_date_close_approach": 1860307200000, "relative_velocity": {"kilometers_per_second": "8.1624257275", "kilometers_per_hour": "29384.7326189681", "miles_per_hour": "18258.530109825"}, "miss_distance": {"astronomical": "0.0807210846", "lunar": "31.4005031586", "kilometers": "12075703", "miles": "7503494"}, "orbiting_body": "Venus"}, {"close_approach_date": "2032-06-18", "epoch_date_close_approach": 1971154800000, "relative_velocity": {"kilometers_per_second": "15.3140196563", "kilometers_per_hour": "55130.470762689", "miles_per_hour": "34255.9305691831"}, "miss_distance": {"astronomical": "0.0417993775", "lunar": "16.2599582672", "kilometers": "6253098", "miles": "3885495"}, "orbiting_body": "Earth"}, {"close_approach_date": "2045-08-23", "epoch_date_close_approach": 2387084400000, "relative_velocity": {"kilometers_per_second": "18.1439559236", "kilometers_per_hour": "65318.2413250478", "miles_per_hour": "40586.2150055554"}, "miss_distance": {"astronomical": "0.0505473781", "lunar": "19.6629295349", "kilometers": "7561780", "miles": "4698672"}, "orbiting_body": "Mars"}, {"close_approach_date": "2047-06-27", "epoch_date_close_approach": 2445231600000, "relative_velocity": {"kilometers_per_second": "6.0911085531", "kilometers_per_hour": "21927.9907911243", "miles_per_hour": "13625.2007224072"}, "miss_distance": {"astronomical": "1.6669781773", "lunar": "648.4544677734", "kilometers": "249376384", "miles": "154955296"}, "orbiting_body": "Juptr"}, {"close_approach_date": "2071-04-20", "epoch_date_close_approach": 3196738800000, "relative_velocity": {"kilometers_per_second": "6.9198686044", "kilometers_per_hour": "24911.5269757784", "miles_per_hour": "15479.0540811441"}, "miss_distance": {"astronomical": "1.8974869031", "lunar": "738.1224365234", "kilometers": "283860000", "miles": "176382432"}, "orbiting_body": "Juptr"}, {"close_approach_date": "2090-04-11", "epoch_date_close_approach": 3795577200000, "relative_velocity": {"kilometers_per_second": "13.0857769007", "kilometers_per_hour": "47108.7968424768", "miles_per_hour": "29271.574349149"}, "miss_distance": {"astronomical": "0.2039873328", "lunar": "79.3510742188", "kilometers": "30516070", "miles": "18961808"}, "orbiting_body": "Earth"}, {"close_approach_date": "2107-07-09", "epoch_date_close_approach": 4339638000000, "relative_velocity": {"kilometers_per_second": "22.8567400007", "kilometers_per_hour": "82284.26400265", "miles_per_hour": "51128.2417076466"}, "miss_distance": {"astronomical": "0.2619831772", "lunar": "101.9114608765", "kilometers": "39192128", "miles": "24352858"}, "orbiting_body": "Earth"}, {"close_approach_date": "2129-10-28", "epoch_date_close_approach": 5043538800000, "relative_velocity": {"kilometers_per_second": "7.4166589784", "kilometers_per_hour": "26699.9723221927", "miles_per_hour": "16590.3244687535"}, "miss_distance": {"astronomical": "1.9415365024", "lunar": "755.2576904297", "kilometers": "290449728", "miles": "180477104"}, "orbiting_body": "Juptr"}], "orbital_data": {"orbit_id": "13", "orbit_determination_date": "2017-04-06 09:11:35", "orbit_uncertainty": "5", "minimum_orbit_intersection": ".0412308", "jupiter_tisserand_invariant": "3.301", "epoch_osculation": "2458000.5", "eccentricity": ".6525640670513181", "semi_major_axis": "2.2540456140526", "inclination": "5.861763014924611", "ascending_node_longitude": "67.95648180038521", "orbital_period": "1236.068324934589", "perihelion_distance": ".7831364408272496", "perihelion_argument": "138.8433247160573", "aphelion_distance": "3.724954787277951", "perihelion_time": "2458398.883346237911", "mean_anomaly": "243.9724295554314", "mean_motion": ".2912460361113539", "equinox": "J2000"}}