{"links": {"self": "https://api.nasa.gov/neo/rest/v1/neo/3297378?api_key=stjNMXvPIBN6FqEBpH6hQbWAtFDv0RARRez0p7z1"}, "neo_reference_id": "3297378", "name": "(2005 UT64)", "nasa_jpl_url": "http://ssd.jpl.nasa.gov/sbdb.cgi?sstr=3297378", "absolute_magnitude_h": 20.1, "estimated_diameter": {"kilometers": {"estimated_diameter_min": 0.2538370294, "estimated_diameter_max": 0.5675968529}, "meters": {"estimated_diameter_min": 253.8370293645, "estimated_diameter_max": 567.5968528656}, "miles": {"estimated_diameter_min": 0.1577269688, "estimated_diameter_max": 0.3526882241}, "feet": {"estimated_diameter_min": 832.7986794202, "estimated_diameter_max": 1862.1944587557}}, "is_potentially_hazardous_asteroid": true, "close_approach_data": [{"close_approach_date": "1902-11-17", "epoch_date_close_approach": -2118240000000, "relative_velocity": {"kilometers_per_second": "20.5805881483", "kilometers_per_hour": "74090.1173338213", "miles_per_hour": "46036.7176288958"}, "miss_distance": {"astronomical": "0.3621565651", "lunar": "140.87890625", "kilometers": "54177852", "miles": "33664556"}, "orbiting_body": "Earth"}, {"close_approach_date": "1920-04-08", "epoch_date_close_approach": -1569427200000, "relative_velocity": {"kilometers_per_second": "20.3951333469", "kilometers_per_hour": "73422.4800489199", "miles_per_hour": "45621.8737837303"}, "miss_distance": {"astronomical": "0.3021505261", "lunar": "117.5365524292", "kilometers": "45201076", "miles": "28086646"}, "orbiting_body": "Earth"}, {"close_approach_date": "1925-01-17", "epoch_date_close_approach": -1418659200000, "relative_velocity": {"kilometers_per_second": "10.5497949841", "kilometers_per_hour": "37979.2619426297", "miles_per_hour": "23598.8363998523"}, "miss_distance": {"astronomical": "0.1628999025", "lunar": "63.3680610657", "kilometers": "24369478", "miles": "15142492"}, "orbiting_body": "Earth"}, {"close_approach_date": "1929-11-10", "epoch_date_close_approach": -1266768000000, "relative_velocity": {"kilometers_per_second": "24.4025553588", "kilometers_per_hour": "87849.1992915076", "miles_per_hour": "54586.0760819926"}, "miss_distance": {"astronomical": "0.4776434372", "lunar": "185.8032989502", "kilometers": "71454440", "miles": "44399732"}, "orbiting_body": "Earth"}, {"close_approach_date": "1947-03-30", "epoch_date_close_approach": -718214400000, "relative_velocity": {"kilometers_per_second": "16.2194822147", "kilometers_per_hour": "58390.1359730222", "miles_per_hour": "36281.359766126"}, "miss_distance": {"astronomical": "0.160597762", "lunar": "62.4725265503", "kilometers": "24025082", "miles": "14928494"}, "orbiting_body": "Earth"}, {"close_approach_date": "1951-12-18", "epoch_date_close_approach": -569260800000, "relative_velocity": {"kilometers_per_second": "11.0659149625", "kilometers_per_hour": "39837.2938649824", "miles_per_hour": "24753.3451796053"}, "miss_distance": {"astronomical": "0.1735140033", "lunar": "67.4969482422", "kilometers": "25957326", "miles": "16129135"}, "orbiting_body": "Earth"}, {"close_approach_date": "1974-03-24", "epoch_date_close_approach": 133340400000, "relative_velocity": {"kilometers_per_second": "14.4742114247", "kilometers_per_hour": "52107.1611288062", "miles_per_hour": "32377.3635358407"}, "miss_distance": {"astronomical": "0.1019650875", "lunar": "39.6644172668", "kilometers": "15253760", "miles": "9478247"}, "orbiting_body": "Earth"}, {"close_approach_date": "1978-12-12", "epoch_date_close_approach": 282297600000, "relative_velocity": {"kilometers_per_second": "12.0252532146", "kilometers_per_hour": "43290.91157243", "miles_per_hour": "26899.288915658"}, "miss_distance": {"astronomical": "0.1808520885", "lunar": "70.3514633179", "kilometers": "27055088", "miles": "16811252"}, "orbiting_body": "Earth"}, {"close_approach_date": "2001-04-03", "epoch_date_close_approach": 986281200000, "relative_velocity": {"kilometers_per_second": "17.7367052979", "kilometers_per_hour": "63852.1390725268", "miles_per_hour": "39675.2360809264"}, "miss_distance": {"astronomical": "0.2126914667", "lunar": "82.7369842529", "kilometers": "31818192", "miles": "19770908"}, "orbiting_body": "Earth"}, {"close_approach_date": "2006-01-15", "epoch_date_close_approach": 1137312000000, "relative_velocity": {"kilometers_per_second": "10.5708509302", "kilometers_per_hour": "38055.0633488539", "miles_per_hour": "23645.9364458476"}, "miss_distance": {"astronomical": "0.1632130582", "lunar": "63.4898796082", "kilometers": "24416326", "miles": "15171602"}, "orbiting_body": "Earth"}, {"close_approach_date": "2010-11-15", "epoch_date_close_approach": 1289808000000, "relative_velocity": {"kilometers_per_second": "22.5831330134", "kilometers_per_hour": "81299.2788482879", "miles_per_hour": "50516.2102377042"}, "miss_distance": {"astronomical": "0.4259884621", "lunar": "165.7095184326", "kilometers": "63726968", "miles": "39598104"}, "orbiting_body": "Earth"}, {"close_approach_date": "2028-04-19", "epoch_date_close_approach": 1839740400000, "relative_velocity": {"kilometers_per_second": "25.6628293212", "kilometers_per_hour": "92386.1855563441", "miles_per_hour": "57405.1829086073"}, "miss_distance": {"astronomical": "0.4892178271", "lunar": "190.3057250977", "kilometers": "73185944", "miles": "45475636"}, "orbiting_body": "Earth"}, {"close_approach_date": "2033-03-10", "epoch_date_close_approach": 1994054400000, "relative_velocity": {"kilometers_per_second": "11.5886432811", "kilometers_per_hour": "41719.1158118671", "miles_per_hour": "25922.6361554349"}, "miss_distance": {"astronomical": "0.0529126529", "lunar": "20.5830211639", "kilometers": "7915620", "miles": "4918538.5"}, "orbiting_body": "Earth"}, {"close_approach_date": "2037-11-29", "epoch_date_close_approach": 2143094400000, "relative_velocity": {"kilometers_per_second": "15.8074256443", "kilometers_per_hour": "56906.7323193515", "miles_per_hour": "35359.6304236548"}, "miss_distance": {"astronomical": "0.2434378759", "lunar": "94.6973342896", "kilometers": "36417788", "miles": "22628964"}, "orbiting_body": "Earth"}, {"close_approach_date": "2060-03-03", "epoch_date_close_approach": 2845526400000, "relative_velocity": {"kilometers_per_second": "11.0574151776", "kilometers_per_hour": "39806.6946392531", "miles_per_hour": "24734.332010707"}, "miss_distance": {"astronomical": "0.0734356636", "lunar": "28.5664730072", "kilometers": "10985819", "miles": "6826271.5"}, "orbiting_body": "Earth"}, {"close_approach_date": "2064-11-23", "epoch_date_close_approach": 2994652800000, "relative_velocity": {"kilometers_per_second": "18.7282552813", "kilometers_per_hour": "67421.7190125454", "miles_per_hour": "41893.2342386563"}, "miss_distance": {"astronomical": "0.3150723594", "lunar": "122.5631484985", "kilometers": "47134156", "miles": "29287806"}, "orbiting_body": "Earth"}, {"close_approach_date": "2082-04-09", "epoch_date_close_approach": 3542943600000, "relative_velocity": {"kilometers_per_second": "20.2382539592", "kilometers_per_hour": "72857.7142529789", "miles_per_hour": "45270.9502812468"}, "miss_distance": {"astronomical": "0.3030988396", "lunar": "117.9054412842", "kilometers": "45342940", "miles": "28174796"}, "orbiting_body": "Earth"}, {"close_approach_date": "2087-01-17", "epoch_date_close_approach": 3693628800000, "relative_velocity": {"kilometers_per_second": "10.6065838185", "kilometers_per_hour": "38183.7017465982", "miles_per_hour": "23725.8673436015"}, "miss_distance": {"astronomical": "0.16044279", "lunar": "62.4122428894", "kilometers": "24001900", "miles": "14914089"}, "orbiting_body": "Earth"}, {"close_approach_date": "2109-03-30", "epoch_date_close_approach": 4394070000000, "relative_velocity": {"kilometers_per_second": "15.6510313164", "kilometers_per_hour": "56343.7127390029", "miles_per_hour": "35009.7919516321"}, "miss_distance": {"astronomical": "0.1472712006", "lunar": "57.2884979248", "kilometers": "22031458", "miles": "13689713"}, "orbiting_body": "Earth"}, {"close_approach_date": "2113-12-18", "epoch_date_close_approach": 4543027200000, "relative_velocity": {"kilometers_per_second": "11.5292151773", "kilometers_per_hour": "41505.1746382865", "miles_per_hour": "25789.7014301064"}, "miss_distance": {"astronomical": "0.1775186716", "lunar": "69.0547637939", "kilometers": "26556414", "miles": "16501391"}, "orbiting_body": "Earth"}, {"close_approach_date": "2136-03-18", "epoch_date_close_approach": 5245110000000, "relative_velocity": {"kilometers_per_second": "12.6507840741", "kilometers_per_hour": "45542.8226668604", "miles_per_hour": "28298.5388954167"}, "miss_distance": {"astronomical": "0.0567275827", "lunar": "22.067029953", "kilometers": "8486326", "miles": "5273158.5"}, "orbiting_body": "Earth"}, {"close_approach_date": "2140-12-05", "epoch_date_close_approach": 5393980800000, "relative_velocity": {"kilometers_per_second": "14.5350877243", "kilometers_per_hour": "52326.3158075203", "miles_per_hour": "32513.5377305117"}, "miss_distance": {"astronomical": "0.2190434925", "lunar": "85.2079162598", "kilometers": "32768440", "miles": "20361364"}, "orbiting_body": "Earth"}, {"close_approach_date": "2163-03-08", "epoch_date_close_approach": 6096240000000, "relative_velocity": {"kilometers_per_second": "11.2381844404", "kilometers_per_hour": "40457.4639855174", "miles_per_hour": "25138.6947747789"}, "miss_distance": {"astronomical": "0.0668722148", "lunar": "26.0132923126", "kilometers": "10003941", "miles": "6216161"}, "orbiting_body": "Earth"}, {"close_approach_date": "2167-11-28", "epoch_date_close_approach": 6245366400000, "relative_velocity": {"kilometers_per_second": "17.7673431892", "kilometers_per_hour": "63962.435480989", "miles_per_hour": "39743.7699798401"}, "miss_distance": {"astronomical": "0.2936644233", "lunar": "114.235458374", "kilometers": "43931572", "miles": "27297814"}, "orbiting_body": "Earth"}, {"close_approach_date": "2185-04-16", "epoch_date_close_approach": 6793916400000, "relative_velocity": {"kilometers_per_second": "22.6742858654", "kilometers_per_hour": "81627.4291153111", "miles_per_hour": "50720.1100522332"}, "miss_distance": {"astronomical": "0.3905268528", "lunar": "151.9149475098", "kilometers": "58421988", "miles": "36301740"}, "orbiting_body": "Earth"}, {"close_approach_date": "2190-02-09", "epoch_date_close_approach": 6945984000000, "relative_velocity": {"kilometers_per_second": "10.6997155347", "kilometers_per_hour": "38518.9759249686", "miles_per_hour": "23934.1936796006"}, "miss_distance": {"astronomical": "0.1318418445", "lunar": "51.2864761353", "kilometers": "19723258", "miles": "12255465"}, "orbiting_body": "Earth"}, {"close_approach_date": "2194-11-19", "epoch_date_close_approach": 7096665600000, "relative_velocity": {"kilometers_per_second": "22.2241776837", "kilometers_per_hour": "80007.0396612656", "miles_per_hour": "49713.2630606348"}, "miss_distance": {"astronomical": "0.4191531747", "lunar": "163.0505828857", "kilometers": "62704424", "miles": "38962724"}, "orbiting_body": "Earth"}], "orbital_data": {"orbit_id": "19", "orbit_determination_date": "2017-09-02 06:18:31", "orbit_uncertainty": "0", "minimum_orbit_intersection": ".0451323", "jupiter_tisserand_invariant": "3.849", "epoch_osculation": "2458000.5", "eccentricity": ".5216786276267267", "semi_major_axis": "1.821637525199351", "inclination": "10.50322030220917", "ascending_node_longitude": "161.6340850534452", "orbital_period": "898.0310913351932", "perihelion_distance": ".8713281610200069", "perihelion_argument": "327.3485317764602", "aphelion_distance": "2.771946889378695", "perihelion_time": "2458250.096458964786", "mean_anomaly": "259.9425230436879", "mean_motion": ".4008769890859255", "equinox": "J2000"}}