{"links": {"self": "https://api.nasa.gov/neo/rest/v1/neo/3334817?api_key=stjNMXvPIBN6FqEBpH6hQbWAtFDv0RARRez0p7z1"}, "neo_reference_id": "3334817", "name": "(2006 KY86)", "nasa_jpl_url": "http://ssd.jpl.nasa.gov/sbdb.cgi?sstr=3334817", "absolute_magnitude_h": 19.8, "estimated_diameter": {"kilometers": {"estimated_diameter_min": 0.2914439045, "estimated_diameter_max": 0.6516883822}, "meters": {"estimated_diameter_min": 291.4439045349, "estimated_diameter_max": 651.6883821679}, "miles": {"estimated_diameter_min": 0.1810947904, "estimated_diameter_max": 0.4049402617}, "feet": {"estimated_diameter_min": 956.1808197541, "estimated_diameter_max": 2138.0853117517}}, "is_potentially_hazardous_asteroid": true, "close_approach_data": [{"close_approach_date": "1903-11-28", "epoch_date_close_approach": -2085753600000, "relative_velocity": {"kilometers_per_second": "6.2221077322", "kilometers_per_hour": "22399.5878360958", "miles_per_hour": "13918.2327862674"}, "miss_distance": {"astronomical": "1.5720762153", "lunar": "611.5376586914", "kilometers": "235179248", "miles": "146133616"}, "orbiting_body": "Juptr"}, {"close_approach_date": "1919-06-03", "epoch_date_close_approach": -1596214800000, "relative_velocity": {"kilometers_per_second": "19.0964598058", "kilometers_per_hour": "68747.2553009819", "miles_per_hour": "42716.8709396573"}, "miss_distance": {"astronomical": "0.1230750434", "lunar": "47.8761940002", "kilometers": "18411764", "miles": "11440540"}, "orbiting_body": "Earth"}, {"close_approach_date": "1926-04-16", "epoch_date_close_approach": -1379433600000, "relative_velocity": {"kilometers_per_second": "12.8779612774", "kilometers_per_hour": "46360.6605987714", "miles_per_hour": "28806.7115814977"}, "miss_distance": {"astronomical": "0.1846339336", "lunar": "71.8226013184", "kilometers": "27620844", "miles": "17162798"}, "orbiting_body": "Earth"}, {"close_approach_date": "1927-12-23", "epoch_date_close_approach": -1326211200000, "relative_velocity": {"kilometers_per_second": "4.9259949609", "kilometers_per_hour": "17733.5818590641", "miles_per_hour": "11018.9581279279"}, "miss_distance": {"astronomical": "1.3033100253", "lunar": "506.9876098633", "kilometers": "194972416", "miles": "121150240"}, "orbiting_body": "Juptr"}, {"close_approach_date": "1933-03-20", "epoch_date_close_approach": -1160841600000, "relative_velocity": {"kilometers_per_second": "13.0777046213", "kilometers_per_hour": "47079.7366367214", "miles_per_hour": "29253.5174674117"}, "miss_distance": {"astronomical": "0.2047281318", "lunar": "79.6392440796", "kilometers": "30626892", "miles": "19030668"}, "orbiting_body": "Earth"}, {"close_approach_date": "1940-02-03", "epoch_date_close_approach": -943891200000, "relative_velocity": {"kilometers_per_second": "13.2523954615", "kilometers_per_hour": "47708.6236613726", "miles_per_hour": "29644.2834078123"}, "miss_distance": {"astronomical": "0.1350223053", "lunar": "52.5236778259", "kilometers": "20199050", "miles": "12551108"}, "orbiting_body": "Earth"}, {"close_approach_date": "1947-01-08", "epoch_date_close_approach": -725212800000, "relative_velocity": {"kilometers_per_second": "22.3915113815", "kilometers_per_hour": "80609.4409734335", "miles_per_hour": "50087.5718092982"}, "miss_distance": {"astronomical": "0.2634686737", "lunar": "102.4893188477", "kilometers": "39414356", "miles": "24490944"}, "orbiting_body": "Earth"}, {"close_approach_date": "1963-02-09", "epoch_date_close_approach": -217526400000, "relative_velocity": {"kilometers_per_second": "7.6784655553", "kilometers_per_hour": "27642.4759989996", "miles_per_hour": "17175.9596006006"}, "miss_distance": {"astronomical": "1.9242056522", "lunar": "748.5159912109", "kilometers": "287857088", "miles": "178866096"}, "orbiting_body": "Juptr"}, {"close_approach_date": "1987-03-21", "epoch_date_close_approach": 543312000000, "relative_velocity": {"kilometers_per_second": "4.7886304029", "kilometers_per_hour": "17239.0694503601", "miles_per_hour": "10711.6873481974"}, "miss_distance": {"astronomical": "1.2448640345", "lunar": "484.2521057129", "kilometers": "186229008", "miles": "115717336"}, "orbiting_body": "Juptr"}, {"close_approach_date": "1999-06-13", "epoch_date_close_approach": 929257200000, "relative_velocity": {"kilometers_per_second": "23.3050274997", "kilometers_per_hour": "83898.098998965", "miles_per_hour": "52131.0160141069"}, "miss_distance": {"astronomical": "0.2729541133", "lunar": "106.179145813", "kilometers": "40833352", "miles": "25372670"}, "orbiting_body": "Earth"}, {"close_approach_date": "2006-05-15", "epoch_date_close_approach": 1147676400000, "relative_velocity": {"kilometers_per_second": "13.6719907838", "kilometers_per_hour": "49219.1668218208", "miles_per_hour": "30582.8761843697"}, "miss_distance": {"astronomical": "0.0884327706", "lunar": "34.4003486633", "kilometers": "13229355", "miles": "8220340"}, "orbiting_body": "Earth"}, {"close_approach_date": "2011-04-14", "epoch_date_close_approach": 1302764400000, "relative_velocity": {"kilometers_per_second": "7.286966403", "kilometers_per_hour": "26233.0790508865", "miles_per_hour": "16300.2151469244"}, "miss_distance": {"astronomical": "1.9015809243", "lunar": "739.7149658203", "kilometers": "284472448", "miles": "176762992"}, "orbiting_body": "Juptr"}, {"close_approach_date": "2013-03-27", "epoch_date_close_approach": 1364367600000, "relative_velocity": {"kilometers_per_second": "12.9631132756", "kilometers_per_hour": "46667.2077922392", "miles_per_hour": "28997.1880862389"}, "miss_distance": {"astronomical": "0.1941466935", "lunar": "75.5230636597", "kilometers": "29043932", "miles": "18047062"}, "orbiting_body": "Earth"}, {"close_approach_date": "2020-02-27", "epoch_date_close_approach": 1582790400000, "relative_velocity": {"kilometers_per_second": "12.3086904337", "kilometers_per_hour": "44311.2855613794", "miles_per_hour": "27533.3096311804"}, "miss_distance": {"astronomical": "0.1792333565", "lunar": "69.7217788696", "kilometers": "26812928", "miles": "16660782"}, "orbiting_body": "Earth"}, {"close_approach_date": "2027-01-21", "epoch_date_close_approach": 1800518400000, "relative_velocity": {"kilometers_per_second": "17.175069392", "kilometers_per_hour": "61830.2498112194", "miles_per_hour": "38418.9127229769"}, "miss_distance": {"astronomical": "0.1450931011", "lunar": "56.4412155151", "kilometers": "21705618", "miles": "13487246"}, "orbiting_body": "Earth"}, {"close_approach_date": "2033-12-31", "epoch_date_close_approach": 2019628800000, "relative_velocity": {"kilometers_per_second": "27.6699010272", "kilometers_per_hour": "99611.6436979726", "miles_per_hour": "61894.8016077763"}, "miss_distance": {"astronomical": "0.4342275987", "lunar": "168.9145355225", "kilometers": "64959524", "miles": "40363976"}, "orbiting_body": "Earth"}, {"close_approach_date": "2046-06-07", "epoch_date_close_approach": 2411967600000, "relative_velocity": {"kilometers_per_second": "5.2894136319", "kilometers_per_hour": "19041.8890747134", "miles_per_hour": "11831.8893531184"}, "miss_distance": {"astronomical": "1.3398723246", "lunar": "521.2103271484", "kilometers": "200442048", "miles": "124548920"}, "orbiting_body": "Juptr"}, {"close_approach_date": "2065-06-20", "epoch_date_close_approach": 3012706800000, "relative_velocity": {"kilometers_per_second": "26.6093457174", "kilometers_per_hour": "95793.6445826886", "miles_per_hour": "59522.4454352823"}, "miss_distance": {"astronomical": "0.3858497938", "lunar": "150.0955810547", "kilometers": "57722308", "miles": "35866980"}, "orbiting_body": "Earth"}, {"close_approach_date": "2070-06-22", "epoch_date_close_approach": 3170646000000, "relative_velocity": {"kilometers_per_second": "5.611817833", "kilometers_per_hour": "20202.5441989494", "miles_per_hour": "12553.0753107305"}, "miss_distance": {"astronomical": "1.4821622782", "lunar": "576.5610961914", "kilometers": "221728320", "miles": "137775584"}, "orbiting_body": "Juptr"}, {"close_approach_date": "2072-06-01", "epoch_date_close_approach": 3231990000000, "relative_velocity": {"kilometers_per_second": "18.0247960817", "kilometers_per_hour": "64889.2658942035", "miles_per_hour": "40319.6663552066"}, "miss_distance": {"astronomical": "0.1151182521", "lunar": "44.78099823", "kilometers": "17221446", "miles": "10700910"}, "orbiting_body": "Earth"}, {"close_approach_date": "2079-05-14", "epoch_date_close_approach": 3451273200000, "relative_velocity": {"kilometers_per_second": "13.4844895236", "kilometers_per_hour": "48544.1622849647", "miles_per_hour": "30163.4546153437"}, "miss_distance": {"astronomical": "0.0870389829", "lunar": "33.858165741", "kilometers": "13020847", "miles": "8090779.5"}, "orbiting_body": "Earth"}, {"close_approach_date": "2086-03-21", "epoch_date_close_approach": 3667532400000, "relative_velocity": {"kilometers_per_second": "13.2606530434", "kilometers_per_hour": "47738.3509561331", "miles_per_hour": "29662.754792715"}, "miss_distance": {"astronomical": "0.2028027387", "lunar": "78.8902664185", "kilometers": "30338858", "miles": "18851692"}, "orbiting_body": "Earth"}, {"close_approach_date": "2093-01-26", "epoch_date_close_approach": 3883795200000, "relative_velocity": {"kilometers_per_second": "15.7109447953", "kilometers_per_hour": "56559.401263017", "miles_per_hour": "35143.8124125674"}, "miss_distance": {"astronomical": "0.1374611129", "lunar": "53.4723739624", "kilometers": "20563890", "miles": "12777809"}, "orbiting_body": "Earth"}, {"close_approach_date": "2100-01-12", "epoch_date_close_approach": 4103424000000, "relative_velocity": {"kilometers_per_second": "22.4068816097", "kilometers_per_hour": "80664.7737949096", "miles_per_hour": "50121.9534727314"}, "miss_distance": {"astronomical": "0.2862755406", "lunar": "111.3611831665", "kilometers": "42826212", "miles": "26610974"}, "orbiting_body": "Earth"}, {"close_approach_date": "2105-08-09", "epoch_date_close_approach": 4279244400000, "relative_velocity": {"kilometers_per_second": "6.658804358", "kilometers_per_hour": "23971.6956886274", "miles_per_hour": "14895.079468303"}, "miss_distance": {"astronomical": "1.666435805", "lunar": "648.2435302734", "kilometers": "249295248", "miles": "154904896"}, "orbiting_body": "Juptr"}, {"close_approach_date": "2107-01-02", "epoch_date_close_approach": 4323398400000, "relative_velocity": {"kilometers_per_second": "28.1576465378", "kilometers_per_hour": "101367.5275359155", "miles_per_hour": "62985.8395403026"}, "miss_distance": {"astronomical": "0.4517593111", "lunar": "175.734375", "kilometers": "67582232", "miles": "41993652"}, "orbiting_body": "Earth"}, {"close_approach_date": "2117-07-10", "epoch_date_close_approach": 4655343600000, "relative_velocity": {"kilometers_per_second": "9.4136095768", "kilometers_per_hour": "33888.9944765703", "miles_per_hour": "21057.3032624"}, "miss_distance": {"astronomical": "0.1329963778", "lunar": "51.7355918884", "kilometers": "19895976", "miles": "12362786"}, "orbiting_body": "Venus"}, {"close_approach_date": "2129-09-01", "epoch_date_close_approach": 5038614000000, "relative_velocity": {"kilometers_per_second": "4.8470767732", "kilometers_per_hour": "17449.4763834556", "miles_per_hour": "10842.426033931"}, "miss_distance": {"astronomical": "1.2564276218", "lunar": "488.7503662109", "kilometers": "187958896", "miles": "116792248"}, "orbiting_body": "Juptr"}, {"close_approach_date": "2138-06-14", "epoch_date_close_approach": 5315785200000, "relative_velocity": {"kilometers_per_second": "22.6989164918", "kilometers_per_hour": "81716.0993703479", "miles_per_hour": "50775.2063004253"}, "miss_distance": {"astronomical": "0.267728868", "lunar": "104.1465301514", "kilometers": "40051668", "miles": "24886952"}, "orbiting_body": "Earth"}, {"close_approach_date": "2145-05-08", "epoch_date_close_approach": 5533513200000, "relative_velocity": {"kilometers_per_second": "13.1412499824", "kilometers_per_hour": "47308.4999366965", "miles_per_hour": "29395.6620856657"}, "miss_distance": {"astronomical": "0.1260912213", "lunar": "49.0494880676", "kilometers": "18862980", "miles": "11720912"}, "orbiting_body": "Earth"}, {"close_approach_date": "2152-02-25", "epoch_date_close_approach": 5748134400000, "relative_velocity": {"kilometers_per_second": "12.6609835776", "kilometers_per_hour": "45579.5408792718", "miles_per_hour": "28321.3541646786"}, "miss_distance": {"astronomical": "0.1810722802", "lunar": "70.4371185303", "kilometers": "27088028", "miles": "16831720"}, "orbiting_body": "Earth"}, {"close_approach_date": "2159-01-28", "epoch_date_close_approach": 5966640000000, "relative_velocity": {"kilometers_per_second": "16.3854262294", "kilometers_per_hour": "58987.5344259343", "miles_per_hour": "36652.5599326035"}, "miss_distance": {"astronomical": "0.1548625593", "lunar": "60.2415313721", "kilometers": "23167108", "miles": "14395374"}, "orbiting_body": "Earth"}, {"close_approach_date": "2166-01-13", "epoch_date_close_approach": 6186268800000, "relative_velocity": {"kilometers_per_second": "22.7835404076", "kilometers_per_hour": "82020.7454673161", "miles_per_hour": "50964.5015377332"}, "miss_distance": {"astronomical": "0.2975124876", "lunar": "115.7323608398", "kilometers": "44507236", "miles": "27655514"}, "orbiting_body": "Earth"}, {"close_approach_date": "2188-11-05", "epoch_date_close_approach": 6906153600000, "relative_velocity": {"kilometers_per_second": "5.2440918712", "kilometers_per_hour": "18878.7307361815", "miles_per_hour": "11730.5091066012"}, "miss_distance": {"astronomical": "1.3050555877", "lunar": "507.6666259766", "kilometers": "195233536", "miles": "121312496"}, "orbiting_body": "Juptr"}], "orbital_data": {"orbit_id": "37", "orbit_determination_date": "2017-04-06 09:08:35", "orbit_uncertainty": "0", "minimum_orbit_intersection": ".0443524", "jupiter_tisserand_invariant": "3.270", "epoch_osculation": "2458000.5", "eccentricity": ".645614310581223", "semi_major_axis": "2.299601722499593", "inclination": "7.409368399644965", "ascending_node_longitude": "222.7274529878988", "orbital_period": "1273.729961800897", "perihelion_distance": ".8149459418166254", "perihelion_argument": "321.1801984107412", "aphelion_distance": "3.784257503182561", "perihelion_time": "2457650.561606047925", "mean_anomaly": "98.90465451925917", "mean_motion": ".2826344757494786", "equinox": "J2000"}}