{"links": {"self": "https://api.nasa.gov/neo/rest/v1/neo/3359278?api_key=stjNMXvPIBN6FqEBpH6hQbWAtFDv0RARRez0p7z1"}, "neo_reference_id": "3359278", "name": "(2006 WJ3)", "nasa_jpl_url": "http://ssd.jpl.nasa.gov/sbdb.cgi?sstr=3359278", "absolute_magnitude_h": 20.0, "estimated_diameter": {"kilometers": {"estimated_diameter_min": 0.2658, "estimated_diameter_max": 0.5943468684}, "meters": {"estimated_diameter_min": 265.8, "estimated_diameter_max": 594.3468684194}, "miles": {"estimated_diameter_min": 0.1651604118, "estimated_diameter_max": 0.369309908}, "feet": {"estimated_diameter_min": 872.047272, "estimated_diameter_max": 1949.9569797852}}, "is_potentially_hazardous_asteroid": true, "close_approach_data": [{"close_approach_date": "1904-11-15", "epoch_date_close_approach": -2055254400000, "relative_velocity": {"kilometers_per_second": "10.2630342684", "kilometers_per_hour": "36946.9233661136", "miles_per_hour": "22957.3813549054"}, "miss_distance": {"astronomical": "0.0203697512", "lunar": "7.9238333702", "kilometers": "3047271.5", "miles": "1893486.75"}, "orbiting_body": "Earth"}, {"close_approach_date": "1911-10-18", "epoch_date_close_approach": -1836835200000, "relative_velocity": {"kilometers_per_second": "12.8056863389", "kilometers_per_hour": "46100.4708201523", "miles_per_hour": "28645.0397715552"}, "miss_distance": {"astronomical": "0.2283352844", "lunar": "88.8224258423", "kilometers": "34158472", "miles": "21225092"}, "orbiting_body": "Earth"}, {"close_approach_date": "1918-09-25", "epoch_date_close_approach": -1617901200000, "relative_velocity": {"kilometers_per_second": "19.3291926831", "kilometers_per_hour": "69585.093658998", "miles_per_hour": "43237.4711127257"}, "miss_distance": {"astronomical": "0.4779652921", "lunar": "185.9284973145", "kilometers": "71502592", "miles": "44429652"}, "orbiting_body": "Earth"}, {"close_approach_date": "1948-12-23", "epoch_date_close_approach": -663440400000, "relative_velocity": {"kilometers_per_second": "18.7064833523", "kilometers_per_hour": "67343.34006828", "miles_per_hour": "41844.5326107599"}, "miss_distance": {"astronomical": "0.4309515432", "lunar": "167.6401519775", "kilometers": "64469432", "miles": "40059448"}, "orbiting_body": "Earth"}, {"close_approach_date": "1955-12-03", "epoch_date_close_approach": -444326400000, "relative_velocity": {"kilometers_per_second": "12.3224830832", "kilometers_per_hour": "44360.93909934", "miles_per_hour": "27564.1624086982"}, "miss_distance": {"astronomical": "0.1737255957", "lunar": "67.5792541504", "kilometers": "25988978", "miles": "16148803"}, "orbiting_body": "Earth"}, {"close_approach_date": "1962-11-08", "epoch_date_close_approach": -225561600000, "relative_velocity": {"kilometers_per_second": "10.2875704221", "kilometers_per_hour": "37035.2535195337", "miles_per_hour": "23012.2662771792"}, "miss_distance": {"astronomical": "0.058260848", "lunar": "22.6634693146", "kilometers": "8715699", "miles": "5415684"}, "orbiting_body": "Earth"}, {"close_approach_date": "1969-10-07", "epoch_date_close_approach": -7405200000, "relative_velocity": {"kilometers_per_second": "15.6076043442", "kilometers_per_hour": "56187.3756390214", "miles_per_hour": "34912.6501574797"}, "miss_distance": {"astronomical": "0.3421469681", "lunar": "133.0951690674", "kilometers": "51184456", "miles": "31804548"}, "orbiting_body": "Earth"}, {"close_approach_date": "1999-12-21", "epoch_date_close_approach": 945763200000, "relative_velocity": {"kilometers_per_second": "17.4810796887", "kilometers_per_hour": "62931.8868793013", "miles_per_hour": "39103.4271556414"}, "miss_distance": {"astronomical": "0.3860448392", "lunar": "150.1714324951", "kilometers": "57751484", "miles": "35885108"}, "orbiting_body": "Earth"}, {"close_approach_date": "2006-11-24", "epoch_date_close_approach": 1164355200000, "relative_velocity": {"kilometers_per_second": "10.8859196142", "kilometers_per_hour": "39189.310610976", "miles_per_hour": "24350.7135849145"}, "miss_distance": {"astronomical": "0.0880226569", "lunar": "34.240814209", "kilometers": "13168002", "miles": "8182217"}, "orbiting_body": "Earth"}, {"close_approach_date": "2013-10-26", "epoch_date_close_approach": 1382770800000, "relative_velocity": {"kilometers_per_second": "11.5694134566", "kilometers_per_hour": "41649.8884437823", "miles_per_hour": "25879.6209610824"}, "miss_distance": {"astronomical": "0.1628048709", "lunar": "63.3310966492", "kilometers": "24355262", "miles": "15133658"}, "orbiting_body": "Earth"}, {"close_approach_date": "2020-09-29", "epoch_date_close_approach": 1601362800000, "relative_velocity": {"kilometers_per_second": "18.0909815058", "kilometers_per_hour": "65127.5334207162", "miles_per_hour": "40467.7165302222"}, "miss_distance": {"astronomical": "0.4325739216", "lunar": "168.2712554932", "kilometers": "64712136", "miles": "40210256"}, "orbiting_body": "Earth"}, {"close_approach_date": "2050-12-21", "epoch_date_close_approach": 2555222400000, "relative_velocity": {"kilometers_per_second": "17.383624609", "kilometers_per_hour": "62581.0485923982", "miles_per_hour": "38885.429887871"}, "miss_distance": {"astronomical": "0.3850959028", "lunar": "149.8023071289", "kilometers": "57609528", "miles": "35796900"}, "orbiting_body": "Earth"}, {"close_approach_date": "2057-11-27", "epoch_date_close_approach": 2774073600000, "relative_velocity": {"kilometers_per_second": "11.1626630972", "kilometers_per_hour": "40185.5871499654", "miles_per_hour": "24969.7610821549"}, "miss_distance": {"astronomical": "0.1122966339", "lunar": "43.683391571", "kilometers": "16799338", "miles": "10438624"}, "orbiting_body": "Earth"}, {"close_approach_date": "2064-10-30", "epoch_date_close_approach": 2992575600000, "relative_velocity": {"kilometers_per_second": "10.9978111591", "kilometers_per_hour": "39592.1201728676", "miles_per_hour": "24601.0037818577"}, "miss_distance": {"astronomical": "0.1249511733", "lunar": "48.6060066223", "kilometers": "18692430", "miles": "11614938"}, "orbiting_body": "Earth"}, {"close_approach_date": "2071-10-04", "epoch_date_close_approach": 3211167600000, "relative_velocity": {"kilometers_per_second": "16.7573746553", "kilometers_per_hour": "60326.548759053", "miles_per_hour": "37484.5713664238"}, "miss_distance": {"astronomical": "0.3821830106", "lunar": "148.6691894531", "kilometers": "57173764", "miles": "35526132"}, "orbiting_body": "Earth"}, {"close_approach_date": "2101-12-27", "epoch_date_close_approach": 4165113600000, "relative_velocity": {"kilometers_per_second": "19.3043112292", "kilometers_per_hour": "69495.5204250494", "miles_per_hour": "43181.8137885536"}, "miss_distance": {"astronomical": "0.4551373763", "lunar": "177.0484313965", "kilometers": "68087584", "miles": "42307664"}, "orbiting_body": "Earth"}, {"close_approach_date": "2108-12-05", "epoch_date_close_approach": 4384137600000, "relative_velocity": {"kilometers_per_second": "12.321670576", "kilometers_per_hour": "44358.0140734981", "miles_per_hour": "27562.3449113911"}, "miss_distance": {"astronomical": "0.1791546888", "lunar": "69.6911773682", "kilometers": "26801160", "miles": "16653469"}, "orbiting_body": "Earth"}, {"close_approach_date": "2115-11-07", "epoch_date_close_approach": 4602556800000, "relative_velocity": {"kilometers_per_second": "10.4565026352", "kilometers_per_hour": "37643.4094866516", "miles_per_hour": "23390.1507446364"}, "miss_distance": {"astronomical": "0.0747213221", "lunar": "29.0665931702", "kilometers": "11178151", "miles": "6945781"}, "orbiting_body": "Earth"}, {"close_approach_date": "2122-10-07", "epoch_date_close_approach": 4820799600000, "relative_velocity": {"kilometers_per_second": "16.4853728298", "kilometers_per_hour": "59347.3421873527", "miles_per_hour": "36876.1304830248"}, "miss_distance": {"astronomical": "0.3713000399", "lunar": "144.4357147217", "kilometers": "55545696", "miles": "34514496"}, "orbiting_body": "Earth"}, {"close_approach_date": "2152-12-18", "epoch_date_close_approach": 5773795200000, "relative_velocity": {"kilometers_per_second": "15.7782032683", "kilometers_per_hour": "56801.5317657248", "miles_per_hour": "35294.2628907639"}, "miss_distance": {"astronomical": "0.3286796157", "lunar": "127.8563690186", "kilometers": "49169772", "miles": "30552680"}, "orbiting_body": "Earth"}, {"close_approach_date": "2159-11-19", "epoch_date_close_approach": 5992128000000, "relative_velocity": {"kilometers_per_second": "10.3044641255", "kilometers_per_hour": "37096.0708517323", "miles_per_hour": "23050.0558022889"}, "miss_distance": {"astronomical": "0.0340661573", "lunar": "13.2517347336", "kilometers": "5096224.5", "miles": "3166647"}, "orbiting_body": "Earth"}, {"close_approach_date": "2166-10-27", "epoch_date_close_approach": 6211062000000, "relative_velocity": {"kilometers_per_second": "11.7678611747", "kilometers_per_hour": "42364.3002288714", "miles_per_hour": "26323.5286616562"}, "miss_distance": {"astronomical": "0.1684831475", "lunar": "65.5399475098", "kilometers": "25204722", "miles": "15661488"}, "orbiting_body": "Earth"}, {"close_approach_date": "2173-10-06", "epoch_date_close_approach": 6430172400000, "relative_velocity": {"kilometers_per_second": "16.9757310482", "kilometers_per_hour": "61112.6317736204", "miles_per_hour": "37973.012781781"}, "miss_distance": {"astronomical": "0.3868530969", "lunar": "150.4858551025", "kilometers": "57872400", "miles": "35960244"}, "orbiting_body": "Earth"}], "orbital_data": {"orbit_id": "38", "orbit_determination_date": "2017-04-06 09:07:35", "orbit_uncertainty": "0", "minimum_orbit_intersection": ".0195462", "jupiter_tisserand_invariant": "3.984", "epoch_osculation": "2458000.5", "eccentricity": ".4244840318881249", "semi_major_axis": "1.751437314471584", "inclination": "15.36981368394926", "ascending_node_longitude": "232.5905968768571", "orbital_period": "846.623509594428", "perihelion_distance": "1.007980141625377", "perihelion_argument": "178.4781775482144", "aphelion_distance": "2.494894487317792", "perihelion_time": "2458293.885493743396", "mean_anomaly": "235.2470530871286", "mean_motion": ".4252185250235452", "equinox": "J2000"}}