{"links": {"self": "https://api.nasa.gov/neo/rest/v1/neo/3368861?api_key=stjNMXvPIBN6FqEBpH6hQbWAtFDv0RARRez0p7z1"}, "neo_reference_id": "3368861", "name": "(2007 DY40)", "nasa_jpl_url": "http://ssd.jpl.nasa.gov/sbdb.cgi?sstr=3368861", "absolute_magnitude_h": 21.1, "estimated_diameter": {"kilometers": {"estimated_diameter_min": 0.160160338, "estimated_diameter_max": 0.358129403}, "meters": {"estimated_diameter_min": 160.1603379786, "estimated_diameter_max": 358.1294030194}, "miles": {"estimated_diameter_min": 0.0995189894, "estimated_diameter_max": 0.2225312253}, "feet": {"estimated_diameter_min": 525.4604432536, "estimated_diameter_max": 1174.9652706022}}, "is_potentially_hazardous_asteroid": true, "close_approach_data": [{"close_approach_date": "1901-08-22", "epoch_date_close_approach": -2157292800000, "relative_velocity": {"kilometers_per_second": "18.413088002", "kilometers_per_hour": "66287.116807317", "miles_per_hour": "41188.2365517465"}, "miss_distance": {"astronomical": "0.1415936248", "lunar": "55.0799179077", "kilometers": "21182104", "miles": "13161949"}, "orbiting_body": "Venus"}, {"close_approach_date": "1904-03-11", "epoch_date_close_approach": -2076768000000, "relative_velocity": {"kilometers_per_second": "14.5265955886", "kilometers_per_hour": "52295.744118983", "miles_per_hour": "32494.5416721537"}, "miss_distance": {"astronomical": "0.0800830689", "lunar": "31.1523151398", "kilometers": "11980257", "miles": "7444186.5"}, "orbiting_body": "Mars"}, {"close_approach_date": "1908-05-10", "epoch_date_close_approach": -1945353600000, "relative_velocity": {"kilometers_per_second": "12.5395427182", "kilometers_per_hour": "45142.3537855164", "miles_per_hour": "28049.7031063393"}, "miss_distance": {"astronomical": "0.2551427415", "lunar": "99.2505264282", "kilometers": "38168812", "miles": "23717000"}, "orbiting_body": "Earth"}, {"close_approach_date": "1917-04-21", "epoch_date_close_approach": -1662998400000, "relative_velocity": {"kilometers_per_second": "12.2527608394", "kilometers_per_hour": "44109.9390216827", "miles_per_hour": "27408.2007215561"}, "miss_distance": {"astronomical": "0.186478131", "lunar": "72.5399932861", "kilometers": "27896732", "miles": "17334226"}, "orbiting_body": "Earth"}, {"close_approach_date": "1926-04-13", "epoch_date_close_approach": -1379692800000, "relative_velocity": {"kilometers_per_second": "13.942484305", "kilometers_per_hour": "50192.9434980536", "miles_per_hour": "31187.9431418878"}, "miss_distance": {"astronomical": "0.1242515427", "lunar": "48.3338508606", "kilometers": "18587766", "miles": "11549903"}, "orbiting_body": "Earth"}, {"close_approach_date": "1928-10-11", "epoch_date_close_approach": -1300896000000, "relative_velocity": {"kilometers_per_second": "31.8950766773", "kilometers_per_hour": "114822.2760382454", "miles_per_hour": "71346.0970194309"}, "miss_distance": {"astronomical": "0.495441011", "lunar": "192.7265625", "kilometers": "74116920", "miles": "46054120"}, "orbiting_body": "Earth"}, {"close_approach_date": "1935-04-08", "epoch_date_close_approach": -1096128000000, "relative_velocity": {"kilometers_per_second": "15.7961946881", "kilometers_per_hour": "56866.3008770668", "miles_per_hour": "35334.507897753"}, "miss_distance": {"astronomical": "0.0736615728", "lunar": "28.6543521881", "kilometers": "11019615", "miles": "6847271"}, "orbiting_body": "Earth"}, {"close_approach_date": "1937-10-09", "epoch_date_close_approach": -1017072000000, "relative_velocity": {"kilometers_per_second": "30.254864171", "kilometers_per_hour": "108917.5110154466", "miles_per_hour": "67677.1056640146"}, "miss_distance": {"astronomical": "0.439754347", "lunar": "171.0644378662", "kilometers": "65786312", "miles": "40877720"}, "orbiting_body": "Earth"}, {"close_approach_date": "1939-12-14", "epoch_date_close_approach": -948297600000, "relative_velocity": {"kilometers_per_second": "16.6532500128", "kilometers_per_hour": "59951.7000459698", "miles_per_hour": "37251.6549535639"}, "miss_distance": {"astronomical": "0.1231855703", "lunar": "47.9191856384", "kilometers": "18428298", "miles": "11450814"}, "orbiting_body": "Venus"}, {"close_approach_date": "1944-04-05", "epoch_date_close_approach": -812307600000, "relative_velocity": {"kilometers_per_second": "16.4592985516", "kilometers_per_hour": "59253.4747858651", "miles_per_hour": "36817.8049301394"}, "miss_distance": {"astronomical": "0.0619888543", "lunar": "24.1136646271", "kilometers": "9273400", "miles": "5762224"}, "orbiting_body": "Earth"}, {"close_approach_date": "1946-09-05", "epoch_date_close_approach": -736012800000, "relative_velocity": {"kilometers_per_second": "10.8696665954", "kilometers_per_hour": "39130.7997432784", "miles_per_hour": "24314.3572071498"}, "miss_distance": {"astronomical": "0.0794322555", "lunar": "30.8991470337", "kilometers": "11882897", "miles": "7383689.5"}, "orbiting_body": "Venus"}, {"close_approach_date": "1946-10-09", "epoch_date_close_approach": -733075200000, "relative_velocity": {"kilometers_per_second": "29.8723958321", "kilometers_per_hour": "107540.62499542", "miles_per_hour": "66821.5622367375"}, "miss_distance": {"astronomical": "0.4280964021", "lunar": "166.529510498", "kilometers": "64042312", "miles": "39794048"}, "orbiting_body": "Earth"}, {"close_approach_date": "1953-04-07", "epoch_date_close_approach": -528134400000, "relative_velocity": {"kilometers_per_second": "16.0684058634", "kilometers_per_hour": "57846.2611082436", "miles_per_hour": "35943.4170758417"}, "miss_distance": {"astronomical": "0.0688425797", "lunar": "26.7797641754", "kilometers": "10298704", "miles": "6399318"}, "orbiting_body": "Earth"}, {"close_approach_date": "1953-05-16", "epoch_date_close_approach": -524768400000, "relative_velocity": {"kilometers_per_second": "10.4631959474", "kilometers_per_hour": "37667.5054106105", "miles_per_hour": "23405.1230147207"}, "miss_distance": {"astronomical": "0.0756479926", "lunar": "29.4270706177", "kilometers": "11316779", "miles": "7031920.5"}, "orbiting_body": "Venus"}, {"close_approach_date": "1955-10-11", "epoch_date_close_approach": -448905600000, "relative_velocity": {"kilometers_per_second": "30.9281027871", "kilometers_per_hour": "111341.1700336385", "miles_per_hour": "69183.0731245128"}, "miss_distance": {"astronomical": "0.463691364", "lunar": "180.3759307861", "kilometers": "69367240", "miles": "43102804"}, "orbiting_body": "Earth"}, {"close_approach_date": "1960-02-09", "epoch_date_close_approach": -312220800000, "relative_velocity": {"kilometers_per_second": "13.0271942473", "kilometers_per_hour": "46897.8992902674", "miles_per_hour": "29140.5308117775"}, "miss_distance": {"astronomical": "0.0685579003", "lunar": "26.6690235138", "kilometers": "10256116", "miles": "6372855.5"}, "orbiting_body": "Venus"}, {"close_approach_date": "1962-04-11", "epoch_date_close_approach": -243792000000, "relative_velocity": {"kilometers_per_second": "14.5511932645", "kilometers_per_hour": "52384.2957521748", "miles_per_hour": "32549.5642133444"}, "miss_distance": {"astronomical": "0.1060844729", "lunar": "41.2668609619", "kilometers": "15870011", "miles": "9861168"}, "orbiting_body": "Earth"}, {"close_approach_date": "1964-10-12", "epoch_date_close_approach": -164739600000, "relative_velocity": {"kilometers_per_second": "32.0119121639", "kilometers_per_hour": "115242.8837901556", "miles_per_hour": "71607.4463194997"}, "miss_distance": {"astronomical": "0.4992190773", "lunar": "194.1962280273", "kilometers": "74682112", "miles": "46405312"}, "orbiting_body": "Earth"}, {"close_approach_date": "1966-11-09", "epoch_date_close_approach": -99244800000, "relative_velocity": {"kilometers_per_second": "17.2229185353", "kilometers_per_hour": "62002.5067271372", "miles_per_hour": "38525.9464716481"}, "miss_distance": {"astronomical": "0.1214553398", "lunar": "47.2461280823", "kilometers": "18169460", "miles": "11289979"}, "orbiting_body": "Venus"}, {"close_approach_date": "1968-10-31", "epoch_date_close_approach": -36864000000, "relative_velocity": {"kilometers_per_second": "15.0328076517", "kilometers_per_hour": "54118.1075461679", "miles_per_hour": "33626.8874361175"}, "miss_distance": {"astronomical": "0.0867651141", "lunar": "33.7516288757", "kilometers": "12979876", "miles": "8065321"}, "orbiting_body": "Mars"}, {"close_approach_date": "1971-04-13", "epoch_date_close_approach": 40377600000, "relative_velocity": {"kilometers_per_second": "13.9210712198", "kilometers_per_hour": "50115.8563912177", "miles_per_hour": "31140.0442115319"}, "miss_distance": {"astronomical": "0.1265044511", "lunar": "49.210231781", "kilometers": "18924796", "miles": "11759323"}, "orbiting_body": "Earth"}, {"close_approach_date": "1980-04-13", "epoch_date_close_approach": 324460800000, "relative_velocity": {"kilometers_per_second": "13.7120707484", "kilometers_per_hour": "49363.4546942814", "miles_per_hour": "30672.5310571217"}, "miss_distance": {"astronomical": "0.1327362327", "lunar": "51.6343955994", "kilometers": "19857058", "miles": "12338604"}, "orbiting_body": "Earth"}, {"close_approach_date": "1989-04-14", "epoch_date_close_approach": 608540400000, "relative_velocity": {"kilometers_per_second": "13.556669237", "kilometers_per_hour": "48804.0092531701", "miles_per_hour": "30324.9134162267"}, "miss_distance": {"astronomical": "0.1383596685", "lunar": "53.8219108582", "kilometers": "20698312", "miles": "12861335"}, "orbiting_body": "Earth"}, {"close_approach_date": "1998-04-19", "epoch_date_close_approach": 892969200000, "relative_velocity": {"kilometers_per_second": "12.7131404432", "kilometers_per_hour": "45767.305595362", "miles_per_hour": "28438.0238572959"}, "miss_distance": {"astronomical": "0.167685405", "lunar": "65.2296218872", "kilometers": "25085380", "miles": "15587332"}, "orbiting_body": "Earth"}, {"close_approach_date": "2007-04-29", "epoch_date_close_approach": 1177830000000, "relative_velocity": {"kilometers_per_second": "11.9831043032", "kilometers_per_hour": "43139.1754915844", "miles_per_hour": "26805.0060158681"}, "miss_distance": {"astronomical": "0.2129392752", "lunar": "82.8333816528", "kilometers": "31855262", "miles": "19793942"}, "orbiting_body": "Earth"}, {"close_approach_date": "2016-05-11", "epoch_date_close_approach": 1462950000000, "relative_velocity": {"kilometers_per_second": "12.5424559255", "kilometers_per_hour": "45152.8413318194", "miles_per_hour": "28056.219659763"}, "miss_distance": {"astronomical": "0.2557126095", "lunar": "99.4721984863", "kilometers": "38254060", "miles": "23769972"}, "orbiting_body": "Earth"}, {"close_approach_date": "2025-05-23", "epoch_date_close_approach": 1747983600000, "relative_velocity": {"kilometers_per_second": "13.6767742736", "kilometers_per_hour": "49236.3873850097", "miles_per_hour": "30593.5763726467"}, "miss_distance": {"astronomical": "0.2874043189", "lunar": "111.8002853394", "kilometers": "42995076", "miles": "26715902"}, "orbiting_body": "Earth"}, {"close_approach_date": "2030-03-16", "epoch_date_close_approach": 1899874800000, "relative_velocity": {"kilometers_per_second": "13.9224983632", "kilometers_per_hour": "50120.9941073407", "miles_per_hour": "31143.2365885307"}, "miss_distance": {"astronomical": "0.0949747196", "lunar": "36.9451675415", "kilometers": "14208016", "miles": "8828452"}, "orbiting_body": "Mars"}, {"close_approach_date": "2034-06-04", "epoch_date_close_approach": 2033017200000, "relative_velocity": {"kilometers_per_second": "14.7422381915", "kilometers_per_hour": "53072.0574893341", "miles_per_hour": "32976.9126105254"}, "miss_distance": {"astronomical": "0.3093689595", "lunar": "120.3445281982", "kilometers": "46280940", "miles": "28757642"}, "orbiting_body": "Earth"}, {"close_approach_date": "2043-06-19", "epoch_date_close_approach": 2318310000000, "relative_velocity": {"kilometers_per_second": "15.5531534457", "kilometers_per_hour": "55991.352404691", "miles_per_hour": "34790.8489427926"}, "miss_distance": {"astronomical": "0.3239106128", "lunar": "126.0012359619", "kilometers": "48456340", "miles": "30109374"}, "orbiting_body": "Earth"}, {"close_approach_date": "2052-07-05", "epoch_date_close_approach": 2603775600000, "relative_velocity": {"kilometers_per_second": "15.5797477865", "kilometers_per_hour": "56087.092031459", "miles_per_hour": "34850.3378236585"}, "miss_distance": {"astronomical": "0.3215286857", "lunar": "125.0746536255", "kilometers": "48100004", "miles": "29887958"}, "orbiting_body": "Earth"}, {"close_approach_date": "2061-07-24", "epoch_date_close_approach": 2889414000000, "relative_velocity": {"kilometers_per_second": "14.5673474442", "kilometers_per_hour": "52442.450799165", "miles_per_hour": "32585.6994979589"}, "miss_distance": {"astronomical": "0.2962520274", "lunar": "115.2420425415", "kilometers": "44318676", "miles": "27538348"}, "orbiting_body": "Earth"}, {"close_approach_date": "2070-08-16", "epoch_date_close_approach": 3175398000000, "relative_velocity": {"kilometers_per_second": "12.7662242565", "kilometers_per_hour": "45958.4073234169", "miles_per_hour": "28556.7670393754"}, "miss_distance": {"astronomical": "0.2344298889", "lunar": "91.1932296753", "kilometers": "35070212", "miles": "21791620"}, "orbiting_body": "Earth"}, {"close_approach_date": "2079-09-07", "epoch_date_close_approach": 3461295600000, "relative_velocity": {"kilometers_per_second": "13.9330275173", "kilometers_per_hour": "50158.8990621727", "miles_per_hour": "31166.7892533817"}, "miss_distance": {"astronomical": "0.1222343547", "lunar": "47.5491638184", "kilometers": "18285998", "miles": "11362393"}, "orbiting_body": "Earth"}, {"close_approach_date": "2086-03-15", "epoch_date_close_approach": 3667014000000, "relative_velocity": {"kilometers_per_second": "29.6135276859", "kilometers_per_hour": "106608.6996693754", "miles_per_hour": "66242.5000806738"}, "miss_distance": {"astronomical": "0.4218208732", "lunar": "164.0883178711", "kilometers": "63103504", "miles": "39210700"}, "orbiting_body": "Earth"}, {"close_approach_date": "2088-09-19", "epoch_date_close_approach": 3746415600000, "relative_velocity": {"kilometers_per_second": "18.09129306", "kilometers_per_hour": "65128.6550159302", "miles_per_hour": "40468.4134458706"}, "miss_distance": {"astronomical": "0.0404122135", "lunar": "15.7203512192", "kilometers": "6045581", "miles": "3756550"}, "orbiting_body": "Earth"}, {"close_approach_date": "2095-03-25", "epoch_date_close_approach": 3951874800000, "relative_velocity": {"kilometers_per_second": "23.5510520614", "kilometers_per_hour": "84783.7874208971", "miles_per_hour": "52681.3483560569"}, "miss_distance": {"astronomical": "0.2238787761", "lunar": "87.0888442993", "kilometers": "33491788", "miles": "20810832"}, "orbiting_body": "Earth"}, {"close_approach_date": "2097-10-02", "epoch_date_close_approach": 4031535600000, "relative_velocity": {"kilometers_per_second": "24.9360757716", "kilometers_per_hour": "89769.8727777769", "miles_per_hour": "55779.5078935026"}, "miss_distance": {"astronomical": "0.2637337326", "lunar": "102.5924301147", "kilometers": "39454008", "miles": "24515584"}, "orbiting_body": "Earth"}, {"close_approach_date": "2104-04-08", "epoch_date_close_approach": 4237081200000, "relative_velocity": {"kilometers_per_second": "16.4066806192", "kilometers_per_hour": "59064.0502290066", "miles_per_hour": "36700.103877018"}, "miss_distance": {"astronomical": "0.0687709109", "lunar": "26.7518825531", "kilometers": "10287981", "miles": "6392655.5"}, "orbiting_body": "Earth"}, {"close_approach_date": "2106-10-14", "epoch_date_close_approach": 4316482800000, "relative_velocity": {"kilometers_per_second": "31.6803936443", "kilometers_per_hour": "114049.4171196078", "miles_per_hour": "70865.8725430141"}, "miss_distance": {"astronomical": "0.4885835027", "lunar": "190.0589904785", "kilometers": "73091056", "miles": "45416676"}, "orbiting_body": "Earth"}, {"close_approach_date": "2113-05-11", "epoch_date_close_approach": 4523929200000, "relative_velocity": {"kilometers_per_second": "12.4220990903", "kilometers_per_hour": "44719.5567252229", "miles_per_hour": "27786.9934551809"}, "miss_distance": {"astronomical": "0.2508967576", "lunar": "97.5988388062", "kilometers": "37533620", "miles": "23322310"}, "orbiting_body": "Earth"}, {"close_approach_date": "2122-06-20", "epoch_date_close_approach": 4811382000000, "relative_velocity": {"kilometers_per_second": "15.5793393542", "kilometers_per_hour": "56085.6216749954", "miles_per_hour": "34849.4242013326"}, "miss_distance": {"astronomical": "0.3238165424", "lunar": "125.964630127", "kilometers": "48442264", "miles": "30100628"}, "orbiting_body": "Earth"}, {"close_approach_date": "2131-07-25", "epoch_date_close_approach": 5098402800000, "relative_velocity": {"kilometers_per_second": "14.624572072", "kilometers_per_hour": "52648.459459083", "miles_per_hour": "32713.7052677841"}, "miss_distance": {"astronomical": "0.2972068891", "lunar": "115.6134796143", "kilometers": "44461516", "miles": "27627106"}, "orbiting_body": "Earth"}, {"close_approach_date": "2140-09-07", "epoch_date_close_approach": 5386287600000, "relative_velocity": {"kilometers_per_second": "13.6614663761", "kilometers_per_hour": "49181.2789540334", "miles_per_hour": "30559.3341367437"}, "miss_distance": {"astronomical": "0.131736313", "lunar": "51.2454223633", "kilometers": "19707472", "miles": "12245655"}, "orbiting_body": "Earth"}, {"close_approach_date": "2143-01-26", "epoch_date_close_approach": 5461545600000, "relative_velocity": {"kilometers_per_second": "15.054576463", "kilometers_per_hour": "54196.4752668148", "miles_per_hour": "33675.5820900939"}, "miss_distance": {"astronomical": "0.0974041857", "lunar": "37.8902282715", "kilometers": "14571459", "miles": "9054285"}, "orbiting_body": "Mars"}, {"close_approach_date": "2147-03-20", "epoch_date_close_approach": 5592351600000, "relative_velocity": {"kilometers_per_second": "28.0426748083", "kilometers_per_hour": "100953.6293100341", "miles_per_hour": "62728.659278782"}, "miss_distance": {"astronomical": "0.3705206845", "lunar": "144.1325378418", "kilometers": "55429104", "miles": "34442048"}, "orbiting_body": "Earth"}, {"close_approach_date": "2149-09-25", "epoch_date_close_approach": 5671839600000, "relative_velocity": {"kilometers_per_second": "20.1282055087", "kilometers_per_hour": "72461.5398312703", "miles_per_hour": "45024.7829023802"}, "miss_distance": {"astronomical": "0.1037243229", "lunar": "40.3487625122", "kilometers": "15516938", "miles": "9641778"}, "orbiting_body": "Earth"}, {"close_approach_date": "2156-03-31", "epoch_date_close_approach": 5877385200000, "relative_velocity": {"kilometers_per_second": "20.8208332307", "kilometers_per_hour": "74954.9996305844", "miles_per_hour": "46574.1218537929"}, "miss_distance": {"astronomical": "0.1378513437", "lunar": "53.6241722107", "kilometers": "20622268", "miles": "12814083"}, "orbiting_body": "Earth"}, {"close_approach_date": "2158-10-07", "epoch_date_close_approach": 5956873200000, "relative_velocity": {"kilometers_per_second": "26.989606513", "kilometers_per_hour": "97162.5834467273", "miles_per_hour": "60373.0508088845"}, "miss_distance": {"astronomical": "0.3324556531", "lunar": "129.3252563477", "kilometers": "49734660", "miles": "30903684"}, "orbiting_body": "Earth"}, {"close_approach_date": "2165-04-13", "epoch_date_close_approach": 6162505200000, "relative_velocity": {"kilometers_per_second": "14.9795446786", "kilometers_per_hour": "53926.3608427847", "miles_per_hour": "33507.7434914514"}, "miss_distance": {"astronomical": "0.0995034369", "lunar": "38.7068367004", "kilometers": "14885502", "miles": "9249422"}, "orbiting_body": "Earth"}, {"close_approach_date": "2169-11-15", "epoch_date_close_approach": 6307401600000, "relative_velocity": {"kilometers_per_second": "17.4457656426", "kilometers_per_hour": "62804.7563134298", "miles_per_hour": "39024.4331659753"}, "miss_distance": {"astronomical": "0.1285600874", "lunar": "50.0098724365", "kilometers": "19232314", "miles": "11950406"}, "orbiting_body": "Venus"}, {"close_approach_date": "2174-05-13", "epoch_date_close_approach": 6449094000000, "relative_velocity": {"kilometers_per_second": "12.4792893118", "kilometers_per_hour": "44925.4415223716", "miles_per_hour": "27914.9222614981"}, "miss_distance": {"astronomical": "0.252769215", "lunar": "98.3272171021", "kilometers": "37813736", "miles": "23496366"}, "orbiting_body": "Earth"}, {"close_approach_date": "2176-08-25", "epoch_date_close_approach": 6521238000000, "relative_velocity": {"kilometers_per_second": "15.6061659944", "kilometers_per_hour": "56182.1975799012", "miles_per_hour": "34909.4327129114"}, "miss_distance": {"astronomical": "0.0993690271", "lunar": "38.6545524597", "kilometers": "14865395", "miles": "9236928"}, "orbiting_body": "Venus"}, {"close_approach_date": "2183-06-03", "epoch_date_close_approach": 6734905200000, "relative_velocity": {"kilometers_per_second": "14.5014722962", "kilometers_per_hour": "52205.30026632", "miles_per_hour": "32438.3433793698"}, "miss_distance": {"astronomical": "0.0857383601", "lunar": "33.3522224426", "kilometers": "12826276", "miles": "7969878.5"}, "orbiting_body": "Venus"}, {"close_approach_date": "2183-06-11", "epoch_date_close_approach": 6735596400000, "relative_velocity": {"kilometers_per_second": "15.0299253533", "kilometers_per_hour": "54107.7312720024", "miles_per_hour": "33620.4400228728"}, "miss_distance": {"astronomical": "0.3144087247", "lunar": "122.3049926758", "kilometers": "47034876", "miles": "29226116"}, "orbiting_body": "Earth"}, {"close_approach_date": "2190-03-09", "epoch_date_close_approach": 6948403200000, "relative_velocity": {"kilometers_per_second": "14.9024215852", "kilometers_per_hour": "53648.7177068496", "miles_per_hour": "33335.2268440144"}, "miss_distance": {"astronomical": "0.0907254952", "lunar": "35.2922172546", "kilometers": "13572341", "miles": "8433462"}, "orbiting_body": "Venus"}, {"close_approach_date": "2192-06-30", "epoch_date_close_approach": 7021321200000, "relative_velocity": {"kilometers_per_second": "15.7543501665", "kilometers_per_hour": "56715.6605994101", "miles_per_hour": "35240.9058874501"}, "miss_distance": {"astronomical": "0.3256883582", "lunar": "126.6927719116", "kilometers": "48722284", "miles": "30274624"}, "orbiting_body": "Earth"}, {"close_approach_date": "2196-12-12", "epoch_date_close_approach": 7161811200000, "relative_velocity": {"kilometers_per_second": "16.3309708824", "kilometers_per_hour": "58791.4951765889", "miles_per_hour": "36530.7487668088"}, "miss_distance": {"astronomical": "0.1103203084", "lunar": "42.9146003723", "kilometers": "16503683", "miles": "10254913"}, "orbiting_body": "Venus"}], "orbital_data": {"orbit_id": "24", "orbit_determination_date": "2017-04-06 09:06:56", "orbit_uncertainty": "0", "minimum_orbit_intersection": ".0250215", "jupiter_tisserand_invariant": "3.949", "epoch_osculation": "2458000.5", "eccentricity": ".5925564813567779", "semi_major_axis": "1.718182551908506", "inclination": "5.888952875737447", "ascending_node_longitude": "160.2431886604448", "orbital_period": "822.6259087708665", "perihelion_distance": ".7000623446209923", "perihelion_argument": "114.9536050619511", "aphelion_distance": "2.736302759196019", "perihelion_time": "2458371.301049281598", "mean_anomaly": "197.7289405571626", "mean_motion": ".4376229780288552", "equinox": "J2000"}}