{"links": {"self": "https://api.nasa.gov/neo/rest/v1/neo/3378987?api_key=stjNMXvPIBN6FqEBpH6hQbWAtFDv0RARRez0p7z1"}, "neo_reference_id": "3378987", "name": "(2007 ML24)", "nasa_jpl_url": "http://ssd.jpl.nasa.gov/sbdb.cgi?sstr=3378987", "absolute_magnitude_h": 19.3, "estimated_diameter": {"kilometers": {"estimated_diameter_min": 0.3669061375, "estimated_diameter_max": 0.8204270649}, "meters": {"estimated_diameter_min": 366.9061375314, "estimated_diameter_max": 820.4270648822}, "miles": {"estimated_diameter_min": 0.2279848336, "estimated_diameter_max": 0.5097895857}, "feet": {"estimated_diameter_min": 1203.7603322587, "estimated_diameter_max": 2691.6899315481}}, "is_potentially_hazardous_asteroid": true, "close_approach_data": [{"close_approach_date": "1900-01-08", "epoch_date_close_approach": -2208355200000, "relative_velocity": {"kilometers_per_second": "29.0456762806", "kilometers_per_hour": "104564.4346103137", "miles_per_hour": "64972.2732721697"}, "miss_distance": {"astronomical": "0.4939077007", "lunar": "192.1300964355", "kilometers": "73887536", "miles": "45911588"}, "orbiting_body": "Earth"}, {"close_approach_date": "1901-12-30", "epoch_date_close_approach": -2146060800000, "relative_velocity": {"kilometers_per_second": "28.7914097981", "kilometers_per_hour": "103649.0752730927", "miles_per_hour": "64403.5045773281"}, "miss_distance": {"astronomical": "0.4845070389", "lunar": "188.473236084", "kilometers": "72481216", "miles": "45037740"}, "orbiting_body": "Earth"}, {"close_approach_date": "1903-12-22", "epoch_date_close_approach": -2083680000000, "relative_velocity": {"kilometers_per_second": "28.2791676264", "kilometers_per_hour": "101805.0034550404", "miles_per_hour": "63257.6700634944"}, "miss_distance": {"astronomical": "0.4813432428", "lunar": "187.2425231934", "kilometers": "72007928", "miles": "44743648"}, "orbiting_body": "Earth"}, {"close_approach_date": "1905-07-14", "epoch_date_close_approach": -2034432000000, "relative_velocity": {"kilometers_per_second": "24.8598156803", "kilometers_per_hour": "89495.3364491203", "miles_per_hour": "55608.9216952881"}, "miss_distance": {"astronomical": "0.4062983714", "lunar": "158.0500640869", "kilometers": "60781372", "miles": "37767792"}, "orbiting_body": "Earth"}, {"close_approach_date": "1905-12-12", "epoch_date_close_approach": -2021385600000, "relative_velocity": {"kilometers_per_second": "27.5300203613", "kilometers_per_hour": "99108.0733007985", "miles_per_hour": "61581.9025462656"}, "miss_distance": {"astronomical": "0.4845612627", "lunar": "188.4943389893", "kilometers": "72489336", "miles": "45042784"}, "orbiting_body": "Earth"}, {"close_approach_date": "1907-07-11", "epoch_date_close_approach": -1971619200000, "relative_velocity": {"kilometers_per_second": "22.3327236686", "kilometers_per_hour": "80397.8052068261", "miles_per_hour": "49956.0695742081"}, "miss_distance": {"astronomical": "0.3075219371", "lunar": "119.6260375977", "kilometers": "46004628", "miles": "28585950"}, "orbiting_body": "Earth"}, {"close_approach_date": "1907-12-03", "epoch_date_close_approach": -1959091200000, "relative_velocity": {"kilometers_per_second": "26.4860439544", "kilometers_per_hour": "95349.7582358252", "miles_per_hour": "59246.6317215882"}, "miss_distance": {"astronomical": "0.4940271138", "lunar": "192.1765441895", "kilometers": "73905408", "miles": "45922688"}, "orbiting_body": "Earth"}, {"close_approach_date": "1909-07-07", "epoch_date_close_approach": -1908806400000, "relative_velocity": {"kilometers_per_second": "20.0671229752", "kilometers_per_hour": "72241.6427107301", "miles_per_hour": "44888.1473832311"}, "miss_distance": {"astronomical": "0.2089938291", "lunar": "81.2985992432", "kilometers": "31265032", "miles": "19427190"}, "orbiting_body": "Earth"}, {"close_approach_date": "1911-07-06", "epoch_date_close_approach": -1845820800000, "relative_velocity": {"kilometers_per_second": "18.2512481205", "kilometers_per_hour": "65704.4932336315", "miles_per_hour": "40826.2169206418"}, "miss_distance": {"astronomical": "0.1131505606", "lunar": "44.0155677795", "kilometers": "16927082", "miles": "10518002"}, "orbiting_body": "Earth"}, {"close_approach_date": "1913-07-04", "epoch_date_close_approach": -1782835200000, "relative_velocity": {"kilometers_per_second": "16.9667223039", "kilometers_per_hour": "61080.2002938913", "miles_per_hour": "37952.8611215015"}, "miss_distance": {"astronomical": "0.028024852", "lunar": "10.9016675949", "kilometers": "4192458.25", "miles": "2605072.75"}, "orbiting_body": "Earth"}, {"close_approach_date": "1915-07-04", "epoch_date_close_approach": -1719763200000, "relative_velocity": {"kilometers_per_second": "16.2803413804", "kilometers_per_hour": "58609.2289695206", "miles_per_hour": "36417.4956338669"}, "miss_distance": {"astronomical": "0.0757312284", "lunar": "29.4594459534", "kilometers": "11329230", "miles": "7039657"}, "orbiting_body": "Earth"}, {"close_approach_date": "1917-07-03", "epoch_date_close_approach": -1656691200000, "relative_velocity": {"kilometers_per_second": "16.1975031731", "kilometers_per_hour": "58311.011423336", "miles_per_hour": "36232.1948480168"}, "miss_distance": {"astronomical": "0.1634960881", "lunar": "63.5999794006", "kilometers": "24458668", "miles": "15197911"}, "orbiting_body": "Earth"}, {"close_approach_date": "1919-07-05", "epoch_date_close_approach": -1593450000000, "relative_velocity": {"kilometers_per_second": "16.7320813581", "kilometers_per_hour": "60235.492889173", "miles_per_hour": "37427.9927899419"}, "miss_distance": {"astronomical": "0.2512155301", "lunar": "97.7228393555", "kilometers": "37581308", "miles": "23351942"}, "orbiting_body": "Earth"}, {"close_approach_date": "1921-07-06", "epoch_date_close_approach": -1530201600000, "relative_velocity": {"kilometers_per_second": "17.8073029445", "kilometers_per_hour": "64106.290600196", "miles_per_hour": "39833.1559565496"}, "miss_distance": {"astronomical": "0.3377617759", "lunar": "131.3893432617", "kilometers": "50528444", "miles": "31396920"}, "orbiting_body": "Earth"}, {"close_approach_date": "1923-07-08", "epoch_date_close_approach": -1466956800000, "relative_velocity": {"kilometers_per_second": "19.3348273891", "kilometers_per_hour": "69605.3786007913", "miles_per_hour": "43250.0753866973"}, "miss_distance": {"astronomical": "0.4231162598", "lunar": "164.5922241211", "kilometers": "63297292", "miles": "39331116"}, "orbiting_body": "Earth"}, {"close_approach_date": "1937-01-08", "epoch_date_close_approach": -1040745600000, "relative_velocity": {"kilometers_per_second": "29.01799942", "kilometers_per_hour": "104464.7979120943", "miles_per_hour": "64910.3629026566"}, "miss_distance": {"astronomical": "0.4925928524", "lunar": "191.6186218262", "kilometers": "73690840", "miles": "45789364"}, "orbiting_body": "Earth"}, {"close_approach_date": "1938-12-30", "epoch_date_close_approach": -978451200000, "relative_velocity": {"kilometers_per_second": "28.7480409404", "kilometers_per_hour": "103492.9473852708", "miles_per_hour": "64306.4927794756"}, "miss_distance": {"astronomical": "0.483978342", "lunar": "188.267578125", "kilometers": "72402128", "miles": "44988596"}, "orbiting_body": "Earth"}, {"close_approach_date": "1940-07-17", "epoch_date_close_approach": -929635200000, "relative_velocity": {"kilometers_per_second": "27.3959648621", "kilometers_per_hour": "98625.4735034088", "miles_per_hour": "61282.0337999375"}, "miss_distance": {"astronomical": "0.4970938842", "lunar": "193.3695220947", "kilometers": "74364184", "miles": "46207764"}, "orbiting_body": "Earth"}, {"close_approach_date": "1940-12-21", "epoch_date_close_approach": -916070400000, "relative_velocity": {"kilometers_per_second": "28.2347640397", "kilometers_per_hour": "101645.1505430539", "miles_per_hour": "63158.3436804881"}, "miss_distance": {"astronomical": "0.4812027136", "lunar": "187.1878662109", "kilometers": "71986904", "miles": "44730588"}, "orbiting_body": "Earth"}, {"close_approach_date": "1942-07-14", "epoch_date_close_approach": -866826000000, "relative_velocity": {"kilometers_per_second": "24.7727747447", "kilometers_per_hour": "89181.9890808743", "miles_per_hour": "55414.219826391"}, "miss_distance": {"astronomical": "0.4020723591", "lunar": "156.4061584473", "kilometers": "60149172", "miles": "37374964"}, "orbiting_body": "Earth"}, {"close_approach_date": "1942-12-12", "epoch_date_close_approach": -853779600000, "relative_velocity": {"kilometers_per_second": "27.4938018156", "kilometers_per_hour": "98977.6865361463", "miles_per_hour": "61500.8852813071"}, "miss_distance": {"astronomical": "0.4846599119", "lunar": "188.532699585", "kilometers": "72504088", "miles": "45051952"}, "orbiting_body": "Earth"}, {"close_approach_date": "1944-07-10", "epoch_date_close_approach": -804013200000, "relative_velocity": {"kilometers_per_second": "22.2924960886", "kilometers_per_hour": "80252.9859188682", "miles_per_hour": "49866.0845005323"}, "miss_distance": {"astronomical": "0.3060650477", "lunar": "119.0593032837", "kilometers": "45786680", "miles": "28450524"}, "orbiting_body": "Earth"}, {"close_approach_date": "1944-12-02", "epoch_date_close_approach": -791485200000, "relative_velocity": {"kilometers_per_second": "26.4833518822", "kilometers_per_hour": "95340.0667759808", "miles_per_hour": "59240.609825331"}, "miss_distance": {"astronomical": "0.4936226157", "lunar": "192.0191955566", "kilometers": "73844888", "miles": "45885088"}, "orbiting_body": "Earth"}, {"close_approach_date": "1946-07-08", "epoch_date_close_approach": -741110400000, "relative_velocity": {"kilometers_per_second": "20.1352691667", "kilometers_per_hour": "72486.9690002611", "miles_per_hour": "45040.5835990789"}, "miss_distance": {"astronomical": "0.2111759371", "lunar": "82.1474380493", "kilometers": "31591470", "miles": "19630030"}, "orbiting_body": "Earth"}, {"close_approach_date": "1948-07-05", "epoch_date_close_approach": -678214800000, "relative_velocity": {"kilometers_per_second": "18.3469408971", "kilometers_per_hour": "66048.987229546", "miles_per_hour": "41040.2720927143"}, "miss_distance": {"astronomical": "0.1180737028", "lunar": "45.9306716919", "kilometers": "17663574", "miles": "10975636"}, "orbiting_body": "Earth"}, {"close_approach_date": "1950-07-04", "epoch_date_close_approach": -615229200000, "relative_velocity": {"kilometers_per_second": "17.0422481679", "kilometers_per_hour": "61352.0934044501", "miles_per_hour": "38121.8049267818"}, "miss_distance": {"astronomical": "0.0332603807", "lunar": "12.938287735", "kilometers": "4975682", "miles": "3091745.5"}, "orbiting_body": "Earth"}, {"close_approach_date": "1952-07-03", "epoch_date_close_approach": -552157200000, "relative_velocity": {"kilometers_per_second": "16.3257027233", "kilometers_per_hour": "58772.5298038937", "miles_per_hour": "36518.9644217583"}, "miss_distance": {"astronomical": "0.0658596966", "lunar": "25.6194229126", "kilometers": "9852471", "miles": "6122041.5"}, "orbiting_body": "Earth"}, {"close_approach_date": "1954-07-04", "epoch_date_close_approach": -488998800000, "relative_velocity": {"kilometers_per_second": "16.1738371856", "kilometers_per_hour": "58225.8138683317", "miles_per_hour": "36179.2564005753"}, "miss_distance": {"astronomical": "0.1504733523", "lunar": "58.5341339111", "kilometers": "22510494", "miles": "13987372"}, "orbiting_body": "Earth"}, {"close_approach_date": "1956-07-04", "epoch_date_close_approach": -425840400000, "relative_velocity": {"kilometers_per_second": "16.5921829269", "kilometers_per_hour": "59731.8585367547", "miles_per_hour": "37115.0539891296"}, "miss_distance": {"astronomical": "0.2357345279", "lunar": "91.7007293701", "kilometers": "35265384", "miles": "21912892"}, "orbiting_body": "Earth"}, {"close_approach_date": "1958-07-06", "epoch_date_close_approach": -362595600000, "relative_velocity": {"kilometers_per_second": "17.5261915334", "kilometers_per_hour": "63094.289520199", "miles_per_hour": "39204.337841037"}, "miss_distance": {"astronomical": "0.3200951092", "lunar": "124.5170059204", "kilometers": "47885548", "miles": "29754700"}, "orbiting_body": "Earth"}, {"close_approach_date": "1960-07-07", "epoch_date_close_approach": -299350800000, "relative_velocity": {"kilometers_per_second": "18.9114772144", "kilometers_per_hour": "68081.317971817", "miles_per_hour": "42303.083380877"}, "miss_distance": {"astronomical": "0.4036592155", "lunar": "157.0234375", "kilometers": "60386560", "miles": "37522468"}, "orbiting_body": "Earth"}, {"close_approach_date": "1962-07-09", "epoch_date_close_approach": -236106000000, "relative_velocity": {"kilometers_per_second": "20.7021191114", "kilometers_per_hour": "74527.6288011534", "miles_per_hour": "46308.5702403611"}, "miss_distance": {"astronomical": "0.4865642526", "lunar": "189.2734985352", "kilometers": "72788976", "miles": "45228972"}, "orbiting_body": "Earth"}, {"close_approach_date": "1974-01-12", "epoch_date_close_approach": 127206000000, "relative_velocity": {"kilometers_per_second": "29.0611378723", "kilometers_per_hour": "104620.0963402177", "miles_per_hour": "65006.8593065092"}, "miss_distance": {"astronomical": "0.4979155461", "lunar": "193.6891479492", "kilometers": "74487104", "miles": "46284140"}, "orbiting_body": "Earth"}, {"close_approach_date": "1976-01-04", "epoch_date_close_approach": 189590400000, "relative_velocity": {"kilometers_per_second": "28.8853337548", "kilometers_per_hour": "103987.2015173081", "miles_per_hour": "64613.6030761296"}, "miss_distance": {"astronomical": "0.4871784676", "lunar": "189.5124206543", "kilometers": "72880864", "miles": "45286068"}, "orbiting_body": "Earth"}, {"close_approach_date": "1977-12-25", "epoch_date_close_approach": 251884800000, "relative_velocity": {"kilometers_per_second": "28.5028082213", "kilometers_per_hour": "102610.1095966854", "miles_per_hour": "63757.9317102293"}, "miss_distance": {"astronomical": "0.4817601456", "lunar": "187.4046936035", "kilometers": "72070296", "miles": "44782404"}, "orbiting_body": "Earth"}, {"close_approach_date": "1979-07-16", "epoch_date_close_approach": 300956400000, "relative_velocity": {"kilometers_per_second": "26.0012512797", "kilometers_per_hour": "93604.5046067569", "miles_per_hour": "58162.1989874596"}, "miss_distance": {"astronomical": "0.4471843026", "lunar": "173.9546966553", "kilometers": "66897820", "miles": "41568376"}, "orbiting_body": "Earth"}, {"close_approach_date": "1979-12-17", "epoch_date_close_approach": 314265600000, "relative_velocity": {"kilometers_per_second": "27.8757819472", "kilometers_per_hour": "100352.8150098559", "miles_per_hour": "62355.3366376519"}, "miss_distance": {"astronomical": "0.4821357785", "lunar": "187.5508117676", "kilometers": "72126488", "miles": "44817320"}, "orbiting_body": "Earth"}, {"close_approach_date": "1981-07-12", "epoch_date_close_approach": 363769200000, "relative_velocity": {"kilometers_per_second": "23.5255488318", "kilometers_per_hour": "84691.9757946301", "miles_per_hour": "52624.3001819467"}, "miss_distance": {"astronomical": "0.3543462333", "lunar": "137.8406829834", "kilometers": "53009444", "miles": "32938542"}, "orbiting_body": "Earth"}, {"close_approach_date": "1981-12-08", "epoch_date_close_approach": 376646400000, "relative_velocity": {"kilometers_per_second": "27.0355587218", "kilometers_per_hour": "97328.0113983191", "miles_per_hour": "60475.8413046944"}, "miss_distance": {"astronomical": "0.4880176494", "lunar": "189.8388671875", "kilometers": "73006400", "miles": "45364076"}, "orbiting_body": "Earth"}, {"close_approach_date": "1983-07-10", "epoch_date_close_approach": 426668400000, "relative_velocity": {"kilometers_per_second": "21.2712940943", "kilometers_per_hour": "76576.6587393752", "miles_per_hour": "47581.7577594746"}, "miss_distance": {"astronomical": "0.2618802693", "lunar": "101.8714294434", "kilometers": "39176732", "miles": "24343292"}, "orbiting_body": "Earth"}, {"close_approach_date": "1983-11-29", "epoch_date_close_approach": 438940800000, "relative_velocity": {"kilometers_per_second": "25.9200071533", "kilometers_per_hour": "93312.0257518699", "miles_per_hour": "57980.4640012105"}, "miss_distance": {"astronomical": "0.4990904553", "lunar": "194.146194458", "kilometers": "74662872", "miles": "46393356"}, "orbiting_body": "Earth"}, {"close_approach_date": "1985-07-07", "epoch_date_close_approach": 489567600000, "relative_velocity": {"kilometers_per_second": "19.2927622104", "kilometers_per_hour": "69453.943957489", "miles_per_hour": "43155.9797884742"}, "miss_distance": {"astronomical": "0.169875677", "lunar": "66.0816421509", "kilometers": "25413040", "miles": "15790931"}, "orbiting_body": "Earth"}, {"close_approach_date": "1987-07-05", "epoch_date_close_approach": 552466800000, "relative_velocity": {"kilometers_per_second": "17.7415294098", "kilometers_per_hour": "63869.5058752652", "miles_per_hour": "39686.0271367724"}, "miss_distance": {"astronomical": "0.0806685688", "lunar": "31.3800735474", "kilometers": "12067846", "miles": "7498612"}, "orbiting_body": "Earth"}, {"close_approach_date": "1989-07-04", "epoch_date_close_approach": 615538800000, "relative_velocity": {"kilometers_per_second": "16.705744054", "kilometers_per_hour": "60140.6785944349", "miles_per_hour": "37369.0788744143"}, "miss_distance": {"astronomical": "0.025264999", "lunar": "9.8280849457", "kilometers": "3779590", "miles": "2348528.5"}, "orbiting_body": "Earth"}, {"close_approach_date": "1991-07-04", "epoch_date_close_approach": 678610800000, "relative_velocity": {"kilometers_per_second": "16.1828843142", "kilometers_per_hour": "58258.3835310178", "miles_per_hour": "36199.4939223704"}, "miss_distance": {"astronomical": "0.101959574", "lunar": "39.662273407", "kilometers": "15252935", "miles": "9477734"}, "orbiting_body": "Earth"}, {"close_approach_date": "1993-07-04", "epoch_date_close_approach": 741769200000, "relative_velocity": {"kilometers_per_second": "16.2749243722", "kilometers_per_hour": "58589.727739843", "miles_per_hour": "36405.3783281263"}, "miss_distance": {"astronomical": "0.1895904626", "lunar": "73.7506942749", "kilometers": "28362330", "miles": "17623536"}, "orbiting_body": "Earth"}, {"close_approach_date": "1995-07-06", "epoch_date_close_approach": 805014000000, "relative_velocity": {"kilometers_per_second": "16.9658451894", "kilometers_per_hour": "61077.0426818638", "miles_per_hour": "37950.8991041836"}, "miss_distance": {"astronomical": "0.2769261825", "lunar": "107.7242889404", "kilometers": "41427568", "miles": "25741898"}, "orbiting_body": "Earth"}, {"close_approach_date": "1997-07-07", "epoch_date_close_approach": 868258800000, "relative_velocity": {"kilometers_per_second": "18.1859607679", "kilometers_per_hour": "65469.4587645008", "miles_per_hour": "40680.1756417533"}, "miss_distance": {"astronomical": "0.3637234865", "lunar": "141.4884338379", "kilometers": "54412260", "miles": "33810212"}, "orbiting_body": "Earth"}, {"close_approach_date": "1999-07-09", "epoch_date_close_approach": 931503600000, "relative_velocity": {"kilometers_per_second": "19.8361775058", "kilometers_per_hour": "71410.2390209927", "miles_per_hour": "44371.545462794"}, "miss_distance": {"astronomical": "0.4487425314", "lunar": "174.5608520508", "kilometers": "67130928", "miles": "41713224"}, "orbiting_body": "Earth"}, {"close_approach_date": "2013-01-05", "epoch_date_close_approach": 1357372800000, "relative_velocity": {"kilometers_per_second": "28.9807776796", "kilometers_per_hour": "104330.7996467051", "miles_per_hour": "64827.1015915874"}, "miss_distance": {"astronomical": "0.490323156", "lunar": "190.7357025146", "kilometers": "73351304", "miles": "45578384"}, "orbiting_body": "Earth"}, {"close_approach_date": "2014-12-28", "epoch_date_close_approach": 1419753600000, "relative_velocity": {"kilometers_per_second": "28.6396902294", "kilometers_per_hour": "103102.8848257774", "miles_per_hour": "64064.1230741059"}, "miss_distance": {"astronomical": "0.4831262057", "lunar": "187.9360961914", "kilometers": "72274648", "miles": "44909384"}, "orbiting_body": "Earth"}, {"close_approach_date": "2016-07-16", "epoch_date_close_approach": 1468652400000, "relative_velocity": {"kilometers_per_second": "26.6113638416", "kilometers_per_hour": "95800.9098298669", "miles_per_hour": "59526.9597773415"}, "miss_distance": {"astronomical": "0.4680700931", "lunar": "182.0792694092", "kilometers": "70022288", "miles": "43509832"}, "orbiting_body": "Earth"}, {"close_approach_date": "2016-12-18", "epoch_date_close_approach": 1482048000000, "relative_velocity": {"kilometers_per_second": "28.056665387", "kilometers_per_hour": "101003.9953933282", "miles_per_hour": "62759.9548042599"}, "miss_distance": {"astronomical": "0.4818191956", "lunar": "187.4276580811", "kilometers": "72079128", "miles": "44787892"}, "orbiting_body": "Earth"}, {"close_approach_date": "2018-07-13", "epoch_date_close_approach": 1531465200000, "relative_velocity": {"kilometers_per_second": "24.0421303649", "kilometers_per_hour": "86551.6693137948", "miles_per_hour": "53779.841413341"}, "miss_distance": {"astronomical": "0.3732974675", "lunar": "145.2127075195", "kilometers": "55844504", "miles": "34700168"}, "orbiting_body": "Earth"}, {"close_approach_date": "2018-12-10", "epoch_date_close_approach": 1544428800000, "relative_velocity": {"kilometers_per_second": "27.242487731", "kilometers_per_hour": "98072.955831429", "miles_per_hour": "60938.7208053677"}, "miss_distance": {"astronomical": "0.4866618434", "lunar": "189.3114624023", "kilometers": "72803576", "miles": "45238044"}, "orbiting_body": "Earth"}, {"close_approach_date": "2020-07-10", "epoch_date_close_approach": 1594364400000, "relative_velocity": {"kilometers_per_second": "21.6452858771", "kilometers_per_hour": "77923.0291577141", "miles_per_hour": "48418.3399785807"}, "miss_distance": {"astronomical": "0.2779166449", "lunar": "108.1095733643", "kilometers": "41575736", "miles": "25833966"}, "orbiting_body": "Earth"}, {"close_approach_date": "2020-11-30", "epoch_date_close_approach": 1606723200000, "relative_velocity": {"kilometers_per_second": "26.162098473", "kilometers_per_hour": "94183.5545028821", "miles_per_hour": "58521.9980743047"}, "miss_distance": {"astronomical": "0.4968609201", "lunar": "193.2789001465", "kilometers": "74329336", "miles": "46186108"}, "orbiting_body": "Earth"}, {"close_approach_date": "2022-07-08", "epoch_date_close_approach": 1657263600000, "relative_velocity": {"kilometers_per_second": "19.57788585", "kilometers_per_hour": "70480.389060023", "miles_per_hour": "43793.7728578793"}, "miss_distance": {"astronomical": "0.1831858842", "lunar": "71.2593078613", "kilometers": "27404220", "miles": "17028192"}, "orbiting_body": "Earth"}, {"close_approach_date": "2024-07-05", "epoch_date_close_approach": 1720162800000, "relative_velocity": {"kilometers_per_second": "17.9047045215", "kilometers_per_hour": "64456.9362775501", "miles_per_hour": "40051.0335442366"}, "miss_distance": {"astronomical": "0.0903718153", "lunar": "35.1546363831", "kilometers": "13519432", "miles": "8400585"}, "orbiting_body": "Earth"}, {"close_approach_date": "2026-07-04", "epoch_date_close_approach": 1783148400000, "relative_velocity": {"kilometers_per_second": "16.7646306284", "kilometers_per_hour": "60352.6702623988", "miles_per_hour": "37500.8022527666"}, "miss_distance": {"astronomical": "0.0232414746", "lunar": "9.040933609", "kilometers": "3476875.25", "miles": "2160430"}, "orbiting_body": "Earth"}, {"close_approach_date": "2028-07-03", "epoch_date_close_approach": 1846220400000, "relative_velocity": {"kilometers_per_second": "16.1911683888", "kilometers_per_hour": "58288.2061996555", "miles_per_hour": "36218.0245688915"}, "miss_distance": {"astronomical": "0.0956181946", "lunar": "37.195476532", "kilometers": "14304279", "miles": "8888267"}, "orbiting_body": "Earth"}, {"close_approach_date": "2030-07-04", "epoch_date_close_approach": 1909378800000, "relative_velocity": {"kilometers_per_second": "16.2504442248", "kilometers_per_hour": "58501.5992094532", "miles_per_hour": "36350.6186865627"}, "miss_distance": {"astronomical": "0.1840323723", "lunar": "71.5885925293", "kilometers": "27530850", "miles": "17106878"}, "orbiting_body": "Earth"}, {"close_approach_date": "2032-07-05", "epoch_date_close_approach": 1972623600000, "relative_velocity": {"kilometers_per_second": "16.9164397146", "kilometers_per_hour": "60899.1829723897", "miles_per_hour": "37840.3839974829"}, "miss_distance": {"astronomical": "0.2728197156", "lunar": "106.1268768311", "kilometers": "40813252", "miles": "25360178"}, "orbiting_body": "Earth"}, {"close_approach_date": "2034-07-07", "epoch_date_close_approach": 2035868400000, "relative_velocity": {"kilometers_per_second": "18.1035161159", "kilometers_per_hour": "65172.6580173563", "miles_per_hour": "40495.755199729"}, "miss_distance": {"astronomical": "0.3600694311", "lunar": "140.0670013428", "kilometers": "53865620", "miles": "33470544"}, "orbiting_body": "Earth"}, {"close_approach_date": "2036-07-08", "epoch_date_close_approach": 2099113200000, "relative_velocity": {"kilometers_per_second": "19.7290969235", "kilometers_per_hour": "71024.7489245366", "miles_per_hour": "44132.0169081378"}, "miss_distance": {"astronomical": "0.4455668861", "lunar": "173.3255157471", "kilometers": "66655860", "miles": "41418032"}, "orbiting_body": "Earth"}, {"close_approach_date": "2050-01-06", "epoch_date_close_approach": 2525068800000, "relative_velocity": {"kilometers_per_second": "28.9980792431", "kilometers_per_hour": "104393.085275115", "miles_per_hour": "64865.8034588624"}, "miss_distance": {"astronomical": "0.4905592426", "lunar": "190.827545166", "kilometers": "73386616", "miles": "45600332"}, "orbiting_body": "Earth"}, {"close_approach_date": "2051-12-28", "epoch_date_close_approach": 2587363200000, "relative_velocity": {"kilometers_per_second": "28.6284974009", "kilometers_per_hour": "103062.5906432684", "miles_per_hour": "64039.0858360909"}, "miss_distance": {"astronomical": "0.4833268955", "lunar": "188.0141601562", "kilometers": "72304672", "miles": "44928040"}, "orbiting_body": "Earth"}, {"close_approach_date": "2053-07-16", "epoch_date_close_approach": 2636262000000, "relative_velocity": {"kilometers_per_second": "26.5218865027", "kilometers_per_hour": "95478.7914097632", "miles_per_hour": "59326.8079179165"}, "miss_distance": {"astronomical": "0.4637473748", "lunar": "180.3977355957", "kilometers": "69375624", "miles": "43108012"}, "orbiting_body": "Earth"}, {"close_approach_date": "2053-12-19", "epoch_date_close_approach": 2649744000000, "relative_velocity": {"kilometers_per_second": "28.0430412821", "kilometers_per_hour": "100954.9486157332", "miles_per_hour": "62729.4790440371"}, "miss_distance": {"astronomical": "0.4821644144", "lunar": "187.5619506836", "kilometers": "72130768", "miles": "44819984"}, "orbiting_body": "Earth"}, {"close_approach_date": "2055-07-13", "epoch_date_close_approach": 2699074800000, "relative_velocity": {"kilometers_per_second": "23.8988778331", "kilometers_per_hour": "86035.9601992417", "miles_per_hour": "53459.3998249122"}, "miss_distance": {"astronomical": "0.3678870115", "lunar": "143.1080474854", "kilometers": "55035116", "miles": "34197236"}, "orbiting_body": "Earth"}, {"close_approach_date": "2055-12-10", "epoch_date_close_approach": 2712038400000, "relative_velocity": {"kilometers_per_second": "27.2074950059", "kilometers_per_hour": "97946.9820211025", "miles_per_hour": "60860.4455786123"}, "miss_distance": {"astronomical": "0.4871521082", "lunar": "189.502166748", "kilometers": "72876920", "miles": "45283616"}, "orbiting_body": "Earth"}, {"close_approach_date": "2057-07-10", "epoch_date_close_approach": 2761974000000, "relative_velocity": {"kilometers_per_second": "21.5278830045", "kilometers_per_hour": "77500.378816164", "miles_per_hour": "48155.7214927437"}, "miss_distance": {"astronomical": "0.271620653", "lunar": "105.6604385376", "kilometers": "40633872", "miles": "25248718"}, "orbiting_body": "Earth"}, {"close_approach_date": "2057-11-30", "epoch_date_close_approach": 2774332800000, "relative_velocity": {"kilometers_per_second": "26.0922463975", "kilometers_per_hour": "93932.0870309305", "miles_per_hour": "58365.7459665246"}, "miss_distance": {"astronomical": "0.497645314", "lunar": "193.5840301514", "kilometers": "74446680", "miles": "46259024"}, "orbiting_body": "Earth"}, {"close_approach_date": "2059-07-08", "epoch_date_close_approach": 2824873200000, "relative_velocity": {"kilometers_per_second": "19.4385353076", "kilometers_per_hour": "69978.7271072002", "miles_per_hour": "43482.0596294711"}, "miss_distance": {"astronomical": "0.1756510311", "lunar": "68.3282470703", "kilometers": "26277020", "miles": "16327783"}, "orbiting_body": "Earth"}, {"close_approach_date": "2061-07-05", "epoch_date_close_approach": 2887772400000, "relative_velocity": {"kilometers_per_second": "17.7764215267", "kilometers_per_hour": "63995.1174960923", "miles_per_hour": "39764.077313058"}, "miss_distance": {"astronomical": "0.0824711542", "lunar": "32.0812797546", "kilometers": "12337509", "miles": "7666173"}, "orbiting_body": "Earth"}, {"close_approach_date": "2063-07-05", "epoch_date_close_approach": 2950844400000, "relative_velocity": {"kilometers_per_second": "16.6916403523", "kilometers_per_hour": "60089.9052681313", "miles_per_hour": "37337.5303039675"}, "miss_distance": {"astronomical": "0.0258364766", "lunar": "10.0503892899", "kilometers": "3865082", "miles": "2401650.5"}, "orbiting_body": "Earth"}, {"close_approach_date": "2065-07-04", "epoch_date_close_approach": 3013916400000, "relative_velocity": {"kilometers_per_second": "16.169488316", "kilometers_per_hour": "58210.1579375593", "miles_per_hour": "36169.5284140351"}, "miss_distance": {"astronomical": "0.106486889", "lunar": "41.4233970642", "kilometers": "15930212", "miles": "9898575"}, "orbiting_body": "Earth"}, {"close_approach_date": "2067-07-05", "epoch_date_close_approach": 3077074800000, "relative_velocity": {"kilometers_per_second": "16.3046538294", "kilometers_per_hour": "58696.7537857241", "miles_per_hour": "36471.8801509128"}, "miss_distance": {"astronomical": "0.1978377633", "lunar": "76.9588928223", "kilometers": "29596110", "miles": "18390170"}, "orbiting_body": "Earth"}, {"close_approach_date": "2069-07-06", "epoch_date_close_approach": 3140319600000, "relative_velocity": {"kilometers_per_second": "17.0697440905", "kilometers_per_hour": "61451.0787259688", "miles_per_hour": "38183.3105561444"}, "miss_distance": {"astronomical": "0.2888558598", "lunar": "112.3649291992", "kilometers": "43212220", "miles": "26850828"}, "orbiting_body": "Earth"}, {"close_approach_date": "2071-07-08", "epoch_date_close_approach": 3203564400000, "relative_velocity": {"kilometers_per_second": "18.3773658096", "kilometers_per_hour": "66158.5169145154", "miles_per_hour": "41108.3295794665"}, "miss_distance": {"astronomical": "0.3776861333", "lunar": "146.9199066162", "kilometers": "56501044", "miles": "35108120"}, "orbiting_body": "Earth"}, {"close_approach_date": "2073-07-09", "epoch_date_close_approach": 3266809200000, "relative_velocity": {"kilometers_per_second": "20.1561028913", "kilometers_per_hour": "72561.9704086012", "miles_per_hour": "45087.1865575"}, "miss_distance": {"astronomical": "0.4653154686", "lunar": "181.0077209473", "kilometers": "69610200", "miles": "43253776"}, "orbiting_body": "Earth"}, {"close_approach_date": "2085-01-11", "epoch_date_close_approach": 3630038400000, "relative_velocity": {"kilometers_per_second": "29.1126417272", "kilometers_per_hour": "104805.5102177889", "miles_per_hour": "65122.0682794923"}, "miss_distance": {"astronomical": "0.4984078802", "lunar": "193.8806610107", "kilometers": "74560760", "miles": "46329908"}, "orbiting_body": "Earth"}, {"close_approach_date": "2087-01-03", "epoch_date_close_approach": 3692419200000, "relative_velocity": {"kilometers_per_second": "28.8879911485", "kilometers_per_hour": "103996.768134708", "miles_per_hour": "64619.5474001468"}, "miss_distance": {"astronomical": "0.48746158", "lunar": "189.622543335", "kilometers": "72923216", "miles": "45312384"}, "orbiting_body": "Earth"}, {"close_approach_date": "2088-12-24", "epoch_date_close_approach": 3754713600000, "relative_velocity": {"kilometers_per_second": "28.4249961774", "kilometers_per_hour": "102329.9862388106", "miles_per_hour": "63583.8739493321"}, "miss_distance": {"astronomical": "0.4824680107", "lunar": "187.6800537109", "kilometers": "72176184", "miles": "44848204"}, "orbiting_body": "Earth"}, {"close_approach_date": "2090-07-15", "epoch_date_close_approach": 3803785200000, "relative_velocity": {"kilometers_per_second": "25.2871191668", "kilometers_per_hour": "91033.6290005927", "miles_per_hour": "56564.7568642849"}, "miss_distance": {"astronomical": "0.4192362368", "lunar": "163.082901001", "kilometers": "62716848", "miles": "38970444"}, "orbiting_body": "Earth"}, {"close_approach_date": "2090-12-15", "epoch_date_close_approach": 3817008000000, "relative_velocity": {"kilometers_per_second": "27.7027217254", "kilometers_per_hour": "99729.7982113766", "miles_per_hour": "61968.2182275079"}, "miss_distance": {"astronomical": "0.4840958967", "lunar": "188.3133087158", "kilometers": "72419720", "miles": "44999524"}, "orbiting_body": "Earth"}, {"close_approach_date": "2092-07-11", "epoch_date_close_approach": 3866598000000, "relative_velocity": {"kilometers_per_second": "22.7251350642", "kilometers_per_hour": "81810.4862309818", "miles_per_hour": "50833.8546250231"}, "miss_distance": {"astronomical": "0.3203846527", "lunar": "124.6296310425", "kilometers": "47928864", "miles": "29781614"}, "orbiting_body": "Earth"}, {"close_approach_date": "2092-12-05", "epoch_date_close_approach": 3879302400000, "relative_velocity": {"kilometers_per_second": "26.7182010454", "kilometers_per_hour": "96185.5237635361", "miles_per_hour": "59765.943918515"}, "miss_distance": {"astronomical": "0.4918243321", "lunar": "191.3196563721", "kilometers": "73575872", "miles": "45717928"}, "orbiting_body": "Earth"}, {"close_approach_date": "2094-07-09", "epoch_date_close_approach": 3929497200000, "relative_velocity": {"kilometers_per_second": "20.4022413891", "kilometers_per_hour": "73448.0690006704", "miles_per_hour": "45637.7737632221"}, "miss_distance": {"astronomical": "0.2214966866", "lunar": "86.1622085571", "kilometers": "33135432", "miles": "20589404"}, "orbiting_body": "Earth"}, {"close_approach_date": "2096-07-06", "epoch_date_close_approach": 3992396400000, "relative_velocity": {"kilometers_per_second": "18.4645991314", "kilometers_per_hour": "66472.556873031", "miles_per_hour": "41303.4617970231"}, "miss_distance": {"astronomical": "0.1237418414", "lunar": "48.1355781555", "kilometers": "18511516", "miles": "11502523"}, "orbiting_body": "Earth"}, {"close_approach_date": "2098-07-05", "epoch_date_close_approach": 4055382000000, "relative_velocity": {"kilometers_per_second": "17.0870552294", "kilometers_per_hour": "61513.398825799", "miles_per_hour": "38222.0338426194"}, "miss_distance": {"astronomical": "0.0349595512", "lunar": "13.5992650986", "kilometers": "5229874.5", "miles": "3249693.25"}, "orbiting_body": "Earth"}, {"close_approach_date": "2100-07-05", "epoch_date_close_approach": 4118454000000, "relative_velocity": {"kilometers_per_second": "16.3188915104", "kilometers_per_hour": "58748.0094374468", "miles_per_hour": "36503.728419618"}, "miss_distance": {"astronomical": "0.06728217", "lunar": "26.1727638245", "kilometers": "10065269", "miles": "6254268.5"}, "orbiting_body": "Earth"}, {"close_approach_date": "2102-07-05", "epoch_date_close_approach": 4181526000000, "relative_velocity": {"kilometers_per_second": "16.1457979833", "kilometers_per_hour": "58124.8727399336", "miles_per_hour": "36116.5355088771"}, "miss_distance": {"astronomical": "0.1551321987", "lunar": "60.3464279175", "kilometers": "23207448", "miles": "14420439"}, "orbiting_body": "Earth"}, {"close_approach_date": "2104-07-06", "epoch_date_close_approach": 4244770800000, "relative_velocity": {"kilometers_per_second": "16.6028996055", "kilometers_per_hour": "59770.4385799354", "miles_per_hour": "37139.0261276271"}, "miss_distance": {"astronomical": "0.2444465773", "lunar": "95.0897216797", "kilometers": "36568688", "miles": "22722728"}, "orbiting_body": "Earth"}, {"close_approach_date": "2106-07-08", "epoch_date_close_approach": 4308015600000, "relative_velocity": {"kilometers_per_second": "17.6276134643", "kilometers_per_hour": "63459.4084714274", "miles_per_hour": "39431.20855826"}, "miss_distance": {"astronomical": "0.3320227325", "lunar": "129.1568450928", "kilometers": "49669892", "miles": "30863440"}, "orbiting_body": "Earth"}, {"close_approach_date": "2108-07-09", "epoch_date_close_approach": 4371260400000, "relative_velocity": {"kilometers_per_second": "19.1325791404", "kilometers_per_hour": "68877.2849055383", "miles_per_hour": "42797.6662792218"}, "miss_distance": {"astronomical": "0.418046102", "lunar": "162.619934082", "kilometers": "62538808", "miles": "38859816"}, "orbiting_body": "Earth"}, {"close_approach_date": "2122-01-10", "epoch_date_close_approach": 4797475200000, "relative_velocity": {"kilometers_per_second": "29.0635374393", "kilometers_per_hour": "104628.734781646", "miles_per_hour": "65012.2268980733"}, "miss_distance": {"astronomical": "0.4948215677", "lunar": "192.4855957031", "kilometers": "74024256", "miles": "45996540"}, "orbiting_body": "Earth"}, {"close_approach_date": "2124-01-01", "epoch_date_close_approach": 4859769600000, "relative_velocity": {"kilometers_per_second": "28.7901745381", "kilometers_per_hour": "103644.6283370617", "miles_per_hour": "64400.7414242148"}, "miss_distance": {"astronomical": "0.4854668498", "lunar": "188.8466033936", "kilometers": "72624808", "miles": "45126964"}, "orbiting_body": "Earth"}, {"close_approach_date": "2125-07-19", "epoch_date_close_approach": 4908582000000, "relative_velocity": {"kilometers_per_second": "27.3511356839", "kilometers_per_hour": "98464.0884619911", "miles_per_hour": "61181.7554112855"}, "miss_distance": {"astronomical": "0.4924895639", "lunar": "191.5784454346", "kilometers": "73675392", "miles": "45779768"}, "orbiting_body": "Earth"}, {"close_approach_date": "2125-12-23", "epoch_date_close_approach": 4922150400000, "relative_velocity": {"kilometers_per_second": "28.2615007087", "kilometers_per_hour": "101741.4025513405", "miles_per_hour": "63218.1509353038"}, "miss_distance": {"astronomical": "0.4822665171", "lunar": "187.6016693115", "kilometers": "72146048", "miles": "44829472"}, "orbiting_body": "Earth"}, {"close_approach_date": "2127-07-16", "epoch_date_close_approach": 4971394800000, "relative_velocity": {"kilometers_per_second": "24.7087677384", "kilometers_per_hour": "88951.5638582234", "miles_per_hour": "55271.0425540167"}, "miss_distance": {"astronomical": "0.3966213072", "lunar": "154.2856903076", "kilometers": "59333704", "miles": "36868256"}, "orbiting_body": "Earth"}, {"close_approach_date": "2127-12-14", "epoch_date_close_approach": 4984444800000, "relative_velocity": {"kilometers_per_second": "27.5127538594", "kilometers_per_hour": "99045.9138938742", "miles_per_hour": "61543.2791081131"}, "miss_distance": {"astronomical": "0.4850792753", "lunar": "188.6958465576", "kilometers": "72566832", "miles": "45090936"}, "orbiting_body": "Earth"}, {"close_approach_date": "2129-07-12", "epoch_date_close_approach": 5034207600000, "relative_velocity": {"kilometers_per_second": "22.2270212042", "kilometers_per_hour": "80017.2763351906", "miles_per_hour": "49719.6237317188"}, "miss_distance": {"astronomical": "0.3000737108", "lunar": "116.7286758423", "kilometers": "44890388", "miles": "27893594"}, "orbiting_body": "Earth"}, {"close_approach_date": "2129-12-04", "epoch_date_close_approach": 5046739200000, "relative_velocity": {"kilometers_per_second": "26.4773012923", "kilometers_per_hour": "95318.2846523272", "miles_per_hour": "59227.0752607752"}, "miss_distance": {"astronomical": "0.493782583", "lunar": "192.0814208984", "kilometers": "73868824", "miles": "45899960"}, "orbiting_body": "Earth"}, {"close_approach_date": "2131-07-10", "epoch_date_close_approach": 5097106800000, "relative_velocity": {"kilometers_per_second": "20.0164633008", "kilometers_per_hour": "72059.2678827911", "miles_per_hour": "44774.8267575043"}, "miss_distance": {"astronomical": "0.2033991186", "lunar": "79.1222610474", "kilometers": "30428076", "miles": "18907130"}, "orbiting_body": "Earth"}, {"close_approach_date": "2133-07-07", "epoch_date_close_approach": 5160006000000, "relative_velocity": {"kilometers_per_second": "18.2329209869", "kilometers_per_hour": "65638.5155528386", "miles_per_hour": "40785.2209555957"}, "miss_distance": {"astronomical": "0.1089841582", "lunar": "42.3948364258", "kilometers": "16303798", "miles": "10130710"}, "orbiting_body": "Earth"}, {"close_approach_date": "2135-07-06", "epoch_date_close_approach": 5222991600000, "relative_velocity": {"kilometers_per_second": "16.9524253661", "kilometers_per_hour": "61028.7313180136", "miles_per_hour": "37920.8803014624"}, "miss_distance": {"astronomical": "0.0273571973", "lunar": "10.6419496536", "kilometers": "4092578.25", "miles": "2543010.25"}, "orbiting_body": "Earth"}, {"close_approach_date": "2137-07-05", "epoch_date_close_approach": 5286063600000, "relative_velocity": {"kilometers_per_second": "16.2582253599", "kilometers_per_hour": "58529.6112957631", "miles_per_hour": "36368.0243076368"}, "miss_distance": {"astronomical": "0.076157913", "lunar": "29.6254272461", "kilometers": "11393062", "miles": "7079320.5"}, "orbiting_body": "Earth"}, {"close_approach_date": "2139-07-06", "epoch_date_close_approach": 5349222000000, "relative_velocity": {"kilometers_per_second": "16.1489608638", "kilometers_per_hour": "58136.2591096969", "miles_per_hour": "36123.6105562447"}, "miss_distance": {"astronomical": "0.1620978859", "lunar": "63.0560760498", "kilometers": "24249498", "miles": "15067940"}, "orbiting_body": "Earth"}, {"close_approach_date": "2141-07-06", "epoch_date_close_approach": 5412380400000, "relative_velocity": {"kilometers_per_second": "16.6345023614", "kilometers_per_hour": "59884.2085010663", "miles_per_hour": "37209.718332232"}, "miss_distance": {"astronomical": "0.2485253293", "lunar": "96.6763534546", "kilometers": "37178860", "miles": "23101874"}, "orbiting_body": "Earth"}, {"close_approach_date": "2143-07-08", "epoch_date_close_approach": 5475625200000, "relative_velocity": {"kilometers_per_second": "17.6382927657", "kilometers_per_hour": "63497.8539566165", "miles_per_hour": "39455.0970876543"}, "miss_distance": {"astronomical": "0.3332435707", "lunar": "129.6317596436", "kilometers": "49852532", "miles": "30976926"}, "orbiting_body": "Earth"}, {"close_approach_date": "2145-07-10", "epoch_date_close_approach": 5538956400000, "relative_velocity": {"kilometers_per_second": "19.0801091539", "kilometers_per_hour": "68688.3929539867", "miles_per_hour": "42680.2961663258"}, "miss_distance": {"astronomical": "0.4167953956", "lunar": "162.1334075928", "kilometers": "62351704", "miles": "38743552"}, "orbiting_body": "Earth"}, {"close_approach_date": "2147-07-11", "epoch_date_close_approach": 5602114800000, "relative_velocity": {"kilometers_per_second": "20.9028562437", "kilometers_per_hour": "75250.2824772134", "miles_per_hour": "46757.5991314663"}, "miss_distance": {"astronomical": "0.4995320684", "lunar": "194.3179779053", "kilometers": "74728936", "miles": "46434408"}, "orbiting_body": "Earth"}, {"close_approach_date": "2159-01-13", "epoch_date_close_approach": 5965344000000, "relative_velocity": {"kilometers_per_second": "29.0840497746", "kilometers_per_hour": "104702.5791885895", "miles_per_hour": "65058.1109408211"}, "miss_distance": {"astronomical": "0.4975773429", "lunar": "193.5575866699", "kilometers": "74436512", "miles": "46252704"}, "orbiting_body": "Earth"}, {"close_approach_date": "2161-01-03", "epoch_date_close_approach": 6027638400000, "relative_velocity": {"kilometers_per_second": "28.8708532239", "kilometers_per_hour": "103935.0716060771", "miles_per_hour": "64581.211576565"}, "miss_distance": {"astronomical": "0.4873154248", "lunar": "189.5657043457", "kilometers": "72901352", "miles": "45298800"}, "orbiting_body": "Earth"}, {"close_approach_date": "2162-12-26", "epoch_date_close_approach": 6090019200000, "relative_velocity": {"kilometers_per_second": "28.4307788822", "kilometers_per_hour": "102350.803975812", "miles_per_hour": "63596.8092815261"}, "miss_distance": {"astronomical": "0.4825066237", "lunar": "187.6950836182", "kilometers": "72181968", "miles": "44851792"}, "orbiting_body": "Earth"}, {"close_approach_date": "2164-07-16", "epoch_date_close_approach": 6139090800000, "relative_velocity": {"kilometers_per_second": "25.4783078459", "kilometers_per_hour": "91721.9082454153", "miles_per_hour": "56992.4268206026"}, "miss_distance": {"astronomical": "0.4246441689", "lunar": "165.1865844727", "kilometers": "63525864", "miles": "39473144"}, "orbiting_body": "Earth"}, {"close_approach_date": "2164-12-17", "epoch_date_close_approach": 6152400000000, "relative_velocity": {"kilometers_per_second": "27.7552911514", "kilometers_per_hour": "99919.048144892", "miles_per_hour": "62085.8107764747"}, "miss_distance": {"astronomical": "0.4835142786", "lunar": "188.0870513916", "kilometers": "72332704", "miles": "44945460"}, "orbiting_body": "Earth"}, {"close_approach_date": "2166-07-13", "epoch_date_close_approach": 6201903600000, "relative_velocity": {"kilometers_per_second": "22.9864411041", "kilometers_per_hour": "82751.1879746938", "miles_per_hour": "51418.3701057201"}, "miss_distance": {"astronomical": "0.3305635974", "lunar": "128.5892486572", "kilometers": "49451612", "miles": "30727806"}, "orbiting_body": "Earth"}, {"close_approach_date": "2166-12-08", "epoch_date_close_approach": 6214694400000, "relative_velocity": {"kilometers_per_second": "26.8472408223", "kilometers_per_hour": "96650.0669604593", "miles_per_hour": "60054.5929955143"}, "miss_distance": {"astronomical": "0.4900954249", "lunar": "190.6471252441", "kilometers": "73317232", "miles": "45557216"}, "orbiting_body": "Earth"}, {"close_approach_date": "2168-07-10", "epoch_date_close_approach": 6264802800000, "relative_velocity": {"kilometers_per_second": "20.764058868", "kilometers_per_hour": "74750.611924732", "miles_per_hour": "46447.1232817869"}, "miss_distance": {"astronomical": "0.2364561092", "lunar": "91.9814300537", "kilometers": "35373332", "miles": "21979968"}, "orbiting_body": "Earth"}, {"close_approach_date": "2170-07-08", "epoch_date_close_approach": 6327702000000, "relative_velocity": {"kilometers_per_second": "18.8577348341", "kilometers_per_hour": "67887.8454028162", "miles_per_hour": "42182.8670504332"}, "miss_distance": {"astronomical": "0.1442826225", "lunar": "56.1259422302", "kilometers": "21584374", "miles": "13411908"}, "orbiting_body": "Earth"}, {"close_approach_date": "2172-07-06", "epoch_date_close_approach": 6390687600000, "relative_velocity": {"kilometers_per_second": "17.3973726513", "kilometers_per_hour": "62630.5415445929", "miles_per_hour": "38916.1828836388"}, "miss_distance": {"astronomical": "0.0564867843", "lunar": "21.9733600616", "kilometers": "8450303", "miles": "5250775"}, "orbiting_body": "Earth"}, {"close_approach_date": "2174-07-06", "epoch_date_close_approach": 6453759600000, "relative_velocity": {"kilometers_per_second": "16.4974390097", "kilometers_per_hour": "59390.7804350698", "miles_per_hour": "36903.121320891"}, "miss_distance": {"astronomical": "0.0421720282", "lunar": "16.4049186707", "kilometers": "6308846", "miles": "3920135"}, "orbiting_body": "Earth"}, {"close_approach_date": "2176-07-05", "epoch_date_close_approach": 6516831600000, "relative_velocity": {"kilometers_per_second": "16.1259686383", "kilometers_per_hour": "58053.4870977752", "miles_per_hour": "36072.1792469482"}, "miss_distance": {"astronomical": "0.126561013", "lunar": "49.2322349548", "kilometers": "18933258", "miles": "11764581"}, "orbiting_body": "Earth"}, {"close_approach_date": "2178-07-06", "epoch_date_close_approach": 6579990000000, "relative_velocity": {"kilometers_per_second": "16.3611393471", "kilometers_per_hour": "58900.1016495524", "miles_per_hour": "36598.2326055233"}, "miss_distance": {"astronomical": "0.2136474", "lunar": "83.108833313", "kilometers": "31961196", "miles": "19859766"}, "orbiting_body": "Earth"}, {"close_approach_date": "2180-07-07", "epoch_date_close_approach": 6643234800000, "relative_velocity": {"kilometers_per_second": "17.1607265273", "kilometers_per_hour": "61778.615498298", "miles_per_hour": "38386.8291689286"}, "miss_distance": {"astronomical": "0.2999325192", "lunar": "116.6737442017", "kilometers": "44869264", "miles": "27880468"}, "orbiting_body": "Earth"}, {"close_approach_date": "2182-07-09", "epoch_date_close_approach": 6706479600000, "relative_velocity": {"kilometers_per_second": "18.4532468105", "kilometers_per_hour": "66431.688517696", "miles_per_hour": "41278.0677903428"}, "miss_distance": {"astronomical": "0.384972902", "lunar": "149.7544555664", "kilometers": "57591128", "miles": "35785468"}, "orbiting_body": "Earth"}, {"close_approach_date": "2184-07-10", "epoch_date_close_approach": 6769724400000, "relative_velocity": {"kilometers_per_second": "20.1856933293", "kilometers_per_hour": "72668.4959855545", "miles_per_hour": "45153.3774083575"}, "miss_distance": {"astronomical": "0.4693316421", "lunar": "182.5700073242", "kilometers": "70211016", "miles": "43627104"}, "orbiting_body": "Earth"}, {"close_approach_date": "2198-01-06", "epoch_date_close_approach": 7195507200000, "relative_velocity": {"kilometers_per_second": "28.968768192", "kilometers_per_hour": "104287.5654911633", "miles_per_hour": "64800.237568662"}, "miss_distance": {"astronomical": "0.4902612014", "lunar": "190.7116088867", "kilometers": "73342032", "miles": "45572624"}, "orbiting_body": "Earth"}, {"close_approach_date": "2199-12-29", "epoch_date_close_approach": 7257888000000, "relative_velocity": {"kilometers_per_second": "28.5916180933", "kilometers_per_hour": "102929.8251357374", "miles_per_hour": "63956.5905128142"}, "miss_distance": {"astronomical": "0.4835905388", "lunar": "188.1167144775", "kilometers": "72344120", "miles": "44952548"}, "orbiting_body": "Earth"}], "orbital_data": {"orbit_id": "11", "orbit_determination_date": "2017-06-05 06:16:50", "orbit_uncertainty": "1", "minimum_orbit_intersection": ".0228873", "jupiter_tisserand_invariant": "7.454", "epoch_osculation": "2458000.5", "eccentricity": ".3586319977848453", "semi_major_axis": ".7585895041175716", "inclination": "33.43847199681867", "ascending_node_longitude": "281.8905350918205", "orbital_period": "241.3285320062466", "perihelion_distance": ".4865350347572718", "perihelion_argument": "201.4560350250793", "aphelion_distance": "1.030643973477872", "perihelion_time": "2457994.497628755684", "mean_anomaly": "8.953991598050049", "mean_motion": "1.491742385399675", "equinox": "J2000"}}