{"links": {"self": "https://api.nasa.gov/neo/rest/v1/neo/3387132?api_key=stjNMXvPIBN6FqEBpH6hQbWAtFDv0RARRez0p7z1"}, "neo_reference_id": "3387132", "name": "(2007 SR11)", "nasa_jpl_url": "http://ssd.jpl.nasa.gov/sbdb.cgi?sstr=3387132", "absolute_magnitude_h": 22.0, "estimated_diameter": {"kilometers": {"estimated_diameter_min": 0.1058168859, "estimated_diameter_max": 0.2366137501}, "meters": {"estimated_diameter_min": 105.8168859331, "estimated_diameter_max": 236.6137501138}, "miles": {"estimated_diameter_min": 0.0657515442, "estimated_diameter_max": 0.1470249225}, "feet": {"estimated_diameter_min": 347.1682720448, "estimated_diameter_max": 776.2918559233}}, "is_potentially_hazardous_asteroid": true, "close_approach_data": [{"close_approach_date": "1979-05-01", "epoch_date_close_approach": 294390000000, "relative_velocity": {"kilometers_per_second": "6.922984667", "kilometers_per_hour": "24922.7448010662", "miles_per_hour": "15486.0244015292"}, "miss_distance": {"astronomical": "1.5042698648", "lunar": "585.160949707", "kilometers": "225035568", "miles": "139830624"}, "orbiting_body": "Juptr"}, {"close_approach_date": "2007-08-20", "epoch_date_close_approach": 1187593200000, "relative_velocity": {"kilometers_per_second": "9.6934323101", "kilometers_per_hour": "34896.356316239", "miles_per_hour": "21683.2387343875"}, "miss_distance": {"astronomical": "0.0550069793", "lunar": "21.3977165222", "kilometers": "8228927.5", "miles": "5113218.5"}, "orbiting_body": "Earth"}, {"close_approach_date": "2027-01-14", "epoch_date_close_approach": 1799913600000, "relative_velocity": {"kilometers_per_second": "5.7767015061", "kilometers_per_hour": "20796.1254219539", "miles_per_hour": "12921.9035989913"}, "miss_distance": {"astronomical": "1.3270836968", "lunar": "516.235534668", "kilometers": "198528896", "miles": "123360136"}, "orbiting_body": "Juptr"}, {"close_approach_date": "2062-08-10", "epoch_date_close_approach": 2922418800000, "relative_velocity": {"kilometers_per_second": "5.2821673174", "kilometers_per_hour": "19015.8023428015", "miles_per_hour": "11815.6800723924"}, "miss_distance": {"astronomical": "1.1951490927", "lunar": "464.9129943848", "kilometers": "178791760", "miles": "111096048"}, "orbiting_body": "Juptr"}, {"close_approach_date": "2078-05-26", "epoch_date_close_approach": 3420774000000, "relative_velocity": {"kilometers_per_second": "13.9050301269", "kilometers_per_hour": "50058.108456998", "miles_per_hour": "31104.1618909608"}, "miss_distance": {"astronomical": "0.0900199813", "lunar": "35.0177726746", "kilometers": "13466797", "miles": "8367880"}, "orbiting_body": "Mars"}, {"close_approach_date": "2078-09-24", "epoch_date_close_approach": 3431228400000, "relative_velocity": {"kilometers_per_second": "14.6239966903", "kilometers_per_hour": "52646.3880850757", "miles_per_hour": "32712.4181965294"}, "miss_distance": {"astronomical": "0.1749158367", "lunar": "68.0422592163", "kilometers": "26167036", "miles": "16259443"}, "orbiting_body": "Earth"}, {"close_approach_date": "2157-06-07", "epoch_date_close_approach": 5914796400000, "relative_velocity": {"kilometers_per_second": "5.3302545714", "kilometers_per_hour": "19188.9164571507", "miles_per_hour": "11923.2464508335"}, "miss_distance": {"astronomical": "1.1268509782", "lunar": "438.3450317383", "kilometers": "168574512", "miles": "104747344"}, "orbiting_body": "Juptr"}, {"close_approach_date": "2192-12-31", "epoch_date_close_approach": 7037222400000, "relative_velocity": {"kilometers_per_second": "6.1356671104", "kilometers_per_hour": "22088.4015975136", "miles_per_hour": "13724.8737592995"}, "miss_distance": {"astronomical": "1.3143801551", "lunar": "511.2938842773", "kilometers": "196628480", "miles": "122179272"}, "orbiting_body": "Juptr"}], "orbital_data": {"orbit_id": "16", "orbit_determination_date": "2017-04-06 09:05:54", "orbit_uncertainty": "7", "minimum_orbit_intersection": ".0188761", "jupiter_tisserand_invariant": "3.033", "epoch_osculation": "2458000.5", "eccentricity": ".6491004292927841", "semi_major_axis": "2.679237419058336", "inclination": "1.471232021190202", "ascending_node_longitude": "218.5413654632585", "orbital_period": "1601.825588171283", "perihelion_distance": ".940143260170279", "perihelion_argument": "99.42098796823161", "aphelion_distance": "4.418331577946392", "perihelion_time": "2457550.270347782954", "mean_anomaly": "101.1862190209968", "mean_motion": ".2247435692490043", "equinox": "J2000"}}