{"links": {"self": "https://api.nasa.gov/neo/rest/v1/neo/3398140?api_key=stjNMXvPIBN6FqEBpH6hQbWAtFDv0RARRez0p7z1"}, "neo_reference_id": "3398140", "name": "(2007 YB2)", "nasa_jpl_url": "http://ssd.jpl.nasa.gov/sbdb.cgi?sstr=3398140", "absolute_magnitude_h": 18.4, "estimated_diameter": {"kilometers": {"estimated_diameter_min": 0.5553349116, "estimated_diameter_max": 1.2417666126}, "meters": {"estimated_diameter_min": 555.334911581, "estimated_diameter_max": 1241.766612574}, "miles": {"estimated_diameter_min": 0.3450690093, "estimated_diameter_max": 0.7715977618}, "feet": {"estimated_diameter_min": 1821.9649913114, "estimated_diameter_max": 4074.0375731972}}, "is_potentially_hazardous_asteroid": true, "close_approach_data": [{"close_approach_date": "1927-02-04", "epoch_date_close_approach": -1354032000000, "relative_velocity": {"kilometers_per_second": "23.0942552833", "kilometers_per_hour": "83139.3190199095", "miles_per_hour": "51659.5396432321"}, "miss_distance": {"astronomical": "0.3482682853", "lunar": "135.4763641357", "kilometers": "52100192", "miles": "32373558"}, "orbiting_body": "Earth"}, {"close_approach_date": "1939-04-30", "epoch_date_close_approach": -967996800000, "relative_velocity": {"kilometers_per_second": "10.8007027405", "kilometers_per_hour": "38882.5298657046", "miles_per_hour": "24160.0919601652"}, "miss_distance": {"astronomical": "1.0022002301", "lunar": "389.8558959961", "kilometers": "149927024", "miles": "93160336"}, "orbiting_body": "Juptr"}, {"close_approach_date": "1951-06-16", "epoch_date_close_approach": -585248400000, "relative_velocity": {"kilometers_per_second": "7.0619583033", "kilometers_per_hour": "25423.0498918228", "miles_per_hour": "15796.8945286162"}, "miss_distance": {"astronomical": "0.9497748478", "lunar": "369.4624328613", "kilometers": "142084304", "miles": "88287088"}, "orbiting_body": "Juptr"}, {"close_approach_date": "1954-02-27", "epoch_date_close_approach": -499968000000, "relative_velocity": {"kilometers_per_second": "14.88130106", "kilometers_per_hour": "53572.683816059", "miles_per_hour": "33287.9823411507"}, "miss_distance": {"astronomical": "0.0365490422", "lunar": "14.2175779343", "kilometers": "5467659", "miles": "3397445.75"}, "orbiting_body": "Earth"}, {"close_approach_date": "1981-01-24", "epoch_date_close_approach": 349171200000, "relative_velocity": {"kilometers_per_second": "26.5394772512", "kilometers_per_hour": "95542.1181044064", "miles_per_hour": "59366.156663263"}, "miss_distance": {"astronomical": "0.458309495", "lunar": "178.2823944092", "kilometers": "68562128", "miles": "42602532"}, "orbiting_body": "Earth"}, {"close_approach_date": "1997-03-26", "epoch_date_close_approach": 859363200000, "relative_velocity": {"kilometers_per_second": "13.7296056354", "kilometers_per_hour": "49426.5802874731", "miles_per_hour": "30711.7548458468"}, "miss_distance": {"astronomical": "0.2019016822", "lunar": "78.5397567749", "kilometers": "30204064", "miles": "18767934"}, "orbiting_body": "Earth"}, {"close_approach_date": "1998-08-26", "epoch_date_close_approach": 904114800000, "relative_velocity": {"kilometers_per_second": "11.2524293464", "kilometers_per_hour": "40508.7456470285", "miles_per_hour": "25170.559204955"}, "miss_distance": {"astronomical": "1.143369408", "lunar": "444.7707214355", "kilometers": "171045632", "miles": "106282832"}, "orbiting_body": "Juptr"}, {"close_approach_date": "2008-02-11", "epoch_date_close_approach": 1202716800000, "relative_velocity": {"kilometers_per_second": "19.7617702412", "kilometers_per_hour": "71142.3728681868", "miles_per_hour": "44205.1038524575"}, "miss_distance": {"astronomical": "0.2486247924", "lunar": "96.7150421143", "kilometers": "37193740", "miles": "23111118"}, "orbiting_body": "Earth"}, {"close_approach_date": "2010-09-12", "epoch_date_close_approach": 1284274800000, "relative_velocity": {"kilometers_per_second": "7.0057013954", "kilometers_per_hour": "25220.5250234008", "miles_per_hour": "15671.0534513459"}, "miss_distance": {"astronomical": "0.9090195141", "lunar": "353.6086120605", "kilometers": "135987392", "miles": "84498648"}, "orbiting_body": "Juptr"}, {"close_approach_date": "2023-01-14", "epoch_date_close_approach": 1673683200000, "relative_velocity": {"kilometers_per_second": "11.4624220339", "kilometers_per_hour": "41264.7193220353", "miles_per_hour": "25640.291847628"}, "miss_distance": {"astronomical": "1.8159371947", "lunar": "706.3995361328", "kilometers": "271660320", "miles": "168801904"}, "orbiting_body": "Juptr"}, {"close_approach_date": "2035-02-03", "epoch_date_close_approach": 2054102400000, "relative_velocity": {"kilometers_per_second": "20.8256869732", "kilometers_per_hour": "74972.473103489", "miles_per_hour": "46584.9791903318"}, "miss_distance": {"astronomical": "0.23006594", "lunar": "89.4956512451", "kilometers": "34417376", "miles": "21385966"}, "orbiting_body": "Earth"}, {"close_approach_date": "2051-04-06", "epoch_date_close_approach": 2564377200000, "relative_velocity": {"kilometers_per_second": "13.4932113054", "kilometers_per_hour": "48575.5606993802", "miles_per_hour": "30182.9643690121"}, "miss_distance": {"astronomical": "0.2272538311", "lunar": "88.4017410278", "kilometers": "33996688", "miles": "21124562"}, "orbiting_body": "Earth"}, {"close_approach_date": "2057-12-24", "epoch_date_close_approach": 2776406400000, "relative_velocity": {"kilometers_per_second": "11.7477872465", "kilometers_per_hour": "42292.0340874731", "miles_per_hour": "26278.6252917413"}, "miss_distance": {"astronomical": "1.2993320994", "lunar": "505.4402160645", "kilometers": "194377328", "miles": "120780472"}, "orbiting_body": "Juptr"}, {"close_approach_date": "2069-12-26", "epoch_date_close_approach": 3155270400000, "relative_velocity": {"kilometers_per_second": "6.9756181023", "kilometers_per_hour": "25112.2251683921", "miles_per_hour": "15603.7601331045"}, "miss_distance": {"astronomical": "0.9056588746", "lunar": "352.3013000488", "kilometers": "135484640", "miles": "84186256"}, "orbiting_body": "Juptr"}, {"close_approach_date": "2082-05-13", "epoch_date_close_approach": 3545881200000, "relative_velocity": {"kilometers_per_second": "11.3984880449", "kilometers_per_hour": "41034.5569616296", "miles_per_hour": "25497.2779076303"}, "miss_distance": {"astronomical": "1.7296363628", "lunar": "672.8285522461", "kilometers": "258749904", "miles": "160779744"}, "orbiting_body": "Juptr"}, {"close_approach_date": "2105-01-26", "epoch_date_close_approach": 4262400000000, "relative_velocity": {"kilometers_per_second": "22.7339475151", "kilometers_per_hour": "81842.2110544259", "miles_per_hour": "50853.5671965681"}, "miss_distance": {"astronomical": "0.2812916602", "lunar": "109.422454834", "kilometers": "42080636", "miles": "26147694"}, "orbiting_body": "Earth"}, {"close_approach_date": "2117-03-31", "epoch_date_close_approach": 4646617200000, "relative_velocity": {"kilometers_per_second": "11.2377168694", "kilometers_per_hour": "40455.7807298148", "miles_per_hour": "25137.6488651452"}, "miss_distance": {"astronomical": "1.1796685492", "lunar": "458.8910522461", "kilometers": "176475904", "miles": "109657040"}, "orbiting_body": "Juptr"}, {"close_approach_date": "2121-05-22", "epoch_date_close_approach": 4777340400000, "relative_velocity": {"kilometers_per_second": "18.5033153205", "kilometers_per_hour": "66611.9351537219", "miles_per_hour": "41390.0660403779"}, "miss_distance": {"astronomical": "0.3424869215", "lunar": "133.2274169922", "kilometers": "51235316", "miles": "31836148"}, "orbiting_body": "Earth"}, {"close_approach_date": "2129-05-30", "epoch_date_close_approach": 5030492400000, "relative_velocity": {"kilometers_per_second": "6.90529585", "kilometers_per_hour": "24859.0650599396", "miles_per_hour": "15446.4562868274"}, "miss_distance": {"astronomical": "0.9717571854", "lunar": "378.0135498047", "kilometers": "145372800", "miles": "90330472"}, "orbiting_body": "Juptr"}, {"close_approach_date": "2132-01-27", "epoch_date_close_approach": 5114476800000, "relative_velocity": {"kilometers_per_second": "21.9540763385", "kilometers_per_hour": "79034.6748184481", "miles_per_hour": "49109.0733614963"}, "miss_distance": {"astronomical": "0.2698371588", "lunar": "104.9666595459", "kilometers": "40367068", "miles": "25082932"}, "orbiting_body": "Earth"}, {"close_approach_date": "2141-08-30", "epoch_date_close_approach": 5417132400000, "relative_velocity": {"kilometers_per_second": "11.8865356646", "kilometers_per_hour": "42791.5283926759", "miles_per_hour": "26588.9916282158"}, "miss_distance": {"astronomical": "1.7741084845", "lunar": "690.1282348633", "kilometers": "265402864", "miles": "164913696"}, "orbiting_body": "Juptr"}, {"close_approach_date": "2175-01-26", "epoch_date_close_approach": 6471388800000, "relative_velocity": {"kilometers_per_second": "21.9686842777", "kilometers_per_hour": "79087.2633996343", "miles_per_hour": "49141.7498607339"}, "miss_distance": {"astronomical": "0.248730437", "lunar": "96.7561416626", "kilometers": "37209544", "miles": "23120938"}, "orbiting_body": "Earth"}, {"close_approach_date": "2176-07-14", "epoch_date_close_approach": 6517609200000, "relative_velocity": {"kilometers_per_second": "11.1034472548", "kilometers_per_hour": "39972.4101171349", "miles_per_hour": "24837.301164172"}, "miss_distance": {"astronomical": "1.1761506772", "lunar": "457.5226135254", "kilometers": "175949632", "miles": "109330040"}, "orbiting_body": "Juptr"}, {"close_approach_date": "2188-09-30", "epoch_date_close_approach": 6903039600000, "relative_velocity": {"kilometers_per_second": "6.8597875975", "kilometers_per_hour": "24695.2353508248", "miles_per_hour": "15344.6588767389"}, "miss_distance": {"astronomical": "0.9831999449", "lunar": "382.4647827148", "kilometers": "147084624", "miles": "91394144"}, "orbiting_body": "Juptr"}, {"close_approach_date": "2200-12-30", "epoch_date_close_approach": 7289510400000, "relative_velocity": {"kilometers_per_second": "11.6932795084", "kilometers_per_hour": "42095.8062303894", "miles_per_hour": "26156.6969324328"}, "miss_distance": {"astronomical": "1.6632431173", "lunar": "647.0015869141", "kilometers": "248817632", "miles": "154608112"}, "orbiting_body": "Juptr"}], "orbital_data": {"orbit_id": "28", "orbit_determination_date": "2017-04-06 09:04:51", "orbit_uncertainty": "1", "minimum_orbit_intersection": ".0302006", "jupiter_tisserand_invariant": "2.754", "epoch_osculation": "2458000.5", "eccentricity": ".6904418933865215", "semi_major_axis": "3.087958764944469", "inclination": "16.48173639273184", "ascending_node_longitude": "330.6651204784646", "orbital_period": "1982.009197054546", "perihelion_distance": ".9559026685767053", "perihelion_argument": "213.8735680511585", "aphelion_distance": "5.220014861312232", "perihelion_time": "2458493.451160176097", "mean_anomaly": "270.4633732643013", "mean_motion": ".1816338695778981", "equinox": "J2000"}}