{"links": {"self": "https://api.nasa.gov/neo/rest/v1/neo/3402201?api_key=stjNMXvPIBN6FqEBpH6hQbWAtFDv0RARRez0p7z1"}, "neo_reference_id": "3402201", "name": "(2008 CB22)", "nasa_jpl_url": "http://ssd.jpl.nasa.gov/sbdb.cgi?sstr=3402201", "absolute_magnitude_h": 19.7, "estimated_diameter": {"kilometers": {"estimated_diameter_min": 0.3051792326, "estimated_diameter_max": 0.6824015094}, "meters": {"estimated_diameter_min": 305.1792325939, "estimated_diameter_max": 682.4015094011}, "miles": {"estimated_diameter_min": 0.1896295249, "estimated_diameter_max": 0.4240245083}, "feet": {"estimated_diameter_min": 1001.2442334633, "estimated_diameter_max": 2238.8501681036}}, "is_potentially_hazardous_asteroid": true, "close_approach_data": [{"close_approach_date": "1900-11-10", "epoch_date_close_approach": -2181916800000, "relative_velocity": {"kilometers_per_second": "4.2336135105", "kilometers_per_hour": "15241.0086378106", "miles_per_hour": "9470.1700616441"}, "miss_distance": {"astronomical": "1.4677348879", "lunar": "570.9489135742", "kilometers": "219570016", "miles": "136434480"}, "orbiting_body": "Juptr"}, {"close_approach_date": "1909-10-12", "epoch_date_close_approach": -1900425600000, "relative_velocity": {"kilometers_per_second": "18.1339898687", "kilometers_per_hour": "65282.363527172", "miles_per_hour": "40563.9219372031"}, "miss_distance": {"astronomical": "0.1323150859", "lunar": "51.4705696106", "kilometers": "19794056", "miles": "12299456"}, "orbiting_body": "Earth"}, {"close_approach_date": "1928-02-11", "epoch_date_close_approach": -1321891200000, "relative_velocity": {"kilometers_per_second": "15.6946262361", "kilometers_per_hour": "56500.6544498963", "miles_per_hour": "35107.3094274925"}, "miss_distance": {"astronomical": "0.1387371499", "lunar": "53.9687538147", "kilometers": "20754784", "miles": "12896425"}, "orbiting_body": "Earth"}, {"close_approach_date": "1937-01-08", "epoch_date_close_approach": -1040745600000, "relative_velocity": {"kilometers_per_second": "5.8704720823", "kilometers_per_hour": "21133.699496286", "miles_per_hour": "13131.6590009006"}, "miss_distance": {"astronomical": "1.8311275807", "lunar": "712.30859375", "kilometers": "273932768", "miles": "170213936"}, "orbiting_body": "Juptr"}, {"close_approach_date": "1938-11-02", "epoch_date_close_approach": -983462400000, "relative_velocity": {"kilometers_per_second": "13.0693399788", "kilometers_per_hour": "47049.6239236364", "miles_per_hour": "29234.8065985507"}, "miss_distance": {"astronomical": "0.0739778352", "lunar": "28.7773780823", "kilometers": "11066927", "miles": "6876669.5"}, "orbiting_body": "Earth"}, {"close_approach_date": "1938-11-28", "epoch_date_close_approach": -981216000000, "relative_velocity": {"kilometers_per_second": "9.0052596086", "kilometers_per_hour": "32418.9345908377", "miles_per_hour": "20143.8652184014"}, "miss_distance": {"astronomical": "0.1390321849", "lunar": "54.0835189819", "kilometers": "20798920", "miles": "12923849"}, "orbiting_body": "Venus"}, {"close_approach_date": "1948-02-22", "epoch_date_close_approach": -689788800000, "relative_velocity": {"kilometers_per_second": "4.737460278", "kilometers_per_hour": "17054.8570009682", "miles_per_hour": "10597.2248959627"}, "miss_distance": {"astronomical": "1.6923437176", "lunar": "658.3217163086", "kilometers": "253171024", "miles": "157313184"}, "orbiting_body": "Juptr"}, {"close_approach_date": "1949-10-03", "epoch_date_close_approach": -638899200000, "relative_velocity": {"kilometers_per_second": "22.0474546552", "kilometers_per_hour": "79370.8367586718", "miles_per_hour": "49317.9513181869"}, "miss_distance": {"astronomical": "0.2546985249", "lunar": "99.0777206421", "kilometers": "38102356", "miles": "23675706"}, "orbiting_body": "Earth"}, {"close_approach_date": "1968-02-03", "epoch_date_close_approach": -60278400000, "relative_velocity": {"kilometers_per_second": "13.475054969", "kilometers_per_hour": "48510.1978885152", "miles_per_hour": "30142.3504602277"}, "miss_distance": {"astronomical": "0.1335575893", "lunar": "51.9539031982", "kilometers": "19979930", "miles": "12414953"}, "orbiting_body": "Earth"}, {"close_approach_date": "1978-10-11", "epoch_date_close_approach": 276937200000, "relative_velocity": {"kilometers_per_second": "18.7717149051", "kilometers_per_hour": "67578.1736582686", "miles_per_hour": "41990.4490711614"}, "miss_distance": {"astronomical": "0.1464583981", "lunar": "56.9723167419", "kilometers": "21909866", "miles": "13614159"}, "orbiting_body": "Earth"}, {"close_approach_date": "1984-04-28", "epoch_date_close_approach": 451987200000, "relative_velocity": {"kilometers_per_second": "4.792005573", "kilometers_per_hour": "17251.2200628391", "miles_per_hour": "10719.237266268"}, "miss_distance": {"astronomical": "1.55518085", "lunar": "604.9653930664", "kilometers": "232651760", "miles": "144563104"}, "orbiting_body": "Juptr"}, {"close_approach_date": "2008-01-13", "epoch_date_close_approach": 1200211200000, "relative_velocity": {"kilometers_per_second": "12.2985072424", "kilometers_per_hour": "44274.6260726386", "miles_per_hour": "27510.5308505237"}, "miss_distance": {"astronomical": "0.1696155769", "lunar": "65.9804611206", "kilometers": "25374130", "miles": "15766753"}, "orbiting_body": "Earth"}, {"close_approach_date": "2018-09-30", "epoch_date_close_approach": 1538290800000, "relative_velocity": {"kilometers_per_second": "23.7250241716", "kilometers_per_hour": "85410.0870175854", "miles_per_hour": "53070.5065693436"}, "miss_distance": {"astronomical": "0.3052857654", "lunar": "118.7561569214", "kilometers": "45670100", "miles": "28378084"}, "orbiting_body": "Earth"}, {"close_approach_date": "2031-08-17", "epoch_date_close_approach": 1944716400000, "relative_velocity": {"kilometers_per_second": "4.2075481818", "kilometers_per_hour": "15147.1734544111", "miles_per_hour": "9411.8645278256"}, "miss_distance": {"astronomical": "1.4100414914", "lunar": "548.5061035156", "kilometers": "210939200", "miles": "131071544"}, "orbiting_body": "Juptr"}, {"close_approach_date": "2037-03-06", "epoch_date_close_approach": 2119939200000, "relative_velocity": {"kilometers_per_second": "25.8764865907", "kilometers_per_hour": "93155.3517264754", "miles_per_hour": "57883.1128547091"}, "miss_distance": {"astronomical": "0.4060501111", "lunar": "157.9534912109", "kilometers": "60744232", "miles": "37744716"}, "orbiting_body": "Earth"}, {"close_approach_date": "2048-01-08", "epoch_date_close_approach": 2462083200000, "relative_velocity": {"kilometers_per_second": "12.321670936", "kilometers_per_hour": "44358.0153695053", "miles_per_hour": "27562.3457166796"}, "miss_distance": {"astronomical": "0.1747746777", "lunar": "67.9873504639", "kilometers": "26145920", "miles": "16246321"}, "orbiting_body": "Earth"}, {"close_approach_date": "2058-10-02", "epoch_date_close_approach": 2800767600000, "relative_velocity": {"kilometers_per_second": "23.4766044367", "kilometers_per_hour": "84515.775972043", "miles_per_hour": "52514.8164644064"}, "miss_distance": {"astronomical": "0.2981049288", "lunar": "115.9628219604", "kilometers": "44595864", "miles": "27710586"}, "orbiting_body": "Earth"}, {"close_approach_date": "2077-02-25", "epoch_date_close_approach": 3381465600000, "relative_velocity": {"kilometers_per_second": "21.2376147781", "kilometers_per_hour": "76455.4132011337", "miles_per_hour": "47506.4204971156"}, "miss_distance": {"astronomical": "0.2632896038", "lunar": "102.4196548462", "kilometers": "39387564", "miles": "24474298"}, "orbiting_body": "Earth"}, {"close_approach_date": "2078-12-10", "epoch_date_close_approach": 3437884800000, "relative_velocity": {"kilometers_per_second": "4.1023772812", "kilometers_per_hour": "14768.5582122399", "miles_per_hour": "9176.6077402665"}, "miss_distance": {"astronomical": "1.4212040469", "lunar": "552.8483886719", "kilometers": "212609104", "miles": "132109176"}, "orbiting_body": "Juptr"}, {"close_approach_date": "2088-01-04", "epoch_date_close_approach": 3724041600000, "relative_velocity": {"kilometers_per_second": "12.2128315425", "kilometers_per_hour": "43966.1935528466", "miles_per_hour": "27318.882877323"}, "miss_distance": {"astronomical": "0.1728314684", "lunar": "67.2314453125", "kilometers": "25855220", "miles": "16065689"}, "orbiting_body": "Earth"}, {"close_approach_date": "2098-10-02", "epoch_date_close_approach": 4063071600000, "relative_velocity": {"kilometers_per_second": "23.8382759688", "kilometers_per_hour": "85817.7934875864", "miles_per_hour": "53323.8395145506"}, "miss_distance": {"astronomical": "0.3078243744", "lunar": "119.7436828613", "kilometers": "46049872", "miles": "28614064"}, "orbiting_body": "Earth"}, {"close_approach_date": "2115-02-03", "epoch_date_close_approach": 4578624000000, "relative_velocity": {"kilometers_per_second": "6.3868668569", "kilometers_per_hour": "22992.7206847622", "miles_per_hour": "14286.7824721513"}, "miss_distance": {"astronomical": "1.9769272754", "lunar": "769.0247192383", "kilometers": "295744128", "miles": "183766880"}, "orbiting_body": "Juptr"}, {"close_approach_date": "2117-02-07", "epoch_date_close_approach": 4642128000000, "relative_velocity": {"kilometers_per_second": "13.71556798", "kilometers_per_hour": "49376.0447281044", "miles_per_hour": "30680.3540145269"}, "miss_distance": {"astronomical": "0.1166429579", "lunar": "45.3741111755", "kilometers": "17449538", "miles": "10842641"}, "orbiting_body": "Earth"}, {"close_approach_date": "2126-03-24", "epoch_date_close_approach": 4930009200000, "relative_velocity": {"kilometers_per_second": "4.483897249", "kilometers_per_hour": "16142.0300963068", "miles_per_hour": "10030.0297562302"}, "miss_distance": {"astronomical": "1.5973083541", "lunar": "621.3529663086", "kilometers": "238953936", "miles": "148479088"}, "orbiting_body": "Juptr"}, {"close_approach_date": "2127-11-29", "epoch_date_close_approach": 4983148800000, "relative_velocity": {"kilometers_per_second": "12.3001680641", "kilometers_per_hour": "44280.6050308871", "miles_per_hour": "27514.2459426643"}, "miss_distance": {"astronomical": "0.1562467921", "lunar": "60.780002594", "kilometers": "23374188", "miles": "14524047"}, "orbiting_body": "Earth"}, {"close_approach_date": "2138-09-23", "epoch_date_close_approach": 5324511600000, "relative_velocity": {"kilometers_per_second": "29.0856293192", "kilometers_per_hour": "104708.2655491617", "miles_per_hour": "65061.6442241444"}, "miss_distance": {"astronomical": "0.4819695993", "lunar": "187.4861755371", "kilometers": "72101624", "miles": "44801872"}, "orbiting_body": "Earth"}, {"close_approach_date": "2146-03-12", "epoch_date_close_approach": 5560128000000, "relative_velocity": {"kilometers_per_second": "27.097746145", "kilometers_per_hour": "97551.8861220745", "miles_per_hour": "60614.9483517968"}, "miss_distance": {"astronomical": "0.4276696022", "lunar": "166.3634796143", "kilometers": "63978464", "miles": "39754376"}, "orbiting_body": "Earth"}, {"close_approach_date": "2156-12-12", "epoch_date_close_approach": 5899507200000, "relative_velocity": {"kilometers_per_second": "12.6012293686", "kilometers_per_hour": "45364.4257270698", "miles_per_hour": "28187.6899746896"}, "miss_distance": {"astronomical": "0.1784726582", "lunar": "69.4258651733", "kilometers": "26699130", "miles": "16590070"}, "orbiting_body": "Earth"}, {"close_approach_date": "2162-05-21", "epoch_date_close_approach": 6071094000000, "relative_velocity": {"kilometers_per_second": "5.0961883295", "kilometers_per_hour": "18346.2779860798", "miles_per_hour": "11399.6636741838"}, "miss_distance": {"astronomical": "1.6371142222", "lunar": "636.8374023438", "kilometers": "244908800", "miles": "152179264"}, "orbiting_body": "Juptr"}, {"close_approach_date": "2167-10-12", "epoch_date_close_approach": 6241302000000, "relative_velocity": {"kilometers_per_second": "20.196709617", "kilometers_per_hour": "72708.1546211636", "miles_per_hour": "45178.0197422447"}, "miss_distance": {"astronomical": "0.1963129103", "lunar": "76.3657226562", "kilometers": "29367992", "miles": "18248424"}, "orbiting_body": "Earth"}, {"close_approach_date": "2173-06-26", "epoch_date_close_approach": 6421359600000, "relative_velocity": {"kilometers_per_second": "5.2925249747", "kilometers_per_hour": "19053.0899087434", "miles_per_hour": "11838.8491157967"}, "miss_distance": {"astronomical": "1.9084334907", "lunar": "742.3806152344", "kilometers": "285497568", "miles": "177399968"}, "orbiting_body": "Juptr"}, {"close_approach_date": "2175-03-08", "epoch_date_close_approach": 6474931200000, "relative_velocity": {"kilometers_per_second": "8.0494944966", "kilometers_per_hour": "28978.1801877261", "miles_per_hour": "18005.9142394235"}, "miss_distance": {"astronomical": "0.1216138543", "lunar": "47.3077888489", "kilometers": "18193174", "miles": "11304714"}, "orbiting_body": "Venus"}, {"close_approach_date": "2186-03-06", "epoch_date_close_approach": 6821913600000, "relative_velocity": {"kilometers_per_second": "23.3118954568", "kilometers_per_hour": "83922.8236445041", "miles_per_hour": "52146.3789473309"}, "miss_distance": {"astronomical": "0.3066447779", "lunar": "119.2848129272", "kilometers": "45873404", "miles": "28504412"}, "orbiting_body": "Earth"}, {"close_approach_date": "2196-11-17", "epoch_date_close_approach": 7159651200000, "relative_velocity": {"kilometers_per_second": "12.2450777393", "kilometers_per_hour": "44082.2798614588", "miles_per_hour": "27391.014395027"}, "miss_distance": {"astronomical": "0.1319754206", "lunar": "51.3384399414", "kilometers": "19743244", "miles": "12267882"}, "orbiting_body": "Earth"}], "orbital_data": {"orbit_id": "25", "orbit_determination_date": "2017-04-06 09:04:27", "orbit_uncertainty": "2", "minimum_orbit_intersection": ".0496418", "jupiter_tisserand_invariant": "3.213", "epoch_osculation": "2458000.5", "eccentricity": ".6558820066545216", "semi_major_axis": "2.360576807586536", "inclination": "7.307151637606998", "ascending_node_longitude": "51.40999517900737", "orbital_period": "1324.724690125458", "perihelion_distance": ".8123169541645543", "perihelion_argument": "33.18426931404615", "aphelion_distance": "3.908836661008517", "perihelion_time": "2458433.120305856963", "mean_anomaly": "242.433451063891", "mean_motion": ".2717545786558158", "equinox": "J2000"}}