{"links": {"self": "https://api.nasa.gov/neo/rest/v1/neo/3414394?api_key=stjNMXvPIBN6FqEBpH6hQbWAtFDv0RARRez0p7z1"}, "neo_reference_id": "3414394", "name": "(2008 MP1)", "nasa_jpl_url": "http://ssd.jpl.nasa.gov/sbdb.cgi?sstr=3414394", "absolute_magnitude_h": 21.9, "estimated_diameter": {"kilometers": {"estimated_diameter_min": 0.1108038821, "estimated_diameter_max": 0.2477650126}, "meters": {"estimated_diameter_min": 110.8038821264, "estimated_diameter_max": 247.7650126055}, "miles": {"estimated_diameter_min": 0.068850319, "estimated_diameter_max": 0.1539539936}, "feet": {"estimated_diameter_min": 363.5298086356, "estimated_diameter_max": 812.8773639568}}, "is_potentially_hazardous_asteroid": true, "close_approach_data": [{"close_approach_date": "2008-07-15", "epoch_date_close_approach": 1216105200000, "relative_velocity": {"kilometers_per_second": "12.2563917829", "kilometers_per_hour": "44123.0104185455", "miles_per_hour": "27416.3227792346"}, "miss_distance": {"astronomical": "0.0546716393", "lunar": "21.2672672272", "kilometers": "8178760.5", "miles": "5082046.5"}, "orbiting_body": "Earth"}], "orbital_data": {"orbit_id": "16", "orbit_determination_date": "2017-04-06 09:03:16", "orbit_uncertainty": "8", "minimum_orbit_intersection": ".00167506", "jupiter_tisserand_invariant": "3.745", "epoch_osculation": "2454650.5", "eccentricity": ".5649050127461146", "semi_major_axis": "1.890231489416014", "inclination": "3.784386748686066", "ascending_node_longitude": "105.5143672770337", "orbital_period": "949.2288244094092", "perihelion_distance": ".8224302457943534", "perihelion_argument": "243.3588285529781", "aphelion_distance": "2.958032733037674", "perihelion_time": "2454703.328255287061", "mean_anomaly": "339.9646076748937", "mean_motion": ".3792552340832935", "equinox": "J2000"}}