{"links": {"self": "https://api.nasa.gov/neo/rest/v1/neo/3451789?api_key=stjNMXvPIBN6FqEBpH6hQbWAtFDv0RARRez0p7z1"}, "neo_reference_id": "3451789", "name": "(2009 FE)", "nasa_jpl_url": "http://ssd.jpl.nasa.gov/sbdb.cgi?sstr=3451789", "absolute_magnitude_h": 21.3, "estimated_diameter": {"kilometers": {"estimated_diameter_min": 0.1460679643, "estimated_diameter_max": 0.3266178974}, "meters": {"estimated_diameter_min": 146.0679642714, "estimated_diameter_max": 326.6178974458}, "miles": {"estimated_diameter_min": 0.090762397, "estimated_diameter_max": 0.2029508896}, "feet": {"estimated_diameter_min": 479.2256199, "estimated_diameter_max": 1071.581062656}}, "is_potentially_hazardous_asteroid": true, "close_approach_data": [{"close_approach_date": "1916-07-25", "epoch_date_close_approach": -1686326400000, "relative_velocity": {"kilometers_per_second": "20.05995267", "kilometers_per_hour": "72215.8296119327", "miles_per_hour": "44872.1081274812"}, "miss_distance": {"astronomical": "0.2948107914", "lunar": "114.6814041138", "kilometers": "44103068", "miles": "27404376"}, "orbiting_body": "Earth"}, {"close_approach_date": "1920-07-11", "epoch_date_close_approach": -1561305600000, "relative_velocity": {"kilometers_per_second": "14.7146772847", "kilometers_per_hour": "52972.8382248646", "miles_per_hour": "32915.261618111"}, "miss_distance": {"astronomical": "0.139811449", "lunar": "54.3866577148", "kilometers": "20915496", "miles": "12996287"}, "orbiting_body": "Earth"}, {"close_approach_date": "1924-06-28", "epoch_date_close_approach": -1436198400000, "relative_velocity": {"kilometers_per_second": "11.2862804898", "kilometers_per_hour": "40630.6097633318", "miles_per_hour": "25246.2808276658"}, "miss_distance": {"astronomical": "0.0371026007", "lunar": "14.4329118729", "kilometers": "5550470.5", "miles": "3448902.5"}, "orbiting_body": "Earth"}, {"close_approach_date": "1928-06-14", "epoch_date_close_approach": -1311177600000, "relative_velocity": {"kilometers_per_second": "9.7859394833", "kilometers_per_hour": "35229.3821397967", "miles_per_hour": "21890.168030142"}, "miss_distance": {"astronomical": "0.0359554498", "lunar": "13.9866704941", "kilometers": "5378859", "miles": "3342268"}, "orbiting_body": "Earth"}, {"close_approach_date": "1932-06-18", "epoch_date_close_approach": -1184601600000, "relative_velocity": {"kilometers_per_second": "9.9545094109", "kilometers_per_hour": "35836.2338794105", "miles_per_hour": "22267.2421013482"}, "miss_distance": {"astronomical": "0.025800894", "lunar": "10.0365476608", "kilometers": "3859758.75", "miles": "2398342.75"}, "orbiting_body": "Earth"}, {"close_approach_date": "1936-07-03", "epoch_date_close_approach": -1057075200000, "relative_velocity": {"kilometers_per_second": "12.5298448611", "kilometers_per_hour": "45107.4415001353", "miles_per_hour": "28028.0099699035"}, "miss_distance": {"astronomical": "0.0890304202", "lunar": "34.6328353882", "kilometers": "13318762", "miles": "8275895"}, "orbiting_body": "Earth"}, {"close_approach_date": "1940-07-14", "epoch_date_close_approach": -929894400000, "relative_velocity": {"kilometers_per_second": "16.1558919331", "kilometers_per_hour": "58161.2109592738", "miles_per_hour": "36139.1146652221"}, "miss_distance": {"astronomical": "0.2060821499", "lunar": "80.1659545898", "kilometers": "30829452", "miles": "19156532"}, "orbiting_body": "Earth"}, {"close_approach_date": "1944-07-27", "epoch_date_close_approach": -802544400000, "relative_velocity": {"kilometers_per_second": "22.7277382813", "kilometers_per_hour": "81819.8578125745", "miles_per_hour": "50839.6777613744"}, "miss_distance": {"astronomical": "0.4424011364", "lunar": "172.094039917", "kilometers": "66182268", "miles": "41123756"}, "orbiting_body": "Earth"}, {"close_approach_date": "2005-03-22", "epoch_date_close_approach": 1111478400000, "relative_velocity": {"kilometers_per_second": "22.3925735142", "kilometers_per_hour": "80613.2646512064", "miles_per_hour": "50089.9476939677"}, "miss_distance": {"astronomical": "0.4378982105", "lunar": "170.3424072266", "kilometers": "65508640", "miles": "40705184"}, "orbiting_body": "Earth"}, {"close_approach_date": "2009-04-15", "epoch_date_close_approach": 1239778800000, "relative_velocity": {"kilometers_per_second": "12.1807889262", "kilometers_per_hour": "43850.8401343636", "miles_per_hour": "27247.2067490438"}, "miss_distance": {"astronomical": "0.1034337553", "lunar": "40.2357330322", "kilometers": "15473470", "miles": "9614769"}, "orbiting_body": "Earth"}, {"close_approach_date": "2013-06-04", "epoch_date_close_approach": 1370329200000, "relative_velocity": {"kilometers_per_second": "8.8133629292", "kilometers_per_hour": "31728.1065452959", "miles_per_hour": "19714.6115364368"}, "miss_distance": {"astronomical": "0.0246807365", "lunar": "9.6008071899", "kilometers": "3692185.75", "miles": "2294218"}, "orbiting_body": "Earth"}, {"close_approach_date": "2017-07-05", "epoch_date_close_approach": 1499238000000, "relative_velocity": {"kilometers_per_second": "13.1896964254", "kilometers_per_hour": "47482.9071313302", "miles_per_hour": "29504.031933909"}, "miss_distance": {"astronomical": "0.1254752425", "lunar": "48.8098678589", "kilometers": "18770830", "miles": "11663653"}, "orbiting_body": "Earth"}, {"close_approach_date": "2021-07-22", "epoch_date_close_approach": 1626937200000, "relative_velocity": {"kilometers_per_second": "20.4090520342", "kilometers_per_hour": "73472.5873231074", "miles_per_hour": "45653.0084952941"}, "miss_distance": {"astronomical": "0.3637487942", "lunar": "141.4982757568", "kilometers": "54416044", "miles": "33812564"}, "orbiting_body": "Earth"}, {"close_approach_date": "2047-12-02", "epoch_date_close_approach": 2458886400000, "relative_velocity": {"kilometers_per_second": "8.4347263866", "kilometers_per_hour": "30365.0149919354", "miles_per_hour": "18867.6394542945"}, "miss_distance": {"astronomical": "1.8565179644", "lunar": "722.1854858398", "kilometers": "277731136", "miles": "172574128"}, "orbiting_body": "Juptr"}, {"close_approach_date": "2053-07-31", "epoch_date_close_approach": 2637558000000, "relative_velocity": {"kilometers_per_second": "22.0954230462", "kilometers_per_hour": "79543.5229662044", "miles_per_hour": "49425.251811973"}, "miss_distance": {"astronomical": "0.3554805919", "lunar": "138.2819519043", "kilometers": "53179140", "miles": "33043984"}, "orbiting_body": "Earth"}, {"close_approach_date": "2057-07-16", "epoch_date_close_approach": 2762492400000, "relative_velocity": {"kilometers_per_second": "15.664010452", "kilometers_per_hour": "56390.4376270888", "miles_per_hour": "35038.8249800097"}, "miss_distance": {"astronomical": "0.1427696001", "lunar": "55.5373764038", "kilometers": "21358030", "miles": "13271264"}, "orbiting_body": "Earth"}, {"close_approach_date": "2059-10-21", "epoch_date_close_approach": 2833945200000, "relative_velocity": {"kilometers_per_second": "8.2560374654", "kilometers_per_hour": "29721.7348754769", "miles_per_hour": "18467.9302063762"}, "miss_distance": {"astronomical": "1.7868640117", "lunar": "695.0900878906", "kilometers": "267311056", "miles": "166099392"}, "orbiting_body": "Juptr"}, {"close_approach_date": "2061-06-09", "epoch_date_close_approach": 2885526000000, "relative_velocity": {"kilometers_per_second": "10.4245316998", "kilometers_per_hour": "37528.3141191986", "miles_per_hour": "23318.6349592321"}, "miss_distance": {"astronomical": "0.08785088", "lunar": "34.173992157", "kilometers": "13142305", "miles": "8166250"}, "orbiting_body": "Earth"}, {"close_approach_date": "2065-03-28", "epoch_date_close_approach": 3005449200000, "relative_velocity": {"kilometers_per_second": "16.5874638102", "kilometers_per_hour": "59714.8697166167", "miles_per_hour": "37104.4977969722"}, "miss_distance": {"astronomical": "0.1419689793", "lunar": "55.225933075", "kilometers": "21238258", "miles": "13196841"}, "orbiting_body": "Earth"}, {"close_approach_date": "2071-08-22", "epoch_date_close_approach": 3207452400000, "relative_velocity": {"kilometers_per_second": "8.7798877904", "kilometers_per_hour": "31607.59604539", "miles_per_hour": "19639.7309983147"}, "miss_distance": {"astronomical": "1.9033209847", "lunar": "740.3919067383", "kilometers": "284732768", "miles": "176924752"}, "orbiting_body": "Juptr"}, {"close_approach_date": "2100-05-24", "epoch_date_close_approach": 4114825200000, "relative_velocity": {"kilometers_per_second": "11.612045879", "kilometers_per_hour": "41803.3651642888", "miles_per_hour": "25974.985426666"}, "miss_distance": {"astronomical": "0.1426750201", "lunar": "55.5005874634", "kilometers": "21343880", "miles": "13262472"}, "orbiting_body": "Earth"}, {"close_approach_date": "2127-05-27", "epoch_date_close_approach": 4967074800000, "relative_velocity": {"kilometers_per_second": "11.8289817985", "kilometers_per_hour": "42584.3344744265", "miles_per_hour": "26460.2493849568"}, "miss_distance": {"astronomical": "0.1507633232", "lunar": "58.6469306946", "kilometers": "22553872", "miles": "14014326"}, "orbiting_body": "Earth"}, {"close_approach_date": "2135-04-23", "epoch_date_close_approach": 5216598000000, "relative_velocity": {"kilometers_per_second": "18.2616992294", "kilometers_per_hour": "65742.1172256982", "miles_per_hour": "40849.5950061567"}, "miss_distance": {"astronomical": "0.0987991748", "lunar": "38.4328804016", "kilometers": "14780147", "miles": "9183957"}, "orbiting_body": "Mars"}, {"close_approach_date": "2150-08-15", "epoch_date_close_approach": 5699833200000, "relative_velocity": {"kilometers_per_second": "26.4006620078", "kilometers_per_hour": "95042.3832282082", "miles_per_hour": "59055.6408453275"}, "miss_distance": {"astronomical": "0.4235306736", "lunar": "164.7534332275", "kilometers": "63359288", "miles": "39369636"}, "orbiting_body": "Earth"}, {"close_approach_date": "2154-04-16", "epoch_date_close_approach": 5815609200000, "relative_velocity": {"kilometers_per_second": "11.9504291274", "kilometers_per_hour": "43021.5448586425", "miles_per_hour": "26731.9149150826"}, "miss_distance": {"astronomical": "0.0744973713", "lunar": "28.9794769287", "kilometers": "11144648", "miles": "6924963.5"}, "orbiting_body": "Earth"}, {"close_approach_date": "2185-07-03", "epoch_date_close_approach": 6800655600000, "relative_velocity": {"kilometers_per_second": "11.650019327", "kilometers_per_hour": "41940.0695772032", "miles_per_hour": "26059.9282325683"}, "miss_distance": {"astronomical": "0.0540174123", "lunar": "21.0127735138", "kilometers": "8080890", "miles": "5021232.5"}, "orbiting_body": "Earth"}, {"close_approach_date": "2189-03-23", "epoch_date_close_approach": 6918073200000, "relative_velocity": {"kilometers_per_second": "18.9075544267", "kilometers_per_hour": "68067.1959362431", "miles_per_hour": "42294.3084971617"}, "miss_distance": {"astronomical": "0.2018524126", "lunar": "78.5205841064", "kilometers": "30196692", "miles": "18763354"}, "orbiting_body": "Earth"}, {"close_approach_date": "2190-10-27", "epoch_date_close_approach": 6968444400000, "relative_velocity": {"kilometers_per_second": "8.4391761153", "kilometers_per_hour": "30381.0340149423", "miles_per_hour": "18877.593052229"}, "miss_distance": {"astronomical": "1.9795013107", "lunar": "770.0260620117", "kilometers": "296129184", "miles": "184006144"}, "orbiting_body": "Juptr"}], "orbital_data": {"orbit_id": "25", "orbit_determination_date": "2017-04-06 09:01:02", "orbit_uncertainty": "0", "minimum_orbit_intersection": ".00157437", "jupiter_tisserand_invariant": "3.158", "epoch_osculation": "2458000.5", "eccentricity": ".6103356820481181", "semi_major_axis": "2.535018325758817", "inclination": "1.90768281902402", "ascending_node_longitude": "39.82531371158913", "orbital_period": "1474.246419537318", "perihelion_distance": ".987806186902331", "perihelion_argument": "201.0274473634212", "aphelion_distance": "4.082230464615303", "perihelion_time": "2457909.842361672028", "mean_anomaly": "22.13792034055782", "mean_motion": ".244192555077043", "equinox": "J2000"}}