{"links": {"self": "https://api.nasa.gov/neo/rest/v1/neo/3460260?api_key=stjNMXvPIBN6FqEBpH6hQbWAtFDv0RARRez0p7z1"}, "neo_reference_id": "3460260", "name": "(2009 KK)", "nasa_jpl_url": "http://ssd.jpl.nasa.gov/sbdb.cgi?sstr=3460260", "absolute_magnitude_h": 20.5, "estimated_diameter": {"kilometers": {"estimated_diameter_min": 0.2111324448, "estimated_diameter_max": 0.4721064988}, "meters": {"estimated_diameter_min": 211.1324447897, "estimated_diameter_max": 472.1064988055}, "miles": {"estimated_diameter_min": 0.1311915784, "estimated_diameter_max": 0.2933532873}, "feet": {"estimated_diameter_min": 692.6917701639, "estimated_diameter_max": 1548.9058855411}}, "is_potentially_hazardous_asteroid": true, "close_approach_data": [{"close_approach_date": "1902-11-02", "epoch_date_close_approach": -2119536000000, "relative_velocity": {"kilometers_per_second": "19.7695220697", "kilometers_per_hour": "71170.2794507522", "miles_per_hour": "44222.4439176077"}, "miss_distance": {"astronomical": "0.2874836917", "lunar": "111.8311538696", "kilometers": "43006948", "miles": "26723278"}, "orbiting_body": "Earth"}, {"close_approach_date": "1904-05-26", "epoch_date_close_approach": -2070201600000, "relative_velocity": {"kilometers_per_second": "16.3277530437", "kilometers_per_hour": "58779.910957158", "miles_per_hour": "36523.5507833519"}, "miss_distance": {"astronomical": "0.0376473645", "lunar": "14.644824028", "kilometers": "5631965.5", "miles": "3499541"}, "orbiting_body": "Earth"}, {"close_approach_date": "1915-07-18", "epoch_date_close_approach": -1718553600000, "relative_velocity": {"kilometers_per_second": "11.8458763537", "kilometers_per_hour": "42645.1548731623", "miles_per_hour": "26498.0408154936"}, "miss_distance": {"astronomical": "0.3018344095", "lunar": "117.4135818481", "kilometers": "45153784", "miles": "28057260"}, "orbiting_body": "Earth"}, {"close_approach_date": "1915-11-05", "epoch_date_close_approach": -1709049600000, "relative_velocity": {"kilometers_per_second": "10.4945195689", "kilometers_per_hour": "37780.2704479284", "miles_per_hour": "23475.1908236031"}, "miss_distance": {"astronomical": "0.4360290232", "lunar": "169.6152801514", "kilometers": "65229012", "miles": "40531428"}, "orbiting_body": "Earth"}, {"close_approach_date": "1926-10-27", "epoch_date_close_approach": -1362672000000, "relative_velocity": {"kilometers_per_second": "14.5650636985", "kilometers_per_hour": "52434.2293146871", "miles_per_hour": "32580.5909872288"}, "miss_distance": {"astronomical": "0.2133810618", "lunar": "83.0052337646", "kilometers": "31921354", "miles": "19835010"}, "orbiting_body": "Earth"}, {"close_approach_date": "1926-12-29", "epoch_date_close_approach": -1357228800000, "relative_velocity": {"kilometers_per_second": "10.6186156996", "kilometers_per_hour": "38227.0165187159", "miles_per_hour": "23752.7814585321"}, "miss_distance": {"astronomical": "0.0487233282", "lunar": "18.9533748627", "kilometers": "7288906.5", "miles": "4529116.5"}, "orbiting_body": "Mars"}, {"close_approach_date": "1928-05-14", "epoch_date_close_approach": -1313856000000, "relative_velocity": {"kilometers_per_second": "21.6500253555", "kilometers_per_hour": "77940.0912798295", "miles_per_hour": "48428.9417177363"}, "miss_distance": {"astronomical": "0.2514203676", "lunar": "97.8025283813", "kilometers": "37611952", "miles": "23370984"}, "orbiting_body": "Earth"}, {"close_approach_date": "1937-11-09", "epoch_date_close_approach": -1014393600000, "relative_velocity": {"kilometers_per_second": "24.3282046474", "kilometers_per_hour": "87581.5367306043", "miles_per_hour": "54419.7609757469"}, "miss_distance": {"astronomical": "0.4139842387", "lunar": "161.0398712158", "kilometers": "61931160", "miles": "38482240"}, "orbiting_body": "Earth"}, {"close_approach_date": "1939-06-07", "epoch_date_close_approach": -964713600000, "relative_velocity": {"kilometers_per_second": "13.3182739638", "kilometers_per_hour": "47945.7862695594", "miles_per_hour": "29791.6470295493"}, "miss_distance": {"astronomical": "0.1063946676", "lunar": "41.3875274658", "kilometers": "15916416", "miles": "9890003"}, "orbiting_body": "Earth"}, {"close_approach_date": "1950-08-31", "epoch_date_close_approach": -610218000000, "relative_velocity": {"kilometers_per_second": "9.8650301218", "kilometers_per_hour": "35514.1084384246", "miles_per_hour": "22067.08587942"}, "miss_distance": {"astronomical": "0.3392407826", "lunar": "131.9646606445", "kilometers": "50749700", "miles": "31534402"}, "orbiting_body": "Earth"}, {"close_approach_date": "1950-10-27", "epoch_date_close_approach": -605289600000, "relative_velocity": {"kilometers_per_second": "10.4746214498", "kilometers_per_hour": "37708.6372192534", "miles_per_hour": "23430.6807210411"}, "miss_distance": {"astronomical": "0.3239731172", "lunar": "126.0255432129", "kilometers": "48465688", "miles": "30115184"}, "orbiting_body": "Earth"}, {"close_approach_date": "1952-05-03", "epoch_date_close_approach": -557427600000, "relative_velocity": {"kilometers_per_second": "27.7132115764", "kilometers_per_hour": "99767.5616749266", "miles_per_hour": "61991.6829751787"}, "miss_distance": {"astronomical": "0.476362701", "lunar": "185.3050994873", "kilometers": "71262848", "miles": "44280680"}, "orbiting_body": "Earth"}, {"close_approach_date": "1961-11-01", "epoch_date_close_approach": -257702400000, "relative_velocity": {"kilometers_per_second": "18.1961004207", "kilometers_per_hour": "65505.9615144779", "miles_per_hour": "40702.8570310377"}, "miss_distance": {"astronomical": "0.249030875", "lunar": "96.873008728", "kilometers": "37254488", "miles": "23148866"}, "orbiting_body": "Earth"}, {"close_approach_date": "1963-05-23", "epoch_date_close_approach": -208630800000, "relative_velocity": {"kilometers_per_second": "18.0740977189", "kilometers_per_hour": "65066.7517881314", "miles_per_hour": "40429.9491874642"}, "miss_distance": {"astronomical": "0.1103090282", "lunar": "42.9102096558", "kilometers": "16501996", "miles": "10253865"}, "orbiting_body": "Earth"}, {"close_approach_date": "1974-06-22", "epoch_date_close_approach": 141116400000, "relative_velocity": {"kilometers_per_second": "11.7658762779", "kilometers_per_hour": "42357.1546005829", "miles_per_hour": "26319.0886461233"}, "miss_distance": {"astronomical": "0.2201632185", "lunar": "85.6434860229", "kilometers": "32935948", "miles": "20465450"}, "orbiting_body": "Earth"}, {"close_approach_date": "1985-10-25", "epoch_date_close_approach": 499071600000, "relative_velocity": {"kilometers_per_second": "11.4264287952", "kilometers_per_hour": "41135.1436628082", "miles_per_hour": "25559.7785720377"}, "miss_distance": {"astronomical": "0.2671450308", "lunar": "103.919418335", "kilometers": "39964328", "miles": "24832682"}, "orbiting_body": "Earth"}, {"close_approach_date": "1987-05-08", "epoch_date_close_approach": 547455600000, "relative_velocity": {"kilometers_per_second": "25.7049334475", "kilometers_per_hour": "92537.760410959", "miles_per_hour": "57499.3656286873"}, "miss_distance": {"astronomical": "0.4030619472", "lunar": "156.7911071777", "kilometers": "60297212", "miles": "37466948"}, "orbiting_body": "Earth"}, {"close_approach_date": "1996-11-02", "epoch_date_close_approach": 846921600000, "relative_velocity": {"kilometers_per_second": "19.2903490045", "kilometers_per_hour": "69445.2564162936", "miles_per_hour": "43150.5816882242"}, "miss_distance": {"astronomical": "0.2714213082", "lunar": "105.5828933716", "kilometers": "40604052", "miles": "25230188"}, "orbiting_body": "Earth"}, {"close_approach_date": "1998-05-25", "epoch_date_close_approach": 896079600000, "relative_velocity": {"kilometers_per_second": "17.2471963494", "kilometers_per_hour": "62089.9068576884", "miles_per_hour": "38580.2535138787"}, "miss_distance": {"astronomical": "0.075775184", "lunar": "29.4765472412", "kilometers": "11335806", "miles": "7043743.5"}, "orbiting_body": "Earth"}, {"close_approach_date": "2009-06-18", "epoch_date_close_approach": 1245308400000, "relative_velocity": {"kilometers_per_second": "11.8970623935", "kilometers_per_hour": "42829.4246164956", "miles_per_hour": "26612.5388679553"}, "miss_distance": {"astronomical": "0.2014363103", "lunar": "78.3587265015", "kilometers": "30134444", "miles": "18724676"}, "orbiting_body": "Earth"}, {"close_approach_date": "2017-04-10", "epoch_date_close_approach": 1491807600000, "relative_velocity": {"kilometers_per_second": "10.7947120718", "kilometers_per_hour": "38860.9634583133", "miles_per_hour": "24146.6914333059"}, "miss_distance": {"astronomical": "0.0404879374", "lunar": "15.7498073578", "kilometers": "6056909.5", "miles": "3763589"}, "orbiting_body": "Mars"}, {"close_approach_date": "2020-10-27", "epoch_date_close_approach": 1603782000000, "relative_velocity": {"kilometers_per_second": "10.5652153183", "kilometers_per_hour": "38034.7751458811", "miles_per_hour": "23633.3301455059"}, "miss_distance": {"astronomical": "0.3138654054", "lunar": "122.0936355591", "kilometers": "46953596", "miles": "29175612"}, "orbiting_body": "Earth"}, {"close_approach_date": "2022-05-04", "epoch_date_close_approach": 1651647600000, "relative_velocity": {"kilometers_per_second": "27.7249860498", "kilometers_per_hour": "99809.9497791342", "miles_per_hour": "62018.021294707"}, "miss_distance": {"astronomical": "0.4755160621", "lunar": "184.9757385254", "kilometers": "71136192", "miles": "44201980"}, "orbiting_body": "Earth"}, {"close_approach_date": "2031-10-30", "epoch_date_close_approach": 1951110000000, "relative_velocity": {"kilometers_per_second": "16.5636411109", "kilometers_per_hour": "59629.1079992296", "miles_per_hour": "37051.2088009657"}, "miss_distance": {"astronomical": "0.2184577385", "lunar": "84.9800643921", "kilometers": "32680814", "miles": "20306916"}, "orbiting_body": "Earth"}, {"close_approach_date": "2033-05-19", "epoch_date_close_approach": 2000098800000, "relative_velocity": {"kilometers_per_second": "19.8425691422", "kilometers_per_hour": "71433.2489118851", "miles_per_hour": "44385.8429141655"}, "miss_distance": {"astronomical": "0.1801518718", "lunar": "70.0790786743", "kilometers": "26950336", "miles": "16746162"}, "orbiting_body": "Earth"}, {"close_approach_date": "2042-11-11", "epoch_date_close_approach": 2299305600000, "relative_velocity": {"kilometers_per_second": "25.2373501296", "kilometers_per_hour": "90854.4604663818", "miles_per_hour": "56453.4285047915"}, "miss_distance": {"astronomical": "0.4386674983", "lunar": "170.6416625977", "kilometers": "65623724", "miles": "40776692"}, "orbiting_body": "Earth"}, {"close_approach_date": "2044-06-09", "epoch_date_close_approach": 2349068400000, "relative_velocity": {"kilometers_per_second": "12.7660639808", "kilometers_per_hour": "45957.8303308912", "miles_per_hour": "28556.4085186585"}, "miss_distance": {"astronomical": "0.1366001491", "lunar": "53.1374588013", "kilometers": "20435092", "miles": "12697777"}, "orbiting_body": "Earth"}, {"close_approach_date": "2055-10-27", "epoch_date_close_approach": 2708233200000, "relative_velocity": {"kilometers_per_second": "10.7904836148", "kilometers_per_hour": "38845.7410131446", "miles_per_hour": "24137.232797862"}, "miss_distance": {"astronomical": "0.2965533955", "lunar": "115.3592758179", "kilometers": "44363760", "miles": "27566362"}, "orbiting_body": "Earth"}, {"close_approach_date": "2057-05-06", "epoch_date_close_approach": 2756358000000, "relative_velocity": {"kilometers_per_second": "26.5512520135", "kilometers_per_hour": "95584.5072485546", "miles_per_hour": "59392.49562897"}, "miss_distance": {"astronomical": "0.4323082453", "lunar": "168.1679077148", "kilometers": "64672396", "miles": "40185564"}, "orbiting_body": "Earth"}, {"close_approach_date": "2066-11-06", "epoch_date_close_approach": 3056252400000, "relative_velocity": {"kilometers_per_second": "21.2359067311", "kilometers_per_hour": "76449.2642319827", "miles_per_hour": "47502.5997668117"}, "miss_distance": {"astronomical": "0.31841098", "lunar": "123.8618774414", "kilometers": "47633608", "miles": "29598152"}, "orbiting_body": "Earth"}, {"close_approach_date": "2068-05-30", "epoch_date_close_approach": 3105586800000, "relative_velocity": {"kilometers_per_second": "15.0423247469", "kilometers_per_hour": "54152.3690888616", "miles_per_hour": "33648.176226354"}, "miss_distance": {"astronomical": "0.0214816155", "lunar": "8.3563489914", "kilometers": "3213604", "miles": "1996841"}, "orbiting_body": "Earth"}, {"close_approach_date": "2079-10-27", "epoch_date_close_approach": 3465615600000, "relative_velocity": {"kilometers_per_second": "13.9738214632", "kilometers_per_hour": "50305.757267614", "miles_per_hour": "31258.0412310905"}, "miss_distance": {"astronomical": "0.2102450202", "lunar": "81.7853088379", "kilometers": "31452206", "miles": "19543496"}, "orbiting_body": "Earth"}, {"close_approach_date": "2081-05-17", "epoch_date_close_approach": 3514690800000, "relative_velocity": {"kilometers_per_second": "20.9002100264", "kilometers_per_hour": "75240.7560950677", "miles_per_hour": "46751.6798080714"}, "miss_distance": {"astronomical": "0.2209602977", "lunar": "85.9535598755", "kilometers": "33055192", "miles": "20539544"}, "orbiting_body": "Earth"}, {"close_approach_date": "2092-08-24", "epoch_date_close_approach": 3870399600000, "relative_velocity": {"kilometers_per_second": "10.4624985059", "kilometers_per_hour": "37664.9946213793", "miles_per_hour": "23403.5629079343"}, "miss_distance": {"astronomical": "0.3405607459", "lunar": "132.4781188965", "kilometers": "50947160", "miles": "31657098"}, "orbiting_body": "Earth"}, {"close_approach_date": "2092-10-28", "epoch_date_close_approach": 3876015600000, "relative_velocity": {"kilometers_per_second": "10.3317309485", "kilometers_per_hour": "37194.2314146508", "miles_per_hour": "23111.0489587312"}, "miss_distance": {"astronomical": "0.337397299", "lunar": "131.2475585938", "kilometers": "50473920", "miles": "31363040"}, "orbiting_body": "Earth"}, {"close_approach_date": "2094-05-06", "epoch_date_close_approach": 3923967600000, "relative_velocity": {"kilometers_per_second": "26.8512125466", "kilometers_per_hour": "96664.3651678975", "miles_per_hour": "60063.477345575"}, "miss_distance": {"astronomical": "0.4421447068", "lunar": "171.9942779541", "kilometers": "66143904", "miles": "41099916"}, "orbiting_body": "Earth"}, {"close_approach_date": "2103-11-14", "epoch_date_close_approach": 4224470400000, "relative_velocity": {"kilometers_per_second": "26.6127408807", "kilometers_per_hour": "95805.8671703411", "miles_per_hour": "59530.0400759267"}, "miss_distance": {"astronomical": "0.4794565577", "lunar": "186.5085906982", "kilometers": "71725680", "miles": "44568272"}, "orbiting_body": "Earth"}, {"close_approach_date": "2105-06-26", "epoch_date_close_approach": 4275442800000, "relative_velocity": {"kilometers_per_second": "11.6035929372", "kilometers_per_hour": "41772.9345738786", "miles_per_hour": "25956.077041197"}, "miss_distance": {"astronomical": "0.2369359978", "lunar": "92.1681060791", "kilometers": "35445120", "miles": "22024578"}, "orbiting_body": "Earth"}, {"close_approach_date": "2116-11-05", "epoch_date_close_approach": 4634006400000, "relative_velocity": {"kilometers_per_second": "20.3962118026", "kilometers_per_hour": "73426.362489468", "miles_per_hour": "45624.286181303"}, "miss_distance": {"astronomical": "0.2933944675", "lunar": "114.1304550171", "kilometers": "43891188", "miles": "27272720"}, "orbiting_body": "Earth"}, {"close_approach_date": "2118-06-01", "epoch_date_close_approach": 4683510000000, "relative_velocity": {"kilometers_per_second": "14.969459942", "kilometers_per_hour": "53890.0557912432", "miles_per_hour": "33485.1849442866"}, "miss_distance": {"astronomical": "0.0246490178", "lunar": "9.5884685516", "kilometers": "3687440.75", "miles": "2291269.5"}, "orbiting_body": "Earth"}, {"close_approach_date": "2120-09-23", "epoch_date_close_approach": 4756518000000, "relative_velocity": {"kilometers_per_second": "11.910247533", "kilometers_per_hour": "42876.891118696", "miles_per_hour": "26642.0327065031"}, "miss_distance": {"astronomical": "0.0584569425", "lunar": "22.7397499084", "kilometers": "8745034", "miles": "5433912.5"}, "orbiting_body": "Mars"}, {"close_approach_date": "2122-08-06", "epoch_date_close_approach": 4815442800000, "relative_velocity": {"kilometers_per_second": "10.3498744222", "kilometers_per_hour": "37259.5479199373", "miles_per_hour": "23151.6340950299"}, "miss_distance": {"astronomical": "0.0779475638", "lunar": "30.3216018677", "kilometers": "11660790", "miles": "7245679"}, "orbiting_body": "Mars"}, {"close_approach_date": "2129-11-02", "epoch_date_close_approach": 5043970800000, "relative_velocity": {"kilometers_per_second": "18.0774068919", "kilometers_per_hour": "65078.6648108868", "miles_per_hour": "40437.3514765202"}, "miss_distance": {"astronomical": "0.2391554254", "lunar": "93.031463623", "kilometers": "35777144", "miles": "22230886"}, "orbiting_body": "Earth"}, {"close_approach_date": "2131-05-28", "epoch_date_close_approach": 5093391600000, "relative_velocity": {"kilometers_per_second": "16.429604122", "kilometers_per_hour": "59146.574839321", "miles_per_hour": "36751.381460577"}, "miss_distance": {"astronomical": "0.0405332027", "lunar": "15.7674160004", "kilometers": "6063681", "miles": "3767796.75"}, "orbiting_body": "Earth"}, {"close_approach_date": "2142-10-28", "epoch_date_close_approach": 5453766000000, "relative_velocity": {"kilometers_per_second": "14.0427863808", "kilometers_per_hour": "50554.0309709423", "miles_per_hour": "31412.3088552502"}, "miss_distance": {"astronomical": "0.2069671809", "lunar": "80.5102310181", "kilometers": "30961848", "miles": "19238800"}, "orbiting_body": "Earth"}, {"close_approach_date": "2144-05-18", "epoch_date_close_approach": 5502841200000, "relative_velocity": {"kilometers_per_second": "20.7079205591", "kilometers_per_hour": "74548.5140126632", "miles_per_hour": "46321.5474985906"}, "miss_distance": {"astronomical": "0.2126257355", "lunar": "82.7114105225", "kilometers": "31808358", "miles": "19764798"}, "orbiting_body": "Earth"}, {"close_approach_date": "2155-10-28", "epoch_date_close_approach": 5863993200000, "relative_velocity": {"kilometers_per_second": "10.6606340586", "kilometers_per_hour": "38378.2826110914", "miles_per_hour": "23846.772325764"}, "miss_distance": {"astronomical": "0.3017489545", "lunar": "117.3803482056", "kilometers": "45141004", "miles": "28049318"}, "orbiting_body": "Earth"}, {"close_approach_date": "2157-05-09", "epoch_date_close_approach": 5912290800000, "relative_velocity": {"kilometers_per_second": "25.4393428709", "kilometers_per_hour": "91581.6343351475", "miles_per_hour": "56905.2660678587"}, "miss_distance": {"astronomical": "0.389993655", "lunar": "151.70753479", "kilometers": "58342224", "miles": "36252176"}, "orbiting_body": "Earth"}, {"close_approach_date": "2168-07-18", "epoch_date_close_approach": 6265494000000, "relative_velocity": {"kilometers_per_second": "11.6795779598", "kilometers_per_hour": "42046.4806552753", "miles_per_hour": "26126.0479382737"}, "miss_distance": {"astronomical": "0.303021753", "lunar": "117.8754653931", "kilometers": "45331412", "miles": "28167632"}, "orbiting_body": "Earth"}, {"close_approach_date": "2168-11-07", "epoch_date_close_approach": 6275174400000, "relative_velocity": {"kilometers_per_second": "10.4164174168", "kilometers_per_hour": "37499.1027005016", "miles_per_hour": "23300.4841196533"}, "miss_distance": {"astronomical": "0.4424546656", "lunar": "172.1148681641", "kilometers": "66190276", "miles": "41128732"}, "orbiting_body": "Earth"}, {"close_approach_date": "2179-11-11", "epoch_date_close_approach": 6622588800000, "relative_velocity": {"kilometers_per_second": "24.2382997302", "kilometers_per_hour": "87257.8790285508", "miles_per_hour": "54218.6526663792"}, "miss_distance": {"astronomical": "0.4027250977", "lunar": "156.6600646973", "kilometers": "60246820", "miles": "37435636"}, "orbiting_body": "Earth"}, {"close_approach_date": "2181-06-14", "epoch_date_close_approach": 6672783600000, "relative_velocity": {"kilometers_per_second": "12.1684297514", "kilometers_per_hour": "43806.3471049363", "miles_per_hour": "27219.5605108422"}, "miss_distance": {"astronomical": "0.172241037", "lunar": "67.0017623901", "kilometers": "25766892", "miles": "16010804"}, "orbiting_body": "Earth"}, {"close_approach_date": "2192-11-05", "epoch_date_close_approach": 7032384000000, "relative_velocity": {"kilometers_per_second": "20.3200950386", "kilometers_per_hour": "73152.3421390165", "miles_per_hour": "45454.0205918795"}, "miss_distance": {"astronomical": "0.2877319598", "lunar": "111.9277267456", "kilometers": "43044088", "miles": "26746356"}, "orbiting_body": "Earth"}, {"close_approach_date": "2194-06-02", "epoch_date_close_approach": 7081974000000, "relative_velocity": {"kilometers_per_second": "14.7125244661", "kilometers_per_hour": "52965.0880778538", "miles_per_hour": "32910.4459781531"}, "miss_distance": {"astronomical": "0.036981979", "lunar": "14.3859891891", "kilometers": "5532425", "miles": "3437689.5"}, "orbiting_body": "Earth"}], "orbital_data": {"orbit_id": "28", "orbit_determination_date": "2017-04-06 09:00:33", "orbit_uncertainty": "2", "minimum_orbit_intersection": "9.55542E-5", "jupiter_tisserand_invariant": "4.373", "epoch_osculation": "2458000.5", "eccentricity": ".4552070912230899", "semi_major_axis": "1.50213298833384", "inclination": "18.21590613861032", "ascending_node_longitude": "68.15865902852904", "orbital_period": "672.4515554841503", "perihelion_distance": ".8183514000841449", "perihelion_argument": "247.3226130876566", "aphelion_distance": "2.185914576583535", "perihelion_time": "2457732.279974090890", "mean_anomaly": "143.5928113182208", "mean_motion": ".5353545501739645", "equinox": "J2000"}}