{"links": {"self": "https://api.nasa.gov/neo/rest/v1/neo/3467394?api_key=stjNMXvPIBN6FqEBpH6hQbWAtFDv0RARRez0p7z1"}, "neo_reference_id": "3467394", "name": "(2009 SG18)", "nasa_jpl_url": "http://ssd.jpl.nasa.gov/sbdb.cgi?sstr=3467394", "absolute_magnitude_h": 17.8, "estimated_diameter": {"kilometers": {"estimated_diameter_min": 0.7320739893, "estimated_diameter_max": 1.6369672047}, "meters": {"estimated_diameter_min": 732.0739893473, "estimated_diameter_max": 1636.96720474}, "miles": {"estimated_diameter_min": 0.4548895468, "estimated_diameter_max": 1.017163949}, "feet": {"estimated_diameter_min": 2401.8176272101, "estimated_diameter_max": 5370.6274839991}}, "is_potentially_hazardous_asteroid": true, "close_approach_data": [{"close_approach_date": "1922-02-23", "epoch_date_close_approach": -1510156800000, "relative_velocity": {"kilometers_per_second": "13.989560744", "kilometers_per_hour": "50362.4186785508", "miles_per_hour": "31293.2484283473"}, "miss_distance": {"astronomical": "1.6362524428", "lunar": "636.5021972656", "kilometers": "244779872", "miles": "152099168"}, "orbiting_body": "Juptr"}, {"close_approach_date": "1933-05-31", "epoch_date_close_approach": -1154620800000, "relative_velocity": {"kilometers_per_second": "10.8248190121", "kilometers_per_hour": "38969.3484436813", "miles_per_hour": "24214.0376482419"}, "miss_distance": {"astronomical": "1.5192890535", "lunar": "591.0034179688", "kilometers": "227282400", "miles": "141226736"}, "orbiting_body": "Juptr"}, {"close_approach_date": "1941-09-02", "epoch_date_close_approach": -894038400000, "relative_velocity": {"kilometers_per_second": "37.5775775404", "kilometers_per_hour": "135279.2791456045", "miles_per_hour": "84057.283200223"}, "miss_distance": {"astronomical": "0.4252960823", "lunar": "165.4401702881", "kilometers": "63623388", "miles": "39533740"}, "orbiting_body": "Earth"}, {"close_approach_date": "1967-10-08", "epoch_date_close_approach": -70477200000, "relative_velocity": {"kilometers_per_second": "33.4641311226", "kilometers_per_hour": "120470.8720414576", "miles_per_hour": "74855.9149082046"}, "miss_distance": {"astronomical": "0.4207776972", "lunar": "163.6825256348", "kilometers": "62947448", "miles": "39113732"}, "orbiting_body": "Earth"}, {"close_approach_date": "1969-06-06", "epoch_date_close_approach": -18032400000, "relative_velocity": {"kilometers_per_second": "12.8803412292", "kilometers_per_hour": "46369.2284250113", "miles_per_hour": "28812.0352955299"}, "miss_distance": {"astronomical": "1.2100495113", "lunar": "470.7092590332", "kilometers": "181020832", "miles": "112481128"}, "orbiting_body": "Juptr"}, {"close_approach_date": "1980-10-26", "epoch_date_close_approach": 341391600000, "relative_velocity": {"kilometers_per_second": "10.928936387", "kilometers_per_hour": "39344.1709933472", "miles_per_hour": "24446.9378041718"}, "miss_distance": {"astronomical": "1.925547292", "lunar": "749.037902832", "kilometers": "288057760", "miles": "178990800"}, "orbiting_body": "Juptr"}, {"close_approach_date": "2016-10-15", "epoch_date_close_approach": 1476514800000, "relative_velocity": {"kilometers_per_second": "12.3025229754", "kilometers_per_hour": "44289.0827115998", "miles_per_hour": "27519.5136437716"}, "miss_distance": {"astronomical": "1.0289237636", "lunar": "400.2513427734", "kilometers": "153924800", "miles": "95644440"}, "orbiting_body": "Juptr"}, {"close_approach_date": "2025-09-15", "epoch_date_close_approach": 1757919600000, "relative_velocity": {"kilometers_per_second": "34.3333308311", "kilometers_per_hour": "123599.9909920612", "miles_per_hour": "76800.2277361505"}, "miss_distance": {"astronomical": "0.1140975472", "lunar": "44.3839454651", "kilometers": "17068750", "miles": "10606030"}, "orbiting_body": "Earth"}, {"close_approach_date": "2046-10-02", "epoch_date_close_approach": 2422076400000, "relative_velocity": {"kilometers_per_second": "33.3428788674", "kilometers_per_hour": "120034.3639226756", "miles_per_hour": "74584.6857385092"}, "miss_distance": {"astronomical": "0.2580534965", "lunar": "100.3828125", "kilometers": "38604256", "miles": "23987572"}, "orbiting_body": "Earth"}, {"close_approach_date": "2064-03-25", "epoch_date_close_approach": 2973654000000, "relative_velocity": {"kilometers_per_second": "12.2701861646", "kilometers_per_hour": "44172.6701926122", "miles_per_hour": "27447.1794316262"}, "miss_distance": {"astronomical": "1.0242942269", "lunar": "398.4504699707", "kilometers": "153232240", "miles": "95214104"}, "orbiting_body": "Juptr"}, {"close_approach_date": "2083-10-11", "epoch_date_close_approach": 3590463600000, "relative_velocity": {"kilometers_per_second": "33.5476250301", "kilometers_per_hour": "120771.4501082722", "miles_per_hour": "75042.6824297761"}, "miss_distance": {"astronomical": "0.4329856889", "lunar": "168.4314422607", "kilometers": "64773740", "miles": "40248536"}, "orbiting_body": "Earth"}, {"close_approach_date": "2111-10-07", "epoch_date_close_approach": 4473644400000, "relative_velocity": {"kilometers_per_second": "12.8983243204", "kilometers_per_hour": "46433.9675532856", "miles_per_hour": "28852.2616722068"}, "miss_distance": {"astronomical": "1.2124802755", "lunar": "471.6548461914", "kilometers": "181384480", "miles": "112707088"}, "orbiting_body": "Juptr"}, {"close_approach_date": "2123-03-16", "epoch_date_close_approach": 4834623600000, "relative_velocity": {"kilometers_per_second": "10.4943292132", "kilometers_per_hour": "37779.5851675682", "miles_per_hour": "23474.7650170371"}, "miss_distance": {"astronomical": "1.7680616632", "lunar": "687.7760009766", "kilometers": "264498256", "miles": "164351600"}, "orbiting_body": "Juptr"}, {"close_approach_date": "2136-10-08", "epoch_date_close_approach": 5262735600000, "relative_velocity": {"kilometers_per_second": "33.4350399359", "kilometers_per_hour": "120366.1437690942", "miles_per_hour": "74790.8408325241"}, "miss_distance": {"astronomical": "0.358953411", "lunar": "139.6328735352", "kilometers": "53698668", "miles": "33366804"}, "orbiting_body": "Earth"}, {"close_approach_date": "2152-08-27", "epoch_date_close_approach": 5764028400000, "relative_velocity": {"kilometers_per_second": "39.2375628202", "kilometers_per_hour": "141255.2261527222", "miles_per_hour": "87770.5042725067"}, "miss_distance": {"astronomical": "0.4711203101", "lunar": "183.2657928467", "kilometers": "70478592", "miles": "43793368"}, "orbiting_body": "Earth"}, {"close_approach_date": "2159-05-19", "epoch_date_close_approach": 5976226800000, "relative_velocity": {"kilometers_per_second": "14.1656545404", "kilometers_per_hour": "50996.3563455962", "miles_per_hour": "31687.1526415178"}, "miss_distance": {"astronomical": "1.6466197878", "lunar": "640.5350952148", "kilometers": "246330816", "miles": "153062880"}, "orbiting_body": "Juptr"}, {"close_approach_date": "2170-09-11", "epoch_date_close_approach": 6333318000000, "relative_velocity": {"kilometers_per_second": "10.4682255268", "kilometers_per_hour": "37685.6118963551", "miles_per_hour": "23416.3736808213"}, "miss_distance": {"astronomical": "1.3549641122", "lunar": "527.0810546875", "kilometers": "202699744", "miles": "125951784"}, "orbiting_body": "Juptr"}, {"close_approach_date": "2189-10-15", "epoch_date_close_approach": 6935871600000, "relative_velocity": {"kilometers_per_second": "34.1842551965", "kilometers_per_hour": "123063.3187073359", "miles_per_hour": "76466.760449011"}, "miss_distance": {"astronomical": "0.4696106685", "lunar": "182.6785430908", "kilometers": "70252752", "miles": "43653040"}, "orbiting_body": "Earth"}], "orbital_data": {"orbit_id": "24", "orbit_determination_date": "2017-12-07 06:21:15", "orbit_uncertainty": "1", "minimum_orbit_intersection": ".0261114", "jupiter_tisserand_invariant": "2.312", "epoch_osculation": "2458000.5", "eccentricity": ".6730983656047029", "semi_major_axis": "3.038138946122983", "inclination": "57.95077703036562", "ascending_node_longitude": "177.5211472753097", "orbital_period": "1934.237838207634", "perihelion_distance": ".9931725870076085", "perihelion_argument": "204.5547762156737", "aphelion_distance": "5.083105305238357", "perihelion_time": "2457080.691921451033", "mean_anomaly": "171.1945148299194", "mean_motion": ".1861198208869675", "equinox": "J2000"}}