{"links": {"self": "https://api.nasa.gov/neo/rest/v1/neo/3476771?api_key=stjNMXvPIBN6FqEBpH6hQbWAtFDv0RARRez0p7z1"}, "neo_reference_id": "3476771", "name": "(2009 VQ44)", "nasa_jpl_url": "http://ssd.jpl.nasa.gov/sbdb.cgi?sstr=3476771", "absolute_magnitude_h": 21.9, "estimated_diameter": {"kilometers": {"estimated_diameter_min": 0.1108038821, "estimated_diameter_max": 0.2477650126}, "meters": {"estimated_diameter_min": 110.8038821264, "estimated_diameter_max": 247.7650126055}, "miles": {"estimated_diameter_min": 0.068850319, "estimated_diameter_max": 0.1539539936}, "feet": {"estimated_diameter_min": 363.5298086356, "estimated_diameter_max": 812.8773639568}}, "is_potentially_hazardous_asteroid": true, "close_approach_data": [{"close_approach_date": "2009-11-09", "epoch_date_close_approach": 1257753600000, "relative_velocity": {"kilometers_per_second": "29.9215872011", "kilometers_per_hour": "107717.7139240086", "miles_per_hour": "66931.5984101708"}, "miss_distance": {"astronomical": "0.0630158469", "lunar": "24.5131645203", "kilometers": "9427037", "miles": "5857689"}, "orbiting_body": "Earth"}], "orbital_data": {"orbit_id": "10", "orbit_determination_date": "2017-04-06 08:59:12", "orbit_uncertainty": "9", "minimum_orbit_intersection": ".0186563", "jupiter_tisserand_invariant": "4.478", "epoch_osculation": "2455155.5", "eccentricity": ".7264047480367071", "semi_major_axis": "1.34392877813576", "inclination": "29.78671741535939", "ascending_node_longitude": "46.78117349703164", "orbital_period": "569.0662213828108", "perihelion_distance": ".3676925326747736", "perihelion_argument": "237.9174930297645", "aphelion_distance": "2.320165023596746", "perihelion_time": "2455098.686543152538", "mean_anomaly": "35.9410622113304", "mean_motion": ".6326153028819962", "equinox": "J2000"}}