{"links": {"self": "https://api.nasa.gov/neo/rest/v1/neo/3523946?api_key=stjNMXvPIBN6FqEBpH6hQbWAtFDv0RARRez0p7z1"}, "neo_reference_id": "3523946", "name": "(2010 KR10)", "nasa_jpl_url": "http://ssd.jpl.nasa.gov/sbdb.cgi?sstr=3523946", "absolute_magnitude_h": 19.5, "estimated_diameter": {"kilometers": {"estimated_diameter_min": 0.3346223745, "estimated_diameter_max": 0.7482383761}, "meters": {"estimated_diameter_min": 334.6223744549, "estimated_diameter_max": 748.2383760735}, "miles": {"estimated_diameter_min": 0.2079246394, "estimated_diameter_max": 0.464933628}, "feet": {"estimated_diameter_min": 1097.8424710066, "estimated_diameter_max": 2454.8503937571}}, "is_potentially_hazardous_asteroid": true, "close_approach_data": [{"close_approach_date": "1901-10-23", "epoch_date_close_approach": -2151936000000, "relative_velocity": {"kilometers_per_second": "20.086228181", "kilometers_per_hour": "72310.4214515172", "miles_per_hour": "44930.8838180275"}, "miss_distance": {"astronomical": "0.2665001517", "lunar": "103.6685562134", "kilometers": "39867856", "miles": "24772736"}, "orbiting_body": "Earth"}, {"close_approach_date": "1914-05-31", "epoch_date_close_approach": -1754236800000, "relative_velocity": {"kilometers_per_second": "24.8893519473", "kilometers_per_hour": "89601.6670103527", "miles_per_hour": "55674.9913709606"}, "miss_distance": {"astronomical": "0.4377547822", "lunar": "170.286605835", "kilometers": "65487184", "miles": "40691848"}, "orbiting_body": "Earth"}, {"close_approach_date": "1917-10-30", "epoch_date_close_approach": -1646409600000, "relative_velocity": {"kilometers_per_second": "23.614707178", "kilometers_per_hour": "85012.9458409411", "miles_per_hour": "52823.7384865559"}, "miss_distance": {"astronomical": "0.3902179593", "lunar": "151.7947845459", "kilometers": "58375776", "miles": "36273024"}, "orbiting_body": "Earth"}, {"close_approach_date": "1930-06-05", "epoch_date_close_approach": -1248883200000, "relative_velocity": {"kilometers_per_second": "21.9980765252", "kilometers_per_hour": "79193.0754908564", "miles_per_hour": "49207.4973793047"}, "miss_distance": {"astronomical": "0.3366361806", "lunar": "130.9514770508", "kilometers": "50360056", "miles": "31292288"}, "orbiting_body": "Earth"}, {"close_approach_date": "1932-01-06", "epoch_date_close_approach": -1198771200000, "relative_velocity": {"kilometers_per_second": "2.358843777", "kilometers_per_hour": "8491.8375973322", "miles_per_hour": "5276.4976448534"}, "miss_distance": {"astronomical": "1.9400292033", "lunar": "754.6713256836", "kilometers": "290224224", "miles": "180336976"}, "orbiting_body": "Juptr"}, {"close_approach_date": "1946-06-11", "epoch_date_close_approach": -743443200000, "relative_velocity": {"kilometers_per_second": "19.3705529908", "kilometers_per_hour": "69733.9907667652", "miles_per_hour": "43329.9899850492"}, "miss_distance": {"astronomical": "0.2488048726", "lunar": "96.7850952148", "kilometers": "37220680", "miles": "23127858"}, "orbiting_body": "Earth"}, {"close_approach_date": "1962-06-17", "epoch_date_close_approach": -238006800000, "relative_velocity": {"kilometers_per_second": "16.8545209088", "kilometers_per_hour": "60676.2752715583", "miles_per_hour": "37701.8778208191"}, "miss_distance": {"astronomical": "0.1611926239", "lunar": "62.7039299011", "kilometers": "24114074", "miles": "14983791"}, "orbiting_body": "Earth"}, {"close_approach_date": "1978-06-13", "epoch_date_close_approach": 266569200000, "relative_velocity": {"kilometers_per_second": "18.3771589475", "kilometers_per_hour": "66157.7722110043", "miles_per_hour": "41107.8668496654"}, "miss_distance": {"astronomical": "0.2081743229", "lunar": "80.9798126221", "kilometers": "31142434", "miles": "19351012"}, "orbiting_body": "Earth"}, {"close_approach_date": "1994-06-12", "epoch_date_close_approach": 771404400000, "relative_velocity": {"kilometers_per_second": "19.0544911024", "kilometers_per_hour": "68596.1679686598", "miles_per_hour": "42622.9911469709"}, "miss_distance": {"astronomical": "0.2386565757", "lunar": "92.8374099731", "kilometers": "35702516", "miles": "22184516"}, "orbiting_body": "Earth"}, {"close_approach_date": "2010-06-07", "epoch_date_close_approach": 1275894000000, "relative_velocity": {"kilometers_per_second": "21.6161371368", "kilometers_per_hour": "77818.0936925088", "miles_per_hour": "48353.1371613258"}, "miss_distance": {"astronomical": "0.319134306", "lunar": "124.1432418823", "kilometers": "47741812", "miles": "29665386"}, "orbiting_body": "Earth"}, {"close_approach_date": "2013-11-02", "epoch_date_close_approach": 1383375600000, "relative_velocity": {"kilometers_per_second": "24.6973685867", "kilometers_per_hour": "88910.5269121535", "miles_per_hour": "55245.54379161"}, "miss_distance": {"astronomical": "0.421452203", "lunar": "163.9449005127", "kilometers": "63048352", "miles": "39176428"}, "orbiting_body": "Earth"}, {"close_approach_date": "2015-04-04", "epoch_date_close_approach": 1428130800000, "relative_velocity": {"kilometers_per_second": "2.3220898954", "kilometers_per_hour": "8359.5236235063", "miles_per_hour": "5194.2828870615"}, "miss_distance": {"astronomical": "1.9213134914", "lunar": "747.3909912109", "kilometers": "287424416", "miles": "178597248"}, "orbiting_body": "Juptr"}, {"close_approach_date": "2026-05-30", "epoch_date_close_approach": 1780124400000, "relative_velocity": {"kilometers_per_second": "25.8014828935", "kilometers_per_hour": "92885.3384164869", "miles_per_hour": "57715.3370843999"}, "miss_distance": {"astronomical": "0.4624608319", "lunar": "179.8972625732", "kilometers": "69183160", "miles": "42988420"}, "orbiting_body": "Earth"}, {"close_approach_date": "2029-10-27", "epoch_date_close_approach": 1887778800000, "relative_velocity": {"kilometers_per_second": "21.2626601717", "kilometers_per_hour": "76545.5766179879", "miles_per_hour": "47562.4445379936"}, "miss_distance": {"astronomical": "0.3103363043", "lunar": "120.7208175659", "kilometers": "46425648", "miles": "28847560"}, "orbiting_body": "Earth"}, {"close_approach_date": "2045-10-22", "epoch_date_close_approach": 2392268400000, "relative_velocity": {"kilometers_per_second": "18.4958862577", "kilometers_per_hour": "66585.1905277175", "miles_per_hour": "41373.4479698476"}, "miss_distance": {"astronomical": "0.2145002768", "lunar": "83.4406051636", "kilometers": "32088786", "miles": "19939046"}, "orbiting_body": "Earth"}, {"close_approach_date": "2061-10-13", "epoch_date_close_approach": 2896412400000, "relative_velocity": {"kilometers_per_second": "14.3455967498", "kilometers_per_hour": "51644.1482993293", "miles_per_hour": "32089.6653696583"}, "miss_distance": {"astronomical": "0.0751724049", "lunar": "29.2420635223", "kilometers": "11245631", "miles": "6987711.5"}, "orbiting_body": "Earth"}, {"close_approach_date": "2077-10-19", "epoch_date_close_approach": 3401852400000, "relative_velocity": {"kilometers_per_second": "16.8234294488", "kilometers_per_hour": "60564.3460156793", "miles_per_hour": "37632.3293340203"}, "miss_distance": {"astronomical": "0.1622967056", "lunar": "63.1334228516", "kilometers": "24279242", "miles": "15086422"}, "orbiting_body": "Earth"}, {"close_approach_date": "2081-03-01", "epoch_date_close_approach": 3508041600000, "relative_velocity": {"kilometers_per_second": "11.8059874504", "kilometers_per_hour": "42501.554821615", "miles_per_hour": "26408.8133279085"}, "miss_distance": {"astronomical": "0.0400236714", "lunar": "15.5692071915", "kilometers": "5987456", "miles": "3720432.5"}, "orbiting_body": "Mars"}, {"close_approach_date": "2093-06-07", "epoch_date_close_approach": 3895196400000, "relative_velocity": {"kilometers_per_second": "13.0450465131", "kilometers_per_hour": "46962.167447025", "miles_per_hour": "29180.4645450695"}, "miss_distance": {"astronomical": "0.0481944076", "lunar": "18.747625351", "kilometers": "7209781", "miles": "4479950"}, "orbiting_body": "Mars"}, {"close_approach_date": "2093-10-25", "epoch_date_close_approach": 3907292400000, "relative_velocity": {"kilometers_per_second": "19.4772274295", "kilometers_per_hour": "70118.0187462446", "miles_per_hour": "43568.6100370763"}, "miss_distance": {"astronomical": "0.2427072497", "lunar": "94.4131240845", "kilometers": "36308488", "miles": "22561048"}, "orbiting_body": "Earth"}, {"close_approach_date": "2098-06-22", "epoch_date_close_approach": 4054258800000, "relative_velocity": {"kilometers_per_second": "2.3442991353", "kilometers_per_hour": "8439.4768872426", "miles_per_hour": "5243.9627358536"}, "miss_distance": {"astronomical": "1.9164502165", "lunar": "745.4991455078", "kilometers": "286696896", "miles": "178145184"}, "orbiting_body": "Juptr"}, {"close_approach_date": "2106-06-02", "epoch_date_close_approach": 4304905200000, "relative_velocity": {"kilometers_per_second": "25.4712627452", "kilometers_per_hour": "91696.5458826124", "miles_per_hour": "56976.667634671"}, "miss_distance": {"astronomical": "0.4516249275", "lunar": "175.6820983887", "kilometers": "67562128", "miles": "41981160"}, "orbiting_body": "Earth"}, {"close_approach_date": "2109-10-31", "epoch_date_close_approach": 4412646000000, "relative_velocity": {"kilometers_per_second": "21.7148315484", "kilometers_per_hour": "78173.3935742897", "miles_per_hour": "48573.9066906468"}, "miss_distance": {"astronomical": "0.3180224602", "lunar": "123.7107391357", "kilometers": "47575484", "miles": "29562034"}, "orbiting_body": "Earth"}, {"close_approach_date": "2122-06-08", "epoch_date_close_approach": 4810345200000, "relative_velocity": {"kilometers_per_second": "22.3742642638", "kilometers_per_hour": "80547.3513496523", "miles_per_hour": "50048.991731677"}, "miss_distance": {"astronomical": "0.3456499379", "lunar": "134.457824707", "kilometers": "51708492", "miles": "32130168"}, "orbiting_body": "Earth"}, {"close_approach_date": "2125-11-06", "epoch_date_close_approach": 4918089600000, "relative_velocity": {"kilometers_per_second": "25.2202269633", "kilometers_per_hour": "90792.8170680366", "miles_per_hour": "56415.1256943031"}, "miss_distance": {"astronomical": "0.4389116594", "lunar": "170.7366333008", "kilometers": "65660248", "miles": "40799388"}, "orbiting_body": "Earth"}, {"close_approach_date": "2138-06-12", "epoch_date_close_approach": 5315612400000, "relative_velocity": {"kilometers_per_second": "20.5045527121", "kilometers_per_hour": "73816.3897636313", "miles_per_hour": "45866.6339617408"}, "miss_distance": {"astronomical": "0.2786562965", "lunar": "108.3973007202", "kilometers": "41686392", "miles": "25902722"}, "orbiting_body": "Earth"}, {"close_approach_date": "2141-11-09", "epoch_date_close_approach": 5423270400000, "relative_velocity": {"kilometers_per_second": "26.8901560612", "kilometers_per_hour": "96804.5618201994", "miles_per_hour": "60150.5900932233"}, "miss_distance": {"astronomical": "0.4895474447", "lunar": "190.4339447021", "kilometers": "73235256", "miles": "45506276"}, "orbiting_body": "Earth"}, {"close_approach_date": "2154-06-16", "epoch_date_close_approach": 5820879600000, "relative_velocity": {"kilometers_per_second": "18.7533967373", "kilometers_per_hour": "67512.2282543689", "miles_per_hour": "41949.4731617216"}, "miss_distance": {"astronomical": "0.2253962739", "lunar": "87.6791534424", "kilometers": "33718804", "miles": "20951892"}, "orbiting_body": "Earth"}, {"close_approach_date": "2170-06-22", "epoch_date_close_approach": 6326319600000, "relative_velocity": {"kilometers_per_second": "16.3381443108", "kilometers_per_hour": "58817.319518947", "miles_per_hour": "36546.7950088701"}, "miss_distance": {"astronomical": "0.137470076", "lunar": "53.4758605957", "kilometers": "20565232", "miles": "12778642"}, "orbiting_body": "Earth"}, {"close_approach_date": "2181-10-16", "epoch_date_close_approach": 6683497200000, "relative_velocity": {"kilometers_per_second": "2.3398766055", "kilometers_per_hour": "8423.5557796997", "miles_per_hour": "5234.0699787806"}, "miss_distance": {"astronomical": "1.9848934307", "lunar": "772.1235351562", "kilometers": "296935840", "miles": "184507376"}, "orbiting_body": "Juptr"}, {"close_approach_date": "2186-06-20", "epoch_date_close_approach": 6831068400000, "relative_velocity": {"kilometers_per_second": "17.394748535", "kilometers_per_hour": "62621.0947260238", "miles_per_hour": "38910.3129979563"}, "miss_distance": {"astronomical": "0.1761343703", "lunar": "68.5162734985", "kilometers": "26349328", "miles": "16372713"}, "orbiting_body": "Earth"}], "orbital_data": {"orbit_id": "36", "orbit_determination_date": "2017-04-06 08:57:26", "orbit_uncertainty": "0", "minimum_orbit_intersection": ".00200301", "jupiter_tisserand_invariant": "3.445", "epoch_osculation": "2458000.5", "eccentricity": ".5860793522231632", "semi_major_axis": "2.168698890190233", "inclination": "1.046550384023128", "ascending_node_longitude": "94.45333905328799", "orbital_period": "1166.533761923941", "perihelion_distance": ".8976692494604481", "perihelion_argument": "233.0347898655742", "aphelion_distance": "3.439728530920017", "perihelion_time": "2457732.284020048453", "mean_anomaly": "82.77321748777015", "mean_motion": ".3086065845246168", "equinox": "J2000"}}