{"links": {"self": "https://api.nasa.gov/neo/rest/v1/neo/3529053?api_key=stjNMXvPIBN6FqEBpH6hQbWAtFDv0RARRez0p7z1"}, "neo_reference_id": "3529053", "name": "(2010 LK34)", "nasa_jpl_url": "http://ssd.jpl.nasa.gov/sbdb.cgi?sstr=3529053", "absolute_magnitude_h": 21.9, "estimated_diameter": {"kilometers": {"estimated_diameter_min": 0.1108038821, "estimated_diameter_max": 0.2477650126}, "meters": {"estimated_diameter_min": 110.8038821264, "estimated_diameter_max": 247.7650126055}, "miles": {"estimated_diameter_min": 0.068850319, "estimated_diameter_max": 0.1539539936}, "feet": {"estimated_diameter_min": 363.5298086356, "estimated_diameter_max": 812.8773639568}}, "is_potentially_hazardous_asteroid": true, "close_approach_data": [{"close_approach_date": "2010-06-17", "epoch_date_close_approach": 1276758000000, "relative_velocity": {"kilometers_per_second": "25.3390160606", "kilometers_per_hour": "91220.45781798", "miles_per_hour": "56680.8450258443"}, "miss_distance": {"astronomical": "0.1044267165", "lunar": "40.6219940186", "kilometers": "15622015", "miles": "9707070"}, "orbiting_body": "Earth"}], "orbital_data": {"orbit_id": "14", "orbit_determination_date": "2017-04-06 08:57:22", "orbit_uncertainty": "9", "minimum_orbit_intersection": ".00757025", "jupiter_tisserand_invariant": "3.543", "epoch_osculation": "2455359.5", "eccentricity": ".806647946001452", "semi_major_axis": "1.828912569624269", "inclination": "5.334832696703783", "ascending_node_longitude": "130.5488611729647", "orbital_period": "903.4161373929203", "perihelion_distance": ".3536240019206148", "perihelion_argument": "248.7838916340625", "aphelion_distance": "3.304201137327922", "perihelion_time": "2455410.531707685771", "mean_anomaly": "339.6645045328792", "mean_motion": ".3984874578827964", "equinox": "J2000"}}