{"links": {"self": "https://api.nasa.gov/neo/rest/v1/neo/3549392?api_key=stjNMXvPIBN6FqEBpH6hQbWAtFDv0RARRez0p7z1"}, "neo_reference_id": "3549392", "name": "(2010 TV149)", "nasa_jpl_url": "http://ssd.jpl.nasa.gov/sbdb.cgi?sstr=3549392", "absolute_magnitude_h": 18.6, "estimated_diameter": {"kilometers": {"estimated_diameter_min": 0.5064714588, "estimated_diameter_max": 1.1325046106}, "meters": {"estimated_diameter_min": 506.4714588346, "estimated_diameter_max": 1132.5046106177}, "miles": {"estimated_diameter_min": 0.3147066768, "estimated_diameter_max": 0.7037055224}, "feet": {"estimated_diameter_min": 1661.651821003, "estimated_diameter_max": 3715.566426699}}, "is_potentially_hazardous_asteroid": true, "close_approach_data": [{"close_approach_date": "1906-11-07", "epoch_date_close_approach": -1992873600000, "relative_velocity": {"kilometers_per_second": "20.335055106", "kilometers_per_hour": "73206.1983817534", "miles_per_hour": "45487.4847667067"}, "miss_distance": {"astronomical": "0.2589528041", "lunar": "100.732635498", "kilometers": "38738788", "miles": "24071166"}, "orbiting_body": "Earth"}, {"close_approach_date": "1917-12-28", "epoch_date_close_approach": -1641312000000, "relative_velocity": {"kilometers_per_second": "11.1125796362", "kilometers_per_hour": "40005.2866903384", "miles_per_hour": "24857.7293882272"}, "miss_distance": {"astronomical": "0.1572951105", "lunar": "61.1877975464", "kilometers": "23531014", "miles": "14621494"}, "orbiting_body": "Earth"}, {"close_approach_date": "1929-03-28", "epoch_date_close_approach": -1286380800000, "relative_velocity": {"kilometers_per_second": "13.9189597168", "kilometers_per_hour": "50108.2549803324", "miles_per_hour": "31135.3209904182"}, "miss_distance": {"astronomical": "0.1748993593", "lunar": "68.0358505249", "kilometers": "26164572", "miles": "16257911"}, "orbiting_body": "Earth"}, {"close_approach_date": "1937-11-09", "epoch_date_close_approach": -1014393600000, "relative_velocity": {"kilometers_per_second": "19.4872684917", "kilometers_per_hour": "70154.1665701139", "miles_per_hour": "43591.0708890799"}, "miss_distance": {"astronomical": "0.2298743459", "lunar": "89.4211196899", "kilometers": "34388712", "miles": "21368156"}, "orbiting_body": "Earth"}, {"close_approach_date": "1948-12-29", "epoch_date_close_approach": -662922000000, "relative_velocity": {"kilometers_per_second": "11.1185560337", "kilometers_per_hour": "40026.801721203", "miles_per_hour": "24871.0979917108"}, "miss_distance": {"astronomical": "0.1613713035", "lunar": "62.7734375", "kilometers": "24140804", "miles": "15000400"}, "orbiting_body": "Earth"}, {"close_approach_date": "1960-03-28", "epoch_date_close_approach": -308073600000, "relative_velocity": {"kilometers_per_second": "13.6743360125", "kilometers_per_hour": "49227.6096449622", "miles_per_hour": "30588.1222263378"}, "miss_distance": {"astronomical": "0.172032038", "lunar": "66.920463562", "kilometers": "25735628", "miles": "15991378"}, "orbiting_body": "Earth"}, {"close_approach_date": "1968-11-08", "epoch_date_close_approach": -36172800000, "relative_velocity": {"kilometers_per_second": "19.9412581548", "kilometers_per_hour": "71788.5293572415", "miles_per_hour": "44606.6003664482"}, "miss_distance": {"astronomical": "0.2452090882", "lunar": "95.3863296509", "kilometers": "36682756", "miles": "22793608"}, "orbiting_body": "Earth"}, {"close_approach_date": "1979-12-26", "epoch_date_close_approach": 315043200000, "relative_velocity": {"kilometers_per_second": "11.0305623417", "kilometers_per_hour": "39710.0244302104", "miles_per_hour": "24674.2649022049"}, "miss_distance": {"astronomical": "0.1505583188", "lunar": "58.5671882629", "kilometers": "22523204", "miles": "13995271"}, "orbiting_body": "Earth"}, {"close_approach_date": "1991-03-27", "epoch_date_close_approach": 670060800000, "relative_velocity": {"kilometers_per_second": "12.9015254877", "kilometers_per_hour": "46445.4917557585", "miles_per_hour": "28859.4223634601"}, "miss_distance": {"astronomical": "0.1663113649", "lunar": "64.6951217651", "kilometers": "24879826", "miles": "15459608"}, "orbiting_body": "Earth"}, {"close_approach_date": "1999-11-07", "epoch_date_close_approach": 941961600000, "relative_velocity": {"kilometers_per_second": "20.7633390806", "kilometers_per_hour": "74748.0206902043", "miles_per_hour": "46445.5131894217"}, "miss_distance": {"astronomical": "0.2730413534", "lunar": "106.2130889893", "kilometers": "40846408", "miles": "25380780"}, "orbiting_body": "Earth"}, {"close_approach_date": "2002-04-22", "epoch_date_close_approach": 1019458800000, "relative_velocity": {"kilometers_per_second": "26.0110182594", "kilometers_per_hour": "93639.6657336942", "miles_per_hour": "58184.0467443613"}, "miss_distance": {"astronomical": "0.4847494514", "lunar": "188.5675354004", "kilometers": "72517488", "miles": "45060280"}, "orbiting_body": "Earth"}, {"close_approach_date": "2010-12-21", "epoch_date_close_approach": 1292918400000, "relative_velocity": {"kilometers_per_second": "10.9795233386", "kilometers_per_hour": "39526.2840189139", "miles_per_hour": "24560.0957560857"}, "miss_distance": {"astronomical": "0.1371666713", "lunar": "53.3578338623", "kilometers": "20519842", "miles": "12750438"}, "orbiting_body": "Earth"}, {"close_approach_date": "2022-03-26", "epoch_date_close_approach": 1648278000000, "relative_velocity": {"kilometers_per_second": "12.6340148198", "kilometers_per_hour": "45482.4533512213", "miles_per_hour": "28261.0277503742"}, "miss_distance": {"astronomical": "0.1647358166", "lunar": "64.0822372437", "kilometers": "24644128", "miles": "15313152"}, "orbiting_body": "Earth"}, {"close_approach_date": "2030-11-07", "epoch_date_close_approach": 1920268800000, "relative_velocity": {"kilometers_per_second": "20.7987185463", "kilometers_per_hour": "74875.3867665083", "miles_per_hour": "46524.6535161118"}, "miss_distance": {"astronomical": "0.2743563385", "lunar": "106.7246170044", "kilometers": "41043124", "miles": "25503014"}, "orbiting_body": "Earth"}, {"close_approach_date": "2033-04-23", "epoch_date_close_approach": 1997852400000, "relative_velocity": {"kilometers_per_second": "26.1453945828", "kilometers_per_hour": "94123.4204979716", "miles_per_hour": "58484.633142198"}, "miss_distance": {"astronomical": "0.4886368001", "lunar": "190.0797119141", "kilometers": "73099024", "miles": "45421628"}, "orbiting_body": "Earth"}, {"close_approach_date": "2041-12-24", "epoch_date_close_approach": 2271484800000, "relative_velocity": {"kilometers_per_second": "10.9602481583", "kilometers_per_hour": "39456.8933697497", "miles_per_hour": "24516.9791052203"}, "miss_distance": {"astronomical": "0.1459776512", "lunar": "56.7853050232", "kilometers": "21837946", "miles": "13569470"}, "orbiting_body": "Earth"}, {"close_approach_date": "2053-03-28", "epoch_date_close_approach": 2626758000000, "relative_velocity": {"kilometers_per_second": "13.3547599411", "kilometers_per_hour": "48077.1357877969", "miles_per_hour": "29873.2625121453"}, "miss_distance": {"astronomical": "0.1669433377", "lunar": "64.9409561157", "kilometers": "24974368", "miles": "15518353"}, "orbiting_body": "Earth"}, {"close_approach_date": "2061-11-10", "epoch_date_close_approach": 2898835200000, "relative_velocity": {"kilometers_per_second": "19.5164170905", "kilometers_per_hour": "70259.1015257359", "miles_per_hour": "43656.2733896996"}, "miss_distance": {"astronomical": "0.2293284476", "lunar": "89.208770752", "kilometers": "34307048", "miles": "21317412"}, "orbiting_body": "Earth"}, {"close_approach_date": "2073-01-05", "epoch_date_close_approach": 3250828800000, "relative_velocity": {"kilometers_per_second": "11.1306143915", "kilometers_per_hour": "40070.2118095001", "miles_per_hour": "24898.0713324085"}, "miss_distance": {"astronomical": "0.1743288964", "lunar": "67.8139419556", "kilometers": "26079232", "miles": "16204883"}, "orbiting_body": "Earth"}, {"close_approach_date": "2084-04-02", "epoch_date_close_approach": 3605497200000, "relative_velocity": {"kilometers_per_second": "15.1118177384", "kilometers_per_hour": "54402.543858415", "miles_per_hour": "33803.6250991357"}, "miss_distance": {"astronomical": "0.1857700847", "lunar": "72.2645645142", "kilometers": "27790808", "miles": "17268408"}, "orbiting_body": "Earth"}, {"close_approach_date": "2092-11-14", "epoch_date_close_approach": 3877488000000, "relative_velocity": {"kilometers_per_second": "17.5291025965", "kilometers_per_hour": "63104.7693474612", "miles_per_hour": "39210.8495981489"}, "miss_distance": {"astronomical": "0.1616038896", "lunar": "62.863910675", "kilometers": "24175596", "miles": "15022020"}, "orbiting_body": "Earth"}, {"close_approach_date": "2104-01-19", "epoch_date_close_approach": 4230172800000, "relative_velocity": {"kilometers_per_second": "11.2825422357", "kilometers_per_hour": "40617.1520486579", "miles_per_hour": "25237.918727123"}, "miss_distance": {"astronomical": "0.1958399824", "lunar": "76.1817550659", "kilometers": "29297246", "miles": "18204464"}, "orbiting_body": "Earth"}, {"close_approach_date": "2115-04-07", "epoch_date_close_approach": 4584063600000, "relative_velocity": {"kilometers_per_second": "16.4059931817", "kilometers_per_hour": "59061.5754542219", "miles_per_hour": "36698.566148208"}, "miss_distance": {"astronomical": "0.2079812576", "lunar": "80.9047088623", "kilometers": "31113554", "miles": "19333066"}, "orbiting_body": "Earth"}, {"close_approach_date": "2123-11-18", "epoch_date_close_approach": 4855968000000, "relative_velocity": {"kilometers_per_second": "16.7131615176", "kilometers_per_hour": "60167.3814631822", "miles_per_hour": "37385.6709986089"}, "miss_distance": {"astronomical": "0.1344963611", "lunar": "52.3190841675", "kilometers": "20120370", "miles": "12502218"}, "orbiting_body": "Earth"}, {"close_approach_date": "2135-01-22", "epoch_date_close_approach": 5208739200000, "relative_velocity": {"kilometers_per_second": "11.232657827", "kilometers_per_hour": "40437.5681771561", "miles_per_hour": "25126.332293189"}, "miss_distance": {"astronomical": "0.1984137245", "lunar": "77.1829376221", "kilometers": "29682272", "miles": "18443708"}, "orbiting_body": "Earth"}, {"close_approach_date": "2146-04-07", "epoch_date_close_approach": 5562370800000, "relative_velocity": {"kilometers_per_second": "16.2380080668", "kilometers_per_hour": "58456.8290406283", "miles_per_hour": "36322.8002447171"}, "miss_distance": {"astronomical": "0.2041218148", "lunar": "79.4033889771", "kilometers": "30536188", "miles": "18974308"}, "orbiting_body": "Earth"}, {"close_approach_date": "2154-11-16", "epoch_date_close_approach": 5834102400000, "relative_velocity": {"kilometers_per_second": "17.4719567768", "kilometers_per_hour": "62899.0443964634", "miles_per_hour": "39083.0201140136"}, "miss_distance": {"astronomical": "0.159473081", "lunar": "62.0350265503", "kilometers": "23856832", "miles": "14823949"}, "orbiting_body": "Earth"}, {"close_approach_date": "2166-01-15", "epoch_date_close_approach": 6186441600000, "relative_velocity": {"kilometers_per_second": "11.1953462071", "kilometers_per_hour": "40303.2463455193", "miles_per_hour": "25042.8699306367"}, "miss_distance": {"astronomical": "0.1891944039", "lunar": "73.5966262817", "kilometers": "28303082", "miles": "17586720"}, "orbiting_body": "Earth"}, {"close_approach_date": "2177-04-04", "epoch_date_close_approach": 6540418800000, "relative_velocity": {"kilometers_per_second": "15.0829410337", "kilometers_per_hour": "54298.5877212872", "miles_per_hour": "33739.0307982632"}, "miss_distance": {"astronomical": "0.1822482549", "lunar": "70.894569397", "kilometers": "27263950", "miles": "16941034"}, "orbiting_body": "Earth"}, {"close_approach_date": "2185-11-14", "epoch_date_close_approach": 6812236800000, "relative_velocity": {"kilometers_per_second": "18.6874485778", "kilometers_per_hour": "67274.8148800847", "miles_per_hour": "41801.9537236837"}, "miss_distance": {"astronomical": "0.199270841", "lunar": "77.5163574219", "kilometers": "29810494", "miles": "18523382"}, "orbiting_body": "Earth"}, {"close_approach_date": "2197-01-09", "epoch_date_close_approach": 7164230400000, "relative_velocity": {"kilometers_per_second": "11.0968952114", "kilometers_per_hour": "39948.8227609806", "miles_per_hour": "24822.6448983438"}, "miss_distance": {"astronomical": "0.1804456347", "lunar": "70.1933517456", "kilometers": "26994284", "miles": "16773470"}, "orbiting_body": "Earth"}], "orbital_data": {"orbit_id": "42", "orbit_determination_date": "2017-04-06 08:56:16", "orbit_uncertainty": "0", "minimum_orbit_intersection": ".0445167", "jupiter_tisserand_invariant": "4.026", "epoch_osculation": "2458000.5", "eccentricity": ".5186944854624693", "semi_major_axis": "1.698892015174571", "inclination": "9.804909089772577", "ascending_node_longitude": "78.69983183613212", "orbital_period": "808.8110754032436", "perihelion_distance": ".8176860955072994", "perihelion_argument": "42.72482971526563", "aphelion_distance": "2.580097934841843", "perihelion_time": "2458002.410269725931", "mean_anomaly": "359.1497432190921", "mean_motion": ".4450977625652779", "equinox": "J2000"}}