{"links": {"self": "https://api.nasa.gov/neo/rest/v1/neo/3550464?api_key=stjNMXvPIBN6FqEBpH6hQbWAtFDv0RARRez0p7z1"}, "neo_reference_id": "3550464", "name": "(2010 VT11)", "nasa_jpl_url": "http://ssd.jpl.nasa.gov/sbdb.cgi?sstr=3550464", "absolute_magnitude_h": 21.5, "estimated_diameter": {"kilometers": {"estimated_diameter_min": 0.1332155667, "estimated_diameter_max": 0.2978790628}, "meters": {"estimated_diameter_min": 133.2155666981, "estimated_diameter_max": 297.8790627982}, "miles": {"estimated_diameter_min": 0.0827762899, "estimated_diameter_max": 0.1850934111}, "feet": {"estimated_diameter_min": 437.0589598459, "estimated_diameter_max": 977.2935443908}}, "is_potentially_hazardous_asteroid": true, "close_approach_data": [{"close_approach_date": "1901-08-01", "epoch_date_close_approach": -2159107200000, "relative_velocity": {"kilometers_per_second": "16.3729832247", "kilometers_per_hour": "58942.7396088476", "miles_per_hour": "36624.7261752865"}, "miss_distance": {"astronomical": "0.3324019016", "lunar": "129.3043365479", "kilometers": "49726616", "miles": "30898688"}, "orbiting_body": "Earth"}, {"close_approach_date": "1908-06-27", "epoch_date_close_approach": -1941206400000, "relative_velocity": {"kilometers_per_second": "13.9198569539", "kilometers_per_hour": "50111.4850338996", "miles_per_hour": "31137.3280200917"}, "miss_distance": {"astronomical": "0.2800194582", "lunar": "108.9275741577", "kilometers": "41890316", "miles": "26029436"}, "orbiting_body": "Earth"}, {"close_approach_date": "1908-07-05", "epoch_date_close_approach": -1940515200000, "relative_velocity": {"kilometers_per_second": "12.2752923462", "kilometers_per_hour": "44191.0524461602", "miles_per_hour": "27458.6014491155"}, "miss_distance": {"astronomical": "0.0409230938", "lunar": "15.9190826416", "kilometers": "6122007.5", "miles": "3804039.25"}, "orbiting_body": "Venus"}, {"close_approach_date": "1915-05-22", "epoch_date_close_approach": -1723478400000, "relative_velocity": {"kilometers_per_second": "14.561735201", "kilometers_per_hour": "52422.2467236223", "miles_per_hour": "32573.1454711308"}, "miss_distance": {"astronomical": "0.1078988207", "lunar": "41.9726409912", "kilometers": "16141434", "miles": "10029822"}, "orbiting_body": "Earth"}, {"close_approach_date": "1922-05-07", "epoch_date_close_approach": -1503849600000, "relative_velocity": {"kilometers_per_second": "20.5265488433", "kilometers_per_hour": "73895.5758358361", "miles_per_hour": "45915.8371075505"}, "miss_distance": {"astronomical": "0.0991361174", "lunar": "38.563949585", "kilometers": "14830552", "miles": "9215278"}, "orbiting_body": "Earth"}, {"close_approach_date": "1929-04-25", "epoch_date_close_approach": -1283961600000, "relative_velocity": {"kilometers_per_second": "27.2646735387", "kilometers_per_hour": "98152.8247394255", "miles_per_hour": "60988.3482387836"}, "miss_distance": {"astronomical": "0.3256564293", "lunar": "126.6803588867", "kilometers": "48717512", "miles": "30271658"}, "orbiting_body": "Earth"}, {"close_approach_date": "1929-05-21", "epoch_date_close_approach": -1281715200000, "relative_velocity": {"kilometers_per_second": "19.6338123454", "kilometers_per_hour": "70681.7244433255", "miles_per_hour": "43918.8748353541"}, "miss_distance": {"astronomical": "0.1327851354", "lunar": "51.6534194946", "kilometers": "19864374", "miles": "12343150"}, "orbiting_body": "Venus"}, {"close_approach_date": "1931-11-20", "epoch_date_close_approach": -1202832000000, "relative_velocity": {"kilometers_per_second": "31.4362030132", "kilometers_per_hour": "113170.3308476316", "miles_per_hour": "70319.6425202964"}, "miss_distance": {"astronomical": "0.4554138086", "lunar": "177.1559753418", "kilometers": "68128936", "miles": "42333360"}, "orbiting_body": "Earth"}, {"close_approach_date": "1938-10-09", "epoch_date_close_approach": -985536000000, "relative_velocity": {"kilometers_per_second": "13.3851677135", "kilometers_per_hour": "48186.6037687559", "miles_per_hour": "29941.281658425"}, "miss_distance": {"astronomical": "0.0762536498", "lunar": "29.6626701355", "kilometers": "11407384", "miles": "7088220"}, "orbiting_body": "Venus"}, {"close_approach_date": "1938-11-08", "epoch_date_close_approach": -982944000000, "relative_velocity": {"kilometers_per_second": "23.9258278429", "kilometers_per_hour": "86132.980234579", "miles_per_hour": "53519.6843018694"}, "miss_distance": {"astronomical": "0.210511175", "lunar": "81.8888473511", "kilometers": "31492024", "miles": "19568236"}, "orbiting_body": "Earth"}, {"close_approach_date": "1945-10-27", "epoch_date_close_approach": -763056000000, "relative_velocity": {"kilometers_per_second": "17.2367966619", "kilometers_per_hour": "62052.467982993", "miles_per_hour": "38556.9904530992"}, "miss_distance": {"astronomical": "0.0291720467", "lunar": "11.3479261398", "kilometers": "4364076", "miles": "2711711"}, "orbiting_body": "Earth"}, {"close_approach_date": "1952-09-25", "epoch_date_close_approach": -544899600000, "relative_velocity": {"kilometers_per_second": "12.7366101599", "kilometers_per_hour": "45851.7965757289", "miles_per_hour": "28490.5232667356"}, "miss_distance": {"astronomical": "0.2391943294", "lunar": "93.0465927124", "kilometers": "35782964", "miles": "22234502"}, "orbiting_body": "Earth"}, {"close_approach_date": "1959-07-27", "epoch_date_close_approach": -329245200000, "relative_velocity": {"kilometers_per_second": "12.5780506669", "kilometers_per_hour": "45280.9824009782", "miles_per_hour": "28135.8415368745"}, "miss_distance": {"astronomical": "0.0365093933", "lunar": "14.2021541595", "kilometers": "5461727.5", "miles": "3393760.25"}, "orbiting_body": "Venus"}, {"close_approach_date": "1959-08-18", "epoch_date_close_approach": -327344400000, "relative_velocity": {"kilometers_per_second": "16.0830046771", "kilometers_per_hour": "57898.816837565", "miles_per_hour": "35976.0731622081"}, "miss_distance": {"astronomical": "0.3262254704", "lunar": "126.9017028809", "kilometers": "48802636", "miles": "30324552"}, "orbiting_body": "Earth"}, {"close_approach_date": "1966-07-18", "epoch_date_close_approach": -109098000000, "relative_velocity": {"kilometers_per_second": "15.690698361", "kilometers_per_hour": "56486.5140995226", "miles_per_hour": "35098.5231636728"}, "miss_distance": {"astronomical": "0.3200394411", "lunar": "124.4953460693", "kilometers": "47877220", "miles": "29749526"}, "orbiting_body": "Earth"}, {"close_approach_date": "1973-06-13", "epoch_date_close_approach": 108802800000, "relative_velocity": {"kilometers_per_second": "12.7061259646", "kilometers_per_hour": "45742.0534724041", "miles_per_hour": "28422.3331701169"}, "miss_distance": {"astronomical": "0.2343015504", "lunar": "91.1433029175", "kilometers": "35051012", "miles": "21779690"}, "orbiting_body": "Earth"}, {"close_approach_date": "1980-05-17", "epoch_date_close_approach": 327394800000, "relative_velocity": {"kilometers_per_second": "15.9824203029", "kilometers_per_hour": "57536.7130902974", "miles_per_hour": "35751.0759754684"}, "miss_distance": {"astronomical": "0.0574420655", "lunar": "22.3449630737", "kilometers": "8593211", "miles": "5339573.5"}, "orbiting_body": "Earth"}, {"close_approach_date": "1980-06-13", "epoch_date_close_approach": 329727600000, "relative_velocity": {"kilometers_per_second": "19.0232659955", "kilometers_per_hour": "68483.757583822", "miles_per_hour": "42553.1437053476"}, "miss_distance": {"astronomical": "0.1220701234", "lunar": "47.4852790833", "kilometers": "18261432", "miles": "11347127"}, "orbiting_body": "Venus"}, {"close_approach_date": "1987-05-06", "epoch_date_close_approach": 547282800000, "relative_velocity": {"kilometers_per_second": "21.7465536975", "kilometers_per_hour": "78287.5933108664", "miles_per_hour": "48644.8659658548"}, "miss_distance": {"astronomical": "0.1413017938", "lunar": "54.9664001465", "kilometers": "21138448", "miles": "13134823"}, "orbiting_body": "Earth"}, {"close_approach_date": "1989-11-08", "epoch_date_close_approach": 626515200000, "relative_velocity": {"kilometers_per_second": "17.5060744565", "kilometers_per_hour": "63021.8680435249", "miles_per_hour": "39159.3379518225"}, "miss_distance": {"astronomical": "0.1223226006", "lunar": "47.5834922791", "kilometers": "18299202", "miles": "11370596"}, "orbiting_body": "Venus"}, {"close_approach_date": "1994-04-26", "epoch_date_close_approach": 767343600000, "relative_velocity": {"kilometers_per_second": "27.4711039701", "kilometers_per_hour": "98895.9742924673", "miles_per_hour": "61450.1124707834"}, "miss_distance": {"astronomical": "0.3335154763", "lunar": "129.7375183105", "kilometers": "49893204", "miles": "31002200"}, "orbiting_body": "Earth"}, {"close_approach_date": "1996-11-21", "epoch_date_close_approach": 848563200000, "relative_velocity": {"kilometers_per_second": "31.9325936813", "kilometers_per_hour": "114957.3372527081", "miles_per_hour": "71430.0188057174"}, "miss_distance": {"astronomical": "0.4734499557", "lunar": "184.1720275879", "kilometers": "70827104", "miles": "44009924"}, "orbiting_body": "Earth"}, {"close_approach_date": "2003-11-13", "epoch_date_close_approach": 1068710400000, "relative_velocity": {"kilometers_per_second": "26.1021682951", "kilometers_per_hour": "93967.8058624234", "miles_per_hour": "58387.9402593486"}, "miss_distance": {"astronomical": "0.2821347184", "lunar": "109.7504043579", "kilometers": "42206752", "miles": "26226060"}, "orbiting_body": "Earth"}, {"close_approach_date": "2010-10-03", "epoch_date_close_approach": 1286089200000, "relative_velocity": {"kilometers_per_second": "13.9506328485", "kilometers_per_hour": "50222.2782544495", "miles_per_hour": "31206.1706187162"}, "miss_distance": {"astronomical": "0.0787854654", "lunar": "30.6475448608", "kilometers": "11786138", "miles": "7323566.5"}, "orbiting_body": "Venus"}, {"close_approach_date": "2010-11-02", "epoch_date_close_approach": 1288681200000, "relative_velocity": {"kilometers_per_second": "19.8133227341", "kilometers_per_hour": "71327.9618426588", "miles_per_hour": "44320.4216238454"}, "miss_distance": {"astronomical": "0.0765079082", "lunar": "29.7615776062", "kilometers": "11445421", "miles": "7111854.5"}, "orbiting_body": "Earth"}, {"close_approach_date": "2017-10-22", "epoch_date_close_approach": 1508655600000, "relative_velocity": {"kilometers_per_second": "15.0657670797", "kilometers_per_hour": "54236.7614868484", "miles_per_hour": "33700.6143805364"}, "miss_distance": {"astronomical": "0.0905685638", "lunar": "35.2311706543", "kilometers": "13548865", "miles": "8418874"}, "orbiting_body": "Earth"}, {"close_approach_date": "2024-09-23", "epoch_date_close_approach": 1727074800000, "relative_velocity": {"kilometers_per_second": "12.9703485982", "kilometers_per_hour": "46693.2549536266", "miles_per_hour": "29013.3727793798"}, "miss_distance": {"astronomical": "0.2490648702", "lunar": "96.8862380981", "kilometers": "37259576", "miles": "23152026"}, "orbiting_body": "Earth"}, {"close_approach_date": "2031-08-23", "epoch_date_close_approach": 1945234800000, "relative_velocity": {"kilometers_per_second": "15.9040105022", "kilometers_per_hour": "57254.4378079178", "miles_per_hour": "35575.6810923698"}, "miss_distance": {"astronomical": "0.3233342002", "lunar": "125.7770004272", "kilometers": "48370108", "miles": "30055790"}, "orbiting_body": "Earth"}, {"close_approach_date": "2031-08-31", "epoch_date_close_approach": 1945926000000, "relative_velocity": {"kilometers_per_second": "12.82628209", "kilometers_per_hour": "46174.6155238682", "miles_per_hour": "28691.1104070391"}, "miss_distance": {"astronomical": "0.0741151165", "lunar": "28.8307819366", "kilometers": "11087464", "miles": "6889431"}, "orbiting_body": "Venus"}, {"close_approach_date": "2038-07-30", "epoch_date_close_approach": 2164086000000, "relative_velocity": {"kilometers_per_second": "16.3622321368", "kilometers_per_hour": "58904.0356923803", "miles_per_hour": "36600.677066746"}, "miss_distance": {"astronomical": "0.3334338967", "lunar": "129.7057800293", "kilometers": "49881000", "miles": "30994618"}, "orbiting_body": "Earth"}, {"close_approach_date": "2045-07-03", "epoch_date_close_approach": 2382678000000, "relative_velocity": {"kilometers_per_second": "14.4458717712", "kilometers_per_hour": "52005.13837641", "miles_per_hour": "32313.9705650532"}, "miss_distance": {"astronomical": "0.2929983842", "lunar": "113.9763641357", "kilometers": "43831932", "miles": "27235900"}, "orbiting_body": "Earth"}, {"close_approach_date": "2052-06-01", "epoch_date_close_approach": 2600838000000, "relative_velocity": {"kilometers_per_second": "12.8353367077", "kilometers_per_hour": "46207.2121476696", "miles_per_hour": "28711.3646814228"}, "miss_distance": {"astronomical": "0.1783085375", "lunar": "69.3620223999", "kilometers": "26674576", "miles": "16574814"}, "orbiting_body": "Earth"}, {"close_approach_date": "2052-07-25", "epoch_date_close_approach": 2605503600000, "relative_velocity": {"kilometers_per_second": "11.7865127929", "kilometers_per_hour": "42431.4460543072", "miles_per_hour": "26365.2504663555"}, "miss_distance": {"astronomical": "0.0757340613", "lunar": "29.4605503082", "kilometers": "11329655", "miles": "7039921"}, "orbiting_body": "Venus"}, {"close_approach_date": "2059-05-16", "epoch_date_close_approach": 2820294000000, "relative_velocity": {"kilometers_per_second": "17.0578028958", "kilometers_per_hour": "61408.0904250146", "miles_per_hour": "38156.5992976987"}, "miss_distance": {"astronomical": "0.0231722381", "lunar": "9.0140008926", "kilometers": "3466517.5", "miles": "2153994.25"}, "orbiting_body": "Earth"}, {"close_approach_date": "2066-05-11", "epoch_date_close_approach": 3040786800000, "relative_velocity": {"kilometers_per_second": "19.4985486884", "kilometers_per_hour": "70194.7752781201", "miles_per_hour": "43616.3035610075"}, "miss_distance": {"astronomical": "0.0637641829", "lunar": "24.8042678833", "kilometers": "9538986", "miles": "5927251.5"}, "orbiting_body": "Earth"}, {"close_approach_date": "2073-05-04", "epoch_date_close_approach": 3261106800000, "relative_velocity": {"kilometers_per_second": "23.1593530931", "kilometers_per_hour": "83373.6711352496", "miles_per_hour": "51805.1569340111"}, "miss_distance": {"astronomical": "0.1869167573", "lunar": "72.7106170654", "kilometers": "27962348", "miles": "17374998"}, "orbiting_body": "Earth"}, {"close_approach_date": "2080-04-28", "epoch_date_close_approach": 3481513200000, "relative_velocity": {"kilometers_per_second": "26.1828947437", "kilometers_per_hour": "94258.4210773808", "miles_per_hour": "58568.5172522203"}, "miss_distance": {"astronomical": "0.2898073894", "lunar": "112.7350692749", "kilometers": "43354568", "miles": "26939280"}, "orbiting_body": "Earth"}, {"close_approach_date": "2085-01-23", "epoch_date_close_approach": 3631075200000, "relative_velocity": {"kilometers_per_second": "13.4018578699", "kilometers_per_hour": "48246.688331653", "miles_per_hour": "29978.6158691874"}, "miss_distance": {"astronomical": "0.0346200805", "lunar": "13.4672107697", "kilometers": "5179090.5", "miles": "3218137.5"}, "orbiting_body": "Venus"}, {"close_approach_date": "2087-04-24", "epoch_date_close_approach": 3702006000000, "relative_velocity": {"kilometers_per_second": "29.5023294211", "kilometers_per_hour": "106208.3859159874", "miles_per_hour": "65993.7606820756"}, "miss_distance": {"astronomical": "0.4007152954", "lunar": "155.8782501221", "kilometers": "59946156", "miles": "37248812"}, "orbiting_body": "Earth"}, {"close_approach_date": "2089-11-20", "epoch_date_close_approach": 3783312000000, "relative_velocity": {"kilometers_per_second": "30.4191512609", "kilometers_per_hour": "109508.9445393354", "miles_per_hour": "68044.5994555665"}, "miss_distance": {"astronomical": "0.4254267492", "lunar": "165.4910125732", "kilometers": "63642936", "miles": "39545888"}, "orbiting_body": "Earth"}, {"close_approach_date": "2096-11-13", "epoch_date_close_approach": 4003632000000, "relative_velocity": {"kilometers_per_second": "26.3645763256", "kilometers_per_hour": "94912.4747722828", "miles_per_hour": "58974.9207828109"}, "miss_distance": {"astronomical": "0.2919671", "lunar": "113.5752029419", "kilometers": "43677656", "miles": "27140038"}, "orbiting_body": "Earth"}, {"close_approach_date": "2103-11-09", "epoch_date_close_approach": 4224038400000, "relative_velocity": {"kilometers_per_second": "22.721066593", "kilometers_per_hour": "81795.8397347964", "miles_per_hour": "50824.7538618795"}, "miss_distance": {"astronomical": "0.1707887777", "lunar": "66.4368362427", "kilometers": "25549638", "miles": "15875809"}, "orbiting_body": "Earth"}, {"close_approach_date": "2106-01-29", "epoch_date_close_approach": 4294195200000, "relative_velocity": {"kilometers_per_second": "11.33866653", "kilometers_per_hour": "40819.1995081386", "miles_per_hour": "25363.4631610431"}, "miss_distance": {"astronomical": "0.0780518581", "lunar": "30.3621730804", "kilometers": "11676392", "miles": "7255373.5"}, "orbiting_body": "Venus"}, {"close_approach_date": "2110-11-03", "epoch_date_close_approach": 4444444800000, "relative_velocity": {"kilometers_per_second": "19.4477667423", "kilometers_per_hour": "70011.9602721551", "miles_per_hour": "43502.7094257733"}, "miss_distance": {"astronomical": "0.0639476788", "lunar": "24.8756465912", "kilometers": "9566436", "miles": "5944308"}, "orbiting_body": "Earth"}, {"close_approach_date": "2117-10-29", "epoch_date_close_approach": 4664934000000, "relative_velocity": {"kilometers_per_second": "17.0006469064", "kilometers_per_hour": "61202.3288629651", "miles_per_hour": "38028.7470648796"}, "miss_distance": {"astronomical": "0.0308330119", "lunar": "11.9940414429", "kilometers": "4612553", "miles": "2866107.5"}, "orbiting_body": "Earth"}, {"close_approach_date": "2124-10-15", "epoch_date_close_approach": 4884649200000, "relative_velocity": {"kilometers_per_second": "13.099220635", "kilometers_per_hour": "47157.1942859294", "miles_per_hour": "29301.6466383877"}, "miss_distance": {"astronomical": "0.1619845228", "lunar": "63.0119781494", "kilometers": "24232540", "miles": "15057402"}, "orbiting_body": "Earth"}, {"close_approach_date": "2131-09-19", "epoch_date_close_approach": 5103241200000, "relative_velocity": {"kilometers_per_second": "13.5760595723", "kilometers_per_hour": "48873.8144603297", "miles_per_hour": "30368.2876573087"}, "miss_distance": {"astronomical": "0.269323414", "lunar": "104.7668075562", "kilometers": "40290208", "miles": "25035176"}, "orbiting_body": "Earth"}, {"close_approach_date": "2138-07-28", "epoch_date_close_approach": 5319586800000, "relative_velocity": {"kilometers_per_second": "16.1681287923", "kilometers_per_hour": "58205.2636522195", "miles_per_hour": "36166.4872954583"}, "miss_distance": {"astronomical": "0.066204858", "lunar": "25.7536907196", "kilometers": "9904106", "miles": "6154126.5"}, "orbiting_body": "Venus"}, {"close_approach_date": "2138-08-27", "epoch_date_close_approach": 5322178800000, "relative_velocity": {"kilometers_per_second": "15.7969803115", "kilometers_per_hour": "56869.1291214612", "miles_per_hour": "35336.2652588324"}, "miss_distance": {"astronomical": "0.3211387407", "lunar": "124.9229660034", "kilometers": "48041672", "miles": "29851712"}, "orbiting_body": "Earth"}, {"close_approach_date": "2145-08-01", "epoch_date_close_approach": 5540857200000, "relative_velocity": {"kilometers_per_second": "16.4041382701", "kilometers_per_hour": "59054.8977724644", "miles_per_hour": "36694.4168964516"}, "miss_distance": {"astronomical": "0.3339225743", "lunar": "129.8958740234", "kilometers": "49954104", "miles": "31040042"}, "orbiting_body": "Earth"}, {"close_approach_date": "2152-07-05", "epoch_date_close_approach": 5759449200000, "relative_velocity": {"kilometers_per_second": "14.3771122822", "kilometers_per_hour": "51757.6042158962", "miles_per_hour": "32160.1624640384"}, "miss_distance": {"astronomical": "0.2922627026", "lunar": "113.6901931763", "kilometers": "43721880", "miles": "27167516"}, "orbiting_body": "Earth"}, {"close_approach_date": "2159-06-03", "epoch_date_close_approach": 5977522800000, "relative_velocity": {"kilometers_per_second": "12.9276969899", "kilometers_per_hour": "46539.7091637368", "miles_per_hour": "28917.9653967675"}, "miss_distance": {"astronomical": "0.1747593155", "lunar": "67.9813766479", "kilometers": "26143622", "miles": "16244893"}, "orbiting_body": "Earth"}, {"close_approach_date": "2159-06-24", "epoch_date_close_approach": 5979337200000, "relative_velocity": {"kilometers_per_second": "18.6973762706", "kilometers_per_hour": "67310.5545741226", "miles_per_hour": "41824.1609796819"}, "miss_distance": {"astronomical": "0.1143646334", "lunar": "44.4878425598", "kilometers": "17108706", "miles": "10630857"}, "orbiting_body": "Venus"}, {"close_approach_date": "2166-05-16", "epoch_date_close_approach": 6196892400000, "relative_velocity": {"kilometers_per_second": "18.0992318793", "kilometers_per_hour": "65157.2347655196", "miles_per_hour": "40486.1717908308"}, "miss_distance": {"astronomical": "0.0162933481", "lunar": "6.3381128311", "kilometers": "2437450.25", "miles": "1514561.375"}, "orbiting_body": "Earth"}, {"close_approach_date": "2168-11-16", "epoch_date_close_approach": 6275952000000, "relative_velocity": {"kilometers_per_second": "15.8295104256", "kilometers_per_hour": "56986.2375322129", "miles_per_hour": "35409.0318710575"}, "miss_distance": {"astronomical": "0.0935960088", "lunar": "36.4088478088", "kilometers": "14001764", "miles": "8700293"}, "orbiting_body": "Venus"}, {"close_approach_date": "2173-04-29", "epoch_date_close_approach": 6416348400000, "relative_velocity": {"kilometers_per_second": "27.0490021994", "kilometers_per_hour": "97376.4079177399", "miles_per_hour": "60505.9130197757"}, "miss_distance": {"astronomical": "0.3173764713", "lunar": "123.4594421387", "kilometers": "47478844", "miles": "29501986"}, "orbiting_body": "Earth"}, {"close_approach_date": "2175-11-24", "epoch_date_close_approach": 6497481600000, "relative_velocity": {"kilometers_per_second": "31.2826084927", "kilometers_per_hour": "112617.3905737592", "miles_per_hour": "69976.066937345"}, "miss_distance": {"astronomical": "0.4505305171", "lunar": "175.2563781738", "kilometers": "67398408", "miles": "41879428"}, "orbiting_body": "Earth"}, {"close_approach_date": "2182-11-09", "epoch_date_close_approach": 6717110400000, "relative_velocity": {"kilometers_per_second": "22.5615467098", "kilometers_per_hour": "81221.568155451", "miles_per_hour": "50467.9238352579"}, "miss_distance": {"astronomical": "0.1649994722", "lunar": "64.1847915649", "kilometers": "24683570", "miles": "15337659"}, "orbiting_body": "Earth"}, {"close_approach_date": "2189-08-17", "epoch_date_close_approach": 6930774000000, "relative_velocity": {"kilometers_per_second": "17.8160246713", "kilometers_per_hour": "64137.6888165018", "miles_per_hour": "39852.6655871202"}, "miss_distance": {"astronomical": "0.0983068309", "lunar": "38.241355896", "kilometers": "14706492", "miles": "9138191"}, "orbiting_body": "Venus"}, {"close_approach_date": "2189-10-22", "epoch_date_close_approach": 6936476400000, "relative_velocity": {"kilometers_per_second": "14.2553528462", "kilometers_per_hour": "51319.2702462793", "miles_per_hour": "31887.7987816395"}, "miss_distance": {"astronomical": "0.117063011", "lunar": "45.5375099182", "kilometers": "17512376", "miles": "10881687"}, "orbiting_body": "Earth"}, {"close_approach_date": "2196-09-01", "epoch_date_close_approach": 7152994800000, "relative_velocity": {"kilometers_per_second": "15.3690454592", "kilometers_per_hour": "55328.5636531056", "miles_per_hour": "34379.0177876755"}, "miss_distance": {"astronomical": "0.3122004478", "lunar": "121.4459762573", "kilometers": "46704524", "miles": "29020846"}, "orbiting_body": "Earth"}, {"close_approach_date": "2198-12-24", "epoch_date_close_approach": 7225920000000, "relative_velocity": {"kilometers_per_second": "11.5205803816", "kilometers_per_hour": "41474.0893739378", "miles_per_hour": "25770.3862557115"}, "miss_distance": {"astronomical": "0.0772220709", "lunar": "30.0393867493", "kilometers": "11552258", "miles": "7178240"}, "orbiting_body": "Venus"}], "orbital_data": {"orbit_id": "38", "orbit_determination_date": "2017-12-09 06:21:47", "orbit_uncertainty": "0", "minimum_orbit_intersection": ".0119736", "jupiter_tisserand_invariant": "3.883", "epoch_osculation": "2458000.5", "eccentricity": ".6111783357949183", "semi_major_axis": "1.754933539042159", "inclination": "2.477211335948995", "ascending_node_longitude": "249.4590832156069", "orbital_period": "849.1598229845473", "perihelion_distance": ".6823561792196859", "perihelion_argument": "65.68088809470025", "aphelion_distance": "2.827510898864632", "perihelion_time": "2458002.590052423664", "mean_anomaly": "359.113925491818", "mean_motion": ".4239484608853794", "equinox": "J2000"}}