{"links": {"self": "https://api.nasa.gov/neo/rest/v1/neo/3552655?api_key=stjNMXvPIBN6FqEBpH6hQbWAtFDv0RARRez0p7z1"}, "neo_reference_id": "3552655", "name": "(2010 WV8)", "nasa_jpl_url": "http://ssd.jpl.nasa.gov/sbdb.cgi?sstr=3552655", "absolute_magnitude_h": 21.9, "estimated_diameter": {"kilometers": {"estimated_diameter_min": 0.1108038821, "estimated_diameter_max": 0.2477650126}, "meters": {"estimated_diameter_min": 110.8038821264, "estimated_diameter_max": 247.7650126055}, "miles": {"estimated_diameter_min": 0.068850319, "estimated_diameter_max": 0.1539539936}, "feet": {"estimated_diameter_min": 363.5298086356, "estimated_diameter_max": 812.8773639568}}, "is_potentially_hazardous_asteroid": true, "close_approach_data": [{"close_approach_date": "2004-06-01", "epoch_date_close_approach": 1086073200000, "relative_velocity": {"kilometers_per_second": "26.0989642672", "kilometers_per_hour": "93956.271361951", "miles_per_hour": "58380.7731693189"}, "miss_distance": {"astronomical": "0.2647374536", "lunar": "102.9828720093", "kilometers": "39604160", "miles": "24608884"}, "orbiting_body": "Earth"}, {"close_approach_date": "2007-08-12", "epoch_date_close_approach": 1186902000000, "relative_velocity": {"kilometers_per_second": "15.3700996603", "kilometers_per_hour": "55332.3587771358", "miles_per_hour": "34381.3759301597"}, "miss_distance": {"astronomical": "0.3127457745", "lunar": "121.6581115723", "kilometers": "46786104", "miles": "29071536"}, "orbiting_body": "Earth"}, {"close_approach_date": "2007-08-18", "epoch_date_close_approach": 1187420400000, "relative_velocity": {"kilometers_per_second": "11.7611674124", "kilometers_per_hour": "42340.2026846069", "miles_per_hour": "26308.555384777"}, "miss_distance": {"astronomical": "0.0672619923", "lunar": "26.1649150848", "kilometers": "10062251", "miles": "6252393"}, "orbiting_body": "Venus"}, {"close_approach_date": "2010-10-22", "epoch_date_close_approach": 1287730800000, "relative_velocity": {"kilometers_per_second": "16.7025664587", "kilometers_per_hour": "60129.2392514392", "miles_per_hour": "37361.9709115401"}, "miss_distance": {"astronomical": "0.082742795", "lunar": "32.1869468689", "kilometers": "12378146", "miles": "7691423.5"}, "orbiting_body": "Venus"}, {"close_approach_date": "2010-11-17", "epoch_date_close_approach": 1289980800000, "relative_velocity": {"kilometers_per_second": "17.7989601076", "kilometers_per_hour": "64076.2563875296", "miles_per_hour": "39814.4938647958"}, "miss_distance": {"astronomical": "0.0364199019", "lunar": "14.167342186", "kilometers": "5448340", "miles": "3385441.5"}, "orbiting_body": "Earth"}], "orbital_data": {"orbit_id": "15", "orbit_determination_date": "2017-04-06 08:55:32", "orbit_uncertainty": "6", "minimum_orbit_intersection": ".00610694", "jupiter_tisserand_invariant": "3.384", "epoch_osculation": "2458000.5", "eccentricity": ".6721699019626785", "semi_major_axis": "2.126286336879398", "inclination": "8.438202075698255", "ascending_node_longitude": "55.1747541675157", "orbital_period": "1132.481326405758", "perihelion_distance": ".6970606582745903", "perihelion_argument": "288.0790064155918", "aphelion_distance": "3.555512015484205", "perihelion_time": "2457743.706983207830", "mean_anomaly": "81.63091424967024", "mean_motion": ".317886036269189", "equinox": "J2000"}}