{"links": {"self": "https://api.nasa.gov/neo/rest/v1/neo/3557636?api_key=stjNMXvPIBN6FqEBpH6hQbWAtFDv0RARRez0p7z1"}, "neo_reference_id": "3557636", "name": "(2011 BT59)", "nasa_jpl_url": "http://ssd.jpl.nasa.gov/sbdb.cgi?sstr=3557636", "absolute_magnitude_h": 21.0, "estimated_diameter": {"kilometers": {"estimated_diameter_min": 0.1677084622, "estimated_diameter_max": 0.3750075218}, "meters": {"estimated_diameter_min": 167.7084621628, "estimated_diameter_max": 375.0075217981}, "miles": {"estimated_diameter_min": 0.1042091748, "estimated_diameter_max": 0.2330187988}, "feet": {"estimated_diameter_min": 550.2246310023, "estimated_diameter_max": 1230.3396778159}}, "is_potentially_hazardous_asteroid": true, "close_approach_data": [{"close_approach_date": "2010-12-19", "epoch_date_close_approach": 1292745600000, "relative_velocity": {"kilometers_per_second": "45.6293366326", "kilometers_per_hour": "164265.6118775245", "miles_per_hour": "102068.2631135652"}, "miss_distance": {"astronomical": "0.0448232934", "lunar": "17.4362602234", "kilometers": "6705469", "miles": "4166585.5"}, "orbiting_body": "Venus"}, {"close_approach_date": "2011-01-09", "epoch_date_close_approach": 1294560000000, "relative_velocity": {"kilometers_per_second": "27.2565018071", "kilometers_per_hour": "98123.4065055074", "miles_per_hour": "60970.0688922693"}, "miss_distance": {"astronomical": "0.387643755", "lunar": "150.7934265137", "kilometers": "57990680", "miles": "36033740"}, "orbiting_body": "Earth"}], "orbital_data": {"orbit_id": "8", "orbit_determination_date": "2017-04-06 08:54:42", "orbit_uncertainty": "9", "minimum_orbit_intersection": ".0205819", "jupiter_tisserand_invariant": "2.521", "epoch_osculation": "2455592.5", "eccentricity": ".9485393191537916", "semi_major_axis": "2.497327844820546", "inclination": "3.580352496539743", "ascending_node_longitude": "38.88927829842409", "orbital_period": "1441.490438857824", "perihelion_distance": ".1285141911906595", "perihelion_argument": "303.0798302060643", "aphelion_distance": "4.866141498450433", "perihelion_time": "2455528.605923497336", "mean_anomaly": "15.957003196764", "mean_motion": ".2497415107971502", "equinox": "J2000"}}