{"links": {"self": "https://api.nasa.gov/neo/rest/v1/neo/3558389?api_key=stjNMXvPIBN6FqEBpH6hQbWAtFDv0RARRez0p7z1"}, "neo_reference_id": "3558389", "name": "(2011 BE38)", "nasa_jpl_url": "http://ssd.jpl.nasa.gov/sbdb.cgi?sstr=3558389", "absolute_magnitude_h": 18.3, "estimated_diameter": {"kilometers": {"estimated_diameter_min": 0.5815070396, "estimated_diameter_max": 1.30028927}, "meters": {"estimated_diameter_min": 581.5070396458, "estimated_diameter_max": 1300.2892700427}, "miles": {"estimated_diameter_min": 0.3613316107, "estimated_diameter_max": 0.807962044}, "feet": {"estimated_diameter_min": 1907.8315559515, "estimated_diameter_max": 4266.0410487267}}, "is_potentially_hazardous_asteroid": true, "close_approach_data": [{"close_approach_date": "1906-06-30", "epoch_date_close_approach": -2004105600000, "relative_velocity": {"kilometers_per_second": "8.9909216689", "kilometers_per_hour": "32367.3180081876", "miles_per_hour": "20111.7926812541"}, "miss_distance": {"astronomical": "1.5792493142", "lunar": "614.3279418945", "kilometers": "236252336", "miles": "146800384"}, "orbiting_body": "Juptr"}, {"close_approach_date": "1909-03-21", "epoch_date_close_approach": -1918137600000, "relative_velocity": {"kilometers_per_second": "25.3582433432", "kilometers_per_hour": "91289.6760356176", "miles_per_hour": "56723.8545344647"}, "miss_distance": {"astronomical": "0.2444708397", "lunar": "95.0991516113", "kilometers": "36572316", "miles": "22724984"}, "orbiting_body": "Earth"}, {"close_approach_date": "1913-09-16", "epoch_date_close_approach": -1776441600000, "relative_velocity": {"kilometers_per_second": "30.5665517801", "kilometers_per_hour": "110039.5864082344", "miles_per_hour": "68374.3196768276"}, "miss_distance": {"astronomical": "0.415758889", "lunar": "161.7302093506", "kilometers": "62196644", "miles": "38647204"}, "orbiting_body": "Earth"}, {"close_approach_date": "1921-10-28", "epoch_date_close_approach": -1520352000000, "relative_velocity": {"kilometers_per_second": "18.9705987647", "kilometers_per_hour": "68294.1555529031", "miles_per_hour": "42435.3323767469"}, "miss_distance": {"astronomical": "0.0738976719", "lunar": "28.7461948395", "kilometers": "11054935", "miles": "6869218"}, "orbiting_body": "Mars"}, {"close_approach_date": "1926-04-06", "epoch_date_close_approach": -1380297600000, "relative_velocity": {"kilometers_per_second": "17.9618160017", "kilometers_per_hour": "64662.537606052", "miles_per_hour": "40178.7862141605"}, "miss_distance": {"astronomical": "0.0642742095", "lunar": "25.0026664734", "kilometers": "9615285", "miles": "5974661"}, "orbiting_body": "Earth"}, {"close_approach_date": "1930-09-04", "epoch_date_close_approach": -1241020800000, "relative_velocity": {"kilometers_per_second": "14.3254992053", "kilometers_per_hour": "51571.7971391686", "miles_per_hour": "32044.7091723906"}, "miss_distance": {"astronomical": "0.1017842531", "lunar": "39.5940742493", "kilometers": "15226707", "miles": "9461437"}, "orbiting_body": "Venus"}, {"close_approach_date": "1942-01-17", "epoch_date_close_approach": -882201600000, "relative_velocity": {"kilometers_per_second": "10.941706173", "kilometers_per_hour": "39390.1422228673", "miles_per_hour": "24475.5025384255"}, "miss_distance": {"astronomical": "1.8712881379", "lunar": "727.9310913086", "kilometers": "279940736", "miles": "173947104"}, "orbiting_body": "Juptr"}, {"close_approach_date": "1943-05-07", "epoch_date_close_approach": -841165200000, "relative_velocity": {"kilometers_per_second": "14.2057113578", "kilometers_per_hour": "51140.5608880408", "miles_per_hour": "31776.7557362384"}, "miss_distance": {"astronomical": "0.2374498423", "lunar": "92.3679885864", "kilometers": "35521992", "miles": "22072342"}, "orbiting_body": "Earth"}, {"close_approach_date": "1953-12-24", "epoch_date_close_approach": -505584000000, "relative_velocity": {"kilometers_per_second": "5.9417038627", "kilometers_per_hour": "21390.1339057074", "miles_per_hour": "13290.9973704658"}, "miss_distance": {"astronomical": "0.8577549112", "lunar": "333.6666564941", "kilometers": "128318304", "miles": "79733296"}, "orbiting_body": "Juptr"}, {"close_approach_date": "1960-04-03", "epoch_date_close_approach": -307555200000, "relative_velocity": {"kilometers_per_second": "18.7031405704", "kilometers_per_hour": "67331.3060533579", "miles_per_hour": "41837.0551418768"}, "miss_distance": {"astronomical": "0.0870840305", "lunar": "33.8756904602", "kilometers": "13027586", "miles": "8094966.5"}, "orbiting_body": "Earth"}, {"close_approach_date": "1964-09-18", "epoch_date_close_approach": -166813200000, "relative_velocity": {"kilometers_per_second": "31.6690560962", "kilometers_per_hour": "114008.6019461922", "miles_per_hour": "70840.5115815104"}, "miss_distance": {"astronomical": "0.4417784454", "lunar": "171.8518218994", "kilometers": "66089116", "miles": "41065872"}, "orbiting_body": "Earth"}, {"close_approach_date": "1965-12-06", "epoch_date_close_approach": -128448000000, "relative_velocity": {"kilometers_per_second": "10.3235408662", "kilometers_per_hour": "37164.7471183477", "miles_per_hour": "23092.72856362"}, "miss_distance": {"astronomical": "1.9549539592", "lunar": "760.4770507812", "kilometers": "292456960", "miles": "181724320"}, "orbiting_body": "Juptr"}, {"close_approach_date": "1977-04-09", "epoch_date_close_approach": 229420800000, "relative_velocity": {"kilometers_per_second": "17.1026269992", "kilometers_per_hour": "61569.4571970552", "miles_per_hour": "38256.8663344702"}, "miss_distance": {"astronomical": "0.1006956493", "lunar": "39.1706085205", "kilometers": "15063855", "miles": "9360245"}, "orbiting_body": "Earth"}, {"close_approach_date": "1977-05-30", "epoch_date_close_approach": 233823600000, "relative_velocity": {"kilometers_per_second": "11.9775299639", "kilometers_per_hour": "43119.1078701307", "miles_per_hour": "26792.5367763043"}, "miss_distance": {"astronomical": "0.0742007786", "lunar": "28.8641033173", "kilometers": "11100279", "miles": "6897393.5"}, "orbiting_body": "Venus"}, {"close_approach_date": "1994-06-05", "epoch_date_close_approach": 770799600000, "relative_velocity": {"kilometers_per_second": "15.4030064574", "kilometers_per_hour": "55450.8232467037", "miles_per_hour": "34454.9851445977"}, "miss_distance": {"astronomical": "0.278288312", "lunar": "108.2541503906", "kilometers": "41631340", "miles": "25868514"}, "orbiting_body": "Earth"}, {"close_approach_date": "2001-06-22", "epoch_date_close_approach": 993193200000, "relative_velocity": {"kilometers_per_second": "9.347962709", "kilometers_per_hour": "33652.6657522728", "miles_per_hour": "20910.4577836831"}, "miss_distance": {"astronomical": "1.4675801702", "lunar": "570.888671875", "kilometers": "219546880", "miles": "136420096"}, "orbiting_body": "Juptr"}, {"close_approach_date": "2011-04-10", "epoch_date_close_approach": 1302418800000, "relative_velocity": {"kilometers_per_second": "16.5686008737", "kilometers_per_hour": "59646.9631454345", "miles_per_hour": "37062.3032944507"}, "miss_distance": {"astronomical": "0.1232895164", "lunar": "47.9596214294", "kilometers": "18443850", "miles": "11460477"}, "orbiting_body": "Earth"}, {"close_approach_date": "2013-04-05", "epoch_date_close_approach": 1365145200000, "relative_velocity": {"kilometers_per_second": "6.1276942628", "kilometers_per_hour": "22059.6993461685", "miles_per_hour": "13707.0392965123"}, "miss_distance": {"astronomical": "0.9254650653", "lunar": "360.0058898926", "kilometers": "138447600", "miles": "86027352"}, "orbiting_body": "Juptr"}, {"close_approach_date": "2028-06-09", "epoch_date_close_approach": 1844146800000, "relative_velocity": {"kilometers_per_second": "15.2347269465", "kilometers_per_hour": "54845.0170074709", "miles_per_hour": "34078.5607066699"}, "miss_distance": {"astronomical": "0.2677593468", "lunar": "104.1583862305", "kilometers": "40056228", "miles": "24889788"}, "orbiting_body": "Earth"}, {"close_approach_date": "2028-06-23", "epoch_date_close_approach": 1845356400000, "relative_velocity": {"kilometers_per_second": "12.6536759327", "kilometers_per_hour": "45553.2333576538", "miles_per_hour": "28305.0076938155"}, "miss_distance": {"astronomical": "0.0779359323", "lunar": "30.3170776367", "kilometers": "11659050", "miles": "7244597.5"}, "orbiting_body": "Venus"}, {"close_approach_date": "2032-09-22", "epoch_date_close_approach": 1979449200000, "relative_velocity": {"kilometers_per_second": "12.1131735144", "kilometers_per_hour": "43607.4246518638", "miles_per_hour": "27095.9578343761"}, "miss_distance": {"astronomical": "0.1326509717", "lunar": "51.6012268066", "kilometers": "19844304", "miles": "12330678"}, "orbiting_body": "Venus"}, {"close_approach_date": "2045-09-08", "epoch_date_close_approach": 2388466800000, "relative_velocity": {"kilometers_per_second": "26.1315338166", "kilometers_per_hour": "94073.5217396426", "miles_per_hour": "58453.6279942796"}, "miss_distance": {"astronomical": "0.2818789708", "lunar": "109.6509246826", "kilometers": "42168496", "miles": "26202288"}, "orbiting_body": "Earth"}, {"close_approach_date": "2058-04-03", "epoch_date_close_approach": 2785042800000, "relative_velocity": {"kilometers_per_second": "19.7367973489", "kilometers_per_hour": "71052.4704560825", "miles_per_hour": "44149.2419897808"}, "miss_distance": {"astronomical": "0.135618941", "lunar": "52.7557678223", "kilometers": "20288304", "miles": "12606568"}, "orbiting_body": "Earth"}, {"close_approach_date": "2060-11-21", "epoch_date_close_approach": 2868249600000, "relative_velocity": {"kilometers_per_second": "7.0822903855", "kilometers_per_hour": "25496.2453877125", "miles_per_hour": "15842.3753632706"}, "miss_distance": {"astronomical": "0.967240085", "lunar": "376.2564086914", "kilometers": "144697056", "miles": "89910584"}, "orbiting_body": "Juptr"}, {"close_approach_date": "2072-08-10", "epoch_date_close_approach": 3238038000000, "relative_velocity": {"kilometers_per_second": "7.7342749798", "kilometers_per_hour": "27843.3899272399", "miles_per_hour": "17300.7997022897"}, "miss_distance": {"astronomical": "1.3258851749", "lunar": "515.7693481445", "kilometers": "198349600", "miles": "123248728"}, "orbiting_body": "Juptr"}, {"close_approach_date": "2079-09-06", "epoch_date_close_approach": 3461209200000, "relative_velocity": {"kilometers_per_second": "24.246589122", "kilometers_per_hour": "87287.7208393231", "miles_per_hour": "54237.1952070783"}, "miss_distance": {"astronomical": "0.2117800474", "lunar": "82.3824386597", "kilometers": "31681844", "miles": "19686184"}, "orbiting_body": "Earth"}, {"close_approach_date": "2083-11-09", "epoch_date_close_approach": 3592972800000, "relative_velocity": {"kilometers_per_second": "14.988756039", "kilometers_per_hour": "53959.521740256", "miles_per_hour": "33528.3483835496"}, "miss_distance": {"astronomical": "0.0896228952", "lunar": "34.8633041382", "kilometers": "13407394", "miles": "8330968.5"}, "orbiting_body": "Venus"}, {"close_approach_date": "2092-04-03", "epoch_date_close_approach": 3858044400000, "relative_velocity": {"kilometers_per_second": "20.4614211724", "kilometers_per_hour": "73661.11622077", "miles_per_hour": "45770.1530206223"}, "miss_distance": {"astronomical": "0.1719840666", "lunar": "66.901802063", "kilometers": "25728450", "miles": "15986917"}, "orbiting_body": "Earth"}, {"close_approach_date": "2109-05-26", "epoch_date_close_approach": 4398994800000, "relative_velocity": {"kilometers_per_second": "15.2027935712", "kilometers_per_hour": "54730.056856253", "miles_per_hour": "34007.1289393757"}, "miss_distance": {"astronomical": "0.2714479586", "lunar": "105.5932540894", "kilometers": "40608036", "miles": "25232664"}, "orbiting_body": "Earth"}, {"close_approach_date": "2120-03-16", "epoch_date_close_approach": 4740015600000, "relative_velocity": {"kilometers_per_second": "6.2224271311", "kilometers_per_hour": "22400.7376719983", "miles_per_hour": "13918.9472495814"}, "miss_distance": {"astronomical": "0.8360536033", "lunar": "325.2248535156", "kilometers": "125071840", "miles": "77716040"}, "orbiting_body": "Juptr"}, {"close_approach_date": "2126-05-03", "epoch_date_close_approach": 4933465200000, "relative_velocity": {"kilometers_per_second": "14.4195604501", "kilometers_per_hour": "51910.417620445", "miles_per_hour": "32255.1147708815"}, "miss_distance": {"astronomical": "0.2375250674", "lunar": "92.3972473145", "kilometers": "35533244", "miles": "22079334"}, "orbiting_body": "Earth"}, {"close_approach_date": "2132-01-19", "epoch_date_close_approach": 5113785600000, "relative_velocity": {"kilometers_per_second": "9.4466630964", "kilometers_per_hour": "34007.987147128", "miles_per_hour": "21131.2406803918"}, "miss_distance": {"astronomical": "1.7852879047", "lunar": "694.4769897461", "kilometers": "267075264", "miles": "165952880"}, "orbiting_body": "Juptr"}, {"close_approach_date": "2134-12-03", "epoch_date_close_approach": 5204419200000, "relative_velocity": {"kilometers_per_second": "16.077805374", "kilometers_per_hour": "57880.099346242", "miles_per_hour": "35964.4428410024"}, "miss_distance": {"astronomical": "0.1070943329", "lunar": "41.6596946716", "kilometers": "16021084", "miles": "9955040"}, "orbiting_body": "Venus"}, {"close_approach_date": "2143-05-01", "epoch_date_close_approach": 5469750000000, "relative_velocity": {"kilometers_per_second": "14.3048822597", "kilometers_per_hour": "51497.5761349852", "miles_per_hour": "31998.5911267634"}, "miss_distance": {"astronomical": "0.2176095748", "lunar": "84.6501235962", "kilometers": "32553928", "miles": "20228074"}, "orbiting_body": "Earth"}, {"close_approach_date": "2160-06-30", "epoch_date_close_approach": 6011478000000, "relative_velocity": {"kilometers_per_second": "15.7693931606", "kilometers_per_hour": "56769.8153781686", "miles_per_hour": "35274.5555609515"}, "miss_distance": {"astronomical": "0.2541110461", "lunar": "98.8491973877", "kilometers": "38014472", "miles": "23621098"}, "orbiting_body": "Earth"}, {"close_approach_date": "2167-07-27", "epoch_date_close_approach": 6234649200000, "relative_velocity": {"kilometers_per_second": "10.2163590346", "kilometers_per_hour": "36778.89252447", "miles_per_hour": "22852.9735244408"}, "miss_distance": {"astronomical": "1.6352758694", "lunar": "636.1223144531", "kilometers": "244633792", "miles": "152008384"}, "orbiting_body": "Juptr"}, {"close_approach_date": "2177-05-22", "epoch_date_close_approach": 6544566000000, "relative_velocity": {"kilometers_per_second": "15.373217798", "kilometers_per_hour": "55343.5840728688", "miles_per_hour": "34388.3508923889"}, "miss_distance": {"astronomical": "0.2731337645", "lunar": "106.2490310669", "kilometers": "40860228", "miles": "25389368"}, "orbiting_body": "Earth"}, {"close_approach_date": "2179-06-28", "epoch_date_close_approach": 6610834800000, "relative_velocity": {"kilometers_per_second": "6.0518865437", "kilometers_per_hour": "21786.7915572353", "miles_per_hour": "13537.4650095499"}, "miss_distance": {"astronomical": "0.8637373262", "lunar": "335.9938354492", "kilometers": "129213272", "miles": "80289400"}, "orbiting_body": "Juptr"}, {"close_approach_date": "2194-07-11", "epoch_date_close_approach": 7085343600000, "relative_velocity": {"kilometers_per_second": "15.4186960768", "kilometers_per_hour": "55507.305876476", "miles_per_hour": "34490.0812541915"}, "miss_distance": {"astronomical": "0.2157450419", "lunar": "83.9248199463", "kilometers": "32275000", "miles": "20054756"}, "orbiting_body": "Earth"}], "orbital_data": {"orbit_id": "29", "orbit_determination_date": "2017-04-06 08:54:46", "orbit_uncertainty": "0", "minimum_orbit_intersection": ".0219168", "jupiter_tisserand_invariant": "2.969", "epoch_osculation": "2458000.5", "eccentricity": ".7115499210540029", "semi_major_axis": "2.627459559490673", "inclination": "8.159183486933005", "ascending_node_longitude": "321.3917230475734", "orbital_period": "1555.616308000058", "perihelion_distance": ".7578909173624994", "perihelion_argument": "302.5608192588805", "aphelion_distance": "4.497028201618847", "perihelion_time": "2457263.146861703438", "mean_anomaly": "170.6379191460317", "mean_motion": ".2314195333056296", "equinox": "J2000"}}