{"links": {"self": "https://api.nasa.gov/neo/rest/v1/neo/3562866?api_key=stjNMXvPIBN6FqEBpH6hQbWAtFDv0RARRez0p7z1"}, "neo_reference_id": "3562866", "name": "(2011 GS60)", "nasa_jpl_url": "http://ssd.jpl.nasa.gov/sbdb.cgi?sstr=3562866", "absolute_magnitude_h": 19.0, "estimated_diameter": {"kilometers": {"estimated_diameter_min": 0.4212646106, "estimated_diameter_max": 0.9419763057}, "meters": {"estimated_diameter_min": 421.2646105562, "estimated_diameter_max": 941.9763057186}, "miles": {"estimated_diameter_min": 0.2617616123, "estimated_diameter_max": 0.5853167591}, "feet": {"estimated_diameter_min": 1382.1017848971, "estimated_diameter_max": 3090.4735428537}}, "is_potentially_hazardous_asteroid": true, "close_approach_data": [{"close_approach_date": "1900-11-20", "epoch_date_close_approach": -2181052800000, "relative_velocity": {"kilometers_per_second": "15.3306352729", "kilometers_per_hour": "55190.2869823651", "miles_per_hour": "34293.0980419035"}, "miss_distance": {"astronomical": "1.6715446351", "lunar": "650.2308959961", "kilometers": "250059520", "miles": "155379792"}, "orbiting_body": "Juptr"}, {"close_approach_date": "1912-05-08", "epoch_date_close_approach": -1819296000000, "relative_velocity": {"kilometers_per_second": "47.2137996261", "kilometers_per_hour": "169969.678654032", "miles_per_hour": "105612.5483836678"}, "miss_distance": {"astronomical": "0.475427953", "lunar": "184.9414672852", "kilometers": "71123008", "miles": "44193788"}, "orbiting_body": "Earth"}, {"close_approach_date": "1918-06-12", "epoch_date_close_approach": -1626973200000, "relative_velocity": {"kilometers_per_second": "38.8005771332", "kilometers_per_hour": "139682.0776796284", "miles_per_hour": "86793.0109893224"}, "miss_distance": {"astronomical": "0.0564753642", "lunar": "21.9689159393", "kilometers": "8448594", "miles": "5249713"}, "orbiting_body": "Venus"}, {"close_approach_date": "1924-08-24", "epoch_date_close_approach": -1431273600000, "relative_velocity": {"kilometers_per_second": "30.1500057466", "kilometers_per_hour": "108540.0206876621", "miles_per_hour": "67442.5478545087"}, "miss_distance": {"astronomical": "0.1487533163", "lunar": "57.8650398254", "kilometers": "22253180", "miles": "13827485"}, "orbiting_body": "Earth"}, {"close_approach_date": "1924-10-12", "epoch_date_close_approach": -1427040000000, "relative_velocity": {"kilometers_per_second": "33.7164688175", "kilometers_per_hour": "121379.2877429442", "miles_per_hour": "75420.3690978311"}, "miss_distance": {"astronomical": "0.0623358125", "lunar": "24.2486305237", "kilometers": "9325305", "miles": "5794475.5"}, "orbiting_body": "Merc"}, {"close_approach_date": "1930-12-27", "epoch_date_close_approach": -1231171200000, "relative_velocity": {"kilometers_per_second": "20.9889943256", "kilometers_per_hour": "75560.3795719912", "miles_per_hour": "46950.2814068297"}, "miss_distance": {"astronomical": "0.0929951251", "lunar": "36.1751022339", "kilometers": "13911872", "miles": "8644437"}, "orbiting_body": "Merc"}, {"close_approach_date": "1937-05-01", "epoch_date_close_approach": -1030982400000, "relative_velocity": {"kilometers_per_second": "42.5050024472", "kilometers_per_hour": "153018.0088099949", "miles_per_hour": "95079.4399741882"}, "miss_distance": {"astronomical": "0.3480669827", "lunar": "135.3980560303", "kilometers": "52070080", "miles": "32354848"}, "orbiting_body": "Earth"}, {"close_approach_date": "1948-09-13", "epoch_date_close_approach": -672166800000, "relative_velocity": {"kilometers_per_second": "15.5760420371", "kilometers_per_hour": "56073.7513336205", "miles_per_hour": "34842.0484328266"}, "miss_distance": {"astronomical": "1.7448205707", "lunar": "678.7352294922", "kilometers": "261021456", "miles": "162191216"}, "orbiting_body": "Juptr"}, {"close_approach_date": "1949-08-02", "epoch_date_close_approach": -644256000000, "relative_velocity": {"kilometers_per_second": "43.0373887965", "kilometers_per_hour": "154934.5996672697", "miles_per_hour": "96270.3349988099"}, "miss_distance": {"astronomical": "0.3056634583", "lunar": "118.9030914307", "kilometers": "45726604", "miles": "28413194"}, "orbiting_body": "Earth"}, {"close_approach_date": "1960-10-24", "epoch_date_close_approach": -289929600000, "relative_velocity": {"kilometers_per_second": "12.6640043624", "kilometers_per_hour": "45590.4157044823", "miles_per_hour": "28328.1113581546"}, "miss_distance": {"astronomical": "1.2061547182", "lunar": "469.1941833496", "kilometers": "180438176", "miles": "112119088"}, "orbiting_body": "Juptr"}, {"close_approach_date": "1968-04-11", "epoch_date_close_approach": -54403200000, "relative_velocity": {"kilometers_per_second": "30.9120405528", "kilometers_per_hour": "111283.345989941", "miles_per_hour": "69147.143512472"}, "miss_distance": {"astronomical": "0.2604595902", "lunar": "101.3187866211", "kilometers": "38964204", "miles": "24211232"}, "orbiting_body": "Earth"}, {"close_approach_date": "1972-09-28", "epoch_date_close_approach": 86511600000, "relative_velocity": {"kilometers_per_second": "10.8405987122", "kilometers_per_hour": "39026.1553638908", "miles_per_hour": "24249.3352593021"}, "miss_distance": {"astronomical": "1.2924429676", "lunar": "502.7602844238", "kilometers": "193346704", "miles": "120140072"}, "orbiting_body": "Juptr"}, {"close_approach_date": "1984-06-27", "epoch_date_close_approach": 457167600000, "relative_velocity": {"kilometers_per_second": "9.9484630837", "kilometers_per_hour": "35814.4671011704", "miles_per_hour": "22253.7170718356"}, "miss_distance": {"astronomical": "1.631197995", "lunar": "634.5360107422", "kilometers": "244023760", "miles": "151629328"}, "orbiting_body": "Juptr"}, {"close_approach_date": "1992-08-14", "epoch_date_close_approach": 713775600000, "relative_velocity": {"kilometers_per_second": "34.8932159138", "kilometers_per_hour": "125615.5772896555", "miles_per_hour": "78052.634677564"}, "miss_distance": {"astronomical": "0.0267763322", "lunar": "10.4159936905", "kilometers": "4005682.25", "miles": "2489015.5"}, "orbiting_body": "Earth"}, {"close_approach_date": "1996-02-08", "epoch_date_close_approach": 823766400000, "relative_velocity": {"kilometers_per_second": "9.7229193791", "kilometers_per_hour": "35002.5097647219", "miles_per_hour": "21749.1983590851"}, "miss_distance": {"astronomical": "1.8808841952", "lunar": "731.6639404297", "kilometers": "281376256", "miles": "174839104"}, "orbiting_body": "Juptr"}, {"close_approach_date": "2007-09-11", "epoch_date_close_approach": 1189494000000, "relative_velocity": {"kilometers_per_second": "9.8063833051", "kilometers_per_hour": "35302.9798984418", "miles_per_hour": "21935.898815229"}, "miss_distance": {"astronomical": "1.9100906539", "lunar": "743.0252685547", "kilometers": "285745504", "miles": "177554016"}, "orbiting_body": "Juptr"}, {"close_approach_date": "2011-03-26", "epoch_date_close_approach": 1301122800000, "relative_velocity": {"kilometers_per_second": "25.9050910548", "kilometers_per_hour": "93258.3277974222", "miles_per_hour": "57947.0981805705"}, "miss_distance": {"astronomical": "0.4161802241", "lunar": "161.8941040039", "kilometers": "62259676", "miles": "38686368"}, "orbiting_body": "Earth"}, {"close_approach_date": "2019-04-30", "epoch_date_close_approach": 1556607600000, "relative_velocity": {"kilometers_per_second": "10.2980144129", "kilometers_per_hour": "37072.8518863813", "miles_per_hour": "23035.6284401796"}, "miss_distance": {"astronomical": "1.7293987322", "lunar": "672.7360839844", "kilometers": "258714368", "miles": "160757664"}, "orbiting_body": "Juptr"}, {"close_approach_date": "2031-02-16", "epoch_date_close_approach": 1928995200000, "relative_velocity": {"kilometers_per_second": "11.7401169037", "kilometers_per_hour": "42264.4208532361", "miles_per_hour": "26261.4675018344"}, "miss_distance": {"astronomical": "1.537960053", "lunar": "598.2664794922", "kilometers": "230075552", "miles": "142962320"}, "orbiting_body": "Juptr"}, {"close_approach_date": "2035-08-30", "epoch_date_close_approach": 2072070000000, "relative_velocity": {"kilometers_per_second": "24.3750006668", "kilometers_per_hour": "87750.0024005066", "miles_per_hour": "54524.4389915815"}, "miss_distance": {"astronomical": "0.3564244651", "lunar": "138.6491088867", "kilometers": "53320340", "miles": "33131722"}, "orbiting_body": "Earth"}, {"close_approach_date": "2035-10-22", "epoch_date_close_approach": 2076649200000, "relative_velocity": {"kilometers_per_second": "36.5556395395", "kilometers_per_hour": "131600.302342052", "miles_per_hour": "81771.3100858156"}, "miss_distance": {"astronomical": "0.0398636881", "lunar": "15.5069742203", "kilometers": "5963522.5", "miles": "3705561.25"}, "orbiting_body": "Merc"}, {"close_approach_date": "2043-02-24", "epoch_date_close_approach": 2308377600000, "relative_velocity": {"kilometers_per_second": "14.359975627", "kilometers_per_hour": "51695.9122572954", "miles_per_hour": "32121.8294800956"}, "miss_distance": {"astronomical": "1.7223834058", "lunar": "670.0071411133", "kilometers": "257664896", "miles": "160105536"}, "orbiting_body": "Juptr"}, {"close_approach_date": "2048-04-12", "epoch_date_close_approach": 2470287600000, "relative_velocity": {"kilometers_per_second": "34.2140271429", "kilometers_per_hour": "123170.4977144666", "miles_per_hour": "76533.3573159696"}, "miss_distance": {"astronomical": "0.3267195031", "lunar": "127.0938796997", "kilometers": "48876540", "miles": "30370474"}, "orbiting_body": "Earth"}, {"close_approach_date": "2073-03-16", "epoch_date_close_approach": 3256873200000, "relative_velocity": {"kilometers_per_second": "25.4868214423", "kilometers_per_hour": "91752.5571922451", "miles_per_hour": "57011.4708842592"}, "miss_distance": {"astronomical": "0.4659259974", "lunar": "181.2452087402", "kilometers": "69701536", "miles": "43310528"}, "orbiting_body": "Earth"}, {"close_approach_date": "2090-11-23", "epoch_date_close_approach": 3815107200000, "relative_velocity": {"kilometers_per_second": "16.8616661612", "kilometers_per_hour": "60701.9981801897", "miles_per_hour": "37717.8610359073"}, "miss_distance": {"astronomical": "1.9574138882", "lunar": "761.4340209961", "kilometers": "292824960", "miles": "181952992"}, "orbiting_body": "Juptr"}, {"close_approach_date": "2091-09-05", "epoch_date_close_approach": 3839814000000, "relative_velocity": {"kilometers_per_second": "21.7041837665", "kilometers_per_hour": "78135.0615594518", "miles_per_hour": "48550.0886673161"}, "miss_distance": {"astronomical": "0.4548321669", "lunar": "176.9297180176", "kilometers": "68041928", "miles": "42279292"}, "orbiting_body": "Earth"}, {"close_approach_date": "2103-01-20", "epoch_date_close_approach": 4198723200000, "relative_velocity": {"kilometers_per_second": "13.7423220098", "kilometers_per_hour": "49472.3592353131", "miles_per_hour": "30740.2001037422"}, "miss_distance": {"astronomical": "1.1882079839", "lunar": "462.212890625", "kilometers": "177753392", "miles": "110450832"}, "orbiting_body": "Juptr"}, {"close_approach_date": "2104-04-06", "epoch_date_close_approach": 4236908400000, "relative_velocity": {"kilometers_per_second": "30.8227054387", "kilometers_per_hour": "110961.7395794849", "miles_per_hour": "68947.3097959305"}, "miss_distance": {"astronomical": "0.3762282852", "lunar": "146.3527984619", "kilometers": "56282948", "miles": "34972604"}, "orbiting_body": "Earth"}, {"close_approach_date": "2115-01-21", "epoch_date_close_approach": 4577500800000, "relative_velocity": {"kilometers_per_second": "11.7267687284", "kilometers_per_hour": "42216.3674221104", "miles_per_hour": "26231.6089684774"}, "miss_distance": {"astronomical": "1.0253439384", "lunar": "398.8587646484", "kilometers": "153389264", "miles": "95311672"}, "orbiting_body": "Juptr"}, {"close_approach_date": "2126-12-04", "epoch_date_close_approach": 4952044800000, "relative_velocity": {"kilometers_per_second": "10.4864667404", "kilometers_per_hour": "37751.2802655044", "miles_per_hour": "23457.1774516408"}, "miss_distance": {"astronomical": "1.292425487", "lunar": "502.7535095215", "kilometers": "193344112", "miles": "120138456"}, "orbiting_body": "Juptr"}, {"close_approach_date": "2134-08-25", "epoch_date_close_approach": 5195775600000, "relative_velocity": {"kilometers_per_second": "27.3935965642", "kilometers_per_hour": "98616.947631133", "miles_per_hour": "61276.736154467"}, "miss_distance": {"astronomical": "0.2782240218", "lunar": "108.2291412354", "kilometers": "41621720", "miles": "25862538"}, "orbiting_body": "Earth"}, {"close_approach_date": "2134-10-16", "epoch_date_close_approach": 5200268400000, "relative_velocity": {"kilometers_per_second": "35.1003516436", "kilometers_per_hour": "126361.2659171213", "miles_per_hour": "78515.9765916691"}, "miss_distance": {"astronomical": "0.013583821", "lunar": "5.2841062546", "kilometers": "2032110.75", "miles": "1262695.125"}, "orbiting_body": "Merc"}, {"close_approach_date": "2138-08-21", "epoch_date_close_approach": 5321660400000, "relative_velocity": {"kilometers_per_second": "9.9105726262", "kilometers_per_hour": "35678.0614542861", "miles_per_hour": "22168.9599075257"}, "miss_distance": {"astronomical": "1.6741457314", "lunar": "651.2426757812", "kilometers": "250448640", "miles": "155621568"}, "orbiting_body": "Juptr"}, {"close_approach_date": "2150-03-30", "epoch_date_close_approach": 5687910000000, "relative_velocity": {"kilometers_per_second": "9.8082035342", "kilometers_per_hour": "35309.5327231222", "miles_per_hour": "21939.9704856534"}, "miss_distance": {"astronomical": "1.9258358339", "lunar": "749.1501464844", "kilometers": "288100960", "miles": "179017632"}, "orbiting_body": "Juptr"}, {"close_approach_date": "2153-04-03", "epoch_date_close_approach": 5782950000000, "relative_velocity": {"kilometers_per_second": "32.2652346323", "kilometers_per_hour": "116154.8446761781", "miles_per_hour": "72174.1033489286"}, "miss_distance": {"astronomical": "0.4282439169", "lunar": "166.5868835449", "kilometers": "64064376", "miles": "39807760"}, "orbiting_body": "Earth"}, {"close_approach_date": "2159-05-10", "epoch_date_close_approach": 5975449200000, "relative_velocity": {"kilometers_per_second": "34.8997988839", "kilometers_per_hour": "125639.2759821847", "miles_per_hour": "78067.3601234858"}, "miss_distance": {"astronomical": "0.0181533794", "lunar": "7.0616641045", "kilometers": "2715706.75", "miles": "1687462"}, "orbiting_body": "Merc"}, {"close_approach_date": "2161-10-31", "epoch_date_close_approach": 6053641200000, "relative_velocity": {"kilometers_per_second": "9.9754859057", "kilometers_per_hour": "35911.7492606582", "miles_per_hour": "22314.1644225462"}, "miss_distance": {"astronomical": "1.9490197472", "lunar": "758.1687011719", "kilometers": "291569216", "miles": "181172704"}, "orbiting_body": "Juptr"}, {"close_approach_date": "2165-04-21", "epoch_date_close_approach": 6163196400000, "relative_velocity": {"kilometers_per_second": "29.6214297467", "kilometers_per_hour": "106637.1470879692", "miles_per_hour": "66260.1762002995"}, "miss_distance": {"astronomical": "0.0716742905", "lunar": "27.8812980652", "kilometers": "10722321", "miles": "6662541.5"}, "orbiting_body": "Mars"}, {"close_approach_date": "2171-07-24", "epoch_date_close_approach": 6360620400000, "relative_velocity": {"kilometers_per_second": "47.0264183238", "kilometers_per_hour": "169295.1059658276", "miles_per_hour": "105193.3951485999"}, "miss_distance": {"astronomical": "0.4673896235", "lunar": "181.8145599365", "kilometers": "69920488", "miles": "43446580"}, "orbiting_body": "Earth"}, {"close_approach_date": "2173-07-03", "epoch_date_close_approach": 6421964400000, "relative_velocity": {"kilometers_per_second": "10.752977671", "kilometers_per_hour": "38710.719615487", "miles_per_hour": "24053.3357521897"}, "miss_distance": {"astronomical": "1.813508516", "lunar": "705.4548339844", "kilometers": "271297024", "miles": "168576144"}, "orbiting_body": "Juptr"}, {"close_approach_date": "2185-05-23", "epoch_date_close_approach": 6797113200000, "relative_velocity": {"kilometers_per_second": "12.7464237807", "kilometers_per_hour": "45887.1256106417", "miles_per_hour": "28512.4753551234"}, "miss_distance": {"astronomical": "1.7971757008", "lunar": "699.1013183594", "kilometers": "268853664", "miles": "167057920"}, "orbiting_body": "Juptr"}, {"close_approach_date": "2190-04-16", "epoch_date_close_approach": 6951682800000, "relative_velocity": {"kilometers_per_second": "38.7425221765", "kilometers_per_hour": "139473.0798355703", "miles_per_hour": "86663.1478567187"}, "miss_distance": {"astronomical": "0.4880196673", "lunar": "189.8396606445", "kilometers": "73006704", "miles": "45364264"}, "orbiting_body": "Earth"}, {"close_approach_date": "2196-06-08", "epoch_date_close_approach": 7145650800000, "relative_velocity": {"kilometers_per_second": "30.9219272147", "kilometers_per_hour": "111318.9379727569", "miles_per_hour": "69169.2589864611"}, "miss_distance": {"astronomical": "0.0416700708", "lunar": "16.2096576691", "kilometers": "6233753.5", "miles": "3873475"}, "orbiting_body": "Merc"}], "orbital_data": {"orbit_id": "17", "orbit_determination_date": "2017-11-06 06:17:17", "orbit_uncertainty": "0", "minimum_orbit_intersection": ".00888897", "jupiter_tisserand_invariant": "2.134", "epoch_osculation": "2458000.5", "eccentricity": ".9228382270431318", "semi_major_axis": "3.362603635045907", "inclination": "18.77413637903573", "ascending_node_longitude": "140.4680750068133", "orbital_period": "2252.225877261033", "perihelion_distance": ".2594644582313521", "perihelion_argument": "304.9486049804093", "aphelion_distance": "6.465742811860463", "perihelion_time": "2457865.528880973320", "mean_anomaly": "21.57403630789254", "mean_motion": ".1598418718276168", "equinox": "J2000"}}