{"links": {"self": "https://api.nasa.gov/neo/rest/v1/neo/3565474?api_key=stjNMXvPIBN6FqEBpH6hQbWAtFDv0RARRez0p7z1"}, "neo_reference_id": "3565474", "name": "(2011 JR13)", "nasa_jpl_url": "http://ssd.jpl.nasa.gov/sbdb.cgi?sstr=3565474", "absolute_magnitude_h": 19.5, "estimated_diameter": {"kilometers": {"estimated_diameter_min": 0.3346223745, "estimated_diameter_max": 0.7482383761}, "meters": {"estimated_diameter_min": 334.6223744549, "estimated_diameter_max": 748.2383760735}, "miles": {"estimated_diameter_min": 0.2079246394, "estimated_diameter_max": 0.464933628}, "feet": {"estimated_diameter_min": 1097.8424710066, "estimated_diameter_max": 2454.8503937571}}, "is_potentially_hazardous_asteroid": true, "close_approach_data": [{"close_approach_date": "1900-05-14", "epoch_date_close_approach": -2197468800000, "relative_velocity": {"kilometers_per_second": "31.0993710719", "kilometers_per_hour": "111957.7358587529", "miles_per_hour": "69566.183150679"}, "miss_distance": {"astronomical": "0.1619599397", "lunar": "63.0024185181", "kilometers": "24228864", "miles": "15055118"}, "orbiting_body": "Earth"}, {"close_approach_date": "1902-01-28", "epoch_date_close_approach": -2143555200000, "relative_velocity": {"kilometers_per_second": "33.0580811975", "kilometers_per_hour": "119009.0923108934", "miles_per_hour": "73947.6218306215"}, "miss_distance": {"astronomical": "0.4281900008", "lunar": "166.56590271", "kilometers": "64056312", "miles": "39802748"}, "orbiting_body": "Earth"}, {"close_approach_date": "1903-05-05", "epoch_date_close_approach": -2103638400000, "relative_velocity": {"kilometers_per_second": "37.5855400006", "kilometers_per_hour": "135307.9440021877", "miles_per_hour": "84075.0944273594"}, "miss_distance": {"astronomical": "0.3730121648", "lunar": "145.1017303467", "kilometers": "55801824", "miles": "34673648"}, "orbiting_body": "Earth"}, {"close_approach_date": "1905-01-14", "epoch_date_close_approach": -2050070400000, "relative_velocity": {"kilometers_per_second": "26.9865986447", "kilometers_per_hour": "97151.7551208145", "miles_per_hour": "60366.3225082639"}, "miss_distance": {"astronomical": "0.3620098251", "lunar": "140.8218231201", "kilometers": "54155900", "miles": "33650916"}, "orbiting_body": "Earth"}, {"close_approach_date": "1907-12-26", "epoch_date_close_approach": -1957104000000, "relative_velocity": {"kilometers_per_second": "23.3181764703", "kilometers_per_hour": "83945.4352930786", "miles_per_hour": "52160.4289464132"}, "miss_distance": {"astronomical": "0.4080310044", "lunar": "158.7240600586", "kilometers": "61040572", "miles": "37928852"}, "orbiting_body": "Earth"}, {"close_approach_date": "1910-12-01", "epoch_date_close_approach": -1864569600000, "relative_velocity": {"kilometers_per_second": "26.2833370501", "kilometers_per_hour": "94620.0133803128", "miles_per_hour": "58793.1966473394"}, "miss_distance": {"astronomical": "0.499905191", "lunar": "194.4631195068", "kilometers": "74784752", "miles": "46469092"}, "orbiting_body": "Earth"}, {"close_approach_date": "1922-08-14", "epoch_date_close_approach": -1495296000000, "relative_velocity": {"kilometers_per_second": "27.9518785333", "kilometers_per_hour": "100626.7627200424", "miles_per_hour": "62525.5570912397"}, "miss_distance": {"astronomical": "0.1434853247", "lunar": "55.8157920837", "kilometers": "21465098", "miles": "13337794"}, "orbiting_body": "Venus"}, {"close_approach_date": "1925-09-08", "epoch_date_close_approach": -1398441600000, "relative_velocity": {"kilometers_per_second": "38.5280744527", "kilometers_per_hour": "138701.0680298741", "miles_per_hour": "86183.4497433404"}, "miss_distance": {"astronomical": "0.0810400793", "lunar": "31.5245895386", "kilometers": "12123423", "miles": "7533146"}, "orbiting_body": "Merc"}, {"close_approach_date": "1931-05-30", "epoch_date_close_approach": -1217865600000, "relative_velocity": {"kilometers_per_second": "17.4873673446", "kilometers_per_hour": "62954.5224406324", "miles_per_hour": "39117.4920131807"}, "miss_distance": {"astronomical": "0.4249275797", "lunar": "165.2968292236", "kilometers": "63568264", "miles": "39499488"}, "orbiting_body": "Earth"}, {"close_approach_date": "1934-05-28", "epoch_date_close_approach": -1123344000000, "relative_velocity": {"kilometers_per_second": "21.4080169565", "kilometers_per_hour": "77068.8610432902", "miles_per_hour": "47887.5931299266"}, "miss_distance": {"astronomical": "0.208950047", "lunar": "81.2815704346", "kilometers": "31258482", "miles": "19423120"}, "orbiting_body": "Earth"}, {"close_approach_date": "1937-05-20", "epoch_date_close_approach": -1029340800000, "relative_velocity": {"kilometers_per_second": "27.0991517254", "kilometers_per_hour": "97556.946211309", "miles_per_hour": "60618.0924944658"}, "miss_distance": {"astronomical": "0.0435561767", "lunar": "16.9433517456", "kilometers": "6515911.5", "miles": "4048799.5"}, "orbiting_body": "Earth"}, {"close_approach_date": "1940-05-11", "epoch_date_close_approach": -935424000000, "relative_velocity": {"kilometers_per_second": "33.4580675606", "kilometers_per_hour": "120449.0432182385", "miles_per_hour": "74842.3513263549"}, "miss_distance": {"astronomical": "0.2406922288", "lunar": "93.6292800903", "kilometers": "36007044", "miles": "22373740"}, "orbiting_body": "Earth"}, {"close_approach_date": "1942-01-23", "epoch_date_close_approach": -881683200000, "relative_velocity": {"kilometers_per_second": "30.7113850924", "kilometers_per_hour": "110560.9863327674", "miles_per_hour": "68698.2973132687"}, "miss_distance": {"astronomical": "0.3935297259", "lunar": "153.0830535889", "kilometers": "58871208", "miles": "36580872"}, "orbiting_body": "Earth"}, {"close_approach_date": "1943-05-01", "epoch_date_close_approach": -841683600000, "relative_velocity": {"kilometers_per_second": "40.1734923528", "kilometers_per_hour": "144624.5724699673", "miles_per_hour": "89864.0850439083"}, "miss_distance": {"astronomical": "0.4540295904", "lunar": "176.6175079346", "kilometers": "67921864", "miles": "42204688"}, "orbiting_body": "Earth"}, {"close_approach_date": "1945-01-07", "epoch_date_close_approach": -788374800000, "relative_velocity": {"kilometers_per_second": "25.0057868348", "kilometers_per_hour": "90020.8326053534", "miles_per_hour": "55935.4445708098"}, "miss_distance": {"astronomical": "0.3699538269", "lunar": "143.9120483398", "kilometers": "55344308", "miles": "34389360"}, "orbiting_body": "Earth"}, {"close_approach_date": "1947-12-16", "epoch_date_close_approach": -695664000000, "relative_velocity": {"kilometers_per_second": "23.8542158766", "kilometers_per_hour": "85875.1771557586", "miles_per_hour": "53359.4954943656"}, "miss_distance": {"astronomical": "0.4459013985", "lunar": "173.4556427002", "kilometers": "66705900", "miles": "41449124"}, "orbiting_body": "Earth"}, {"close_approach_date": "1962-08-08", "epoch_date_close_approach": -233514000000, "relative_velocity": {"kilometers_per_second": "29.7426098834", "kilometers_per_hour": "107073.3955801324", "miles_per_hour": "66531.2440481106"}, "miss_distance": {"astronomical": "0.1303154057", "lunar": "50.6926956177", "kilometers": "19494908", "miles": "12113574"}, "orbiting_body": "Venus"}, {"close_approach_date": "1965-09-01", "epoch_date_close_approach": -136746000000, "relative_velocity": {"kilometers_per_second": "39.428114957", "kilometers_per_hour": "141941.213845317", "miles_per_hour": "88196.750347386"}, "miss_distance": {"astronomical": "0.0825491574", "lunar": "32.1116218567", "kilometers": "12349178", "miles": "7673423.5"}, "orbiting_body": "Merc"}, {"close_approach_date": "1971-05-30", "epoch_date_close_approach": 44434800000, "relative_velocity": {"kilometers_per_second": "19.2928372994", "kilometers_per_hour": "69454.2142777648", "miles_per_hour": "43156.1477549811"}, "miss_distance": {"astronomical": "0.3076092544", "lunar": "119.6600036621", "kilometers": "46017692", "miles": "28594068"}, "orbiting_body": "Earth"}, {"close_approach_date": "1974-05-24", "epoch_date_close_approach": 138610800000, "relative_velocity": {"kilometers_per_second": "24.5235255209", "kilometers_per_hour": "88284.691875402", "miles_per_hour": "54856.6742378019"}, "miss_distance": {"astronomical": "0.0896777877", "lunar": "34.8846588135", "kilometers": "13415606", "miles": "8336071.5"}, "orbiting_body": "Earth"}, {"close_approach_date": "1977-05-15", "epoch_date_close_approach": 232527600000, "relative_velocity": {"kilometers_per_second": "30.6206651071", "kilometers_per_hour": "110234.3943855564", "miles_per_hour": "68495.3657780698"}, "miss_distance": {"astronomical": "0.1481055609", "lunar": "57.6130638123", "kilometers": "22156276", "miles": "13767272"}, "orbiting_body": "Earth"}, {"close_approach_date": "1979-01-30", "epoch_date_close_approach": 286531200000, "relative_velocity": {"kilometers_per_second": "33.6178924273", "kilometers_per_hour": "121024.4127384146", "miles_per_hour": "75199.863570711"}, "miss_distance": {"astronomical": "0.4420593521", "lunar": "171.9610900879", "kilometers": "66131136", "miles": "41091984"}, "orbiting_body": "Earth"}, {"close_approach_date": "1980-05-05", "epoch_date_close_approach": 326358000000, "relative_velocity": {"kilometers_per_second": "37.1398104355", "kilometers_per_hour": "133703.3175676819", "miles_per_hour": "83078.0419630966"}, "miss_distance": {"astronomical": "0.3600172335", "lunar": "140.0467071533", "kilometers": "53857812", "miles": "33465694"}, "orbiting_body": "Earth"}, {"close_approach_date": "1982-01-15", "epoch_date_close_approach": 379929600000, "relative_velocity": {"kilometers_per_second": "27.422684756", "kilometers_per_hour": "98721.6651214344", "miles_per_hour": "61341.8035305935"}, "miss_distance": {"astronomical": "0.3674288484", "lunar": "142.9298248291", "kilometers": "54966572", "miles": "34154644"}, "orbiting_body": "Earth"}, {"close_approach_date": "1984-12-27", "epoch_date_close_approach": 472982400000, "relative_velocity": {"kilometers_per_second": "23.4949523551", "kilometers_per_hour": "84581.828478211", "miles_per_hour": "52555.8589230306"}, "miss_distance": {"astronomical": "0.4045962581", "lunar": "157.3879547119", "kilometers": "60526740", "miles": "37609572"}, "orbiting_body": "Earth"}, {"close_approach_date": "1987-12-03", "epoch_date_close_approach": 565516800000, "relative_velocity": {"kilometers_per_second": "26.1166980024", "kilometers_per_hour": "94020.1128087462", "miles_per_hour": "58420.4417616346"}, "miss_distance": {"astronomical": "0.4946189068", "lunar": "192.40675354", "kilometers": "73993936", "miles": "45977700"}, "orbiting_body": "Earth"}, {"close_approach_date": "2002-08-02", "epoch_date_close_approach": 1028271600000, "relative_velocity": {"kilometers_per_second": "31.4404020728", "kilometers_per_hour": "113185.4474622488", "miles_per_hour": "70329.0353967512"}, "miss_distance": {"astronomical": "0.1311847811", "lunar": "51.0308837891", "kilometers": "19624964", "miles": "12194388"}, "orbiting_body": "Venus"}, {"close_approach_date": "2005-08-25", "epoch_date_close_approach": 1124953200000, "relative_velocity": {"kilometers_per_second": "41.6415612305", "kilometers_per_hour": "149909.6204297564", "miles_per_hour": "93148.0083164784"}, "miss_distance": {"astronomical": "0.0914743928", "lunar": "35.5835380554", "kilometers": "13684374", "miles": "8503076"}, "orbiting_body": "Merc"}, {"close_approach_date": "2008-05-29", "epoch_date_close_approach": 1212044400000, "relative_velocity": {"kilometers_per_second": "17.5552214759", "kilometers_per_hour": "63198.7973131144", "miles_per_hour": "39269.2749193626"}, "miss_distance": {"astronomical": "0.4256020495", "lunar": "165.5592041016", "kilometers": "63669160", "miles": "39562184"}, "orbiting_body": "Earth"}, {"close_approach_date": "2011-05-28", "epoch_date_close_approach": 1306566000000, "relative_velocity": {"kilometers_per_second": "21.4702568366", "kilometers_per_hour": "77292.9246116056", "miles_per_hour": "48026.8175176946"}, "miss_distance": {"astronomical": "0.2079535323", "lunar": "80.8939208984", "kilometers": "31109406", "miles": "19330488"}, "orbiting_body": "Earth"}, {"close_approach_date": "2014-05-21", "epoch_date_close_approach": 1400655600000, "relative_velocity": {"kilometers_per_second": "27.1948555526", "kilometers_per_hour": "97901.4799892588", "miles_per_hour": "60832.1723855481"}, "miss_distance": {"astronomical": "0.0506196756", "lunar": "19.6910533905", "kilometers": "7572596", "miles": "4705393"}, "orbiting_body": "Earth"}, {"close_approach_date": "2017-05-11", "epoch_date_close_approach": 1494486000000, "relative_velocity": {"kilometers_per_second": "33.5813039984", "kilometers_per_hour": "120892.6943943113", "miles_per_hour": "75118.0189140653"}, "miss_distance": {"astronomical": "0.2468901996", "lunar": "96.0402908325", "kilometers": "36934248", "miles": "22949878"}, "orbiting_body": "Earth"}, {"close_approach_date": "2019-01-24", "epoch_date_close_approach": 1548316800000, "relative_velocity": {"kilometers_per_second": "30.6268199786", "kilometers_per_hour": "110256.5519229359", "miles_per_hour": "68509.1336101154"}, "miss_distance": {"astronomical": "0.3969690682", "lunar": "154.4209747314", "kilometers": "59385728", "miles": "36900580"}, "orbiting_body": "Earth"}, {"close_approach_date": "2020-05-01", "epoch_date_close_approach": 1588316400000, "relative_velocity": {"kilometers_per_second": "40.3139781023", "kilometers_per_hour": "145130.3211681943", "miles_per_hour": "90178.3376169816"}, "miss_distance": {"astronomical": "0.4606787943", "lunar": "179.2040405273", "kilometers": "68916568", "miles": "42822768"}, "orbiting_body": "Earth"}, {"close_approach_date": "2022-01-07", "epoch_date_close_approach": 1641542400000, "relative_velocity": {"kilometers_per_second": "24.9931870297", "kilometers_per_hour": "89975.4733067756", "miles_per_hour": "55907.2600666462"}, "miss_distance": {"astronomical": "0.3742251341", "lunar": "145.5735778809", "kilometers": "55983284", "miles": "34786400"}, "orbiting_body": "Earth"}, {"close_approach_date": "2024-12-15", "epoch_date_close_approach": 1734249600000, "relative_velocity": {"kilometers_per_second": "24.0880763192", "kilometers_per_hour": "86717.0747491441", "miles_per_hour": "53882.6179184335"}, "miss_distance": {"astronomical": "0.4496728634", "lunar": "174.922744751", "kilometers": "67270104", "miles": "41799704"}, "orbiting_body": "Earth"}, {"close_approach_date": "2045-08-17", "epoch_date_close_approach": 2386566000000, "relative_velocity": {"kilometers_per_second": "38.8253681853", "kilometers_per_hour": "139771.3254669929", "miles_per_hour": "86848.4660936434"}, "miss_distance": {"astronomical": "0.0810888553", "lunar": "31.5435657501", "kilometers": "12130720", "miles": "7537680"}, "orbiting_body": "Merc"}, {"close_approach_date": "2048-05-29", "epoch_date_close_approach": 2474348400000, "relative_velocity": {"kilometers_per_second": "19.6157458231", "kilometers_per_hour": "70616.6849633008", "miles_per_hour": "43878.4618317799"}, "miss_distance": {"astronomical": "0.2926639203", "lunar": "113.8462677002", "kilometers": "43781900", "miles": "27204812"}, "orbiting_body": "Earth"}, {"close_approach_date": "2049-12-17", "epoch_date_close_approach": 2523340800000, "relative_velocity": {"kilometers_per_second": "28.1963332757", "kilometers_per_hour": "101506.799792457", "miles_per_hour": "63072.3779043742"}, "miss_distance": {"astronomical": "0.1476086601", "lunar": "57.4197654724", "kilometers": "22081940", "miles": "13721082"}, "orbiting_body": "Venus"}, {"close_approach_date": "2051-05-24", "epoch_date_close_approach": 2568524400000, "relative_velocity": {"kilometers_per_second": "24.9704420914", "kilometers_per_hour": "89893.5915290393", "miles_per_hour": "55856.3819142522"}, "miss_distance": {"astronomical": "0.0780712284", "lunar": "30.3697090149", "kilometers": "11679290", "miles": "7257174"}, "orbiting_body": "Earth"}, {"close_approach_date": "2054-05-15", "epoch_date_close_approach": 2662441200000, "relative_velocity": {"kilometers_per_second": "31.0959761393", "kilometers_per_hour": "111945.5141014077", "miles_per_hour": "69558.5890259552"}, "miss_distance": {"astronomical": "0.1671910628", "lunar": "65.037322998", "kilometers": "25011426", "miles": "15541380"}, "orbiting_body": "Earth"}, {"close_approach_date": "2056-01-29", "epoch_date_close_approach": 2716358400000, "relative_velocity": {"kilometers_per_second": "33.1358369378", "kilometers_per_hour": "119289.0129759842", "miles_per_hour": "74121.5536461053"}, "miss_distance": {"astronomical": "0.4377354267", "lunar": "170.279083252", "kilometers": "65484292", "miles": "40690052"}, "orbiting_body": "Earth"}, {"close_approach_date": "2057-05-05", "epoch_date_close_approach": 2756271600000, "relative_velocity": {"kilometers_per_second": "37.6974190536", "kilometers_per_hour": "135710.7085929125", "miles_per_hour": "84325.3566809683"}, "miss_distance": {"astronomical": "0.3796972386", "lunar": "147.7022247314", "kilometers": "56801900", "miles": "35295064"}, "orbiting_body": "Earth"}, {"close_approach_date": "2059-01-15", "epoch_date_close_approach": 2809843200000, "relative_velocity": {"kilometers_per_second": "27.0181343283", "kilometers_per_hour": "97265.2835817119", "miles_per_hour": "60436.8646788698"}, "miss_distance": {"astronomical": "0.3702015564", "lunar": "144.0084075928", "kilometers": "55381364", "miles": "34412384"}, "orbiting_body": "Earth"}, {"close_approach_date": "2061-12-26", "epoch_date_close_approach": 2902809600000, "relative_velocity": {"kilometers_per_second": "23.5533412179", "kilometers_per_hour": "84792.028384336", "miles_per_hour": "52686.4689702559"}, "miss_distance": {"astronomical": "0.4135453867", "lunar": "160.8691558838", "kilometers": "61865512", "miles": "38441448"}, "orbiting_body": "Earth"}, {"close_approach_date": "2085-05-30", "epoch_date_close_approach": 3642044400000, "relative_velocity": {"kilometers_per_second": "17.8549000086", "kilometers_per_hour": "64277.6400309553", "miles_per_hour": "39939.6258292344"}, "miss_distance": {"astronomical": "0.4016539169", "lunar": "156.2433776855", "kilometers": "60086572", "miles": "37336064"}, "orbiting_body": "Earth"}, {"close_approach_date": "2085-08-10", "epoch_date_close_approach": 3648265200000, "relative_velocity": {"kilometers_per_second": "39.4505952586", "kilometers_per_hour": "142022.1429308599", "miles_per_hour": "88247.0365339002"}, "miss_distance": {"astronomical": "0.0825649907", "lunar": "32.1177787781", "kilometers": "12351546", "miles": "7674895"}, "orbiting_body": "Merc"}, {"close_approach_date": "2088-05-27", "epoch_date_close_approach": 3736479600000, "relative_velocity": {"kilometers_per_second": "22.0399039003", "kilometers_per_hour": "79343.6540411506", "miles_per_hour": "49301.0610346249"}, "miss_distance": {"astronomical": "0.1848052022", "lunar": "71.8892211914", "kilometers": "27646464", "miles": "17178716"}, "orbiting_body": "Earth"}, {"close_approach_date": "2089-12-11", "epoch_date_close_approach": 3785126400000, "relative_velocity": {"kilometers_per_second": "29.8616032124", "kilometers_per_hour": "107501.7715646933", "miles_per_hour": "66797.4202258507"}, "miss_distance": {"astronomical": "0.1384703766", "lunar": "53.8649787903", "kilometers": "20714874", "miles": "12871626"}, "orbiting_body": "Venus"}, {"close_approach_date": "2091-05-20", "epoch_date_close_approach": 3830482800000, "relative_velocity": {"kilometers_per_second": "27.8812088283", "kilometers_per_hour": "100372.3517819552", "miles_per_hour": "62367.476028071"}, "miss_distance": {"astronomical": "0.0704630368", "lunar": "27.4101219177", "kilometers": "10541121", "miles": "6549948.5"}, "orbiting_body": "Earth"}, {"close_approach_date": "2094-05-11", "epoch_date_close_approach": 3924399600000, "relative_velocity": {"kilometers_per_second": "34.359740611", "kilometers_per_hour": "123695.0661995705", "miles_per_hour": "76859.3037727276"}, "miss_distance": {"astronomical": "0.2738525591", "lunar": "106.5286483765", "kilometers": "40967760", "miles": "25456186"}, "orbiting_body": "Earth"}, {"close_approach_date": "2096-01-23", "epoch_date_close_approach": 3978144000000, "relative_velocity": {"kilometers_per_second": "29.9546773512", "kilometers_per_hour": "107836.8384643596", "miles_per_hour": "67005.6177669239"}, "miss_distance": {"astronomical": "0.3927729622", "lunar": "152.7886810303", "kilometers": "58758000", "miles": "36510528"}, "orbiting_body": "Earth"}, {"close_approach_date": "2097-04-30", "epoch_date_close_approach": 4018143600000, "relative_velocity": {"kilometers_per_second": "41.1400765217", "kilometers_per_hour": "148104.275478201", "miles_per_hour": "92026.2371714411"}, "miss_distance": {"astronomical": "0.4872061513", "lunar": "189.5231933594", "kilometers": "72885008", "miles": "45288644"}, "orbiting_body": "Earth"}, {"close_approach_date": "2099-01-06", "epoch_date_close_approach": 4071369600000, "relative_velocity": {"kilometers_per_second": "24.601318443", "kilometers_per_hour": "88564.7463948882", "miles_per_hour": "55030.6892252015"}, "miss_distance": {"astronomical": "0.3824294144", "lunar": "148.765045166", "kilometers": "57210628", "miles": "35549036"}, "orbiting_body": "Earth"}, {"close_approach_date": "2101-12-14", "epoch_date_close_approach": 4163990400000, "relative_velocity": {"kilometers_per_second": "24.5962753031", "kilometers_per_hour": "88546.5910912298", "miles_per_hour": "55019.4082255478"}, "miss_distance": {"astronomical": "0.4606931974", "lunar": "179.2096557617", "kilometers": "68918720", "miles": "42824108"}, "orbiting_body": "Earth"}, {"close_approach_date": "2122-05-29", "epoch_date_close_approach": 4809481200000, "relative_velocity": {"kilometers_per_second": "17.1810833243", "kilometers_per_hour": "61851.8999675639", "miles_per_hour": "38432.3652881788"}, "miss_distance": {"astronomical": "0.4826306156", "lunar": "187.7433013916", "kilometers": "72200512", "miles": "44863320"}, "orbiting_body": "Earth"}, {"close_approach_date": "2125-05-30", "epoch_date_close_approach": 4904262000000, "relative_velocity": {"kilometers_per_second": "20.1974568514", "kilometers_per_hour": "72710.8446649806", "miles_per_hour": "45179.6912308598"}, "miss_distance": {"astronomical": "0.266142778", "lunar": "103.5295410156", "kilometers": "39814396", "miles": "24739518"}, "orbiting_body": "Earth"}, {"close_approach_date": "2125-08-04", "epoch_date_close_approach": 4909964400000, "relative_velocity": {"kilometers_per_second": "36.4502269357", "kilometers_per_hour": "131220.8169683843", "miles_per_hour": "81535.512632383"}, "miss_distance": {"astronomical": "0.0852489466", "lunar": "33.1618423462", "kilometers": "12753061", "miles": "7924385"}, "orbiting_body": "Merc"}, {"close_approach_date": "2128-05-24", "epoch_date_close_approach": 4998438000000, "relative_velocity": {"kilometers_per_second": "25.6767508936", "kilometers_per_hour": "92436.3032171317", "miles_per_hour": "57436.3240740005"}, "miss_distance": {"astronomical": "0.0647534999", "lunar": "25.1891117096", "kilometers": "9686986", "miles": "6019214"}, "orbiting_body": "Earth"}, {"close_approach_date": "2131-05-16", "epoch_date_close_approach": 5092354800000, "relative_velocity": {"kilometers_per_second": "31.8866141022", "kilometers_per_hour": "114791.8107677634", "miles_per_hour": "71327.1670851139"}, "miss_distance": {"astronomical": "0.1951678362", "lunar": "75.9202880859", "kilometers": "29196694", "miles": "18141984"}, "orbiting_body": "Earth"}, {"close_approach_date": "2133-01-28", "epoch_date_close_approach": 5146185600000, "relative_velocity": {"kilometers_per_second": "32.3972791362", "kilometers_per_hour": "116630.2048902448", "miles_per_hour": "72469.473699719"}, "miss_distance": {"astronomical": "0.4292661678", "lunar": "166.9845275879", "kilometers": "64217304", "miles": "39902784"}, "orbiting_body": "Earth"}, {"close_approach_date": "2134-05-06", "epoch_date_close_approach": 5186185200000, "relative_velocity": {"kilometers_per_second": "38.5094116617", "kilometers_per_hour": "138633.8819820383", "miles_per_hour": "86141.702946006"}, "miss_distance": {"astronomical": "0.4073856953", "lunar": "158.4730377197", "kilometers": "60944036", "miles": "37868868"}, "orbiting_body": "Earth"}, {"close_approach_date": "2136-01-14", "epoch_date_close_approach": 5239584000000, "relative_velocity": {"kilometers_per_second": "26.4281669892", "kilometers_per_hour": "95141.4011610217", "miles_per_hour": "59117.1667380804"}, "miss_distance": {"astronomical": "0.3738250569", "lunar": "145.4179382324", "kilometers": "55923432", "miles": "34749208"}, "orbiting_body": "Earth"}, {"close_approach_date": "2138-12-24", "epoch_date_close_approach": 5332464000000, "relative_velocity": {"kilometers_per_second": "23.7138077501", "kilometers_per_hour": "85369.7079004612", "miles_per_hour": "53045.4165562616"}, "miss_distance": {"astronomical": "0.425795312", "lunar": "165.6343841553", "kilometers": "63698072", "miles": "39580148"}, "orbiting_body": "Earth"}, {"close_approach_date": "2162-05-31", "epoch_date_close_approach": 6071958000000, "relative_velocity": {"kilometers_per_second": "18.3349249472", "kilometers_per_hour": "66005.729809749", "miles_per_hour": "41013.3936142854"}, "miss_distance": {"astronomical": "0.3694201908", "lunar": "143.7044525146", "kilometers": "55264476", "miles": "34339752"}, "orbiting_body": "Earth"}, {"close_approach_date": "2165-05-28", "epoch_date_close_approach": 6166393200000, "relative_velocity": {"kilometers_per_second": "22.8693560239", "kilometers_per_hour": "82329.6816859475", "miles_per_hour": "51156.4624898044"}, "miss_distance": {"astronomical": "0.1541161554", "lunar": "59.9511833191", "kilometers": "23055448", "miles": "14325992"}, "orbiting_body": "Earth"}, {"close_approach_date": "2165-07-28", "epoch_date_close_approach": 6171663600000, "relative_velocity": {"kilometers_per_second": "36.6429653788", "kilometers_per_hour": "131914.6753635461", "miles_per_hour": "81966.6492557545"}, "miss_distance": {"astronomical": "0.0845833135", "lunar": "32.9029083252", "kilometers": "12653484", "miles": "7862510"}, "orbiting_body": "Merc"}, {"close_approach_date": "2168-05-20", "epoch_date_close_approach": 6260396400000, "relative_velocity": {"kilometers_per_second": "28.7547229957", "kilometers_per_hour": "103517.0027846111", "miles_per_hour": "64321.4398691379"}, "miss_distance": {"astronomical": "0.0987090695", "lunar": "38.3978271484", "kilometers": "14766667", "miles": "9175581"}, "orbiting_body": "Earth"}, {"close_approach_date": "2170-02-04", "epoch_date_close_approach": 6314400000000, "relative_velocity": {"kilometers_per_second": "35.6401834562", "kilometers_per_hour": "128304.6604421425", "miles_per_hour": "79723.5263730635"}, "miss_distance": {"astronomical": "0.4923351998", "lunar": "191.5183868408", "kilometers": "73652296", "miles": "45765416"}, "orbiting_body": "Earth"}, {"close_approach_date": "2171-05-11", "epoch_date_close_approach": 6354226800000, "relative_velocity": {"kilometers_per_second": "35.2105909117", "kilometers_per_hour": "126758.1272822806", "miles_per_hour": "78762.5708104815"}, "miss_distance": {"astronomical": "0.3040495961", "lunar": "118.2752838135", "kilometers": "45485172", "miles": "28263174"}, "orbiting_body": "Earth"}, {"close_approach_date": "2173-01-22", "epoch_date_close_approach": 6407971200000, "relative_velocity": {"kilometers_per_second": "29.249003667", "kilometers_per_hour": "105296.4132012382", "miles_per_hour": "65427.096302736"}, "miss_distance": {"astronomical": "0.3895617847", "lunar": "151.5395355225", "kilometers": "58277612", "miles": "36212028"}, "orbiting_body": "Earth"}, {"close_approach_date": "2176-01-05", "epoch_date_close_approach": 6501110400000, "relative_velocity": {"kilometers_per_second": "24.2943931203", "kilometers_per_hour": "87459.8152331808", "miles_per_hour": "54344.1279708617"}, "miss_distance": {"astronomical": "0.3915989953", "lunar": "152.3320159912", "kilometers": "58582376", "miles": "36401400"}, "orbiting_body": "Earth"}, {"close_approach_date": "2177-04-23", "epoch_date_close_approach": 6542060400000, "relative_velocity": {"kilometers_per_second": "28.9468179259", "kilometers_per_hour": "104208.5445333959", "miles_per_hour": "64751.1370185426"}, "miss_distance": {"astronomical": "0.1488450405", "lunar": "57.9007225037", "kilometers": "22266902", "miles": "13836012"}, "orbiting_body": "Venus"}, {"close_approach_date": "2178-12-11", "epoch_date_close_approach": 6593644800000, "relative_velocity": {"kilometers_per_second": "25.171848839", "kilometers_per_hour": "90618.655820485", "miles_per_hour": "56306.9086680119"}, "miss_distance": {"astronomical": "0.4716077385", "lunar": "183.4554138184", "kilometers": "70551512", "miles": "43838680"}, "orbiting_body": "Earth"}, {"close_approach_date": "2199-05-30", "epoch_date_close_approach": 7239481200000, "relative_velocity": {"kilometers_per_second": "17.3594142854", "kilometers_per_hour": "62493.8914274796", "miles_per_hour": "38831.2738150359"}, "miss_distance": {"astronomical": "0.4615691551", "lunar": "179.5503997803", "kilometers": "69049768", "miles": "42905536"}, "orbiting_body": "Earth"}], "orbital_data": {"orbit_id": "48", "orbit_determination_date": "2017-04-06 08:53:29", "orbit_uncertainty": "0", "minimum_orbit_intersection": ".0467795", "jupiter_tisserand_invariant": "4.630", "epoch_osculation": "2458000.5", "eccentricity": ".7259158032680126", "semi_major_axis": "1.299012414306439", "inclination": "24.68575891923819", "ascending_node_longitude": "235.1226180568864", "orbital_period": "540.7772079250698", "perihelion_distance": ".3560387741200598", "perihelion_argument": "129.5433797225146", "aphelion_distance": "2.241986054492817", "perihelion_time": "2457930.033633257121", "mean_anomaly": "46.91006139990881", "mean_motion": ".6657085297313079", "equinox": "J2000"}}