{"links": {"self": "https://api.nasa.gov/neo/rest/v1/neo/3582137?api_key=stjNMXvPIBN6FqEBpH6hQbWAtFDv0RARRez0p7z1"}, "neo_reference_id": "3582137", "name": "(2011 UG20)", "nasa_jpl_url": "http://ssd.jpl.nasa.gov/sbdb.cgi?sstr=3582137", "absolute_magnitude_h": 21.4, "estimated_diameter": {"kilometers": {"estimated_diameter_min": 0.1394938229, "estimated_diameter_max": 0.3119176705}, "meters": {"estimated_diameter_min": 139.4938229344, "estimated_diameter_max": 311.9176705226}, "miles": {"estimated_diameter_min": 0.0866774163, "estimated_diameter_max": 0.1938165949}, "feet": {"estimated_diameter_min": 457.6569140361, "estimated_diameter_max": 1023.3519701574}}, "is_potentially_hazardous_asteroid": true, "close_approach_data": [{"close_approach_date": "1906-10-15", "epoch_date_close_approach": -1994860800000, "relative_velocity": {"kilometers_per_second": "15.4702426146", "kilometers_per_hour": "55692.8734126968", "miles_per_hour": "34605.3857046837"}, "miss_distance": {"astronomical": "0.4984440906", "lunar": "193.894744873", "kilometers": "74566176", "miles": "46333272"}, "orbiting_body": "Earth"}, {"close_approach_date": "1909-04-27", "epoch_date_close_approach": -1914940800000, "relative_velocity": {"kilometers_per_second": "32.1719368234", "kilometers_per_hour": "115818.9725641424", "miles_per_hour": "71965.4054802029"}, "miss_distance": {"astronomical": "0.1009888659", "lunar": "39.2846679688", "kilometers": "15107719", "miles": "9387502"}, "orbiting_body": "Venus"}, {"close_approach_date": "1909-07-09", "epoch_date_close_approach": -1908633600000, "relative_velocity": {"kilometers_per_second": "32.5824201652", "kilometers_per_hour": "117296.7125947193", "miles_per_hour": "72883.6156675354"}, "miss_distance": {"astronomical": "0.4336101708", "lunar": "168.6743621826", "kilometers": "64867160", "miles": "40306584"}, "orbiting_body": "Earth"}, {"close_approach_date": "1911-10-28", "epoch_date_close_approach": -1835971200000, "relative_velocity": {"kilometers_per_second": "34.202064212", "kilometers_per_hour": "123127.4311630243", "miles_per_hour": "76506.5974357136"}, "miss_distance": {"astronomical": "0.0850270112", "lunar": "33.0755081177", "kilometers": "12719860", "miles": "7903754.5"}, "orbiting_body": "Merc"}, {"close_approach_date": "1912-10-23", "epoch_date_close_approach": -1804780800000, "relative_velocity": {"kilometers_per_second": "16.7125854203", "kilometers_per_hour": "60165.307512986", "miles_per_hour": "37384.3823266107"}, "miss_distance": {"astronomical": "0.2903515061", "lunar": "112.9467391968", "kilometers": "43435968", "miles": "26989860"}, "orbiting_body": "Earth"}, {"close_approach_date": "1913-01-04", "epoch_date_close_approach": -1798473600000, "relative_velocity": {"kilometers_per_second": "26.3408561931", "kilometers_per_hour": "94827.0822950761", "miles_per_hour": "58921.8612182933"}, "miss_distance": {"astronomical": "0.0248997339", "lunar": "9.6859970093", "kilometers": "3724947.25", "miles": "2314575"}, "orbiting_body": "Merc"}, {"close_approach_date": "1915-06-27", "epoch_date_close_approach": -1720368000000, "relative_velocity": {"kilometers_per_second": "25.9605975579", "kilometers_per_hour": "93458.1512084252", "miles_per_hour": "58071.2606772573"}, "miss_distance": {"astronomical": "0.3160902092", "lunar": "122.9590835571", "kilometers": "47286420", "miles": "29382420"}, "orbiting_body": "Earth"}, {"close_approach_date": "1918-10-20", "epoch_date_close_approach": -1615741200000, "relative_velocity": {"kilometers_per_second": "22.0712620987", "kilometers_per_hour": "79456.5435554748", "miles_per_hour": "49371.2061886782"}, "miss_distance": {"astronomical": "0.0613829492", "lunar": "23.8779678345", "kilometers": "9182759", "miles": "5705901.5"}, "orbiting_body": "Earth"}, {"close_approach_date": "1921-06-13", "epoch_date_close_approach": -1532188800000, "relative_velocity": {"kilometers_per_second": "19.9495364283", "kilometers_per_hour": "71818.3311417133", "miles_per_hour": "44625.1180363607"}, "miss_distance": {"astronomical": "0.327515547", "lunar": "127.4035491943", "kilometers": "48995628", "miles": "30444472"}, "orbiting_body": "Earth"}, {"close_approach_date": "1924-10-11", "epoch_date_close_approach": -1427126400000, "relative_velocity": {"kilometers_per_second": "28.3557872218", "kilometers_per_hour": "102080.833998556", "miles_per_hour": "63429.0604364916"}, "miss_distance": {"astronomical": "0.1596767632", "lunar": "62.1142616272", "kilometers": "23887304", "miles": "14842882"}, "orbiting_body": "Earth"}, {"close_approach_date": "1927-05-18", "epoch_date_close_approach": -1345132800000, "relative_velocity": {"kilometers_per_second": "18.3963427397", "kilometers_per_hour": "66226.8338630395", "miles_per_hour": "41150.7790745092"}, "miss_distance": {"astronomical": "0.4430413869", "lunar": "172.3430938721", "kilometers": "66278048", "miles": "41183268"}, "orbiting_body": "Earth"}, {"close_approach_date": "1928-05-25", "epoch_date_close_approach": -1312905600000, "relative_velocity": {"kilometers_per_second": "29.7681790755", "kilometers_per_hour": "107165.4446718169", "miles_per_hour": "66588.4397739965"}, "miss_distance": {"astronomical": "0.061237946", "lunar": "23.8215618134", "kilometers": "9161066", "miles": "5692423"}, "orbiting_body": "Venus"}, {"close_approach_date": "1930-10-01", "epoch_date_close_approach": -1238688000000, "relative_velocity": {"kilometers_per_second": "35.1453449726", "kilometers_per_hour": "126523.2419015263", "miles_per_hour": "78616.6221693123"}, "miss_distance": {"astronomical": "0.379510209", "lunar": "147.6294708252", "kilometers": "56773920", "miles": "35277680"}, "orbiting_body": "Earth"}, {"close_approach_date": "1936-11-10", "epoch_date_close_approach": -1045843200000, "relative_velocity": {"kilometers_per_second": "28.7071780259", "kilometers_per_hour": "103345.840893173", "miles_per_hour": "64215.0865260941"}, "miss_distance": {"astronomical": "0.0182224807", "lunar": "7.0885453224", "kilometers": "2726044.5", "miles": "1693885.5"}, "orbiting_body": "Merc"}, {"close_approach_date": "1938-01-17", "epoch_date_close_approach": -1008432000000, "relative_velocity": {"kilometers_per_second": "23.5533870789", "kilometers_per_hour": "84792.1934839475", "miles_per_hour": "52686.5715567339"}, "miss_distance": {"astronomical": "0.0925613136", "lunar": "36.0063514709", "kilometers": "13846975", "miles": "8604112"}, "orbiting_body": "Merc"}, {"close_approach_date": "1940-07-09", "epoch_date_close_approach": -930326400000, "relative_velocity": {"kilometers_per_second": "32.7794492531", "kilometers_per_hour": "118006.0173111089", "miles_per_hour": "73324.3500342276"}, "miss_distance": {"astronomical": "0.4389139307", "lunar": "170.7375183105", "kilometers": "65660592", "miles": "40799600"}, "orbiting_body": "Earth"}, {"close_approach_date": "1943-10-24", "epoch_date_close_approach": -826477200000, "relative_velocity": {"kilometers_per_second": "16.6275857131", "kilometers_per_hour": "59859.3085671884", "miles_per_hour": "37194.2464816511"}, "miss_distance": {"astronomical": "0.2974920085", "lunar": "115.7243881226", "kilometers": "44504168", "miles": "27653608"}, "orbiting_body": "Earth"}, {"close_approach_date": "1946-06-28", "epoch_date_close_approach": -741974400000, "relative_velocity": {"kilometers_per_second": "26.2067767247", "kilometers_per_hour": "94344.3962087706", "miles_per_hour": "58621.9388553886"}, "miss_distance": {"astronomical": "0.3196757447", "lunar": "124.3538665771", "kilometers": "47822812", "miles": "29715718"}, "orbiting_body": "Earth"}, {"close_approach_date": "1947-06-22", "epoch_date_close_approach": -710956800000, "relative_velocity": {"kilometers_per_second": "27.8843215982", "kilometers_per_hour": "100383.5577535096", "miles_per_hour": "62374.4389830071"}, "miss_distance": {"astronomical": "0.0507111935", "lunar": "19.7266540527", "kilometers": "7586286.5", "miles": "4713900"}, "orbiting_body": "Venus"}, {"close_approach_date": "1949-10-20", "epoch_date_close_approach": -637430400000, "relative_velocity": {"kilometers_per_second": "21.7845845669", "kilometers_per_hour": "78424.5044407889", "miles_per_hour": "48729.9372176668"}, "miss_distance": {"astronomical": "0.0720890327", "lunar": "28.0426330566", "kilometers": "10784366", "miles": "6701094"}, "orbiting_body": "Earth"}, {"close_approach_date": "1952-06-14", "epoch_date_close_approach": -553798800000, "relative_velocity": {"kilometers_per_second": "20.2928452583", "kilometers_per_hour": "73054.2429300208", "miles_per_hour": "45393.0655583787"}, "miss_distance": {"astronomical": "0.3232305145", "lunar": "125.7366638184", "kilometers": "48354596", "miles": "30046152"}, "orbiting_body": "Earth"}, {"close_approach_date": "1955-10-13", "epoch_date_close_approach": -448732800000, "relative_velocity": {"kilometers_per_second": "27.8083042375", "kilometers_per_hour": "100109.8952550353", "miles_per_hour": "62204.3957488857"}, "miss_distance": {"astronomical": "0.1406851765", "lunar": "54.7265319824", "kilometers": "21046202", "miles": "13077504"}, "orbiting_body": "Earth"}, {"close_approach_date": "1958-05-22", "epoch_date_close_approach": -366483600000, "relative_velocity": {"kilometers_per_second": "17.9849705129", "kilometers_per_hour": "64745.8938464393", "miles_per_hour": "40230.5805403056"}, "miss_distance": {"astronomical": "0.4310972173", "lunar": "167.6968078613", "kilometers": "64491224", "miles": "40072988"}, "orbiting_body": "Earth"}, {"close_approach_date": "1960-09-17", "epoch_date_close_approach": -293130000000, "relative_velocity": {"kilometers_per_second": "33.6189626053", "kilometers_per_hour": "121028.265379012", "miles_per_hour": "75202.2574517533"}, "miss_distance": {"astronomical": "0.0784995811", "lunar": "30.5363349915", "kilometers": "11743370", "miles": "7296991.5"}, "orbiting_body": "Merc"}, {"close_approach_date": "1961-10-03", "epoch_date_close_approach": -260208000000, "relative_velocity": {"kilometers_per_second": "34.3536366188", "kilometers_per_hour": "123673.0918276616", "miles_per_hour": "76845.6497525823"}, "miss_distance": {"astronomical": "0.3539355574", "lunar": "137.6809387207", "kilometers": "52948008", "miles": "32900366"}, "orbiting_body": "Earth"}, {"close_approach_date": "1961-11-26", "epoch_date_close_approach": -255542400000, "relative_velocity": {"kilometers_per_second": "26.1856911913", "kilometers_per_hour": "94268.488288846", "miles_per_hour": "58574.7726259221"}, "miss_distance": {"astronomical": "0.0273335776", "lunar": "10.6327619553", "kilometers": "4089045", "miles": "2540814.75"}, "orbiting_body": "Merc"}, {"close_approach_date": "1966-07-21", "epoch_date_close_approach": -108838800000, "relative_velocity": {"kilometers_per_second": "24.3329350163", "kilometers_per_hour": "87598.5660586548", "miles_per_hour": "54430.3423379458"}, "miss_distance": {"astronomical": "0.102409219", "lunar": "39.8371887207", "kilometers": "15320202", "miles": "9519532"}, "orbiting_body": "Venus"}, {"close_approach_date": "1971-07-12", "epoch_date_close_approach": 48150000000, "relative_velocity": {"kilometers_per_second": "33.9108158916", "kilometers_per_hour": "122078.9372098673", "miles_per_hour": "75855.1040679867"}, "miss_distance": {"astronomical": "0.4668743722", "lunar": "181.6141204834", "kilometers": "69843408", "miles": "43398684"}, "orbiting_body": "Earth"}, {"close_approach_date": "1974-10-23", "epoch_date_close_approach": 151743600000, "relative_velocity": {"kilometers_per_second": "15.9967364579", "kilometers_per_hour": "57588.2512486146", "miles_per_hour": "35783.099782785"}, "miss_distance": {"astronomical": "0.343290058", "lunar": "133.5398406982", "kilometers": "51355464", "miles": "31910804"}, "orbiting_body": "Earth"}, {"close_approach_date": "1977-06-30", "epoch_date_close_approach": 236502000000, "relative_velocity": {"kilometers_per_second": "27.7084333916", "kilometers_per_hour": "99750.3602097398", "miles_per_hour": "61980.9946536575"}, "miss_distance": {"astronomical": "0.3402965852", "lunar": "132.3753814697", "kilometers": "50907648", "miles": "31632546"}, "orbiting_body": "Earth"}, {"close_approach_date": "1980-10-22", "epoch_date_close_approach": 341046000000, "relative_velocity": {"kilometers_per_second": "20.2374742421", "kilometers_per_hour": "72854.9072716583", "miles_per_hour": "45269.2061322146"}, "miss_distance": {"astronomical": "0.1300585093", "lunar": "50.5927619934", "kilometers": "19456476", "miles": "12089694"}, "orbiting_body": "Earth"}, {"close_approach_date": "1983-06-19", "epoch_date_close_approach": 424854000000, "relative_velocity": {"kilometers_per_second": "21.799788334", "kilometers_per_hour": "78479.2380025595", "miles_per_hour": "48763.9465244237"}, "miss_distance": {"astronomical": "0.3094289809", "lunar": "120.3678741455", "kilometers": "46289920", "miles": "28763222"}, "orbiting_body": "Earth"}, {"close_approach_date": "1985-10-04", "epoch_date_close_approach": 497257200000, "relative_velocity": {"kilometers_per_second": "32.7978338819", "kilometers_per_hour": "118072.2019749757", "miles_per_hour": "73365.4746105064"}, "miss_distance": {"astronomical": "0.0685962466", "lunar": "26.6839389801", "kilometers": "10261852", "miles": "6376419.5"}, "orbiting_body": "Merc"}, {"close_approach_date": "1986-10-15", "epoch_date_close_approach": 529743600000, "relative_velocity": {"kilometers_per_second": "26.0606048296", "kilometers_per_hour": "93818.1773865823", "miles_per_hour": "58294.9669433461"}, "miss_distance": {"astronomical": "0.0820079432", "lunar": "31.9010906219", "kilometers": "12268214", "miles": "7623115"}, "orbiting_body": "Earth"}, {"close_approach_date": "1986-11-02", "epoch_date_close_approach": 531302400000, "relative_velocity": {"kilometers_per_second": "32.026891937", "kilometers_per_hour": "115296.8109731327", "miles_per_hour": "71640.9545738335"}, "miss_distance": {"astronomical": "0.1004453882", "lunar": "39.0732574463", "kilometers": "15026417", "miles": "9336982"}, "orbiting_body": "Venus"}, {"close_approach_date": "1986-12-13", "epoch_date_close_approach": 534844800000, "relative_velocity": {"kilometers_per_second": "25.893846996", "kilometers_per_hour": "93217.8491855982", "miles_per_hour": "57921.9463453513"}, "miss_distance": {"astronomical": "0.032106249", "lunar": "12.4893312454", "kilometers": "4803027", "miles": "2984462.5"}, "orbiting_body": "Merc"}, {"close_approach_date": "1989-05-30", "epoch_date_close_approach": 612514800000, "relative_velocity": {"kilometers_per_second": "17.5809612211", "kilometers_per_hour": "63291.4603958639", "miles_per_hour": "39326.8521554189"}, "miss_distance": {"astronomical": "0.3999027432", "lunar": "155.5621643066", "kilometers": "59824596", "miles": "37173280"}, "orbiting_body": "Earth"}, {"close_approach_date": "1992-10-05", "epoch_date_close_approach": 718268400000, "relative_velocity": {"kilometers_per_second": "32.6892014664", "kilometers_per_hour": "117681.1252791826", "miles_per_hour": "73122.4747602787"}, "miss_distance": {"astronomical": "0.3018147859", "lunar": "117.4059524536", "kilometers": "45150852", "miles": "28055438"}, "orbiting_body": "Earth"}, {"close_approach_date": "2005-10-22", "epoch_date_close_approach": 1129964400000, "relative_velocity": {"kilometers_per_second": "15.6946187203", "kilometers_per_hour": "56500.6273929209", "miles_per_hour": "35107.2926153402"}, "miss_distance": {"astronomical": "0.3781205626", "lunar": "147.0888977051", "kilometers": "56566032", "miles": "35148504"}, "orbiting_body": "Earth"}, {"close_approach_date": "2005-11-29", "epoch_date_close_approach": 1133251200000, "relative_velocity": {"kilometers_per_second": "29.6121387101", "kilometers_per_hour": "106603.6993561984", "miles_per_hour": "66239.3930805222"}, "miss_distance": {"astronomical": "0.0622739972", "lunar": "24.2245845795", "kilometers": "9316058", "miles": "5788730"}, "orbiting_body": "Venus"}, {"close_approach_date": "2008-07-02", "epoch_date_close_approach": 1214982000000, "relative_velocity": {"kilometers_per_second": "28.5996807791", "kilometers_per_hour": "102958.8508047038", "miles_per_hour": "63974.6259347339"}, "miss_distance": {"astronomical": "0.3556379616", "lunar": "138.343170166", "kilometers": "53202684", "miles": "33058614"}, "orbiting_body": "Earth"}, {"close_approach_date": "2010-10-19", "epoch_date_close_approach": 1287471600000, "relative_velocity": {"kilometers_per_second": "28.1067908877", "kilometers_per_hour": "101184.4471956865", "miles_per_hour": "62872.0805366753"}, "miss_distance": {"astronomical": "0.0124536993", "lunar": "4.8444890976", "kilometers": "1863047", "miles": "1157643.75"}, "orbiting_body": "Merc"}, {"close_approach_date": "2011-10-23", "epoch_date_close_approach": 1319353200000, "relative_velocity": {"kilometers_per_second": "19.6346831389", "kilometers_per_hour": "70684.8593000206", "miles_per_hour": "43920.8227133933"}, "miss_distance": {"astronomical": "0.1544650903", "lunar": "60.0869216919", "kilometers": "23107650", "miles": "14358428"}, "orbiting_body": "Earth"}, {"close_approach_date": "2014-06-20", "epoch_date_close_approach": 1403247600000, "relative_velocity": {"kilometers_per_second": "22.345114077", "kilometers_per_hour": "80442.4106773566", "miles_per_hour": "49983.7856789386"}, "miss_distance": {"astronomical": "0.3077857812", "lunar": "119.7286682129", "kilometers": "46044096", "miles": "28610476"}, "orbiting_body": "Earth"}, {"close_approach_date": "2017-10-15", "epoch_date_close_approach": 1508050800000, "relative_velocity": {"kilometers_per_second": "25.6750634695", "kilometers_per_hour": "92430.2284902522", "miles_per_hour": "57432.549474957"}, "miss_distance": {"astronomical": "0.0683296979", "lunar": "26.5802536011", "kilometers": "10221978", "miles": "6351642.5"}, "orbiting_body": "Earth"}, {"close_approach_date": "2020-05-31", "epoch_date_close_approach": 1590908400000, "relative_velocity": {"kilometers_per_second": "17.6344830208", "kilometers_per_hour": "63484.1388747698", "miles_per_hour": "39446.5750691591"}, "miss_distance": {"astronomical": "0.3952496819", "lunar": "153.7521362305", "kilometers": "59128512", "miles": "36740756"}, "orbiting_body": "Earth"}, {"close_approach_date": "2023-10-06", "epoch_date_close_approach": 1696575600000, "relative_velocity": {"kilometers_per_second": "32.6638902471", "kilometers_per_hour": "117590.0048893879", "miles_per_hour": "73065.8560936311"}, "miss_distance": {"astronomical": "0.3008401161", "lunar": "117.026802063", "kilometers": "45005040", "miles": "27964836"}, "orbiting_body": "Earth"}, {"close_approach_date": "2024-12-26", "epoch_date_close_approach": 1735200000000, "relative_velocity": {"kilometers_per_second": "27.8276863494", "kilometers_per_hour": "100179.6708576679", "miles_per_hour": "62247.7515948659"}, "miss_distance": {"astronomical": "0.0542884502", "lunar": "21.1182079315", "kilometers": "8121436.5", "miles": "5046427"}, "orbiting_body": "Venus"}, {"close_approach_date": "2033-07-13", "epoch_date_close_approach": 2004850800000, "relative_velocity": {"kilometers_per_second": "34.8224050372", "kilometers_per_hour": "125360.6581337893", "miles_per_hour": "77894.2378276315"}, "miss_distance": {"astronomical": "0.4907471536", "lunar": "190.9006500244", "kilometers": "73414728", "miles": "45617800"}, "orbiting_body": "Earth"}, {"close_approach_date": "2034-08-23", "epoch_date_close_approach": 2039929200000, "relative_velocity": {"kilometers_per_second": "28.3870463616", "kilometers_per_hour": "102193.3669016495", "miles_per_hour": "63498.9840061944"}, "miss_distance": {"astronomical": "0.0145315427", "lunar": "5.6527700424", "kilometers": "2173887.75", "miles": "1350791.25"}, "orbiting_body": "Merc"}, {"close_approach_date": "2035-10-30", "epoch_date_close_approach": 2077340400000, "relative_velocity": {"kilometers_per_second": "23.6338775806", "kilometers_per_hour": "85081.9592900754", "miles_per_hour": "52866.6207599916"}, "miss_distance": {"astronomical": "0.099161152", "lunar": "38.5736885071", "kilometers": "14834298", "miles": "9217605"}, "orbiting_body": "Merc"}, {"close_approach_date": "2036-10-22", "epoch_date_close_approach": 2108271600000, "relative_velocity": {"kilometers_per_second": "15.8463421497", "kilometers_per_hour": "57046.8317387915", "miles_per_hour": "35446.6827545841"}, "miss_distance": {"astronomical": "0.3615399314", "lunar": "140.6390380859", "kilometers": "54085604", "miles": "33607236"}, "orbiting_body": "Earth"}, {"close_approach_date": "2039-07-02", "epoch_date_close_approach": 2193202800000, "relative_velocity": {"kilometers_per_second": "28.0995632409", "kilometers_per_hour": "101158.4276671421", "miles_per_hour": "62855.9130135084"}, "miss_distance": {"astronomical": "0.34867041", "lunar": "135.6327972412", "kilometers": "52160352", "miles": "32410940"}, "orbiting_body": "Earth"}, {"close_approach_date": "2042-10-22", "epoch_date_close_approach": 2297574000000, "relative_velocity": {"kilometers_per_second": "20.1633121232", "kilometers_per_hour": "72587.9236435841", "miles_per_hour": "45103.3128884259"}, "miss_distance": {"astronomical": "0.1322876987", "lunar": "51.4599151611", "kilometers": "19789958", "miles": "12296910"}, "orbiting_body": "Earth"}, {"close_approach_date": "2044-01-23", "epoch_date_close_approach": 2337148800000, "relative_velocity": {"kilometers_per_second": "26.8348779301", "kilometers_per_hour": "96605.5605483946", "miles_per_hour": "60026.9384418622"}, "miss_distance": {"astronomical": "0.062129605", "lunar": "24.1684169769", "kilometers": "9294457", "miles": "5775307.5"}, "orbiting_body": "Venus"}, {"close_approach_date": "2045-06-19", "epoch_date_close_approach": 2381468400000, "relative_velocity": {"kilometers_per_second": "21.7547901011", "kilometers_per_hour": "78317.2443638297", "miles_per_hour": "48663.2899770696"}, "miss_distance": {"astronomical": "0.3121228428", "lunar": "121.4157867432", "kilometers": "46692916", "miles": "29013632"}, "orbiting_body": "Earth"}, {"close_approach_date": "2048-10-14", "epoch_date_close_approach": 2486271600000, "relative_velocity": {"kilometers_per_second": "26.2938713149", "kilometers_per_hour": "94657.9367334643", "miles_per_hour": "58816.7607441907"}, "miss_distance": {"astronomical": "0.0904903592", "lunar": "35.2007484436", "kilometers": "13537165", "miles": "8411604"}, "orbiting_body": "Earth"}, {"close_approach_date": "2051-05-29", "epoch_date_close_approach": 2568956400000, "relative_velocity": {"kilometers_per_second": "17.6387360004", "kilometers_per_hour": "63499.4496012607", "miles_per_hour": "39456.0885591834"}, "miss_distance": {"astronomical": "0.4063850822", "lunar": "158.0838012695", "kilometers": "60794344", "miles": "37775856"}, "orbiting_body": "Earth"}, {"close_approach_date": "2054-10-05", "epoch_date_close_approach": 2674796400000, "relative_velocity": {"kilometers_per_second": "33.0964014812", "kilometers_per_hour": "119147.0453321825", "miles_per_hour": "74033.3404732108"}, "miss_distance": {"astronomical": "0.3152806121", "lunar": "122.6441574097", "kilometers": "47165308", "miles": "29307164"}, "orbiting_body": "Earth"}, {"close_approach_date": "2058-06-28", "epoch_date_close_approach": 2792473200000, "relative_velocity": {"kilometers_per_second": "29.7528549409", "kilometers_per_hour": "107110.2777872314", "miles_per_hour": "66554.1612172938"}, "miss_distance": {"astronomical": "0.0306924419", "lunar": "11.9393596649", "kilometers": "4591524", "miles": "2853040.75"}, "orbiting_body": "Merc"}, {"close_approach_date": "2059-09-04", "epoch_date_close_approach": 2829884400000, "relative_velocity": {"kilometers_per_second": "23.9204867631", "kilometers_per_hour": "86113.75234725", "miles_per_hour": "53507.7368404343"}, "miss_distance": {"astronomical": "0.0800382545", "lunar": "31.1348819733", "kilometers": "11973553", "miles": "7440021"}, "orbiting_body": "Merc"}, {"close_approach_date": "2063-02-19", "epoch_date_close_approach": 2939097600000, "relative_velocity": {"kilometers_per_second": "24.9654389507", "kilometers_per_hour": "89875.5802225009", "miles_per_hour": "55845.190388809"}, "miss_distance": {"astronomical": "0.0919754057", "lunar": "35.7784347534", "kilometers": "13759325", "miles": "8549648"}, "orbiting_body": "Venus"}, {"close_approach_date": "2064-07-13", "epoch_date_close_approach": 2983158000000, "relative_velocity": {"kilometers_per_second": "34.601909846", "kilometers_per_hour": "124566.8754456623", "miles_per_hour": "77401.0121345561"}, "miss_distance": {"astronomical": "0.4861079745", "lunar": "189.0960083008", "kilometers": "72720720", "miles": "45186560"}, "orbiting_body": "Earth"}, {"close_approach_date": "2067-10-23", "epoch_date_close_approach": 3086578800000, "relative_velocity": {"kilometers_per_second": "15.8861870275", "kilometers_per_hour": "57190.2732988387", "miles_per_hour": "35535.8117617145"}, "miss_distance": {"astronomical": "0.3568839592", "lunar": "138.8278656006", "kilometers": "53389084", "miles": "33174438"}, "orbiting_body": "Earth"}, {"close_approach_date": "2070-07-02", "epoch_date_close_approach": 3171510000000, "relative_velocity": {"kilometers_per_second": "28.1001018602", "kilometers_per_hour": "101160.3666965565", "miles_per_hour": "62857.1178509798"}, "miss_distance": {"astronomical": "0.3501182021", "lunar": "136.1959686279", "kilometers": "52376936", "miles": "32545520"}, "orbiting_body": "Earth"}, {"close_approach_date": "2073-10-22", "epoch_date_close_approach": 3275881200000, "relative_velocity": {"kilometers_per_second": "20.0315210494", "kilometers_per_hour": "72113.4757778569", "miles_per_hour": "44808.5094354134"}, "miss_distance": {"astronomical": "0.1384183655", "lunar": "53.8447418213", "kilometers": "20707092", "miles": "12866791"}, "orbiting_body": "Earth"}, {"close_approach_date": "2076-06-19", "epoch_date_close_approach": 3359775600000, "relative_velocity": {"kilometers_per_second": "21.9587227363", "kilometers_per_hour": "79051.4018506804", "miles_per_hour": "49119.4668888297"}, "miss_distance": {"astronomical": "0.3118244161", "lunar": "121.299697876", "kilometers": "46648268", "miles": "28985890"}, "orbiting_body": "Earth"}, {"close_approach_date": "2079-10-16", "epoch_date_close_approach": 3464665200000, "relative_velocity": {"kilometers_per_second": "26.0902575322", "kilometers_per_hour": "93924.927115853", "miles_per_hour": "58361.2970737366"}, "miss_distance": {"astronomical": "0.0828942062", "lunar": "32.2458457947", "kilometers": "12400797", "miles": "7705498"}, "orbiting_body": "Earth"}, {"close_approach_date": "2082-03-19", "epoch_date_close_approach": 3541129200000, "relative_velocity": {"kilometers_per_second": "22.3450481474", "kilometers_per_hour": "80442.17333078", "miles_per_hour": "49983.6382010061"}, "miss_distance": {"astronomical": "0.1478904586", "lunar": "57.5293884277", "kilometers": "22124098", "miles": "13747278"}, "orbiting_body": "Venus"}, {"close_approach_date": "2082-05-04", "epoch_date_close_approach": 3545103600000, "relative_velocity": {"kilometers_per_second": "32.8548413441", "kilometers_per_hour": "118277.4288387042", "miles_per_hour": "73492.9946025826"}, "miss_distance": {"astronomical": "0.0698960077", "lunar": "27.1895465851", "kilometers": "10456294", "miles": "6497239.5"}, "orbiting_body": "Merc"}, {"close_approach_date": "2082-05-30", "epoch_date_close_approach": 3547350000000, "relative_velocity": {"kilometers_per_second": "17.6471362487", "kilometers_per_hour": "63529.6904954705", "miles_per_hour": "39474.8790748105"}, "miss_distance": {"astronomical": "0.4026313826", "lunar": "156.6235961914", "kilometers": "60232796", "miles": "37426924"}, "orbiting_body": "Earth"}, {"close_approach_date": "2083-07-12", "epoch_date_close_approach": 3582601200000, "relative_velocity": {"kilometers_per_second": "25.5920919001", "kilometers_per_hour": "92131.5308405389", "miles_per_hour": "57246.9503714449"}, "miss_distance": {"astronomical": "0.0377184715", "lunar": "14.6724853516", "kilometers": "5642603", "miles": "3506151"}, "orbiting_body": "Merc"}, {"close_approach_date": "2085-10-05", "epoch_date_close_approach": 3653103600000, "relative_velocity": {"kilometers_per_second": "32.8672707992", "kilometers_per_hour": "118322.1748770714", "miles_per_hour": "73520.7980507003"}, "miss_distance": {"astronomical": "0.307784977", "lunar": "119.7283554077", "kilometers": "46043976", "miles": "28610402"}, "orbiting_body": "Earth"}, {"close_approach_date": "2095-07-14", "epoch_date_close_approach": 3961465200000, "relative_velocity": {"kilometers_per_second": "34.8924182011", "kilometers_per_hour": "125612.7055239028", "miles_per_hour": "78050.850274005"}, "miss_distance": {"astronomical": "0.4944808801", "lunar": "192.3530578613", "kilometers": "73973288", "miles": "45964868"}, "orbiting_body": "Earth"}, {"close_approach_date": "2098-10-23", "epoch_date_close_approach": 4064886000000, "relative_velocity": {"kilometers_per_second": "15.8719001092", "kilometers_per_hour": "57138.8403931178", "miles_per_hour": "35503.8533542681"}, "miss_distance": {"astronomical": "0.3626669927", "lunar": "141.0774536133", "kilometers": "54254212", "miles": "33712004"}, "orbiting_body": "Earth"}, {"close_approach_date": "2101-07-03", "epoch_date_close_approach": 4149817200000, "relative_velocity": {"kilometers_per_second": "28.1715811455", "kilometers_per_hour": "101417.6921237885", "miles_per_hour": "63017.0098643618"}, "miss_distance": {"astronomical": "0.3519965001", "lunar": "136.9266357422", "kilometers": "52657928", "miles": "32720120"}, "orbiting_body": "Earth"}, {"close_approach_date": "2102-06-30", "epoch_date_close_approach": 4181094000000, "relative_velocity": {"kilometers_per_second": "32.9566508361", "kilometers_per_hour": "118643.9430098538", "miles_per_hour": "73720.7322552061"}, "miss_distance": {"astronomical": "0.1211944708", "lunar": "47.1446495056", "kilometers": "18130436", "miles": "11265730"}, "orbiting_body": "Venus"}, {"close_approach_date": "2104-10-23", "epoch_date_close_approach": 4254188400000, "relative_velocity": {"kilometers_per_second": "20.0767352271", "kilometers_per_hour": "72276.2468176439", "miles_per_hour": "44909.6490295521"}, "miss_distance": {"astronomical": "0.1360883652", "lunar": "52.9383773804", "kilometers": "20358530", "miles": "12650205"}, "orbiting_body": "Earth"}, {"close_approach_date": "2106-03-09", "epoch_date_close_approach": 4297564800000, "relative_velocity": {"kilometers_per_second": "33.7449731276", "kilometers_per_hour": "121481.9032595025", "miles_per_hour": "75484.130389217"}, "miss_distance": {"astronomical": "0.0810550146", "lunar": "31.5304012299", "kilometers": "12125658", "miles": "7534534.5"}, "orbiting_body": "Merc"}, {"close_approach_date": "2107-05-18", "epoch_date_close_approach": 4335145200000, "relative_velocity": {"kilometers_per_second": "26.2816723309", "kilometers_per_hour": "94614.0203913347", "miles_per_hour": "58789.472837049"}, "miss_distance": {"astronomical": "0.0258719491", "lunar": "10.0641880035", "kilometers": "3870388.5", "miles": "2404948"}, "orbiting_body": "Merc"}, {"close_approach_date": "2107-06-21", "epoch_date_close_approach": 4338082800000, "relative_velocity": {"kilometers_per_second": "21.8679472091", "kilometers_per_hour": "78724.6099527935", "miles_per_hour": "48916.4111120566"}, "miss_distance": {"astronomical": "0.3134741075", "lunar": "121.9414291382", "kilometers": "46895060", "miles": "29139240"}, "orbiting_body": "Earth"}, {"close_approach_date": "2110-10-16", "epoch_date_close_approach": 4442886000000, "relative_velocity": {"kilometers_per_second": "26.2498146986", "kilometers_per_hour": "94499.332914789", "miles_per_hour": "58718.2104991921"}, "miss_distance": {"astronomical": "0.0888894159", "lunar": "34.5779800415", "kilometers": "13297667", "miles": "8262787"}, "orbiting_body": "Earth"}, {"close_approach_date": "2113-05-30", "epoch_date_close_approach": 4525570800000, "relative_velocity": {"kilometers_per_second": "17.6939752081", "kilometers_per_hour": "63698.3107491784", "miles_per_hour": "39579.6531430103"}, "miss_distance": {"astronomical": "0.4078469143", "lunar": "158.6524505615", "kilometers": "61013032", "miles": "37911740"}, "orbiting_body": "Earth"}, {"close_approach_date": "2116-10-06", "epoch_date_close_approach": 4631410800000, "relative_velocity": {"kilometers_per_second": "33.2701451711", "kilometers_per_hour": "119772.5226161353", "miles_per_hour": "74421.9877333425"}, "miss_distance": {"astronomical": "0.3206240611", "lunar": "124.7227554321", "kilometers": "47964676", "miles": "29803868"}, "orbiting_body": "Earth"}, {"close_approach_date": "2121-07-26", "epoch_date_close_approach": 4782956400000, "relative_velocity": {"kilometers_per_second": "31.7358103979", "kilometers_per_hour": "114248.9174324573", "miles_per_hour": "70989.8342790732"}, "miss_distance": {"astronomical": "0.0990264248", "lunar": "38.5212783813", "kilometers": "14814143", "miles": "9205082"}, "orbiting_body": "Venus"}, {"close_approach_date": "2126-07-14", "epoch_date_close_approach": 4939686000000, "relative_velocity": {"kilometers_per_second": "34.0100796539", "kilometers_per_hour": "122436.2867541322", "miles_per_hour": "76077.1471778662"}, "miss_distance": {"astronomical": "0.4741481177", "lunar": "184.4436187744", "kilometers": "70931552", "miles": "44074824"}, "orbiting_body": "Earth"}, {"close_approach_date": "2129-10-25", "epoch_date_close_approach": 5043279600000, "relative_velocity": {"kilometers_per_second": "16.1825572644", "kilometers_per_hour": "58257.2061519268", "miles_per_hour": "36198.7623447903"}, "miss_distance": {"astronomical": "0.3310531965", "lunar": "128.7796936035", "kilometers": "49524852", "miles": "30773318"}, "orbiting_body": "Earth"}, {"close_approach_date": "2130-01-10", "epoch_date_close_approach": 5049936000000, "relative_velocity": {"kilometers_per_second": "31.9890269644", "kilometers_per_hour": "115160.4970716802", "miles_per_hour": "71556.254416567"}, "miss_distance": {"astronomical": "0.0594811277", "lunar": "23.1381587982", "kilometers": "8898250", "miles": "5529116.5"}, "orbiting_body": "Merc"}, {"close_approach_date": "2131-03-20", "epoch_date_close_approach": 5087430000000, "relative_velocity": {"kilometers_per_second": "24.950053574", "kilometers_per_hour": "89820.192866292", "miles_per_hour": "55810.7748396135"}, "miss_distance": {"astronomical": "0.0513504953", "lunar": "19.9753437042", "kilometers": "7681925", "miles": "4773327"}, "orbiting_body": "Merc"}, {"close_approach_date": "2132-07-01", "epoch_date_close_approach": 5127951600000, "relative_velocity": {"kilometers_per_second": "27.130598989", "kilometers_per_hour": "97670.1563602258", "miles_per_hour": "60688.4368783858"}, "miss_distance": {"astronomical": "0.3382011942", "lunar": "131.5602722168", "kilometers": "50594180", "miles": "31437766"}, "orbiting_body": "Earth"}, {"close_approach_date": "2135-10-23", "epoch_date_close_approach": 5232409200000, "relative_velocity": {"kilometers_per_second": "21.154363117", "kilometers_per_hour": "76155.7072212562", "miles_per_hour": "47320.1948564522"}, "miss_distance": {"astronomical": "0.0939338992", "lunar": "36.5402870178", "kilometers": "14052312", "miles": "8731702"}, "orbiting_body": "Earth"}, {"close_approach_date": "2138-06-17", "epoch_date_close_approach": 5316044400000, "relative_velocity": {"kilometers_per_second": "20.6952996257", "kilometers_per_hour": "74503.0786526158", "miles_per_hour": "46293.3157327878"}, "miss_distance": {"astronomical": "0.3243736607", "lunar": "126.1813583374", "kilometers": "48525608", "miles": "30152416"}, "orbiting_body": "Earth"}, {"close_approach_date": "2140-08-21", "epoch_date_close_approach": 5384818800000, "relative_velocity": {"kilometers_per_second": "31.4133165975", "kilometers_per_hour": "113087.9397509978", "miles_per_hour": "70268.4478969464"}, "miss_distance": {"astronomical": "0.0939679597", "lunar": "36.5535354614", "kilometers": "14057407", "miles": "8734868"}, "orbiting_body": "Venus"}, {"close_approach_date": "2141-10-14", "epoch_date_close_approach": 5421020400000, "relative_velocity": {"kilometers_per_second": "27.7003834028", "kilometers_per_hour": "99721.3802499079", "miles_per_hour": "61962.9876336164"}, "miss_distance": {"astronomical": "0.1387562898", "lunar": "53.9761962891", "kilometers": "20757646", "miles": "12898203"}, "orbiting_body": "Earth"}, {"close_approach_date": "2144-05-22", "epoch_date_close_approach": 5503186800000, "relative_velocity": {"kilometers_per_second": "18.2934493711", "kilometers_per_hour": "65856.4177360136", "miles_per_hour": "40920.6168982469"}, "miss_distance": {"astronomical": "0.4365154378", "lunar": "169.8045043945", "kilometers": "65301784", "miles": "40576648"}, "orbiting_body": "Earth"}, {"close_approach_date": "2147-10-04", "epoch_date_close_approach": 5609458800000, "relative_velocity": {"kilometers_per_second": "34.8286027464", "kilometers_per_hour": "125382.9698868766", "miles_per_hour": "77908.1014833206"}, "miss_distance": {"astronomical": "0.3711387018", "lunar": "144.3729553223", "kilometers": "55521560", "miles": "34499496"}, "orbiting_body": "Earth"}, {"close_approach_date": "2153-11-12", "epoch_date_close_approach": 5802220800000, "relative_velocity": {"kilometers_per_second": "29.4794288679", "kilometers_per_hour": "106125.943924381", "miles_per_hour": "65942.5344345688"}, "miss_distance": {"astronomical": "0.0275337455", "lunar": "10.7106266022", "kilometers": "4118989.75", "miles": "2559421.5"}, "orbiting_body": "Merc"}, {"close_approach_date": "2154-10-17", "epoch_date_close_approach": 5831506800000, "relative_velocity": {"kilometers_per_second": "15.5504980551", "kilometers_per_hour": "55981.7929984849", "miles_per_hour": "34784.9090995308"}, "miss_distance": {"astronomical": "0.4937836454", "lunar": "192.0818481445", "kilometers": "73868984", "miles": "45900060"}, "orbiting_body": "Earth"}, {"close_approach_date": "2155-01-19", "epoch_date_close_approach": 5839632000000, "relative_velocity": {"kilometers_per_second": "23.9203106626", "kilometers_per_hour": "86113.1183855188", "miles_per_hour": "53507.3429212686"}, "miss_distance": {"astronomical": "0.0860463968", "lunar": "33.4720497131", "kilometers": "12872358", "miles": "7998512.5"}, "orbiting_body": "Merc"}, {"close_approach_date": "2157-07-11", "epoch_date_close_approach": 5917734000000, "relative_velocity": {"kilometers_per_second": "32.4836130319", "kilometers_per_hour": "116941.0069146899", "miles_per_hour": "72662.5939909638"}, "miss_distance": {"astronomical": "0.4391858037", "lunar": "170.8432769775", "kilometers": "65701260", "miles": "40824872"}, "orbiting_body": "Earth"}, {"close_approach_date": "2159-09-17", "epoch_date_close_approach": 5986681200000, "relative_velocity": {"kilometers_per_second": "31.4714493009", "kilometers_per_hour": "113297.2174831867", "miles_per_hour": "70398.4849411501"}, "miss_distance": {"astronomical": "0.0957337492", "lunar": "37.2404289246", "kilometers": "14321565", "miles": "8899008"}, "orbiting_body": "Venus"}, {"close_approach_date": "2160-10-25", "epoch_date_close_approach": 6021586800000, "relative_velocity": {"kilometers_per_second": "16.9927042948", "kilometers_per_hour": "61173.7354614575", "miles_per_hour": "38010.9802371484"}, "miss_distance": {"astronomical": "0.2779206511", "lunar": "108.1111373901", "kilometers": "41576340", "miles": "25834340"}, "orbiting_body": "Earth"}, {"close_approach_date": "2163-06-29", "epoch_date_close_approach": 6105999600000, "relative_velocity": {"kilometers_per_second": "25.5908567073", "kilometers_per_hour": "92127.0841461623", "miles_per_hour": "57244.1873684862"}, "miss_distance": {"astronomical": "0.3220706602", "lunar": "125.285484314", "kilometers": "48181084", "miles": "29938338"}, "orbiting_body": "Earth"}, {"close_approach_date": "2166-10-21", "epoch_date_close_approach": 6210543600000, "relative_velocity": {"kilometers_per_second": "22.6049427969", "kilometers_per_hour": "81377.7940687388", "miles_per_hour": "50564.9965423228"}, "miss_distance": {"astronomical": "0.0398641631", "lunar": "15.5071601868", "kilometers": "5963594", "miles": "3705605.5"}, "orbiting_body": "Earth"}, {"close_approach_date": "2169-06-14", "epoch_date_close_approach": 6294092400000, "relative_velocity": {"kilometers_per_second": "19.5723427619", "kilometers_per_hour": "70460.4339429386", "miles_per_hour": "43781.3735241554"}, "miss_distance": {"astronomical": "0.340881162", "lunar": "132.6027679443", "kilometers": "50995096", "miles": "31686884"}, "orbiting_body": "Earth"}, {"close_approach_date": "2172-10-12", "epoch_date_close_approach": 6399154800000, "relative_velocity": {"kilometers_per_second": "28.894993866", "kilometers_per_hour": "104021.9779175924", "miles_per_hour": "64635.2117788507"}, "miss_distance": {"astronomical": "0.1785385006", "lunar": "69.4514770508", "kilometers": "26708980", "miles": "16596191"}, "orbiting_body": "Earth"}, {"close_approach_date": "2175-05-18", "epoch_date_close_approach": 6481062000000, "relative_velocity": {"kilometers_per_second": "19.0157434029", "kilometers_per_hour": "68456.6762503644", "miles_per_hour": "42536.3164179"}, "miss_distance": {"astronomical": "0.4539444062", "lunar": "176.5843811035", "kilometers": "67909120", "miles": "42196768"}, "orbiting_body": "Earth"}, {"close_approach_date": "2177-09-17", "epoch_date_close_approach": 6554761200000, "relative_velocity": {"kilometers_per_second": "29.7947605823", "kilometers_per_hour": "107261.1380961634", "miles_per_hour": "66647.8999464744"}, "miss_distance": {"astronomical": "0.031945389", "lunar": "12.4267559052", "kilometers": "4778962", "miles": "2969509.5"}, "orbiting_body": "Merc"}, {"close_approach_date": "2178-10-03", "epoch_date_close_approach": 6587679600000, "relative_velocity": {"kilometers_per_second": "35.621495289", "kilometers_per_hour": "128237.3830402358", "miles_per_hour": "79681.7228118621"}, "miss_distance": {"astronomical": "0.3958461854", "lunar": "153.984161377", "kilometers": "59217748", "miles": "36796204"}, "orbiting_body": "Earth"}, {"close_approach_date": "2178-10-14", "epoch_date_close_approach": 6588630000000, "relative_velocity": {"kilometers_per_second": "29.5003108364", "kilometers_per_hour": "106201.1190110652", "miles_per_hour": "65989.2453099588"}, "miss_distance": {"astronomical": "0.068338639", "lunar": "26.5837306976", "kilometers": "10223315", "miles": "6352473.5"}, "orbiting_body": "Venus"}, {"close_approach_date": "2178-11-24", "epoch_date_close_approach": 6592176000000, "relative_velocity": {"kilometers_per_second": "24.1310259299", "kilometers_per_hour": "86871.6933475198", "miles_per_hour": "53978.6919025186"}, "miss_distance": {"astronomical": "0.0761071216", "lunar": "29.605670929", "kilometers": "11385463", "miles": "7074599"}, "orbiting_body": "Merc"}, {"close_approach_date": "2185-10-18", "epoch_date_close_approach": 6809900400000, "relative_velocity": {"kilometers_per_second": "15.5651617029", "kilometers_per_hour": "56034.5821305361", "miles_per_hour": "34817.7102132767"}, "miss_distance": {"astronomical": "0.4861882188", "lunar": "189.1272277832", "kilometers": "72732728", "miles": "45194020"}, "orbiting_body": "Earth"}, {"close_approach_date": "2188-07-11", "epoch_date_close_approach": 6896041200000, "relative_velocity": {"kilometers_per_second": "32.4273677238", "kilometers_per_hour": "116738.5238055781", "miles_per_hour": "72536.7788613049"}, "miss_distance": {"astronomical": "0.4393525196", "lunar": "170.9081268311", "kilometers": "65726200", "miles": "40840368"}, "orbiting_body": "Earth"}, {"close_approach_date": "2191-10-26", "epoch_date_close_approach": 6999894000000, "relative_velocity": {"kilometers_per_second": "16.8848331761", "kilometers_per_hour": "60785.3994339938", "miles_per_hour": "37769.6833316391"}, "miss_distance": {"astronomical": "0.2833715721", "lunar": "110.2315368652", "kilometers": "42391784", "miles": "26341034"}, "orbiting_body": "Earth"}, {"close_approach_date": "2194-06-30", "epoch_date_close_approach": 7084393200000, "relative_velocity": {"kilometers_per_second": "25.9560187884", "kilometers_per_hour": "93441.6676383095", "miles_per_hour": "58061.0184278151"}, "miss_distance": {"astronomical": "0.3265738094", "lunar": "127.0372161865", "kilometers": "48854748", "miles": "30356934"}, "orbiting_body": "Earth"}, {"close_approach_date": "2197-10-22", "epoch_date_close_approach": 7188937200000, "relative_velocity": {"kilometers_per_second": "22.0884342506", "kilometers_per_hour": "79518.3633020174", "miles_per_hour": "49409.6185750786"}, "miss_distance": {"astronomical": "0.0582158428", "lunar": "22.6459617615", "kilometers": "8708966", "miles": "5411500.5"}, "orbiting_body": "Earth"}, {"close_approach_date": "2197-11-11", "epoch_date_close_approach": 7190668800000, "relative_velocity": {"kilometers_per_second": "27.2211323105", "kilometers_per_hour": "97996.0763177863", "miles_per_hour": "60890.9508653489"}, "miss_distance": {"astronomical": "0.0644892743", "lunar": "25.0863285065", "kilometers": "9647458", "miles": "5994652.5"}, "orbiting_body": "Venus"}, {"close_approach_date": "2200-06-17", "epoch_date_close_approach": 7272572400000, "relative_velocity": {"kilometers_per_second": "20.1359312802", "kilometers_per_hour": "72489.352608589", "miles_per_hour": "45042.064680598"}, "miss_distance": {"astronomical": "0.3334248134", "lunar": "129.702255249", "kilometers": "49879640", "miles": "30993772"}, "orbiting_body": "Earth"}], "orbital_data": {"orbit_id": "11", "orbit_determination_date": "2017-11-06 06:17:17", "orbit_uncertainty": "0", "minimum_orbit_intersection": ".00525205", "jupiter_tisserand_invariant": "5.266", "epoch_osculation": "2458000.5", "eccentricity": ".6867063309639801", "semi_major_axis": "1.124538590555897", "inclination": "18.97527414959353", "ascending_node_longitude": "205.7880016679673", "orbital_period": "435.5720182499257", "perihelion_distance": ".3523108210078515", "perihelion_argument": "304.9800504812264", "aphelion_distance": "1.896766360103943", "perihelion_time": "2458090.934313467749", "mean_anomaly": "285.2560966170481", "mean_motion": ".8264993730461274", "equinox": "J2000"}}