{"links": {"self": "https://api.nasa.gov/neo/rest/v1/neo/3596144?api_key=stjNMXvPIBN6FqEBpH6hQbWAtFDv0RARRez0p7z1"}, "neo_reference_id": "3596144", "name": "(2012 BT23)", "nasa_jpl_url": "http://ssd.jpl.nasa.gov/sbdb.cgi?sstr=3596144", "absolute_magnitude_h": 19.0, "estimated_diameter": {"kilometers": {"estimated_diameter_min": 0.4212646106, "estimated_diameter_max": 0.9419763057}, "meters": {"estimated_diameter_min": 421.2646105562, "estimated_diameter_max": 941.9763057186}, "miles": {"estimated_diameter_min": 0.2617616123, "estimated_diameter_max": 0.5853167591}, "feet": {"estimated_diameter_min": 1382.1017848971, "estimated_diameter_max": 3090.4735428537}}, "is_potentially_hazardous_asteroid": true, "close_approach_data": [{"close_approach_date": "1901-02-08", "epoch_date_close_approach": -2174140800000, "relative_velocity": {"kilometers_per_second": "27.0616537116", "kilometers_per_hour": "97421.9533617719", "miles_per_hour": "60534.2131874854"}, "miss_distance": {"astronomical": "0.4000244474", "lunar": "155.6095123291", "kilometers": "59842804", "miles": "37184596"}, "orbiting_body": "Earth"}, {"close_approach_date": "1905-05-06", "epoch_date_close_approach": -2040393600000, "relative_velocity": {"kilometers_per_second": "3.4715674137", "kilometers_per_hour": "12497.6426892669", "miles_per_hour": "7765.5491476725"}, "miss_distance": {"astronomical": "1.8590793308", "lunar": "723.1818847656", "kilometers": "278114304", "miles": "172812224"}, "orbiting_body": "Juptr"}, {"close_approach_date": "1912-04-29", "epoch_date_close_approach": -1820073600000, "relative_velocity": {"kilometers_per_second": "13.420294098", "kilometers_per_hour": "48313.0587529256", "miles_per_hour": "30019.8558678943"}, "miss_distance": {"astronomical": "0.2293743347", "lunar": "89.2266159058", "kilometers": "34313912", "miles": "21321676"}, "orbiting_body": "Earth"}, {"close_approach_date": "1923-07-29", "epoch_date_close_approach": -1465142400000, "relative_velocity": {"kilometers_per_second": "21.7748375647", "kilometers_per_hour": "78389.4152329398", "miles_per_hour": "48708.1341484897"}, "miss_distance": {"astronomical": "0.2735543101", "lunar": "106.4126205444", "kilometers": "40923140", "miles": "25428460"}, "orbiting_body": "Earth"}, {"close_approach_date": "1926-02-09", "epoch_date_close_approach": -1385136000000, "relative_velocity": {"kilometers_per_second": "26.8163282604", "kilometers_per_hour": "96538.7817374566", "miles_per_hour": "59985.4446856991"}, "miss_distance": {"astronomical": "0.3885453606", "lunar": "151.1441497803", "kilometers": "58125560", "miles": "36117548"}, "orbiting_body": "Earth"}, {"close_approach_date": "1937-03-30", "epoch_date_close_approach": -1033747200000, "relative_velocity": {"kilometers_per_second": "12.8061232052", "kilometers_per_hour": "46102.0435387916", "miles_per_hour": "28646.0169977564"}, "miss_distance": {"astronomical": "0.1640408222", "lunar": "63.8118782043", "kilometers": "24540158", "miles": "15248547"}, "orbiting_body": "Earth"}, {"close_approach_date": "1937-04-16", "epoch_date_close_approach": -1032278400000, "relative_velocity": {"kilometers_per_second": "12.1152516537", "kilometers_per_hour": "43614.9059531962", "miles_per_hour": "27100.6064240846"}, "miss_distance": {"astronomical": "0.1036040614", "lunar": "40.3019790649", "kilometers": "15498947", "miles": "9630599"}, "orbiting_body": "Venus"}, {"close_approach_date": "1942-11-05", "epoch_date_close_approach": -856976400000, "relative_velocity": {"kilometers_per_second": "9.9605302443", "kilometers_per_hour": "35857.908879465", "miles_per_hour": "22280.7101034653"}, "miss_distance": {"astronomical": "0.0867501305", "lunar": "33.7458000183", "kilometers": "12977634", "miles": "8063928"}, "orbiting_body": "Venus"}, {"close_approach_date": "1948-07-15", "epoch_date_close_approach": -677350800000, "relative_velocity": {"kilometers_per_second": "15.7016237098", "kilometers_per_hour": "56525.8453553927", "miles_per_hour": "35122.9620765216"}, "miss_distance": {"astronomical": "0.1576002203", "lunar": "61.3064880371", "kilometers": "23576658", "miles": "14649856"}, "orbiting_body": "Earth"}, {"close_approach_date": "1952-06-23", "epoch_date_close_approach": -553021200000, "relative_velocity": {"kilometers_per_second": "3.4620832138", "kilometers_per_hour": "12463.4995698495", "miles_per_hour": "7744.3339410546"}, "miss_distance": {"astronomical": "1.8963862513", "lunar": "737.6942749023", "kilometers": "283695360", "miles": "176280112"}, "orbiting_body": "Juptr"}, {"close_approach_date": "1962-03-17", "epoch_date_close_approach": -245952000000, "relative_velocity": {"kilometers_per_second": "13.3439143958", "kilometers_per_hour": "48038.0918247338", "miles_per_hour": "29849.0021118742"}, "miss_distance": {"astronomical": "0.1056258565", "lunar": "41.0884552002", "kilometers": "15801403", "miles": "9818537"}, "orbiting_body": "Earth"}, {"close_approach_date": "1973-07-09", "epoch_date_close_approach": 111049200000, "relative_velocity": {"kilometers_per_second": "13.8371084276", "kilometers_per_hour": "49813.5903395393", "miles_per_hour": "30952.2278418098"}, "miss_distance": {"astronomical": "0.1608528433", "lunar": "62.5717582703", "kilometers": "24063244", "miles": "14952207"}, "orbiting_body": "Earth"}, {"close_approach_date": "1987-03-07", "epoch_date_close_approach": 542102400000, "relative_velocity": {"kilometers_per_second": "15.3396734422", "kilometers_per_hour": "55222.8243917616", "miles_per_hour": "34313.3155227588"}, "miss_distance": {"astronomical": "0.0512348467", "lunar": "19.930355072", "kilometers": "7664624", "miles": "4762576.5"}, "orbiting_body": "Earth"}, {"close_approach_date": "1988-09-08", "epoch_date_close_approach": 589705200000, "relative_velocity": {"kilometers_per_second": "3.5694514098", "kilometers_per_hour": "12850.0250752797", "miles_per_hour": "7984.5058585814"}, "miss_distance": {"astronomical": "1.9764197126", "lunar": "768.8272705078", "kilometers": "295668192", "miles": "183719696"}, "orbiting_body": "Juptr"}, {"close_approach_date": "1998-07-15", "epoch_date_close_approach": 900486000000, "relative_velocity": {"kilometers_per_second": "15.5243262671", "kilometers_per_hour": "55887.5745616928", "miles_per_hour": "34726.3654269585"}, "miss_distance": {"astronomical": "0.1544314277", "lunar": "60.0738258362", "kilometers": "23102614", "miles": "14355299"}, "orbiting_body": "Earth"}, {"close_approach_date": "2012-03-20", "epoch_date_close_approach": 1332226800000, "relative_velocity": {"kilometers_per_second": "13.1096187881", "kilometers_per_hour": "47194.6276371571", "miles_per_hour": "29324.9062670991"}, "miss_distance": {"astronomical": "0.123890528", "lunar": "48.1934165955", "kilometers": "18533760", "miles": "11516344"}, "orbiting_body": "Earth"}, {"close_approach_date": "2023-07-13", "epoch_date_close_approach": 1689231600000, "relative_velocity": {"kilometers_per_second": "14.5067910779", "kilometers_per_hour": "52224.447880318", "miles_per_hour": "32450.2409620787"}, "miss_distance": {"astronomical": "0.1537903547", "lunar": "59.8244476318", "kilometers": "23006710", "miles": "14295707"}, "orbiting_body": "Earth"}, {"close_approach_date": "2034-07-03", "epoch_date_close_approach": 2035522800000, "relative_velocity": {"kilometers_per_second": "10.4446707321", "kilometers_per_hour": "37600.8146355985", "miles_per_hour": "23363.6839606584"}, "miss_distance": {"astronomical": "0.0841926723", "lunar": "32.7509498596", "kilometers": "12595044", "miles": "7826197.5"}, "orbiting_body": "Venus"}, {"close_approach_date": "2035-11-15", "epoch_date_close_approach": 2078726400000, "relative_velocity": {"kilometers_per_second": "3.4339432036", "kilometers_per_hour": "12362.1955328767", "miles_per_hour": "7681.3875520811"}, "miss_distance": {"astronomical": "1.8647831689", "lunar": "725.4006347656", "kilometers": "278967584", "miles": "173342432"}, "orbiting_body": "Juptr"}, {"close_approach_date": "2037-03-20", "epoch_date_close_approach": 2121145200000, "relative_velocity": {"kilometers_per_second": "13.0111615718", "kilometers_per_hour": "46840.1816585074", "miles_per_hour": "29104.6673199764"}, "miss_distance": {"astronomical": "0.1177733904", "lunar": "45.8138504028", "kilometers": "17618648", "miles": "10947721"}, "orbiting_body": "Earth"}, {"close_approach_date": "2048-07-21", "epoch_date_close_approach": 2478927600000, "relative_velocity": {"kilometers_per_second": "17.5921092356", "kilometers_per_hour": "63331.5932480542", "miles_per_hour": "39351.7891490479"}, "miss_distance": {"astronomical": "0.1688903009", "lunar": "65.6983261108", "kilometers": "25265630", "miles": "15699334"}, "orbiting_body": "Earth"}, {"close_approach_date": "2062-03-29", "epoch_date_close_approach": 2910841200000, "relative_velocity": {"kilometers_per_second": "12.726224347", "kilometers_per_hour": "45814.40764929", "miles_per_hour": "28467.2912418602"}, "miss_distance": {"astronomical": "0.1550908682", "lunar": "60.3303489685", "kilometers": "23201264", "miles": "14416597"}, "orbiting_body": "Earth"}, {"close_approach_date": "2073-07-24", "epoch_date_close_approach": 3268105200000, "relative_velocity": {"kilometers_per_second": "18.8984196553", "kilometers_per_hour": "68034.3107589558", "miles_per_hour": "42273.8749268634"}, "miss_distance": {"astronomical": "0.1968281568", "lunar": "76.56615448", "kilometers": "29445074", "miles": "18296320"}, "orbiting_body": "Earth"}, {"close_approach_date": "2076-02-09", "epoch_date_close_approach": 3348460800000, "relative_velocity": {"kilometers_per_second": "28.4384275756", "kilometers_per_hour": "102378.3392723353", "miles_per_hour": "63613.9186439686"}, "miss_distance": {"astronomical": "0.4425626874", "lunar": "172.1568908691", "kilometers": "66206440", "miles": "41138772"}, "orbiting_body": "Earth"}, {"close_approach_date": "2083-02-03", "epoch_date_close_approach": 3568867200000, "relative_velocity": {"kilometers_per_second": "3.4139840931", "kilometers_per_hour": "12290.342735159", "miles_per_hour": "7636.7410178548"}, "miss_distance": {"astronomical": "1.863398947", "lunar": "724.8621826172", "kilometers": "278760512", "miles": "173213744"}, "orbiting_body": "Juptr"}, {"close_approach_date": "2087-05-12", "epoch_date_close_approach": 3703561200000, "relative_velocity": {"kilometers_per_second": "13.3791184285", "kilometers_per_hour": "48164.8263425708", "miles_per_hour": "29927.7500126935"}, "miss_distance": {"astronomical": "0.2422536268", "lunar": "94.2366638184", "kilometers": "36240628", "miles": "22518882"}, "orbiting_body": "Earth"}, {"close_approach_date": "2098-08-08", "epoch_date_close_approach": 4058319600000, "relative_velocity": {"kilometers_per_second": "26.1653629278", "kilometers_per_hour": "94195.3065401081", "miles_per_hour": "58529.3003332133"}, "miss_distance": {"astronomical": "0.3984079697", "lunar": "154.9806976318", "kilometers": "59600984", "miles": "37034336"}, "orbiting_body": "Earth"}, {"close_approach_date": "2101-02-21", "epoch_date_close_approach": 4138416000000, "relative_velocity": {"kilometers_per_second": "21.7107063727", "kilometers_per_hour": "78158.5429416221", "miles_per_hour": "48564.6790850318"}, "miss_distance": {"astronomical": "0.2112295152", "lunar": "82.1682815552", "kilometers": "31599486", "miles": "19635010"}, "orbiting_body": "Earth"}, {"close_approach_date": "2104-01-05", "epoch_date_close_approach": 4228963200000, "relative_velocity": {"kilometers_per_second": "12.3991553973", "kilometers_per_hour": "44636.9594301349", "miles_per_hour": "27735.6707081302"}, "miss_distance": {"astronomical": "0.1076923543", "lunar": "41.892326355", "kilometers": "16110547", "miles": "10010630"}, "orbiting_body": "Venus"}, {"close_approach_date": "2109-07-27", "epoch_date_close_approach": 4404351600000, "relative_velocity": {"kilometers_per_second": "9.8264086181", "kilometers_per_hour": "35375.0710252797", "miles_per_hour": "21980.6934379022"}, "miss_distance": {"astronomical": "0.0859556834", "lunar": "33.4367637634", "kilometers": "12858788", "miles": "7990080.5"}, "orbiting_body": "Venus"}, {"close_approach_date": "2112-05-16", "epoch_date_close_approach": 4492825200000, "relative_velocity": {"kilometers_per_second": "13.363189882", "kilometers_per_hour": "48107.4835753037", "miles_per_hour": "29892.1194471102"}, "miss_distance": {"astronomical": "0.2456258468", "lunar": "95.5484542847", "kilometers": "36745104", "miles": "22832350"}, "orbiting_body": "Earth"}, {"close_approach_date": "2123-08-11", "epoch_date_close_approach": 4847410800000, "relative_velocity": {"kilometers_per_second": "26.8495778563", "kilometers_per_hour": "96658.4802827095", "miles_per_hour": "60059.8207067758"}, "miss_distance": {"astronomical": "0.4247307999", "lunar": "165.2202911377", "kilometers": "63538824", "miles": "39481196"}, "orbiting_body": "Earth"}, {"close_approach_date": "2126-02-25", "epoch_date_close_approach": 4927680000000, "relative_velocity": {"kilometers_per_second": "20.2125073106", "kilometers_per_hour": "72765.026318106", "miles_per_hour": "45213.3576030476"}, "miss_distance": {"astronomical": "0.1659217455", "lunar": "64.5435562134", "kilometers": "24821540", "miles": "15423390"}, "orbiting_body": "Earth"}, {"close_approach_date": "2130-04-22", "epoch_date_close_approach": 5058745200000, "relative_velocity": {"kilometers_per_second": "3.4630739485", "kilometers_per_hour": "12467.0662146422", "miles_per_hour": "7746.5501154259"}, "miss_distance": {"astronomical": "1.9737044345", "lunar": "767.7710571289", "kilometers": "295261984", "miles": "183467296"}, "orbiting_body": "Juptr"}, {"close_approach_date": "2137-06-21", "epoch_date_close_approach": 5284854000000, "relative_velocity": {"kilometers_per_second": "11.8166641223", "kilometers_per_hour": "42539.9908403153", "miles_per_hour": "26432.6959751948"}, "miss_distance": {"astronomical": "0.2110738511", "lunar": "82.1077270508", "kilometers": "31576198", "miles": "19620540"}, "orbiting_body": "Earth"}, {"close_approach_date": "2151-03-01", "epoch_date_close_approach": 5716944000000, "relative_velocity": {"kilometers_per_second": "18.1821758151", "kilometers_per_hour": "65455.8329342516", "miles_per_hour": "40671.7090807299"}, "miss_distance": {"astronomical": "0.0946327925", "lunar": "36.8121566772", "kilometers": "14156864", "miles": "8796667"}, "orbiting_body": "Earth"}, {"close_approach_date": "2162-06-11", "epoch_date_close_approach": 6072908400000, "relative_velocity": {"kilometers_per_second": "12.1866892937", "kilometers_per_hour": "43872.0814572995", "miles_per_hour": "27260.4052810648"}, "miss_distance": {"astronomical": "0.2286752821", "lunar": "88.9546813965", "kilometers": "34209336", "miles": "21256696"}, "orbiting_body": "Earth"}, {"close_approach_date": "2166-07-15", "epoch_date_close_approach": 6202076400000, "relative_velocity": {"kilometers_per_second": "3.4479876881", "kilometers_per_hour": "12412.7556773045", "miles_per_hour": "7712.8036596007"}, "miss_distance": {"astronomical": "1.9130080631", "lunar": "744.16015625", "kilometers": "286181952", "miles": "177825216"}, "orbiting_body": "Juptr"}, {"close_approach_date": "2176-03-02", "epoch_date_close_approach": 6506035200000, "relative_velocity": {"kilometers_per_second": "17.8099210606", "kilometers_per_hour": "64115.715818183", "miles_per_hour": "39839.0124204705"}, "miss_distance": {"astronomical": "0.085240896", "lunar": "33.158706665", "kilometers": "12751856", "miles": "7923636"}, "orbiting_body": "Earth"}, {"close_approach_date": "2187-06-01", "epoch_date_close_approach": 6860962800000, "relative_velocity": {"kilometers_per_second": "12.7659710376", "kilometers_per_hour": "45957.4957351969", "miles_per_hour": "28556.2006139061"}, "miss_distance": {"astronomical": "0.2419688046", "lunar": "94.125869751", "kilometers": "36198020", "miles": "22492406"}, "orbiting_body": "Earth"}, {"close_approach_date": "2198-08-02", "epoch_date_close_approach": 7213474800000, "relative_velocity": {"kilometers_per_second": "21.4568384085", "kilometers_per_hour": "77244.6182705237", "miles_per_hour": "47996.8018359262"}, "miss_distance": {"astronomical": "0.2510665346", "lunar": "97.6648788452", "kilometers": "37559020", "miles": "23338092"}, "orbiting_body": "Earth"}], "orbital_data": {"orbit_id": "53", "orbit_determination_date": "2017-04-06 08:51:18", "orbit_uncertainty": "0", "minimum_orbit_intersection": ".0486794", "jupiter_tisserand_invariant": "3.607", "epoch_osculation": "2458000.5", "eccentricity": ".6004890252454106", "semi_major_axis": "1.975250910376768", "inclination": "9.106127491641239", "ascending_node_longitude": "182.3297532071272", "orbital_period": "1013.985705903247", "perihelion_distance": ".7891344165895127", "perihelion_argument": "43.25540356656504", "aphelion_distance": "3.161367404164023", "perihelion_time": "2458066.835449050640", "mean_anomaly": "336.4486210020508", "mean_motion": ".3550345906299697", "equinox": "J2000"}}