{"links": {"self": "https://api.nasa.gov/neo/rest/v1/neo/3604304?api_key=stjNMXvPIBN6FqEBpH6hQbWAtFDv0RARRez0p7z1"}, "neo_reference_id": "3604304", "name": "(2012 KA4)", "nasa_jpl_url": "http://ssd.jpl.nasa.gov/sbdb.cgi?sstr=3604304", "absolute_magnitude_h": 21.1, "estimated_diameter": {"kilometers": {"estimated_diameter_min": 0.160160338, "estimated_diameter_max": 0.358129403}, "meters": {"estimated_diameter_min": 160.1603379786, "estimated_diameter_max": 358.1294030194}, "miles": {"estimated_diameter_min": 0.0995189894, "estimated_diameter_max": 0.2225312253}, "feet": {"estimated_diameter_min": 525.4604432536, "estimated_diameter_max": 1174.9652706022}}, "is_potentially_hazardous_asteroid": true, "close_approach_data": [{"close_approach_date": "1902-07-21", "epoch_date_close_approach": -2128521600000, "relative_velocity": {"kilometers_per_second": "38.041200646", "kilometers_per_hour": "136948.3223257314", "miles_per_hour": "85094.3617251191"}, "miss_distance": {"astronomical": "0.4029522445", "lunar": "156.7484283447", "kilometers": "60280800", "miles": "37456752"}, "orbiting_body": "Earth"}, {"close_approach_date": "1903-08-08", "epoch_date_close_approach": -2095430400000, "relative_velocity": {"kilometers_per_second": "16.7485601923", "kilometers_per_hour": "60294.8166923923", "miles_per_hour": "37464.8542942257"}, "miss_distance": {"astronomical": "0.4687551906", "lunar": "182.3457641602", "kilometers": "70124776", "miles": "43573516"}, "orbiting_body": "Earth"}, {"close_approach_date": "1903-11-02", "epoch_date_close_approach": -2088000000000, "relative_velocity": {"kilometers_per_second": "27.4111717611", "kilometers_per_hour": "98680.218339812", "miles_per_hour": "61316.0501123127"}, "miss_distance": {"astronomical": "0.0658485967", "lunar": "25.6151046753", "kilometers": "9850810", "miles": "6121009.5"}, "orbiting_body": "Merc"}, {"close_approach_date": "1907-05-19", "epoch_date_close_approach": -1976198400000, "relative_velocity": {"kilometers_per_second": "32.9538348034", "kilometers_per_hour": "118633.8052921968", "miles_per_hour": "73714.4330716986"}, "miss_distance": {"astronomical": "0.2337973774", "lunar": "90.9471740723", "kilometers": "34975588", "miles": "21732824"}, "orbiting_body": "Earth"}, {"close_approach_date": "1909-07-29", "epoch_date_close_approach": -1906905600000, "relative_velocity": {"kilometers_per_second": "24.347427208", "kilometers_per_hour": "87650.7379486808", "miles_per_hour": "54462.7599215012"}, "miss_distance": {"astronomical": "0.0857341603", "lunar": "33.3505859375", "kilometers": "12825648", "miles": "7969488"}, "orbiting_body": "Merc"}, {"close_approach_date": "1910-08-07", "epoch_date_close_approach": -1874592000000, "relative_velocity": {"kilometers_per_second": "25.2015925816", "kilometers_per_hour": "90725.7332938295", "miles_per_hour": "56373.4424458242"}, "miss_distance": {"astronomical": "0.104791399", "lunar": "40.7638511658", "kilometers": "15676570", "miles": "9740969"}, "orbiting_body": "Earth"}, {"close_approach_date": "1914-05-03", "epoch_date_close_approach": -1756656000000, "relative_velocity": {"kilometers_per_second": "19.9069126389", "kilometers_per_hour": "71664.8854999813", "miles_per_hour": "44529.772881919"}, "miss_distance": {"astronomical": "0.2228519329", "lunar": "86.6893997192", "kilometers": "33338174", "miles": "20715382"}, "orbiting_body": "Earth"}, {"close_approach_date": "1915-04-28", "epoch_date_close_approach": -1725552000000, "relative_velocity": {"kilometers_per_second": "31.703922003", "kilometers_per_hour": "114134.1192109289", "miles_per_hour": "70918.5031285908"}, "miss_distance": {"astronomical": "0.0353766347", "lunar": "13.761510849", "kilometers": "5292269", "miles": "3288463.75"}, "orbiting_body": "Merc"}, {"close_approach_date": "1916-09-27", "epoch_date_close_approach": -1680796800000, "relative_velocity": {"kilometers_per_second": "20.7225252001", "kilometers_per_hour": "74601.0907204586", "miles_per_hour": "46354.216620165"}, "miss_distance": {"astronomical": "0.0992467368", "lunar": "38.6069831848", "kilometers": "14847101", "miles": "9225561"}, "orbiting_body": "Mars"}, {"close_approach_date": "1917-07-19", "epoch_date_close_approach": -1655308800000, "relative_velocity": {"kilometers_per_second": "39.2552324734", "kilometers_per_hour": "141318.836904154", "miles_per_hour": "87810.029519695"}, "miss_distance": {"astronomical": "0.4374342535", "lunar": "170.1619262695", "kilometers": "65439232", "miles": "40662056"}, "orbiting_body": "Earth"}, {"close_approach_date": "1918-08-10", "epoch_date_close_approach": -1621875600000, "relative_velocity": {"kilometers_per_second": "16.8650795266", "kilometers_per_hour": "60714.2862957769", "miles_per_hour": "37725.4963930621"}, "miss_distance": {"astronomical": "0.4376592552", "lunar": "170.2494506836", "kilometers": "65472896", "miles": "40682972"}, "orbiting_body": "Earth"}, {"close_approach_date": "1922-05-17", "epoch_date_close_approach": -1502985600000, "relative_velocity": {"kilometers_per_second": "31.6727153448", "kilometers_per_hour": "114021.7752411616", "miles_per_hour": "70848.6969547095"}, "miss_distance": {"astronomical": "0.1944650784", "lunar": "75.6469116211", "kilometers": "29091560", "miles": "18076658"}, "orbiting_body": "Earth"}, {"close_approach_date": "1925-08-06", "epoch_date_close_approach": -1401292800000, "relative_velocity": {"kilometers_per_second": "26.4137266159", "kilometers_per_hour": "95089.415817096", "miles_per_hour": "59084.8650670172"}, "miss_distance": {"astronomical": "0.1048568707", "lunar": "40.7893218994", "kilometers": "15686365", "miles": "9747055"}, "orbiting_body": "Earth"}, {"close_approach_date": "1925-09-30", "epoch_date_close_approach": -1396540800000, "relative_velocity": {"kilometers_per_second": "22.493458461", "kilometers_per_hour": "80976.4504595338", "miles_per_hour": "50315.6172313697"}, "miss_distance": {"astronomical": "0.0699103435", "lunar": "27.1951217651", "kilometers": "10458438", "miles": "6498572"}, "orbiting_body": "Merc"}, {"close_approach_date": "1929-05-03", "epoch_date_close_approach": -1283270400000, "relative_velocity": {"kilometers_per_second": "18.9574082259", "kilometers_per_hour": "68246.6696131932", "miles_per_hour": "42405.8264604866"}, "miss_distance": {"astronomical": "0.2669063015", "lunar": "103.8265457153", "kilometers": "39928612", "miles": "24810490"}, "orbiting_body": "Earth"}, {"close_approach_date": "1931-06-24", "epoch_date_close_approach": -1215705600000, "relative_velocity": {"kilometers_per_second": "23.4331691564", "kilometers_per_hour": "84359.4089631865", "miles_per_hour": "52417.6560860422"}, "miss_distance": {"astronomical": "0.0624825435", "lunar": "24.3057098389", "kilometers": "9347256", "miles": "5808115.5"}, "orbiting_body": "Merc"}, {"close_approach_date": "1932-07-16", "epoch_date_close_approach": -1182182400000, "relative_velocity": {"kilometers_per_second": "40.6845597973", "kilometers_per_hour": "146464.4152701137", "miles_per_hour": "91007.291810477"}, "miss_distance": {"astronomical": "0.47869551", "lunar": "186.2125549316", "kilometers": "71611832", "miles": "44497528"}, "orbiting_body": "Earth"}, {"close_approach_date": "1933-08-11", "epoch_date_close_approach": -1148400000000, "relative_velocity": {"kilometers_per_second": "17.1165460848", "kilometers_per_hour": "61619.5659053315", "miles_per_hour": "38288.0019371211"}, "miss_distance": {"astronomical": "0.3971053288", "lunar": "154.4739685059", "kilometers": "59406112", "miles": "36913248"}, "orbiting_body": "Earth"}, {"close_approach_date": "1937-03-26", "epoch_date_close_approach": -1034092800000, "relative_velocity": {"kilometers_per_second": "39.7253157682", "kilometers_per_hour": "143011.1367656698", "miles_per_hour": "88861.5588419796"}, "miss_distance": {"astronomical": "0.0933747342", "lunar": "36.3227729797", "kilometers": "13968662", "miles": "8679724"}, "orbiting_body": "Merc"}, {"close_approach_date": "1937-05-15", "epoch_date_close_approach": -1029772800000, "relative_velocity": {"kilometers_per_second": "30.247007082", "kilometers_per_hour": "108889.2254950279", "miles_per_hour": "67659.5301416189"}, "miss_distance": {"astronomical": "0.1483037088", "lunar": "57.6901397705", "kilometers": "22185918", "miles": "13785690"}, "orbiting_body": "Earth"}, {"close_approach_date": "1940-08-04", "epoch_date_close_approach": -928080000000, "relative_velocity": {"kilometers_per_second": "27.8584318285", "kilometers_per_hour": "100290.3545824639", "miles_per_hour": "62316.5261570871"}, "miss_distance": {"astronomical": "0.1238669033", "lunar": "48.184223175", "kilometers": "18530224", "miles": "11514148"}, "orbiting_body": "Earth"}, {"close_approach_date": "1941-11-24", "epoch_date_close_approach": -886867200000, "relative_velocity": {"kilometers_per_second": "33.2442228202", "kilometers_per_hour": "119679.2021527373", "miles_per_hour": "74364.0020265161"}, "miss_distance": {"astronomical": "0.0856761287", "lunar": "33.3280143738", "kilometers": "12816966", "miles": "7964093.5"}, "orbiting_body": "Merc"}, {"close_approach_date": "1944-05-03", "epoch_date_close_approach": -809888400000, "relative_velocity": {"kilometers_per_second": "18.1468287501", "kilometers_per_hour": "65328.5835004928", "miles_per_hour": "40592.6412311812"}, "miss_distance": {"astronomical": "0.3130246746", "lunar": "121.7665939331", "kilometers": "46827824", "miles": "29097462"}, "orbiting_body": "Earth"}, {"close_approach_date": "1947-08-23", "epoch_date_close_approach": -705600000000, "relative_velocity": {"kilometers_per_second": "21.9412824664", "kilometers_per_hour": "78988.6168790252", "miles_per_hour": "49080.454749081"}, "miss_distance": {"astronomical": "0.0909416074", "lunar": "35.376285553", "kilometers": "13604671", "miles": "8453551"}, "orbiting_body": "Merc"}, {"close_approach_date": "1948-08-12", "epoch_date_close_approach": -674931600000, "relative_velocity": {"kilometers_per_second": "17.5823163766", "kilometers_per_hour": "63296.338955737", "miles_per_hour": "39329.8835028022"}, "miss_distance": {"astronomical": "0.3554013529", "lunar": "138.2511291504", "kilometers": "53167288", "miles": "33036622"}, "orbiting_body": "Earth"}, {"close_approach_date": "1952-05-13", "epoch_date_close_approach": -556563600000, "relative_velocity": {"kilometers_per_second": "28.7672415679", "kilometers_per_hour": "103562.0696445001", "miles_per_hour": "64349.4426632729"}, "miss_distance": {"astronomical": "0.1021376267", "lunar": "39.7315368652", "kilometers": "15279571", "miles": "9494285"}, "orbiting_body": "Earth"}, {"close_approach_date": "1953-05-19", "epoch_date_close_approach": -524509200000, "relative_velocity": {"kilometers_per_second": "27.2803261712", "kilometers_per_hour": "98209.1742164392", "miles_per_hour": "61023.3616124313"}, "miss_distance": {"astronomical": "0.0186933078", "lunar": "7.2716965675", "kilometers": "2796479", "miles": "1737651.5"}, "orbiting_body": "Merc"}, {"close_approach_date": "1955-08-03", "epoch_date_close_approach": -454870800000, "relative_velocity": {"kilometers_per_second": "29.1966477743", "kilometers_per_hour": "105107.931987606", "miles_per_hour": "65309.98140641"}, "miss_distance": {"astronomical": "0.1528830565", "lunar": "59.4715080261", "kilometers": "22870980", "miles": "14211368"}, "orbiting_body": "Earth"}, {"close_approach_date": "1959-05-05", "epoch_date_close_approach": -336416400000, "relative_velocity": {"kilometers_per_second": "17.6076823158", "kilometers_per_hour": "63387.6563369902", "miles_per_hour": "39386.6245722815"}, "miss_distance": {"astronomical": "0.3533491438", "lunar": "137.4528198242", "kilometers": "52860280", "miles": "32845856"}, "orbiting_body": "Earth"}, {"close_approach_date": "1963-08-14", "epoch_date_close_approach": -201459600000, "relative_velocity": {"kilometers_per_second": "18.1454431792", "kilometers_per_hour": "65323.5954451564", "miles_per_hour": "40589.5418475751"}, "miss_distance": {"astronomical": "0.3203429159", "lunar": "124.6133956909", "kilometers": "47922620", "miles": "29777736"}, "orbiting_body": "Earth"}, {"close_approach_date": "1963-10-23", "epoch_date_close_approach": -195411600000, "relative_velocity": {"kilometers_per_second": "28.1065768129", "kilometers_per_hour": "101183.6765263903", "miles_per_hour": "62871.6016727451"}, "miss_distance": {"astronomical": "0.0660784747", "lunar": "25.7045269012", "kilometers": "9885199", "miles": "6142378"}, "orbiting_body": "Merc"}, {"close_approach_date": "1967-05-12", "epoch_date_close_approach": -83350800000, "relative_velocity": {"kilometers_per_second": "27.7642236627", "kilometers_per_hour": "99951.2051857366", "miles_per_hour": "62105.7919111039"}, "miss_distance": {"astronomical": "0.0697405817", "lunar": "27.1290855408", "kilometers": "10433042", "miles": "6482792"}, "orbiting_body": "Earth"}, {"close_approach_date": "1969-07-20", "epoch_date_close_approach": -14230800000, "relative_velocity": {"kilometers_per_second": "23.7885500399", "kilometers_per_hour": "85638.7801437138", "miles_per_hour": "53212.6075842982"}, "miss_distance": {"astronomical": "0.0891382315", "lunar": "34.6747741699", "kilometers": "13334890", "miles": "8285916.5"}, "orbiting_body": "Merc"}, {"close_approach_date": "1970-08-01", "epoch_date_close_approach": 18342000000, "relative_velocity": {"kilometers_per_second": "30.1249472848", "kilometers_per_hour": "108449.8102253858", "miles_per_hour": "67386.4945814349"}, "miss_distance": {"astronomical": "0.1760080921", "lunar": "68.4671478271", "kilometers": "26330436", "miles": "16360974"}, "orbiting_body": "Earth"}, {"close_approach_date": "1974-05-05", "epoch_date_close_approach": 136969200000, "relative_velocity": {"kilometers_per_second": "17.372482975", "kilometers_per_hour": "62540.9387098438", "miles_per_hour": "38860.5071666804"}, "miss_distance": {"astronomical": "0.3740509312", "lunar": "145.5058135986", "kilometers": "55957224", "miles": "34770208"}, "orbiting_body": "Earth"}, {"close_approach_date": "1975-04-19", "epoch_date_close_approach": 167122800000, "relative_velocity": {"kilometers_per_second": "27.3145499927", "kilometers_per_hour": "98332.3799735461", "miles_per_hour": "61099.9168785626"}, "miss_distance": {"astronomical": "0.0182648247", "lunar": "7.1050167084", "kilometers": "2732379", "miles": "1697821.5"}, "orbiting_body": "Merc"}, {"close_approach_date": "1975-05-31", "epoch_date_close_approach": 170751600000, "relative_velocity": {"kilometers_per_second": "41.2589618865", "kilometers_per_hour": "148532.2627912484", "miles_per_hour": "92292.1718438177"}, "miss_distance": {"astronomical": "0.4846498645", "lunar": "188.528793335", "kilometers": "72502592", "miles": "45051020"}, "orbiting_body": "Earth"}, {"close_approach_date": "1978-08-14", "epoch_date_close_approach": 271926000000, "relative_velocity": {"kilometers_per_second": "18.4001360083", "kilometers_per_hour": "66240.4896298066", "miles_per_hour": "41159.2642369206"}, "miss_distance": {"astronomical": "0.3056696663", "lunar": "118.9055023193", "kilometers": "45727532", "miles": "28413770"}, "orbiting_body": "Earth"}, {"close_approach_date": "1982-05-12", "epoch_date_close_approach": 390034800000, "relative_velocity": {"kilometers_per_second": "27.4061176103", "kilometers_per_hour": "98662.0233971844", "miles_per_hour": "61304.7444825449"}, "miss_distance": {"astronomical": "0.0595403757", "lunar": "23.1612071991", "kilometers": "8907114", "miles": "5534624"}, "orbiting_body": "Earth"}, {"close_approach_date": "1985-08-01", "epoch_date_close_approach": 491727600000, "relative_velocity": {"kilometers_per_second": "30.2452903381", "kilometers_per_hour": "108883.0452172028", "miles_per_hour": "67655.6899573225"}, "miss_distance": {"astronomical": "0.1791535874", "lunar": "69.6907501221", "kilometers": "26800996", "miles": "16653367"}, "orbiting_body": "Earth"}, {"close_approach_date": "1985-09-24", "epoch_date_close_approach": 496393200000, "relative_velocity": {"kilometers_per_second": "33.1628116883", "kilometers_per_hour": "119386.1220779419", "miles_per_hour": "74181.8934655967"}, "miss_distance": {"astronomical": "0.0848855541", "lunar": "33.0204811096", "kilometers": "12698698", "miles": "7890605"}, "orbiting_body": "Merc"}, {"close_approach_date": "1989-05-05", "epoch_date_close_approach": 610354800000, "relative_velocity": {"kilometers_per_second": "17.3983475527", "kilometers_per_hour": "62634.0511897193", "miles_per_hour": "38918.3636406342"}, "miss_distance": {"astronomical": "0.3740088087", "lunar": "145.4894256592", "kilometers": "55950920", "miles": "34766292"}, "orbiting_body": "Earth"}, {"close_approach_date": "1990-05-31", "epoch_date_close_approach": 644137200000, "relative_velocity": {"kilometers_per_second": "41.3629764244", "kilometers_per_hour": "148906.7151279264", "miles_per_hour": "92524.841963794"}, "miss_distance": {"astronomical": "0.486897134", "lunar": "189.4029846191", "kilometers": "72838776", "miles": "45259916"}, "orbiting_body": "Earth"}, {"close_approach_date": "1991-06-30", "epoch_date_close_approach": 678265200000, "relative_velocity": {"kilometers_per_second": "20.111810629", "kilometers_per_hour": "72402.5182645728", "miles_per_hour": "44988.1091961175"}, "miss_distance": {"astronomical": "0.077279174", "lunar": "30.0615978241", "kilometers": "11560800", "miles": "7183548"}, "orbiting_body": "Merc"}, {"close_approach_date": "1993-08-13", "epoch_date_close_approach": 745225200000, "relative_velocity": {"kilometers_per_second": "18.2839321549", "kilometers_per_hour": "65822.1557575223", "miles_per_hour": "40899.3278372227"}, "miss_distance": {"astronomical": "0.3126412297", "lunar": "121.61743927", "kilometers": "46770464", "miles": "29061818"}, "orbiting_body": "Earth"}, {"close_approach_date": "1997-03-27", "epoch_date_close_approach": 859449600000, "relative_velocity": {"kilometers_per_second": "24.0898260972", "kilometers_per_hour": "86723.3739500543", "miles_per_hour": "53886.5319969101"}, "miss_distance": {"astronomical": "0.0768201767", "lunar": "29.8830490112", "kilometers": "11492135", "miles": "7140882"}, "orbiting_body": "Merc"}, {"close_approach_date": "1997-05-12", "epoch_date_close_approach": 863420400000, "relative_velocity": {"kilometers_per_second": "27.8609063038", "kilometers_per_hour": "100299.2626937729", "miles_per_hour": "62322.0613110279"}, "miss_distance": {"astronomical": "0.0729793304", "lunar": "28.3889598846", "kilometers": "10917553", "miles": "6783852.5"}, "orbiting_body": "Earth"}, {"close_approach_date": "2000-08-02", "epoch_date_close_approach": 965199600000, "relative_velocity": {"kilometers_per_second": "29.7274501989", "kilometers_per_hour": "107018.8207160738", "miles_per_hour": "66497.3333499404"}, "miss_distance": {"astronomical": "0.1653636673", "lunar": "64.3264694214", "kilometers": "24738054", "miles": "15371514"}, "orbiting_body": "Earth"}, {"close_approach_date": "2002-12-29", "epoch_date_close_approach": 1041148800000, "relative_velocity": {"kilometers_per_second": "28.4004955383", "kilometers_per_hour": "102241.7839377493", "miles_per_hour": "63529.0684695421"}, "miss_distance": {"astronomical": "0.0181734713", "lunar": "7.0694804192", "kilometers": "2718712.5", "miles": "1689329.75"}, "orbiting_body": "Merc"}, {"close_approach_date": "2003-04-05", "epoch_date_close_approach": 1049529600000, "relative_velocity": {"kilometers_per_second": "20.5514173219", "kilometers_per_hour": "73985.1023588508", "miles_per_hour": "45971.4654073648"}, "miss_distance": {"astronomical": "0.0999132752", "lunar": "38.8662643433", "kilometers": "14946814", "miles": "9287519"}, "orbiting_body": "Mars"}, {"close_approach_date": "2004-05-04", "epoch_date_close_approach": 1083654000000, "relative_velocity": {"kilometers_per_second": "17.5687137827", "kilometers_per_hour": "63247.3696177718", "miles_per_hour": "39299.4558605538"}, "miss_distance": {"astronomical": "0.3545361715", "lunar": "137.91456604", "kilometers": "53037856", "miles": "32956196"}, "orbiting_body": "Earth"}, {"close_approach_date": "2006-05-27", "epoch_date_close_approach": 1148713200000, "relative_velocity": {"kilometers_per_second": "34.6663890149", "kilometers_per_hour": "124799.0004534899", "miles_per_hour": "77545.2455873365"}, "miss_distance": {"astronomical": "0.1282749803", "lunar": "49.8989677429", "kilometers": "19189664", "miles": "11923904"}, "orbiting_body": "Venus"}, {"close_approach_date": "2008-08-13", "epoch_date_close_approach": 1218610800000, "relative_velocity": {"kilometers_per_second": "17.8936633422", "kilometers_per_hour": "64417.1880317548", "miles_per_hour": "40026.3355300645"}, "miss_distance": {"astronomical": "0.3338813205", "lunar": "129.8798370361", "kilometers": "49947936", "miles": "31036208"}, "orbiting_body": "Earth"}, {"close_approach_date": "2012-05-13", "epoch_date_close_approach": 1336892400000, "relative_velocity": {"kilometers_per_second": "28.5503931077", "kilometers_per_hour": "102781.4151876444", "miles_per_hour": "63864.3743425672"}, "miss_distance": {"astronomical": "0.095446281", "lunar": "37.1286048889", "kilometers": "14278561", "miles": "8872286"}, "orbiting_body": "Earth"}, {"close_approach_date": "2013-06-06", "epoch_date_close_approach": 1370502000000, "relative_velocity": {"kilometers_per_second": "35.1815930099", "kilometers_per_hour": "126653.7348355788", "miles_per_hour": "78697.7054038073"}, "miss_distance": {"astronomical": "0.0966021249", "lunar": "37.5782279968", "kilometers": "14451473", "miles": "8979729"}, "orbiting_body": "Merc"}, {"close_approach_date": "2015-08-04", "epoch_date_close_approach": 1438671600000, "relative_velocity": {"kilometers_per_second": "29.0334577959", "kilometers_per_hour": "104520.4480652515", "miles_per_hour": "64944.9417436559"}, "miss_distance": {"astronomical": "0.1479094063", "lunar": "57.5367584229", "kilometers": "22126932", "miles": "13749038"}, "orbiting_body": "Earth"}, {"close_approach_date": "2015-08-20", "epoch_date_close_approach": 1440054000000, "relative_velocity": {"kilometers_per_second": "32.773960939", "kilometers_per_hour": "117986.2593803097", "miles_per_hour": "73312.073224393"}, "miss_distance": {"astronomical": "0.1117513989", "lunar": "43.4712944031", "kilometers": "16717772", "miles": "10387942"}, "orbiting_body": "Venus"}, {"close_approach_date": "2019-03-14", "epoch_date_close_approach": 1552546800000, "relative_velocity": {"kilometers_per_second": "23.5667409294", "kilometers_per_hour": "84840.2673459066", "miles_per_hour": "52716.4427850162"}, "miss_distance": {"astronomical": "0.0663231028", "lunar": "25.7996864319", "kilometers": "9921795", "miles": "6165117.5"}, "orbiting_body": "Merc"}, {"close_approach_date": "2019-05-05", "epoch_date_close_approach": 1557039600000, "relative_velocity": {"kilometers_per_second": "17.846281021", "kilometers_per_hour": "64246.6116756104", "miles_per_hour": "39920.3460158814"}, "miss_distance": {"astronomical": "0.3345312171", "lunar": "130.1326446533", "kilometers": "50045160", "miles": "31096620"}, "orbiting_body": "Earth"}, {"close_approach_date": "2023-08-14", "epoch_date_close_approach": 1691996400000, "relative_velocity": {"kilometers_per_second": "17.6306364143", "kilometers_per_hour": "63470.2910914966", "miles_per_hour": "39437.970595158"}, "miss_distance": {"astronomical": "0.3524701607", "lunar": "137.1108856201", "kilometers": "52728784", "miles": "32764148"}, "orbiting_body": "Earth"}, {"close_approach_date": "2024-11-12", "epoch_date_close_approach": 1731398400000, "relative_velocity": {"kilometers_per_second": "31.0892473661", "kilometers_per_hour": "111921.2905178776", "miles_per_hour": "69543.5374331779"}, "miss_distance": {"astronomical": "0.1072035615", "lunar": "41.7021827698", "kilometers": "16037424", "miles": "9965193"}, "orbiting_body": "Venus"}, {"close_approach_date": "2024-12-10", "epoch_date_close_approach": 1733817600000, "relative_velocity": {"kilometers_per_second": "24.1119048003", "kilometers_per_hour": "86802.8572812258", "miles_per_hour": "53935.9198478817"}, "miss_distance": {"astronomical": "0.0872067455", "lunar": "33.9234237671", "kilometers": "13045943", "miles": "8106373.5"}, "orbiting_body": "Merc"}, {"close_approach_date": "2027-05-15", "epoch_date_close_approach": 1810364400000, "relative_velocity": {"kilometers_per_second": "29.2129914446", "kilometers_per_hour": "105166.769200609", "miles_per_hour": "65346.5405624562"}, "miss_distance": {"astronomical": "0.1160667566", "lunar": "45.1499671936", "kilometers": "17363340", "miles": "10789079"}, "orbiting_body": "Earth"}, {"close_approach_date": "2030-08-04", "epoch_date_close_approach": 1912057200000, "relative_velocity": {"kilometers_per_second": "28.3933251215", "kilometers_per_hour": "102215.9704372934", "miles_per_hour": "63513.0289642171"}, "miss_distance": {"astronomical": "0.1334050086", "lunar": "51.8945503235", "kilometers": "19957106", "miles": "12400771"}, "orbiting_body": "Earth"}, {"close_approach_date": "2030-09-11", "epoch_date_close_approach": 1915340400000, "relative_velocity": {"kilometers_per_second": "25.4590240412", "kilometers_per_hour": "91652.4865482775", "miles_per_hour": "56949.2908777339"}, "miss_distance": {"astronomical": "0.0262755333", "lunar": "10.2211828232", "kilometers": "3930764", "miles": "2442463.5"}, "orbiting_body": "Merc"}, {"close_approach_date": "2034-02-05", "epoch_date_close_approach": 2022739200000, "relative_velocity": {"kilometers_per_second": "29.2275336091", "kilometers_per_hour": "105219.120992733", "miles_per_hour": "65379.069930179"}, "miss_distance": {"astronomical": "0.1149794071", "lunar": "44.7269897461", "kilometers": "17200674", "miles": "10688004"}, "orbiting_body": "Venus"}, {"close_approach_date": "2034-05-04", "epoch_date_close_approach": 2030338800000, "relative_velocity": {"kilometers_per_second": "18.0954454595", "kilometers_per_hour": "65143.6036543696", "miles_per_hour": "40477.7019484609"}, "miss_distance": {"astronomical": "0.3151717883", "lunar": "122.6018218994", "kilometers": "47149028", "miles": "29297048"}, "orbiting_body": "Earth"}, {"close_approach_date": "2036-06-17", "epoch_date_close_approach": 2097298800000, "relative_velocity": {"kilometers_per_second": "39.2533378618", "kilometers_per_hour": "141312.0163026474", "miles_per_hour": "87805.7914631644"}, "miss_distance": {"astronomical": "0.0897417822", "lunar": "34.9095535278", "kilometers": "13425180", "miles": "8342020"}, "orbiting_body": "Merc"}, {"close_approach_date": "2038-08-13", "epoch_date_close_approach": 2165295600000, "relative_velocity": {"kilometers_per_second": "17.3607290277", "kilometers_per_hour": "62498.6244997106", "miles_per_hour": "38834.2147620563"}, "miss_distance": {"astronomical": "0.3716558768", "lunar": "144.5741424561", "kilometers": "55598928", "miles": "34547572"}, "orbiting_body": "Earth"}, {"close_approach_date": "2040-01-11", "epoch_date_close_approach": 2209881600000, "relative_velocity": {"kilometers_per_second": "24.5376766324", "kilometers_per_hour": "88335.6358766288", "miles_per_hour": "54888.3288590086"}, "miss_distance": {"astronomical": "0.1495179975", "lunar": "58.1625022888", "kilometers": "22367574", "miles": "13898566"}, "orbiting_body": "Venus"}, {"close_approach_date": "2042-05-15", "epoch_date_close_approach": 2283750000000, "relative_velocity": {"kilometers_per_second": "29.7918913267", "kilometers_per_hour": "107250.8087761099", "miles_per_hour": "66641.481708689"}, "miss_distance": {"astronomical": "0.1348486963", "lunar": "52.4561424255", "kilometers": "20173078", "miles": "12534970"}, "orbiting_body": "Earth"}, {"close_approach_date": "2043-05-01", "epoch_date_close_approach": 2314076400000, "relative_velocity": {"kilometers_per_second": "27.6037598632", "kilometers_per_hour": "99373.5355076107", "miles_per_hour": "61746.8504380485"}, "miss_distance": {"astronomical": "0.1315652213", "lunar": "51.1788749695", "kilometers": "19681878", "miles": "12229752"}, "orbiting_body": "Venus"}, {"close_approach_date": "2045-08-05", "epoch_date_close_approach": 2385529200000, "relative_velocity": {"kilometers_per_second": "27.8223416067", "kilometers_per_hour": "100160.4297841409", "miles_per_hour": "62235.7959400402"}, "miss_distance": {"astronomical": "0.1214100554", "lunar": "47.2285118103", "kilometers": "18162686", "miles": "11285770"}, "orbiting_body": "Earth"}, {"close_approach_date": "2046-11-25", "epoch_date_close_approach": 2426745600000, "relative_velocity": {"kilometers_per_second": "26.1033678407", "kilometers_per_hour": "93972.1242266222", "miles_per_hour": "58390.6235229254"}, "miss_distance": {"astronomical": "0.0632358383", "lunar": "24.5987415314", "kilometers": "9459947", "miles": "5878139"}, "orbiting_body": "Merc"}, {"close_approach_date": "2049-04-05", "epoch_date_close_approach": 2501218800000, "relative_velocity": {"kilometers_per_second": "26.2733621971", "kilometers_per_hour": "94584.1039095046", "miles_per_hour": "58770.8838986585"}, "miss_distance": {"astronomical": "0.1125173375", "lunar": "43.769241333", "kilometers": "16832354", "miles": "10459140"}, "orbiting_body": "Venus"}, {"close_approach_date": "2049-05-04", "epoch_date_close_approach": 2503724400000, "relative_velocity": {"kilometers_per_second": "18.4335534355", "kilometers_per_hour": "66360.7923678162", "miles_per_hour": "41234.01567988"}, "miss_distance": {"astronomical": "0.296271766", "lunar": "115.2497177124", "kilometers": "44321628", "miles": "27540182"}, "orbiting_body": "Earth"}, {"close_approach_date": "2052-07-17", "epoch_date_close_approach": 2604812400000, "relative_velocity": {"kilometers_per_second": "41.2811301137", "kilometers_per_hour": "148612.0684094978", "miles_per_hour": "92341.759951446"}, "miss_distance": {"astronomical": "0.4947324228", "lunar": "192.4509124756", "kilometers": "74010912", "miles": "45988252"}, "orbiting_body": "Earth"}, {"close_approach_date": "2052-08-23", "epoch_date_close_approach": 2608009200000, "relative_velocity": {"kilometers_per_second": "23.2850801935", "kilometers_per_hour": "83826.2886966367", "miles_per_hour": "52086.395884863"}, "miss_distance": {"astronomical": "0.0900286279", "lunar": "35.0211372375", "kilometers": "13468091", "miles": "8368684"}, "orbiting_body": "Merc"}, {"close_approach_date": "2053-08-12", "epoch_date_close_approach": 2638594800000, "relative_velocity": {"kilometers_per_second": "17.2376295559", "kilometers_per_hour": "62055.4664012526", "miles_per_hour": "38558.8535536005"}, "miss_distance": {"astronomical": "0.3851158185", "lunar": "149.8100585938", "kilometers": "57612508", "miles": "35798752"}, "orbiting_body": "Earth"}, {"close_approach_date": "2057-05-16", "epoch_date_close_approach": 2757222000000, "relative_velocity": {"kilometers_per_second": "30.3372323944", "kilometers_per_hour": "109214.0366198206", "miles_per_hour": "67861.3551430213"}, "miss_distance": {"astronomical": "0.1522064126", "lunar": "59.2082901001", "kilometers": "22769754", "miles": "14148469"}, "orbiting_body": "Earth"}, {"close_approach_date": "2058-05-24", "epoch_date_close_approach": 2789449200000, "relative_velocity": {"kilometers_per_second": "24.3294138305", "kilometers_per_hour": "87585.8897899742", "miles_per_hour": "54422.4657975537"}, "miss_distance": {"astronomical": "0.0348712261", "lunar": "13.5649061203", "kilometers": "5216661", "miles": "3241482.75"}, "orbiting_body": "Merc"}, {"close_approach_date": "2058-06-28", "epoch_date_close_approach": 2792473200000, "relative_velocity": {"kilometers_per_second": "27.6699153201", "kilometers_per_hour": "99611.6951524108", "miles_per_hour": "61894.8335795632"}, "miss_distance": {"astronomical": "0.0835436859", "lunar": "32.4984931946", "kilometers": "12497958", "miles": "7765871"}, "orbiting_body": "Venus"}, {"close_approach_date": "2060-08-05", "epoch_date_close_approach": 2858914800000, "relative_velocity": {"kilometers_per_second": "27.3990746309", "kilometers_per_hour": "98636.6686711946", "miles_per_hour": "61288.990041832"}, "miss_distance": {"astronomical": "0.1141853603", "lunar": "44.4181060791", "kilometers": "17081888", "miles": "10614193"}, "orbiting_body": "Earth"}, {"close_approach_date": "2064-02-28", "epoch_date_close_approach": 2971411200000, "relative_velocity": {"kilometers_per_second": "38.9297649815", "kilometers_per_hour": "140147.1539334947", "miles_per_hour": "87081.9912871762"}, "miss_distance": {"astronomical": "0.0873373417", "lunar": "33.9742279053", "kilometers": "13065481", "miles": "8118513.5"}, "orbiting_body": "Merc"}, {"close_approach_date": "2064-05-04", "epoch_date_close_approach": 2977110000000, "relative_velocity": {"kilometers_per_second": "18.5682005797", "kilometers_per_hour": "66845.5220869063", "miles_per_hour": "41535.2078767224"}, "miss_distance": {"astronomical": "0.2868492094", "lunar": "111.5843353271", "kilometers": "42912032", "miles": "26664300"}, "orbiting_body": "Earth"}, {"close_approach_date": "2067-07-18", "epoch_date_close_approach": 3078198000000, "relative_velocity": {"kilometers_per_second": "40.9368075764", "kilometers_per_hour": "147372.5072749089", "miles_per_hour": "91571.5448675677"}, "miss_distance": {"astronomical": "0.4849269382", "lunar": "188.6365814209", "kilometers": "72544040", "miles": "45076776"}, "orbiting_body": "Earth"}, {"close_approach_date": "2067-09-21", "epoch_date_close_approach": 3083814000000, "relative_velocity": {"kilometers_per_second": "28.8606338575", "kilometers_per_hour": "103898.2818868816", "miles_per_hour": "64558.3518757682"}, "miss_distance": {"astronomical": "0.0606726304", "lunar": "23.6016521454", "kilometers": "9076496", "miles": "5639873.5"}, "orbiting_body": "Venus"}, {"close_approach_date": "2068-08-12", "epoch_date_close_approach": 3111980400000, "relative_velocity": {"kilometers_per_second": "17.1392717291", "kilometers_per_hour": "61701.3782246066", "miles_per_hour": "38338.8369307285"}, "miss_distance": {"astronomical": "0.3925808102", "lunar": "152.7139282227", "kilometers": "58729252", "miles": "36492668"}, "orbiting_body": "Earth"}, {"close_approach_date": "2072-05-16", "epoch_date_close_approach": 3230607600000, "relative_velocity": {"kilometers_per_second": "30.3114591382", "kilometers_per_hour": "109121.2528973684", "miles_per_hour": "67803.7029461454"}, "miss_distance": {"astronomical": "0.1512679528", "lunar": "58.8432312012", "kilometers": "22629362", "miles": "14061234"}, "orbiting_body": "Earth"}, {"close_approach_date": "2074-08-04", "epoch_date_close_approach": 3300591600000, "relative_velocity": {"kilometers_per_second": "22.0065843351", "kilometers_per_hour": "79223.7036062214", "miles_per_hour": "49226.5284990991"}, "miss_distance": {"astronomical": "0.0696894725", "lunar": "27.109205246", "kilometers": "10425397", "miles": "6478041.5"}, "orbiting_body": "Merc"}, {"close_approach_date": "2075-08-06", "epoch_date_close_approach": 3332300400000, "relative_velocity": {"kilometers_per_second": "27.5155493159", "kilometers_per_hour": "99055.9775372382", "miles_per_hour": "61549.5322647356"}, "miss_distance": {"astronomical": "0.1156605398", "lunar": "44.9919509888", "kilometers": "17302570", "miles": "10751319"}, "orbiting_body": "Earth"}, {"close_approach_date": "2076-12-13", "epoch_date_close_approach": 3375072000000, "relative_velocity": {"kilometers_per_second": "29.4963897426", "kilometers_per_hour": "106187.0030733661", "miles_per_hour": "65980.4742152257"}, "miss_distance": {"astronomical": "0.0490361457", "lunar": "19.0750598907", "kilometers": "7335703", "miles": "4558194.5"}, "orbiting_body": "Venus"}, {"close_approach_date": "2079-05-05", "epoch_date_close_approach": 3450495600000, "relative_velocity": {"kilometers_per_second": "18.4148627746", "kilometers_per_hour": "66293.5059887177", "miles_per_hour": "41192.2065406007"}, "miss_distance": {"astronomical": "0.2975796915", "lunar": "115.7585067749", "kilometers": "44517292", "miles": "27661762"}, "orbiting_body": "Earth"}, {"close_approach_date": "2080-04-29", "epoch_date_close_approach": 3481599600000, "relative_velocity": {"kilometers_per_second": "23.7055019821", "kilometers_per_hour": "85339.8071357018", "miles_per_hour": "53026.8373838476"}, "miss_distance": {"astronomical": "0.0721343151", "lunar": "28.0602493286", "kilometers": "10791140", "miles": "6705303.5"}, "orbiting_body": "Merc"}, {"close_approach_date": "2083-08-13", "epoch_date_close_approach": 3585366000000, "relative_velocity": {"kilometers_per_second": "17.3445974773", "kilometers_per_hour": "62440.5509184586", "miles_per_hour": "38798.1300970833"}, "miss_distance": {"astronomical": "0.3749855628", "lunar": "145.8693847656", "kilometers": "56097044", "miles": "34857088"}, "orbiting_body": "Earth"}, {"close_approach_date": "2086-01-29", "epoch_date_close_approach": 3663129600000, "relative_velocity": {"kilometers_per_second": "35.7160088636", "kilometers_per_hour": "128577.6319089344", "miles_per_hour": "79893.140226971"}, "miss_distance": {"astronomical": "0.0631625625", "lunar": "24.5702381134", "kilometers": "9448985", "miles": "5871327.5"}, "orbiting_body": "Merc"}, {"close_approach_date": "2086-03-06", "epoch_date_close_approach": 3666240000000, "relative_velocity": {"kilometers_per_second": "29.4059403577", "kilometers_per_hour": "105861.3852878831", "miles_per_hour": "65778.1479862405"}, "miss_distance": {"astronomical": "0.0505229895", "lunar": "19.6534423828", "kilometers": "7558132", "miles": "4696405.5"}, "orbiting_body": "Venus"}, {"close_approach_date": "2087-05-16", "epoch_date_close_approach": 3703906800000, "relative_velocity": {"kilometers_per_second": "29.5751639342", "kilometers_per_hour": "106470.5901630242", "miles_per_hour": "66156.6842043525"}, "miss_distance": {"astronomical": "0.1283151282", "lunar": "49.9145812988", "kilometers": "19195670", "miles": "11927636"}, "orbiting_body": "Earth"}, {"close_approach_date": "2090-08-04", "epoch_date_close_approach": 3805513200000, "relative_velocity": {"kilometers_per_second": "28.4951723055", "kilometers_per_hour": "102582.6202997154", "miles_per_hour": "63740.8509301204"}, "miss_distance": {"astronomical": "0.1350356767", "lunar": "52.5288772583", "kilometers": "20201050", "miles": "12552351"}, "orbiting_body": "Earth"}, {"close_approach_date": "2094-05-05", "epoch_date_close_approach": 3923881200000, "relative_velocity": {"kilometers_per_second": "17.8430279879", "kilometers_per_hour": "64234.9007565458", "miles_per_hour": "39913.0693061993"}, "miss_distance": {"astronomical": "0.3323726076", "lunar": "129.2929382324", "kilometers": "49722236", "miles": "30895964"}, "orbiting_body": "Earth"}, {"close_approach_date": "2095-05-28", "epoch_date_close_approach": 3957404400000, "relative_velocity": {"kilometers_per_second": "28.8079708422", "kilometers_per_hour": "103708.6950318977", "miles_per_hour": "64440.5499769033"}, "miss_distance": {"astronomical": "0.0612106339", "lunar": "23.8109359741", "kilometers": "9156980", "miles": "5689884"}, "orbiting_body": "Venus"}, {"close_approach_date": "2096-07-01", "epoch_date_close_approach": 3991964400000, "relative_velocity": {"kilometers_per_second": "19.1783457058", "kilometers_per_hour": "69042.0445409945", "miles_per_hour": "42900.0415093752"}, "miss_distance": {"astronomical": "0.0823765313", "lunar": "32.0444717407", "kilometers": "12323354", "miles": "7657377"}, "orbiting_body": "Merc"}, {"close_approach_date": "2098-08-14", "epoch_date_close_approach": 4058838000000, "relative_velocity": {"kilometers_per_second": "17.9067144681", "kilometers_per_hour": "64464.1720852968", "miles_per_hour": "40055.5295937779"}, "miss_distance": {"astronomical": "0.3330193299", "lunar": "129.5445098877", "kilometers": "49818980", "miles": "30956080"}, "orbiting_body": "Earth"}, {"close_approach_date": "2102-03-25", "epoch_date_close_approach": 4172713200000, "relative_velocity": {"kilometers_per_second": "25.0499739632", "kilometers_per_hour": "90179.9062674282", "miles_per_hour": "56034.286758225"}, "miss_distance": {"astronomical": "0.0288383458", "lunar": "11.2181167603", "kilometers": "4314155", "miles": "2680691.75"}, "orbiting_body": "Merc"}, {"close_approach_date": "2102-05-14", "epoch_date_close_approach": 4177033200000, "relative_velocity": {"kilometers_per_second": "27.9962233338", "kilometers_per_hour": "100786.4040017945", "miles_per_hour": "62624.7519754484"}, "miss_distance": {"astronomical": "0.0784120957", "lunar": "30.5023040771", "kilometers": "11730282", "miles": "7288859.5"}, "orbiting_body": "Earth"}, {"close_approach_date": "2104-08-19", "epoch_date_close_approach": 4248572400000, "relative_velocity": {"kilometers_per_second": "27.8381458458", "kilometers_per_hour": "100217.3250448224", "miles_per_hour": "62271.1484424342"}, "miss_distance": {"astronomical": "0.0798761928", "lunar": "31.0718383789", "kilometers": "11949308", "miles": "7424956"}, "orbiting_body": "Venus"}, {"close_approach_date": "2105-08-03", "epoch_date_close_approach": 4278726000000, "relative_velocity": {"kilometers_per_second": "30.0638469716", "kilometers_per_hour": "108229.8490977967", "miles_per_hour": "67249.8192907949"}, "miss_distance": {"astronomical": "0.1730075489", "lunar": "67.2999343872", "kilometers": "25881560", "miles": "16082056"}, "orbiting_body": "Earth"}, {"close_approach_date": "2109-05-07", "epoch_date_close_approach": 4397353200000, "relative_velocity": {"kilometers_per_second": "17.3069262939", "kilometers_per_hour": "62304.9346580216", "miles_per_hour": "38713.8634268135"}, "miss_distance": {"astronomical": "0.3830140649", "lunar": "148.9924621582", "kilometers": "57298088", "miles": "35603380"}, "orbiting_body": "Earth"}, {"close_approach_date": "2110-06-02", "epoch_date_close_approach": 4431135600000, "relative_velocity": {"kilometers_per_second": "40.8835414231", "kilometers_per_hour": "147180.7491233177", "miles_per_hour": "91452.3938094304"}, "miss_distance": {"astronomical": "0.4737775715", "lunar": "184.2994689941", "kilometers": "70876112", "miles": "44040376"}, "orbiting_body": "Earth"}, {"close_approach_date": "2112-08-27", "epoch_date_close_approach": 4501724400000, "relative_velocity": {"kilometers_per_second": "28.0836105283", "kilometers_per_hour": "101100.9979019405", "miles_per_hour": "62820.2283907919"}, "miss_distance": {"astronomical": "0.0642123135", "lunar": "24.9785900116", "kilometers": "9606026", "miles": "5968907.5"}, "orbiting_body": "Merc"}, {"close_approach_date": "2113-08-15", "epoch_date_close_approach": 4532223600000, "relative_velocity": {"kilometers_per_second": "18.8064186069", "kilometers_per_hour": "67703.1069849887", "miles_per_hour": "42068.077781867"}, "miss_distance": {"astronomical": "0.2856627387", "lunar": "111.1228027344", "kilometers": "42734540", "miles": "26554010"}, "orbiting_body": "Earth"}, {"close_approach_date": "2113-11-10", "epoch_date_close_approach": 4539744000000, "relative_velocity": {"kilometers_per_second": "26.8109194427", "kilometers_per_hour": "96519.3099938071", "miles_per_hour": "59973.3457014298"}, "miss_distance": {"astronomical": "0.1008712583", "lunar": "39.2389183044", "kilometers": "15090125", "miles": "9376569"}, "orbiting_body": "Venus"}, {"close_approach_date": "2117-02-27", "epoch_date_close_approach": 4643856000000, "relative_velocity": {"kilometers_per_second": "26.2522274937", "kilometers_per_hour": "94508.0189771666", "miles_per_hour": "58723.6076805622"}, "miss_distance": {"astronomical": "0.1491577035", "lunar": "58.0223464966", "kilometers": "22313674", "miles": "13865075"}, "orbiting_body": "Venus"}, {"close_approach_date": "2117-05-12", "epoch_date_close_approach": 4650246000000, "relative_velocity": {"kilometers_per_second": "26.4377212698", "kilometers_per_hour": "95175.7965711468", "miles_per_hour": "59138.5387083329"}, "miss_distance": {"astronomical": "0.0354366752", "lunar": "13.784866333", "kilometers": "5301251", "miles": "3294044.75"}, "orbiting_body": "Earth"}, {"close_approach_date": "2118-05-23", "epoch_date_close_approach": 4682732400000, "relative_velocity": {"kilometers_per_second": "24.1787935826", "kilometers_per_hour": "87043.6568974601", "miles_per_hour": "54085.5433649801"}, "miss_distance": {"astronomical": "0.0836455518", "lunar": "32.5381202698", "kilometers": "12513197", "miles": "7775340"}, "orbiting_body": "Merc"}, {"close_approach_date": "2120-08-01", "epoch_date_close_approach": 4751938800000, "relative_velocity": {"kilometers_per_second": "31.5463042486", "kilometers_per_hour": "113566.6952949535", "miles_per_hour": "70565.9279736893"}, "miss_distance": {"astronomical": "0.2137140045", "lunar": "83.1347503662", "kilometers": "31971160", "miles": "19865958"}, "orbiting_body": "Earth"}, {"close_approach_date": "2123-02-01", "epoch_date_close_approach": 4830912000000, "relative_velocity": {"kilometers_per_second": "26.4756656546", "kilometers_per_hour": "95312.3963564585", "miles_per_hour": "59223.4165027117"}, "miss_distance": {"astronomical": "0.1076487515", "lunar": "41.8753662109", "kilometers": "16104024", "miles": "10006577"}, "orbiting_body": "Venus"}, {"close_approach_date": "2124-02-20", "epoch_date_close_approach": 4864089600000, "relative_velocity": {"kilometers_per_second": "31.8051011626", "kilometers_per_hour": "114498.3641853719", "miles_per_hour": "71144.8307906273"}, "miss_distance": {"astronomical": "0.0352978265", "lunar": "13.7308540344", "kilometers": "5280479.5", "miles": "3281138"}, "orbiting_body": "Merc"}, {"close_approach_date": "2124-05-08", "epoch_date_close_approach": 4870825200000, "relative_velocity": {"kilometers_per_second": "17.0442874352", "kilometers_per_hour": "61359.434766558", "miles_per_hour": "38126.3665636982"}, "miss_distance": {"astronomical": "0.4209448279", "lunar": "163.747543335", "kilometers": "62972452", "miles": "39129268"}, "orbiting_body": "Earth"}, {"close_approach_date": "2125-05-30", "epoch_date_close_approach": 4904262000000, "relative_velocity": {"kilometers_per_second": "39.5203105902", "kilometers_per_hour": "142273.1181248302", "miles_per_hour": "88402.9827592868"}, "miss_distance": {"astronomical": "0.4336975438", "lunar": "168.7083435059", "kilometers": "64880232", "miles": "40314708"}, "orbiting_body": "Earth"}, {"close_approach_date": "2126-05-21", "epoch_date_close_approach": 4935020400000, "relative_velocity": {"kilometers_per_second": "26.4237185091", "kilometers_per_hour": "95125.3866327992", "miles_per_hour": "59107.2159330302"}, "miss_distance": {"astronomical": "0.1466526319", "lunar": "57.0478782654", "kilometers": "21938922", "miles": "13632215"}, "orbiting_body": "Venus"}, {"close_approach_date": "2128-08-15", "epoch_date_close_approach": 5005609200000, "relative_velocity": {"kilometers_per_second": "19.6508774192", "kilometers_per_hour": "70743.1587092158", "miles_per_hour": "43957.047699068"}, "miss_distance": {"astronomical": "0.2488748253", "lunar": "96.8123092651", "kilometers": "37231144", "miles": "23134360"}, "orbiting_body": "Earth"}, {"close_approach_date": "2132-04-24", "epoch_date_close_approach": 5122076400000, "relative_velocity": {"kilometers_per_second": "26.0827006401", "kilometers_per_hour": "93897.7223042592", "miles_per_hour": "58344.3930617771"}, "miss_distance": {"astronomical": "0.1160130375", "lunar": "45.129070282", "kilometers": "17355304", "miles": "10784085"}, "orbiting_body": "Venus"}, {"close_approach_date": "2132-05-11", "epoch_date_close_approach": 5123545200000, "relative_velocity": {"kilometers_per_second": "25.451253774", "kilometers_per_hour": "91624.5135863431", "miles_per_hour": "56931.9095670253"}, "miss_distance": {"astronomical": "0.0312336597", "lunar": "12.1498937607", "kilometers": "4672489", "miles": "2903350"}, "orbiting_body": "Earth"}, {"close_approach_date": "2134-07-26", "epoch_date_close_approach": 5193183600000, "relative_velocity": {"kilometers_per_second": "22.4078370325", "kilometers_per_hour": "80668.2133169968", "miles_per_hour": "50124.0906579972"}, "miss_distance": {"astronomical": "0.067809646", "lunar": "26.3779525757", "kilometers": "10144179", "miles": "6303300.5"}, "orbiting_body": "Merc"}, {"close_approach_date": "2135-07-31", "epoch_date_close_approach": 5225151600000, "relative_velocity": {"kilometers_per_second": "32.8868175136", "kilometers_per_hour": "118392.5430488639", "miles_per_hour": "73564.5220961121"}, "miss_distance": {"astronomical": "0.2515640831", "lunar": "97.8584289551", "kilometers": "37633452", "miles": "23384342"}, "orbiting_body": "Earth"}, {"close_approach_date": "2135-08-12", "epoch_date_close_approach": 5226188400000, "relative_velocity": {"kilometers_per_second": "27.1084857158", "kilometers_per_hour": "97590.5485767684", "miles_per_hour": "60638.9716976037"}, "miss_distance": {"astronomical": "0.1365536816", "lunar": "53.1193809509", "kilometers": "20428140", "miles": "12693457"}, "orbiting_body": "Venus"}, {"close_approach_date": "2139-05-11", "epoch_date_close_approach": 5344383600000, "relative_velocity": {"kilometers_per_second": "16.9161017491", "kilometers_per_hour": "60897.9662966322", "miles_per_hour": "37839.6280024824"}, "miss_distance": {"astronomical": "0.4625284008", "lunar": "179.9235534668", "kilometers": "69193264", "miles": "42994700"}, "orbiting_body": "Earth"}, {"close_approach_date": "2140-04-16", "epoch_date_close_approach": 5373846000000, "relative_velocity": {"kilometers_per_second": "23.0179263498", "kilometers_per_hour": "82864.534859113", "miles_per_hour": "51488.7994517638"}, "miss_distance": {"astronomical": "0.0561281257", "lunar": "21.8338413239", "kilometers": "8396648", "miles": "5217435.5"}, "orbiting_body": "Merc"}, {"close_approach_date": "2140-05-28", "epoch_date_close_approach": 5377474800000, "relative_velocity": {"kilometers_per_second": "37.9619079706", "kilometers_per_hour": "136662.8686940254", "miles_per_hour": "84916.9919393515"}, "miss_distance": {"astronomical": "0.3877542415", "lunar": "150.8363952637", "kilometers": "58007208", "miles": "36044008"}, "orbiting_body": "Earth"}, {"close_approach_date": "2141-07-16", "epoch_date_close_approach": 5413244400000, "relative_velocity": {"kilometers_per_second": "24.8496964151", "kilometers_per_hour": "89458.9070944788", "miles_per_hour": "55586.285911011"}, "miss_distance": {"astronomical": "0.1421728685", "lunar": "55.3052482605", "kilometers": "21268760", "miles": "13215794"}, "orbiting_body": "Venus"}, {"close_approach_date": "2143-08-15", "epoch_date_close_approach": 5478908400000, "relative_velocity": {"kilometers_per_second": "20.9966425286", "kilometers_per_hour": "75587.9131029316", "miles_per_hour": "46967.3896722077"}, "miss_distance": {"astronomical": "0.1986977512", "lunar": "77.2934265137", "kilometers": "29724760", "miles": "18470110"}, "orbiting_body": "Earth"}, {"close_approach_date": "2144-11-02", "epoch_date_close_approach": 5517360000000, "relative_velocity": {"kilometers_per_second": "28.3930377292", "kilometers_per_hour": "102214.9358252129", "miles_per_hour": "63512.3860965052"}, "miss_distance": {"astronomical": "0.1210456031", "lunar": "47.0867385864", "kilometers": "18108164", "miles": "11251892"}, "orbiting_body": "Venus"}, {"close_approach_date": "2147-05-10", "epoch_date_close_approach": 5596758000000, "relative_velocity": {"kilometers_per_second": "23.6506594451", "kilometers_per_hour": "85142.3740025292", "miles_per_hour": "52904.1601128493"}, "miss_distance": {"astronomical": "0.0808877785", "lunar": "31.4653453827", "kilometers": "12100640", "miles": "7518989"}, "orbiting_body": "Earth"}, {"close_approach_date": "2150-07-28", "epoch_date_close_approach": 5698278000000, "relative_velocity": {"kilometers_per_second": "34.8794701092", "kilometers_per_hour": "125566.0923930595", "miles_per_hour": "78021.8866872319"}, "miss_distance": {"astronomical": "0.3093568167", "lunar": "120.3397979736", "kilometers": "46279120", "miles": "28756512"}, "orbiting_body": "Earth"}, {"close_approach_date": "2150-09-16", "epoch_date_close_approach": 5702598000000, "relative_velocity": {"kilometers_per_second": "29.0961698805", "kilometers_per_hour": "104746.2115696942", "miles_per_hour": "65085.2224056247"}, "miss_distance": {"astronomical": "0.0656676738", "lunar": "25.5447254181", "kilometers": "9823744", "miles": "6104191.5"}, "orbiting_body": "Merc"}, {"close_approach_date": "2154-01-23", "epoch_date_close_approach": 5808441600000, "relative_velocity": {"kilometers_per_second": "30.1455638751", "kilometers_per_hour": "108524.0299503182", "miles_per_hour": "67432.6118321852"}, "miss_distance": {"astronomical": "0.1074981161", "lunar": "41.8167686462", "kilometers": "16081490", "miles": "9992574"}, "orbiting_body": "Venus"}, {"close_approach_date": "2155-05-25", "epoch_date_close_approach": 5850514800000, "relative_velocity": {"kilometers_per_second": "35.6164594689", "kilometers_per_hour": "128219.2540879691", "miles_per_hour": "79670.4581859383"}, "miss_distance": {"astronomical": "0.317006471", "lunar": "123.3155136108", "kilometers": "47423492", "miles": "29467592"}, "orbiting_body": "Earth"}, {"close_approach_date": "2156-06-09", "epoch_date_close_approach": 5883433200000, "relative_velocity": {"kilometers_per_second": "23.9825244571", "kilometers_per_hour": "86337.0880454866", "miles_per_hour": "53646.5089580414"}, "miss_distance": {"astronomical": "0.0779186354", "lunar": "30.3103485107", "kilometers": "11656462", "miles": "7242989.5"}, "orbiting_body": "Merc"}, {"close_approach_date": "2158-08-13", "epoch_date_close_approach": 5952121200000, "relative_velocity": {"kilometers_per_second": "23.0501356976", "kilometers_per_hour": "82980.4885113128", "miles_per_hour": "51560.8485419321"}, "miss_distance": {"astronomical": "0.1372117033", "lunar": "53.3753547668", "kilometers": "20526580", "miles": "12754625"}, "orbiting_body": "Earth"}, {"close_approach_date": "2162-03-09", "epoch_date_close_approach": 6064790400000, "relative_velocity": {"kilometers_per_second": "39.023077508", "kilometers_per_hour": "140483.0790286819", "miles_per_hour": "87290.7220775718"}, "miss_distance": {"astronomical": "0.0878085216", "lunar": "34.1575126648", "kilometers": "13135968", "miles": "8162312"}, "orbiting_body": "Merc"}, {"close_approach_date": "2162-05-07", "epoch_date_close_approach": 6069884400000, "relative_velocity": {"kilometers_per_second": "21.4319310235", "kilometers_per_hour": "77154.9516845082", "miles_per_hour": "47941.0865064101"}, "miss_distance": {"astronomical": "0.1605591287", "lunar": "62.4575042725", "kilometers": "24019304", "miles": "14924904"}, "orbiting_body": "Earth"}, {"close_approach_date": "2163-04-15", "epoch_date_close_approach": 6099519600000, "relative_velocity": {"kilometers_per_second": "32.0846956933", "kilometers_per_hour": "115504.9044958026", "miles_per_hour": "71770.2557962947"}, "miss_distance": {"astronomical": "0.1061522388", "lunar": "41.29322052", "kilometers": "15880149", "miles": "9867467"}, "orbiting_body": "Venus"}, {"close_approach_date": "2165-07-24", "epoch_date_close_approach": 6171318000000, "relative_velocity": {"kilometers_per_second": "37.532950259", "kilometers_per_hour": "135118.6209324093", "miles_per_hour": "83957.4564343629"}, "miss_distance": {"astronomical": "0.3868713826", "lunar": "150.492980957", "kilometers": "57875136", "miles": "35961944"}, "orbiting_body": "Earth"}, {"close_approach_date": "2166-08-10", "epoch_date_close_approach": 6204322800000, "relative_velocity": {"kilometers_per_second": "16.7408391083", "kilometers_per_hour": "60267.0207898282", "miles_per_hour": "37447.5830013241"}, "miss_distance": {"astronomical": "0.4785910877", "lunar": "186.1719360352", "kilometers": "71596208", "miles": "44487820"}, "orbiting_body": "Earth"}, {"close_approach_date": "2166-11-06", "epoch_date_close_approach": 6211929600000, "relative_velocity": {"kilometers_per_second": "30.7883159316", "kilometers_per_hour": "110837.9373539015", "miles_per_hour": "68870.3839074839"}, "miss_distance": {"astronomical": "0.0713354003", "lunar": "27.7494697571", "kilometers": "10671624", "miles": "6631039.5"}, "orbiting_body": "Merc"}, {"close_approach_date": "2170-05-22", "epoch_date_close_approach": 6323641200000, "relative_velocity": {"kilometers_per_second": "32.9620512989", "kilometers_per_hour": "118663.3846760483", "miles_per_hour": "73732.8125505146"}, "miss_distance": {"astronomical": "0.2348728448", "lunar": "91.3655395508", "kilometers": "35136480", "miles": "21832796"}, "orbiting_body": "Earth"}, {"close_approach_date": "2172-07-04", "epoch_date_close_approach": 6390514800000, "relative_velocity": {"kilometers_per_second": "34.5173920874", "kilometers_per_hour": "124262.6115146713", "miles_per_hour": "77211.9543603245"}, "miss_distance": {"astronomical": "0.12427207", "lunar": "48.341835022", "kilometers": "18590838", "miles": "11551811"}, "orbiting_body": "Venus"}, {"close_approach_date": "2172-07-30", "epoch_date_close_approach": 6392761200000, "relative_velocity": {"kilometers_per_second": "24.1279846835", "kilometers_per_hour": "86860.7448604819", "miles_per_hour": "53971.8889384478"}, "miss_distance": {"astronomical": "0.0817196524", "lunar": "31.7889442444", "kilometers": "12225086", "miles": "7596316.5"}, "orbiting_body": "Merc"}, {"close_approach_date": "2173-08-10", "epoch_date_close_approach": 6425247600000, "relative_velocity": {"kilometers_per_second": "25.5847338135", "kilometers_per_hour": "92105.0417286331", "miles_per_hour": "57230.4910674387"}, "miss_distance": {"astronomical": "0.0984798841", "lunar": "38.3086738586", "kilometers": "14732381", "miles": "9154277"}, "orbiting_body": "Earth"}, {"close_approach_date": "2177-05-06", "epoch_date_close_approach": 6543183600000, "relative_velocity": {"kilometers_per_second": "19.3022405401", "kilometers_per_hour": "69488.065944383", "miles_per_hour": "43177.181864164"}, "miss_distance": {"astronomical": "0.2504688265", "lunar": "97.4323730469", "kilometers": "37469604", "miles": "23282532"}, "orbiting_body": "Earth"}, {"close_approach_date": "2178-04-28", "epoch_date_close_approach": 6574028400000, "relative_velocity": {"kilometers_per_second": "39.031480893", "kilometers_per_hour": "140513.3312147806", "miles_per_hour": "87309.5196095396"}, "miss_distance": {"astronomical": "0.0879333279", "lunar": "34.2060623169", "kilometers": "13154638", "miles": "8173913"}, "orbiting_body": "Merc"}, {"close_approach_date": "2180-07-19", "epoch_date_close_approach": 6644271600000, "relative_velocity": {"kilometers_per_second": "40.5170199778", "kilometers_per_hour": "145861.2719202467", "miles_per_hour": "90632.5219884444"}, "miss_distance": {"astronomical": "0.4720557859", "lunar": "183.629699707", "kilometers": "70618544", "miles": "43880328"}, "orbiting_body": "Earth"}, {"close_approach_date": "2181-08-14", "epoch_date_close_approach": 6678054000000, "relative_velocity": {"kilometers_per_second": "17.1056386768", "kilometers_per_hour": "61580.29923661", "miles_per_hour": "38263.6031562147"}, "miss_distance": {"astronomical": "0.3984143751", "lunar": "154.9831848145", "kilometers": "59601944", "miles": "37034928"}, "orbiting_body": "Earth"}, {"close_approach_date": "2182-12-26", "epoch_date_close_approach": 6721171200000, "relative_velocity": {"kilometers_per_second": "29.958994676", "kilometers_per_hour": "107852.3808334484", "miles_per_hour": "67015.2751906502"}, "miss_distance": {"astronomical": "0.0681168643", "lunar": "26.497461319", "kilometers": "10190138", "miles": "6331858.5"}, "orbiting_body": "Merc"}, {"close_approach_date": "2185-05-17", "epoch_date_close_approach": 6796594800000, "relative_velocity": {"kilometers_per_second": "29.890291159", "kilometers_per_hour": "107605.0481724601", "miles_per_hour": "66861.5922936045"}, "miss_distance": {"astronomical": "0.1388258761", "lunar": "54.0032653809", "kilometers": "20768056", "miles": "12904672"}, "orbiting_body": "Earth"}, {"close_approach_date": "2188-08-06", "epoch_date_close_approach": 6898287600000, "relative_velocity": {"kilometers_per_second": "28.4922282447", "kilometers_per_hour": "102572.0216808451", "miles_per_hour": "63734.2653605229"}, "miss_distance": {"astronomical": "0.1334913544", "lunar": "51.9281349182", "kilometers": "19970022", "miles": "12408797"}, "orbiting_body": "Earth"}, {"close_approach_date": "2188-09-17", "epoch_date_close_approach": 6901916400000, "relative_velocity": {"kilometers_per_second": "23.923884277", "kilometers_per_hour": "86125.9833973285", "miles_per_hour": "53515.3367393012"}, "miss_distance": {"astronomical": "0.0779450807", "lunar": "30.3206367493", "kilometers": "11660419", "miles": "7245448"}, "orbiting_body": "Merc"}, {"close_approach_date": "2192-05-07", "epoch_date_close_approach": 7016655600000, "relative_velocity": {"kilometers_per_second": "17.6793336112", "kilometers_per_hour": "63645.6010004219", "miles_per_hour": "39546.9013549566"}, "miss_distance": {"astronomical": "0.3459666634", "lunar": "134.5810394287", "kilometers": "51755876", "miles": "32159612"}, "orbiting_body": "Earth"}, {"close_approach_date": "2195-09-14", "epoch_date_close_approach": 7122495600000, "relative_velocity": {"kilometers_per_second": "37.8711373639", "kilometers_per_hour": "136336.0945099126", "miles_per_hour": "84713.9471692287"}, "miss_distance": {"astronomical": "0.1353389901", "lunar": "52.6468696594", "kilometers": "20246426", "miles": "12580545"}, "orbiting_body": "Venus"}, {"close_approach_date": "2196-08-15", "epoch_date_close_approach": 7151526000000, "relative_velocity": {"kilometers_per_second": "18.3328904018", "kilometers_per_hour": "65998.4054465862", "miles_per_hour": "41008.8425398524"}, "miss_distance": {"astronomical": "0.3092543806", "lunar": "120.299949646", "kilometers": "46263796", "miles": "28746990"}, "orbiting_body": "Earth"}, {"close_approach_date": "2199-02-13", "epoch_date_close_approach": 7230326400000, "relative_velocity": {"kilometers_per_second": "28.8925724951", "kilometers_per_hour": "104013.2609821908", "miles_per_hour": "64629.7954141841"}, "miss_distance": {"astronomical": "0.0646102703", "lunar": "25.1333961487", "kilometers": "9665559", "miles": "6005900"}, "orbiting_body": "Merc"}, {"close_approach_date": "2200-05-14", "epoch_date_close_approach": 7269634800000, "relative_velocity": {"kilometers_per_second": "26.9940060378", "kilometers_per_hour": "97178.421735918", "miles_per_hour": "60382.8921058542"}, "miss_distance": {"astronomical": "0.050292426", "lunar": "19.5637531281", "kilometers": "7523639.5", "miles": "4674973"}, "orbiting_body": "Earth"}], "orbital_data": {"orbit_id": "21", "orbit_determination_date": "2017-04-06 08:49:46", "orbit_uncertainty": "1", "minimum_orbit_intersection": ".02568", "jupiter_tisserand_invariant": "5.302", "epoch_osculation": "2458000.5", "eccentricity": ".7798882236314901", "semi_major_axis": "1.100306941183052", "inclination": "5.808679978110877", "ascending_node_longitude": "215.0051988182737", "orbital_period": "421.5695224964393", "perihelion_distance": ".2421905153744031", "perihelion_argument": "237.3787062846034", "aphelion_distance": "1.958423366991701", "perihelion_time": "2458125.097270032293", "mean_anomaly": "253.5999525155327", "mean_motion": ".8539516753207429", "equinox": "J2000"}}