{"links": {"self": "https://api.nasa.gov/neo/rest/v1/neo/3612842?api_key=stjNMXvPIBN6FqEBpH6hQbWAtFDv0RARRez0p7z1"}, "neo_reference_id": "3612842", "name": "(2012 UZ33)", "nasa_jpl_url": "http://ssd.jpl.nasa.gov/sbdb.cgi?sstr=3612842", "absolute_magnitude_h": 19.2, "estimated_diameter": {"kilometers": {"estimated_diameter_min": 0.3841978911, "estimated_diameter_max": 0.8590926012}, "meters": {"estimated_diameter_min": 384.1978910643, "estimated_diameter_max": 859.0926012318}, "miles": {"estimated_diameter_min": 0.2387294278, "estimated_diameter_max": 0.5338152287}, "feet": {"estimated_diameter_min": 1260.4918089193, "estimated_diameter_max": 2818.5453698252}}, "is_potentially_hazardous_asteroid": true, "close_approach_data": [{"close_approach_date": "1967-05-29", "epoch_date_close_approach": -81882000000, "relative_velocity": {"kilometers_per_second": "2.5302947389", "kilometers_per_hour": "9109.0610600699", "miles_per_hour": "5660.016301464"}, "miss_distance": {"astronomical": "1.7876512478", "lunar": "695.3963623047", "kilometers": "267428832", "miles": "166172576"}, "orbiting_body": "Juptr"}, {"close_approach_date": "1982-05-18", "epoch_date_close_approach": 390553200000, "relative_velocity": {"kilometers_per_second": "25.4967952881", "kilometers_per_hour": "91788.4630370326", "miles_per_hour": "57033.7813798717"}, "miss_distance": {"astronomical": "0.4978279939", "lunar": "193.655090332", "kilometers": "74474008", "miles": "46276004"}, "orbiting_body": "Earth"}, {"close_approach_date": "1990-08-30", "epoch_date_close_approach": 651999600000, "relative_velocity": {"kilometers_per_second": "2.6036402708", "kilometers_per_hour": "9373.1049748346", "miles_per_hour": "5824.0829217243"}, "miss_distance": {"astronomical": "1.8422621764", "lunar": "716.6399536133", "kilometers": "275598496", "miles": "171248960"}, "orbiting_body": "Juptr"}, {"close_approach_date": "1992-05-24", "epoch_date_close_approach": 706690800000, "relative_velocity": {"kilometers_per_second": "21.710546809", "kilometers_per_hour": "78157.9685123219", "miles_per_hour": "48564.3221570036"}, "miss_distance": {"astronomical": "0.3601869846", "lunar": "140.1127471924", "kilometers": "53883208", "miles": "33481474"}, "orbiting_body": "Earth"}, {"close_approach_date": "1995-07-16", "epoch_date_close_approach": 805878000000, "relative_velocity": {"kilometers_per_second": "12.8362166388", "kilometers_per_hour": "46210.3798997448", "miles_per_hour": "28713.332999372"}, "miss_distance": {"astronomical": "0.074447217", "lunar": "28.9599666595", "kilometers": "11137145", "miles": "6920301"}, "orbiting_body": "Mars"}, {"close_approach_date": "2002-05-23", "epoch_date_close_approach": 1022137200000, "relative_velocity": {"kilometers_per_second": "22.4746876715", "kilometers_per_hour": "80908.8756173906", "miles_per_hour": "50273.6288523725"}, "miss_distance": {"astronomical": "0.3858454458", "lunar": "150.0938873291", "kilometers": "57721660", "miles": "35866576"}, "orbiting_body": "Earth"}, {"close_approach_date": "2012-05-25", "epoch_date_close_approach": 1337929200000, "relative_velocity": {"kilometers_per_second": "21.4896747297", "kilometers_per_hour": "77362.8290268876", "miles_per_hour": "48070.2534028458"}, "miss_distance": {"astronomical": "0.358857013", "lunar": "139.5953826904", "kilometers": "53684244", "miles": "33357842"}, "orbiting_body": "Earth"}, {"close_approach_date": "2022-05-22", "epoch_date_close_approach": 1653202800000, "relative_velocity": {"kilometers_per_second": "23.1191022553", "kilometers_per_hour": "83228.7681192089", "miles_per_hour": "51715.1198349607"}, "miss_distance": {"astronomical": "0.4035111593", "lunar": "156.9658508301", "kilometers": "60364412", "miles": "37508708"}, "orbiting_body": "Earth"}, {"close_approach_date": "2022-09-25", "epoch_date_close_approach": 1664089200000, "relative_velocity": {"kilometers_per_second": "10.9537138087", "kilometers_per_hour": "39433.3697113247", "miles_per_hour": "24502.3624186839"}, "miss_distance": {"astronomical": "0.0922938403", "lunar": "35.902305603", "kilometers": "13806963", "miles": "8579249"}, "orbiting_body": "Mars"}, {"close_approach_date": "2032-05-19", "epoch_date_close_approach": 1968562800000, "relative_velocity": {"kilometers_per_second": "24.6540920745", "kilometers_per_hour": "88754.7314680283", "miles_per_hour": "55148.7385613424"}, "miss_distance": {"astronomical": "0.4644781888", "lunar": "180.6820220947", "kilometers": "69484952", "miles": "43175944"}, "orbiting_body": "Earth"}, {"close_approach_date": "2050-11-04", "epoch_date_close_approach": 2551158000000, "relative_velocity": {"kilometers_per_second": "2.6000655019", "kilometers_per_hour": "9360.2358067796", "miles_per_hour": "5816.0865211626"}, "miss_distance": {"astronomical": "1.9563193849", "lunar": "761.0082397461", "kilometers": "292661216", "miles": "181851248"}, "orbiting_body": "Juptr"}, {"close_approach_date": "2074-01-18", "epoch_date_close_approach": 3283488000000, "relative_velocity": {"kilometers_per_second": "2.5149634554", "kilometers_per_hour": "9053.8684394972", "miles_per_hour": "5625.7217534198"}, "miss_distance": {"astronomical": "1.776863731", "lunar": "691.1999511719", "kilometers": "265815024", "miles": "165169808"}, "orbiting_body": "Juptr"}, {"close_approach_date": "2097-03-29", "epoch_date_close_approach": 4015378800000, "relative_velocity": {"kilometers_per_second": "2.6071080404", "kilometers_per_hour": "9385.5889455552", "miles_per_hour": "5831.8399756424"}, "miss_distance": {"astronomical": "1.975737411", "lunar": "768.5618896484", "kilometers": "295566112", "miles": "183656272"}, "orbiting_body": "Juptr"}, {"close_approach_date": "2155-06-06", "epoch_date_close_approach": 5851551600000, "relative_velocity": {"kilometers_per_second": "12.3174482954", "kilometers_per_hour": "44342.8138634656", "miles_per_hour": "27552.9000919961"}, "miss_distance": {"astronomical": "0.0563498019", "lunar": "21.9200725555", "kilometers": "8429811", "miles": "5238041.5"}, "orbiting_body": "Mars"}, {"close_approach_date": "2157-05-13", "epoch_date_close_approach": 5912636400000, "relative_velocity": {"kilometers_per_second": "2.5273554965", "kilometers_per_hour": "9098.4797873698", "miles_per_hour": "5653.4415101021"}, "miss_distance": {"astronomical": "1.8218165639", "lunar": "708.6866455078", "kilometers": "272539872", "miles": "169348432"}, "orbiting_body": "Juptr"}, {"close_approach_date": "2180-07-27", "epoch_date_close_approach": 6644962800000, "relative_velocity": {"kilometers_per_second": "2.5659002478", "kilometers_per_hour": "9237.240891993", "miles_per_hour": "5739.6622642497"}, "miss_distance": {"astronomical": "1.8343066407", "lunar": "713.5452880859", "kilometers": "274408352", "miles": "170509456"}, "orbiting_body": "Juptr"}, {"close_approach_date": "2182-08-21", "epoch_date_close_approach": 6710194800000, "relative_velocity": {"kilometers_per_second": "12.6230833737", "kilometers_per_hour": "45443.1001453927", "miles_per_hour": "28236.5751986747"}, "miss_distance": {"astronomical": "0.0550017459", "lunar": "21.3956794739", "kilometers": "8228144.5", "miles": "5112732"}, "orbiting_body": "Mars"}], "orbital_data": {"orbit_id": "23", "orbit_determination_date": "2017-04-06 08:48:25", "orbit_uncertainty": "1", "minimum_orbit_intersection": ".00623699", "jupiter_tisserand_invariant": "3.399", "epoch_osculation": "2458000.5", "eccentricity": ".5806077202407742", "semi_major_axis": "2.228282274074264", "inclination": "3.356293279731635", "ascending_node_longitude": "85.92454657408166", "orbital_period": "1214.936934898875", "perihelion_distance": ".9345243828710774", "perihelion_argument": "224.7509383341571", "aphelion_distance": "3.52204016527745", "perihelion_time": "2458543.669449162502", "mean_anomaly": "199.0525499047596", "mean_motion": ".2963116764821744", "equinox": "J2000"}}