{"links": {"self": "https://api.nasa.gov/neo/rest/v1/neo/3614980?api_key=stjNMXvPIBN6FqEBpH6hQbWAtFDv0RARRez0p7z1"}, "neo_reference_id": "3614980", "name": "(2012 UR158)", "nasa_jpl_url": "http://ssd.jpl.nasa.gov/sbdb.cgi?sstr=3614980", "absolute_magnitude_h": 20.7, "estimated_diameter": {"kilometers": {"estimated_diameter_min": 0.1925550782, "estimated_diameter_max": 0.4305662442}, "meters": {"estimated_diameter_min": 192.5550781879, "estimated_diameter_max": 430.566244241}, "miles": {"estimated_diameter_min": 0.1196481415, "estimated_diameter_max": 0.2675413778}, "feet": {"estimated_diameter_min": 631.7424027221, "estimated_diameter_max": 1412.6189567557}}, "is_potentially_hazardous_asteroid": true, "close_approach_data": [{"close_approach_date": "1900-12-17", "epoch_date_close_approach": -2178720000000, "relative_velocity": {"kilometers_per_second": "16.9174089344", "kilometers_per_hour": "60902.6721638328", "miles_per_hour": "37842.5520453549"}, "miss_distance": {"astronomical": "0.4315714159", "lunar": "167.8812866211", "kilometers": "64562168", "miles": "40117072"}, "orbiting_body": "Earth"}, {"close_approach_date": "1903-05-29", "epoch_date_close_approach": -2101564800000, "relative_velocity": {"kilometers_per_second": "11.6677715515", "kilometers_per_hour": "42003.9775854104", "miles_per_hour": "26099.6381835568"}, "miss_distance": {"astronomical": "1.7184496822", "lunar": "668.4769287109", "kilometers": "257076416", "miles": "159739888"}, "orbiting_body": "Juptr"}, {"close_approach_date": "1907-10-25", "epoch_date_close_approach": -1962460800000, "relative_velocity": {"kilometers_per_second": "41.1622744016", "kilometers_per_hour": "148184.1878456433", "miles_per_hour": "92075.8916088666"}, "miss_distance": {"astronomical": "0.404586831", "lunar": "157.3842773438", "kilometers": "60525328", "miles": "37608696"}, "orbiting_body": "Earth"}, {"close_approach_date": "1907-11-27", "epoch_date_close_approach": -1959609600000, "relative_velocity": {"kilometers_per_second": "35.4458354725", "kilometers_per_hour": "127605.0077011663", "miles_per_hour": "79288.7893685386"}, "miss_distance": {"astronomical": "0.0977814914", "lunar": "38.0370025635", "kilometers": "14627903", "miles": "9089358"}, "orbiting_body": "Merc"}, {"close_approach_date": "1911-06-19", "epoch_date_close_approach": -1847289600000, "relative_velocity": {"kilometers_per_second": "21.3870192757", "kilometers_per_hour": "76993.2693925351", "miles_per_hour": "47840.6234178227"}, "miss_distance": {"astronomical": "0.2599305609", "lunar": "101.1129837036", "kilometers": "38885056", "miles": "24162054"}, "orbiting_body": "Earth"}, {"close_approach_date": "1924-12-29", "epoch_date_close_approach": -1420300800000, "relative_velocity": {"kilometers_per_second": "19.7519952895", "kilometers_per_hour": "71107.1830421554", "miles_per_hour": "44183.2382630548"}, "miss_distance": {"astronomical": "0.4773639709", "lunar": "185.6945800781", "kilometers": "71412632", "miles": "44373752"}, "orbiting_body": "Earth"}, {"close_approach_date": "1927-04-03", "epoch_date_close_approach": -1349020800000, "relative_velocity": {"kilometers_per_second": "9.7681269518", "kilometers_per_hour": "35165.2570263763", "miles_per_hour": "21850.323178417"}, "miss_distance": {"astronomical": "1.2695461688", "lunar": "493.8534545898", "kilometers": "189921408", "miles": "118011688"}, "orbiting_body": "Juptr"}, {"close_approach_date": "1931-10-22", "epoch_date_close_approach": -1205337600000, "relative_velocity": {"kilometers_per_second": "43.1731964963", "kilometers_per_hour": "155423.5073866505", "miles_per_hour": "96574.1232425551"}, "miss_distance": {"astronomical": "0.4594535721", "lunar": "178.7274475098", "kilometers": "68733280", "miles": "42708880"}, "orbiting_body": "Earth"}, {"close_approach_date": "1935-06-02", "epoch_date_close_approach": -1091376000000, "relative_velocity": {"kilometers_per_second": "16.1584462877", "kilometers_per_hour": "58170.406635599", "miles_per_hour": "36144.828500881"}, "miss_distance": {"astronomical": "0.4485510736", "lunar": "174.4863586426", "kilometers": "67102284", "miles": "41695428"}, "orbiting_body": "Earth"}, {"close_approach_date": "1942-02-19", "epoch_date_close_approach": -879354000000, "relative_velocity": {"kilometers_per_second": "21.1106249977", "kilometers_per_hour": "75998.249991545", "miles_per_hour": "47222.3570572464"}, "miss_distance": {"astronomical": "0.0659685794", "lunar": "25.6617774963", "kilometers": "9868759", "miles": "6132162.5"}, "orbiting_body": "Merc"}, {"close_approach_date": "1948-11-06", "epoch_date_close_approach": -667501200000, "relative_velocity": {"kilometers_per_second": "32.8797495828", "kilometers_per_hour": "118367.0984982474", "miles_per_hour": "73548.7118418693"}, "miss_distance": {"astronomical": "0.1460882493", "lunar": "56.828327179", "kilometers": "21854490", "miles": "13579751"}, "orbiting_body": "Earth"}, {"close_approach_date": "1951-01-08", "epoch_date_close_approach": -598982400000, "relative_velocity": {"kilometers_per_second": "8.9158307614", "kilometers_per_hour": "32096.990741114", "miles_per_hour": "19943.8218302216"}, "miss_distance": {"astronomical": "1.055728483", "lunar": "410.6783752441", "kilometers": "157934720", "miles": "98136088"}, "orbiting_body": "Juptr"}, {"close_approach_date": "1952-07-01", "epoch_date_close_approach": -552330000000, "relative_velocity": {"kilometers_per_second": "27.4749528689", "kilometers_per_hour": "98909.8303279162", "miles_per_hour": "61458.7220723655"}, "miss_distance": {"astronomical": "0.0663196132", "lunar": "25.798330307", "kilometers": "9921273", "miles": "6164793.5"}, "orbiting_body": "Earth"}, {"close_approach_date": "1955-11-01", "epoch_date_close_approach": -447091200000, "relative_velocity": {"kilometers_per_second": "26.8561284028", "kilometers_per_hour": "96682.0622499194", "miles_per_hour": "60074.4736241236"}, "miss_distance": {"astronomical": "0.1070967351", "lunar": "41.6606292725", "kilometers": "16021443", "miles": "9955263"}, "orbiting_body": "Venus"}, {"close_approach_date": "1962-08-08", "epoch_date_close_approach": -233514000000, "relative_velocity": {"kilometers_per_second": "26.6128460029", "kilometers_per_hour": "95806.2456104299", "miles_per_hour": "59530.2752238808"}, "miss_distance": {"astronomical": "0.1120485015", "lunar": "43.5868644714", "kilometers": "16762217", "miles": "10415559"}, "orbiting_body": "Venus"}, {"close_approach_date": "1965-10-24", "epoch_date_close_approach": -132166800000, "relative_velocity": {"kilometers_per_second": "41.0985069123", "kilometers_per_hour": "147954.6248842184", "miles_per_hour": "91933.2501120856"}, "miss_distance": {"astronomical": "0.3885161332", "lunar": "151.1327667236", "kilometers": "58121184", "miles": "36114832"}, "orbiting_body": "Earth"}, {"close_approach_date": "1969-05-17", "epoch_date_close_approach": -19760400000, "relative_velocity": {"kilometers_per_second": "29.4285172058", "kilometers_per_hour": "105942.6619410337", "miles_per_hour": "65828.6501377495"}, "miss_distance": {"astronomical": "0.0529828428", "lunar": "20.610326767", "kilometers": "7926121", "miles": "4925063"}, "orbiting_body": "Venus"}, {"close_approach_date": "1974-09-28", "epoch_date_close_approach": 149583600000, "relative_velocity": {"kilometers_per_second": "9.0189160613", "kilometers_per_hour": "32468.0978207135", "miles_per_hour": "20174.4133375428"}, "miss_distance": {"astronomical": "1.0863962757", "lunar": "422.6081237793", "kilometers": "162522560", "miles": "100986840"}, "orbiting_body": "Juptr"}, {"close_approach_date": "1976-01-26", "epoch_date_close_approach": 191491200000, "relative_velocity": {"kilometers_per_second": "26.9947779081", "kilometers_per_hour": "97181.200469264", "miles_per_hour": "60384.6187026935"}, "miss_distance": {"astronomical": "0.0507903447", "lunar": "19.7574443817", "kilometers": "7598127.5", "miles": "4721257.5"}, "orbiting_body": "Merc"}, {"close_approach_date": "1976-02-25", "epoch_date_close_approach": 194083200000, "relative_velocity": {"kilometers_per_second": "31.9822094596", "kilometers_per_hour": "115135.9540543861", "miles_per_hour": "71541.0043400712"}, "miss_distance": {"astronomical": "0.0128620648", "lunar": "5.0033431053", "kilometers": "1924137.5", "miles": "1195603.625"}, "orbiting_body": "Venus"}, {"close_approach_date": "1979-07-18", "epoch_date_close_approach": 301129200000, "relative_velocity": {"kilometers_per_second": "36.9999166133", "kilometers_per_hour": "133199.6998079794", "miles_per_hour": "82765.1134723525"}, "miss_distance": {"astronomical": "0.2470035328", "lunar": "96.0843734741", "kilometers": "36951200", "miles": "22960412"}, "orbiting_body": "Earth"}, {"close_approach_date": "1998-06-02", "epoch_date_close_approach": 896770800000, "relative_velocity": {"kilometers_per_second": "10.2431713155", "kilometers_per_hour": "36875.4167359552", "miles_per_hour": "22912.9499157384"}, "miss_distance": {"astronomical": "1.3731761376", "lunar": "534.1655273438", "kilometers": "205424224", "miles": "127644696"}, "orbiting_body": "Juptr"}, {"close_approach_date": "2002-11-01", "epoch_date_close_approach": 1036137600000, "relative_velocity": {"kilometers_per_second": "35.4799938303", "kilometers_per_hour": "127727.9777892002", "miles_per_hour": "79365.1981990728"}, "miss_distance": {"astronomical": "0.1942088333", "lunar": "75.5472335815", "kilometers": "29053228", "miles": "18052838"}, "orbiting_body": "Earth"}, {"close_approach_date": "2002-11-14", "epoch_date_close_approach": 1037260800000, "relative_velocity": {"kilometers_per_second": "35.0556201652", "kilometers_per_hour": "126200.2325947049", "miles_per_hour": "78415.9167475265"}, "miss_distance": {"astronomical": "0.0636347863", "lunar": "24.7539310455", "kilometers": "9519628", "miles": "5915222.5"}, "orbiting_body": "Venus"}, {"close_approach_date": "2012-11-08", "epoch_date_close_approach": 1352361600000, "relative_velocity": {"kilometers_per_second": "30.8657988602", "kilometers_per_hour": "111116.8758968507", "miles_per_hour": "69043.7054704626"}, "miss_distance": {"astronomical": "0.0640147944", "lunar": "24.9017543793", "kilometers": "9576477", "miles": "5950547"}, "orbiting_body": "Earth"}, {"close_approach_date": "2016-05-05", "epoch_date_close_approach": 1462431600000, "relative_velocity": {"kilometers_per_second": "24.0838275772", "kilometers_per_hour": "86701.7792777908", "miles_per_hour": "53873.1139073584"}, "miss_distance": {"astronomical": "0.0598871631", "lunar": "23.2961063385", "kilometers": "8958992", "miles": "5566859.5"}, "orbiting_body": "Merc"}, {"close_approach_date": "2016-06-04", "epoch_date_close_approach": 1465023600000, "relative_velocity": {"kilometers_per_second": "16.0512067715", "kilometers_per_hour": "57784.3443772999", "miles_per_hour": "35904.9444271062"}, "miss_distance": {"astronomical": "0.4693110189", "lunar": "182.56199646", "kilometers": "70207928", "miles": "43625184"}, "orbiting_body": "Earth"}, {"close_approach_date": "2019-08-28", "epoch_date_close_approach": 1566975600000, "relative_velocity": {"kilometers_per_second": "33.8823884857", "kilometers_per_hour": "121976.5985484243", "miles_per_hour": "75791.5148036028"}, "miss_distance": {"astronomical": "0.0667087724", "lunar": "25.9497127533", "kilometers": "9979491", "miles": "6200968"}, "orbiting_body": "Merc"}, {"close_approach_date": "2021-12-31", "epoch_date_close_approach": 1640937600000, "relative_velocity": {"kilometers_per_second": "12.4819526902", "kilometers_per_hour": "44935.0296845494", "miles_per_hour": "27920.8799726023"}, "miss_distance": {"astronomical": "1.8948279988", "lunar": "737.0880737305", "kilometers": "283462240", "miles": "176135264"}, "orbiting_body": "Juptr"}, {"close_approach_date": "2022-11-23", "epoch_date_close_approach": 1669190400000, "relative_velocity": {"kilometers_per_second": "21.7600014493", "kilometers_per_hour": "78336.0052176596", "miles_per_hour": "48674.9472420508"}, "miss_distance": {"astronomical": "0.2745119029", "lunar": "106.7851333618", "kilometers": "41066396", "miles": "25517476"}, "orbiting_body": "Earth"}, {"close_approach_date": "2026-06-23", "epoch_date_close_approach": 1782198000000, "relative_velocity": {"kilometers_per_second": "21.3261056602", "kilometers_per_hour": "76773.9803767456", "miles_per_hour": "47704.3657513173"}, "miss_distance": {"astronomical": "0.2959255215", "lunar": "115.1150283813", "kilometers": "44269828", "miles": "27507996"}, "orbiting_body": "Earth"}, {"close_approach_date": "2032-11-24", "epoch_date_close_approach": 1984896000000, "relative_velocity": {"kilometers_per_second": "20.8494266463", "kilometers_per_hour": "75057.935926738", "miles_per_hour": "46638.0824651445"}, "miss_distance": {"astronomical": "0.3047578693", "lunar": "118.5508117676", "kilometers": "45591128", "miles": "28329014"}, "orbiting_body": "Earth"}, {"close_approach_date": "2034-03-07", "epoch_date_close_approach": 2025331200000, "relative_velocity": {"kilometers_per_second": "10.9604757602", "kilometers_per_hour": "39457.7127368222", "miles_per_hour": "24517.4882280549"}, "miss_distance": {"astronomical": "1.4526250592", "lunar": "565.0711669922", "kilometers": "217309616", "miles": "135029936"}, "orbiting_body": "Juptr"}, {"close_approach_date": "2036-06-12", "epoch_date_close_approach": 2096866800000, "relative_velocity": {"kilometers_per_second": "34.2595725716", "kilometers_per_hour": "123334.4612577456", "miles_per_hour": "76635.2378854031"}, "miss_distance": {"astronomical": "0.0428029329", "lunar": "16.6503410339", "kilometers": "6403228", "miles": "3978781.25"}, "orbiting_body": "Venus"}, {"close_approach_date": "2036-06-30", "epoch_date_close_approach": 2098422000000, "relative_velocity": {"kilometers_per_second": "26.2641619828", "kilometers_per_hour": "94550.983138111", "miles_per_hour": "58750.3039393446"}, "miss_distance": {"astronomical": "0.1133949956", "lunar": "44.1106529236", "kilometers": "16963650", "miles": "10540724"}, "orbiting_body": "Earth"}, {"close_approach_date": "2046-07-22", "epoch_date_close_approach": 2415855600000, "relative_velocity": {"kilometers_per_second": "39.2490485646", "kilometers_per_hour": "141296.574832664", "miles_per_hour": "87796.1967342184"}, "miss_distance": {"astronomical": "0.3179215798", "lunar": "123.6714935303", "kilometers": "47560392", "miles": "29552658"}, "orbiting_body": "Earth"}, {"close_approach_date": "2049-10-29", "epoch_date_close_approach": 2519103600000, "relative_velocity": {"kilometers_per_second": "25.7188501475", "kilometers_per_hour": "92587.8605311048", "miles_per_hour": "57530.4958950078"}, "miss_distance": {"astronomical": "0.0415362698", "lunar": "16.1576099396", "kilometers": "6213738", "miles": "3861037.75"}, "orbiting_body": "Merc"}, {"close_approach_date": "2053-02-21", "epoch_date_close_approach": 2623737600000, "relative_velocity": {"kilometers_per_second": "25.8433058849", "kilometers_per_hour": "93035.9011857293", "miles_per_hour": "57808.8909339883"}, "miss_distance": {"astronomical": "0.0547700962", "lunar": "21.3055686951", "kilometers": "8193490", "miles": "5091198.5"}, "orbiting_body": "Merc"}, {"close_approach_date": "2057-11-03", "epoch_date_close_approach": 2771996400000, "relative_velocity": {"kilometers_per_second": "9.3359933765", "kilometers_per_hour": "33609.5761552776", "miles_per_hour": "20883.6835838168"}, "miss_distance": {"astronomical": "1.1055256542", "lunar": "430.0494689941", "kilometers": "165384272", "miles": "102765024"}, "orbiting_body": "Juptr"}, {"close_approach_date": "2063-03-10", "epoch_date_close_approach": 2940739200000, "relative_velocity": {"kilometers_per_second": "26.0532260689", "kilometers_per_hour": "93791.6138480152", "miles_per_hour": "58278.461393507"}, "miss_distance": {"astronomical": "0.123913819", "lunar": "48.2024765015", "kilometers": "18537244", "miles": "11518509"}, "orbiting_body": "Venus"}, {"close_approach_date": "2066-08-17", "epoch_date_close_approach": 3049254000000, "relative_velocity": {"kilometers_per_second": "28.3189482264", "kilometers_per_hour": "101948.2136148665", "miles_per_hour": "63346.6552875263"}, "miss_distance": {"astronomical": "0.0575977345", "lunar": "22.4055194855", "kilometers": "8616498", "miles": "5354044"}, "orbiting_body": "Merc"}, {"close_approach_date": "2069-11-22", "epoch_date_close_approach": 3152332800000, "relative_velocity": {"kilometers_per_second": "23.3881416901", "kilometers_per_hour": "84197.3100844172", "miles_per_hour": "52316.9341466203"}, "miss_distance": {"astronomical": "0.2036381506", "lunar": "79.2152404785", "kilometers": "30463834", "miles": "18929348"}, "orbiting_body": "Earth"}, {"close_approach_date": "2069-12-09", "epoch_date_close_approach": 3153801600000, "relative_velocity": {"kilometers_per_second": "31.1478855532", "kilometers_per_hour": "112132.3879916788", "miles_per_hour": "69674.7051940517"}, "miss_distance": {"astronomical": "0.0303618803", "lunar": "11.8107709885", "kilometers": "4542072.5", "miles": "2822313"}, "orbiting_body": "Venus"}, {"close_approach_date": "2070-01-01", "epoch_date_close_approach": 3155788800000, "relative_velocity": {"kilometers_per_second": "25.1666442525", "kilometers_per_hour": "90599.919309131", "miles_per_hour": "56295.2665284987"}, "miss_distance": {"astronomical": "0.0556085434", "lunar": "21.6317234039", "kilometers": "8318920", "miles": "5169137"}, "orbiting_body": "Merc"}, {"close_approach_date": "2073-05-17", "epoch_date_close_approach": 3262230000000, "relative_velocity": {"kilometers_per_second": "24.4241036577", "kilometers_per_hour": "87926.7731677391", "miles_per_hour": "54634.277471921"}, "miss_distance": {"astronomical": "0.0570389893", "lunar": "22.188167572", "kilometers": "8532911", "miles": "5302105.5"}, "orbiting_body": "Merc"}, {"close_approach_date": "2073-07-03", "epoch_date_close_approach": 3266290800000, "relative_velocity": {"kilometers_per_second": "27.6682235299", "kilometers_per_hour": "99605.6047077689", "miles_per_hour": "61891.0492141134"}, "miss_distance": {"astronomical": "0.0600689198", "lunar": "23.366809845", "kilometers": "8986183", "miles": "5583755"}, "orbiting_body": "Earth"}, {"close_approach_date": "2076-09-08", "epoch_date_close_approach": 3366774000000, "relative_velocity": {"kilometers_per_second": "38.6206066311", "kilometers_per_hour": "139034.1838718913", "miles_per_hour": "86390.4349730649"}, "miss_distance": {"astronomical": "0.1388200768", "lunar": "54.0010108948", "kilometers": "20767188", "miles": "12904133"}, "orbiting_body": "Venus"}, {"close_approach_date": "2076-10-02", "epoch_date_close_approach": 3368847600000, "relative_velocity": {"kilometers_per_second": "23.3006150896", "kilometers_per_hour": "83882.2143224156", "miles_per_hour": "52121.1458938365"}, "miss_distance": {"astronomical": "0.0622479864", "lunar": "24.2144680023", "kilometers": "9312167", "miles": "5786312"}, "orbiting_body": "Merc"}, {"close_approach_date": "2080-02-14", "epoch_date_close_approach": 3475123200000, "relative_velocity": {"kilometers_per_second": "23.6617646416", "kilometers_per_hour": "85182.3527096434", "miles_per_hour": "52929.0013267226"}, "miss_distance": {"astronomical": "0.0594548483", "lunar": "23.1279354095", "kilometers": "8894319", "miles": "5526673.5"}, "orbiting_body": "Merc"}, {"close_approach_date": "2081-07-19", "epoch_date_close_approach": 3520134000000, "relative_velocity": {"kilometers_per_second": "8.8369772355", "kilometers_per_hour": "31813.118047939", "miles_per_hour": "19767.4343781763"}, "miss_distance": {"astronomical": "1.0010676787", "lunar": "389.4153137207", "kilometers": "149757584", "miles": "93055048"}, "orbiting_body": "Juptr"}, {"close_approach_date": "2083-06-18", "epoch_date_close_approach": 3580527600000, "relative_velocity": {"kilometers_per_second": "36.7384093429", "kilometers_per_hour": "132258.2736345232", "miles_per_hour": "82180.1478591847"}, "miss_distance": {"astronomical": "0.110547003", "lunar": "43.002784729", "kilometers": "16537597", "miles": "10275986"}, "orbiting_body": "Venus"}, {"close_approach_date": "2086-10-29", "epoch_date_close_approach": 3686713200000, "relative_velocity": {"kilometers_per_second": "39.3827530585", "kilometers_per_hour": "141777.911010614", "miles_per_hour": "88095.2803165674"}, "miss_distance": {"astronomical": "0.3370336095", "lunar": "131.1060638428", "kilometers": "50419508", "miles": "31329230"}, "orbiting_body": "Earth"}, {"close_approach_date": "2090-04-03", "epoch_date_close_approach": 3794886000000, "relative_velocity": {"kilometers_per_second": "27.3714808364", "kilometers_per_hour": "98537.331011175", "miles_per_hour": "61227.265483027"}, "miss_distance": {"astronomical": "0.085998616", "lunar": "33.4534606934", "kilometers": "12865210", "miles": "7994071"}, "orbiting_body": "Venus"}, {"close_approach_date": "2090-06-12", "epoch_date_close_approach": 3800934000000, "relative_velocity": {"kilometers_per_second": "17.5131183044", "kilometers_per_hour": "63047.2258958454", "miles_per_hour": "39175.0943351157"}, "miss_distance": {"astronomical": "0.3949411017", "lunar": "153.6320800781", "kilometers": "59082348", "miles": "36712068"}, "orbiting_body": "Earth"}, {"close_approach_date": "2105-04-16", "epoch_date_close_approach": 4269308400000, "relative_velocity": {"kilometers_per_second": "8.9726957781", "kilometers_per_hour": "32301.7048012397", "miles_per_hour": "20071.0231860814"}, "miss_distance": {"astronomical": "1.0420667927", "lunar": "405.3639831543", "kilometers": "155890976", "miles": "96866160"}, "orbiting_body": "Juptr"}, {"close_approach_date": "2107-06-08", "epoch_date_close_approach": 4336959600000, "relative_velocity": {"kilometers_per_second": "16.6724593395", "kilometers_per_hour": "60020.8536221251", "miles_per_hour": "37294.624296481"}, "miss_distance": {"astronomical": "0.4145604392", "lunar": "161.2640075684", "kilometers": "62017360", "miles": "38535800"}, "orbiting_body": "Earth"}, {"close_approach_date": "2110-10-10", "epoch_date_close_approach": 4442367600000, "relative_velocity": {"kilometers_per_second": "30.7352569247", "kilometers_per_hour": "110646.9249289142", "miles_per_hour": "68751.6962148579"}, "miss_distance": {"astronomical": "0.0451255766", "lunar": "17.553850174", "kilometers": "6750690.5", "miles": "4194684.5"}, "orbiting_body": "Merc"}, {"close_approach_date": "2117-08-26", "epoch_date_close_approach": 4659404400000, "relative_velocity": {"kilometers_per_second": "33.2775765445", "kilometers_per_hour": "119799.2755600214", "miles_per_hour": "74438.6109722811"}, "miss_distance": {"astronomical": "0.0459055146", "lunar": "17.8572463989", "kilometers": "6867367.5", "miles": "4267184.5"}, "orbiting_body": "Venus"}, {"close_approach_date": "2120-11-16", "epoch_date_close_approach": 4761187200000, "relative_velocity": {"kilometers_per_second": "28.6641733297", "kilometers_per_hour": "103191.0239868556", "miles_per_hour": "64118.8893211659"}, "miss_distance": {"astronomical": "0.017738362", "lunar": "6.9002232552", "kilometers": "2653621.25", "miles": "1648883.875"}, "orbiting_body": "Earth"}, {"close_approach_date": "2124-07-11", "epoch_date_close_approach": 4876354800000, "relative_velocity": {"kilometers_per_second": "32.4024642493", "kilometers_per_hour": "116648.8712973288", "miles_per_hour": "72481.0722791652"}, "miss_distance": {"astronomical": "0.1215880881", "lunar": "47.2977676392", "kilometers": "18189320", "miles": "11302319"}, "orbiting_body": "Earth"}, {"close_approach_date": "2127-10-05", "epoch_date_close_approach": 4978393200000, "relative_velocity": {"kilometers_per_second": "37.2257786661", "kilometers_per_hour": "134012.8031980615", "miles_per_hour": "83270.3442982622"}, "miss_distance": {"astronomical": "0.1260053564", "lunar": "49.0160827637", "kilometers": "18850132", "miles": "11712929"}, "orbiting_body": "Venus"}, {"close_approach_date": "2127-11-06", "epoch_date_close_approach": 4981161600000, "relative_velocity": {"kilometers_per_second": "21.8158300962", "kilometers_per_hour": "78536.9883462145", "miles_per_hour": "48799.8303421242"}, "miss_distance": {"astronomical": "0.0476274639", "lunar": "18.5270843506", "kilometers": "7124967.5", "miles": "4427249.5"}, "orbiting_body": "Merc"}, {"close_approach_date": "2129-01-24", "epoch_date_close_approach": 5019609600000, "relative_velocity": {"kilometers_per_second": "10.2469349726", "kilometers_per_hour": "36888.9659014997", "miles_per_hour": "22921.3688402957"}, "miss_distance": {"astronomical": "1.3053779498", "lunar": "507.7920227051", "kilometers": "195281760", "miles": "121342464"}, "orbiting_body": "Juptr"}, {"close_approach_date": "2144-11-28", "epoch_date_close_approach": 5519606400000, "relative_velocity": {"kilometers_per_second": "21.8363677353", "kilometers_per_hour": "78610.9238471754", "miles_per_hour": "48845.7709871519"}, "miss_distance": {"astronomical": "0.2292513365", "lunar": "89.1787719727", "kilometers": "34295512", "miles": "21310244"}, "orbiting_body": "Earth"}, {"close_approach_date": "2148-07-25", "epoch_date_close_approach": 5634946800000, "relative_velocity": {"kilometers_per_second": "41.6304810971", "kilometers_per_hour": "149869.7319496601", "miles_per_hour": "93123.2231661652"}, "miss_distance": {"astronomical": "0.4264653701", "lunar": "165.8950195312", "kilometers": "63798312", "miles": "39642432"}, "orbiting_body": "Earth"}, {"close_approach_date": "2152-01-30", "epoch_date_close_approach": 5745888000000, "relative_velocity": {"kilometers_per_second": "27.6046102075", "kilometers_per_hour": "99376.5967469071", "miles_per_hour": "61748.752573099"}, "miss_distance": {"astronomical": "0.0990628168", "lunar": "38.5354347229", "kilometers": "14819586", "miles": "9208464"}, "orbiting_body": "Mars"}, {"close_approach_date": "2152-12-09", "epoch_date_close_approach": 5773017600000, "relative_velocity": {"kilometers_per_second": "12.7971935487", "kilometers_per_hour": "46069.8967754014", "miles_per_hour": "28626.0422491376"}, "miss_distance": {"astronomical": "1.8862254061", "lunar": "733.7416992188", "kilometers": "282175328", "miles": "175335616"}, "orbiting_body": "Juptr"}, {"close_approach_date": "2155-06-17", "epoch_date_close_approach": 5852502000000, "relative_velocity": {"kilometers_per_second": "19.28853615", "kilometers_per_hour": "69438.7301399568", "miles_per_hour": "43146.5265139082"}, "miss_distance": {"astronomical": "0.3159751543", "lunar": "122.9143371582", "kilometers": "47269212", "miles": "29371726"}, "orbiting_body": "Earth"}, {"close_approach_date": "2158-11-09", "epoch_date_close_approach": 5959728000000, "relative_velocity": {"kilometers_per_second": "29.262615926", "kilometers_per_hour": "105345.417333663", "miles_per_hour": "65457.5455649085"}, "miss_distance": {"astronomical": "0.0318167593", "lunar": "12.3767185211", "kilometers": "4759719.5", "miles": "2957552.5"}, "orbiting_body": "Venus"}, {"close_approach_date": "2164-07-08", "epoch_date_close_approach": 6138399600000, "relative_velocity": {"kilometers_per_second": "10.6766412282", "kilometers_per_hour": "38435.9084215769", "miles_per_hour": "23882.5787633959"}, "miss_distance": {"astronomical": "1.4849419654", "lunar": "577.6423950195", "kilometers": "222144160", "miles": "138033984"}, "orbiting_body": "Juptr"}, {"close_approach_date": "2175-10-31", "epoch_date_close_approach": 6495404400000, "relative_velocity": {"kilometers_per_second": "40.2281346532", "kilometers_per_hour": "144821.284751362", "miles_per_hour": "89986.3144056449"}, "miss_distance": {"astronomical": "0.3722237469", "lunar": "144.7950286865", "kilometers": "55683880", "miles": "34600360"}, "orbiting_body": "Earth"}, {"close_approach_date": "2179-05-09", "epoch_date_close_approach": 6606514800000, "relative_velocity": {"kilometers_per_second": "24.4846457297", "kilometers_per_hour": "88144.724626835", "miles_per_hour": "54769.7040327131"}, "miss_distance": {"astronomical": "0.0623893914", "lunar": "24.2694740295", "kilometers": "9333320", "miles": "5799456.5"}, "orbiting_body": "Merc"}, {"close_approach_date": "2179-06-26", "epoch_date_close_approach": 6610662000000, "relative_velocity": {"kilometers_per_second": "22.9494364061", "kilometers_per_hour": "82617.9710618308", "miles_per_hour": "51335.5942967248"}, "miss_distance": {"astronomical": "0.1988400284", "lunar": "77.3487701416", "kilometers": "29746044", "miles": "18483334"}, "orbiting_body": "Earth"}, {"close_approach_date": "2182-11-11", "epoch_date_close_approach": 6717283200000, "relative_velocity": {"kilometers_per_second": "33.081977243", "kilometers_per_hour": "119095.1180746207", "miles_per_hour": "74001.0748947553"}, "miss_distance": {"astronomical": "0.0499017954", "lunar": "19.4117984772", "kilometers": "7465202.5", "miles": "4638661.5"}, "orbiting_body": "Venus"}, {"close_approach_date": "2188-05-02", "epoch_date_close_approach": 6889993200000, "relative_velocity": {"kilometers_per_second": "9.0937680889", "kilometers_per_hour": "32737.5651198939", "miles_per_hour": "20341.8498379696"}, "miss_distance": {"astronomical": "1.0937333617", "lunar": "425.4622497559", "kilometers": "163620176", "miles": "101668864"}, "orbiting_body": "Juptr"}, {"close_approach_date": "2192-12-12", "epoch_date_close_approach": 7035580800000, "relative_velocity": {"kilometers_per_second": "16.354904293", "kilometers_per_hour": "58877.6554547572", "miles_per_hour": "36584.2854129851"}, "miss_distance": {"astronomical": "0.4206781544", "lunar": "163.6438140869", "kilometers": "62932560", "miles": "39104480"}, "orbiting_body": "Earth"}, {"close_approach_date": "2192-12-26", "epoch_date_close_approach": 7036790400000, "relative_velocity": {"kilometers_per_second": "30.7051713025", "kilometers_per_hour": "110538.6166890659", "miles_per_hour": "68684.3976866032"}, "miss_distance": {"astronomical": "0.0163392836", "lunar": "6.3559813499", "kilometers": "2444322", "miles": "1518831.25"}, "orbiting_body": "Venus"}, {"close_approach_date": "2196-06-26", "epoch_date_close_approach": 7147206000000, "relative_velocity": {"kilometers_per_second": "22.3903648847", "kilometers_per_hour": "80605.3135849571", "miles_per_hour": "50085.0072106085"}, "miss_distance": {"astronomical": "0.0545564308", "lunar": "21.2224502563", "kilometers": "8161525.5", "miles": "5071337"}, "orbiting_body": "Merc"}, {"close_approach_date": "2196-07-27", "epoch_date_close_approach": 7149884400000, "relative_velocity": {"kilometers_per_second": "42.0636904602", "kilometers_per_hour": "151429.2856567931", "miles_per_hour": "94092.2691904668"}, "miss_distance": {"astronomical": "0.4294831099", "lunar": "167.068939209", "kilometers": "64249760", "miles": "39922952"}, "orbiting_body": "Earth"}], "orbital_data": {"orbit_id": "19", "orbit_determination_date": "2017-04-06 08:48:19", "orbit_uncertainty": "0", "minimum_orbit_intersection": ".00333577", "jupiter_tisserand_invariant": "3.003", "epoch_osculation": "2458000.5", "eccentricity": ".8553110647602077", "semi_major_axis": "2.238733308557703", "inclination": "3.219758407594587", "ascending_node_longitude": "287.7249011608487", "orbital_period": "1223.494350085143", "perihelion_distance": ".3239199387010715", "perihelion_argument": "238.1067682383966", "aphelion_distance": "4.153546678414335", "perihelion_time": "2457504.917098950885", "mean_anomaly": "145.8199168351419", "mean_motion": ".2942392010023974", "equinox": "J2000"}}