{"links": {"self": "https://api.nasa.gov/neo/rest/v1/neo/3616695?api_key=stjNMXvPIBN6FqEBpH6hQbWAtFDv0RARRez0p7z1"}, "neo_reference_id": "3616695", "name": "(2012 VL6)", "nasa_jpl_url": "http://ssd.jpl.nasa.gov/sbdb.cgi?sstr=3616695", "absolute_magnitude_h": 20.8, "estimated_diameter": {"kilometers": {"estimated_diameter_min": 0.1838886721, "estimated_diameter_max": 0.411187571}, "meters": {"estimated_diameter_min": 183.8886720703, "estimated_diameter_max": 411.1875710413}, "miles": {"estimated_diameter_min": 0.1142630881, "estimated_diameter_max": 0.2555000322}, "feet": {"estimated_diameter_min": 603.309310875, "estimated_diameter_max": 1349.040630575}}, "is_potentially_hazardous_asteroid": true, "close_approach_data": [{"close_approach_date": "1987-10-16", "epoch_date_close_approach": 561366000000, "relative_velocity": {"kilometers_per_second": "9.03964425", "kilometers_per_hour": "32542.7192998267", "miles_per_hour": "20220.7802227173"}, "miss_distance": {"astronomical": "0.0329531678", "lunar": "12.8187828064", "kilometers": "4929724", "miles": "3063188.5"}, "orbiting_body": "Earth"}, {"close_approach_date": "2012-12-06", "epoch_date_close_approach": 1354780800000, "relative_velocity": {"kilometers_per_second": "14.3632655267", "kilometers_per_hour": "51707.7558960494", "miles_per_hour": "32129.1886566314"}, "miss_distance": {"astronomical": "0.2615263482", "lunar": "101.7337493896", "kilometers": "39123784", "miles": "24310392"}, "orbiting_body": "Earth"}, {"close_approach_date": "2018-05-05", "epoch_date_close_approach": 1525503600000, "relative_velocity": {"kilometers_per_second": "2.7930298496", "kilometers_per_hour": "10054.9074584189", "miles_per_hour": "6247.7284704826"}, "miss_distance": {"astronomical": "1.8462494791", "lunar": "718.1910400391", "kilometers": "276194976", "miles": "171619616"}, "orbiting_body": "Juptr"}, {"close_approach_date": "2030-10-06", "epoch_date_close_approach": 1917500400000, "relative_velocity": {"kilometers_per_second": "10.1751667179", "kilometers_per_hour": "36630.6001843003", "miles_per_hour": "22760.8304311837"}, "miss_distance": {"astronomical": "0.0669142328", "lunar": "26.0296363831", "kilometers": "10010227", "miles": "6220066.5"}, "orbiting_body": "Earth"}, {"close_approach_date": "2054-03-18", "epoch_date_close_approach": 2657430000000, "relative_velocity": {"kilometers_per_second": "2.8054112094", "kilometers_per_hour": "10099.4803539533", "miles_per_hour": "6275.4243343772"}, "miss_distance": {"astronomical": "1.99351183", "lunar": "775.4760742188", "kilometers": "298225120", "miles": "185308496"}, "orbiting_body": "Juptr"}, {"close_approach_date": "2055-11-06", "epoch_date_close_approach": 2709097200000, "relative_velocity": {"kilometers_per_second": "8.602548256", "kilometers_per_hour": "30969.173721691", "miles_per_hour": "19243.040193903"}, "miss_distance": {"astronomical": "0.0822774268", "lunar": "32.0059165955", "kilometers": "12308528", "miles": "7648164.5"}, "orbiting_body": "Earth"}, {"close_approach_date": "2073-09-08", "epoch_date_close_approach": 3272079600000, "relative_velocity": {"kilometers_per_second": "19.4039945106", "kilometers_per_hour": "69854.3802380239", "miles_per_hour": "43404.7953206766"}, "miss_distance": {"astronomical": "0.3883562805", "lunar": "151.0705871582", "kilometers": "58097272", "miles": "36099972"}, "orbiting_body": "Earth"}, {"close_approach_date": "2080-12-23", "epoch_date_close_approach": 3502166400000, "relative_velocity": {"kilometers_per_second": "20.9289852617", "kilometers_per_hour": "75344.3469419807", "miles_per_hour": "46816.0471318102"}, "miss_distance": {"astronomical": "0.4669698186", "lunar": "181.651260376", "kilometers": "69857688", "miles": "43407556"}, "orbiting_body": "Earth"}, {"close_approach_date": "2098-10-25", "epoch_date_close_approach": 4065058800000, "relative_velocity": {"kilometers_per_second": "8.3785842542", "kilometers_per_hour": "30162.9033151818", "miles_per_hour": "18742.0551182584"}, "miss_distance": {"astronomical": "0.0483351233", "lunar": "18.802362442", "kilometers": "7230831.5", "miles": "4493030.5"}, "orbiting_body": "Earth"}], "orbital_data": {"orbit_id": "22", "orbit_determination_date": "2017-04-06 08:48:11", "orbit_uncertainty": "5", "minimum_orbit_intersection": ".0324278", "jupiter_tisserand_invariant": "3.313", "epoch_osculation": "2458000.5", "eccentricity": ".5669572947726802", "semi_major_axis": "2.343685382918196", "inclination": "8.805774055766353", "ascending_node_longitude": "19.77830044186014", "orbital_period": "1310.531288403217", "perihelion_distance": "1.014915858420622", "perihelion_argument": "18.69459210810142", "aphelion_distance": "3.672454907415769", "perihelion_time": "2457556.363469597691", "mean_anomaly": "122.0033068723173", "mean_motion": ".2746977528774858", "equinox": "J2000"}}