{"links": {"self": "https://api.nasa.gov/neo/rest/v1/neo/3616698?api_key=stjNMXvPIBN6FqEBpH6hQbWAtFDv0RARRez0p7z1"}, "neo_reference_id": "3616698", "name": "(2012 VO6)", "nasa_jpl_url": "http://ssd.jpl.nasa.gov/sbdb.cgi?sstr=3616698", "absolute_magnitude_h": 21.4, "estimated_diameter": {"kilometers": {"estimated_diameter_min": 0.1394938229, "estimated_diameter_max": 0.3119176705}, "meters": {"estimated_diameter_min": 139.4938229344, "estimated_diameter_max": 311.9176705226}, "miles": {"estimated_diameter_min": 0.0866774163, "estimated_diameter_max": 0.1938165949}, "feet": {"estimated_diameter_min": 457.6569140361, "estimated_diameter_max": 1023.3519701574}}, "is_potentially_hazardous_asteroid": true, "close_approach_data": [{"close_approach_date": "1900-03-31", "epoch_date_close_approach": -2201270400000, "relative_velocity": {"kilometers_per_second": "19.0311874966", "kilometers_per_hour": "68512.2749878133", "miles_per_hour": "42570.8633111776"}, "miss_distance": {"astronomical": "0.3063180246", "lunar": "119.1577072144", "kilometers": "45824524", "miles": "28474038"}, "orbiting_body": "Earth"}, {"close_approach_date": "1911-04-09", "epoch_date_close_approach": -1853424000000, "relative_velocity": {"kilometers_per_second": "23.1560749055", "kilometers_per_hour": "83361.8696596621", "miles_per_hour": "51797.8239560273"}, "miss_distance": {"astronomical": "0.4403847723", "lunar": "171.309677124", "kilometers": "65880624", "miles": "40936324"}, "orbiting_body": "Earth"}, {"close_approach_date": "1935-11-19", "epoch_date_close_approach": -1076688000000, "relative_velocity": {"kilometers_per_second": "21.7739413191", "kilometers_per_hour": "78386.1887485868", "miles_per_hour": "48706.1293365872"}, "miss_distance": {"astronomical": "0.3881971595", "lunar": "151.0086975098", "kilometers": "58073468", "miles": "36085180"}, "orbiting_body": "Earth"}, {"close_approach_date": "1946-11-29", "epoch_date_close_approach": -728668800000, "relative_velocity": {"kilometers_per_second": "16.592806484", "kilometers_per_hour": "59734.10334244", "miles_per_hour": "37116.4488240844"}, "miss_distance": {"astronomical": "0.2132243415", "lunar": "82.9442672729", "kilometers": "31897906", "miles": "19820440"}, "orbiting_body": "Earth"}, {"close_approach_date": "1955-01-08", "epoch_date_close_approach": -472752000000, "relative_velocity": {"kilometers_per_second": "14.9080355271", "kilometers_per_hour": "53668.9278976496", "miles_per_hour": "33347.7846706257"}, "miss_distance": {"astronomical": "0.0719900147", "lunar": "28.0041160583", "kilometers": "10769553", "miles": "6691890"}, "orbiting_body": "Mars"}, {"close_approach_date": "1957-12-08", "epoch_date_close_approach": -380736000000, "relative_velocity": {"kilometers_per_second": "12.5073968345", "kilometers_per_hour": "45026.6286041536", "miles_per_hour": "27977.7959790642"}, "miss_distance": {"astronomical": "0.0822700986", "lunar": "32.0030708313", "kilometers": "12307432", "miles": "7647483.5"}, "orbiting_body": "Earth"}, {"close_approach_date": "1968-12-19", "epoch_date_close_approach": -32630400000, "relative_velocity": {"kilometers_per_second": "9.9082738275", "kilometers_per_hour": "35669.7857788661", "miles_per_hour": "22163.8177246516"}, "miss_distance": {"astronomical": "0.0255567602", "lunar": "9.9415798187", "kilometers": "3823237", "miles": "2375649.25"}, "orbiting_body": "Earth"}, {"close_approach_date": "1979-12-27", "epoch_date_close_approach": 315129600000, "relative_velocity": {"kilometers_per_second": "9.024608848", "kilometers_per_hour": "32488.59185297", "miles_per_hour": "20187.1475321968"}, "miss_distance": {"astronomical": "0.0454072606", "lunar": "17.6634254456", "kilometers": "6792829.5", "miles": "4220868.5"}, "orbiting_body": "Earth"}, {"close_approach_date": "1991-01-12", "epoch_date_close_approach": 663667200000, "relative_velocity": {"kilometers_per_second": "8.4657338497", "kilometers_per_hour": "30476.6418587993", "miles_per_hour": "18937.000048319"}, "miss_distance": {"astronomical": "0.0787990725", "lunar": "30.6528377533", "kilometers": "11788173", "miles": "7324831"}, "orbiting_body": "Earth"}, {"close_approach_date": "2002-02-19", "epoch_date_close_approach": 1014105600000, "relative_velocity": {"kilometers_per_second": "8.5749932256", "kilometers_per_hour": "30869.9756121322", "miles_per_hour": "19181.4023463273"}, "miss_distance": {"astronomical": "0.0756161354", "lunar": "29.4146766663", "kilometers": "11312013", "miles": "7028959"}, "orbiting_body": "Earth"}, {"close_approach_date": "2010-08-29", "epoch_date_close_approach": 1283065200000, "relative_velocity": {"kilometers_per_second": "14.537901275", "kilometers_per_hour": "52336.4445899348", "miles_per_hour": "32519.831362007"}, "miss_distance": {"astronomical": "0.0688438772", "lunar": "26.7802696228", "kilometers": "10298898", "miles": "6399438.5"}, "orbiting_body": "Mars"}, {"close_approach_date": "2013-03-18", "epoch_date_close_approach": 1363590000000, "relative_velocity": {"kilometers_per_second": "12.6646339544", "kilometers_per_hour": "45592.6822358072", "miles_per_hour": "28329.519692577"}, "miss_distance": {"astronomical": "0.1077276186", "lunar": "41.9060440063", "kilometers": "16115822", "miles": "10013908"}, "orbiting_body": "Earth"}, {"close_approach_date": "2024-03-29", "epoch_date_close_approach": 1711695600000, "relative_velocity": {"kilometers_per_second": "17.4398845718", "kilometers_per_hour": "62783.5844586467", "miles_per_hour": "39011.277798763"}, "miss_distance": {"astronomical": "0.250815156", "lunar": "97.5670928955", "kilometers": "37521412", "miles": "23314726"}, "orbiting_body": "Earth"}, {"close_approach_date": "2035-04-09", "epoch_date_close_approach": 2059714800000, "relative_velocity": {"kilometers_per_second": "22.389850371", "kilometers_per_hour": "80603.461335559", "miles_per_hour": "50083.8562948644"}, "miss_distance": {"astronomical": "0.417245696", "lunar": "162.3085784912", "kilometers": "62419068", "miles": "38785408"}, "orbiting_body": "Earth"}, {"close_approach_date": "2059-11-22", "epoch_date_close_approach": 2836713600000, "relative_velocity": {"kilometers_per_second": "21.003161587", "kilometers_per_hour": "75611.3817133271", "miles_per_hour": "46981.9721540393"}, "miss_distance": {"astronomical": "0.3589834191", "lunar": "139.6445465088", "kilometers": "53703156", "miles": "33369594"}, "orbiting_body": "Earth"}, {"close_approach_date": "2070-12-01", "epoch_date_close_approach": 3184646400000, "relative_velocity": {"kilometers_per_second": "16.345584572", "kilometers_per_hour": "58844.1044592781", "miles_per_hour": "36563.4381291553"}, "miss_distance": {"astronomical": "0.2068803965", "lunar": "80.4764709473", "kilometers": "30948866", "miles": "19230734"}, "orbiting_body": "Earth"}, {"close_approach_date": "2073-07-08", "epoch_date_close_approach": 3266722800000, "relative_velocity": {"kilometers_per_second": "14.9830641002", "kilometers_per_hour": "53939.0307606098", "miles_per_hour": "33515.6160856689"}, "miss_distance": {"astronomical": "0.0622879901", "lunar": "24.2300281525", "kilometers": "9318151", "miles": "5790030.5"}, "orbiting_body": "Mars"}, {"close_approach_date": "2081-12-18", "epoch_date_close_approach": 3533270400000, "relative_velocity": {"kilometers_per_second": "10.4708100399", "kilometers_per_hour": "37694.9161437941", "miles_per_hour": "23422.154978348"}, "miss_distance": {"astronomical": "0.0339671261", "lunar": "13.2132120132", "kilometers": "5081410", "miles": "3157441.75"}, "orbiting_body": "Earth"}, {"close_approach_date": "2092-12-31", "epoch_date_close_approach": 3881548800000, "relative_velocity": {"kilometers_per_second": "8.7671392248", "kilometers_per_hour": "31561.7012091823", "miles_per_hour": "19611.2137318944"}, "miss_distance": {"astronomical": "0.0558266067", "lunar": "21.716550827", "kilometers": "8351542", "miles": "5189407.5"}, "orbiting_body": "Earth"}, {"close_approach_date": "2104-01-14", "epoch_date_close_approach": 4229740800000, "relative_velocity": {"kilometers_per_second": "8.4929739497", "kilometers_per_hour": "30574.7062189808", "miles_per_hour": "18997.9334281217"}, "miss_distance": {"astronomical": "0.0791242302", "lunar": "30.7793235779", "kilometers": "11836816", "miles": "7355056.5"}, "orbiting_body": "Earth"}, {"close_approach_date": "2115-02-04", "epoch_date_close_approach": 4578710400000, "relative_velocity": {"kilometers_per_second": "8.4150291282", "kilometers_per_hour": "30294.1048614277", "miles_per_hour": "18823.5786568132"}, "miss_distance": {"astronomical": "0.089277245", "lunar": "34.7288475037", "kilometers": "13355686", "miles": "8298838.5"}, "orbiting_body": "Earth"}, {"close_approach_date": "2126-03-10", "epoch_date_close_approach": 4928803200000, "relative_velocity": {"kilometers_per_second": "10.120877786", "kilometers_per_hour": "36435.1600295132", "miles_per_hour": "22639.3915194495"}, "miss_distance": {"astronomical": "0.0593941707", "lunar": "23.1043319702", "kilometers": "8885241", "miles": "5521033"}, "orbiting_body": "Earth"}, {"close_approach_date": "2129-03-01", "epoch_date_close_approach": 5022720000000, "relative_velocity": {"kilometers_per_second": "15.0990424357", "kilometers_per_hour": "54356.5527686129", "miles_per_hour": "33775.048024475"}, "miss_distance": {"astronomical": "0.0332998101", "lunar": "12.9536266327", "kilometers": "4981581", "miles": "3095410.75"}, "orbiting_body": "Mars"}, {"close_approach_date": "2137-03-27", "epoch_date_close_approach": 5277423600000, "relative_velocity": {"kilometers_per_second": "15.1557072393", "kilometers_per_hour": "54560.5460614282", "miles_per_hour": "33901.801523558"}, "miss_distance": {"astronomical": "0.1786592843", "lunar": "69.4984664917", "kilometers": "26727050", "miles": "16607419"}, "orbiting_body": "Earth"}, {"close_approach_date": "2148-04-07", "epoch_date_close_approach": 5625529200000, "relative_velocity": {"kilometers_per_second": "20.3390169696", "kilometers_per_hour": "73220.4610907098", "miles_per_hour": "45496.3470593913"}, "miss_distance": {"astronomical": "0.3455296071", "lunar": "134.411026001", "kilometers": "51690496", "miles": "32118984"}, "orbiting_body": "Earth"}, {"close_approach_date": "2170-07-15", "epoch_date_close_approach": 6328306800000, "relative_velocity": {"kilometers_per_second": "14.1698647416", "kilometers_per_hour": "51011.5130698712", "miles_per_hour": "31696.5704405542"}, "miss_distance": {"astronomical": "0.0889621191", "lunar": "34.6062660217", "kilometers": "13308544", "miles": "8269546"}, "orbiting_body": "Mars"}, {"close_approach_date": "2172-11-21", "epoch_date_close_approach": 6402614400000, "relative_velocity": {"kilometers_per_second": "22.3247245436", "kilometers_per_hour": "80369.0083570345", "miles_per_hour": "49938.1763316251"}, "miss_distance": {"astronomical": "0.407262839", "lunar": "158.4252471924", "kilometers": "60925652", "miles": "37857444"}, "orbiting_body": "Earth"}, {"close_approach_date": "2183-11-30", "epoch_date_close_approach": 6750460800000, "relative_velocity": {"kilometers_per_second": "17.7478713124", "kilometers_per_hour": "63892.3367248168", "miles_per_hour": "39700.2133388174"}, "miss_distance": {"astronomical": "0.2516830828", "lunar": "97.9047241211", "kilometers": "37651256", "miles": "23395404"}, "orbiting_body": "Earth"}, {"close_approach_date": "2192-01-10", "epoch_date_close_approach": 7006464000000, "relative_velocity": {"kilometers_per_second": "14.1339653088", "kilometers_per_hour": "50882.2751115367", "miles_per_hour": "31616.2669991657"}, "miss_distance": {"astronomical": "0.0949667879", "lunar": "36.9420814514", "kilometers": "14206830", "miles": "8827715"}, "orbiting_body": "Mars"}, {"close_approach_date": "2194-12-10", "epoch_date_close_approach": 7098480000000, "relative_velocity": {"kilometers_per_second": "13.2266118873", "kilometers_per_hour": "47615.8027941112", "miles_per_hour": "29586.6081305965"}, "miss_distance": {"astronomical": "0.1087847028", "lunar": "42.3172492981", "kilometers": "16273960", "miles": "10112170"}, "orbiting_body": "Earth"}], "orbital_data": {"orbit_id": "30", "orbit_determination_date": "2017-04-06 08:48:11", "orbit_uncertainty": "4", "minimum_orbit_intersection": ".0270395", "jupiter_tisserand_invariant": "3.683", "epoch_osculation": "2458000.5", "eccentricity": ".5346818302923599", "semi_major_axis": "1.966083915516172", "inclination": "3.571419060705114", "ascending_node_longitude": "242.6112196043476", "orbital_period": "1006.935151898722", "perihelion_distance": ".9148545690596155", "perihelion_argument": "243.6559558674664", "aphelion_distance": "3.017313261972728", "perihelion_time": "2458347.766145505895", "mean_anomaly": "235.8452198769835", "mean_motion": ".3575205407430337", "equinox": "J2000"}}