{"links": {"self": "https://api.nasa.gov/neo/rest/v1/neo/3645192?api_key=stjNMXvPIBN6FqEBpH6hQbWAtFDv0RARRez0p7z1"}, "neo_reference_id": "3645192", "name": "(2013 ND24)", "nasa_jpl_url": "http://ssd.jpl.nasa.gov/sbdb.cgi?sstr=3645192", "absolute_magnitude_h": 21.2, "estimated_diameter": {"kilometers": {"estimated_diameter_min": 0.1529519353, "estimated_diameter_max": 0.3420109247}, "meters": {"estimated_diameter_min": 152.9519353442, "estimated_diameter_max": 342.0109247198}, "miles": {"estimated_diameter_min": 0.095039897, "estimated_diameter_max": 0.2125156703}, "feet": {"estimated_diameter_min": 501.8108275547, "estimated_diameter_max": 1122.0831222578}}, "is_potentially_hazardous_asteroid": true, "close_approach_data": [{"close_approach_date": "1905-09-04", "epoch_date_close_approach": -2029939200000, "relative_velocity": {"kilometers_per_second": "18.2581925447", "kilometers_per_hour": "65729.4931607468", "miles_per_hour": "40841.7509031318"}, "miss_distance": {"astronomical": "0.3999555002", "lunar": "155.5826873779", "kilometers": "59832492", "miles": "37178188"}, "orbiting_body": "Earth"}, {"close_approach_date": "1963-12-13", "epoch_date_close_approach": -191001600000, "relative_velocity": {"kilometers_per_second": "20.1985292446", "kilometers_per_hour": "72714.7052804797", "miles_per_hour": "45182.0900671959"}, "miss_distance": {"astronomical": "0.0805360832", "lunar": "31.3285369873", "kilometers": "12048027", "miles": "7486296.5"}, "orbiting_body": "Venus"}, {"close_approach_date": "1964-02-18", "epoch_date_close_approach": -185212800000, "relative_velocity": {"kilometers_per_second": "35.830006522", "kilometers_per_hour": "128988.0234793008", "miles_per_hour": "80148.1415891244"}, "miss_distance": {"astronomical": "0.4085836704", "lunar": "158.9390411377", "kilometers": "61123248", "miles": "37980224"}, "orbiting_body": "Earth"}, {"close_approach_date": "2010-09-10", "epoch_date_close_approach": 1284102000000, "relative_velocity": {"kilometers_per_second": "23.9350124923", "kilometers_per_hour": "86166.0449722282", "miles_per_hour": "53540.2294439937"}, "miss_distance": {"astronomical": "0.0665039415", "lunar": "25.8700332642", "kilometers": "9948848", "miles": "6181927.5"}, "orbiting_body": "Venus"}, {"close_approach_date": "2010-09-23", "epoch_date_close_approach": 1285225200000, "relative_velocity": {"kilometers_per_second": "21.2862475307", "kilometers_per_hour": "76630.4911106118", "miles_per_hour": "47615.2071014799"}, "miss_distance": {"astronomical": "0.4397868031", "lunar": "171.0770568848", "kilometers": "65791168", "miles": "40880736"}, "orbiting_body": "Earth"}, {"close_approach_date": "2013-07-25", "epoch_date_close_approach": 1374735600000, "relative_velocity": {"kilometers_per_second": "18.940647656", "kilometers_per_hour": "68186.3315616385", "miles_per_hour": "42368.3347417303"}, "miss_distance": {"astronomical": "0.138372568", "lunar": "53.8269309998", "kilometers": "20700242", "miles": "12862534"}, "orbiting_body": "Earth"}, {"close_approach_date": "2016-07-01", "epoch_date_close_approach": 1467356400000, "relative_velocity": {"kilometers_per_second": "31.9840662621", "kilometers_per_hour": "115142.6385434948", "miles_per_hour": "71545.157821651"}, "miss_distance": {"astronomical": "0.3054203704", "lunar": "118.8085250854", "kilometers": "45690236", "miles": "28390598"}, "orbiting_body": "Earth"}, {"close_approach_date": "2018-02-10", "epoch_date_close_approach": 1518249600000, "relative_velocity": {"kilometers_per_second": "4.7455262698", "kilometers_per_hour": "17083.8945713371", "miles_per_hour": "10615.2677129511"}, "miss_distance": {"astronomical": "1.9976779163", "lunar": "777.0967407227", "kilometers": "298848352", "miles": "185695760"}, "orbiting_body": "Juptr"}, {"close_approach_date": "2057-07-29", "epoch_date_close_approach": 2763615600000, "relative_velocity": {"kilometers_per_second": "17.857961167", "kilometers_per_hour": "64288.6602011248", "miles_per_hour": "39946.4733344155"}, "miss_distance": {"astronomical": "0.1717722075", "lunar": "66.8193893433", "kilometers": "25696758", "miles": "15967225"}, "orbiting_body": "Earth"}, {"close_approach_date": "2060-07-06", "epoch_date_close_approach": 2856322800000, "relative_velocity": {"kilometers_per_second": "29.5026151267", "kilometers_per_hour": "106209.4144559897", "miles_per_hour": "65994.3997768343"}, "miss_distance": {"astronomical": "0.2263359556", "lunar": "88.0446853638", "kilometers": "33859376", "miles": "21039242"}, "orbiting_body": "Earth"}], "orbital_data": {"orbit_id": "7", "orbit_determination_date": "2017-04-06 08:45:20", "orbit_uncertainty": "6", "minimum_orbit_intersection": ".00181139", "jupiter_tisserand_invariant": "3.377", "epoch_osculation": "2458000.5", "eccentricity": ".7437633824665066", "semi_major_axis": "2.048365572237376", "inclination": "3.624344549346086", "ascending_node_longitude": "296.1876086207993", "orbital_period": "1070.803121782179", "perihelion_distance": ".5248662657021637", "perihelion_argument": "96.06161050261404", "aphelion_distance": "3.571864878772588", "perihelion_time": "2457615.650920721819", "mean_anomaly": "129.3848194143832", "mean_motion": ".3361962555738893", "equinox": "J2000"}}