{"links": {"self": "https://api.nasa.gov/neo/rest/v1/neo/3655760?api_key=stjNMXvPIBN6FqEBpH6hQbWAtFDv0RARRez0p7z1"}, "neo_reference_id": "3655760", "name": "(2014 AY28)", "nasa_jpl_url": "http://ssd.jpl.nasa.gov/sbdb.cgi?sstr=3655760", "absolute_magnitude_h": 21.8, "estimated_diameter": {"kilometers": {"estimated_diameter_min": 0.1160259082, "estimated_diameter_max": 0.2594418179}, "meters": {"estimated_diameter_min": 116.0259082094, "estimated_diameter_max": 259.4418179074}, "miles": {"estimated_diameter_min": 0.0720951346, "estimated_diameter_max": 0.1612096218}, "feet": {"estimated_diameter_min": 380.6624406898, "estimated_diameter_max": 851.1870938635}}, "is_potentially_hazardous_asteroid": true, "close_approach_data": [{"close_approach_date": "1905-03-26", "epoch_date_close_approach": -2043936000000, "relative_velocity": {"kilometers_per_second": "4.6982802056", "kilometers_per_hour": "16913.8087401334", "miles_per_hour": "10509.5829918901"}, "miss_distance": {"astronomical": "0.0412411467", "lunar": "16.0428066254", "kilometers": "6169588", "miles": "3833604"}, "orbiting_body": "Earth"}, {"close_approach_date": "1922-03-23", "epoch_date_close_approach": -1507737600000, "relative_velocity": {"kilometers_per_second": "4.7783005162", "kilometers_per_hour": "17201.881858271", "miles_per_hour": "10688.5804246573"}, "miss_distance": {"astronomical": "0.0370494257", "lunar": "14.4122257233", "kilometers": "5542515", "miles": "3443959.25"}, "orbiting_body": "Earth"}, {"close_approach_date": "1939-04-10", "epoch_date_close_approach": -969724800000, "relative_velocity": {"kilometers_per_second": "4.8797303911", "kilometers_per_hour": "17567.0294078761", "miles_per_hour": "10915.4689117995"}, "miss_distance": {"astronomical": "0.0723028503", "lunar": "28.1258087158", "kilometers": "10816352", "miles": "6720969.5"}, "orbiting_body": "Earth"}, {"close_approach_date": "1951-02-16", "epoch_date_close_approach": -595612800000, "relative_velocity": {"kilometers_per_second": "15.5808309181", "kilometers_per_hour": "56090.9913051395", "miles_per_hour": "34852.7606806851"}, "miss_distance": {"astronomical": "0.3917078601", "lunar": "152.3743591309", "kilometers": "58598664", "miles": "36411520"}, "orbiting_body": "Earth"}, {"close_approach_date": "1951-07-04", "epoch_date_close_approach": -583693200000, "relative_velocity": {"kilometers_per_second": "4.8726761522", "kilometers_per_hour": "17541.6341480125", "miles_per_hour": "10899.6892849136"}, "miss_distance": {"astronomical": "0.4354707763", "lunar": "169.3981323242", "kilometers": "65145504", "miles": "40479540"}, "orbiting_body": "Earth"}, {"close_approach_date": "1956-01-30", "epoch_date_close_approach": -439315200000, "relative_velocity": {"kilometers_per_second": "2.8207406108", "kilometers_per_hour": "10154.6661988904", "miles_per_hour": "6309.714672305"}, "miss_distance": {"astronomical": "0.3487023899", "lunar": "135.6452331543", "kilometers": "52165136", "miles": "32413914"}, "orbiting_body": "Earth"}, {"close_approach_date": "1956-05-15", "epoch_date_close_approach": -430160400000, "relative_velocity": {"kilometers_per_second": "11.231932338", "kilometers_per_hour": "40434.9564167104", "miles_per_hour": "25124.7094468165"}, "miss_distance": {"astronomical": "0.2703325194", "lunar": "105.1593475342", "kilometers": "40441168", "miles": "25128978"}, "orbiting_body": "Earth"}, {"close_approach_date": "1968-03-02", "epoch_date_close_approach": -57859200000, "relative_velocity": {"kilometers_per_second": "8.4310466011", "kilometers_per_hour": "30351.7677638579", "miles_per_hour": "18859.4081419371"}, "miss_distance": {"astronomical": "0.1456275614", "lunar": "56.6491203308", "kilometers": "21785572", "miles": "13536927"}, "orbiting_body": "Earth"}, {"close_approach_date": "1972-12-28", "epoch_date_close_approach": 94377600000, "relative_velocity": {"kilometers_per_second": "6.0456478515", "kilometers_per_hour": "21764.3322654871", "miles_per_hour": "13523.5096790745"}, "miss_distance": {"astronomical": "0.4869596136", "lunar": "189.4272918701", "kilometers": "72848120", "miles": "45265724"}, "orbiting_body": "Earth"}, {"close_approach_date": "1973-05-31", "epoch_date_close_approach": 107679600000, "relative_velocity": {"kilometers_per_second": "17.8614816414", "kilometers_per_hour": "64301.3339088985", "miles_per_hour": "39954.3482835598"}, "miss_distance": {"astronomical": "0.4894426271", "lunar": "190.3931732178", "kilometers": "73219576", "miles": "45496532"}, "orbiting_body": "Earth"}, {"close_approach_date": "1985-03-28", "epoch_date_close_approach": 480844800000, "relative_velocity": {"kilometers_per_second": "4.6451658751", "kilometers_per_hour": "16722.5971502498", "miles_per_hour": "10390.7715459427"}, "miss_distance": {"astronomical": "0.0449636678", "lunar": "17.4908676147", "kilometers": "6726469", "miles": "4179634.25"}, "orbiting_body": "Earth"}, {"close_approach_date": "1997-02-17", "epoch_date_close_approach": 856166400000, "relative_velocity": {"kilometers_per_second": "14.7830943778", "kilometers_per_hour": "53219.1397601214", "miles_per_hour": "33068.3038137265"}, "miss_distance": {"astronomical": "0.3642571554", "lunar": "141.6960296631", "kilometers": "54492096", "miles": "33859820"}, "orbiting_body": "Earth"}, {"close_approach_date": "1997-07-01", "epoch_date_close_approach": 867740400000, "relative_velocity": {"kilometers_per_second": "4.4876206331", "kilometers_per_hour": "16155.4342790841", "miles_per_hour": "10038.3585941342"}, "miss_distance": {"astronomical": "0.4202251458", "lunar": "163.4675750732", "kilometers": "62864788", "miles": "39062368"}, "orbiting_body": "Earth"}, {"close_approach_date": "2002-01-18", "epoch_date_close_approach": 1011340800000, "relative_velocity": {"kilometers_per_second": "3.8870210782", "kilometers_per_hour": "13993.2758814679", "miles_per_hour": "8694.8774497932"}, "miss_distance": {"astronomical": "0.3889907035", "lunar": "151.3173828125", "kilometers": "58192180", "miles": "36158944"}, "orbiting_body": "Earth"}, {"close_approach_date": "2002-05-21", "epoch_date_close_approach": 1021964400000, "relative_velocity": {"kilometers_per_second": "12.915344872", "kilometers_per_hour": "46495.2415390272", "miles_per_hour": "28890.3349440694"}, "miss_distance": {"astronomical": "0.3243471524", "lunar": "126.1710357666", "kilometers": "48521640", "miles": "30149950"}, "orbiting_body": "Earth"}, {"close_approach_date": "2014-03-17", "epoch_date_close_approach": 1395039600000, "relative_velocity": {"kilometers_per_second": "5.3702919773", "kilometers_per_hour": "19333.0511183163", "miles_per_hour": "12012.8061240449"}, "miss_distance": {"astronomical": "0.042895779", "lunar": "16.6864585876", "kilometers": "6417117.5", "miles": "3987411.75"}, "orbiting_body": "Earth"}, {"close_approach_date": "2031-04-14", "epoch_date_close_approach": 1933916400000, "relative_velocity": {"kilometers_per_second": "5.032027435", "kilometers_per_hour": "18115.2987661104", "miles_per_hour": "11256.1421694201"}, "miss_distance": {"astronomical": "0.0824198729", "lunar": "32.0613288879", "kilometers": "12329838", "miles": "7661406"}, "orbiting_body": "Earth"}, {"close_approach_date": "2043-02-19", "epoch_date_close_approach": 2307945600000, "relative_velocity": {"kilometers_per_second": "14.506363913", "kilometers_per_hour": "52222.9100868709", "miles_per_hour": "32449.2854370338"}, "miss_distance": {"astronomical": "0.3544100557", "lunar": "137.8655090332", "kilometers": "53018988", "miles": "32944472"}, "orbiting_body": "Earth"}, {"close_approach_date": "2043-07-01", "epoch_date_close_approach": 2319346800000, "relative_velocity": {"kilometers_per_second": "4.3599652872", "kilometers_per_hour": "15695.8750338433", "miles_per_hour": "9752.80635089"}, "miss_distance": {"astronomical": "0.4145062998", "lunar": "161.2429504395", "kilometers": "62009260", "miles": "38530768"}, "orbiting_body": "Earth"}, {"close_approach_date": "2048-01-21", "epoch_date_close_approach": 2463206400000, "relative_velocity": {"kilometers_per_second": "3.7098347364", "kilometers_per_hour": "13355.4050509912", "miles_per_hour": "8298.5293218229"}, "miss_distance": {"astronomical": "0.380957151", "lunar": "148.1923370361", "kilometers": "56990380", "miles": "35412180"}, "orbiting_body": "Earth"}, {"close_approach_date": "2048-05-20", "epoch_date_close_approach": 2473570800000, "relative_velocity": {"kilometers_per_second": "12.5685520654", "kilometers_per_hour": "45246.7874355714", "miles_per_hour": "28114.5941151749"}, "miss_distance": {"astronomical": "0.313044116", "lunar": "121.7741699219", "kilometers": "46830736", "miles": "29099270"}, "orbiting_body": "Earth"}, {"close_approach_date": "2060-03-09", "epoch_date_close_approach": 2846044800000, "relative_velocity": {"kilometers_per_second": "6.7297088259", "kilometers_per_hour": "24226.9517733684", "miles_per_hour": "15053.6856727355"}, "miss_distance": {"astronomical": "0.0865033636", "lunar": "33.6498069763", "kilometers": "12940719", "miles": "8040990"}, "orbiting_body": "Earth"}, {"close_approach_date": "2077-03-31", "epoch_date_close_approach": 3384399600000, "relative_velocity": {"kilometers_per_second": "4.6013761649", "kilometers_per_hour": "16564.9541938017", "miles_per_hour": "10292.8183433653"}, "miss_distance": {"astronomical": "0.0513753369", "lunar": "19.9850063324", "kilometers": "7685641", "miles": "4775636"}, "orbiting_body": "Earth"}, {"close_approach_date": "2089-02-17", "epoch_date_close_approach": 3759465600000, "relative_velocity": {"kilometers_per_second": "15.3407603158", "kilometers_per_hour": "55226.7371368566", "miles_per_hour": "34315.7467503985"}, "miss_distance": {"astronomical": "0.3825355951", "lunar": "148.806350708", "kilometers": "57226512", "miles": "35558908"}, "orbiting_body": "Earth"}, {"close_approach_date": "2089-07-05", "epoch_date_close_approach": 3771385200000, "relative_velocity": {"kilometers_per_second": "4.7933832137", "kilometers_per_hour": "17256.1795693805", "miles_per_hour": "10722.3189107631"}, "miss_distance": {"astronomical": "0.4304641238", "lunar": "167.4505462646", "kilometers": "64396516", "miles": "40014140"}, "orbiting_body": "Earth"}, {"close_approach_date": "2094-01-24", "epoch_date_close_approach": 3915158400000, "relative_velocity": {"kilometers_per_second": "3.3741441892", "kilometers_per_hour": "12146.9190812803", "miles_per_hour": "7547.6231369211"}, "miss_distance": {"astronomical": "0.3675242447", "lunar": "142.9669342041", "kilometers": "54980844", "miles": "34163512"}, "orbiting_body": "Earth"}, {"close_approach_date": "2094-05-20", "epoch_date_close_approach": 3925177200000, "relative_velocity": {"kilometers_per_second": "11.9914709442", "kilometers_per_hour": "43169.2953991531", "miles_per_hour": "26823.7213551016"}, "miss_distance": {"astronomical": "0.2939168451", "lunar": "114.333656311", "kilometers": "43969336", "miles": "27321278"}, "orbiting_body": "Earth"}, {"close_approach_date": "2106-03-11", "epoch_date_close_approach": 4297737600000, "relative_velocity": {"kilometers_per_second": "6.6366957577", "kilometers_per_hour": "23892.1047276572", "miles_per_hour": "14845.6247403601"}, "miss_distance": {"astronomical": "0.0826489873", "lunar": "32.1504554749", "kilometers": "12364112", "miles": "7682703"}, "orbiting_body": "Earth"}, {"close_approach_date": "2123-04-11", "epoch_date_close_approach": 4836870000000, "relative_velocity": {"kilometers_per_second": "4.7617225149", "kilometers_per_hour": "17142.2010535177", "miles_per_hour": "10651.4970935038"}, "miss_distance": {"astronomical": "0.0709977323", "lunar": "27.6181163788", "kilometers": "10621109", "miles": "6599651.5"}, "orbiting_body": "Earth"}, {"close_approach_date": "2135-02-22", "epoch_date_close_approach": 5211417600000, "relative_velocity": {"kilometers_per_second": "14.0292778906", "kilometers_per_hour": "50505.4004062453", "miles_per_hour": "31382.0917135362"}, "miss_distance": {"astronomical": "0.3369763738", "lunar": "131.0838165283", "kilometers": "50410948", "miles": "31323912"}, "orbiting_body": "Earth"}, {"close_approach_date": "2135-07-01", "epoch_date_close_approach": 5222559600000, "relative_velocity": {"kilometers_per_second": "4.1116673396", "kilometers_per_hour": "14802.002422483", "miles_per_hour": "9197.3886719034"}, "miss_distance": {"astronomical": "0.4048595901", "lunar": "157.4903869629", "kilometers": "60566136", "miles": "37634052"}, "orbiting_body": "Earth"}, {"close_approach_date": "2140-01-18", "epoch_date_close_approach": 5366160000000, "relative_velocity": {"kilometers_per_second": "4.2058302555", "kilometers_per_hour": "15140.9889197715", "miles_per_hour": "9408.0216985102"}, "miss_distance": {"astronomical": "0.40017956", "lunar": "155.6698455811", "kilometers": "59866012", "miles": "37199016"}, "orbiting_body": "Earth"}, {"close_approach_date": "2140-05-25", "epoch_date_close_approach": 5377215600000, "relative_velocity": {"kilometers_per_second": "13.4326569109", "kilometers_per_hour": "48357.5648790794", "miles_per_hour": "30047.5102438924"}, "miss_distance": {"astronomical": "0.3406926914", "lunar": "132.5294647217", "kilometers": "50966904", "miles": "31669366"}, "orbiting_body": "Earth"}, {"close_approach_date": "2152-03-19", "epoch_date_close_approach": 5750118000000, "relative_velocity": {"kilometers_per_second": "5.329852589", "kilometers_per_hour": "19187.4693205698", "miles_per_hour": "11922.3472564396"}, "miss_distance": {"astronomical": "0.0426965534", "lunar": "16.608959198", "kilometers": "6387313.5", "miles": "3968892.75"}, "orbiting_body": "Earth"}, {"close_approach_date": "2169-04-15", "epoch_date_close_approach": 6288908400000, "relative_velocity": {"kilometers_per_second": "4.9157290755", "kilometers_per_hour": "17696.6246719758", "miles_per_hour": "10995.9943690952"}, "miss_distance": {"astronomical": "0.0804404071", "lunar": "31.2913188934", "kilometers": "12033714", "miles": "7477403.5"}, "orbiting_body": "Earth"}, {"close_approach_date": "2181-02-20", "epoch_date_close_approach": 6662937600000, "relative_velocity": {"kilometers_per_second": "14.8186352838", "kilometers_per_hour": "53347.0870215504", "miles_per_hour": "33147.8052662517"}, "miss_distance": {"astronomical": "0.3639631057", "lunar": "141.5816497803", "kilometers": "54448104", "miles": "33832484"}, "orbiting_body": "Earth"}, {"close_approach_date": "2181-07-05", "epoch_date_close_approach": 6674598000000, "relative_velocity": {"kilometers_per_second": "4.5598662347", "kilometers_per_hour": "16415.5184449885", "miles_per_hour": "10199.964780443"}, "miss_distance": {"astronomical": "0.4200275204", "lunar": "163.3907012939", "kilometers": "62835224", "miles": "39043996"}, "orbiting_body": "Earth"}, {"close_approach_date": "2186-01-25", "epoch_date_close_approach": 6818457600000, "relative_velocity": {"kilometers_per_second": "3.5429264787", "kilometers_per_hour": "12754.5353231511", "miles_per_hour": "7925.1722400991"}, "miss_distance": {"astronomical": "0.3719953627", "lunar": "144.7061920166", "kilometers": "55649716", "miles": "34579128"}, "orbiting_body": "Earth"}, {"close_approach_date": "2186-05-23", "epoch_date_close_approach": 6828649200000, "relative_velocity": {"kilometers_per_second": "12.2009925246", "kilometers_per_hour": "43923.5730884866", "miles_per_hour": "27292.4001782321"}, "miss_distance": {"astronomical": "0.3011076603", "lunar": "117.1308822632", "kilometers": "45045068", "miles": "27989708"}, "orbiting_body": "Earth"}, {"close_approach_date": "2198-03-10", "epoch_date_close_approach": 7200950400000, "relative_velocity": {"kilometers_per_second": "7.1361661064", "kilometers_per_hour": "25690.1979829509", "miles_per_hour": "15962.8899633508"}, "miss_distance": {"astronomical": "0.0997782601", "lunar": "38.8137435913", "kilometers": "14926615", "miles": "9274969"}, "orbiting_body": "Earth"}], "orbital_data": {"orbit_id": "62", "orbit_determination_date": "2017-04-06 08:42:58", "orbit_uncertainty": "1", "minimum_orbit_intersection": ".0376818", "jupiter_tisserand_invariant": "4.650", "epoch_osculation": "2458000.5", "eccentricity": ".2826263809440819", "semi_major_axis": "1.425322969791257", "inclination": "5.708601439143517", "ascending_node_longitude": "169.6080037287791", "orbital_period": "621.5389545733962", "perihelion_distance": "1.022489097162683", "perihelion_argument": "22.64658214118942", "aphelion_distance": "1.828156842419832", "perihelion_time": "2457990.565237040425", "mean_anomaly": "5.754288832792278", "mean_motion": ".5792074613361798", "equinox": "J2000"}}