{"links": {"self": "https://api.nasa.gov/neo/rest/v1/neo/3683806?api_key=stjNMXvPIBN6FqEBpH6hQbWAtFDv0RARRez0p7z1"}, "neo_reference_id": "3683806", "name": "(2014 QO296)", "nasa_jpl_url": "http://ssd.jpl.nasa.gov/sbdb.cgi?sstr=3683806", "absolute_magnitude_h": 20.2, "estimated_diameter": {"kilometers": {"estimated_diameter_min": 0.2424124811, "estimated_diameter_max": 0.5420507863}, "meters": {"estimated_diameter_min": 242.4124811008, "estimated_diameter_max": 542.0507863358}, "miles": {"estimated_diameter_min": 0.1506280858, "estimated_diameter_max": 0.3368146392}, "feet": {"estimated_diameter_min": 795.3165644948, "estimated_diameter_max": 1778.3819018419}}, "is_potentially_hazardous_asteroid": true, "close_approach_data": [{"close_approach_date": "1922-07-10", "epoch_date_close_approach": -1498320000000, "relative_velocity": {"kilometers_per_second": "20.4568339579", "kilometers_per_hour": "73644.6022483115", "miles_per_hour": "45759.8918803467"}, "miss_distance": {"astronomical": "0.4636658922", "lunar": "180.3660430908", "kilometers": "69363432", "miles": "43100440"}, "orbiting_body": "Earth"}, {"close_approach_date": "1927-06-28", "epoch_date_close_approach": -1341590400000, "relative_velocity": {"kilometers_per_second": "15.5766855916", "kilometers_per_hour": "56076.0681296369", "miles_per_hour": "34843.4879997735"}, "miss_distance": {"astronomical": "0.320060884", "lunar": "124.5036849976", "kilometers": "47880428", "miles": "29751518"}, "orbiting_body": "Earth"}, {"close_approach_date": "1932-06-10", "epoch_date_close_approach": -1185292800000, "relative_velocity": {"kilometers_per_second": "11.1845216323", "kilometers_per_hour": "40264.2778763358", "miles_per_hour": "25018.6564393265"}, "miss_distance": {"astronomical": "0.2075951072", "lunar": "80.7545013428", "kilometers": "31055786", "miles": "19297172"}, "orbiting_body": "Earth"}, {"close_approach_date": "1937-05-06", "epoch_date_close_approach": -1030550400000, "relative_velocity": {"kilometers_per_second": "9.06550373", "kilometers_per_hour": "32635.8134280643", "miles_per_hour": "20278.625293677"}, "miss_distance": {"astronomical": "0.122170841", "lunar": "47.5244598389", "kilometers": "18276498", "miles": "11356489"}, "orbiting_body": "Earth"}, {"close_approach_date": "1942-04-10", "epoch_date_close_approach": -875034000000, "relative_velocity": {"kilometers_per_second": "9.662429555", "kilometers_per_hour": "34784.7463978574", "miles_per_hour": "21613.8886714909"}, "miss_distance": {"astronomical": "0.0298185689", "lunar": "11.5994234085", "kilometers": "4460794.5", "miles": "2771809"}, "orbiting_body": "Earth"}, {"close_approach_date": "1947-04-02", "epoch_date_close_approach": -717955200000, "relative_velocity": {"kilometers_per_second": "10.8033264526", "kilometers_per_hour": "38891.9752294543", "miles_per_hour": "24165.9609418795"}, "miss_distance": {"astronomical": "0.0324684929", "lunar": "12.6302442551", "kilometers": "4857217.5", "miles": "3018135"}, "orbiting_body": "Earth"}, {"close_approach_date": "1952-03-18", "epoch_date_close_approach": -561398400000, "relative_velocity": {"kilometers_per_second": "14.7104783734", "kilometers_per_hour": "52957.7221441496", "miles_per_hour": "32905.8690734023"}, "miss_distance": {"astronomical": "0.1830732167", "lunar": "71.2154846191", "kilometers": "27387364", "miles": "17017720"}, "orbiting_body": "Earth"}, {"close_approach_date": "1957-03-09", "epoch_date_close_approach": -404409600000, "relative_velocity": {"kilometers_per_second": "19.1252041556", "kilometers_per_hour": "68850.734960209", "miles_per_hour": "42781.1691756921"}, "miss_distance": {"astronomical": "0.3450713146", "lunar": "134.2327423096", "kilometers": "51621936", "miles": "32076382"}, "orbiting_body": "Earth"}, {"close_approach_date": "2019-07-04", "epoch_date_close_approach": 1562223600000, "relative_velocity": {"kilometers_per_second": "17.2315164989", "kilometers_per_hour": "62033.459396054", "miles_per_hour": "38545.1792563981"}, "miss_distance": {"astronomical": "0.3654456059", "lunar": "142.1583404541", "kilometers": "54669888", "miles": "33970292"}, "orbiting_body": "Earth"}, {"close_approach_date": "2024-06-19", "epoch_date_close_approach": 1718780400000, "relative_velocity": {"kilometers_per_second": "12.6133584563", "kilometers_per_hour": "45408.0904427862", "miles_per_hour": "28214.8215309635"}, "miss_distance": {"astronomical": "0.2411761088", "lunar": "93.8175048828", "kilometers": "36079432", "miles": "22418720"}, "orbiting_body": "Earth"}, {"close_approach_date": "2029-05-20", "epoch_date_close_approach": 1873954800000, "relative_velocity": {"kilometers_per_second": "9.3062062935", "kilometers_per_hour": "33502.342656681", "miles_per_hour": "20817.0528579805"}, "miss_distance": {"astronomical": "0.1522236532", "lunar": "59.2150001526", "kilometers": "22772334", "miles": "14150072"}, "orbiting_body": "Earth"}, {"close_approach_date": "2034-04-16", "epoch_date_close_approach": 2028783600000, "relative_velocity": {"kilometers_per_second": "9.2474865822", "kilometers_per_hour": "33290.95169592", "miles_per_hour": "20685.7027357232"}, "miss_distance": {"astronomical": "0.0576423492", "lunar": "22.4228725433", "kilometers": "8623173", "miles": "5358191"}, "orbiting_body": "Earth"}, {"close_approach_date": "2039-04-02", "epoch_date_close_approach": 2185340400000, "relative_velocity": {"kilometers_per_second": "10.880669961", "kilometers_per_hour": "39170.411859614", "miles_per_hour": "24338.9706357696"}, "miss_distance": {"astronomical": "0.0344345723", "lunar": "13.3950481415", "kilometers": "5151338.5", "miles": "3200893.5"}, "orbiting_body": "Earth"}, {"close_approach_date": "2044-03-16", "epoch_date_close_approach": 2341724400000, "relative_velocity": {"kilometers_per_second": "15.8854264534", "kilometers_per_hour": "57187.535232217", "miles_per_hour": "35534.1104335961"}, "miss_distance": {"astronomical": "0.2239665583", "lunar": "87.1229858398", "kilometers": "33504920", "miles": "20818992"}, "orbiting_body": "Earth"}, {"close_approach_date": "2049-03-05", "epoch_date_close_approach": 2498544000000, "relative_velocity": {"kilometers_per_second": "21.5378761276", "kilometers_per_hour": "77536.3540593442", "miles_per_hour": "48178.0751098186"}, "miss_distance": {"astronomical": "0.4273014574", "lunar": "166.2202758789", "kilometers": "63923392", "miles": "39720152"}, "orbiting_body": "Earth"}, {"close_approach_date": "2101-07-03", "epoch_date_close_approach": 4149817200000, "relative_velocity": {"kilometers_per_second": "15.9309364426", "kilometers_per_hour": "57351.3711934165", "miles_per_hour": "35635.9117284871"}, "miss_distance": {"astronomical": "0.3253122904", "lunar": "126.5464782715", "kilometers": "48666024", "miles": "30239666"}, "orbiting_body": "Earth"}, {"close_approach_date": "2106-06-09", "epoch_date_close_approach": 4305510000000, "relative_velocity": {"kilometers_per_second": "10.3709119969", "kilometers_per_hour": "37335.2831889818", "miles_per_hour": "23198.6930459537"}, "miss_distance": {"astronomical": "0.1906398435", "lunar": "74.1588973999", "kilometers": "28519314", "miles": "17721080"}, "orbiting_body": "Earth"}, {"close_approach_date": "2111-04-29", "epoch_date_close_approach": 4459734000000, "relative_velocity": {"kilometers_per_second": "8.9104130311", "kilometers_per_hour": "32077.4869118432", "miles_per_hour": "19931.702909195"}, "miss_distance": {"astronomical": "0.0985287104", "lunar": "38.327671051", "kilometers": "14739686", "miles": "9158816"}, "orbiting_body": "Earth"}, {"close_approach_date": "2116-04-02", "epoch_date_close_approach": 4615254000000, "relative_velocity": {"kilometers_per_second": "10.973467019", "kilometers_per_hour": "39504.4812685703", "miles_per_hour": "24546.5483749069"}, "miss_distance": {"astronomical": "0.0399523382", "lunar": "15.5414590836", "kilometers": "5976784.5", "miles": "3713801.75"}, "orbiting_body": "Earth"}, {"close_approach_date": "2121-03-15", "epoch_date_close_approach": 4771465200000, "relative_velocity": {"kilometers_per_second": "17.2043366176", "kilometers_per_hour": "61935.6118233643", "miles_per_hour": "38484.3805799121"}, "miss_distance": {"astronomical": "0.2725823141", "lunar": "106.0345230103", "kilometers": "40777736", "miles": "25338110"}, "orbiting_body": "Earth"}, {"close_approach_date": "2168-07-04", "epoch_date_close_approach": 6264284400000, "relative_velocity": {"kilometers_per_second": "15.9238247286", "kilometers_per_hour": "57325.769022838", "miles_per_hour": "35620.0035353295"}, "miss_distance": {"astronomical": "0.3270749371", "lunar": "127.2321548462", "kilometers": "48929716", "miles": "30403516"}, "orbiting_body": "Earth"}, {"close_approach_date": "2173-06-05", "epoch_date_close_approach": 6419545200000, "relative_velocity": {"kilometers_per_second": "9.8303307414", "kilometers_per_hour": "35389.1906690084", "miles_per_hour": "21989.466835418"}, "miss_distance": {"astronomical": "0.1800931994", "lunar": "70.0562515259", "kilometers": "26941560", "miles": "16740709"}, "orbiting_body": "Earth"}, {"close_approach_date": "2178-04-16", "epoch_date_close_approach": 6572991600000, "relative_velocity": {"kilometers_per_second": "9.3643700523", "kilometers_per_hour": "33711.7321883129", "miles_per_hour": "20947.1593700103"}, "miss_distance": {"astronomical": "0.0513961795", "lunar": "19.9931144714", "kilometers": "7688759", "miles": "4777573.5"}, "orbiting_body": "Earth"}, {"close_approach_date": "2183-03-26", "epoch_date_close_approach": 6728943600000, "relative_velocity": {"kilometers_per_second": "13.2596770357", "kilometers_per_hour": "47734.8373283422", "miles_per_hour": "29660.5715610468"}, "miss_distance": {"astronomical": "0.126347942", "lunar": "49.1493492126", "kilometers": "18901384", "miles": "11744775"}, "orbiting_body": "Earth"}, {"close_approach_date": "2188-03-12", "epoch_date_close_approach": 6885586800000, "relative_velocity": {"kilometers_per_second": "18.9474151183", "kilometers_per_hour": "68210.6944260121", "miles_per_hour": "42383.4728782074"}, "miss_distance": {"astronomical": "0.3331963966", "lunar": "129.6134033203", "kilometers": "49845472", "miles": "30972540"}, "orbiting_body": "Earth"}], "orbital_data": {"orbit_id": "14", "orbit_determination_date": "2017-10-01 06:49:07", "orbit_uncertainty": "2", "minimum_orbit_intersection": ".0156315", "jupiter_tisserand_invariant": "3.865", "epoch_osculation": "2458000.5", "eccentricity": ".468953965467184", "semi_major_axis": "1.835474062097754", "inclination": "10.93366401429797", "ascending_node_longitude": "193.5556511968378", "orbital_period": "908.2822024406452", "perihelion_distance": ".9747212221648519", "perihelion_argument": "30.60502694357978", "aphelion_distance": "2.696226902030656", "perihelion_time": "2457726.004873178525", "mean_anomaly": "108.796853434094", "mean_motion": ".3963525862696021", "equinox": "J2000"}}