{"links": {"self": "https://api.nasa.gov/neo/rest/v1/neo/3697798?api_key=stjNMXvPIBN6FqEBpH6hQbWAtFDv0RARRez0p7z1"}, "neo_reference_id": "3697798", "name": "(2014 WZ120)", "nasa_jpl_url": "http://ssd.jpl.nasa.gov/sbdb.cgi?sstr=3697798", "absolute_magnitude_h": 20.5, "estimated_diameter": {"kilometers": {"estimated_diameter_min": 0.2111324448, "estimated_diameter_max": 0.4721064988}, "meters": {"estimated_diameter_min": 211.1324447897, "estimated_diameter_max": 472.1064988055}, "miles": {"estimated_diameter_min": 0.1311915784, "estimated_diameter_max": 0.2933532873}, "feet": {"estimated_diameter_min": 692.6917701639, "estimated_diameter_max": 1548.9058855411}}, "is_potentially_hazardous_asteroid": true, "close_approach_data": [{"close_approach_date": "1903-04-15", "epoch_date_close_approach": -2105366400000, "relative_velocity": {"kilometers_per_second": "17.7801185426", "kilometers_per_hour": "64008.4267531919", "miles_per_hour": "39772.3471678375"}, "miss_distance": {"astronomical": "0.2974027803", "lunar": "115.6896743774", "kilometers": "44490820", "miles": "27645314"}, "orbiting_body": "Earth"}, {"close_approach_date": "1912-11-30", "epoch_date_close_approach": -1801497600000, "relative_velocity": {"kilometers_per_second": "19.1750582445", "kilometers_per_hour": "69030.209680213", "miles_per_hour": "42892.6877871301"}, "miss_distance": {"astronomical": "0.0208344857", "lunar": "8.1046142578", "kilometers": "3116794.75", "miles": "1936686.375"}, "orbiting_body": "Earth"}, {"close_approach_date": "1926-04-30", "epoch_date_close_approach": -1378224000000, "relative_velocity": {"kilometers_per_second": "26.902595876", "kilometers_per_hour": "96849.3451535726", "miles_per_hour": "60178.4167150074"}, "miss_distance": {"astronomical": "0.4571118033", "lunar": "177.8164978027", "kilometers": "68382952", "miles": "42491196"}, "orbiting_body": "Earth"}, {"close_approach_date": "1936-01-01", "epoch_date_close_approach": -1072972800000, "relative_velocity": {"kilometers_per_second": "14.2034407567", "kilometers_per_hour": "51132.3867241002", "miles_per_hour": "31771.6766286499"}, "miss_distance": {"astronomical": "0.276247048", "lunar": "107.460105896", "kilometers": "41325972", "miles": "25678768"}, "orbiting_body": "Earth"}, {"close_approach_date": "1959-03-03", "epoch_date_close_approach": -341856000000, "relative_velocity": {"kilometers_per_second": "11.5177571835", "kilometers_per_hour": "41463.925860487", "miles_per_hour": "25764.0710437009"}, "miss_distance": {"astronomical": "0.3666425564", "lunar": "142.6239624023", "kilometers": "54848948", "miles": "34081556"}, "orbiting_body": "Earth"}, {"close_approach_date": "1959-03-31", "epoch_date_close_approach": -339436800000, "relative_velocity": {"kilometers_per_second": "10.9801728007", "kilometers_per_hour": "39528.6220826953", "miles_per_hour": "24561.5485379948"}, "miss_distance": {"astronomical": "0.3661368374", "lunar": "142.427230835", "kilometers": "54773292", "miles": "34034548"}, "orbiting_body": "Earth"}, {"close_approach_date": "1968-11-11", "epoch_date_close_approach": -35913600000, "relative_velocity": {"kilometers_per_second": "27.6161330341", "kilometers_per_hour": "99418.0789228453", "miles_per_hour": "61774.5279840313"}, "miss_distance": {"astronomical": "0.3450729381", "lunar": "134.2333679199", "kilometers": "51622176", "miles": "32076532"}, "orbiting_body": "Earth"}, {"close_approach_date": "1982-04-14", "epoch_date_close_approach": 387619200000, "relative_velocity": {"kilometers_per_second": "17.0802386614", "kilometers_per_hour": "61488.8591809244", "miles_per_hour": "38206.7858616139"}, "miss_distance": {"astronomical": "0.2798149982", "lunar": "108.8480300903", "kilometers": "41859728", "miles": "26010428"}, "orbiting_body": "Earth"}, {"close_approach_date": "1991-11-27", "epoch_date_close_approach": 691228800000, "relative_velocity": {"kilometers_per_second": "20.4976670256", "kilometers_per_hour": "73791.6012920779", "miles_per_hour": "45851.2313695136"}, "miss_distance": {"astronomical": "0.0755147416", "lunar": "29.3752346039", "kilometers": "11296845", "miles": "7019534"}, "orbiting_body": "Earth"}, {"close_approach_date": "2005-04-22", "epoch_date_close_approach": 1114153200000, "relative_velocity": {"kilometers_per_second": "21.8767350475", "kilometers_per_hour": "78756.2461709802", "miles_per_hour": "48936.0686277404"}, "miss_distance": {"astronomical": "0.3140743581", "lunar": "122.1749267578", "kilometers": "46984856", "miles": "29195036"}, "orbiting_body": "Earth"}, {"close_approach_date": "2014-12-03", "epoch_date_close_approach": 1417593600000, "relative_velocity": {"kilometers_per_second": "17.9589831764", "kilometers_per_hour": "64652.3394349403", "miles_per_hour": "40172.4494672272"}, "miss_distance": {"astronomical": "0.0469182293", "lunar": "18.2511901855", "kilometers": "7018867", "miles": "4361322"}, "orbiting_body": "Earth"}, {"close_approach_date": "2028-04-29", "epoch_date_close_approach": 1840604400000, "relative_velocity": {"kilometers_per_second": "26.4081225504", "kilometers_per_hour": "95069.2411813658", "miles_per_hour": "59072.3293329437"}, "miss_distance": {"astronomical": "0.4197316497", "lunar": "163.275604248", "kilometers": "62790960", "miles": "39016496"}, "orbiting_body": "Earth"}, {"close_approach_date": "2037-12-30", "epoch_date_close_approach": 2145772800000, "relative_velocity": {"kilometers_per_second": "13.9031419912", "kilometers_per_hour": "50051.311168423", "miles_per_hour": "31099.9383201793"}, "miss_distance": {"astronomical": "0.2826338077", "lunar": "109.9445495605", "kilometers": "42281416", "miles": "26272454"}, "orbiting_body": "Earth"}, {"close_approach_date": "2061-04-07", "epoch_date_close_approach": 2880082800000, "relative_velocity": {"kilometers_per_second": "13.3429191054", "kilometers_per_hour": "48034.508779386", "miles_per_hour": "29846.7757468357"}, "miss_distance": {"astronomical": "0.3088342129", "lunar": "120.1365127563", "kilometers": "46200944", "miles": "28707934"}, "orbiting_body": "Earth"}, {"close_approach_date": "2070-11-16", "epoch_date_close_approach": 3183350400000, "relative_velocity": {"kilometers_per_second": "24.8879008723", "kilometers_per_hour": "89596.4431402674", "miles_per_hour": "55671.74546124"}, "miss_distance": {"astronomical": "0.2451334092", "lunar": "95.3568954468", "kilometers": "36671436", "miles": "22786574"}, "orbiting_body": "Earth"}, {"close_approach_date": "2084-04-18", "epoch_date_close_approach": 3606879600000, "relative_velocity": {"kilometers_per_second": "19.4559072991", "kilometers_per_hour": "70041.2662766034", "miles_per_hour": "43520.9190372595"}, "miss_distance": {"astronomical": "0.2639840511", "lunar": "102.6897964478", "kilometers": "39491452", "miles": "24538852"}, "orbiting_body": "Earth"}, {"close_approach_date": "2093-12-02", "epoch_date_close_approach": 3910579200000, "relative_velocity": {"kilometers_per_second": "17.8013226809", "kilometers_per_hour": "64084.7616513498", "miles_per_hour": "39819.7787049734"}, "miss_distance": {"astronomical": "0.0578035884", "lunar": "22.4855957031", "kilometers": "8647294", "miles": "5373179.5"}, "orbiting_body": "Earth"}, {"close_approach_date": "2107-05-04", "epoch_date_close_approach": 4333935600000, "relative_velocity": {"kilometers_per_second": "28.0704948561", "kilometers_per_hour": "101053.7814821148", "miles_per_hour": "62790.8899437063"}, "miss_distance": {"astronomical": "0.4559852604", "lunar": "177.3782653809", "kilometers": "68214424", "miles": "42386476"}, "orbiting_body": "Earth"}, {"close_approach_date": "2117-02-08", "epoch_date_close_approach": 4642214400000, "relative_velocity": {"kilometers_per_second": "13.4885430781", "kilometers_per_hour": "48558.7550811928", "miles_per_hour": "30172.5220114222"}, "miss_distance": {"astronomical": "0.3636054007", "lunar": "141.4425048828", "kilometers": "54394596", "miles": "33799236"}, "orbiting_body": "Earth"}, {"close_approach_date": "2126-11-10", "epoch_date_close_approach": 4949971200000, "relative_velocity": {"kilometers_per_second": "28.8428027174", "kilometers_per_hour": "103834.0897827509", "miles_per_hour": "64518.465398621"}, "miss_distance": {"astronomical": "0.3832356573", "lunar": "149.0786743164", "kilometers": "57331240", "miles": "35623980"}, "orbiting_body": "Earth"}, {"close_approach_date": "2140-04-16", "epoch_date_close_approach": 5373846000000, "relative_velocity": {"kilometers_per_second": "17.7314059046", "kilometers_per_hour": "63833.0612566586", "miles_per_hour": "39663.381868061"}, "miss_distance": {"astronomical": "0.2427609999", "lunar": "94.4340286255", "kilometers": "36316528", "miles": "22566044"}, "orbiting_body": "Earth"}, {"close_approach_date": "2149-11-28", "epoch_date_close_approach": 5677372800000, "relative_velocity": {"kilometers_per_second": "19.5361178472", "kilometers_per_hour": "70330.0242498768", "miles_per_hour": "43700.3420123748"}, "miss_distance": {"astronomical": "0.0492979708", "lunar": "19.1769104004", "kilometers": "7374871.5", "miles": "4582532.5"}, "orbiting_body": "Earth"}, {"close_approach_date": "2163-04-29", "epoch_date_close_approach": 6100729200000, "relative_velocity": {"kilometers_per_second": "25.2055997236", "kilometers_per_hour": "90740.1590048991", "miles_per_hour": "56382.406021683"}, "miss_distance": {"astronomical": "0.3588602214", "lunar": "139.5966339111", "kilometers": "53684724", "miles": "33358142"}, "orbiting_body": "Earth"}, {"close_approach_date": "2172-12-26", "epoch_date_close_approach": 6405638400000, "relative_velocity": {"kilometers_per_second": "13.5240481985", "kilometers_per_hour": "48686.5735144286", "miles_per_hour": "30251.9434151182"}, "miss_distance": {"astronomical": "0.2730525303", "lunar": "106.2174377441", "kilometers": "40848080", "miles": "25381820"}, "orbiting_body": "Earth"}, {"close_approach_date": "2196-04-02", "epoch_date_close_approach": 7139862000000, "relative_velocity": {"kilometers_per_second": "11.3393709035", "kilometers_per_hour": "40821.7352524463", "miles_per_hour": "25365.0387739436"}, "miss_distance": {"astronomical": "0.3403373768", "lunar": "132.3912353516", "kilometers": "50913744", "miles": "31636334"}, "orbiting_body": "Earth"}], "orbital_data": {"orbit_id": "19", "orbit_determination_date": "2017-08-10 06:18:36", "orbit_uncertainty": "3", "minimum_orbit_intersection": ".0308154", "jupiter_tisserand_invariant": "3.288", "epoch_osculation": "2458000.5", "eccentricity": ".6381568642898425", "semi_major_axis": "2.213939291750271", "inclination": "20.91754977272365", "ascending_node_longitude": "244.8862218011385", "orbital_period": "1203.225393154606", "perihelion_distance": ".8010987355988434", "perihelion_argument": "245.1850183440139", "aphelion_distance": "3.626779847901699", "perihelion_time": "2458238.393544624467", "mean_anomaly": "288.8232474546822", "mean_motion": ".2991958132267764", "equinox": "J2000"}}