{"links": {"self": "https://api.nasa.gov/neo/rest/v1/neo/3703003?api_key=stjNMXvPIBN6FqEBpH6hQbWAtFDv0RARRez0p7z1"}, "neo_reference_id": "3703003", "name": "(2014 YL14)", "nasa_jpl_url": "http://ssd.jpl.nasa.gov/sbdb.cgi?sstr=3703003", "absolute_magnitude_h": 20.6, "estimated_diameter": {"kilometers": {"estimated_diameter_min": 0.2016299194, "estimated_diameter_max": 0.4508582062}, "meters": {"estimated_diameter_min": 201.6299194428, "estimated_diameter_max": 450.8582061718}, "miles": {"estimated_diameter_min": 0.1252869847, "estimated_diameter_max": 0.2801502144}, "feet": {"estimated_diameter_min": 661.5155049046, "estimated_diameter_max": 1479.1936371367}}, "is_potentially_hazardous_asteroid": true, "close_approach_data": [{"close_approach_date": "1921-07-08", "epoch_date_close_approach": -1530028800000, "relative_velocity": {"kilometers_per_second": "6.9645949804", "kilometers_per_hour": "25072.5419294403", "miles_per_hour": "15579.102511657"}, "miss_distance": {"astronomical": "0.9219213574", "lunar": "358.6274108887", "kilometers": "137917472", "miles": "85697944"}, "orbiting_body": "Juptr"}, {"close_approach_date": "1928-12-15", "epoch_date_close_approach": -1295280000000, "relative_velocity": {"kilometers_per_second": "25.5671537372", "kilometers_per_hour": "92041.7534539614", "miles_per_hour": "57191.1661947684"}, "miss_distance": {"astronomical": "0.142104348", "lunar": "55.278591156", "kilometers": "21258508", "miles": "13209424"}, "orbiting_body": "Earth"}, {"close_approach_date": "1929-02-05", "epoch_date_close_approach": -1290787200000, "relative_velocity": {"kilometers_per_second": "19.2368106478", "kilometers_per_hour": "69252.518332121", "miles_per_hour": "43030.8217380893"}, "miss_distance": {"astronomical": "0.0574157742", "lunar": "22.3347377777", "kilometers": "8589278", "miles": "5337130"}, "orbiting_body": "Mars"}, {"close_approach_date": "1942-07-22", "epoch_date_close_approach": -866134800000, "relative_velocity": {"kilometers_per_second": "18.755568948", "kilometers_per_hour": "67520.0482126535", "miles_per_hour": "41954.3321796902"}, "miss_distance": {"astronomical": "0.0533428208", "lunar": "20.7503566742", "kilometers": "7979972", "miles": "4958525"}, "orbiting_body": "Venus"}, {"close_approach_date": "1945-05-29", "epoch_date_close_approach": -776106000000, "relative_velocity": {"kilometers_per_second": "8.1384832575", "kilometers_per_hour": "29298.5397269224", "miles_per_hour": "18204.9731986535"}, "miss_distance": {"astronomical": "1.2120373019", "lunar": "471.4825134277", "kilometers": "181318208", "miles": "112665912"}, "orbiting_body": "Juptr"}, {"close_approach_date": "1946-10-30", "epoch_date_close_approach": -731260800000, "relative_velocity": {"kilometers_per_second": "19.0256250693", "kilometers_per_hour": "68492.2502495675", "miles_per_hour": "42558.4207175715"}, "miss_distance": {"astronomical": "0.0782144839", "lunar": "30.4254341125", "kilometers": "11700720", "miles": "7270490.5"}, "orbiting_body": "Mars"}, {"close_approach_date": "1951-06-09", "epoch_date_close_approach": -585853200000, "relative_velocity": {"kilometers_per_second": "30.5840287868", "kilometers_per_hour": "110102.5036325837", "miles_per_hour": "68413.4139932573"}, "miss_distance": {"astronomical": "0.2861718404", "lunar": "111.320854187", "kilometers": "42810700", "miles": "26601336"}, "orbiting_body": "Earth"}, {"close_approach_date": "1969-05-28", "epoch_date_close_approach": -18810000000, "relative_velocity": {"kilometers_per_second": "18.6730786349", "kilometers_per_hour": "67223.0830856933", "miles_per_hour": "41769.8095984409"}, "miss_distance": {"astronomical": "0.071705746", "lunar": "27.8935337067", "kilometers": "10727027", "miles": "6665465.5"}, "orbiting_body": "Mars"}, {"close_approach_date": "1969-07-09", "epoch_date_close_approach": -15181200000, "relative_velocity": {"kilometers_per_second": "17.409404884", "kilometers_per_hour": "62673.8575824072", "miles_per_hour": "38943.0977850241"}, "miss_distance": {"astronomical": "0.1592312385", "lunar": "61.9409561157", "kilometers": "23820656", "miles": "14801469"}, "orbiting_body": "Earth"}, {"close_approach_date": "1980-12-16", "epoch_date_close_approach": 345801600000, "relative_velocity": {"kilometers_per_second": "6.1119986513", "kilometers_per_hour": "22003.1951447701", "miles_per_hour": "13671.9297831489"}, "miss_distance": {"astronomical": "0.6944161073", "lunar": "270.1278686523", "kilometers": "103883168", "miles": "64550012"}, "orbiting_body": "Juptr"}, {"close_approach_date": "1996-12-06", "epoch_date_close_approach": 849859200000, "relative_velocity": {"kilometers_per_second": "20.1033123332", "kilometers_per_hour": "72371.9243996806", "miles_per_hour": "44969.0993582348"}, "miss_distance": {"astronomical": "0.0587188412", "lunar": "22.8416290283", "kilometers": "8784214", "miles": "5458257.5"}, "orbiting_body": "Earth"}, {"close_approach_date": "2005-12-01", "epoch_date_close_approach": 1133424000000, "relative_velocity": {"kilometers_per_second": "17.4372389837", "kilometers_per_hour": "62774.0603414453", "miles_per_hour": "39005.3598827164"}, "miss_distance": {"astronomical": "0.0246502398", "lunar": "9.5889434814", "kilometers": "3687623.5", "miles": "2291383"}, "orbiting_body": "Venus"}, {"close_approach_date": "2005-12-24", "epoch_date_close_approach": 1135411200000, "relative_velocity": {"kilometers_per_second": "28.962923894", "kilometers_per_hour": "104266.5260185393", "miles_per_hour": "64787.1644585752"}, "miss_distance": {"astronomical": "0.2269028279", "lunar": "88.2651977539", "kilometers": "33944180", "miles": "21091936"}, "orbiting_body": "Earth"}, {"close_approach_date": "2014-12-17", "epoch_date_close_approach": 1418803200000, "relative_velocity": {"kilometers_per_second": "24.9717750548", "kilometers_per_hour": "89898.3901973707", "miles_per_hour": "55859.3636201385"}, "miss_distance": {"astronomical": "0.095037558", "lunar": "36.9696083069", "kilometers": "14217416", "miles": "8834293"}, "orbiting_body": "Earth"}, {"close_approach_date": "2016-07-02", "epoch_date_close_approach": 1467442800000, "relative_velocity": {"kilometers_per_second": "7.7692985254", "kilometers_per_hour": "27969.4746913357", "miles_per_hour": "17379.1438714024"}, "miss_distance": {"astronomical": "1.1663015084", "lunar": "453.6912841797", "kilometers": "174476224", "miles": "108414496"}, "orbiting_body": "Juptr"}, {"close_approach_date": "2019-06-12", "epoch_date_close_approach": 1560322800000, "relative_velocity": {"kilometers_per_second": "16.7859427212", "kilometers_per_hour": "60429.3937962336", "miles_per_hour": "37548.4752729986"}, "miss_distance": {"astronomical": "0.0099635496", "lunar": "3.8758208752", "kilometers": "1490525.875", "miles": "926169.8125"}, "orbiting_body": "Venus"}], "orbital_data": {"orbit_id": "21", "orbit_determination_date": "2017-08-10 06:18:36", "orbit_uncertainty": "5", "minimum_orbit_intersection": ".0155799", "jupiter_tisserand_invariant": "2.824", "epoch_osculation": "2458000.5", "eccentricity": ".7655189999512161", "semi_major_axis": "2.748104965940052", "inclination": "5.880560560376369", "ascending_node_longitude": "68.19433815808796", "orbital_period": "1663.981150188619", "perihelion_distance": ".6443784006526526", "perihelion_argument": "290.7854269228859", "aphelion_distance": "4.851831531227452", "perihelion_time": "2458628.757255593991", "mean_anomaly": "224.0774193937239", "mean_motion": ".2163486046456671", "equinox": "J2000"}}