{"links": {"self": "https://api.nasa.gov/neo/rest/v1/neo/3710245?api_key=stjNMXvPIBN6FqEBpH6hQbWAtFDv0RARRez0p7z1"}, "neo_reference_id": "3710245", "name": "(2015 CZ13)", "nasa_jpl_url": "http://ssd.jpl.nasa.gov/sbdb.cgi?sstr=3710245", "absolute_magnitude_h": 19.0, "estimated_diameter": {"kilometers": {"estimated_diameter_min": 0.4212646106, "estimated_diameter_max": 0.9419763057}, "meters": {"estimated_diameter_min": 421.2646105562, "estimated_diameter_max": 941.9763057186}, "miles": {"estimated_diameter_min": 0.2617616123, "estimated_diameter_max": 0.5853167591}, "feet": {"estimated_diameter_min": 1382.1017848971, "estimated_diameter_max": 3090.4735428537}}, "is_potentially_hazardous_asteroid": true, "close_approach_data": [{"close_approach_date": "1905-07-14", "epoch_date_close_approach": -2034432000000, "relative_velocity": {"kilometers_per_second": "8.2332471705", "kilometers_per_hour": "29639.6898137337", "miles_per_hour": "18416.9505956502"}, "miss_distance": {"astronomical": "1.5843330963", "lunar": "616.3055419922", "kilometers": "237012848", "miles": "147272960"}, "orbiting_body": "Juptr"}, {"close_approach_date": "1907-02-24", "epoch_date_close_approach": -1983456000000, "relative_velocity": {"kilometers_per_second": "21.0708583739", "kilometers_per_hour": "75855.0901461966", "miles_per_hour": "47133.4030966742"}, "miss_distance": {"astronomical": "0.0714676138", "lunar": "27.8009033203", "kilometers": "10691403", "miles": "6643330"}, "orbiting_body": "Earth"}, {"close_approach_date": "1921-08-09", "epoch_date_close_approach": -1527264000000, "relative_velocity": {"kilometers_per_second": "28.9838141748", "kilometers_per_hour": "104341.731029149", "miles_per_hour": "64833.8939275287"}, "miss_distance": {"astronomical": "0.3041691689", "lunar": "118.3218078613", "kilometers": "45503060", "miles": "28274292"}, "orbiting_body": "Earth"}, {"close_approach_date": "1926-02-11", "epoch_date_close_approach": -1384963200000, "relative_velocity": {"kilometers_per_second": "26.8289065944", "kilometers_per_hour": "96584.0637399883", "miles_per_hour": "60013.5811611055"}, "miss_distance": {"astronomical": "0.1506582526", "lunar": "58.6060600281", "kilometers": "22538154", "miles": "14004559"}, "orbiting_body": "Earth"}, {"close_approach_date": "1926-03-03", "epoch_date_close_approach": -1383235200000, "relative_velocity": {"kilometers_per_second": "20.3895395399", "kilometers_per_hour": "73402.3423436702", "miles_per_hour": "45609.3609968211"}, "miss_distance": {"astronomical": "0.0928516755", "lunar": "36.1193008423", "kilometers": "13890413", "miles": "8631103"}, "orbiting_body": "Venus"}, {"close_approach_date": "1929-04-13", "epoch_date_close_approach": -1284998400000, "relative_velocity": {"kilometers_per_second": "8.3950853327", "kilometers_per_hour": "30222.3071977926", "miles_per_hour": "18778.9663807617"}, "miss_distance": {"astronomical": "1.5866467568", "lunar": "617.2056274414", "kilometers": "237358992", "miles": "147488032"}, "orbiting_body": "Juptr"}, {"close_approach_date": "1940-04-26", "epoch_date_close_approach": -936720000000, "relative_velocity": {"kilometers_per_second": "19.9947238704", "kilometers_per_hour": "71981.005933422", "miles_per_hour": "44726.1978256866"}, "miss_distance": {"astronomical": "0.0880404415", "lunar": "34.2477302551", "kilometers": "13170663", "miles": "8183870.5"}, "orbiting_body": "Venus"}, {"close_approach_date": "1940-06-07", "epoch_date_close_approach": -933091200000, "relative_velocity": {"kilometers_per_second": "16.023174186", "kilometers_per_hour": "57683.4270696252", "miles_per_hour": "35842.2383366791"}, "miss_distance": {"astronomical": "0.4051305696", "lunar": "157.5957946777", "kilometers": "60606672", "miles": "37659240"}, "orbiting_body": "Earth"}, {"close_approach_date": "1953-01-10", "epoch_date_close_approach": -535651200000, "relative_velocity": {"kilometers_per_second": "9.3393138337", "kilometers_per_hour": "33621.5298013119", "miles_per_hour": "20891.1111145985"}, "miss_distance": {"astronomical": "1.6545665702", "lunar": "643.6264038086", "kilometers": "247519632", "miles": "153801568"}, "orbiting_body": "Juptr"}, {"close_approach_date": "1954-06-16", "epoch_date_close_approach": -490554000000, "relative_velocity": {"kilometers_per_second": "22.5901074941", "kilometers_per_hour": "81324.3869787564", "miles_per_hour": "50531.8114535501"}, "miss_distance": {"astronomical": "0.0984511677", "lunar": "38.297504425", "kilometers": "14728085", "miles": "9151608"}, "orbiting_body": "Venus"}, {"close_approach_date": "1954-08-20", "epoch_date_close_approach": -484938000000, "relative_velocity": {"kilometers_per_second": "35.4856781457", "kilometers_per_hour": "127748.4413244574", "miles_per_hour": "79377.9134440774"}, "miss_distance": {"astronomical": "0.4715980212", "lunar": "183.4516296387", "kilometers": "70550064", "miles": "43837776"}, "orbiting_body": "Earth"}, {"close_approach_date": "1954-09-22", "epoch_date_close_approach": -482086800000, "relative_velocity": {"kilometers_per_second": "23.6686340098", "kilometers_per_hour": "85207.0824352775", "miles_per_hour": "52944.3674165201"}, "miss_distance": {"astronomical": "0.0957949746", "lunar": "37.2642440796", "kilometers": "14330725", "miles": "8904699"}, "orbiting_body": "Mars"}, {"close_approach_date": "1959-02-02", "epoch_date_close_approach": -344361600000, "relative_velocity": {"kilometers_per_second": "30.5418261035", "kilometers_per_hour": "109950.5739725618", "miles_per_hour": "68319.0108108954"}, "miss_distance": {"astronomical": "0.2584358554", "lunar": "100.5315475464", "kilometers": "38661452", "miles": "24023112"}, "orbiting_body": "Earth"}, {"close_approach_date": "1973-02-28", "epoch_date_close_approach": 99734400000, "relative_velocity": {"kilometers_per_second": "18.9057476695", "kilometers_per_hour": "68060.6916102173", "miles_per_hour": "42290.2669619153"}, "miss_distance": {"astronomical": "0.1717552358", "lunar": "66.812789917", "kilometers": "25694218", "miles": "15965647"}, "orbiting_body": "Earth"}, {"close_approach_date": "1976-09-06", "epoch_date_close_approach": 210841200000, "relative_velocity": {"kilometers_per_second": "11.3989950633", "kilometers_per_hour": "41036.3822278973", "miles_per_hour": "25498.4120571065"}, "miss_distance": {"astronomical": "1.9157404481", "lunar": "745.2230224609", "kilometers": "286590688", "miles": "178079200"}, "orbiting_body": "Juptr"}, {"close_approach_date": "1987-03-15", "epoch_date_close_approach": 542793600000, "relative_velocity": {"kilometers_per_second": "17.1239063444", "kilometers_per_hour": "61646.0628397885", "miles_per_hour": "38304.4661017564"}, "miss_distance": {"astronomical": "0.292317705", "lunar": "113.7115936279", "kilometers": "43730108", "miles": "27172630"}, "orbiting_body": "Earth"}, {"close_approach_date": "2001-05-01", "epoch_date_close_approach": 988700400000, "relative_velocity": {"kilometers_per_second": "19.5697726306", "kilometers_per_hour": "70451.1814700131", "miles_per_hour": "43775.6243972979"}, "miss_distance": {"astronomical": "0.4385157599", "lunar": "170.5826263428", "kilometers": "65601024", "miles": "40762588"}, "orbiting_body": "Earth"}, {"close_approach_date": "2011-10-17", "epoch_date_close_approach": 1318834800000, "relative_velocity": {"kilometers_per_second": "12.500916844", "kilometers_per_hour": "45003.3006383532", "miles_per_hour": "27963.3008883145"}, "miss_distance": {"astronomical": "1.8590775693", "lunar": "723.1811523438", "kilometers": "278114048", "miles": "172812064"}, "orbiting_body": "Juptr"}, {"close_approach_date": "2015-05-24", "epoch_date_close_approach": 1432450800000, "relative_velocity": {"kilometers_per_second": "17.9925122269", "kilometers_per_hour": "64773.0440169401", "miles_per_hour": "40247.4506004148"}, "miss_distance": {"astronomical": "0.4274393208", "lunar": "166.2738952637", "kilometers": "63944016", "miles": "39732968"}, "orbiting_body": "Earth"}, {"close_approach_date": "2029-07-28", "epoch_date_close_approach": 1879916400000, "relative_velocity": {"kilometers_per_second": "22.1802189195", "kilometers_per_hour": "79848.7881102763", "miles_per_hour": "49614.931701077"}, "miss_distance": {"astronomical": "0.1276172311", "lunar": "49.6431007385", "kilometers": "19091266", "miles": "11862762"}, "orbiting_body": "Earth"}, {"close_approach_date": "2035-05-20", "epoch_date_close_approach": 2063257200000, "relative_velocity": {"kilometers_per_second": "10.4821681305", "kilometers_per_hour": "37735.8052696394", "miles_per_hour": "23447.5618910157"}, "miss_distance": {"astronomical": "1.5193703829", "lunar": "591.0350952148", "kilometers": "227294592", "miles": "141234304"}, "orbiting_body": "Juptr"}, {"close_approach_date": "2048-03-06", "epoch_date_close_approach": 2467094400000, "relative_velocity": {"kilometers_per_second": "17.0612085057", "kilometers_per_hour": "61420.3506205787", "miles_per_hour": "38164.2173064368"}, "miss_distance": {"astronomical": "0.242633465", "lunar": "94.3844146729", "kilometers": "36297448", "miles": "22554190"}, "orbiting_body": "Earth"}, {"close_approach_date": "2059-01-23", "epoch_date_close_approach": 2810534400000, "relative_velocity": {"kilometers_per_second": "9.5243131134", "kilometers_per_hour": "34287.5272083178", "miles_per_hour": "21304.9360034128"}, "miss_distance": {"astronomical": "1.41626953", "lunar": "550.9288330078", "kilometers": "211870912", "miles": "131650480"}, "orbiting_body": "Juptr"}, {"close_approach_date": "2062-08-01", "epoch_date_close_approach": 2921641200000, "relative_velocity": {"kilometers_per_second": "25.3728255072", "kilometers_per_hour": "91342.1718259319", "miles_per_hour": "56756.4733770631"}, "miss_distance": {"astronomical": "0.1531795319", "lunar": "59.5868339539", "kilometers": "22915332", "miles": "14238927"}, "orbiting_body": "Earth"}, {"close_approach_date": "2067-02-05", "epoch_date_close_approach": 3064118400000, "relative_velocity": {"kilometers_per_second": "28.9319705982", "kilometers_per_hour": "104155.0941535222", "miles_per_hour": "64717.9250311149"}, "miss_distance": {"astronomical": "0.225296202", "lunar": "87.6402206421", "kilometers": "33703832", "miles": "20942590"}, "orbiting_body": "Earth"}, {"close_approach_date": "2081-07-29", "epoch_date_close_approach": 3520998000000, "relative_velocity": {"kilometers_per_second": "23.5150605918", "kilometers_per_hour": "84654.2181303583", "miles_per_hour": "52600.8390377218"}, "miss_distance": {"astronomical": "0.1135064907", "lunar": "44.1540222168", "kilometers": "16980330", "miles": "10551087"}, "orbiting_body": "Earth"}, {"close_approach_date": "2082-10-14", "epoch_date_close_approach": 3559186800000, "relative_velocity": {"kilometers_per_second": "9.6187084406", "kilometers_per_hour": "34627.3503863113", "miles_per_hour": "21516.0889108722"}, "miss_distance": {"astronomical": "1.4354204401", "lunar": "558.3785400391", "kilometers": "214735840", "miles": "133430664"}, "orbiting_body": "Juptr"}, {"close_approach_date": "2086-02-06", "epoch_date_close_approach": 3663820800000, "relative_velocity": {"kilometers_per_second": "28.4224086592", "kilometers_per_hour": "102320.6711731826", "miles_per_hour": "63578.0859298034"}, "miss_distance": {"astronomical": "0.2224297178", "lunar": "86.5251617432", "kilometers": "33275014", "miles": "20676134"}, "orbiting_body": "Earth"}, {"close_approach_date": "2105-04-15", "epoch_date_close_approach": 4269222000000, "relative_velocity": {"kilometers_per_second": "17.2198506649", "kilometers_per_hour": "61991.4623934679", "miles_per_hour": "38519.0839522079"}, "miss_distance": {"astronomical": "0.3888939877", "lunar": "151.2797698975", "kilometers": "58177712", "miles": "36149956"}, "orbiting_body": "Earth"}, {"close_approach_date": "2106-07-30", "epoch_date_close_approach": 4309916400000, "relative_velocity": {"kilometers_per_second": "10.6799341587", "kilometers_per_hour": "38447.7629714017", "miles_per_hour": "23889.9447196468"}, "miss_distance": {"astronomical": "1.5787701736", "lunar": "614.1416015625", "kilometers": "236180656", "miles": "146755856"}, "orbiting_body": "Juptr"}, {"close_approach_date": "2129-04-24", "epoch_date_close_approach": 5027382000000, "relative_velocity": {"kilometers_per_second": "17.5077981276", "kilometers_per_hour": "63028.0732592855", "miles_per_hour": "39163.1936315821"}, "miss_distance": {"astronomical": "0.4006343232", "lunar": "155.8467559814", "kilometers": "59934040", "miles": "37241288"}, "orbiting_body": "Earth"}, {"close_approach_date": "2153-07-03", "epoch_date_close_approach": 5790812400000, "relative_velocity": {"kilometers_per_second": "15.3394404687", "kilometers_per_hour": "55221.985687262", "miles_per_hour": "34312.794384399"}, "miss_distance": {"astronomical": "0.2792542166", "lunar": "108.6298980713", "kilometers": "41775840", "miles": "25958302"}, "orbiting_body": "Earth"}, {"close_approach_date": "2158-02-02", "epoch_date_close_approach": 5935536000000, "relative_velocity": {"kilometers_per_second": "31.3073920272", "kilometers_per_hour": "112706.6112980154", "miles_per_hour": "70031.505225703"}, "miss_distance": {"astronomical": "0.3405657854", "lunar": "132.4800872803", "kilometers": "50947916", "miles": "31657566"}, "orbiting_body": "Earth"}, {"close_approach_date": "2166-07-28", "epoch_date_close_approach": 6203199600000, "relative_velocity": {"kilometers_per_second": "11.4071618372", "kilometers_per_hour": "41065.782613888", "miles_per_hour": "25516.6803136128"}, "miss_distance": {"astronomical": "1.7645946907", "lunar": "686.4273071289", "kilometers": "263979616", "miles": "164029328"}, "orbiting_body": "Juptr"}, {"close_approach_date": "2177-07-07", "epoch_date_close_approach": 6548540400000, "relative_velocity": {"kilometers_per_second": "16.1058141484", "kilometers_per_hour": "57980.93093419", "miles_per_hour": "36027.0956685249"}, "miss_distance": {"astronomical": "0.2513148412", "lunar": "97.7614746094", "kilometers": "37596168", "miles": "23361174"}, "orbiting_body": "Earth"}, {"close_approach_date": "2182-01-28", "epoch_date_close_approach": 6692486400000, "relative_velocity": {"kilometers_per_second": "34.1401019111", "kilometers_per_hour": "122904.3668800349", "miles_per_hour": "76367.9939649861"}, "miss_distance": {"astronomical": "0.4274402212", "lunar": "166.2742462158", "kilometers": "63944148", "miles": "39733052"}, "orbiting_body": "Earth"}, {"close_approach_date": "2190-05-17", "epoch_date_close_approach": 6954361200000, "relative_velocity": {"kilometers_per_second": "9.8133854831", "kilometers_per_hour": "35328.1877390949", "miles_per_hour": "21951.5619871059"}, "miss_distance": {"astronomical": "1.5330333167", "lunar": "596.3499755859", "kilometers": "229338528", "miles": "142504352"}, "orbiting_body": "Juptr"}], "orbital_data": {"orbit_id": "28", "orbit_determination_date": "2017-04-06 08:35:39", "orbit_uncertainty": "3", "minimum_orbit_intersection": ".00910353", "jupiter_tisserand_invariant": "2.752", "epoch_osculation": "2458000.5", "eccentricity": ".7625548567877192", "semi_major_axis": "2.806279502553327", "inclination": "19.03628201609955", "ascending_node_longitude": "145.9468929977107", "orbital_period": "1717.096935218923", "perihelion_distance": ".666337438377463", "perihelion_argument": "77.34591914450679", "aphelion_distance": "4.946221566729191", "perihelion_time": "2457156.242151560174", "mean_anomaly": "177.0038832429615", "mean_motion": ".2096561892436792", "equinox": "J2000"}}