{"links": {"self": "https://api.nasa.gov/neo/rest/v1/neo/3712625?api_key=stjNMXvPIBN6FqEBpH6hQbWAtFDv0RARRez0p7z1"}, "neo_reference_id": "3712625", "name": "(2015 DC200)", "nasa_jpl_url": "http://ssd.jpl.nasa.gov/sbdb.cgi?sstr=3712625", "absolute_magnitude_h": 20.5, "estimated_diameter": {"kilometers": {"estimated_diameter_min": 0.2111324448, "estimated_diameter_max": 0.4721064988}, "meters": {"estimated_diameter_min": 211.1324447897, "estimated_diameter_max": 472.1064988055}, "miles": {"estimated_diameter_min": 0.1311915784, "estimated_diameter_max": 0.2933532873}, "feet": {"estimated_diameter_min": 692.6917701639, "estimated_diameter_max": 1548.9058855411}}, "is_potentially_hazardous_asteroid": true, "close_approach_data": [{"close_approach_date": "1908-04-05", "epoch_date_close_approach": -1948377600000, "relative_velocity": {"kilometers_per_second": "20.3467536191", "kilometers_per_hour": "73248.3130286826", "miles_per_hour": "45513.6531705167"}, "miss_distance": {"astronomical": "0.4011266708", "lunar": "156.0382843018", "kilometers": "60007700", "miles": "37287056"}, "orbiting_body": "Earth"}, {"close_approach_date": "1910-11-27", "epoch_date_close_approach": -1864915200000, "relative_velocity": {"kilometers_per_second": "22.8277918538", "kilometers_per_hour": "82180.0506735785", "miles_per_hour": "51063.4875977021"}, "miss_distance": {"astronomical": "0.298312425", "lunar": "116.0435333252", "kilometers": "44626904", "miles": "27729872"}, "orbiting_body": "Earth"}, {"close_approach_date": "1920-03-18", "epoch_date_close_approach": -1571241600000, "relative_velocity": {"kilometers_per_second": "33.0953259961", "kilometers_per_hour": "119143.1735859967", "miles_per_hour": "74030.9347206989"}, "miss_distance": {"astronomical": "0.0661610096", "lunar": "25.7366313934", "kilometers": "9897546", "miles": "6150050"}, "orbiting_body": "Earth"}, {"close_approach_date": "1922-09-02", "epoch_date_close_approach": -1493654400000, "relative_velocity": {"kilometers_per_second": "35.8295546291", "kilometers_per_hour": "128986.3966645887", "miles_per_hour": "80147.1307497273"}, "miss_distance": {"astronomical": "0.0838114735", "lunar": "32.6026649475", "kilometers": "12538019", "miles": "7790763.5"}, "orbiting_body": "Merc"}, {"close_approach_date": "1929-12-14", "epoch_date_close_approach": -1263830400000, "relative_velocity": {"kilometers_per_second": "35.5208345731", "kilometers_per_hour": "127875.0044630398", "miles_per_hour": "79456.5548564927"}, "miss_distance": {"astronomical": "0.1339732082", "lunar": "52.1155776978", "kilometers": "20042108", "miles": "12453588"}, "orbiting_body": "Earth"}, {"close_approach_date": "1937-01-24", "epoch_date_close_approach": -1039363200000, "relative_velocity": {"kilometers_per_second": "41.456942141", "kilometers_per_hour": "149244.9917075748", "miles_per_hour": "92735.0338751872"}, "miss_distance": {"astronomical": "0.1227064852", "lunar": "47.7328224182", "kilometers": "18356630", "miles": "11406281"}, "orbiting_body": "Venus"}, {"close_approach_date": "1939-04-03", "epoch_date_close_approach": -970329600000, "relative_velocity": {"kilometers_per_second": "22.6794080149", "kilometers_per_hour": "81645.8688537656", "miles_per_hour": "50731.5677886079"}, "miss_distance": {"astronomical": "0.3131806455", "lunar": "121.8272781372", "kilometers": "46851160", "miles": "29111960"}, "orbiting_body": "Earth"}, {"close_approach_date": "1939-05-27", "epoch_date_close_approach": -965664000000, "relative_velocity": {"kilometers_per_second": "42.1072105753", "kilometers_per_hour": "151585.958071251", "miles_per_hour": "94189.6193359948"}, "miss_distance": {"astronomical": "0.0373627774", "lunar": "14.5341205597", "kilometers": "5589392", "miles": "3473087"}, "orbiting_body": "Merc"}, {"close_approach_date": "1941-11-24", "epoch_date_close_approach": -886867200000, "relative_velocity": {"kilometers_per_second": "19.8999014048", "kilometers_per_hour": "71639.6450571781", "miles_per_hour": "44514.0894523338"}, "miss_distance": {"astronomical": "0.4168524596", "lunar": "162.1556091309", "kilometers": "62360244", "miles": "38748860"}, "orbiting_body": "Earth"}, {"close_approach_date": "1946-06-29", "epoch_date_close_approach": -741888000000, "relative_velocity": {"kilometers_per_second": "55.1610985617", "kilometers_per_hour": "198579.9548220991", "miles_per_hour": "123389.8613726538"}, "miss_distance": {"astronomical": "0.0965445985", "lunar": "37.5558509827", "kilometers": "14442867", "miles": "8974381"}, "orbiting_body": "Merc"}, {"close_approach_date": "1948-12-29", "epoch_date_close_approach": -662922000000, "relative_velocity": {"kilometers_per_second": "45.6389213311", "kilometers_per_hour": "164300.1167919834", "miles_per_hour": "102089.7031255521"}, "miss_distance": {"astronomical": "0.4362247491", "lunar": "169.6914367676", "kilometers": "65258296", "miles": "40549624"}, "orbiting_body": "Earth"}, {"close_approach_date": "1951-03-10", "epoch_date_close_approach": -593712000000, "relative_velocity": {"kilometers_per_second": "39.2945711538", "kilometers_per_hour": "141460.4561538542", "miles_per_hour": "87898.0262140435"}, "miss_distance": {"astronomical": "0.2502527326", "lunar": "97.3483123779", "kilometers": "37437276", "miles": "23262444"}, "orbiting_body": "Earth"}, {"close_approach_date": "1956-02-13", "epoch_date_close_approach": -438105600000, "relative_velocity": {"kilometers_per_second": "33.9997625437", "kilometers_per_hour": "122399.1451572599", "miles_per_hour": "76054.0688339652"}, "miss_distance": {"astronomical": "0.0326171239", "lunar": "12.6880617142", "kilometers": "4879452.5", "miles": "3031951.25"}, "orbiting_body": "Venus"}, {"close_approach_date": "1960-12-02", "epoch_date_close_approach": -286560000000, "relative_velocity": {"kilometers_per_second": "26.2463774034", "kilometers_per_hour": "94486.958652069", "miles_per_hour": "58710.5216135592"}, "miss_distance": {"astronomical": "0.1831335037", "lunar": "71.2389297485", "kilometers": "27396382", "miles": "17023322"}, "orbiting_body": "Earth"}, {"close_approach_date": "1963-02-10", "epoch_date_close_approach": -217440000000, "relative_velocity": {"kilometers_per_second": "35.5294100098", "kilometers_per_hour": "127905.8760351767", "miles_per_hour": "79475.7372508574"}, "miss_distance": {"astronomical": "0.0593671908", "lunar": "23.093837738", "kilometers": "8881205", "miles": "5518525"}, "orbiting_body": "Venus"}, {"close_approach_date": "1965-07-10", "epoch_date_close_approach": -141325200000, "relative_velocity": {"kilometers_per_second": "51.7340110711", "kilometers_per_hour": "186242.4398561303", "miles_per_hour": "115723.8093650494"}, "miss_distance": {"astronomical": "0.0649033309", "lunar": "25.2473964691", "kilometers": "9709401", "miles": "6033142"}, "orbiting_body": "Merc"}, {"close_approach_date": "1970-03-16", "epoch_date_close_approach": 6422400000, "relative_velocity": {"kilometers_per_second": "35.3930746261", "kilometers_per_hour": "127415.0686539114", "miles_per_hour": "79170.7686310929"}, "miss_distance": {"astronomical": "0.1283985452", "lunar": "49.9470367432", "kilometers": "19208150", "miles": "11935391"}, "orbiting_body": "Earth"}, {"close_approach_date": "1972-09-30", "epoch_date_close_approach": 86684400000, "relative_velocity": {"kilometers_per_second": "42.2466012292", "kilometers_per_hour": "152087.764425179", "miles_per_hour": "94501.4222896342"}, "miss_distance": {"astronomical": "0.1347396669", "lunar": "52.4137306213", "kilometers": "20156768", "miles": "12524835"}, "orbiting_body": "Venus"}, {"close_approach_date": "1977-06-15", "epoch_date_close_approach": 235206000000, "relative_velocity": {"kilometers_per_second": "38.553556935", "kilometers_per_hour": "138792.8049660529", "miles_per_hour": "86240.4515079344"}, "miss_distance": {"astronomical": "0.0563827166", "lunar": "21.9328765869", "kilometers": "8434734", "miles": "5241101"}, "orbiting_body": "Merc"}, {"close_approach_date": "1979-12-04", "epoch_date_close_approach": 313142400000, "relative_velocity": {"kilometers_per_second": "27.2139379662", "kilometers_per_hour": "97970.17667837", "miles_per_hour": "60874.8578366239"}, "miss_distance": {"astronomical": "0.1532672518", "lunar": "59.6209602356", "kilometers": "22928454", "miles": "14247081"}, "orbiting_body": "Earth"}, {"close_approach_date": "1982-02-23", "epoch_date_close_approach": 383299200000, "relative_velocity": {"kilometers_per_second": "44.6778635702", "kilometers_per_hour": "160840.3088526372", "miles_per_hour": "99939.9130201289"}, "miss_distance": {"astronomical": "0.0099206792", "lunar": "3.8591442108", "kilometers": "1484112.5", "miles": "922184.75"}, "orbiting_body": "Merc"}, {"close_approach_date": "1989-03-14", "epoch_date_close_approach": 605865600000, "relative_velocity": {"kilometers_per_second": "36.6518646819", "kilometers_per_hour": "131946.7128549613", "miles_per_hour": "81986.5561070175"}, "miss_distance": {"astronomical": "0.1654886399", "lunar": "64.3750839233", "kilometers": "24756750", "miles": "15383131"}, "orbiting_body": "Earth"}, {"close_approach_date": "1996-05-06", "epoch_date_close_approach": 831366000000, "relative_velocity": {"kilometers_per_second": "29.0706692391", "kilometers_per_hour": "104654.4092609332", "miles_per_hour": "65028.1800210504"}, "miss_distance": {"astronomical": "0.1499036395", "lunar": "58.3125152588", "kilometers": "22425266", "miles": "13934414"}, "orbiting_body": "Venus"}, {"close_approach_date": "1998-10-04", "epoch_date_close_approach": 907484400000, "relative_velocity": {"kilometers_per_second": "53.6553086863", "kilometers_per_hour": "193159.1112708506", "miles_per_hour": "120021.5600004905"}, "miss_distance": {"astronomical": "0.0771747874", "lunar": "30.0209941864", "kilometers": "11545184", "miles": "7173845"}, "orbiting_body": "Merc"}, {"close_approach_date": "1998-11-30", "epoch_date_close_approach": 912412800000, "relative_velocity": {"kilometers_per_second": "23.8931885056", "kilometers_per_hour": "86015.478620169", "miles_per_hour": "53446.6733681822"}, "miss_distance": {"astronomical": "0.2716917507", "lunar": "105.6880874634", "kilometers": "40644508", "miles": "25255326"}, "orbiting_body": "Earth"}, {"close_approach_date": "2005-12-20", "epoch_date_close_approach": 1135065600000, "relative_velocity": {"kilometers_per_second": "42.037676777", "kilometers_per_hour": "151335.6363973116", "miles_per_hour": "94034.0791825406"}, "miss_distance": {"astronomical": "0.1271889418", "lunar": "49.4764976501", "kilometers": "19027194", "miles": "11822950"}, "orbiting_body": "Venus"}, {"close_approach_date": "2005-12-29", "epoch_date_close_approach": 1135843200000, "relative_velocity": {"kilometers_per_second": "44.6441071084", "kilometers_per_hour": "160718.7855900834", "miles_per_hour": "99864.4031906827"}, "miss_distance": {"astronomical": "0.4015758792", "lunar": "156.2130279541", "kilometers": "60074900", "miles": "37328812"}, "orbiting_body": "Earth"}, {"close_approach_date": "2008-03-06", "epoch_date_close_approach": 1204790400000, "relative_velocity": {"kilometers_per_second": "41.6918488777", "kilometers_per_hour": "150090.6559595623", "miles_per_hour": "93260.4967544292"}, "miss_distance": {"astronomical": "0.3150445543", "lunar": "122.5523300171", "kilometers": "47129996", "miles": "29285220"}, "orbiting_body": "Earth"}, {"close_approach_date": "2012-12-11", "epoch_date_close_approach": 1355212800000, "relative_velocity": {"kilometers_per_second": "33.816636067", "kilometers_per_hour": "121739.8898413123", "miles_per_hour": "75644.4332183421"}, "miss_distance": {"astronomical": "0.0700392086", "lunar": "27.2452507019", "kilometers": "10477716", "miles": "6510551"}, "orbiting_body": "Venus"}, {"close_approach_date": "2012-12-24", "epoch_date_close_approach": 1356336000000, "relative_velocity": {"kilometers_per_second": "40.1325085625", "kilometers_per_hour": "144477.0308249838", "miles_per_hour": "89772.4084034462"}, "miss_distance": {"astronomical": "0.050255043", "lunar": "19.5492115021", "kilometers": "7518047.5", "miles": "4671498"}, "orbiting_body": "Merc"}, {"close_approach_date": "2015-04-03", "epoch_date_close_approach": 1428044400000, "relative_velocity": {"kilometers_per_second": "21.8179831702", "kilometers_per_hour": "78544.7394127596", "miles_per_hour": "48804.646553445"}, "miss_distance": {"astronomical": "0.3587114892", "lunar": "139.538772583", "kilometers": "53662476", "miles": "33344316"}, "orbiting_body": "Earth"}, {"close_approach_date": "2017-11-25", "epoch_date_close_approach": 1511596800000, "relative_velocity": {"kilometers_per_second": "18.6302681508", "kilometers_per_hour": "67068.9653429491", "miles_per_hour": "41674.0468265675"}, "miss_distance": {"astronomical": "0.4949527758", "lunar": "192.5366210938", "kilometers": "74043880", "miles": "46008736"}, "orbiting_body": "Earth"}, {"close_approach_date": "2022-07-25", "epoch_date_close_approach": 1658732400000, "relative_velocity": {"kilometers_per_second": "35.0386618368", "kilometers_per_hour": "126139.1826123158", "miles_per_hour": "78377.9826626359"}, "miss_distance": {"astronomical": "0.0183885355", "lunar": "7.1531405449", "kilometers": "2750885.75", "miles": "1709321.25"}, "orbiting_body": "Venus"}, {"close_approach_date": "2024-12-17", "epoch_date_close_approach": 1734422400000, "relative_velocity": {"kilometers_per_second": "36.3351587736", "kilometers_per_hour": "130806.5715849708", "miles_per_hour": "81278.1166606725"}, "miss_distance": {"astronomical": "0.1502692818", "lunar": "58.454750061", "kilometers": "22479966", "miles": "13968403"}, "orbiting_body": "Earth"}, {"close_approach_date": "2027-03-13", "epoch_date_close_approach": 1804924800000, "relative_velocity": {"kilometers_per_second": "36.805032945", "kilometers_per_hour": "132498.1186020839", "miles_per_hour": "82329.1781947226"}, "miss_distance": {"astronomical": "0.0870296831", "lunar": "33.8545455933", "kilometers": "13019455", "miles": "8089914.5"}, "orbiting_body": "Merc"}, {"close_approach_date": "2034-03-20", "epoch_date_close_approach": 2026450800000, "relative_velocity": {"kilometers_per_second": "32.580795583", "kilometers_per_hour": "117290.8640987039", "miles_per_hour": "72879.981639553"}, "miss_distance": {"astronomical": "0.042708608", "lunar": "16.6136493683", "kilometers": "6389117", "miles": "3970013.25"}, "orbiting_body": "Earth"}, {"close_approach_date": "2036-09-15", "epoch_date_close_approach": 2105074800000, "relative_velocity": {"kilometers_per_second": "48.7432015241", "kilometers_per_hour": "175475.525486882", "miles_per_hour": "109033.6674893351"}, "miss_distance": {"astronomical": "0.0341668785", "lunar": "13.2909164429", "kilometers": "5111292.5", "miles": "3176010"}, "orbiting_body": "Merc"}, {"close_approach_date": "2043-09-16", "epoch_date_close_approach": 2325999600000, "relative_velocity": {"kilometers_per_second": "32.4488208532", "kilometers_per_hour": "116815.7550713688", "miles_per_hour": "72584.7673664291"}, "miss_distance": {"astronomical": "0.0919834258", "lunar": "35.7815513611", "kilometers": "13760524", "miles": "8550393"}, "orbiting_body": "Venus"}, {"close_approach_date": "2043-11-28", "epoch_date_close_approach": 2332310400000, "relative_velocity": {"kilometers_per_second": "21.5183833036", "kilometers_per_hour": "77466.1798931202", "miles_per_hour": "48134.4716119224"}, "miss_distance": {"astronomical": "0.3687731616", "lunar": "143.4527587891", "kilometers": "55167680", "miles": "34279608"}, "orbiting_body": "Earth"}, {"close_approach_date": "2050-12-19", "epoch_date_close_approach": 2555049600000, "relative_velocity": {"kilometers_per_second": "37.4435847549", "kilometers_per_hour": "134796.9051176965", "miles_per_hour": "83757.5547382709"}, "miss_distance": {"astronomical": "0.1795831083", "lunar": "69.8578262329", "kilometers": "26865250", "miles": "16693292"}, "orbiting_body": "Earth"}, {"close_approach_date": "2053-03-12", "epoch_date_close_approach": 2625375600000, "relative_velocity": {"kilometers_per_second": "45.5853526597", "kilometers_per_hour": "164107.2695750658", "miles_per_hour": "101969.8753645735"}, "miss_distance": {"astronomical": "0.0093227537", "lunar": "3.6265513897", "kilometers": "1394664.125", "miles": "866604.125"}, "orbiting_body": "Merc"}, {"close_approach_date": "2060-03-17", "epoch_date_close_approach": 2846732400000, "relative_velocity": {"kilometers_per_second": "34.1908665835", "kilometers_per_hour": "123087.1197006515", "miles_per_hour": "76481.5494606631"}, "miss_distance": {"astronomical": "0.0816291109", "lunar": "31.7537250519", "kilometers": "12211542", "miles": "7587900"}, "orbiting_body": "Earth"}, {"close_approach_date": "2065-01-01", "epoch_date_close_approach": 2998022400000, "relative_velocity": {"kilometers_per_second": "40.68821176", "kilometers_per_hour": "146477.5623361469", "miles_per_hour": "91015.4608860353"}, "miss_distance": {"astronomical": "0.0513732668", "lunar": "19.9841995239", "kilometers": "7685331", "miles": "4775443.5"}, "orbiting_body": "Merc"}, {"close_approach_date": "2067-04-05", "epoch_date_close_approach": 3069212400000, "relative_velocity": {"kilometers_per_second": "20.4795017701", "kilometers_per_hour": "73726.2063723949", "miles_per_hour": "45810.5975095584"}, "miss_distance": {"astronomical": "0.4205228939", "lunar": "163.583404541", "kilometers": "62909332", "miles": "39090044"}, "orbiting_body": "Earth"}, {"close_approach_date": "2067-06-20", "epoch_date_close_approach": 3075778800000, "relative_velocity": {"kilometers_per_second": "31.940384586", "kilometers_per_hour": "114985.3845095968", "miles_per_hour": "71447.4462804214"}, "miss_distance": {"astronomical": "0.0869853736", "lunar": "33.837310791", "kilometers": "13012827", "miles": "8085795.5"}, "orbiting_body": "Venus"}, {"close_approach_date": "2076-10-18", "epoch_date_close_approach": 3370230000000, "relative_velocity": {"kilometers_per_second": "45.7673297556", "kilometers_per_hour": "164762.3871202047", "miles_per_hour": "102376.9399303294"}, "miss_distance": {"astronomical": "0.0092761316", "lunar": "3.6084151268", "kilometers": "1387689.5", "miles": "862270.25"}, "orbiting_body": "Merc"}, {"close_approach_date": "2076-12-10", "epoch_date_close_approach": 3374812800000, "relative_velocity": {"kilometers_per_second": "30.6466064685", "kilometers_per_hour": "110327.7832865885", "miles_per_hour": "68553.3940093805"}, "miss_distance": {"astronomical": "0.055308695", "lunar": "21.515083313", "kilometers": "8274063", "miles": "5141264.5"}, "orbiting_body": "Earth"}, {"close_approach_date": "2081-08-14", "epoch_date_close_approach": 3522380400000, "relative_velocity": {"kilometers_per_second": "32.5174999114", "kilometers_per_hour": "117062.9996809928", "miles_per_hour": "72738.3955517814"}, "miss_distance": {"astronomical": "0.0760586791", "lunar": "29.5868263245", "kilometers": "11378216", "miles": "7070096"}, "orbiting_body": "Venus"}, {"close_approach_date": "2083-12-29", "epoch_date_close_approach": 3597292800000, "relative_velocity": {"kilometers_per_second": "43.9819494618", "kilometers_per_hour": "158335.0180623925", "miles_per_hour": "98383.2227510461"}, "miss_distance": {"astronomical": "0.3761660142", "lunar": "146.3285827637", "kilometers": "56273636", "miles": "34966816"}, "orbiting_body": "Earth"}, {"close_approach_date": "2086-03-03", "epoch_date_close_approach": 3665980800000, "relative_velocity": {"kilometers_per_second": "44.1306314059", "kilometers_per_hour": "158870.2730611831", "miles_per_hour": "98715.8093918224"}, "miss_distance": {"astronomical": "0.3784866417", "lunar": "147.2312927246", "kilometers": "56620796", "miles": "35182532"}, "orbiting_body": "Earth"}, {"close_approach_date": "2093-03-21", "epoch_date_close_approach": 3888457200000, "relative_velocity": {"kilometers_per_second": "31.792048873", "kilometers_per_hour": "114451.3759427143", "miles_per_hour": "71115.6341239605"}, "miss_distance": {"astronomical": "0.0348202723", "lunar": "13.5450868607", "kilometers": "5209039", "miles": "3236746.75"}, "orbiting_body": "Earth"}, {"close_approach_date": "2100-04-05", "epoch_date_close_approach": 4110591600000, "relative_velocity": {"kilometers_per_second": "20.7339623491", "kilometers_per_hour": "74642.2644566103", "miles_per_hour": "46379.8003786087"}, "miss_distance": {"astronomical": "0.4124961206", "lunar": "160.4609832764", "kilometers": "61708540", "miles": "38343912"}, "orbiting_body": "Earth"}, {"close_approach_date": "2109-10-14", "epoch_date_close_approach": 4411177200000, "relative_velocity": {"kilometers_per_second": "56.9132880396", "kilometers_per_hour": "204887.8369425391", "miles_per_hour": "127309.3340157683"}, "miss_distance": {"astronomical": "0.0934913617", "lunar": "36.3681373596", "kilometers": "13986109", "miles": "8690565"}, "orbiting_body": "Merc"}, {"close_approach_date": "2109-12-07", "epoch_date_close_approach": 4415846400000, "relative_velocity": {"kilometers_per_second": "27.5904495038", "kilometers_per_hour": "99325.618213604", "miles_per_hour": "61717.076495003"}, "miss_distance": {"astronomical": "0.1550929189", "lunar": "60.3311462402", "kilometers": "23201572", "miles": "14416788"}, "orbiting_body": "Earth"}, {"close_approach_date": "2114-06-16", "epoch_date_close_approach": 4558575600000, "relative_velocity": {"kilometers_per_second": "32.4846991929", "kilometers_per_hour": "116944.9170943496", "miles_per_hour": "72665.0236245419"}, "miss_distance": {"astronomical": "0.0937080528", "lunar": "36.4524345398", "kilometers": "14018525", "miles": "8710708"}, "orbiting_body": "Venus"}, {"close_approach_date": "2116-12-23", "epoch_date_close_approach": 4638153600000, "relative_velocity": {"kilometers_per_second": "39.244102091", "kilometers_per_hour": "141278.7675277155", "miles_per_hour": "87785.1319674297"}, "miss_distance": {"astronomical": "0.2329584374", "lunar": "90.6208343506", "kilometers": "34850088", "miles": "21654840"}, "orbiting_body": "Earth"}, {"close_approach_date": "2126-03-15", "epoch_date_close_approach": 4929231600000, "relative_velocity": {"kilometers_per_second": "37.1238531333", "kilometers_per_hour": "133645.8712798634", "miles_per_hour": "83042.3470738685"}, "miss_distance": {"astronomical": "0.1661294948", "lunar": "64.6243743896", "kilometers": "24852620", "miles": "15442702"}, "orbiting_body": "Earth"}, {"close_approach_date": "2128-08-03", "epoch_date_close_approach": 5004572400000, "relative_velocity": {"kilometers_per_second": "39.3856439533", "kilometers_per_hour": "141788.3182317256", "miles_per_hour": "88101.7469590408"}, "miss_distance": {"astronomical": "0.0844315868", "lunar": "32.8438873291", "kilometers": "12630786", "miles": "7848406.5"}, "orbiting_body": "Venus"}, {"close_approach_date": "2133-03-30", "epoch_date_close_approach": 5151452400000, "relative_velocity": {"kilometers_per_second": "25.967068709", "kilometers_per_hour": "93481.4473523078", "miles_per_hour": "58085.7359951048"}, "miss_distance": {"astronomical": "0.2147290791", "lunar": "83.5296173096", "kilometers": "32123014", "miles": "19960316"}, "orbiting_body": "Earth"}, {"close_approach_date": "2140-05-24", "epoch_date_close_approach": 5377129200000, "relative_velocity": {"kilometers_per_second": "36.377621288", "kilometers_per_hour": "130959.4366368936", "miles_per_hour": "81373.1010591854"}, "miss_distance": {"astronomical": "0.097347613", "lunar": "37.868221283", "kilometers": "14562995", "miles": "9049026"}, "orbiting_body": "Merc"}, {"close_approach_date": "2142-11-30", "epoch_date_close_approach": 5456620800000, "relative_velocity": {"kilometers_per_second": "21.6309690645", "kilometers_per_hour": "77871.4886322133", "miles_per_hour": "48386.3147003883"}, "miss_distance": {"astronomical": "0.3704476611", "lunar": "144.1041412354", "kilometers": "55418184", "miles": "34435264"}, "orbiting_body": "Earth"}, {"close_approach_date": "2149-12-01", "epoch_date_close_approach": 5677632000000, "relative_velocity": {"kilometers_per_second": "36.3061944593", "kilometers_per_hour": "130702.30005348", "miles_per_hour": "81213.3263860082"}, "miss_distance": {"astronomical": "0.0145535075", "lunar": "5.6613144875", "kilometers": "2177173.75", "miles": "1352833.125"}, "orbiting_body": "Venus"}, {"close_approach_date": "2149-12-15", "epoch_date_close_approach": 5678841600000, "relative_velocity": {"kilometers_per_second": "32.7375598918", "kilometers_per_hour": "117855.2156104156", "miles_per_hour": "73230.6477219274"}, "miss_distance": {"astronomical": "0.0445334302", "lunar": "17.3235054016", "kilometers": "6662106.5", "miles": "4139641"}, "orbiting_body": "Earth"}, {"close_approach_date": "2157-01-02", "epoch_date_close_approach": 5901321600000, "relative_velocity": {"kilometers_per_second": "45.9552110779", "kilometers_per_hour": "165438.7598803072", "miles_per_hour": "102797.211660072"}, "miss_distance": {"astronomical": "0.4313692914", "lunar": "167.8026580811", "kilometers": "64531932", "miles": "40098284"}, "orbiting_body": "Earth"}, {"close_approach_date": "2159-03-08", "epoch_date_close_approach": 5970009600000, "relative_velocity": {"kilometers_per_second": "41.9228599378", "kilometers_per_hour": "150922.2957759774", "miles_per_hour": "93777.2453948011"}, "miss_distance": {"astronomical": "0.3143028685", "lunar": "122.2638168335", "kilometers": "47019040", "miles": "29216276"}, "orbiting_body": "Earth"}, {"close_approach_date": "2159-04-19", "epoch_date_close_approach": 5973634800000, "relative_velocity": {"kilometers_per_second": "41.1703652535", "kilometers_per_hour": "148213.3149124636", "miles_per_hour": "92093.9900354694"}, "miss_distance": {"astronomical": "0.0442638511", "lunar": "17.2186374664", "kilometers": "6621778", "miles": "4114582"}, "orbiting_body": "Merc"}, {"close_approach_date": "2164-01-24", "epoch_date_close_approach": 6124060800000, "relative_velocity": {"kilometers_per_second": "34.5546765406", "kilometers_per_hour": "124396.8355462356", "miles_per_hour": "77295.3559537151"}, "miss_distance": {"astronomical": "0.0362179341", "lunar": "14.0887765884", "kilometers": "5418126", "miles": "3366667.5"}, "orbiting_body": "Venus"}, {"close_approach_date": "2166-03-27", "epoch_date_close_approach": 6192572400000, "relative_velocity": {"kilometers_per_second": "28.9301655071", "kilometers_per_hour": "104148.5958255488", "miles_per_hour": "64713.8872228251"}, "miss_distance": {"astronomical": "0.109301144", "lunar": "42.5181427002", "kilometers": "16351218", "miles": "10160176"}, "orbiting_body": "Earth"}, {"close_approach_date": "2173-05-21", "epoch_date_close_approach": 6418249200000, "relative_velocity": {"kilometers_per_second": "40.0344154557", "kilometers_per_hour": "144123.8956404926", "miles_per_hour": "89552.9839328383"}, "miss_distance": {"astronomical": "0.0580306248", "lunar": "22.5739135742", "kilometers": "8681258", "miles": "5394283.5"}, "orbiting_body": "Merc"}, {"close_approach_date": "2175-11-30", "epoch_date_close_approach": 6498000000000, "relative_velocity": {"kilometers_per_second": "20.8358369178", "kilometers_per_hour": "75009.012904237", "miles_per_hour": "46607.6836015244"}, "miss_distance": {"astronomical": "0.4005892419", "lunar": "155.829208374", "kilometers": "59927296", "miles": "37237096"}, "orbiting_body": "Earth"}, {"close_approach_date": "2178-03-17", "epoch_date_close_approach": 6570399600000, "relative_velocity": {"kilometers_per_second": "32.8687460339", "kilometers_per_hour": "118327.4857221484", "miles_per_hour": "73524.0980032982"}, "miss_distance": {"astronomical": "0.0684517857", "lunar": "26.6277446747", "kilometers": "10240241", "miles": "6362991"}, "orbiting_body": "Venus"}, {"close_approach_date": "2182-12-16", "epoch_date_close_approach": 6720307200000, "relative_velocity": {"kilometers_per_second": "33.4647562291", "kilometers_per_hour": "120473.1224247589", "miles_per_hour": "74857.3132088731"}, "miss_distance": {"astronomical": "0.0641608776", "lunar": "24.9585800171", "kilometers": "9598331", "miles": "5964126"}, "orbiting_body": "Earth"}, {"close_approach_date": "2185-03-06", "epoch_date_close_approach": 6790377600000, "relative_velocity": {"kilometers_per_second": "50.4591933787", "kilometers_per_hour": "181653.0961633247", "miles_per_hour": "112872.1696688169"}, "miss_distance": {"astronomical": "0.040762666", "lunar": "15.8566770554", "kilometers": "6098008", "miles": "3789126.5"}, "orbiting_body": "Merc"}, {"close_approach_date": "2190-01-05", "epoch_date_close_approach": 6942960000000, "relative_velocity": {"kilometers_per_second": "48.1217986193", "kilometers_per_hour": "173238.4750293141", "miles_per_hour": "107643.6513314091"}, "miss_distance": {"astronomical": "0.4959483401", "lunar": "192.9239044189", "kilometers": "74192816", "miles": "46101280"}, "orbiting_body": "Earth"}, {"close_approach_date": "2192-03-11", "epoch_date_close_approach": 7011734400000, "relative_velocity": {"kilometers_per_second": "40.0052618391", "kilometers_per_hour": "144018.9426208975", "miles_per_hour": "89487.7702079682"}, "miss_distance": {"astronomical": "0.2570299601", "lunar": "99.9846496582", "kilometers": "38451132", "miles": "23892426"}, "orbiting_body": "Earth"}, {"close_approach_date": "2192-05-11", "epoch_date_close_approach": 7017001200000, "relative_velocity": {"kilometers_per_second": "33.4825706936", "kilometers_per_hour": "120537.2544968527", "miles_per_hour": "74897.1623844472"}, "miss_distance": {"astronomical": "0.056078616", "lunar": "21.8145809174", "kilometers": "8389242", "miles": "5212833"}, "orbiting_body": "Venus"}, {"close_approach_date": "2196-12-22", "epoch_date_close_approach": 7162675200000, "relative_velocity": {"kilometers_per_second": "55.5279795373", "kilometers_per_hour": "199900.7263344521", "miles_per_hour": "124210.5374270933"}, "miss_distance": {"astronomical": "0.0866433228", "lunar": "33.7042541504", "kilometers": "12961657", "miles": "8054000"}, "orbiting_body": "Merc"}, {"close_approach_date": "2199-03-31", "epoch_date_close_approach": 7234297200000, "relative_velocity": {"kilometers_per_second": "25.9505742916", "kilometers_per_hour": "93422.0674496585", "miles_per_hour": "58048.839632817"}, "miss_distance": {"astronomical": "0.2083436717", "lunar": "81.0456848145", "kilometers": "31167770", "miles": "19366754"}, "orbiting_body": "Earth"}], "orbital_data": {"orbit_id": "30", "orbit_determination_date": "2017-12-26 06:23:05", "orbit_uncertainty": "0", "minimum_orbit_intersection": ".0300074", "jupiter_tisserand_invariant": "3.512", "epoch_osculation": "2458000.5", "eccentricity": ".8656591367631954", "semi_major_axis": "1.777451243947379", "inclination": "3.058324150498754", "ascending_node_longitude": "224.1856934211672", "orbital_period": "865.5556028516255", "perihelion_distance": ".2387843344732231", "perihelion_argument": "85.71687182954155", "aphelion_distance": "3.316118153421535", "perihelion_time": "2458029.812937932669", "mean_anomaly": "347.808226737838", "mean_motion": ".4159178206621945", "equinox": "J2000"}}