{"links": {"self": "https://api.nasa.gov/neo/rest/v1/neo/3726711?api_key=stjNMXvPIBN6FqEBpH6hQbWAtFDv0RARRez0p7z1"}, "neo_reference_id": "3726711", "name": "(2015 RS1)", "nasa_jpl_url": "http://ssd.jpl.nasa.gov/sbdb.cgi?sstr=3726711", "absolute_magnitude_h": 20.6, "estimated_diameter": {"kilometers": {"estimated_diameter_min": 0.2016299194, "estimated_diameter_max": 0.4508582062}, "meters": {"estimated_diameter_min": 201.6299194428, "estimated_diameter_max": 450.8582061718}, "miles": {"estimated_diameter_min": 0.1252869847, "estimated_diameter_max": 0.2801502144}, "feet": {"estimated_diameter_min": 661.5155049046, "estimated_diameter_max": 1479.1936371367}}, "is_potentially_hazardous_asteroid": true, "close_approach_data": [{"close_approach_date": "1912-08-10", "epoch_date_close_approach": -1811174400000, "relative_velocity": {"kilometers_per_second": "7.7969303995", "kilometers_per_hour": "28068.9494381962", "miles_per_hour": "17440.9536106392"}, "miss_distance": {"astronomical": "0.0597835492", "lunar": "23.2558002472", "kilometers": "8943492", "miles": "5557228"}, "orbiting_body": "Earth"}, {"close_approach_date": "1937-07-25", "epoch_date_close_approach": -1023638400000, "relative_velocity": {"kilometers_per_second": "7.8496783403", "kilometers_per_hour": "28258.8420251931", "miles_per_hour": "17558.9454794874"}, "miss_distance": {"astronomical": "0.1014448562", "lunar": "39.4620475769", "kilometers": "15175934", "miles": "9429888"}, "orbiting_body": "Earth"}, {"close_approach_date": "1962-06-23", "epoch_date_close_approach": -237488400000, "relative_velocity": {"kilometers_per_second": "13.3432550941", "kilometers_per_hour": "48035.7183389288", "miles_per_hour": "29847.5273200972"}, "miss_distance": {"astronomical": "0.2620204402", "lunar": "101.9259490967", "kilometers": "39197700", "miles": "24356322"}, "orbiting_body": "Earth"}, {"close_approach_date": "1965-09-21", "epoch_date_close_approach": -135018000000, "relative_velocity": {"kilometers_per_second": "18.7039751148", "kilometers_per_hour": "67334.310413204", "miles_per_hour": "41838.9219342489"}, "miss_distance": {"astronomical": "0.395020978", "lunar": "153.6631622314", "kilometers": "59094300", "miles": "36719496"}, "orbiting_body": "Earth"}, {"close_approach_date": "1990-09-01", "epoch_date_close_approach": 652172400000, "relative_velocity": {"kilometers_per_second": "10.6397893386", "kilometers_per_hour": "38303.241618785", "miles_per_hour": "23800.1447714056"}, "miss_distance": {"astronomical": "0.115609118", "lunar": "44.9719467163", "kilometers": "17294878", "miles": "10746539"}, "orbiting_body": "Earth"}, {"close_approach_date": "2015-08-27", "epoch_date_close_approach": 1440658800000, "relative_velocity": {"kilometers_per_second": "9.4095663609", "kilometers_per_hour": "33874.4388992213", "miles_per_hour": "21048.2589926856"}, "miss_distance": {"astronomical": "0.0731918667", "lunar": "28.4716358185", "kilometers": "10949347", "miles": "6803609"}, "orbiting_body": "Earth"}, {"close_approach_date": "2040-09-02", "epoch_date_close_approach": 2230182000000, "relative_velocity": {"kilometers_per_second": "10.8499408979", "kilometers_per_hour": "39059.7872324962", "miles_per_hour": "24270.2327945474"}, "miss_distance": {"astronomical": "0.1262604314", "lunar": "49.1153068542", "kilometers": "18888292", "miles": "11736640"}, "orbiting_body": "Earth"}, {"close_approach_date": "2062-06-19", "epoch_date_close_approach": 2917926000000, "relative_velocity": {"kilometers_per_second": "15.5991526759", "kilometers_per_hour": "56156.9496333977", "miles_per_hour": "34893.7446208187"}, "miss_distance": {"astronomical": "0.3340843437", "lunar": "129.9588012695", "kilometers": "49978304", "miles": "31055080"}, "orbiting_body": "Earth"}, {"close_approach_date": "2065-09-22", "epoch_date_close_approach": 3020828400000, "relative_velocity": {"kilometers_per_second": "18.6044478746", "kilometers_per_hour": "66976.0123484837", "miles_per_hour": "41616.2894506453"}, "miss_distance": {"astronomical": "0.3970961959", "lunar": "154.470413208", "kilometers": "59404744", "miles": "36912396"}, "orbiting_body": "Earth"}, {"close_approach_date": "2087-07-14", "epoch_date_close_approach": 3709004400000, "relative_velocity": {"kilometers_per_second": "9.2922080122", "kilometers_per_hour": "33451.9488440149", "miles_per_hour": "20785.7401025491"}, "miss_distance": {"astronomical": "0.1421274219", "lunar": "55.2875671387", "kilometers": "21261960", "miles": "13211570"}, "orbiting_body": "Earth"}, {"close_approach_date": "2112-08-05", "epoch_date_close_approach": 4499823600000, "relative_velocity": {"kilometers_per_second": "7.6792459431", "kilometers_per_hour": "27645.2853951592", "miles_per_hour": "17177.7052501199"}, "miss_distance": {"astronomical": "0.0758179555", "lunar": "29.4931850433", "kilometers": "11342205", "miles": "7047719.5"}, "orbiting_body": "Earth"}, {"close_approach_date": "2137-08-01", "epoch_date_close_approach": 5288396400000, "relative_velocity": {"kilometers_per_second": "7.929733543", "kilometers_per_hour": "28547.0407547153", "miles_per_hour": "17738.0209622841"}, "miss_distance": {"astronomical": "0.0845428718", "lunar": "32.8871765137", "kilometers": "12647434", "miles": "7858751"}, "orbiting_body": "Earth"}, {"close_approach_date": "2162-06-27", "epoch_date_close_approach": 6074290800000, "relative_velocity": {"kilometers_per_second": "13.5137568015", "kilometers_per_hour": "48649.5244852466", "miles_per_hour": "30228.9225891801"}, "miss_distance": {"astronomical": "0.2700599308", "lunar": "105.053314209", "kilometers": "40400392", "miles": "25103640"}, "orbiting_body": "Earth"}, {"close_approach_date": "2165-09-26", "epoch_date_close_approach": 6176847600000, "relative_velocity": {"kilometers_per_second": "19.3698471296", "kilometers_per_hour": "69731.4496665125", "miles_per_hour": "43328.4110441727"}, "miss_distance": {"astronomical": "0.4249153195", "lunar": "165.2920532227", "kilometers": "63566428", "miles": "39498348"}, "orbiting_body": "Earth"}, {"close_approach_date": "2187-06-13", "epoch_date_close_approach": 6861999600000, "relative_velocity": {"kilometers_per_second": "19.514773096", "kilometers_per_hour": "70253.1831454621", "miles_per_hour": "43652.5959383567"}, "miss_distance": {"astronomical": "0.4622084937", "lunar": "179.7991027832", "kilometers": "69145408", "miles": "42964964"}, "orbiting_body": "Earth"}, {"close_approach_date": "2190-09-12", "epoch_date_close_approach": 6964556400000, "relative_velocity": {"kilometers_per_second": "13.204905057", "kilometers_per_hour": "47537.6582052497", "miles_per_hour": "29538.0521220342"}, "miss_distance": {"astronomical": "0.2096146389", "lunar": "81.5400924683", "kilometers": "31357904", "miles": "19484898"}, "orbiting_body": "Earth"}], "orbital_data": {"orbit_id": "45", "orbit_determination_date": "2017-04-06 08:32:14", "orbit_uncertainty": "5", "minimum_orbit_intersection": ".0495488", "jupiter_tisserand_invariant": "3.525", "epoch_osculation": "2458000.5", "eccentricity": ".512579862478129", "semi_major_axis": "2.137093757850501", "inclination": "7.972735357837432", "ascending_node_longitude": "336.4518801884776", "orbital_period": "1141.126498976302", "perihelion_distance": "1.041662533348623", "perihelion_argument": "334.1896676421418", "aphelion_distance": "3.232524982352378", "perihelion_time": "2458384.797596108571", "mean_anomaly": "238.7626659067194", "mean_motion": ".3154777321558599", "equinox": "J2000"}}