{"links": {"self": "https://api.nasa.gov/neo/rest/v1/neo/3726510?api_key=stjNMXvPIBN6FqEBpH6hQbWAtFDv0RARRez0p7z1"}, "neo_reference_id": "3726510", "name": "(2015 PM307)", "nasa_jpl_url": "http://ssd.jpl.nasa.gov/sbdb.cgi?sstr=3726510", "absolute_magnitude_h": 21.7, "estimated_diameter": {"kilometers": {"estimated_diameter_min": 0.1214940408, "estimated_diameter_max": 0.2716689341}, "meters": {"estimated_diameter_min": 121.4940407996, "estimated_diameter_max": 271.6689340891}, "miles": {"estimated_diameter_min": 0.0754928736, "estimated_diameter_max": 0.1688071972}, "feet": {"estimated_diameter_min": 398.6025088171, "estimated_diameter_max": 891.3023057169}}, "is_potentially_hazardous_asteroid": true, "close_approach_data": [{"close_approach_date": "2015-08-27", "epoch_date_close_approach": 1440658800000, "relative_velocity": {"kilometers_per_second": "34.3189377243", "kilometers_per_hour": "123548.1758075376", "miles_per_hour": "76768.0317955225"}, "miss_distance": {"astronomical": "0.153557158", "lunar": "59.7337303162", "kilometers": "22971824", "miles": "14274029"}, "orbiting_body": "Earth"}, {"close_approach_date": "2015-09-09", "epoch_date_close_approach": 1441782000000, "relative_velocity": {"kilometers_per_second": "29.2226429075", "kilometers_per_hour": "105201.5144670522", "miles_per_hour": "65368.1299198192"}, "miss_distance": {"astronomical": "0.085719412", "lunar": "33.3448524475", "kilometers": "12823442", "miles": "7968117.5"}, "orbiting_body": "Venus"}], "orbital_data": {"orbit_id": "4", "orbit_determination_date": "2017-04-06 08:32:23", "orbit_uncertainty": "9", "minimum_orbit_intersection": ".0446628", "jupiter_tisserand_invariant": "3.035", "epoch_osculation": "2457249.5", "eccentricity": ".8607199133727426", "semi_major_axis": "2.184568019863367", "inclination": "8.037905444741723", "ascending_node_longitude": "142.1075266128104", "orbital_period": "1179.361060519718", "perihelion_distance": ".3042668230497059", "perihelion_argument": "319.1646374742832", "aphelion_distance": "4.064869216677027", "perihelion_time": "2457302.033595447867", "mean_anomaly": "343.9641183736404", "mean_motion": ".30525003075933", "equinox": "J2000"}}