{"links": {"self": "https://api.nasa.gov/neo/rest/v1/neo/3734189?api_key=stjNMXvPIBN6FqEBpH6hQbWAtFDv0RARRez0p7z1"}, "neo_reference_id": "3734189", "name": "(2015 VO66)", "nasa_jpl_url": "http://ssd.jpl.nasa.gov/sbdb.cgi?sstr=3734189", "absolute_magnitude_h": 20.6, "estimated_diameter": {"kilometers": {"estimated_diameter_min": 0.2016299194, "estimated_diameter_max": 0.4508582062}, "meters": {"estimated_diameter_min": 201.6299194428, "estimated_diameter_max": 450.8582061718}, "miles": {"estimated_diameter_min": 0.1252869847, "estimated_diameter_max": 0.2801502144}, "feet": {"estimated_diameter_min": 661.5155049046, "estimated_diameter_max": 1479.1936371367}}, "is_potentially_hazardous_asteroid": true, "close_approach_data": [{"close_approach_date": "1900-07-04", "epoch_date_close_approach": -2193062400000, "relative_velocity": {"kilometers_per_second": "27.2544270375", "kilometers_per_hour": "98115.9373350292", "miles_per_hour": "60965.4278402019"}, "miss_distance": {"astronomical": "0.0321997815", "lunar": "12.5257148743", "kilometers": "4817019", "miles": "2993156.75"}, "orbiting_body": "Merc"}, {"close_approach_date": "1903-02-28", "epoch_date_close_approach": -2109340800000, "relative_velocity": {"kilometers_per_second": "14.7468393556", "kilometers_per_hour": "53088.6216800272", "miles_per_hour": "32987.2049544591"}, "miss_distance": {"astronomical": "0.2890269323", "lunar": "112.4314804077", "kilometers": "43237816", "miles": "26866734"}, "orbiting_body": "Earth"}, {"close_approach_date": "1904-02-13", "epoch_date_close_approach": -2079100800000, "relative_velocity": {"kilometers_per_second": "27.9076442745", "kilometers_per_hour": "100467.5193882932", "miles_per_hour": "62426.609477687"}, "miss_distance": {"astronomical": "0.3579489748", "lunar": "139.2421569824", "kilometers": "53548408", "miles": "33273438"}, "orbiting_body": "Earth"}, {"close_approach_date": "1906-02-13", "epoch_date_close_approach": -2015942400000, "relative_velocity": {"kilometers_per_second": "22.8593692904", "kilometers_per_hour": "82293.7294455696", "miles_per_hour": "51134.1231657763"}, "miss_distance": {"astronomical": "0.055409879", "lunar": "21.5544433594", "kilometers": "8289200", "miles": "5150670"}, "orbiting_body": "Merc"}, {"close_approach_date": "1907-01-01", "epoch_date_close_approach": -1988121600000, "relative_velocity": {"kilometers_per_second": "32.4286188214", "kilometers_per_hour": "116743.0277571199", "miles_per_hour": "72539.5774416393"}, "miss_distance": {"astronomical": "0.0671673716", "lunar": "26.1281070709", "kilometers": "10048096", "miles": "6243597.5"}, "orbiting_body": "Merc"}, {"close_approach_date": "1909-12-01", "epoch_date_close_approach": -1896105600000, "relative_velocity": {"kilometers_per_second": "18.459872702", "kilometers_per_hour": "66455.5417273523", "miles_per_hour": "41292.8892471984"}, "miss_distance": {"astronomical": "0.1219003385", "lunar": "47.4192314148", "kilometers": "18236030", "miles": "11331344"}, "orbiting_body": "Venus"}, {"close_approach_date": "1910-11-21", "epoch_date_close_approach": -1865433600000, "relative_velocity": {"kilometers_per_second": "24.8243815971", "kilometers_per_hour": "89367.7737497062", "miles_per_hour": "55529.6591946438"}, "miss_distance": {"astronomical": "0.1662171469", "lunar": "64.6584701538", "kilometers": "24865732", "miles": "15450849"}, "orbiting_body": "Earth"}, {"close_approach_date": "1911-10-08", "epoch_date_close_approach": -1837699200000, "relative_velocity": {"kilometers_per_second": "21.9581185616", "kilometers_per_hour": "79049.226821868", "miles_per_hour": "49118.1154105101"}, "miss_distance": {"astronomical": "0.0750479256", "lunar": "29.1936435699", "kilometers": "11227010", "miles": "6976140.5"}, "orbiting_body": "Venus"}, {"close_approach_date": "1911-11-18", "epoch_date_close_approach": -1834156800000, "relative_velocity": {"kilometers_per_second": "14.649112101", "kilometers_per_hour": "52736.8035635017", "miles_per_hour": "32768.5988586658"}, "miss_distance": {"astronomical": "0.2538161185", "lunar": "98.7344741821", "kilometers": "37970352", "miles": "23593684"}, "orbiting_body": "Earth"}, {"close_approach_date": "1912-08-09", "epoch_date_close_approach": -1811260800000, "relative_velocity": {"kilometers_per_second": "22.2457812103", "kilometers_per_hour": "80084.8123570933", "miles_per_hour": "49761.5879893283"}, "miss_distance": {"astronomical": "0.0760663422", "lunar": "29.5898075104", "kilometers": "11379363", "miles": "7070808.5"}, "orbiting_body": "Merc"}, {"close_approach_date": "1913-08-15", "epoch_date_close_approach": -1779206400000, "relative_velocity": {"kilometers_per_second": "25.4827133794", "kilometers_per_hour": "91737.7681657583", "miles_per_hour": "57002.2815583291"}, "miss_distance": {"astronomical": "0.087816619", "lunar": "34.1606636047", "kilometers": "13137179", "miles": "8163064.5"}, "orbiting_body": "Venus"}, {"close_approach_date": "1915-01-30", "epoch_date_close_approach": -1733155200000, "relative_velocity": {"kilometers_per_second": "14.2540080496", "kilometers_per_hour": "51314.4289785964", "miles_per_hour": "31884.7906061728"}, "miss_distance": {"astronomical": "0.497821424", "lunar": "193.6525268555", "kilometers": "74473024", "miles": "46275392"}, "orbiting_body": "Earth"}, {"close_approach_date": "1915-06-23", "epoch_date_close_approach": -1720713600000, "relative_velocity": {"kilometers_per_second": "29.1397583864", "kilometers_per_hour": "104903.1301911073", "miles_per_hour": "65182.72553458"}, "miss_distance": {"astronomical": "0.1457344896", "lunar": "56.6907157898", "kilometers": "21801570", "miles": "13546867"}, "orbiting_body": "Venus"}, {"close_approach_date": "1916-02-28", "epoch_date_close_approach": -1699113600000, "relative_velocity": {"kilometers_per_second": "15.9992060862", "kilometers_per_hour": "57597.1419104104", "miles_per_hour": "35788.6240942769"}, "miss_distance": {"astronomical": "0.2669491129", "lunar": "103.843208313", "kilometers": "39935020", "miles": "24814470"}, "orbiting_body": "Earth"}, {"close_approach_date": "1917-02-11", "epoch_date_close_approach": -1668960000000, "relative_velocity": {"kilometers_per_second": "29.3024817041", "kilometers_per_hour": "105488.9341349371", "miles_per_hour": "65546.7213240113"}, "miss_distance": {"astronomical": "0.3904683935", "lunar": "151.8921966553", "kilometers": "58413240", "miles": "36296304"}, "orbiting_body": "Earth"}, {"close_approach_date": "1919-02-03", "epoch_date_close_approach": -1606579200000, "relative_velocity": {"kilometers_per_second": "22.3091056582", "kilometers_per_hour": "80312.7803693965", "miles_per_hour": "49903.2384467509"}, "miss_distance": {"astronomical": "0.0791956456", "lunar": "30.8071079254", "kilometers": "11847500", "miles": "7361695.5"}, "orbiting_body": "Merc"}, {"close_approach_date": "1923-11-20", "epoch_date_close_approach": -1455292800000, "relative_velocity": {"kilometers_per_second": "23.8073362553", "kilometers_per_hour": "85706.4105191592", "miles_per_hour": "53254.6304695298"}, "miss_distance": {"astronomical": "0.1342798608", "lunar": "52.2348670959", "kilometers": "20087982", "miles": "12482093"}, "orbiting_body": "Earth"}, {"close_approach_date": "1924-11-19", "epoch_date_close_approach": -1423756800000, "relative_velocity": {"kilometers_per_second": "14.4479050466", "kilometers_per_hour": "52012.4581678464", "miles_per_hour": "32318.5187987932"}, "miss_distance": {"astronomical": "0.2796399569", "lunar": "108.7799453735", "kilometers": "41833544", "miles": "25994158"}, "orbiting_body": "Earth"}, {"close_approach_date": "1925-07-31", "epoch_date_close_approach": -1401811200000, "relative_velocity": {"kilometers_per_second": "22.1638561937", "kilometers_per_hour": "79789.8822974554", "miles_per_hour": "49578.3299197716"}, "miss_distance": {"astronomical": "0.0707331434", "lunar": "27.5151939392", "kilometers": "10581528", "miles": "6575056.5"}, "orbiting_body": "Merc"}, {"close_approach_date": "1928-02-01", "epoch_date_close_approach": -1322755200000, "relative_velocity": {"kilometers_per_second": "14.1201388525", "kilometers_per_hour": "50832.4998690914", "miles_per_hour": "31585.3385992141"}, "miss_distance": {"astronomical": "0.4889540651", "lunar": "190.203125", "kilometers": "73146488", "miles": "45451120"}, "orbiting_body": "Earth"}, {"close_approach_date": "1929-02-27", "epoch_date_close_approach": -1288886400000, "relative_velocity": {"kilometers_per_second": "16.6746433651", "kilometers_per_hour": "60028.7161145234", "miles_per_hour": "37299.5097434937"}, "miss_distance": {"astronomical": "0.2576305554", "lunar": "100.2182846069", "kilometers": "38540984", "miles": "23948256"}, "orbiting_body": "Earth"}, {"close_approach_date": "1930-02-10", "epoch_date_close_approach": -1258819200000, "relative_velocity": {"kilometers_per_second": "30.0114792126", "kilometers_per_hour": "108041.3251654468", "miles_per_hour": "67132.6778507189"}, "miss_distance": {"astronomical": "0.4076671354", "lunar": "158.5825195312", "kilometers": "60986136", "miles": "37895028"}, "orbiting_body": "Earth"}, {"close_approach_date": "1931-03-10", "epoch_date_close_approach": -1224864000000, "relative_velocity": {"kilometers_per_second": "35.3967751902", "kilometers_per_hour": "127428.3906847866", "miles_per_hour": "79179.0464229998"}, "miss_distance": {"astronomical": "0.09839163", "lunar": "38.2743453979", "kilometers": "14719178", "miles": "9146073"}, "orbiting_body": "Merc"}, {"close_approach_date": "1932-01-27", "epoch_date_close_approach": -1196956800000, "relative_velocity": {"kilometers_per_second": "22.8244210912", "kilometers_per_hour": "82167.9159284662", "miles_per_hour": "51055.9475389961"}, "miss_distance": {"astronomical": "0.0517603843", "lunar": "20.1347885132", "kilometers": "7743243", "miles": "4811428"}, "orbiting_body": "Merc"}, {"close_approach_date": "1932-12-09", "epoch_date_close_approach": -1169568000000, "relative_velocity": {"kilometers_per_second": "24.150429493", "kilometers_per_hour": "86941.5461747089", "miles_per_hour": "54022.0957328351"}, "miss_distance": {"astronomical": "0.1196624669", "lunar": "46.5486984253", "kilometers": "17901250", "miles": "11123321"}, "orbiting_body": "Venus"}, {"close_approach_date": "1934-10-18", "epoch_date_close_approach": -1110988800000, "relative_velocity": {"kilometers_per_second": "20.4853301613", "kilometers_per_hour": "73747.188580829", "miles_per_hour": "45823.6350379046"}, "miss_distance": {"astronomical": "0.1275573026", "lunar": "49.6197929382", "kilometers": "19082302", "miles": "11857193"}, "orbiting_body": "Venus"}, {"close_approach_date": "1936-11-19", "epoch_date_close_approach": -1045065600000, "relative_velocity": {"kilometers_per_second": "22.9840559461", "kilometers_per_hour": "82742.6014061335", "miles_per_hour": "51413.0347459389"}, "miss_distance": {"astronomical": "0.1088426854", "lunar": "42.339805603", "kilometers": "16282634", "miles": "10117560"}, "orbiting_body": "Earth"}, {"close_approach_date": "1937-09-07", "epoch_date_close_approach": -1019836800000, "relative_velocity": {"kilometers_per_second": "29.2872174433", "kilometers_per_hour": "105433.9827959866", "miles_per_hour": "65512.576698984"}, "miss_distance": {"astronomical": "0.0579434501", "lunar": "22.5400009155", "kilometers": "8668217", "miles": "5386180"}, "orbiting_body": "Merc"}, {"close_approach_date": "1937-11-21", "epoch_date_close_approach": -1013356800000, "relative_velocity": {"kilometers_per_second": "14.3450032926", "kilometers_per_hour": "51642.0118533175", "miles_per_hour": "32088.3378651905"}, "miss_distance": {"astronomical": "0.3013784564", "lunar": "117.2362213135", "kilometers": "45085576", "miles": "28014878"}, "orbiting_body": "Earth"}, {"close_approach_date": "1938-07-25", "epoch_date_close_approach": -992102400000, "relative_velocity": {"kilometers_per_second": "25.6921076299", "kilometers_per_hour": "92491.587467717", "miles_per_hour": "57470.6755573712"}, "miss_distance": {"astronomical": "0.0306482868", "lunar": "11.9221839905", "kilometers": "4584918.5", "miles": "2848936.25"}, "orbiting_body": "Merc"}, {"close_approach_date": "1941-02-02", "epoch_date_close_approach": -912355200000, "relative_velocity": {"kilometers_per_second": "13.964696146", "kilometers_per_hour": "50272.9061256187", "miles_per_hour": "31237.628808999"}, "miss_distance": {"astronomical": "0.477986385", "lunar": "185.936706543", "kilometers": "71505744", "miles": "44431612"}, "orbiting_body": "Earth"}, {"close_approach_date": "1942-02-26", "epoch_date_close_approach": -878749200000, "relative_velocity": {"kilometers_per_second": "17.4698806424", "kilometers_per_hour": "62891.5703125172", "miles_per_hour": "39078.3760089083"}, "miss_distance": {"astronomical": "0.249133617", "lunar": "96.912979126", "kilometers": "37269860", "miles": "23158416"}, "orbiting_body": "Earth"}, {"close_approach_date": "1943-02-09", "epoch_date_close_approach": -848682000000, "relative_velocity": {"kilometers_per_second": "30.8577713834", "kilometers_per_hour": "111087.9769803988", "miles_per_hour": "69025.7488076261"}, "miss_distance": {"astronomical": "0.4281316725", "lunar": "166.5432128906", "kilometers": "64047588", "miles": "39797324"}, "orbiting_body": "Earth"}, {"close_approach_date": "1944-03-07", "epoch_date_close_approach": -814813200000, "relative_velocity": {"kilometers_per_second": "25.099520601", "kilometers_per_hour": "90358.2741635017", "miles_per_hour": "56145.1176323158"}, "miss_distance": {"astronomical": "0.0463324746", "lunar": "18.0233325958", "kilometers": "6931239.5", "miles": "4306872.5"}, "orbiting_body": "Merc"}, {"close_approach_date": "1945-01-22", "epoch_date_close_approach": -787078800000, "relative_velocity": {"kilometers_per_second": "28.9687120142", "kilometers_per_hour": "104287.3632512593", "miles_per_hour": "64800.1119046506"}, "miss_distance": {"astronomical": "0.0403156707", "lunar": "15.6827955246", "kilometers": "6031138.5", "miles": "3747575.5"}, "orbiting_body": "Merc"}, {"close_approach_date": "1948-12-05", "epoch_date_close_approach": -664995600000, "relative_velocity": {"kilometers_per_second": "35.859888436", "kilometers_per_hour": "129095.5983697321", "miles_per_hour": "80214.9844425705"}, "miss_distance": {"astronomical": "0.4964629355", "lunar": "193.1240844727", "kilometers": "74269800", "miles": "46149112"}, "orbiting_body": "Earth"}, {"close_approach_date": "1949-11-19", "epoch_date_close_approach": -634838400000, "relative_velocity": {"kilometers_per_second": "22.5255480626", "kilometers_per_hour": "81091.9730255263", "miles_per_hour": "50387.3984613333"}, "miss_distance": {"astronomical": "0.0954920115", "lunar": "37.1463928223", "kilometers": "14285402", "miles": "8876537"}, "orbiting_body": "Earth"}, {"close_approach_date": "1950-09-04", "epoch_date_close_approach": -609872400000, "relative_velocity": {"kilometers_per_second": "22.8939241768", "kilometers_per_hour": "82418.1270363749", "miles_per_hour": "51211.4189910186"}, "miss_distance": {"astronomical": "0.0549844883", "lunar": "21.3889656067", "kilometers": "8225562.5", "miles": "5111127.5"}, "orbiting_body": "Merc"}, {"close_approach_date": "1950-11-22", "epoch_date_close_approach": -603043200000, "relative_velocity": {"kilometers_per_second": "14.3225624343", "kilometers_per_hour": "51561.2247633119", "miles_per_hour": "32038.1399091812"}, "miss_distance": {"astronomical": "0.3114473503", "lunar": "121.1530227661", "kilometers": "46591860", "miles": "28950840"}, "orbiting_body": "Earth"}, {"close_approach_date": "1951-07-24", "epoch_date_close_approach": -581965200000, "relative_velocity": {"kilometers_per_second": "31.9780491938", "kilometers_per_hour": "115120.977097603", "miles_per_hour": "71531.6982415634"}, "miss_distance": {"astronomical": "0.0632822134", "lunar": "24.6167812347", "kilometers": "9466885", "miles": "5882449.5"}, "orbiting_body": "Merc"}, {"close_approach_date": "1954-02-03", "epoch_date_close_approach": -502041600000, "relative_velocity": {"kilometers_per_second": "13.9190695365", "kilometers_per_hour": "50108.6503313161", "miles_per_hour": "31135.5666461447"}, "miss_distance": {"astronomical": "0.4742707543", "lunar": "184.4913330078", "kilometers": "70949896", "miles": "44086220"}, "orbiting_body": "Earth"}, {"close_approach_date": "1954-04-25", "epoch_date_close_approach": -495043200000, "relative_velocity": {"kilometers_per_second": "18.9173346875", "kilometers_per_hour": "68102.4048748704", "miles_per_hour": "42316.1859623882"}, "miss_distance": {"astronomical": "0.4996444426", "lunar": "194.3616790771", "kilometers": "74745744", "miles": "46444852"}, "orbiting_body": "Earth"}, {"close_approach_date": "1955-02-26", "epoch_date_close_approach": -468518400000, "relative_velocity": {"kilometers_per_second": "17.72348296", "kilometers_per_hour": "63804.5386558812", "miles_per_hour": "39645.6590331502"}, "miss_distance": {"astronomical": "0.2469517953", "lunar": "96.0642471313", "kilometers": "36943464", "miles": "22955604"}, "orbiting_body": "Earth"}, {"close_approach_date": "1956-02-09", "epoch_date_close_approach": -438451200000, "relative_velocity": {"kilometers_per_second": "31.1284757558", "kilometers_per_hour": "112062.512720723", "miles_per_hour": "69631.2874180515"}, "miss_distance": {"astronomical": "0.434494242", "lunar": "169.0182495117", "kilometers": "64999412", "miles": "40388760"}, "orbiting_body": "Earth"}, {"close_approach_date": "1957-03-04", "epoch_date_close_approach": -404841600000, "relative_velocity": {"kilometers_per_second": "22.1865812673", "kilometers_per_hour": "79871.6925622116", "miles_per_hour": "49629.1636367809"}, "miss_distance": {"astronomical": "0.0667248669", "lunar": "25.9559726715", "kilometers": "9981898", "miles": "6202464"}, "orbiting_body": "Merc"}, {"close_approach_date": "1958-01-22", "epoch_date_close_approach": -376848000000, "relative_velocity": {"kilometers_per_second": "34.9971762831", "kilometers_per_hour": "125989.8346190902", "miles_per_hour": "78285.183627623"}, "miss_distance": {"astronomical": "0.0891621513", "lunar": "34.6840744019", "kilometers": "13338468", "miles": "8288139.5"}, "orbiting_body": "Merc"}, {"close_approach_date": "1960-12-22", "epoch_date_close_approach": -284832000000, "relative_velocity": {"kilometers_per_second": "17.3243328228", "kilometers_per_hour": "62367.5981620598", "miles_per_hour": "38752.8000913088"}, "miss_distance": {"astronomical": "0.1428547667", "lunar": "55.5705032349", "kilometers": "21370768", "miles": "13279180"}, "orbiting_body": "Venus"}, {"close_approach_date": "1961-12-05", "epoch_date_close_approach": -254764800000, "relative_velocity": {"kilometers_per_second": "35.6175211634", "kilometers_per_hour": "128223.0761882926", "miles_per_hour": "79672.8330904421"}, "miss_distance": {"astronomical": "0.4897780831", "lunar": "190.5236663818", "kilometers": "73269760", "miles": "45527716"}, "orbiting_body": "Earth"}, {"close_approach_date": "1962-10-30", "epoch_date_close_approach": -226339200000, "relative_velocity": {"kilometers_per_second": "21.0621742061", "kilometers_per_hour": "75823.8271420626", "miles_per_hour": "47113.9774816888"}, "miss_distance": {"astronomical": "0.0822855764", "lunar": "32.0090904236", "kilometers": "12309747", "miles": "7648922"}, "orbiting_body": "Venus"}, {"close_approach_date": "1962-11-19", "epoch_date_close_approach": -224611200000, "relative_velocity": {"kilometers_per_second": "22.2853392924", "kilometers_per_hour": "80227.2214525486", "miles_per_hour": "49850.0754631127"}, "miss_distance": {"astronomical": "0.0888363935", "lunar": "34.5573577881", "kilometers": "13289736", "miles": "8257859"}, "orbiting_body": "Earth"}, {"close_approach_date": "1963-08-31", "epoch_date_close_approach": -199990800000, "relative_velocity": {"kilometers_per_second": "22.2259618082", "kilometers_per_hour": "80013.4625095765", "miles_per_hour": "49717.2539687977"}, "miss_distance": {"astronomical": "0.0764209587", "lunar": "29.7277507782", "kilometers": "11432412", "miles": "7103771.5"}, "orbiting_body": "Merc"}, {"close_approach_date": "1963-11-23", "epoch_date_close_approach": -192729600000, "relative_velocity": {"kilometers_per_second": "14.3255684515", "kilometers_per_hour": "51572.0464254932", "miles_per_hour": "32044.8640692183"}, "miss_distance": {"astronomical": "0.3177102285", "lunar": "123.5892791748", "kilometers": "47528772", "miles": "29533010"}, "orbiting_body": "Earth"}, {"close_approach_date": "1964-09-06", "epoch_date_close_approach": -167850000000, "relative_velocity": {"kilometers_per_second": "24.9332585103", "kilometers_per_hour": "89759.7306372006", "miles_per_hour": "55773.205961765"}, "miss_distance": {"astronomical": "0.0809795184", "lunar": "31.5010318756", "kilometers": "12114364", "miles": "7527516.5"}, "orbiting_body": "Venus"}, {"close_approach_date": "1966-07-15", "epoch_date_close_approach": -109357200000, "relative_velocity": {"kilometers_per_second": "28.9215068183", "kilometers_per_hour": "104117.4245457418", "miles_per_hour": "64694.5186017694"}, "miss_distance": {"astronomical": "0.1412470885", "lunar": "54.9451179504", "kilometers": "21130264", "miles": "13129738"}, "orbiting_body": "Venus"}, {"close_approach_date": "1967-02-04", "epoch_date_close_approach": -91728000000, "relative_velocity": {"kilometers_per_second": "13.8572611522", "kilometers_per_hour": "49886.1401478736", "miles_per_hour": "30997.3074713273"}, "miss_distance": {"astronomical": "0.4709512744", "lunar": "183.2000579834", "kilometers": "70453312", "miles": "43777656"}, "orbiting_body": "Earth"}, {"close_approach_date": "1967-04-24", "epoch_date_close_approach": -84902400000, "relative_velocity": {"kilometers_per_second": "18.6363056624", "kilometers_per_hour": "67090.700384761", "miles_per_hour": "41687.5521362977"}, "miss_distance": {"astronomical": "0.4960803305", "lunar": "192.9752502441", "kilometers": "74212560", "miles": "46113548"}, "orbiting_body": "Earth"}, {"close_approach_date": "1968-02-27", "epoch_date_close_approach": -58204800000, "relative_velocity": {"kilometers_per_second": "17.958337295", "kilometers_per_hour": "64650.0142621663", "miles_per_hour": "40171.0046952888"}, "miss_distance": {"astronomical": "0.2453238403", "lunar": "95.4309692383", "kilometers": "36699924", "miles": "22804276"}, "orbiting_body": "Earth"}, {"close_approach_date": "1969-02-08", "epoch_date_close_approach": -28224000000, "relative_velocity": {"kilometers_per_second": "31.3185293749", "kilometers_per_hour": "112746.7057495493", "miles_per_hour": "70056.4183586574"}, "miss_distance": {"astronomical": "0.4393074619", "lunar": "170.8905944824", "kilometers": "65719460", "miles": "40836180"}, "orbiting_body": "Earth"}, {"close_approach_date": "1970-02-28", "epoch_date_close_approach": 5040000000, "relative_velocity": {"kilometers_per_second": "22.2997178004", "kilometers_per_hour": "80278.9840815538", "miles_per_hour": "49882.2387477854"}, "miss_distance": {"astronomical": "0.0793078909", "lunar": "30.850769043", "kilometers": "11864292", "miles": "7372129"}, "orbiting_body": "Merc"}, {"close_approach_date": "1974-12-06", "epoch_date_close_approach": 155548800000, "relative_velocity": {"kilometers_per_second": "35.8747535675", "kilometers_per_hour": "129149.1128431649", "miles_per_hour": "80248.2362552432"}, "miss_distance": {"astronomical": "0.4975951086", "lunar": "193.5644989014", "kilometers": "74439168", "miles": "46254356"}, "orbiting_body": "Earth"}, {"close_approach_date": "1975-11-19", "epoch_date_close_approach": 185616000000, "relative_velocity": {"kilometers_per_second": "22.6252021281", "kilometers_per_hour": "81450.7276611812", "miles_per_hour": "50610.3146403601"}, "miss_distance": {"astronomical": "0.0983906953", "lunar": "38.2739830017", "kilometers": "14719039", "miles": "9145987"}, "orbiting_body": "Earth"}, {"close_approach_date": "1976-08-29", "epoch_date_close_approach": 210150000000, "relative_velocity": {"kilometers_per_second": "22.3032554743", "kilometers_per_hour": "80291.7197073558", "miles_per_hour": "49890.1521703845"}, "miss_distance": {"astronomical": "0.0796090923", "lunar": "30.9679355621", "kilometers": "11909350", "miles": "7400127"}, "orbiting_body": "Merc"}, {"close_approach_date": "1976-11-21", "epoch_date_close_approach": 217411200000, "relative_velocity": {"kilometers_per_second": "14.3471307607", "kilometers_per_hour": "51649.6707384358", "miles_per_hour": "32093.0967985575"}, "miss_distance": {"astronomical": "0.3072908651", "lunar": "119.5361404419", "kilometers": "45970056", "miles": "28564470"}, "orbiting_body": "Earth"}, {"close_approach_date": "1980-02-03", "epoch_date_close_approach": 318412800000, "relative_velocity": {"kilometers_per_second": "13.968636868", "kilometers_per_hour": "50287.0927249411", "miles_per_hour": "31246.4438101169"}, "miss_distance": {"astronomical": "0.4804384379", "lunar": "186.8905487061", "kilometers": "71872568", "miles": "44659544"}, "orbiting_body": "Earth"}, {"close_approach_date": "1981-02-27", "epoch_date_close_approach": 352108800000, "relative_velocity": {"kilometers_per_second": "17.2729614782", "kilometers_per_hour": "62182.6613215877", "miles_per_hour": "38637.8875306276"}, "miss_distance": {"astronomical": "0.2509114182", "lunar": "97.6045379639", "kilometers": "37535812", "miles": "23323674"}, "orbiting_body": "Earth"}, {"close_approach_date": "1982-02-10", "epoch_date_close_approach": 382176000000, "relative_velocity": {"kilometers_per_second": "30.5550948585", "kilometers_per_hour": "109998.3414907181", "miles_per_hour": "68348.691689052"}, "miss_distance": {"astronomical": "0.4205882312", "lunar": "163.6088256836", "kilometers": "62919104", "miles": "39096120"}, "orbiting_body": "Earth"}, {"close_approach_date": "1982-02-26", "epoch_date_close_approach": 383558400000, "relative_velocity": {"kilometers_per_second": "24.9567058261", "kilometers_per_hour": "89844.1409738074", "miles_per_hour": "55825.6552623082"}, "miss_distance": {"astronomical": "0.1238862308", "lunar": "48.1917419434", "kilometers": "18533116", "miles": "11515944"}, "orbiting_body": "Venus"}, {"close_approach_date": "1983-02-28", "epoch_date_close_approach": 415267200000, "relative_velocity": {"kilometers_per_second": "22.307001846", "kilometers_per_hour": "80305.2066456392", "miles_per_hour": "49898.5324293418"}, "miss_distance": {"astronomical": "0.079808335", "lunar": "31.0454406738", "kilometers": "11939157", "miles": "7418648"}, "orbiting_body": "Merc"}, {"close_approach_date": "1984-01-05", "epoch_date_close_approach": 442137600000, "relative_velocity": {"kilometers_per_second": "20.8232165122", "kilometers_per_hour": "74963.5794438098", "miles_per_hour": "46579.4530160717"}, "miss_distance": {"astronomical": "0.1242452621", "lunar": "48.3314094543", "kilometers": "18586828", "miles": "11549319"}, "orbiting_body": "Venus"}, {"close_approach_date": "1988-11-20", "epoch_date_close_approach": 596016000000, "relative_velocity": {"kilometers_per_second": "23.345062592", "kilometers_per_hour": "84042.2253312569", "miles_per_hour": "52220.5705120801"}, "miss_distance": {"astronomical": "0.119278961", "lunar": "46.3995170593", "kilometers": "17843878", "miles": "11087672"}, "orbiting_body": "Earth"}, {"close_approach_date": "1989-08-30", "epoch_date_close_approach": 620463600000, "relative_velocity": {"kilometers_per_second": "22.3027999634", "kilometers_per_hour": "80290.0798683329", "miles_per_hour": "49889.1332381872"}, "miss_distance": {"astronomical": "0.0797213247", "lunar": "31.0115947723", "kilometers": "11926140", "miles": "7410560"}, "orbiting_body": "Merc"}, {"close_approach_date": "1989-11-20", "epoch_date_close_approach": 627552000000, "relative_velocity": {"kilometers_per_second": "14.3866539965", "kilometers_per_hour": "51791.9543872556", "miles_per_hour": "32181.5063246812"}, "miss_distance": {"astronomical": "0.2892589214", "lunar": "112.5217208862", "kilometers": "43272520", "miles": "26888298"}, "orbiting_body": "Earth"}, {"close_approach_date": "1993-01-31", "epoch_date_close_approach": 728467200000, "relative_velocity": {"kilometers_per_second": "14.117830514", "kilometers_per_hour": "50824.1898504144", "miles_per_hour": "31580.1750767755"}, "miss_distance": {"astronomical": "0.4904625116", "lunar": "190.7899169922", "kilometers": "73372152", "miles": "45591340"}, "orbiting_body": "Earth"}, {"close_approach_date": "1994-02-28", "epoch_date_close_approach": 762422400000, "relative_velocity": {"kilometers_per_second": "16.4907896223", "kilometers_per_hour": "59366.8426403617", "miles_per_hour": "36888.2473061737"}, "miss_distance": {"astronomical": "0.2596307456", "lunar": "100.9963607788", "kilometers": "38840208", "miles": "24134186"}, "orbiting_body": "Earth"}, {"close_approach_date": "1995-02-11", "epoch_date_close_approach": 792489600000, "relative_velocity": {"kilometers_per_second": "29.681640603", "kilometers_per_hour": "106853.9061708626", "miles_per_hour": "66394.8618648896"}, "miss_distance": {"astronomical": "0.3992442934", "lunar": "155.3060302734", "kilometers": "59726096", "miles": "37112076"}, "orbiting_body": "Earth"}, {"close_approach_date": "1996-03-01", "epoch_date_close_approach": 825667200000, "relative_velocity": {"kilometers_per_second": "22.3010984323", "kilometers_per_hour": "80283.9543561169", "miles_per_hour": "49885.3270831105"}, "miss_distance": {"astronomical": "0.0797366699", "lunar": "31.0175647736", "kilometers": "11928437", "miles": "7411987"}, "orbiting_body": "Merc"}, {"close_approach_date": "2001-11-21", "epoch_date_close_approach": 1006329600000, "relative_velocity": {"kilometers_per_second": "24.4050139911", "kilometers_per_hour": "87858.0503681342", "miles_per_hour": "54591.5757967999"}, "miss_distance": {"astronomical": "0.151288696", "lunar": "58.8513069153", "kilometers": "22632468", "miles": "14063164"}, "orbiting_body": "Earth"}, {"close_approach_date": "2002-09-02", "epoch_date_close_approach": 1030950000000, "relative_velocity": {"kilometers_per_second": "22.3104230412", "kilometers_per_hour": "80317.5229483701", "miles_per_hour": "49906.1853008914"}, "miss_distance": {"astronomical": "0.0799053673", "lunar": "31.0831890106", "kilometers": "11953673", "miles": "7427668"}, "orbiting_body": "Merc"}, {"close_approach_date": "2002-11-19", "epoch_date_close_approach": 1037692800000, "relative_velocity": {"kilometers_per_second": "14.5596933114", "kilometers_per_hour": "52414.8959212153", "miles_per_hour": "32568.5779683796"}, "miss_distance": {"astronomical": "0.260835678", "lunar": "101.4650802612", "kilometers": "39020464", "miles": "24246192"}, "orbiting_body": "Earth"}, {"close_approach_date": "2007-03-01", "epoch_date_close_approach": 1172736000000, "relative_velocity": {"kilometers_per_second": "15.4810314377", "kilometers_per_hour": "55731.7131755447", "miles_per_hour": "34629.5192228822"}, "miss_distance": {"astronomical": "0.2746412893", "lunar": "106.8354568481", "kilometers": "41085752", "miles": "25529502"}, "orbiting_body": "Earth"}, {"close_approach_date": "2008-02-13", "epoch_date_close_approach": 1202889600000, "relative_velocity": {"kilometers_per_second": "28.6005669393", "kilometers_per_hour": "102962.0409813911", "miles_per_hour": "63976.6081864649"}, "miss_distance": {"astronomical": "0.3734377599", "lunar": "145.267288208", "kilometers": "55865496", "miles": "34713208"}, "orbiting_body": "Earth"}, {"close_approach_date": "2008-05-06", "epoch_date_close_approach": 1210057200000, "relative_velocity": {"kilometers_per_second": "17.8488291633", "kilometers_per_hour": "64255.7849878696", "miles_per_hour": "39926.0459553793"}, "miss_distance": {"astronomical": "0.1324173242", "lunar": "51.5103378296", "kilometers": "19809350", "miles": "12308959"}, "orbiting_body": "Venus"}, {"close_approach_date": "2009-03-03", "epoch_date_close_approach": 1236067200000, "relative_velocity": {"kilometers_per_second": "22.3039428216", "kilometers_per_hour": "80294.1941575922", "miles_per_hour": "49891.6896975328"}, "miss_distance": {"astronomical": "0.079813156", "lunar": "31.0473155975", "kilometers": "11939878", "miles": "7419096"}, "orbiting_body": "Merc"}, {"close_approach_date": "2010-03-14", "epoch_date_close_approach": 1268553600000, "relative_velocity": {"kilometers_per_second": "21.9465543738", "kilometers_per_hour": "79007.595745693", "miles_per_hour": "49092.2474787613"}, "miss_distance": {"astronomical": "0.0735400851", "lunar": "28.6070919037", "kilometers": "11001440", "miles": "6835978"}, "orbiting_body": "Venus"}, {"close_approach_date": "2012-01-21", "epoch_date_close_approach": 1327132800000, "relative_velocity": {"kilometers_per_second": "26.1118629084", "kilometers_per_hour": "94002.7064702396", "miles_per_hour": "58409.6261397997"}, "miss_distance": {"astronomical": "0.0948996005", "lunar": "36.9159469604", "kilometers": "14196779", "miles": "8821469"}, "orbiting_body": "Venus"}, {"close_approach_date": "2014-11-22", "epoch_date_close_approach": 1416643200000, "relative_velocity": {"kilometers_per_second": "25.2998873308", "kilometers_per_hour": "91079.5943910395", "miles_per_hour": "56593.3179703656"}, "miss_distance": {"astronomical": "0.1789185863", "lunar": "69.5993270874", "kilometers": "26765840", "miles": "16631522"}, "orbiting_body": "Earth"}, {"close_approach_date": "2015-09-03", "epoch_date_close_approach": 1441263600000, "relative_velocity": {"kilometers_per_second": "22.2898752976", "kilometers_per_hour": "80243.5510713906", "miles_per_hour": "49860.2220532205"}, "miss_distance": {"astronomical": "0.0796679952", "lunar": "30.9908485413", "kilometers": "11918162", "miles": "7405602.5"}, "orbiting_body": "Merc"}, {"close_approach_date": "2015-11-18", "epoch_date_close_approach": 1447833600000, "relative_velocity": {"kilometers_per_second": "14.8251471269", "kilometers_per_hour": "53370.529656818", "miles_per_hour": "33162.371608149"}, "miss_distance": {"astronomical": "0.2358888652", "lunar": "91.7607727051", "kilometers": "35288472", "miles": "21927240"}, "orbiting_body": "Earth"}, {"close_approach_date": "2016-12-12", "epoch_date_close_approach": 1481529600000, "relative_velocity": {"kilometers_per_second": "15.104687662", "kilometers_per_hour": "54376.8755830769", "miles_per_hour": "33787.6758310513"}, "miss_distance": {"astronomical": "0.4912379831", "lunar": "191.0915679932", "kilometers": "73488152", "miles": "45663424"}, "orbiting_body": "Earth"}, {"close_approach_date": "2020-02-29", "epoch_date_close_approach": 1582963200000, "relative_velocity": {"kilometers_per_second": "14.5432535498", "kilometers_per_hour": "52355.712779348", "miles_per_hour": "32531.8038655899"}, "miss_distance": {"astronomical": "0.2928198073", "lunar": "113.9068984985", "kilometers": "43805220", "miles": "27219300"}, "orbiting_body": "Earth"}, {"close_approach_date": "2021-02-14", "epoch_date_close_approach": 1613289600000, "relative_velocity": {"kilometers_per_second": "27.4817925893", "kilometers_per_hour": "98934.4533215574", "miles_per_hour": "61474.0218430533"}, "miss_distance": {"astronomical": "0.3477047819", "lunar": "135.2571563721", "kilometers": "52015892", "miles": "32321178"}, "orbiting_body": "Earth"}, {"close_approach_date": "2022-03-07", "epoch_date_close_approach": 1646640000000, "relative_velocity": {"kilometers_per_second": "22.2997988741", "kilometers_per_hour": "80279.275946675", "miles_per_hour": "49882.4201014215"}, "miss_distance": {"astronomical": "0.0798656293", "lunar": "31.0677280426", "kilometers": "11947728", "miles": "7423974"}, "orbiting_body": "Merc"}, {"close_approach_date": "2027-09-04", "epoch_date_close_approach": 1820041200000, "relative_velocity": {"kilometers_per_second": "26.2835468511", "kilometers_per_hour": "94620.7686640288", "miles_per_hour": "58793.6659512683"}, "miss_distance": {"astronomical": "0.1353298396", "lunar": "52.6433105469", "kilometers": "20245056", "miles": "12579695"}, "orbiting_body": "Venus"}, {"close_approach_date": "2027-11-24", "epoch_date_close_approach": 1827043200000, "relative_velocity": {"kilometers_per_second": "26.6552738351", "kilometers_per_hour": "95958.9858063262", "miles_per_hour": "59625.1820417142"}, "miss_distance": {"astronomical": "0.2210525462", "lunar": "85.989440918", "kilometers": "33068990", "miles": "20548118"}, "orbiting_body": "Earth"}, {"close_approach_date": "2028-09-07", "epoch_date_close_approach": 1851922800000, "relative_velocity": {"kilometers_per_second": "22.2944482899", "kilometers_per_hour": "80260.0138437386", "miles_per_hour": "49870.4513797386"}, "miss_distance": {"astronomical": "0.0796893186", "lunar": "30.9991436005", "kilometers": "11921352", "miles": "7407585"}, "orbiting_body": "Merc"}, {"close_approach_date": "2028-11-16", "epoch_date_close_approach": 1857974400000, "relative_velocity": {"kilometers_per_second": "15.3691246353", "kilometers_per_hour": "55328.8486871524", "miles_per_hour": "34379.1948967475"}, "miss_distance": {"astronomical": "0.1982285237", "lunar": "77.1108932495", "kilometers": "29654566", "miles": "18426492"}, "orbiting_body": "Earth"}, {"close_approach_date": "2029-07-14", "epoch_date_close_approach": 1878706800000, "relative_velocity": {"kilometers_per_second": "22.03314266", "kilometers_per_hour": "79319.3135759842", "miles_per_hour": "49285.9368161442"}, "miss_distance": {"astronomical": "0.1170456623", "lunar": "45.5307617188", "kilometers": "17509782", "miles": "10880074"}, "orbiting_body": "Venus"}, {"close_approach_date": "2029-12-10", "epoch_date_close_approach": 1891584000000, "relative_velocity": {"kilometers_per_second": "15.004189787", "kilometers_per_hour": "54015.0832330636", "miles_per_hour": "33562.8721344555"}, "miss_distance": {"astronomical": "0.4748327392", "lunar": "184.7099304199", "kilometers": "71033968", "miles": "44138460"}, "orbiting_body": "Earth"}, {"close_approach_date": "2033-02-28", "epoch_date_close_approach": 1993190400000, "relative_velocity": {"kilometers_per_second": "13.6692374213", "kilometers_per_hour": "49209.2547167315", "miles_per_hour": "30576.717187738"}, "miss_distance": {"astronomical": "0.3148773332", "lunar": "122.4872817993", "kilometers": "47104980", "miles": "29269676"}, "orbiting_body": "Earth"}, {"close_approach_date": "2034-02-16", "epoch_date_close_approach": 2023689600000, "relative_velocity": {"kilometers_per_second": "26.3622746613", "kilometers_per_hour": "94904.1887806285", "miles_per_hour": "58969.77218983"}, "miss_distance": {"astronomical": "0.3234518844", "lunar": "125.8227767944", "kilometers": "48387712", "miles": "30066730"}, "orbiting_body": "Earth"}, {"close_approach_date": "2035-03-09", "epoch_date_close_approach": 2057040000000, "relative_velocity": {"kilometers_per_second": "22.2989585917", "kilometers_per_hour": "80276.2509300458", "miles_per_hour": "49880.5404737277"}, "miss_distance": {"astronomical": "0.0798904395", "lunar": "31.0773792267", "kilometers": "11951439", "miles": "7426280"}, "orbiting_body": "Merc"}, {"close_approach_date": "2040-11-25", "epoch_date_close_approach": 2237443200000, "relative_velocity": {"kilometers_per_second": "27.665082294", "kilometers_per_hour": "99594.2962583986", "miles_per_hour": "61884.0225834477"}, "miss_distance": {"astronomical": "0.2522675326", "lunar": "98.1320724487", "kilometers": "37738688", "miles": "23449732"}, "orbiting_body": "Earth"}, {"close_approach_date": "2041-09-09", "epoch_date_close_approach": 2262322800000, "relative_velocity": {"kilometers_per_second": "22.2978289777", "kilometers_per_hour": "80272.1843197726", "miles_per_hour": "49878.0136402498"}, "miss_distance": {"astronomical": "0.0797634633", "lunar": "31.0279884338", "kilometers": "11932445", "miles": "7414477.5"}, "orbiting_body": "Merc"}, {"close_approach_date": "2041-11-15", "epoch_date_close_approach": 2268115200000, "relative_velocity": {"kilometers_per_second": "15.9144940354", "kilometers_per_hour": "57292.1785272935", "miles_per_hour": "35599.1317076952"}, "miss_distance": {"astronomical": "0.1686902689", "lunar": "65.620513916", "kilometers": "25235704", "miles": "15680740"}, "orbiting_body": "Earth"}, {"close_approach_date": "2042-12-08", "epoch_date_close_approach": 2301638400000, "relative_velocity": {"kilometers_per_second": "14.9013626289", "kilometers_per_hour": "53644.9054641185", "miles_per_hour": "33332.8580646352"}, "miss_distance": {"astronomical": "0.4605790903", "lunar": "179.1652679443", "kilometers": "68901656", "miles": "42813504"}, "orbiting_body": "Earth"}, {"close_approach_date": "2046-02-27", "epoch_date_close_approach": 2403331200000, "relative_velocity": {"kilometers_per_second": "13.0486413991", "kilometers_per_hour": "46975.1090367157", "miles_per_hour": "29188.5059456193"}, "miss_distance": {"astronomical": "0.3376906619", "lunar": "131.3616638184", "kilometers": "50517804", "miles": "31390308"}, "orbiting_body": "Earth"}, {"close_approach_date": "2047-02-18", "epoch_date_close_approach": 2434089600000, "relative_velocity": {"kilometers_per_second": "25.2474405123", "kilometers_per_hour": "90890.7858443487", "miles_per_hour": "56475.9996820066"}, "miss_distance": {"astronomical": "0.3012349624", "lunar": "117.1803970337", "kilometers": "45064108", "miles": "28001540"}, "orbiting_body": "Earth"}, {"close_approach_date": "2048-03-11", "epoch_date_close_approach": 2467522800000, "relative_velocity": {"kilometers_per_second": "22.3092502557", "kilometers_per_hour": "80313.3009206399", "miles_per_hour": "49903.5618970498"}, "miss_distance": {"astronomical": "0.0799577124", "lunar": "31.1035480499", "kilometers": "11961503", "miles": "7432533.5"}, "orbiting_body": "Merc"}, {"close_approach_date": "2053-11-26", "epoch_date_close_approach": 2647756800000, "relative_velocity": {"kilometers_per_second": "28.6474984885", "kilometers_per_hour": "103130.9945586968", "miles_per_hour": "64081.5893689858"}, "miss_distance": {"astronomical": "0.2821842931", "lunar": "109.7696914673", "kilometers": "42214172", "miles": "26230670"}, "orbiting_body": "Earth"}, {"close_approach_date": "2054-09-11", "epoch_date_close_approach": 2672722800000, "relative_velocity": {"kilometers_per_second": "22.3134229487", "kilometers_per_hour": "80328.3226152451", "miles_per_hour": "49912.8957939005"}, "miss_distance": {"astronomical": "0.0800913228", "lunar": "31.1555233002", "kilometers": "11981491", "miles": "7444953.5"}, "orbiting_body": "Merc"}, {"close_approach_date": "2054-11-15", "epoch_date_close_approach": 2678342400000, "relative_velocity": {"kilometers_per_second": "16.5118791968", "kilometers_per_hour": "59442.7651084501", "miles_per_hour": "36935.4225753034"}, "miss_distance": {"astronomical": "0.1418519133", "lunar": "55.1803970337", "kilometers": "21220744", "miles": "13185960"}, "orbiting_body": "Earth"}, {"close_approach_date": "2055-09-21", "epoch_date_close_approach": 2705122800000, "relative_velocity": {"kilometers_per_second": "20.7574219767", "kilometers_per_hour": "74726.7191159681", "miles_per_hour": "46432.2772195858"}, "miss_distance": {"astronomical": "0.0847182289", "lunar": "32.9553909302", "kilometers": "12673667", "miles": "7875051.5"}, "orbiting_body": "Venus"}, {"close_approach_date": "2055-12-07", "epoch_date_close_approach": 2711779200000, "relative_velocity": {"kilometers_per_second": "14.7932501078", "kilometers_per_hour": "53255.7003879979", "miles_per_hour": "33091.0211660868"}, "miss_distance": {"astronomical": "0.4475367539", "lunar": "174.091796875", "kilometers": "66950548", "miles": "41601140"}, "orbiting_body": "Earth"}, {"close_approach_date": "2057-07-29", "epoch_date_close_approach": 2763615600000, "relative_velocity": {"kilometers_per_second": "24.7347795187", "kilometers_per_hour": "89045.2062674294", "miles_per_hour": "55329.228305448"}, "miss_distance": {"astronomical": "0.0774763261", "lunar": "30.1382904053", "kilometers": "11590293", "miles": "7201874"}, "orbiting_body": "Venus"}, {"close_approach_date": "2059-02-25", "epoch_date_close_approach": 2813385600000, "relative_velocity": {"kilometers_per_second": "12.8174804664", "kilometers_per_hour": "46142.929679157", "miles_per_hour": "28671.4220553629"}, "miss_distance": {"astronomical": "0.3524645579", "lunar": "137.1087188721", "kilometers": "52727948", "miles": "32763628"}, "orbiting_body": "Earth"}, {"close_approach_date": "2059-06-07", "epoch_date_close_approach": 2822194800000, "relative_velocity": {"kilometers_per_second": "28.8701469969", "kilometers_per_hour": "103932.5291888227", "miles_per_hour": "64579.6318173549"}, "miss_distance": {"astronomical": "0.1396354031", "lunar": "54.3181686401", "kilometers": "20889158", "miles": "12979921"}, "orbiting_body": "Venus"}, {"close_approach_date": "2060-02-19", "epoch_date_close_approach": 2844403200000, "relative_velocity": {"kilometers_per_second": "24.5457863558", "kilometers_per_hour": "88364.8308810377", "miles_per_hour": "54906.469499387"}, "miss_distance": {"astronomical": "0.2885786528", "lunar": "112.2570953369", "kilometers": "43170752", "miles": "26825062"}, "orbiting_body": "Earth"}, {"close_approach_date": "2061-03-11", "epoch_date_close_approach": 2877753600000, "relative_velocity": {"kilometers_per_second": "22.3035328732", "kilometers_per_hour": "80292.7183434267", "miles_per_hour": "49890.7726840031"}, "miss_distance": {"astronomical": "0.0799020432", "lunar": "31.0818958282", "kilometers": "11953176", "miles": "7427359"}, "orbiting_body": "Merc"}, {"close_approach_date": "2066-11-28", "epoch_date_close_approach": 3058156800000, "relative_velocity": {"kilometers_per_second": "29.4379541707", "kilometers_per_hour": "105976.6350146438", "miles_per_hour": "65849.7596845158"}, "miss_distance": {"astronomical": "0.3056116495", "lunar": "118.8829269409", "kilometers": "45718852", "miles": "28408376"}, "orbiting_body": "Earth"}, {"close_approach_date": "2067-09-12", "epoch_date_close_approach": 3083036400000, "relative_velocity": {"kilometers_per_second": "22.3060393219", "kilometers_per_hour": "80301.7415587338", "miles_per_hour": "49896.3793590921"}, "miss_distance": {"astronomical": "0.0800650856", "lunar": "31.145318985", "kilometers": "11977567", "miles": "7442515"}, "orbiting_body": "Merc"}, {"close_approach_date": "2067-11-16", "epoch_date_close_approach": 3088656000000, "relative_velocity": {"kilometers_per_second": "17.1068957826", "kilometers_per_hour": "61584.8248173859", "miles_per_hour": "38266.415176114"}, "miss_distance": {"astronomical": "0.1184249279", "lunar": "46.0672988892", "kilometers": "17716118", "miles": "11008285"}, "orbiting_body": "Earth"}, {"close_approach_date": "2068-12-04", "epoch_date_close_approach": 3121833600000, "relative_velocity": {"kilometers_per_second": "14.7076692239", "kilometers_per_hour": "52947.609206207", "miles_per_hour": "32899.5852870457"}, "miss_distance": {"astronomical": "0.4344803183", "lunar": "169.0128479004", "kilometers": "64997328", "miles": "40387468"}, "orbiting_body": "Earth"}, {"close_approach_date": "2072-02-22", "epoch_date_close_approach": 3223353600000, "relative_velocity": {"kilometers_per_second": "12.7686393071", "kilometers_per_hour": "45967.1015057123", "miles_per_hour": "28562.1692661466"}, "miss_distance": {"astronomical": "0.3717917123", "lunar": "144.6269836426", "kilometers": "55619252", "miles": "34560200"}, "orbiting_body": "Earth"}, {"close_approach_date": "2073-02-20", "epoch_date_close_approach": 3254803200000, "relative_velocity": {"kilometers_per_second": "23.6309170714", "kilometers_per_hour": "85071.3014571487", "miles_per_hour": "52859.9983970822"}, "miss_distance": {"astronomical": "0.2735620842", "lunar": "106.4156494141", "kilometers": "40924304", "miles": "25429184"}, "orbiting_body": "Earth"}, {"close_approach_date": "2074-03-13", "epoch_date_close_approach": 3288150000000, "relative_velocity": {"kilometers_per_second": "22.2792418865", "kilometers_per_hour": "80205.2707912506", "miles_per_hour": "49836.436175819"}, "miss_distance": {"astronomical": "0.0792743768", "lunar": "30.8377342224", "kilometers": "11859278", "miles": "7369014"}, "orbiting_body": "Merc"}, {"close_approach_date": "2075-01-19", "epoch_date_close_approach": 3315110400000, "relative_velocity": {"kilometers_per_second": "24.695625536", "kilometers_per_hour": "88904.2519295698", "miles_per_hour": "55241.6447614596"}, "miss_distance": {"astronomical": "0.1209658942", "lunar": "47.0557327271", "kilometers": "18096240", "miles": "11244482"}, "orbiting_body": "Venus"}, {"close_approach_date": "2076-11-27", "epoch_date_close_approach": 3373689600000, "relative_velocity": {"kilometers_per_second": "20.7026572208", "kilometers_per_hour": "74529.5659949826", "miles_per_hour": "46309.7739372713"}, "miss_distance": {"astronomical": "0.1242950504", "lunar": "48.3507728577", "kilometers": "18594274", "miles": "11553947"}, "orbiting_body": "Venus"}, {"close_approach_date": "2079-11-29", "epoch_date_close_approach": 3468470400000, "relative_velocity": {"kilometers_per_second": "29.8355373586", "kilometers_per_hour": "107407.9344909337", "miles_per_hour": "66739.113517436"}, "miss_distance": {"astronomical": "0.3172649777", "lunar": "123.4160766602", "kilometers": "47462164", "miles": "29491622"}, "orbiting_body": "Earth"}, {"close_approach_date": "2080-09-10", "epoch_date_close_approach": 3493177200000, "relative_velocity": {"kilometers_per_second": "22.1834224235", "kilometers_per_hour": "79860.3207245204", "miles_per_hour": "49622.0976190777"}, "miss_distance": {"astronomical": "0.075650652", "lunar": "29.4281044006", "kilometers": "11317177", "miles": "7032167.5"}, "orbiting_body": "Merc"}, {"close_approach_date": "2080-11-15", "epoch_date_close_approach": 3498883200000, "relative_velocity": {"kilometers_per_second": "17.3530875599", "kilometers_per_hour": "62471.1152157721", "miles_per_hour": "38817.1215628224"}, "miss_distance": {"astronomical": "0.1090688953", "lunar": "42.4277992249", "kilometers": "16316474", "miles": "10138587"}, "orbiting_body": "Earth"}, {"close_approach_date": "2081-12-04", "epoch_date_close_approach": 3532060800000, "relative_velocity": {"kilometers_per_second": "14.6934843837", "kilometers_per_hour": "52896.5437813218", "miles_per_hour": "32867.8552178997"}, "miss_distance": {"astronomical": "0.4301277702", "lunar": "167.3197021484", "kilometers": "64346200", "miles": "39982876"}, "orbiting_body": "Earth"}, {"close_approach_date": "2085-02-21", "epoch_date_close_approach": 3633580800000, "relative_velocity": {"kilometers_per_second": "12.7819510004", "kilometers_per_hour": "46015.0236014551", "miles_per_hour": "28591.9461928042"}, "miss_distance": {"astronomical": "0.3736703261", "lunar": "145.3577575684", "kilometers": "55900288", "miles": "34734828"}, "orbiting_body": "Earth"}, {"close_approach_date": "2086-02-20", "epoch_date_close_approach": 3665030400000, "relative_velocity": {"kilometers_per_second": "23.5798588849", "kilometers_per_hour": "84887.4919857811", "miles_per_hour": "52745.7863397205"}, "miss_distance": {"astronomical": "0.2727268095", "lunar": "106.0907287598", "kilometers": "40799348", "miles": "25351540"}, "orbiting_body": "Earth"}, {"close_approach_date": "2087-03-10", "epoch_date_close_approach": 3698118000000, "relative_velocity": {"kilometers_per_second": "22.1659115941", "kilometers_per_hour": "79797.2817387276", "miles_per_hour": "49582.9276448222"}, "miss_distance": {"astronomical": "0.066968206", "lunar": "26.0506305695", "kilometers": "10018301", "miles": "6225083.5"}, "orbiting_body": "Merc"}, {"close_approach_date": "2092-11-28", "epoch_date_close_approach": 3878697600000, "relative_velocity": {"kilometers_per_second": "29.8458940384", "kilometers_per_hour": "107445.2185382566", "miles_per_hour": "66762.2803745073"}, "miss_distance": {"astronomical": "0.3177912754", "lunar": "123.6208114624", "kilometers": "47540900", "miles": "29540546"}, "orbiting_body": "Earth"}, {"close_approach_date": "2093-09-06", "epoch_date_close_approach": 3903058800000, "relative_velocity": {"kilometers_per_second": "22.4661669048", "kilometers_per_hour": "80878.2008573185", "miles_per_hour": "50254.5687493711"}, "miss_distance": {"astronomical": "0.0572460424", "lunar": "22.2687091827", "kilometers": "8563886", "miles": "5321352"}, "orbiting_body": "Merc"}, {"close_approach_date": "2093-11-15", "epoch_date_close_approach": 3909110400000, "relative_velocity": {"kilometers_per_second": "17.3492819151", "kilometers_per_hour": "62457.4148943312", "miles_per_hour": "38808.6087158693"}, "miss_distance": {"astronomical": "0.1086255173", "lunar": "42.2553253174", "kilometers": "16250146", "miles": "10097373"}, "orbiting_body": "Earth"}, {"close_approach_date": "2094-12-05", "epoch_date_close_approach": 3942374400000, "relative_velocity": {"kilometers_per_second": "14.6942702484", "kilometers_per_hour": "52899.3728942332", "miles_per_hour": "32869.6131186417"}, "miss_distance": {"astronomical": "0.4303711118", "lunar": "167.4143676758", "kilometers": "64382600", "miles": "40005492"}, "orbiting_body": "Earth"}, {"close_approach_date": "2098-02-22", "epoch_date_close_approach": 4043894400000, "relative_velocity": {"kilometers_per_second": "12.763838546", "kilometers_per_hour": "45949.8187655248", "miles_per_hour": "28551.4304435006"}, "miss_distance": {"astronomical": "0.3717286028", "lunar": "144.602432251", "kilometers": "55609808", "miles": "34554332"}, "orbiting_body": "Earth"}, {"close_approach_date": "2099-02-20", "epoch_date_close_approach": 4075257600000, "relative_velocity": {"kilometers_per_second": "23.7142082185", "kilometers_per_hour": "85371.1495865201", "miles_per_hour": "53046.312363913"}, "miss_distance": {"astronomical": "0.2745132635", "lunar": "106.7856674194", "kilometers": "41066600", "miles": "25517604"}, "orbiting_body": "Earth"}, {"close_approach_date": "2099-04-19", "epoch_date_close_approach": 4080265200000, "relative_velocity": {"kilometers_per_second": "32.0589803997", "kilometers_per_hour": "115412.3294389326", "miles_per_hour": "71712.7332560968"}, "miss_distance": {"astronomical": "0.0746110252", "lunar": "29.0236873627", "kilometers": "11161650", "miles": "6935528"}, "orbiting_body": "Merc"}, {"close_approach_date": "2100-03-06", "epoch_date_close_approach": 4108003200000, "relative_velocity": {"kilometers_per_second": "24.020466909", "kilometers_per_hour": "86473.6808723403", "miles_per_hour": "53731.382428705"}, "miss_distance": {"astronomical": "0.0381007238", "lunar": "14.8211812973", "kilometers": "5699787", "miles": "3541683.5"}, "orbiting_body": "Merc"}, {"close_approach_date": "2103-02-02", "epoch_date_close_approach": 4199846400000, "relative_velocity": {"kilometers_per_second": "18.0518801304", "kilometers_per_hour": "64986.7684693622", "miles_per_hour": "40380.2506636434"}, "miss_distance": {"astronomical": "0.1281311211", "lunar": "49.843006134", "kilometers": "19168144", "miles": "11910532"}, "orbiting_body": "Venus"}, {"close_approach_date": "2104-12-10", "epoch_date_close_approach": 4258339200000, "relative_velocity": {"kilometers_per_second": "21.7744472521", "kilometers_per_hour": "78388.0101076266", "miles_per_hour": "48707.2610582639"}, "miss_distance": {"astronomical": "0.0734677017", "lunar": "28.5789356232", "kilometers": "10990612", "miles": "6829249.5"}, "orbiting_body": "Venus"}, {"close_approach_date": "2105-10-18", "epoch_date_close_approach": 4285292400000, "relative_velocity": {"kilometers_per_second": "27.234697082", "kilometers_per_hour": "98044.9094950679", "miles_per_hour": "60921.2939026437"}, "miss_distance": {"astronomical": "0.0492758108", "lunar": "19.1682910919", "kilometers": "7371556.5", "miles": "4580473"}, "orbiting_body": "Merc"}, {"close_approach_date": "2105-11-29", "epoch_date_close_approach": 4288924800000, "relative_velocity": {"kilometers_per_second": "29.3225042542", "kilometers_per_hour": "105561.0153152381", "miles_per_hour": "65591.5097662934"}, "miss_distance": {"astronomical": "0.3024086107", "lunar": "117.6369476318", "kilometers": "45239684", "miles": "28110636"}, "orbiting_body": "Earth"}, {"close_approach_date": "2106-09-04", "epoch_date_close_approach": 4313026800000, "relative_velocity": {"kilometers_per_second": "27.1879437589", "kilometers_per_hour": "97876.597531869", "miles_per_hour": "60816.7113941772"}, "miss_distance": {"astronomical": "0.0296189954", "lunar": "11.5217895508", "kilometers": "4430938.5", "miles": "2753257.75"}, "orbiting_body": "Merc"}, {"close_approach_date": "2106-10-18", "epoch_date_close_approach": 4316828400000, "relative_velocity": {"kilometers_per_second": "25.5150259654", "kilometers_per_hour": "91854.0934753745", "miles_per_hour": "57074.5615819625"}, "miss_distance": {"astronomical": "0.0854248567", "lunar": "33.2302703857", "kilometers": "12779377", "miles": "7940736.5"}, "orbiting_body": "Venus"}, {"close_approach_date": "2106-11-17", "epoch_date_close_approach": 4319424000000, "relative_velocity": {"kilometers_per_second": "16.9089515482", "kilometers_per_hour": "60872.2255736622", "miles_per_hour": "37823.6337182569"}, "miss_distance": {"astronomical": "0.1250916073", "lunar": "48.6606369019", "kilometers": "18713440", "miles": "11627992"}, "orbiting_body": "Earth"}, {"close_approach_date": "2107-12-07", "epoch_date_close_approach": 4352688000000, "relative_velocity": {"kilometers_per_second": "14.7498989715", "kilometers_per_hour": "53099.6362974594", "miles_per_hour": "32994.0490093853"}, "miss_distance": {"astronomical": "0.4404301317", "lunar": "171.3273162842", "kilometers": "65887412", "miles": "40940540"}, "orbiting_body": "Earth"}, {"close_approach_date": "2108-08-25", "epoch_date_close_approach": 4375321200000, "relative_velocity": {"kilometers_per_second": "29.2852615553", "kilometers_per_hour": "105426.9415991239", "miles_per_hour": "65508.2015730779"}, "miss_distance": {"astronomical": "0.146246345", "lunar": "56.8898277283", "kilometers": "21878142", "miles": "13594447"}, "orbiting_body": "Venus"}, {"close_approach_date": "2111-02-26", "epoch_date_close_approach": 4454380800000, "relative_velocity": {"kilometers_per_second": "12.7795213096", "kilometers_per_hour": "46006.2767144272", "miles_per_hour": "28586.5112173617"}, "miss_distance": {"astronomical": "0.3575716994", "lunar": "139.0953826904", "kilometers": "53491964", "miles": "33238366"}, "orbiting_body": "Earth"}, {"close_approach_date": "2112-02-21", "epoch_date_close_approach": 4485484800000, "relative_velocity": {"kilometers_per_second": "24.4038096117", "kilometers_per_hour": "87853.7146020955", "miles_per_hour": "54588.8817203965"}, "miss_distance": {"astronomical": "0.2856080732", "lunar": "111.1015472412", "kilometers": "42726360", "miles": "26548930"}, "orbiting_body": "Earth"}, {"close_approach_date": "2112-04-16", "epoch_date_close_approach": 4490233200000, "relative_velocity": {"kilometers_per_second": "23.4523311752", "kilometers_per_hour": "84428.3922308766", "miles_per_hour": "52460.5196059022"}, "miss_distance": {"astronomical": "0.051574489", "lunar": "20.0624752045", "kilometers": "7715433.5", "miles": "4794148"}, "orbiting_body": "Merc"}, {"close_approach_date": "2113-03-04", "epoch_date_close_approach": 4518057600000, "relative_velocity": {"kilometers_per_second": "30.971659399", "kilometers_per_hour": "111497.9738365642", "miles_per_hour": "69280.5049097251"}, "miss_distance": {"astronomical": "0.0534326914", "lunar": "20.7853164673", "kilometers": "7993417", "miles": "4966879"}, "orbiting_body": "Merc"}, {"close_approach_date": "2118-10-14", "epoch_date_close_approach": 4695174000000, "relative_velocity": {"kilometers_per_second": "22.2663697915", "kilometers_per_hour": "80158.9312495749", "miles_per_hour": "49807.6425867151"}, "miss_distance": {"astronomical": "0.0642818745", "lunar": "25.0056495667", "kilometers": "9616431", "miles": "5975373.5"}, "orbiting_body": "Merc"}, {"close_approach_date": "2118-11-28", "epoch_date_close_approach": 4699065600000, "relative_velocity": {"kilometers_per_second": "28.832189626", "kilometers_per_hour": "103795.8826536994", "miles_per_hour": "64494.7249744611"}, "miss_distance": {"astronomical": "0.287197762", "lunar": "111.7199325562", "kilometers": "42964176", "miles": "26696700"}, "orbiting_body": "Earth"}, {"close_approach_date": "2119-09-02", "epoch_date_close_approach": 4723081200000, "relative_velocity": {"kilometers_per_second": "34.1164594163", "kilometers_per_hour": "122819.2538985079", "miles_per_hour": "76315.1080682145"}, "miss_distance": {"astronomical": "0.0800469797", "lunar": "31.1382751465", "kilometers": "11974858", "miles": "7440832"}, "orbiting_body": "Merc"}, {"close_approach_date": "2119-11-17", "epoch_date_close_approach": 4729651200000, "relative_velocity": {"kilometers_per_second": "16.5900533209", "kilometers_per_hour": "59724.1919552458", "miles_per_hour": "37110.2902735248"}, "miss_distance": {"astronomical": "0.1383756128", "lunar": "53.8281135559", "kilometers": "20700696", "miles": "12862817"}, "orbiting_body": "Earth"}, {"close_approach_date": "2120-12-07", "epoch_date_close_approach": 4763001600000, "relative_velocity": {"kilometers_per_second": "14.7842688841", "kilometers_per_hour": "53223.3679825836", "miles_per_hour": "33070.9310667337"}, "miss_distance": {"astronomical": "0.4474313228", "lunar": "174.05078125", "kilometers": "66934776", "miles": "41591340"}, "orbiting_body": "Earth"}, {"close_approach_date": "2124-02-28", "epoch_date_close_approach": 4864780800000, "relative_velocity": {"kilometers_per_second": "12.8759264113", "kilometers_per_hour": "46353.335080716", "miles_per_hour": "28802.1597894593"}, "miss_distance": {"astronomical": "0.3464628485", "lunar": "134.7740478516", "kilometers": "51830104", "miles": "32205734"}, "orbiting_body": "Earth"}, {"close_approach_date": "2124-04-05", "epoch_date_close_approach": 4867974000000, "relative_velocity": {"kilometers_per_second": "27.335076852", "kilometers_per_hour": "98406.2766670484", "miles_per_hour": "61145.8334101446"}, "miss_distance": {"astronomical": "0.1468175212", "lunar": "57.1120147705", "kilometers": "21963588", "miles": "13647541"}, "orbiting_body": "Venus"}, {"close_approach_date": "2125-02-19", "epoch_date_close_approach": 4895625600000, "relative_velocity": {"kilometers_per_second": "24.9707815575", "kilometers_per_hour": "89894.813606919", "miles_per_hour": "55857.1412659214"}, "miss_distance": {"astronomical": "0.2957881861", "lunar": "115.0616073608", "kilometers": "44249284", "miles": "27495232"}, "orbiting_body": "Earth"}, {"close_approach_date": "2125-04-10", "epoch_date_close_approach": 4899942000000, "relative_velocity": {"kilometers_per_second": "22.2637327904", "kilometers_per_hour": "80149.4380454454", "miles_per_hour": "49801.7438788491"}, "miss_distance": {"astronomical": "0.0780916866", "lunar": "30.3776664734", "kilometers": "11682350", "miles": "7259076"}, "orbiting_body": "Merc"}, {"close_approach_date": "2126-02-12", "epoch_date_close_approach": 4926556800000, "relative_velocity": {"kilometers_per_second": "23.6108670821", "kilometers_per_hour": "84999.1214955092", "miles_per_hour": "52815.1485759179"}, "miss_distance": {"astronomical": "0.1156093205", "lunar": "44.9720230103", "kilometers": "17294908", "miles": "10746558"}, "orbiting_body": "Venus"}, {"close_approach_date": "2127-12-22", "epoch_date_close_approach": 4985136000000, "relative_velocity": {"kilometers_per_second": "20.0006947458", "kilometers_per_hour": "72002.5010849606", "miles_per_hour": "44739.5540769301"}, "miss_distance": {"astronomical": "0.1305748476", "lunar": "50.7936172485", "kilometers": "19533720", "miles": "12137691"}, "orbiting_body": "Venus"}, {"close_approach_date": "2131-10-05", "epoch_date_close_approach": 5104623600000, "relative_velocity": {"kilometers_per_second": "22.2812461279", "kilometers_per_hour": "80212.4860603435", "miles_per_hour": "49840.9194634396"}, "miss_distance": {"astronomical": "0.0791719609", "lunar": "30.7978935242", "kilometers": "11843957", "miles": "7359494"}, "orbiting_body": "Merc"}, {"close_approach_date": "2131-11-27", "epoch_date_close_approach": 5109206400000, "relative_velocity": {"kilometers_per_second": "27.8103370426", "kilometers_per_hour": "100117.213353509", "miles_per_hour": "62208.9429306845"}, "miss_distance": {"astronomical": "0.2552150128", "lunar": "99.2786407471", "kilometers": "38179624", "miles": "23723718"}, "orbiting_body": "Earth"}, {"close_approach_date": "2132-11-17", "epoch_date_close_approach": 5139964800000, "relative_velocity": {"kilometers_per_second": "15.9112260192", "kilometers_per_hour": "57280.4136691985", "miles_per_hour": "35591.8214823972"}, "miss_distance": {"astronomical": "0.1692378842", "lunar": "65.8335342407", "kilometers": "25317626", "miles": "15731644"}, "orbiting_body": "Earth"}, {"close_approach_date": "2133-12-10", "epoch_date_close_approach": 5173488000000, "relative_velocity": {"kilometers_per_second": "14.8909870961", "kilometers_per_hour": "53607.5535459463", "miles_per_hour": "33309.6490352576"}, "miss_distance": {"astronomical": "0.4634149244", "lunar": "180.2684173584", "kilometers": "69325888", "miles": "43077108"}, "orbiting_body": "Earth"}, {"close_approach_date": "2137-03-02", "epoch_date_close_approach": 5275267200000, "relative_velocity": {"kilometers_per_second": "13.3961805611", "kilometers_per_hour": "48226.2500201378", "miles_per_hour": "29965.9162972351"}, "miss_distance": {"astronomical": "0.3222889728", "lunar": "125.3704071045", "kilometers": "48213744", "miles": "29958630"}, "orbiting_body": "Earth"}, {"close_approach_date": "2138-02-18", "epoch_date_close_approach": 5305766400000, "relative_velocity": {"kilometers_per_second": "26.1049474797", "kilometers_per_hour": "93977.8109270798", "miles_per_hour": "58394.1570174403"}, "miss_distance": {"astronomical": "0.3177517316", "lunar": "123.6054229736", "kilometers": "47534984", "miles": "29536870"}, "orbiting_body": "Earth"}, {"close_approach_date": "2138-03-31", "epoch_date_close_approach": 5309305200000, "relative_velocity": {"kilometers_per_second": "22.2296112479", "kilometers_per_hour": "80026.6004925192", "miles_per_hour": "49725.4174004767"}, "miss_distance": {"astronomical": "0.0646543926", "lunar": "25.150560379", "kilometers": "9672160", "miles": "6010001.5"}, "orbiting_body": "Merc"}, {"close_approach_date": "2143-11-09", "epoch_date_close_approach": 5486342400000, "relative_velocity": {"kilometers_per_second": "32.7889018273", "kilometers_per_hour": "118040.046578365", "miles_per_hour": "73345.4944975402"}, "miss_distance": {"astronomical": "0.0792845455", "lunar": "30.8416900635", "kilometers": "11860800", "miles": "7369959.5"}, "orbiting_body": "Merc"}, {"close_approach_date": "2144-09-26", "epoch_date_close_approach": 5514159600000, "relative_velocity": {"kilometers_per_second": "23.7166321853", "kilometers_per_hour": "85379.8758671311", "miles_per_hour": "53051.7345353293"}, "miss_distance": {"astronomical": "0.0409136961", "lunar": "15.9154281616", "kilometers": "6120602", "miles": "3803165.75"}, "orbiting_body": "Merc"}, {"close_approach_date": "2144-11-25", "epoch_date_close_approach": 5519347200000, "relative_velocity": {"kilometers_per_second": "26.8190131386", "kilometers_per_hour": "96548.4472989809", "miles_per_hour": "59991.4504897473"}, "miss_distance": {"astronomical": "0.2245872037", "lunar": "87.3644180298", "kilometers": "33597768", "miles": "20876684"}, "orbiting_body": "Earth"}, {"close_approach_date": "2145-11-18", "epoch_date_close_approach": 5550278400000, "relative_velocity": {"kilometers_per_second": "15.3760603932", "kilometers_per_hour": "55353.8174154689", "miles_per_hour": "34394.7094935173"}, "miss_distance": {"astronomical": "0.1975815132", "lunar": "76.8592071533", "kilometers": "29557774", "miles": "18366350"}, "orbiting_body": "Earth"}, {"close_approach_date": "2146-12-12", "epoch_date_close_approach": 5583888000000, "relative_velocity": {"kilometers_per_second": "14.9923184482", "kilometers_per_hour": "53972.3464135423", "miles_per_hour": "33536.3171367925"}, "miss_distance": {"astronomical": "0.4768054371", "lunar": "185.4773254395", "kilometers": "71329080", "miles": "44321836"}, "orbiting_body": "Earth"}, {"close_approach_date": "2150-03-03", "epoch_date_close_approach": 5685580800000, "relative_velocity": {"kilometers_per_second": "14.1237857689", "kilometers_per_hour": "50845.6287680922", "miles_per_hour": "31593.4963864848"}, "miss_distance": {"astronomical": "0.3020593931", "lunar": "117.5010986328", "kilometers": "45187440", "miles": "28078174"}, "orbiting_body": "Earth"}, {"close_approach_date": "2150-05-09", "epoch_date_close_approach": 5691366000000, "relative_velocity": {"kilometers_per_second": "26.5893264987", "kilometers_per_hour": "95721.5753952016", "miles_per_hour": "59477.6644448684"}, "miss_distance": {"astronomical": "0.0476260774", "lunar": "18.5265445709", "kilometers": "7124760", "miles": "4427120.5"}, "orbiting_body": "Merc"}, {"close_approach_date": "2151-02-17", "epoch_date_close_approach": 5715907200000, "relative_velocity": {"kilometers_per_second": "27.1624399362", "kilometers_per_hour": "97784.7837704852", "miles_per_hour": "60759.6618933885"}, "miss_distance": {"astronomical": "0.3396080798", "lunar": "132.1075439453", "kilometers": "50804644", "miles": "31568542"}, "orbiting_body": "Earth"}, {"close_approach_date": "2151-03-25", "epoch_date_close_approach": 5719014000000, "relative_velocity": {"kilometers_per_second": "27.7770438402", "kilometers_per_hour": "99997.3578248021", "miles_per_hour": "62134.4693661944"}, "miss_distance": {"astronomical": "0.0312283073", "lunar": "12.1478118896", "kilometers": "4671688.5", "miles": "2902852.5"}, "orbiting_body": "Merc"}, {"close_approach_date": "2155-12-31", "epoch_date_close_approach": 5869526400000, "relative_velocity": {"kilometers_per_second": "18.8218055398", "kilometers_per_hour": "67758.4999432764", "miles_per_hour": "42102.4968119764"}, "miss_distance": {"astronomical": "0.1137675853", "lunar": "44.2555923462", "kilometers": "17019388", "miles": "10575358"}, "orbiting_body": "Venus"}, {"close_approach_date": "2156-11-03", "epoch_date_close_approach": 5896134000000, "relative_velocity": {"kilometers_per_second": "22.4723519866", "kilometers_per_hour": "80900.4671517028", "miles_per_hour": "50268.40415879"}, "miss_distance": {"astronomical": "0.0608462371", "lunar": "23.6691856384", "kilometers": "9102467", "miles": "5656011"}, "orbiting_body": "Merc"}, {"close_approach_date": "2157-09-22", "epoch_date_close_approach": 5924041200000, "relative_velocity": {"kilometers_per_second": "33.6523997816", "kilometers_per_hour": "121148.6392138349", "miles_per_hour": "75277.0530715076"}, "miss_distance": {"astronomical": "0.0755388885", "lunar": "29.3846282959", "kilometers": "11300457", "miles": "7021778.5"}, "orbiting_body": "Merc"}, {"close_approach_date": "2157-11-07", "epoch_date_close_approach": 5928019200000, "relative_velocity": {"kilometers_per_second": "22.3011046623", "kilometers_per_hour": "80283.9767842447", "miles_per_hour": "49885.341019077"}, "miss_distance": {"astronomical": "0.0691347291", "lunar": "26.893409729", "kilometers": "10342408", "miles": "6426474.5"}, "orbiting_body": "Venus"}, {"close_approach_date": "2157-11-24", "epoch_date_close_approach": 5929488000000, "relative_velocity": {"kilometers_per_second": "25.4962738783", "kilometers_per_hour": "91786.5859620161", "miles_per_hour": "57032.6150384538"}, "miss_distance": {"astronomical": "0.1841680473", "lunar": "71.6413650513", "kilometers": "27551146", "miles": "17119490"}, "orbiting_body": "Earth"}, {"close_approach_date": "2158-11-19", "epoch_date_close_approach": 5960592000000, "relative_velocity": {"kilometers_per_second": "14.8031638959", "kilometers_per_hour": "53291.3900252825", "miles_per_hour": "33113.1973187651"}, "miss_distance": {"astronomical": "0.2362620116", "lunar": "91.905921936", "kilometers": "35344292", "miles": "21961926"}, "orbiting_body": "Earth"}, {"close_approach_date": "2159-09-14", "epoch_date_close_approach": 5986422000000, "relative_velocity": {"kilometers_per_second": "25.8073117059", "kilometers_per_hour": "92906.3221412321", "miles_per_hour": "57728.3755549228"}, "miss_distance": {"astronomical": "0.0883764978", "lunar": "34.3784599304", "kilometers": "13220936", "miles": "8215109"}, "orbiting_body": "Venus"}, {"close_approach_date": "2159-12-15", "epoch_date_close_approach": 5994374400000, "relative_velocity": {"kilometers_per_second": "15.1308964785", "kilometers_per_hour": "54471.2273225168", "miles_per_hour": "33846.302332705"}, "miss_distance": {"astronomical": "0.4946616122", "lunar": "192.4233551025", "kilometers": "74000320", "miles": "45981668"}, "orbiting_body": "Earth"}, {"close_approach_date": "2161-07-22", "epoch_date_close_approach": 6044914800000, "relative_velocity": {"kilometers_per_second": "29.3997966309", "kilometers_per_hour": "105839.2678711183", "miles_per_hour": "65764.4050835846"}, "miss_distance": {"astronomical": "0.1478271907", "lunar": "57.5047798157", "kilometers": "22114634", "miles": "13741396"}, "orbiting_body": "Venus"}, {"close_approach_date": "2163-03-03", "epoch_date_close_approach": 6095808000000, "relative_velocity": {"kilometers_per_second": "15.414026439", "kilometers_per_hour": "55490.4951805084", "miles_per_hour": "34479.6357414664"}, "miss_distance": {"astronomical": "0.27570374", "lunar": "107.2487487793", "kilometers": "41244692", "miles": "25628262"}, "orbiting_body": "Earth"}, {"close_approach_date": "2163-04-29", "epoch_date_close_approach": 6100729200000, "relative_velocity": {"kilometers_per_second": "22.3060014967", "kilometers_per_hour": "80301.6053881952", "miles_per_hour": "49896.294748015"}, "miss_distance": {"astronomical": "0.0794922484", "lunar": "30.9224853516", "kilometers": "11891871", "miles": "7389266"}, "orbiting_body": "Merc"}, {"close_approach_date": "2164-02-15", "epoch_date_close_approach": 6125961600000, "relative_velocity": {"kilometers_per_second": "28.6730591823", "kilometers_per_hour": "103223.0130561176", "miles_per_hour": "64138.766084786"}, "miss_distance": {"astronomical": "0.3736794899", "lunar": "145.361328125", "kilometers": "55901656", "miles": "34735680"}, "orbiting_body": "Earth"}, {"close_approach_date": "2169-10-24", "epoch_date_close_approach": 6305497200000, "relative_velocity": {"kilometers_per_second": "22.2857246206", "kilometers_per_hour": "80228.6086342342", "miles_per_hour": "49850.9374038662"}, "miss_distance": {"astronomical": "0.0795123216", "lunar": "30.9302921295", "kilometers": "11894874", "miles": "7391132"}, "orbiting_body": "Merc"}, {"close_approach_date": "2170-11-23", "epoch_date_close_approach": 6339628800000, "relative_velocity": {"kilometers_per_second": "24.4064000353", "kilometers_per_hour": "87863.0401269457", "miles_per_hour": "54594.6762388791"}, "miss_distance": {"astronomical": "0.1499893016", "lunar": "58.3458404541", "kilometers": "22438082", "miles": "13942377"}, "orbiting_body": "Earth"}, {"close_approach_date": "2171-11-21", "epoch_date_close_approach": 6370992000000, "relative_velocity": {"kilometers_per_second": "14.5144652588", "kilometers_per_hour": "52252.074931761", "miles_per_hour": "32467.4073374601"}, "miss_distance": {"astronomical": "0.2643892952", "lunar": "102.847442627", "kilometers": "39552076", "miles": "24576522"}, "orbiting_body": "Earth"}, {"close_approach_date": "2175-02-02", "epoch_date_close_approach": 6471993600000, "relative_velocity": {"kilometers_per_second": "14.1828488574", "kilometers_per_hour": "51058.2558867217", "miles_per_hour": "31725.6146091688"}, "miss_distance": {"astronomical": "0.4971689932", "lunar": "193.3987426758", "kilometers": "74375424", "miles": "46214744"}, "orbiting_body": "Earth"}, {"close_approach_date": "2176-03-02", "epoch_date_close_approach": 6506035200000, "relative_velocity": {"kilometers_per_second": "16.1945886738", "kilometers_per_hour": "58300.5192256159", "miles_per_hour": "36225.6754043834"}, "miss_distance": {"astronomical": "0.2630932574", "lunar": "102.3432769775", "kilometers": "39358192", "miles": "24456046"}, "orbiting_body": "Earth"}, {"close_approach_date": "2176-04-20", "epoch_date_close_approach": 6510265200000, "relative_velocity": {"kilometers_per_second": "22.1705322605", "kilometers_per_hour": "79813.9161376308", "miles_per_hour": "49593.2636134073"}, "miss_distance": {"astronomical": "0.0676106297", "lunar": "26.300535202", "kilometers": "10114406", "miles": "6284800.5"}, "orbiting_body": "Merc"}, {"close_approach_date": "2177-02-13", "epoch_date_close_approach": 6536102400000, "relative_velocity": {"kilometers_per_second": "29.5164446724", "kilometers_per_hour": "106259.2008207372", "miles_per_hour": "66025.335087752"}, "miss_distance": {"astronomical": "0.3940117337", "lunar": "153.2705688477", "kilometers": "58943316", "miles": "36625680"}, "orbiting_body": "Earth"}, {"close_approach_date": "2179-01-08", "epoch_date_close_approach": 6596064000000, "relative_velocity": {"kilometers_per_second": "24.2517315734", "kilometers_per_hour": "87306.2336643592", "miles_per_hour": "54248.6983566125"}, "miss_distance": {"astronomical": "0.1173973936", "lunar": "45.6675834656", "kilometers": "17562400", "miles": "10912769"}, "orbiting_body": "Venus"}, {"close_approach_date": "2180-11-16", "epoch_date_close_approach": 6654643200000, "relative_velocity": {"kilometers_per_second": "20.5822835349", "kilometers_per_hour": "74096.2207255082", "miles_per_hour": "46040.5100391359"}, "miss_distance": {"astronomical": "0.1245659087", "lunar": "48.4561386108", "kilometers": "18634794", "miles": "11579125"}, "orbiting_body": "Venus"}, {"close_approach_date": "2181-11-28", "epoch_date_close_approach": 6687216000000, "relative_velocity": {"kilometers_per_second": "33.1715090064", "kilometers_per_hour": "119417.4324230123", "miles_per_hour": "74201.3484963989"}, "miss_distance": {"astronomical": "0.0819591016", "lunar": "31.8820896149", "kilometers": "12260907", "miles": "7618574"}, "orbiting_body": "Merc"}, {"close_approach_date": "2182-10-16", "epoch_date_close_approach": 6715033200000, "relative_velocity": {"kilometers_per_second": "23.6320089351", "kilometers_per_hour": "85075.2321664608", "miles_per_hour": "52862.4407869878"}, "miss_distance": {"astronomical": "0.0413699637", "lunar": "16.0929164886", "kilometers": "6188858.5", "miles": "3845578.5"}, "orbiting_body": "Merc"}, {"close_approach_date": "2183-11-22", "epoch_date_close_approach": 6749769600000, "relative_velocity": {"kilometers_per_second": "23.4330083159", "kilometers_per_hour": "84358.8299371284", "miles_per_hour": "52417.2963017674"}, "miss_distance": {"astronomical": "0.1191879051", "lunar": "46.3640937805", "kilometers": "17830258", "miles": "11079208"}, "orbiting_body": "Earth"}, {"close_approach_date": "2184-11-22", "epoch_date_close_approach": 6781392000000, "relative_velocity": {"kilometers_per_second": "14.3472636506", "kilometers_per_hour": "51650.1491422208", "miles_per_hour": "32093.3940600649"}, "miss_distance": {"astronomical": "0.290903373", "lunar": "113.1614074707", "kilometers": "43518524", "miles": "27041156"}, "orbiting_body": "Earth"}, {"close_approach_date": "2188-02-05", "epoch_date_close_approach": 6882480000000, "relative_velocity": {"kilometers_per_second": "14.002656361", "kilometers_per_hour": "50409.5628994265", "miles_per_hour": "31322.5420138131"}, "miss_distance": {"astronomical": "0.4848806368", "lunar": "188.618560791", "kilometers": "72537112", "miles": "45072472"}, "orbiting_body": "Earth"}, {"close_approach_date": "2188-05-28", "epoch_date_close_approach": 6892239600000, "relative_velocity": {"kilometers_per_second": "27.5404655243", "kilometers_per_hour": "99145.6758873619", "miles_per_hour": "61605.2673312333"}, "miss_distance": {"astronomical": "0.0502728401", "lunar": "19.5561351776", "kilometers": "7520710", "miles": "4673152.5"}, "orbiting_body": "Merc"}, {"close_approach_date": "2189-03-01", "epoch_date_close_approach": 6916176000000, "relative_velocity": {"kilometers_per_second": "17.0991119658", "kilometers_per_hour": "61556.8030769178", "miles_per_hour": "38249.0035563215"}, "miss_distance": {"astronomical": "0.2515393408", "lunar": "97.8488082886", "kilometers": "37629752", "miles": "23382044"}, "orbiting_body": "Earth"}, {"close_approach_date": "2189-04-14", "epoch_date_close_approach": 6919974000000, "relative_velocity": {"kilometers_per_second": "26.8431763996", "kilometers_per_hour": "96635.4350384668", "miles_per_hour": "60045.5012882073"}, "miss_distance": {"astronomical": "0.0278112788", "lunar": "10.8185873032", "kilometers": "4160508.25", "miles": "2585220"}, "orbiting_body": "Merc"}, {"close_approach_date": "2190-02-12", "epoch_date_close_approach": 6946243200000, "relative_velocity": {"kilometers_per_second": "30.4679856534", "kilometers_per_hour": "109684.7483524139", "miles_per_hour": "68153.8371081985"}, "miss_distance": {"astronomical": "0.4171714781", "lunar": "162.2797088623", "kilometers": "62407964", "miles": "38778512"}, "orbiting_body": "Earth"}, {"close_approach_date": "2194-11-26", "epoch_date_close_approach": 7097270400000, "relative_velocity": {"kilometers_per_second": "24.1323662362", "kilometers_per_hour": "86876.5184502703", "miles_per_hour": "53981.6900337249"}, "miss_distance": {"astronomical": "0.0487891859", "lunar": "18.9789924622", "kilometers": "7298758", "miles": "4535238"}, "orbiting_body": "Merc"}, {"close_approach_date": "2195-10-13", "epoch_date_close_approach": 7125001200000, "relative_velocity": {"kilometers_per_second": "30.0231576092", "kilometers_per_hour": "108083.3673931283", "miles_per_hour": "67158.8012560246"}, "miss_distance": {"astronomical": "0.0451560633", "lunar": "17.5657081604", "kilometers": "6755250.5", "miles": "4197518"}, "orbiting_body": "Merc"}, {"close_approach_date": "2196-11-21", "epoch_date_close_approach": 7159996800000, "relative_velocity": {"kilometers_per_second": "22.9067240402", "kilometers_per_hour": "82464.2065447405", "miles_per_hour": "51240.0510055361"}, "miss_distance": {"astronomical": "0.1029366763", "lunar": "40.0423660278", "kilometers": "15399108", "miles": "9568562"}, "orbiting_body": "Earth"}, {"close_approach_date": "2197-11-23", "epoch_date_close_approach": 7191705600000, "relative_velocity": {"kilometers_per_second": "14.3028570545", "kilometers_per_hour": "51490.2853960211", "miles_per_hour": "31994.0609450999"}, "miss_distance": {"astronomical": "0.3032551422", "lunar": "117.9662475586", "kilometers": "45366324", "miles": "28189326"}, "orbiting_body": "Earth"}], "orbital_data": {"orbit_id": "55", "orbit_determination_date": "2018-01-15 06:57:00", "orbit_uncertainty": "2", "minimum_orbit_intersection": ".0440028", "jupiter_tisserand_invariant": "6.129", "epoch_osculation": "2458000.5", "eccentricity": ".5998557258193596", "semi_major_axis": ".9521407582243279", "inclination": "14.02715452218805", "ascending_node_longitude": "64.49134269189393", "orbital_period": "339.3518033537597", "perihelion_distance": ".3809936726174782", "perihelion_argument": "219.2689288290751", "aphelion_distance": "1.523287843831177", "perihelion_time": "2457950.590874958623", "mean_anomaly": "52.94589519586463", "mean_motion": "1.060845990627359", "equinox": "J2000"}}