{"links": {"self": "https://api.nasa.gov/neo/rest/v1/neo/3740928?api_key=stjNMXvPIBN6FqEBpH6hQbWAtFDv0RARRez0p7z1"}, "neo_reference_id": "3740928", "name": "(2016 BZ14)", "nasa_jpl_url": "http://ssd.jpl.nasa.gov/sbdb.cgi?sstr=3740928", "absolute_magnitude_h": 18.4, "estimated_diameter": {"kilometers": {"estimated_diameter_min": 0.5553349116, "estimated_diameter_max": 1.2417666126}, "meters": {"estimated_diameter_min": 555.334911581, "estimated_diameter_max": 1241.766612574}, "miles": {"estimated_diameter_min": 0.3450690093, "estimated_diameter_max": 0.7715977618}, "feet": {"estimated_diameter_min": 1821.9649913114, "estimated_diameter_max": 4074.0375731972}}, "is_potentially_hazardous_asteroid": true, "close_approach_data": [{"close_approach_date": "1927-03-11", "epoch_date_close_approach": -1351008000000, "relative_velocity": {"kilometers_per_second": "13.0099512518", "kilometers_per_hour": "46835.8245063835", "miles_per_hour": "29101.9599550915"}, "miss_distance": {"astronomical": "1.7076873063", "lunar": "664.2903442383", "kilometers": "255466384", "miles": "158739456"}, "orbiting_body": "Juptr"}, {"close_approach_date": "1950-10-02", "epoch_date_close_approach": -607449600000, "relative_velocity": {"kilometers_per_second": "11.0674916387", "kilometers_per_hour": "39842.9698991677", "miles_per_hour": "24756.8720465134"}, "miss_distance": {"astronomical": "1.1776366445", "lunar": "458.1006469727", "kilometers": "176171936", "miles": "109468160"}, "orbiting_body": "Juptr"}, {"close_approach_date": "1974-06-13", "epoch_date_close_approach": 140338800000, "relative_velocity": {"kilometers_per_second": "10.7266288383", "kilometers_per_hour": "38615.8638178865", "miles_per_hour": "23994.3960483973"}, "miss_distance": {"astronomical": "1.1051622529", "lunar": "429.9081115723", "kilometers": "165329920", "miles": "102731248"}, "orbiting_body": "Juptr"}, {"close_approach_date": "1992-02-01", "epoch_date_close_approach": 696931200000, "relative_velocity": {"kilometers_per_second": "23.062200173", "kilometers_per_hour": "83023.9206229325", "miles_per_hour": "51587.835567066"}, "miss_distance": {"astronomical": "0.1084516556", "lunar": "42.1876945496", "kilometers": "16224137", "miles": "10081211"}, "orbiting_body": "Earth"}, {"close_approach_date": "1998-04-12", "epoch_date_close_approach": 892364400000, "relative_velocity": {"kilometers_per_second": "11.9998299892", "kilometers_per_hour": "43199.387961273", "miles_per_hour": "26842.4197029365"}, "miss_distance": {"astronomical": "1.4440481724", "lunar": "561.7347412109", "kilometers": "216026528", "miles": "134232672"}, "orbiting_body": "Juptr"}, {"close_approach_date": "2016-02-26", "epoch_date_close_approach": 1456473600000, "relative_velocity": {"kilometers_per_second": "19.5413049249", "kilometers_per_hour": "70348.6977297653", "miles_per_hour": "43711.9449865867"}, "miss_distance": {"astronomical": "0.2668671042", "lunar": "103.8113021851", "kilometers": "39922752", "miles": "24806848"}, "orbiting_body": "Earth"}, {"close_approach_date": "2045-02-02", "epoch_date_close_approach": 2369635200000, "relative_velocity": {"kilometers_per_second": "22.0627755739", "kilometers_per_hour": "79425.9920660825", "miles_per_hour": "49352.2226812833"}, "miss_distance": {"astronomical": "0.0688557483", "lunar": "26.7848854065", "kilometers": "10300673", "miles": "6400541.5"}, "orbiting_body": "Earth"}, {"close_approach_date": "2057-09-18", "epoch_date_close_approach": 2768022000000, "relative_velocity": {"kilometers_per_second": "8.9939235134", "kilometers_per_hour": "32378.1246483217", "miles_per_hour": "20118.5075071752"}, "miss_distance": {"astronomical": "1.9473237025", "lunar": "757.5089111328", "kilometers": "291315488", "miles": "181015040"}, "orbiting_body": "Juptr"}, {"close_approach_date": "2069-02-10", "epoch_date_close_approach": 3127708800000, "relative_velocity": {"kilometers_per_second": "20.6198563568", "kilometers_per_hour": "74231.4828843158", "miles_per_hour": "46124.5566844239"}, "miss_distance": {"astronomical": "0.065757906", "lunar": "25.579826355", "kilometers": "9837243", "miles": "6112579.5"}, "orbiting_body": "Earth"}, {"close_approach_date": "2081-04-28", "epoch_date_close_approach": 3513049200000, "relative_velocity": {"kilometers_per_second": "7.9872069489", "kilometers_per_hour": "28753.9450161503", "miles_per_hour": "17866.583224063"}, "miss_distance": {"astronomical": "1.6149049827", "lunar": "628.198059082", "kilometers": "241586352", "miles": "150114800"}, "orbiting_body": "Juptr"}, {"close_approach_date": "2105-01-03", "epoch_date_close_approach": 4260412800000, "relative_velocity": {"kilometers_per_second": "7.7915869858", "kilometers_per_hour": "28049.713148863", "miles_per_hour": "17429.0009285255"}, "miss_distance": {"astronomical": "1.527315896", "lunar": "594.1258544922", "kilometers": "228483200", "miles": "141972880"}, "orbiting_body": "Juptr"}, {"close_approach_date": "2126-03-10", "epoch_date_close_approach": 4928803200000, "relative_velocity": {"kilometers_per_second": "20.1527628957", "kilometers_per_hour": "72549.9464244462", "miles_per_hour": "45079.7153213455"}, "miss_distance": {"astronomical": "0.3508489448", "lunar": "136.4802398682", "kilometers": "52486256", "miles": "32613446"}, "orbiting_body": "Earth"}, {"close_approach_date": "2128-10-26", "epoch_date_close_approach": 5011830000000, "relative_velocity": {"kilometers_per_second": "8.1046987799", "kilometers_per_hour": "29176.9156075972", "miles_per_hour": "18129.4007007317"}, "miss_distance": {"astronomical": "1.6603296627", "lunar": "645.8682250977", "kilometers": "248381792", "miles": "154337296"}, "orbiting_body": "Juptr"}, {"close_approach_date": "2152-08-28", "epoch_date_close_approach": 5764114800000, "relative_velocity": {"kilometers_per_second": "9.3887395675", "kilometers_per_hour": "33799.4624428478", "miles_per_hour": "21001.6715384462"}, "miss_distance": {"astronomical": "1.9944716531", "lunar": "775.8494873047", "kilometers": "298368704", "miles": "185397728"}, "orbiting_body": "Juptr"}, {"close_approach_date": "2188-03-20", "epoch_date_close_approach": 6886278000000, "relative_velocity": {"kilometers_per_second": "13.9199402727", "kilometers_per_hour": "50111.7849817628", "miles_per_hour": "31137.5143960292"}, "miss_distance": {"astronomical": "1.9358983911", "lunar": "753.0645141602", "kilometers": "289606272", "miles": "179953008"}, "orbiting_body": "Juptr"}], "orbital_data": {"orbit_id": "85", "orbit_determination_date": "2017-04-06 08:28:53", "orbit_uncertainty": "3", "minimum_orbit_intersection": ".0214521", "jupiter_tisserand_invariant": "2.766", "epoch_osculation": "2458000.5", "eccentricity": ".6681037328905697", "semi_major_axis": "2.850308369451375", "inclination": "31.33554350523833", "ascending_node_longitude": "137.3992947453075", "orbital_period": "1757.665380987738", "perihelion_distance": ".9460067079316784", "perihelion_argument": "32.21135200518233", "aphelion_distance": "4.754610030971072", "perihelion_time": "2457465.066933457173", "mean_anomaly": "109.665870444064", "mean_motion": ".2048171420419593", "equinox": "J2000"}}