{"links": {"self": "https://api.nasa.gov/neo/rest/v1/neo/3744785?api_key=stjNMXvPIBN6FqEBpH6hQbWAtFDv0RARRez0p7z1"}, "neo_reference_id": "3744785", "name": "(2016 CL264)", "nasa_jpl_url": "http://ssd.jpl.nasa.gov/sbdb.cgi?sstr=3744785", "absolute_magnitude_h": 19.3, "estimated_diameter": {"kilometers": {"estimated_diameter_min": 0.3669061375, "estimated_diameter_max": 0.8204270649}, "meters": {"estimated_diameter_min": 366.9061375314, "estimated_diameter_max": 820.4270648822}, "miles": {"estimated_diameter_min": 0.2279848336, "estimated_diameter_max": 0.5097895857}, "feet": {"estimated_diameter_min": 1203.7603322587, "estimated_diameter_max": 2691.6899315481}}, "is_potentially_hazardous_asteroid": true, "close_approach_data": [{"close_approach_date": "1902-02-02", "epoch_date_close_approach": -2143123200000, "relative_velocity": {"kilometers_per_second": "33.8042866048", "kilometers_per_hour": "121695.431777221", "miles_per_hour": "75616.8087062404"}, "miss_distance": {"astronomical": "0.4344641353", "lunar": "169.0065460205", "kilometers": "64994908", "miles": "40385964"}, "orbiting_body": "Earth"}, {"close_approach_date": "1904-02-24", "epoch_date_close_approach": -2078150400000, "relative_velocity": {"kilometers_per_second": "18.8487871529", "kilometers_per_hour": "67855.6337503428", "miles_per_hour": "42162.8519822616"}, "miss_distance": {"astronomical": "0.3288865764", "lunar": "127.9368743896", "kilometers": "49200732", "miles": "30571916"}, "orbiting_body": "Earth"}, {"close_approach_date": "1906-08-05", "epoch_date_close_approach": -2000995200000, "relative_velocity": {"kilometers_per_second": "21.5125817784", "kilometers_per_hour": "77445.2944022245", "miles_per_hour": "48121.4941800933"}, "miss_distance": {"astronomical": "0.1425269608", "lunar": "55.4429855347", "kilometers": "21321730", "miles": "13248708"}, "orbiting_body": "Earth"}, {"close_approach_date": "1921-02-10", "epoch_date_close_approach": -1542816000000, "relative_velocity": {"kilometers_per_second": "28.5225289796", "kilometers_per_hour": "102681.1043266388", "miles_per_hour": "63802.0450745162"}, "miss_distance": {"astronomical": "0.2522951625", "lunar": "98.1428222656", "kilometers": "37742820", "miles": "23452302"}, "orbiting_body": "Earth"}, {"close_approach_date": "1925-08-15", "epoch_date_close_approach": -1400515200000, "relative_velocity": {"kilometers_per_second": "25.4580484448", "kilometers_per_hour": "91648.9744012426", "miles_per_hour": "56947.1085661499"}, "miss_distance": {"astronomical": "0.0619283637", "lunar": "24.090133667", "kilometers": "9264352", "miles": "5756601"}, "orbiting_body": "Earth"}, {"close_approach_date": "1940-02-19", "epoch_date_close_approach": -942508800000, "relative_velocity": {"kilometers_per_second": "22.8975654269", "kilometers_per_hour": "82431.2355369581", "miles_per_hour": "51219.564103506"}, "miss_distance": {"astronomical": "0.1562770603", "lunar": "60.7917747498", "kilometers": "23378716", "miles": "14526860"}, "orbiting_body": "Earth"}, {"close_approach_date": "1942-07-22", "epoch_date_close_approach": -866134800000, "relative_velocity": {"kilometers_per_second": "18.3190153949", "kilometers_per_hour": "65948.4554217808", "miles_per_hour": "40977.8055369393"}, "miss_distance": {"astronomical": "0.3804903308", "lunar": "148.0107421875", "kilometers": "56920544", "miles": "35368788"}, "orbiting_body": "Earth"}, {"close_approach_date": "1944-08-27", "epoch_date_close_approach": -799866000000, "relative_velocity": {"kilometers_per_second": "31.5390121202", "kilometers_per_hour": "113540.4436326073", "miles_per_hour": "70549.6162116054"}, "miss_distance": {"astronomical": "0.3230186679", "lunar": "125.6542663574", "kilometers": "48322904", "miles": "30026462"}, "orbiting_body": "Earth"}, {"close_approach_date": "1957-02-02", "epoch_date_close_approach": -407433600000, "relative_velocity": {"kilometers_per_second": "33.2873917795", "kilometers_per_hour": "119834.6104060956", "miles_per_hour": "74460.5666714987"}, "miss_distance": {"astronomical": "0.4190267939", "lunar": "163.0014190674", "kilometers": "62685516", "miles": "38950976"}, "orbiting_body": "Earth"}, {"close_approach_date": "1959-02-24", "epoch_date_close_approach": -342460800000, "relative_velocity": {"kilometers_per_second": "18.5618847859", "kilometers_per_hour": "66822.7852293181", "miles_per_hour": "41521.0800776282"}, "miss_distance": {"astronomical": "0.3537074884", "lunar": "137.5922088623", "kilometers": "52913888", "miles": "32879166"}, "orbiting_body": "Earth"}, {"close_approach_date": "1961-08-06", "epoch_date_close_approach": -265222800000, "relative_velocity": {"kilometers_per_second": "22.1006593524", "kilometers_per_hour": "79562.3736687732", "miles_per_hour": "49436.9649054663"}, "miss_distance": {"astronomical": "0.1091031648", "lunar": "42.4411315918", "kilometers": "16321601", "miles": "10141773"}, "orbiting_body": "Earth"}, {"close_approach_date": "1976-02-12", "epoch_date_close_approach": 192960000000, "relative_velocity": {"kilometers_per_second": "27.1371819177", "kilometers_per_hour": "97693.854903679", "miles_per_hour": "60703.1622316776"}, "miss_distance": {"astronomical": "0.2112915052", "lunar": "82.1923980713", "kilometers": "31608760", "miles": "19640772"}, "orbiting_body": "Earth"}, {"close_approach_date": "1980-08-17", "epoch_date_close_approach": 335343600000, "relative_velocity": {"kilometers_per_second": "26.8961642852", "kilometers_per_hour": "96826.191426689", "miles_per_hour": "60164.0298895446"}, "miss_distance": {"astronomical": "0.1274316836", "lunar": "49.5709266663", "kilometers": "19063510", "miles": "11845516"}, "orbiting_body": "Earth"}, {"close_approach_date": "1995-02-20", "epoch_date_close_approach": 793267200000, "relative_velocity": {"kilometers_per_second": "21.7309797299", "kilometers_per_hour": "78231.5270274708", "miles_per_hour": "48610.0285577082"}, "miss_distance": {"astronomical": "0.1872596885", "lunar": "72.8440170288", "kilometers": "28013650", "miles": "17406876"}, "orbiting_body": "Earth"}, {"close_approach_date": "1997-07-25", "epoch_date_close_approach": 869814000000, "relative_velocity": {"kilometers_per_second": "18.9694933428", "kilometers_per_hour": "68290.176033936", "miles_per_hour": "42432.8596584198"}, "miss_distance": {"astronomical": "0.3198243233", "lunar": "124.4116668701", "kilometers": "47845040", "miles": "29729530"}, "orbiting_body": "Earth"}, {"close_approach_date": "1999-08-30", "epoch_date_close_approach": 935996400000, "relative_velocity": {"kilometers_per_second": "32.9478099076", "kilometers_per_hour": "118612.115667531", "miles_per_hour": "73700.9559824167"}, "miss_distance": {"astronomical": "0.3799667318", "lunar": "147.8070678711", "kilometers": "56842216", "miles": "35320116"}, "orbiting_body": "Earth"}, {"close_approach_date": "2012-02-05", "epoch_date_close_approach": 1328428800000, "relative_velocity": {"kilometers_per_second": "31.9149546336", "kilometers_per_hour": "114893.8366809794", "miles_per_hour": "71390.5620199119"}, "miss_distance": {"astronomical": "0.3728816947", "lunar": "145.0509796143", "kilometers": "55782304", "miles": "34661516"}, "orbiting_body": "Earth"}, {"close_approach_date": "2014-02-23", "epoch_date_close_approach": 1393142400000, "relative_velocity": {"kilometers_per_second": "18.0964428735", "kilometers_per_hour": "65147.1943444751", "miles_per_hour": "40479.9330636545"}, "miss_distance": {"astronomical": "0.4002213454", "lunar": "155.6861114502", "kilometers": "59872260", "miles": "37202900"}, "orbiting_body": "Earth"}, {"close_approach_date": "2016-08-08", "epoch_date_close_approach": 1470639600000, "relative_velocity": {"kilometers_per_second": "23.0659593454", "kilometers_per_hour": "83037.4536433273", "miles_per_hour": "51596.2444596552"}, "miss_distance": {"astronomical": "0.0583087331", "lunar": "22.6820964813", "kilometers": "8722862", "miles": "5420135.5"}, "orbiting_body": "Earth"}, {"close_approach_date": "2031-02-13", "epoch_date_close_approach": 1928736000000, "relative_velocity": {"kilometers_per_second": "26.6605069429", "kilometers_per_hour": "95977.8249944436", "miles_per_hour": "59636.8879805753"}, "miss_distance": {"astronomical": "0.2007893233", "lunar": "78.1070480347", "kilometers": "30037654", "miles": "18664534"}, "orbiting_body": "Earth"}, {"close_approach_date": "2035-08-19", "epoch_date_close_approach": 2071119600000, "relative_velocity": {"kilometers_per_second": "27.1422852412", "kilometers_per_hour": "97712.2268681904", "miles_per_hour": "60714.5778559598"}, "miss_distance": {"astronomical": "0.1388485635", "lunar": "54.0120887756", "kilometers": "20771448", "miles": "12906780"}, "orbiting_body": "Earth"}, {"close_approach_date": "2050-02-19", "epoch_date_close_approach": 2528870400000, "relative_velocity": {"kilometers_per_second": "22.2396517316", "kilometers_per_hour": "80062.7462337038", "miles_per_hour": "49747.8769583811"}, "miss_distance": {"astronomical": "0.1762068682", "lunar": "68.5444717407", "kilometers": "26360174", "miles": "16379452"}, "orbiting_body": "Earth"}, {"close_approach_date": "2052-07-23", "epoch_date_close_approach": 2605330800000, "relative_velocity": {"kilometers_per_second": "18.6811200973", "kilometers_per_hour": "67252.0323504258", "miles_per_hour": "41787.797545741"}, "miss_distance": {"astronomical": "0.3499628494", "lunar": "136.135559082", "kilometers": "52353700", "miles": "32531080"}, "orbiting_body": "Earth"}, {"close_approach_date": "2054-08-28", "epoch_date_close_approach": 2671513200000, "relative_velocity": {"kilometers_per_second": "32.1863399724", "kilometers_per_hour": "115870.8239007134", "miles_per_hour": "71997.6238843072"}, "miss_distance": {"astronomical": "0.3500950949", "lunar": "136.18699646", "kilometers": "52373480", "miles": "32543372"}, "orbiting_body": "Earth"}, {"close_approach_date": "2067-02-02", "epoch_date_close_approach": 3063859200000, "relative_velocity": {"kilometers_per_second": "33.5330181496", "kilometers_per_hour": "120718.865338457", "miles_per_hour": "75010.0082987763"}, "miss_distance": {"astronomical": "0.4317333349", "lunar": "167.9442749023", "kilometers": "64586388", "miles": "40132120"}, "orbiting_body": "Earth"}, {"close_approach_date": "2069-02-23", "epoch_date_close_approach": 3128832000000, "relative_velocity": {"kilometers_per_second": "18.7943939203", "kilometers_per_hour": "67659.8181129792", "miles_per_hour": "42041.1797602564"}, "miss_distance": {"astronomical": "0.3398599919", "lunar": "132.2055358887", "kilometers": "50842332", "miles": "31591960"}, "orbiting_body": "Earth"}, {"close_approach_date": "2071-08-05", "epoch_date_close_approach": 3205983600000, "relative_velocity": {"kilometers_per_second": "21.7989754984", "kilometers_per_hour": "78476.3117942796", "miles_per_hour": "48762.1282923956"}, "miss_distance": {"astronomical": "0.1289204888", "lunar": "50.1500740051", "kilometers": "19286232", "miles": "11983909"}, "orbiting_body": "Earth"}, {"close_approach_date": "2086-02-10", "epoch_date_close_approach": 3664166400000, "relative_velocity": {"kilometers_per_second": "28.527955205", "kilometers_per_hour": "102700.6387379658", "miles_per_hour": "63814.1829980433"}, "miss_distance": {"astronomical": "0.2614382063", "lunar": "101.69947052", "kilometers": "39110600", "miles": "24302202"}, "orbiting_body": "Earth"}, {"close_approach_date": "2090-08-15", "epoch_date_close_approach": 3806463600000, "relative_velocity": {"kilometers_per_second": "25.6065023148", "kilometers_per_hour": "92183.40833341", "miles_per_hour": "57279.1850280569"}, "miss_distance": {"astronomical": "0.0695455481", "lunar": "27.0532169342", "kilometers": "10403865", "miles": "6464662.5"}, "orbiting_body": "Earth"}, {"close_approach_date": "2105-02-18", "epoch_date_close_approach": 4264387200000, "relative_velocity": {"kilometers_per_second": "23.1687253485", "kilometers_per_hour": "83407.4112545968", "miles_per_hour": "51826.1217320576"}, "miss_distance": {"astronomical": "0.1639964571", "lunar": "63.7946205139", "kilometers": "24533522", "miles": "15244423"}, "orbiting_body": "Earth"}, {"close_approach_date": "2107-07-21", "epoch_date_close_approach": 4340674800000, "relative_velocity": {"kilometers_per_second": "18.3631113716", "kilometers_per_hour": "66107.2009378464", "miles_per_hour": "41076.4438271857"}, "miss_distance": {"astronomical": "0.3905347998", "lunar": "151.9180297852", "kilometers": "58423172", "miles": "36302476"}, "orbiting_body": "Earth"}, {"close_approach_date": "2109-08-27", "epoch_date_close_approach": 4407030000000, "relative_velocity": {"kilometers_per_second": "31.2661890388", "kilometers_per_hour": "112558.28053955", "miles_per_hour": "69939.338260811"}, "miss_distance": {"astronomical": "0.3138257133", "lunar": "122.0782089233", "kilometers": "46947660", "miles": "29171924"}, "orbiting_body": "Earth"}, {"close_approach_date": "2122-02-02", "epoch_date_close_approach": 4799462400000, "relative_velocity": {"kilometers_per_second": "34.1214914988", "kilometers_per_hour": "122837.3693958024", "miles_per_hour": "76326.3643337418"}, "miss_distance": {"astronomical": "0.4549402576", "lunar": "176.9717559814", "kilometers": "68058096", "miles": "42289340"}, "orbiting_body": "Earth"}, {"close_approach_date": "2124-02-24", "epoch_date_close_approach": 4864435200000, "relative_velocity": {"kilometers_per_second": "19.0126442335", "kilometers_per_hour": "68445.5192404466", "miles_per_hour": "42529.3838858209"}, "miss_distance": {"astronomical": "0.325206941", "lunar": "126.5055007935", "kilometers": "48650264", "miles": "30229874"}, "orbiting_body": "Earth"}, {"close_approach_date": "2126-08-05", "epoch_date_close_approach": 4941586800000, "relative_velocity": {"kilometers_per_second": "21.6473078468", "kilometers_per_hour": "77930.3082484836", "miles_per_hour": "48422.8629225092"}, "miss_distance": {"astronomical": "0.1382360585", "lunar": "53.7738265991", "kilometers": "20679820", "miles": "12849845"}, "orbiting_body": "Earth"}, {"close_approach_date": "2141-02-11", "epoch_date_close_approach": 5399856000000, "relative_velocity": {"kilometers_per_second": "28.1998395204", "kilometers_per_hour": "101519.4222734674", "miles_per_hour": "63080.2210231998"}, "miss_distance": {"astronomical": "0.2548189376", "lunar": "99.1245727539", "kilometers": "38120372", "miles": "23686902"}, "orbiting_body": "Earth"}, {"close_approach_date": "2145-08-16", "epoch_date_close_approach": 5542153200000, "relative_velocity": {"kilometers_per_second": "26.07037092", "kilometers_per_hour": "93853.3353119514", "miles_per_hour": "58316.8127109178"}, "miss_distance": {"astronomical": "0.0914690355", "lunar": "35.5814552307", "kilometers": "13683573", "miles": "8502578"}, "orbiting_body": "Earth"}, {"close_approach_date": "2160-02-20", "epoch_date_close_approach": 6000163200000, "relative_velocity": {"kilometers_per_second": "22.5196087624", "kilometers_per_hour": "81070.5915447091", "miles_per_hour": "50374.1128406555"}, "miss_distance": {"astronomical": "0.1763240478", "lunar": "68.590057373", "kilometers": "26377704", "miles": "16390345"}, "orbiting_body": "Earth"}, {"close_approach_date": "2162-07-23", "epoch_date_close_approach": 6076537200000, "relative_velocity": {"kilometers_per_second": "18.7595330191", "kilometers_per_hour": "67534.318868594", "miles_per_hour": "41963.1994103217"}, "miss_distance": {"astronomical": "0.3510961195", "lunar": "136.576385498", "kilometers": "52523232", "miles": "32636424"}, "orbiting_body": "Earth"}, {"close_approach_date": "2164-08-29", "epoch_date_close_approach": 6142892400000, "relative_velocity": {"kilometers_per_second": "32.1978356335", "kilometers_per_hour": "115912.2082805532", "miles_per_hour": "72023.3385285471"}, "miss_distance": {"astronomical": "0.3519382174", "lunar": "136.9039611816", "kilometers": "52649208", "miles": "32714702"}, "orbiting_body": "Earth"}, {"close_approach_date": "2177-02-04", "epoch_date_close_approach": 6535324800000, "relative_velocity": {"kilometers_per_second": "32.8430132319", "kilometers_per_hour": "118234.8476349131", "miles_per_hour": "73466.5362984825"}, "miss_distance": {"astronomical": "0.4135273457", "lunar": "160.8621368408", "kilometers": "61862812", "miles": "38439768"}, "orbiting_body": "Earth"}, {"close_approach_date": "2179-02-24", "epoch_date_close_approach": 6600124800000, "relative_velocity": {"kilometers_per_second": "18.4640187564", "kilometers_per_hour": "66470.4675230983", "miles_per_hour": "41302.1635562274"}, "miss_distance": {"astronomical": "0.3718440349", "lunar": "144.6473236084", "kilometers": "55627076", "miles": "34565060"}, "orbiting_body": "Earth"}, {"close_approach_date": "2181-08-08", "epoch_date_close_approach": 6677535600000, "relative_velocity": {"kilometers_per_second": "22.6241192036", "kilometers_per_hour": "81446.8291328009", "miles_per_hour": "50607.892246434"}, "miss_distance": {"astronomical": "0.0836398806", "lunar": "32.5359153748", "kilometers": "12512348", "miles": "7774813"}, "orbiting_body": "Earth"}, {"close_approach_date": "2196-02-14", "epoch_date_close_approach": 7135718400000, "relative_velocity": {"kilometers_per_second": "26.9751051989", "kilometers_per_hour": "97110.3787161106", "miles_per_hour": "60340.6128194633"}, "miss_distance": {"astronomical": "0.2209923838", "lunar": "85.9660415649", "kilometers": "33059990", "miles": "20542526"}, "orbiting_body": "Earth"}, {"close_approach_date": "2200-08-19", "epoch_date_close_approach": 7278015600000, "relative_velocity": {"kilometers_per_second": "27.1912554948", "kilometers_per_hour": "97888.5197811965", "miles_per_hour": "60824.1194162662"}, "miss_distance": {"astronomical": "0.1422604358", "lunar": "55.3393096924", "kilometers": "21281858", "miles": "13223933"}, "orbiting_body": "Earth"}], "orbital_data": {"orbit_id": "30", "orbit_determination_date": "2017-04-06 08:28:09", "orbit_uncertainty": "1", "minimum_orbit_intersection": ".0093516", "jupiter_tisserand_invariant": "3.921", "epoch_osculation": "2458000.5", "eccentricity": ".5747896241187695", "semi_major_axis": "1.647586316778992", "inclination": "34.11630632398105", "ascending_node_longitude": "138.5655357867285", "orbital_period": "772.4505586274097", "perihelion_distance": ".7005707970543673", "perihelion_argument": "100.2702361343184", "aphelion_distance": "2.594601836503617", "perihelion_time": "2458331.447577434085", "mean_anomaly": "205.7621312515122", "mean_motion": ".466049245455521", "equinox": "J2000"}}