{"links": {"self": "https://api.nasa.gov/neo/rest/v1/neo/3744792?api_key=stjNMXvPIBN6FqEBpH6hQbWAtFDv0RARRez0p7z1"}, "neo_reference_id": "3744792", "name": "(2016 DP)", "nasa_jpl_url": "http://ssd.jpl.nasa.gov/sbdb.cgi?sstr=3744792", "absolute_magnitude_h": 20.2, "estimated_diameter": {"kilometers": {"estimated_diameter_min": 0.2424124811, "estimated_diameter_max": 0.5420507863}, "meters": {"estimated_diameter_min": 242.4124811008, "estimated_diameter_max": 542.0507863358}, "miles": {"estimated_diameter_min": 0.1506280858, "estimated_diameter_max": 0.3368146392}, "feet": {"estimated_diameter_min": 795.3165644948, "estimated_diameter_max": 1778.3819018419}}, "is_potentially_hazardous_asteroid": true, "close_approach_data": [{"close_approach_date": "1900-11-21", "epoch_date_close_approach": -2180966400000, "relative_velocity": {"kilometers_per_second": "15.1149945056", "kilometers_per_hour": "54413.9802200927", "miles_per_hour": "33810.7312095348"}, "miss_distance": {"astronomical": "0.0628461242", "lunar": "24.4471416473", "kilometers": "9401646", "miles": "5841912.5"}, "orbiting_body": "Earth"}, {"close_approach_date": "1901-09-06", "epoch_date_close_approach": -2155996800000, "relative_velocity": {"kilometers_per_second": "12.1178109144", "kilometers_per_hour": "43624.1192916654", "miles_per_hour": "27106.3312343129"}, "miss_distance": {"astronomical": "0.1292567501", "lunar": "50.2808761597", "kilometers": "19336536", "miles": "12015166"}, "orbiting_body": "Venus"}, {"close_approach_date": "1901-11-29", "epoch_date_close_approach": -2148739200000, "relative_velocity": {"kilometers_per_second": "20.996083937", "kilometers_per_hour": "75585.9021730448", "miles_per_hour": "46966.1401585789"}, "miss_distance": {"astronomical": "0.1532976986", "lunar": "59.6328010559", "kilometers": "22933008", "miles": "14249911"}, "orbiting_body": "Earth"}, {"close_approach_date": "1902-12-08", "epoch_date_close_approach": -2116425600000, "relative_velocity": {"kilometers_per_second": "27.2454929023", "kilometers_per_hour": "98083.7744484359", "miles_per_hour": "60945.4430732517"}, "miss_distance": {"astronomical": "0.3557537288", "lunar": "138.3881988525", "kilometers": "53220000", "miles": "33069374"}, "orbiting_body": "Earth"}, {"close_approach_date": "1911-02-25", "epoch_date_close_approach": -1857139200000, "relative_velocity": {"kilometers_per_second": "16.0576725392", "kilometers_per_hour": "57807.6211412935", "miles_per_hour": "35919.4077030443"}, "miss_distance": {"astronomical": "0.0490485998", "lunar": "19.0799045563", "kilometers": "7337566", "miles": "4559352"}, "orbiting_body": "Venus"}, {"close_approach_date": "1920-03-20", "epoch_date_close_approach": -1571068800000, "relative_velocity": {"kilometers_per_second": "27.2793091367", "kilometers_per_hour": "98205.5128919774", "miles_per_hour": "61021.0866077957"}, "miss_distance": {"astronomical": "0.3915438774", "lunar": "152.3105621338", "kilometers": "58574128", "miles": "36396276"}, "orbiting_body": "Earth"}, {"close_approach_date": "1921-03-30", "epoch_date_close_approach": -1538668800000, "relative_velocity": {"kilometers_per_second": "21.2013262885", "kilometers_per_hour": "76324.7746385536", "miles_per_hour": "47425.2467747168"}, "miss_distance": {"astronomical": "0.2189258699", "lunar": "85.1621627808", "kilometers": "32750844", "miles": "20350430"}, "orbiting_body": "Earth"}, {"close_approach_date": "1922-04-10", "epoch_date_close_approach": -1506182400000, "relative_velocity": {"kilometers_per_second": "15.4200472747", "kilometers_per_hour": "55512.170189091", "miles_per_hour": "34493.1037488827"}, "miss_distance": {"astronomical": "0.1510483654", "lunar": "58.7578125", "kilometers": "22596514", "miles": "14040823"}, "orbiting_body": "Earth"}, {"close_approach_date": "1923-05-02", "epoch_date_close_approach": -1472745600000, "relative_velocity": {"kilometers_per_second": "11.5780084925", "kilometers_per_hour": "41680.8305730871", "miles_per_hour": "25898.8471969274"}, "miss_distance": {"astronomical": "0.2791463892", "lunar": "108.5879516602", "kilometers": "41759708", "miles": "25948280"}, "orbiting_body": "Earth"}, {"close_approach_date": "1924-03-14", "epoch_date_close_approach": -1445356800000, "relative_velocity": {"kilometers_per_second": "10.1988874135", "kilometers_per_hour": "36715.9946885057", "miles_per_hour": "22813.8912551995"}, "miss_distance": {"astronomical": "0.4590650283", "lunar": "178.5762939453", "kilometers": "68675152", "miles": "42672760"}, "orbiting_body": "Earth"}, {"close_approach_date": "1924-05-29", "epoch_date_close_approach": -1438790400000, "relative_velocity": {"kilometers_per_second": "18.24143829", "kilometers_per_hour": "65669.1778440389", "miles_per_hour": "40804.2733109252"}, "miss_distance": {"astronomical": "0.0225079846", "lunar": "8.7556056976", "kilometers": "3367146.5", "miles": "2092247.875"}, "orbiting_body": "Venus"}, {"close_approach_date": "1924-06-04", "epoch_date_close_approach": -1438272000000, "relative_velocity": {"kilometers_per_second": "15.2593347836", "kilometers_per_hour": "54933.6052210896", "miles_per_hour": "34133.6059775154"}, "miss_distance": {"astronomical": "0.4013397036", "lunar": "156.1211395264", "kilometers": "60039568", "miles": "37306856"}, "orbiting_body": "Earth"}, {"close_approach_date": "1925-06-28", "epoch_date_close_approach": -1404662400000, "relative_velocity": {"kilometers_per_second": "18.5105178855", "kilometers_per_hour": "66637.8643877183", "miles_per_hour": "41406.1774580242"}, "miss_distance": {"astronomical": "0.4675213074", "lunar": "181.8657836914", "kilometers": "69940192", "miles": "43458820"}, "orbiting_body": "Earth"}, {"close_approach_date": "1927-07-09", "epoch_date_close_approach": -1340640000000, "relative_velocity": {"kilometers_per_second": "12.1070418211", "kilometers_per_hour": "43585.3505559697", "miles_per_hour": "27082.2418496246"}, "miss_distance": {"astronomical": "0.1289887074", "lunar": "50.1766090393", "kilometers": "19296436", "miles": "11990250"}, "orbiting_body": "Venus"}, {"close_approach_date": "1928-08-29", "epoch_date_close_approach": -1304611200000, "relative_velocity": {"kilometers_per_second": "17.9826493166", "kilometers_per_hour": "64737.537539616", "miles_per_hour": "40225.3882562131"}, "miss_distance": {"astronomical": "0.4830230616", "lunar": "187.8959655762", "kilometers": "72259224", "miles": "44899796"}, "orbiting_body": "Earth"}, {"close_approach_date": "1929-09-24", "epoch_date_close_approach": -1270828800000, "relative_velocity": {"kilometers_per_second": "13.6763047964", "kilometers_per_hour": "49234.6972668694", "miles_per_hour": "30592.5261989611"}, "miss_distance": {"astronomical": "0.4188583974", "lunar": "162.9359283447", "kilometers": "62660328", "miles": "38935320"}, "orbiting_body": "Earth"}, {"close_approach_date": "1929-12-12", "epoch_date_close_approach": -1264003200000, "relative_velocity": {"kilometers_per_second": "11.1832813145", "kilometers_per_hour": "40259.8127321676", "miles_per_hour": "25015.8819723849"}, "miss_distance": {"astronomical": "0.410557221", "lunar": "159.7067565918", "kilometers": "61418484", "miles": "38163676"}, "orbiting_body": "Earth"}, {"close_approach_date": "1930-11-21", "epoch_date_close_approach": -1234281600000, "relative_velocity": {"kilometers_per_second": "10.6859541189", "kilometers_per_hour": "38469.4348279849", "miles_per_hour": "23903.4107685332"}, "miss_distance": {"astronomical": "0.2520919019", "lunar": "98.0637512207", "kilometers": "37712412", "miles": "23433408"}, "orbiting_body": "Earth"}, {"close_approach_date": "1931-11-22", "epoch_date_close_approach": -1202659200000, "relative_velocity": {"kilometers_per_second": "15.2031285603", "kilometers_per_hour": "54731.2628171599", "miles_per_hour": "34007.8782765847"}, "miss_distance": {"astronomical": "0.0605510477", "lunar": "23.5543575287", "kilometers": "9058308", "miles": "5628571.5"}, "orbiting_body": "Earth"}, {"close_approach_date": "1932-11-29", "epoch_date_close_approach": -1170432000000, "relative_velocity": {"kilometers_per_second": "20.8168169605", "kilometers_per_hour": "74940.541057958", "miles_per_hour": "46565.1378590407"}, "miss_distance": {"astronomical": "0.1473559186", "lunar": "57.3214492798", "kilometers": "22044132", "miles": "13697588"}, "orbiting_body": "Earth"}, {"close_approach_date": "1933-12-07", "epoch_date_close_approach": -1138204800000, "relative_velocity": {"kilometers_per_second": "26.6950471391", "kilometers_per_hour": "96102.1697008889", "miles_per_hour": "59714.1509455329"}, "miss_distance": {"astronomical": "0.3392396931", "lunar": "131.9642333984", "kilometers": "50749536", "miles": "31534300"}, "orbiting_body": "Earth"}, {"close_approach_date": "1936-12-19", "epoch_date_close_approach": -1042473600000, "relative_velocity": {"kilometers_per_second": "11.4023171015", "kilometers_per_hour": "41048.3415653064", "miles_per_hour": "25505.8431242872"}, "miss_distance": {"astronomical": "0.1376768229", "lunar": "53.5562820435", "kilometers": "20596160", "miles": "12797860"}, "orbiting_body": "Venus"}, {"close_approach_date": "1940-01-27", "epoch_date_close_approach": -944496000000, "relative_velocity": {"kilometers_per_second": "17.7501311271", "kilometers_per_hour": "63900.4720576068", "miles_per_hour": "39705.2683182391"}, "miss_distance": {"astronomical": "0.0437292374", "lunar": "17.0106735229", "kilometers": "6541801", "miles": "4064886.75"}, "orbiting_body": "Venus"}, {"close_approach_date": "1952-03-21", "epoch_date_close_approach": -561139200000, "relative_velocity": {"kilometers_per_second": "26.6984956285", "kilometers_per_hour": "96114.5842625986", "miles_per_hour": "59721.8648713908"}, "miss_distance": {"astronomical": "0.3740572785", "lunar": "145.5082855225", "kilometers": "55958176", "miles": "34770796"}, "orbiting_body": "Earth"}, {"close_approach_date": "1953-03-31", "epoch_date_close_approach": -528739200000, "relative_velocity": {"kilometers_per_second": "20.8704513243", "kilometers_per_hour": "75133.6247673706", "miles_per_hour": "46685.1125672587"}, "miss_distance": {"astronomical": "0.2107132211", "lunar": "81.9674453735", "kilometers": "31522250", "miles": "19587018"}, "orbiting_body": "Earth"}, {"close_approach_date": "1953-04-23", "epoch_date_close_approach": -526752000000, "relative_velocity": {"kilometers_per_second": "22.5817333081", "kilometers_per_hour": "81294.2399090812", "miles_per_hour": "50513.0792368399"}, "miss_distance": {"astronomical": "0.116928932", "lunar": "45.4853553772", "kilometers": "17492320", "miles": "10869224"}, "orbiting_body": "Venus"}, {"close_approach_date": "1954-04-11", "epoch_date_close_approach": -496252800000, "relative_velocity": {"kilometers_per_second": "15.3645887541", "kilometers_per_hour": "55312.5195148576", "miles_per_hour": "34369.0485841069"}, "miss_distance": {"astronomical": "0.1511006408", "lunar": "58.7781486511", "kilometers": "22604334", "miles": "14045682"}, "orbiting_body": "Earth"}, {"close_approach_date": "1955-04-30", "epoch_date_close_approach": -463078800000, "relative_velocity": {"kilometers_per_second": "11.5311321032", "kilometers_per_hour": "41512.07557148", "miles_per_hour": "25793.9894016233"}, "miss_distance": {"astronomical": "0.2735425517", "lunar": "106.4080505371", "kilometers": "40921384", "miles": "25427370"}, "orbiting_body": "Earth"}, {"close_approach_date": "1956-03-17", "epoch_date_close_approach": -435254400000, "relative_velocity": {"kilometers_per_second": "10.0093088427", "kilometers_per_hour": "36033.5118336383", "miles_per_hour": "22389.8229501849"}, "miss_distance": {"astronomical": "0.4486159505", "lunar": "174.5115966797", "kilometers": "67111992", "miles": "41701456"}, "orbiting_body": "Earth"}, {"close_approach_date": "1956-05-28", "epoch_date_close_approach": -429037200000, "relative_velocity": {"kilometers_per_second": "15.7692122345", "kilometers_per_hour": "56769.1640440891", "miles_per_hour": "35274.1508472842"}, "miss_distance": {"astronomical": "0.0334031514", "lunar": "12.9938259125", "kilometers": "4997040.5", "miles": "3105016.75"}, "orbiting_body": "Venus"}, {"close_approach_date": "1956-06-01", "epoch_date_close_approach": -428691600000, "relative_velocity": {"kilometers_per_second": "14.9244466681", "kilometers_per_hour": "53728.008005317", "miles_per_hour": "33384.4947519704"}, "miss_distance": {"astronomical": "0.3938477532", "lunar": "153.2067871094", "kilometers": "58918788", "miles": "36610436"}, "orbiting_body": "Earth"}, {"close_approach_date": "1957-06-26", "epoch_date_close_approach": -394995600000, "relative_velocity": {"kilometers_per_second": "18.3310754944", "kilometers_per_hour": "65991.8717799952", "miles_per_hour": "41004.7827735198"}, "miss_distance": {"astronomical": "0.4644409219", "lunar": "180.6675109863", "kilometers": "69479376", "miles": "43172480"}, "orbiting_body": "Earth"}, {"close_approach_date": "1960-08-29", "epoch_date_close_approach": -294771600000, "relative_velocity": {"kilometers_per_second": "17.9730422306", "kilometers_per_hour": "64702.9520300578", "miles_per_hour": "40203.8981655656"}, "miss_distance": {"astronomical": "0.4830307731", "lunar": "187.8989715576", "kilometers": "72260376", "miles": "44900516"}, "orbiting_body": "Earth"}, {"close_approach_date": "1961-09-25", "epoch_date_close_approach": -260899200000, "relative_velocity": {"kilometers_per_second": "13.5675508714", "kilometers_per_hour": "48843.1831368679", "miles_per_hour": "30349.2545441277"}, "miss_distance": {"astronomical": "0.4166737977", "lunar": "162.0861053467", "kilometers": "62333516", "miles": "38732252"}, "orbiting_body": "Earth"}, {"close_approach_date": "1961-12-12", "epoch_date_close_approach": -254160000000, "relative_velocity": {"kilometers_per_second": "11.1678313127", "kilometers_per_hour": "40204.1927257754", "miles_per_hour": "24981.3218634131"}, "miss_distance": {"astronomical": "0.4081893155", "lunar": "158.7856445312", "kilometers": "61064256", "miles": "37943568"}, "orbiting_body": "Earth"}, {"close_approach_date": "1962-11-20", "epoch_date_close_approach": -224524800000, "relative_velocity": {"kilometers_per_second": "10.7779999748", "kilometers_per_hour": "38800.7999091425", "miles_per_hour": "24109.3081435447"}, "miss_distance": {"astronomical": "0.243846535", "lunar": "94.856300354", "kilometers": "36478924", "miles": "22666952"}, "orbiting_body": "Earth"}, {"close_approach_date": "1963-11-22", "epoch_date_close_approach": -192816000000, "relative_velocity": {"kilometers_per_second": "15.5611800025", "kilometers_per_hour": "56020.2480089438", "miles_per_hour": "34808.8035475574"}, "miss_distance": {"astronomical": "0.0502531141", "lunar": "19.5484619141", "kilometers": "7517759", "miles": "4671319"}, "orbiting_body": "Earth"}, {"close_approach_date": "1964-11-29", "epoch_date_close_approach": -160588800000, "relative_velocity": {"kilometers_per_second": "21.2772653001", "kilometers_per_hour": "76598.1550803884", "miles_per_hour": "47595.1147498114"}, "miss_distance": {"astronomical": "0.162882166", "lunar": "63.3611602783", "kilometers": "24366826", "miles": "15140843"}, "orbiting_body": "Earth"}, {"close_approach_date": "1965-12-08", "epoch_date_close_approach": -128275200000, "relative_velocity": {"kilometers_per_second": "27.2774241291", "kilometers_per_hour": "98198.7268647586", "miles_per_hour": "61016.8700343829"}, "miss_distance": {"astronomical": "0.3574035573", "lunar": "139.0299835205", "kilometers": "53466812", "miles": "33222736"}, "orbiting_body": "Earth"}, {"close_approach_date": "1968-12-24", "epoch_date_close_approach": -32198400000, "relative_velocity": {"kilometers_per_second": "16.1864559901", "kilometers_per_hour": "58271.2415642218", "miles_per_hour": "36207.4834041688"}, "miss_distance": {"astronomical": "0.0468269088", "lunar": "18.2156677246", "kilometers": "7005206", "miles": "4352833.5"}, "orbiting_body": "Venus"}, {"close_approach_date": "1972-01-28", "epoch_date_close_approach": 65433600000, "relative_velocity": {"kilometers_per_second": "23.2766273742", "kilometers_per_hour": "83795.8585472561", "miles_per_hour": "52067.4877734325"}, "miss_distance": {"astronomical": "0.1385306245", "lunar": "53.8884124756", "kilometers": "20723886", "miles": "12877226"}, "orbiting_body": "Venus"}, {"close_approach_date": "1982-03-22", "epoch_date_close_approach": 385632000000, "relative_velocity": {"kilometers_per_second": "23.4791943542", "kilometers_per_hour": "84525.099675151", "miles_per_hour": "52520.6098509292"}, "miss_distance": {"astronomical": "0.1361345192", "lunar": "52.9563293457", "kilometers": "20365434", "miles": "12654494"}, "orbiting_body": "Venus"}, {"close_approach_date": "1984-03-24", "epoch_date_close_approach": 448963200000, "relative_velocity": {"kilometers_per_second": "25.1946326151", "kilometers_per_hour": "90700.6774145159", "miles_per_hour": "56357.873696814"}, "miss_distance": {"astronomical": "0.3292287688", "lunar": "128.0699920654", "kilometers": "49251920", "miles": "30603726"}, "orbiting_body": "Earth"}, {"close_approach_date": "1985-04-03", "epoch_date_close_approach": 481363200000, "relative_velocity": {"kilometers_per_second": "19.4033701487", "kilometers_per_hour": "69852.1325353726", "miles_per_hour": "43403.3986856597"}, "miss_distance": {"astronomical": "0.1773178", "lunar": "68.9766235352", "kilometers": "26526366", "miles": "16482719"}, "orbiting_body": "Earth"}, {"close_approach_date": "1985-04-26", "epoch_date_close_approach": 483350400000, "relative_velocity": {"kilometers_per_second": "16.3715273469", "kilometers_per_hour": "58937.4984487262", "miles_per_hour": "36621.4695222099"}, "miss_distance": {"astronomical": "0.0202032343", "lunar": "7.8590583801", "kilometers": "3022361", "miles": "1878008"}, "orbiting_body": "Venus"}, {"close_approach_date": "1986-04-15", "epoch_date_close_approach": 513936000000, "relative_velocity": {"kilometers_per_second": "13.8129802539", "kilometers_per_hour": "49726.7289138809", "miles_per_hour": "30898.25552985"}, "miss_distance": {"astronomical": "0.176669282", "lunar": "68.7243499756", "kilometers": "26429350", "miles": "16422436"}, "orbiting_body": "Earth"}, {"close_approach_date": "1987-05-13", "epoch_date_close_approach": 547887600000, "relative_velocity": {"kilometers_per_second": "12.3211392383", "kilometers_per_hour": "44356.1012578015", "miles_per_hour": "27561.1563621045"}, "miss_distance": {"astronomical": "0.3235121608", "lunar": "125.8462295532", "kilometers": "48396732", "miles": "30072334"}, "orbiting_body": "Earth"}, {"close_approach_date": "1988-03-07", "epoch_date_close_approach": 573724800000, "relative_velocity": {"kilometers_per_second": "10.8337458572", "kilometers_per_hour": "39001.4850859949", "miles_per_hour": "24234.0061080172"}, "miss_distance": {"astronomical": "0.4909209101", "lunar": "190.9682312012", "kilometers": "73440720", "miles": "45633948"}, "orbiting_body": "Earth"}, {"close_approach_date": "1988-06-12", "epoch_date_close_approach": 582102000000, "relative_velocity": {"kilometers_per_second": "16.4377613337", "kilometers_per_hour": "59175.9408012376", "miles_per_hour": "36769.6283273023"}, "miss_distance": {"astronomical": "0.4268127936", "lunar": "166.0301818848", "kilometers": "63850288", "miles": "39674728"}, "orbiting_body": "Earth"}, {"close_approach_date": "1989-07-06", "epoch_date_close_approach": 615711600000, "relative_velocity": {"kilometers_per_second": "19.3107572875", "kilometers_per_hour": "69518.7262348265", "miles_per_hour": "43196.2329763009"}, "miss_distance": {"astronomical": "0.4832913244", "lunar": "188.0003204346", "kilometers": "72299352", "miles": "44924736"}, "orbiting_body": "Earth"}, {"close_approach_date": "1991-08-19", "epoch_date_close_approach": 682585200000, "relative_velocity": {"kilometers_per_second": "19.3453127191", "kilometers_per_hour": "69643.1257889321", "miles_per_hour": "43273.5300214617"}, "miss_distance": {"astronomical": "0.4996734182", "lunar": "194.3729553223", "kilometers": "74750080", "miles": "46447548"}, "orbiting_body": "Earth"}, {"close_approach_date": "1992-09-11", "epoch_date_close_approach": 716194800000, "relative_velocity": {"kilometers_per_second": "16.1080148886", "kilometers_per_hour": "57988.8535987814", "miles_per_hour": "36032.0185041984"}, "miss_distance": {"astronomical": "0.4565355704", "lunar": "177.5923461914", "kilometers": "68296752", "miles": "42437632"}, "orbiting_body": "Earth"}, {"close_approach_date": "1992-12-21", "epoch_date_close_approach": 724924800000, "relative_velocity": {"kilometers_per_second": "11.75991793", "kilometers_per_hour": "42335.7045481537", "miles_per_hour": "26305.7604177125"}, "miss_distance": {"astronomical": "0.4654003794", "lunar": "181.0407409668", "kilometers": "69622904", "miles": "43261668"}, "orbiting_body": "Earth"}, {"close_approach_date": "1993-11-30", "epoch_date_close_approach": 754646400000, "relative_velocity": {"kilometers_per_second": "10.4687351401", "kilometers_per_hour": "37687.4465042894", "miles_per_hour": "23417.5136348458"}, "miss_distance": {"astronomical": "0.3312307324", "lunar": "128.8487548828", "kilometers": "49551412", "miles": "30789820"}, "orbiting_body": "Earth"}, {"close_approach_date": "1994-10-17", "epoch_date_close_approach": 782377200000, "relative_velocity": {"kilometers_per_second": "11.2945673379", "kilometers_per_hour": "40660.4424163129", "miles_per_hour": "25264.8176780696"}, "miss_distance": {"astronomical": "0.1409250241", "lunar": "54.8198318481", "kilometers": "21082084", "miles": "13099799"}, "orbiting_body": "Venus"}, {"close_approach_date": "1994-11-20", "epoch_date_close_approach": 785318400000, "relative_velocity": {"kilometers_per_second": "13.1222218531", "kilometers_per_hour": "47239.9986710621", "miles_per_hour": "29353.0980631385"}, "miss_distance": {"astronomical": "0.1352707691", "lunar": "52.6203308105", "kilometers": "20236220", "miles": "12574204"}, "orbiting_body": "Earth"}, {"close_approach_date": "1995-11-27", "epoch_date_close_approach": 817459200000, "relative_velocity": {"kilometers_per_second": "18.7885156443", "kilometers_per_hour": "67638.6563196222", "miles_per_hour": "42028.030644823"}, "miss_distance": {"astronomical": "0.0806013666", "lunar": "31.353931427", "kilometers": "12057793", "miles": "7492365"}, "orbiting_body": "Earth"}, {"close_approach_date": "1996-12-05", "epoch_date_close_approach": 849772800000, "relative_velocity": {"kilometers_per_second": "24.9207809126", "kilometers_per_hour": "89714.8112852434", "miles_per_hour": "55745.2948233225"}, "miss_distance": {"astronomical": "0.2815721585", "lunar": "109.5315704346", "kilometers": "42122596", "miles": "26173768"}, "orbiting_body": "Earth"}, {"close_approach_date": "1997-11-26", "epoch_date_close_approach": 880531200000, "relative_velocity": {"kilometers_per_second": "19.4563768824", "kilometers_per_hour": "70042.9567764654", "miles_per_hour": "43521.9694481321"}, "miss_distance": {"astronomical": "0.0646322046", "lunar": "25.1419277191", "kilometers": "9668841", "miles": "6007939"}, "orbiting_body": "Venus"}, {"close_approach_date": "1997-12-14", "epoch_date_close_approach": 882086400000, "relative_velocity": {"kilometers_per_second": "31.2127415323", "kilometers_per_hour": "112365.8695162858", "miles_per_hour": "69819.7815336054"}, "miss_distance": {"astronomical": "0.4808355249", "lunar": "187.0450134277", "kilometers": "71931968", "miles": "44696456"}, "orbiting_body": "Earth"}, {"close_approach_date": "2008-01-25", "epoch_date_close_approach": 1201248000000, "relative_velocity": {"kilometers_per_second": "21.5021879232", "kilometers_per_hour": "77407.8765233767", "miles_per_hour": "48098.2441653171"}, "miss_distance": {"astronomical": "0.0934339894", "lunar": "36.3458213806", "kilometers": "13977526", "miles": "8685232"}, "orbiting_body": "Venus"}, {"close_approach_date": "2011-03-04", "epoch_date_close_approach": 1299225600000, "relative_velocity": {"kilometers_per_second": "13.190672969", "kilometers_per_hour": "47486.4226885235", "miles_per_hour": "29506.2163644328"}, "miss_distance": {"astronomical": "0.0944655226", "lunar": "36.747089386", "kilometers": "14131841", "miles": "8781119"}, "orbiting_body": "Venus"}, {"close_approach_date": "2014-03-20", "epoch_date_close_approach": 1395298800000, "relative_velocity": {"kilometers_per_second": "28.3159202003", "kilometers_per_hour": "101937.3127209292", "miles_per_hour": "63339.8818959573"}, "miss_distance": {"astronomical": "0.4214523695", "lunar": "163.9449768066", "kilometers": "63048380", "miles": "39176444"}, "orbiting_body": "Earth"}, {"close_approach_date": "2015-03-30", "epoch_date_close_approach": 1427698800000, "relative_velocity": {"kilometers_per_second": "22.1103722894", "kilometers_per_hour": "79597.3402419095", "miles_per_hour": "49458.691774202"}, "miss_distance": {"astronomical": "0.241494217", "lunar": "93.9412536621", "kilometers": "36127020", "miles": "22448290"}, "orbiting_body": "Earth"}, {"close_approach_date": "2016-04-09", "epoch_date_close_approach": 1460185200000, "relative_velocity": {"kilometers_per_second": "16.1835922698", "kilometers_per_hour": "58260.9321713689", "miles_per_hour": "36201.0775483709"}, "miss_distance": {"astronomical": "0.1444706027", "lunar": "56.1990661621", "kilometers": "21612494", "miles": "13429382"}, "orbiting_body": "Earth"}, {"close_approach_date": "2017-04-27", "epoch_date_close_approach": 1493276400000, "relative_velocity": {"kilometers_per_second": "11.5668671846", "kilometers_per_hour": "41640.7218647022", "miles_per_hour": "25873.9252053201"}, "miss_distance": {"astronomical": "0.2595580186", "lunar": "100.9680709839", "kilometers": "38829328", "miles": "24127426"}, "orbiting_body": "Earth"}, {"close_approach_date": "2018-03-18", "epoch_date_close_approach": 1521356400000, "relative_velocity": {"kilometers_per_second": "9.9431551523", "kilometers_per_hour": "35795.3585484427", "miles_per_hour": "22241.843760281"}, "miss_distance": {"astronomical": "0.4453759402", "lunar": "173.2512512207", "kilometers": "66627296", "miles": "41400280"}, "orbiting_body": "Earth"}, {"close_approach_date": "2018-06-01", "epoch_date_close_approach": 1527836400000, "relative_velocity": {"kilometers_per_second": "14.8127036379", "kilometers_per_hour": "53325.733096512", "miles_per_hour": "33134.5367676633"}, "miss_distance": {"astronomical": "0.391404585", "lunar": "152.2563934326", "kilometers": "58553296", "miles": "36383332"}, "orbiting_body": "Earth"}, {"close_approach_date": "2019-06-27", "epoch_date_close_approach": 1561618800000, "relative_velocity": {"kilometers_per_second": "18.3672926592", "kilometers_per_hour": "66122.253573291", "miles_per_hour": "41085.7969494707"}, "miss_distance": {"astronomical": "0.4653064451", "lunar": "181.004196167", "kilometers": "69608848", "miles": "43252936"}, "orbiting_body": "Earth"}, {"close_approach_date": "2020-08-27", "epoch_date_close_approach": 1598511600000, "relative_velocity": {"kilometers_per_second": "15.6180058596", "kilometers_per_hour": "56224.8210944344", "miles_per_hour": "34935.9173072612"}, "miss_distance": {"astronomical": "0.0535340347", "lunar": "20.8247394562", "kilometers": "8008577.5", "miles": "4976299.5"}, "orbiting_body": "Venus"}, {"close_approach_date": "2022-09-02", "epoch_date_close_approach": 1662102000000, "relative_velocity": {"kilometers_per_second": "17.6045330879", "kilometers_per_hour": "63376.3191163914", "miles_per_hour": "39379.5800642933"}, "miss_distance": {"astronomical": "0.478022586", "lunar": "185.9507751465", "kilometers": "71511160", "miles": "44434976"}, "orbiting_body": "Earth"}, {"close_approach_date": "2023-09-30", "epoch_date_close_approach": 1696057200000, "relative_velocity": {"kilometers_per_second": "12.7350851891", "kilometers_per_hour": "45846.3066807164", "miles_per_hour": "28487.1120594707"}, "miss_distance": {"astronomical": "0.4021578017", "lunar": "156.4393920898", "kilometers": "60161952", "miles": "37382904"}, "orbiting_body": "Earth"}, {"close_approach_date": "2023-12-10", "epoch_date_close_approach": 1702195200000, "relative_velocity": {"kilometers_per_second": "10.9736307767", "kilometers_per_hour": "39505.0707961657", "miles_per_hour": "24546.9146844286"}, "miss_distance": {"astronomical": "0.3905561632", "lunar": "151.9263458252", "kilometers": "58426368", "miles": "36304464"}, "orbiting_body": "Earth"}, {"close_approach_date": "2024-11-19", "epoch_date_close_approach": 1732003200000, "relative_velocity": {"kilometers_per_second": "11.3448775715", "kilometers_per_hour": "40841.5592573719", "miles_per_hour": "25377.3566396709"}, "miss_distance": {"astronomical": "0.211114236", "lunar": "82.1234436035", "kilometers": "31582242", "miles": "19624296"}, "orbiting_body": "Earth"}, {"close_approach_date": "2025-11-24", "epoch_date_close_approach": 1763971200000, "relative_velocity": {"kilometers_per_second": "16.6870329607", "kilometers_per_hour": "60073.3186583454", "miles_per_hour": "37327.2240296813"}, "miss_distance": {"astronomical": "0.0319996243", "lunar": "12.4478540421", "kilometers": "4787076", "miles": "2974551"}, "orbiting_body": "Earth"}, {"close_approach_date": "2026-12-02", "epoch_date_close_approach": 1796198400000, "relative_velocity": {"kilometers_per_second": "22.7694577677", "kilometers_per_hour": "81970.0479638316", "miles_per_hour": "50933.0000806375"}, "miss_distance": {"astronomical": "0.2116384307", "lunar": "82.3273544312", "kilometers": "31660660", "miles": "19673022"}, "orbiting_body": "Earth"}, {"close_approach_date": "2027-12-11", "epoch_date_close_approach": 1828512000000, "relative_velocity": {"kilometers_per_second": "29.1094985506", "kilometers_per_hour": "104794.1947820264", "miles_per_hour": "65115.0373077542"}, "miss_distance": {"astronomical": "0.4149991677", "lunar": "161.434677124", "kilometers": "62082992", "miles": "38576580"}, "orbiting_body": "Earth"}, {"close_approach_date": "2033-12-01", "epoch_date_close_approach": 2017036800000, "relative_velocity": {"kilometers_per_second": "17.0215775073", "kilometers_per_hour": "61277.6790264017", "miles_per_hour": "38075.566726155"}, "miss_distance": {"astronomical": "0.007257856", "lunar": "2.8233060837", "kilometers": "1085759.75", "miles": "674659.875"}, "orbiting_body": "Venus"}, {"close_approach_date": "2043-06-06", "epoch_date_close_approach": 2317186800000, "relative_velocity": {"kilometers_per_second": "19.8960235522", "kilometers_per_hour": "71625.6847877753", "miles_per_hour": "44505.4150838263"}, "miss_distance": {"astronomical": "0.0719902887", "lunar": "28.0042228699", "kilometers": "10769594", "miles": "6691915.5"}, "orbiting_body": "Venus"}, {"close_approach_date": "2044-03-24", "epoch_date_close_approach": 2342415600000, "relative_velocity": {"kilometers_per_second": "25.2893516216", "kilometers_per_hour": "91041.6658378338", "miles_per_hour": "56569.7506424029"}, "miss_distance": {"astronomical": "0.3300517543", "lunar": "128.3901367188", "kilometers": "49375040", "miles": "30680228"}, "orbiting_body": "Earth"}, {"close_approach_date": "2045-04-04", "epoch_date_close_approach": 2374902000000, "relative_velocity": {"kilometers_per_second": "18.6278521788", "kilometers_per_hour": "67060.2678437675", "miles_per_hour": "41668.6425388121"}, "miss_distance": {"astronomical": "0.1608143369", "lunar": "62.5567741394", "kilometers": "24057482", "miles": "14948626"}, "orbiting_body": "Earth"}, {"close_approach_date": "2046-04-19", "epoch_date_close_approach": 2407734000000, "relative_velocity": {"kilometers_per_second": "12.6398138211", "kilometers_per_hour": "45503.3297561123", "miles_per_hour": "28273.9995365132"}, "miss_distance": {"astronomical": "0.2082419887", "lunar": "81.0061340332", "kilometers": "31152558", "miles": "19357302"}, "orbiting_body": "Earth"}, {"close_approach_date": "2047-03-29", "epoch_date_close_approach": 2437455600000, "relative_velocity": {"kilometers_per_second": "9.0545439208", "kilometers_per_hour": "32596.3581149188", "miles_per_hour": "20254.1092964617"}, "miss_distance": {"astronomical": "0.4128410104", "lunar": "160.5951538086", "kilometers": "61760140", "miles": "38375972"}, "orbiting_body": "Earth"}, {"close_approach_date": "2047-05-26", "epoch_date_close_approach": 2442466800000, "relative_velocity": {"kilometers_per_second": "13.782444274", "kilometers_per_hour": "49616.7993864648", "miles_per_hour": "30829.9495965509"}, "miss_distance": {"astronomical": "0.367315797", "lunar": "142.885848999", "kilometers": "54949660", "miles": "34144136"}, "orbiting_body": "Earth"}, {"close_approach_date": "2048-06-24", "epoch_date_close_approach": 2476594800000, "relative_velocity": {"kilometers_per_second": "18.0002816224", "kilometers_per_hour": "64801.0138407091", "miles_per_hour": "40264.8299611895"}, "miss_distance": {"astronomical": "0.4576136267", "lunar": "178.0117034912", "kilometers": "68458024", "miles": "42537844"}, "orbiting_body": "Earth"}, {"close_approach_date": "2050-07-06", "epoch_date_close_approach": 2540703600000, "relative_velocity": {"kilometers_per_second": "22.4814208423", "kilometers_per_hour": "80933.1150323322", "miles_per_hour": "50288.6902821733"}, "miss_distance": {"astronomical": "0.1144615557", "lunar": "44.5255470276", "kilometers": "17123206", "miles": "10639866"}, "orbiting_body": "Venus"}, {"close_approach_date": "2051-09-06", "epoch_date_close_approach": 2577596400000, "relative_velocity": {"kilometers_per_second": "17.0099946759", "kilometers_per_hour": "61235.9808331889", "miles_per_hour": "38049.6570904889"}, "miss_distance": {"astronomical": "0.4693516363", "lunar": "182.5777893066", "kilometers": "70214008", "miles": "43628960"}, "orbiting_body": "Earth"}, {"close_approach_date": "2051-12-25", "epoch_date_close_approach": 2587104000000, "relative_velocity": {"kilometers_per_second": "11.969601258", "kilometers_per_hour": "43090.5645286456", "miles_per_hour": "26774.8010539242"}, "miss_distance": {"astronomical": "0.4878407542", "lunar": "189.7700500488", "kilometers": "72979936", "miles": "45347632"}, "orbiting_body": "Earth"}, {"close_approach_date": "2052-10-11", "epoch_date_close_approach": 2612242800000, "relative_velocity": {"kilometers_per_second": "10.7495167214", "kilometers_per_hour": "38698.2601969176", "miles_per_hour": "24045.5939540236"}, "miss_distance": {"astronomical": "0.3683972288", "lunar": "143.3065185547", "kilometers": "55111444", "miles": "34244664"}, "orbiting_body": "Earth"}, {"close_approach_date": "2052-12-03", "epoch_date_close_approach": 2616825600000, "relative_velocity": {"kilometers_per_second": "10.5911263943", "kilometers_per_hour": "38128.0550194058", "miles_per_hour": "23691.2906313636"}, "miss_distance": {"astronomical": "0.3515761554", "lunar": "136.7631225586", "kilometers": "52595044", "miles": "32681046"}, "orbiting_body": "Earth"}, {"close_approach_date": "2053-08-22", "epoch_date_close_approach": 2639458800000, "relative_velocity": {"kilometers_per_second": "11.9132093681", "kilometers_per_hour": "42887.5537252831", "miles_per_hour": "26648.6580355794"}, "miss_distance": {"astronomical": "0.1420285872", "lunar": "55.2491188049", "kilometers": "21247174", "miles": "13202382"}, "orbiting_body": "Venus"}, {"close_approach_date": "2053-11-19", "epoch_date_close_approach": 2647152000000, "relative_velocity": {"kilometers_per_second": "13.0480024997", "kilometers_per_hour": "46972.8089990377", "miles_per_hour": "29187.0767916521"}, "miss_distance": {"astronomical": "0.1393243475", "lunar": "54.1971740723", "kilometers": "20842626", "miles": "12951008"}, "orbiting_body": "Earth"}, {"close_approach_date": "2054-11-27", "epoch_date_close_approach": 2679379200000, "relative_velocity": {"kilometers_per_second": "19.3258408124", "kilometers_per_hour": "69573.0269246148", "miles_per_hour": "43229.9733132419"}, "miss_distance": {"astronomical": "0.0977340469", "lunar": "38.0185432434", "kilometers": "14620806", "miles": "9084947"}, "orbiting_body": "Earth"}, {"close_approach_date": "2055-12-07", "epoch_date_close_approach": 2711779200000, "relative_velocity": {"kilometers_per_second": "26.1465859597", "kilometers_per_hour": "94127.7094550899", "miles_per_hour": "58487.2981333585"}, "miss_distance": {"astronomical": "0.3204232283", "lunar": "124.6446304321", "kilometers": "47934632", "miles": "29785198"}, "orbiting_body": "Earth"}, {"close_approach_date": "2060-01-10", "epoch_date_close_approach": 2840947200000, "relative_velocity": {"kilometers_per_second": "15.3300510263", "kilometers_per_hour": "55188.1836947412", "miles_per_hour": "34291.7911407685"}, "miss_distance": {"astronomical": "0.0575199131", "lunar": "22.375246048", "kilometers": "8604857", "miles": "5346810"}, "orbiting_body": "Venus"}, {"close_approach_date": "2070-03-20", "epoch_date_close_approach": 3162524400000, "relative_velocity": {"kilometers_per_second": "16.1380029684", "kilometers_per_hour": "58096.8106863455", "miles_per_hour": "36099.0988400795"}, "miss_distance": {"astronomical": "0.0254502522", "lunar": "9.9001483917", "kilometers": "3807303.5", "miles": "2365748.75"}, "orbiting_body": "Venus"}, {"close_approach_date": "2072-03-26", "epoch_date_close_approach": 3226201200000, "relative_velocity": {"kilometers_per_second": "24.2902890796", "kilometers_per_hour": "87445.0406866954", "miles_per_hour": "54334.9476422413"}, "miss_distance": {"astronomical": "0.3011095132", "lunar": "117.1316070557", "kilometers": "45045344", "miles": "27989878"}, "orbiting_body": "Earth"}, {"close_approach_date": "2073-04-06", "epoch_date_close_approach": 3258687600000, "relative_velocity": {"kilometers_per_second": "17.5619077655", "kilometers_per_hour": "63222.8679557658", "miles_per_hour": "39284.2314806257"}, "miss_distance": {"astronomical": "0.1469106488", "lunar": "57.1482429504", "kilometers": "21977520", "miles": "13656198"}, "orbiting_body": "Earth"}, {"close_approach_date": "2074-04-24", "epoch_date_close_approach": 3291778800000, "relative_velocity": {"kilometers_per_second": "11.8326339267", "kilometers_per_hour": "42597.4821359713", "miles_per_hour": "26468.4188305428"}, "miss_distance": {"astronomical": "0.2402351119", "lunar": "93.4514541626", "kilometers": "35938660", "miles": "22331248"}, "orbiting_body": "Earth"}, {"close_approach_date": "2075-03-19", "epoch_date_close_approach": 3320204400000, "relative_velocity": {"kilometers_per_second": "9.9425402855", "kilometers_per_hour": "35793.1450276618", "miles_per_hour": "22240.4683645491"}, "miss_distance": {"astronomical": "0.4454463004", "lunar": "173.2786102295", "kilometers": "66637820", "miles": "41406820"}, "orbiting_body": "Earth"}, {"close_approach_date": "2075-06-02", "epoch_date_close_approach": 3326684400000, "relative_velocity": {"kilometers_per_second": "14.8082765177", "kilometers_per_hour": "53309.7954636793", "miles_per_hour": "33124.6337424179"}, "miss_distance": {"astronomical": "0.3915625156", "lunar": "152.3178253174", "kilometers": "58576920", "miles": "36398012"}, "orbiting_body": "Earth"}, {"close_approach_date": "2076-06-30", "epoch_date_close_approach": 3360726000000, "relative_velocity": {"kilometers_per_second": "18.6627459315", "kilometers_per_hour": "67185.8853534659", "miles_per_hour": "41746.6963742133"}, "miss_distance": {"astronomical": "0.4710112503", "lunar": "183.2233734131", "kilometers": "70462280", "miles": "43783232"}, "orbiting_body": "Earth"}, {"close_approach_date": "2076-08-14", "epoch_date_close_approach": 3364614000000, "relative_velocity": {"kilometers_per_second": "11.7181753058", "kilometers_per_hour": "42185.4311007245", "miles_per_hour": "26212.3863414474"}, "miss_distance": {"astronomical": "0.1298083149", "lunar": "50.4954376221", "kilometers": "19419048", "miles": "12066437"}, "orbiting_body": "Venus"}, {"close_approach_date": "2078-08-18", "epoch_date_close_approach": 3428031600000, "relative_velocity": {"kilometers_per_second": "19.3928550535", "kilometers_per_hour": "69814.2781924888", "miles_per_hour": "43379.877469105"}, "miss_distance": {"astronomical": "0.4996111282", "lunar": "194.348739624", "kilometers": "74740760", "miles": "46441756"}, "orbiting_body": "Earth"}, {"close_approach_date": "2079-09-14", "epoch_date_close_approach": 3461900400000, "relative_velocity": {"kilometers_per_second": "15.6669506875", "kilometers_per_hour": "56401.022475126", "miles_per_hour": "35045.401992947"}, "miss_distance": {"astronomical": "0.4490919866", "lunar": "174.6967926025", "kilometers": "67183208", "miles": "41745708"}, "orbiting_body": "Earth"}, {"close_approach_date": "2079-12-20", "epoch_date_close_approach": 3470284800000, "relative_velocity": {"kilometers_per_second": "11.6418234207", "kilometers_per_hour": "41910.564314353", "miles_per_hour": "26041.59480966"}, "miss_distance": {"astronomical": "0.4562396825", "lunar": "177.4772338867", "kilometers": "68252480", "miles": "42410128"}, "orbiting_body": "Earth"}, {"close_approach_date": "2080-11-24", "epoch_date_close_approach": 3499660800000, "relative_velocity": {"kilometers_per_second": "10.3568471301", "kilometers_per_hour": "37284.6496684388", "miles_per_hour": "23167.2313453697"}, "miss_distance": {"astronomical": "0.2905368589", "lunar": "113.0188369751", "kilometers": "43463696", "miles": "27007088"}, "orbiting_body": "Earth"}, {"close_approach_date": "2081-11-21", "epoch_date_close_approach": 3530937600000, "relative_velocity": {"kilometers_per_second": "15.1046194644", "kilometers_per_hour": "54376.6300716971", "miles_per_hour": "33787.5232798276"}, "miss_distance": {"astronomical": "0.0651235764", "lunar": "25.333070755", "kilometers": "9742348", "miles": "6053614.5"}, "orbiting_body": "Earth"}, {"close_approach_date": "2082-12-01", "epoch_date_close_approach": 3563337600000, "relative_velocity": {"kilometers_per_second": "21.7786292271", "kilometers_per_hour": "78403.065217533", "miles_per_hour": "48716.6157180832"}, "miss_distance": {"astronomical": "0.1779886649", "lunar": "69.2375869751", "kilometers": "26626726", "miles": "16545080"}, "orbiting_body": "Earth"}, {"close_approach_date": "2083-12-11", "epoch_date_close_approach": 3595737600000, "relative_velocity": {"kilometers_per_second": "28.7661879123", "kilometers_per_hour": "103558.2764841943", "miles_per_hour": "64347.0857409706"}, "miss_distance": {"astronomical": "0.4030740728", "lunar": "156.7958221436", "kilometers": "60299024", "miles": "37468076"}, "orbiting_body": "Earth"}, {"close_approach_date": "2086-10-28", "epoch_date_close_approach": 3686626800000, "relative_velocity": {"kilometers_per_second": "16.8448890089", "kilometers_per_hour": "60641.6004319601", "miles_per_hour": "37680.3322239588"}, "miss_distance": {"astronomical": "0.0108405411", "lunar": "4.2169704437", "kilometers": "1621721.875", "miles": "1007691.25"}, "orbiting_body": "Venus"}, {"close_approach_date": "2093-03-30", "epoch_date_close_approach": 3889234800000, "relative_velocity": {"kilometers_per_second": "14.5039269267", "kilometers_per_hour": "52214.136936232", "miles_per_hour": "32443.8341424048"}, "miss_distance": {"astronomical": "0.0718355336", "lunar": "27.9440231323", "kilometers": "10746443", "miles": "6677530"}, "orbiting_body": "Venus"}, {"close_approach_date": "2098-03-18", "epoch_date_close_approach": 4045964400000, "relative_velocity": {"kilometers_per_second": "29.7257977738", "kilometers_per_hour": "107012.8719857938", "miles_per_hour": "66493.6370402839"}, "miss_distance": {"astronomical": "0.4618076467", "lunar": "179.6431732178", "kilometers": "69085440", "miles": "42927704"}, "orbiting_body": "Earth"}, {"close_approach_date": "2099-03-29", "epoch_date_close_approach": 4078450800000, "relative_velocity": {"kilometers_per_second": "22.4855591413", "kilometers_per_hour": "80948.0129085497", "miles_per_hour": "50297.947243093"}, "miss_distance": {"astronomical": "0.2492180582", "lunar": "96.9458236694", "kilometers": "37282492", "miles": "23166266"}, "orbiting_body": "Earth"}, {"close_approach_date": "2100-04-11", "epoch_date_close_approach": 4111110000000, "relative_velocity": {"kilometers_per_second": "15.5929421332", "kilometers_per_hour": "56134.5916796302", "miles_per_hour": "34879.8522578235"}, "miss_distance": {"astronomical": "0.1459863344", "lunar": "56.788684845", "kilometers": "21839244", "miles": "13570278"}, "orbiting_body": "Earth"}, {"close_approach_date": "2100-05-06", "epoch_date_close_approach": 4113270000000, "relative_velocity": {"kilometers_per_second": "22.2444477853", "kilometers_per_hour": "80080.0120271606", "miles_per_hour": "49758.6052509877"}, "miss_distance": {"astronomical": "0.1094328259", "lunar": "42.5693702698", "kilometers": "16370918", "miles": "10172417"}, "orbiting_body": "Venus"}, {"close_approach_date": "2101-05-08", "epoch_date_close_approach": 4144978800000, "relative_velocity": {"kilometers_per_second": "11.7577441214", "kilometers_per_hour": "42327.878837207", "miles_per_hour": "26300.8978252635"}, "miss_distance": {"astronomical": "0.3013751736", "lunar": "117.2349472046", "kilometers": "45085084", "miles": "28014574"}, "orbiting_body": "Earth"}, {"close_approach_date": "2102-03-09", "epoch_date_close_approach": 4171334400000, "relative_velocity": {"kilometers_per_second": "10.8830288184", "kilometers_per_hour": "39178.9037464182", "miles_per_hour": "24344.2471639897"}, "miss_distance": {"astronomical": "0.4938950695", "lunar": "192.1251831055", "kilometers": "73885656", "miles": "45910416"}, "orbiting_body": "Earth"}, {"close_approach_date": "2102-06-15", "epoch_date_close_approach": 4179798000000, "relative_velocity": {"kilometers_per_second": "16.5203616392", "kilometers_per_hour": "59473.3019010955", "miles_per_hour": "36954.3969507113"}, "miss_distance": {"astronomical": "0.4288139339", "lunar": "166.8086242676", "kilometers": "64149652", "miles": "39860744"}, "orbiting_body": "Earth"}, {"close_approach_date": "2103-07-12", "epoch_date_close_approach": 4213666800000, "relative_velocity": {"kilometers_per_second": "19.6749559802", "kilometers_per_hour": "70829.8415288467", "miles_per_hour": "44010.9090321881"}, "miss_distance": {"astronomical": "0.4901462254", "lunar": "190.666885376", "kilometers": "73324832", "miles": "45561936"}, "orbiting_body": "Earth"}, {"close_approach_date": "2105-09-01", "epoch_date_close_approach": 4281231600000, "relative_velocity": {"kilometers_per_second": "17.8363990164", "kilometers_per_hour": "64211.0364590584", "miles_per_hour": "39898.2409597966"}, "miss_distance": {"astronomical": "0.4801336136", "lunar": "186.7719726562", "kilometers": "71826968", "miles": "44631208"}, "orbiting_body": "Earth"}, {"close_approach_date": "2106-10-05", "epoch_date_close_approach": 4315705200000, "relative_velocity": {"kilometers_per_second": "11.9644877762", "kilometers_per_hour": "43072.1559942674", "miles_per_hour": "26763.3627065491"}, "miss_distance": {"astronomical": "0.388321319", "lunar": "151.0569915771", "kilometers": "58092040", "miles": "36096720"}, "orbiting_body": "Earth"}, {"close_approach_date": "2106-12-07", "epoch_date_close_approach": 4321152000000, "relative_velocity": {"kilometers_per_second": "10.7825131161", "kilometers_per_hour": "38817.0472180784", "miles_per_hour": "24119.4035894777"}, "miss_distance": {"astronomical": "0.3749663019", "lunar": "145.8618927002", "kilometers": "56094160", "miles": "34855296"}, "orbiting_body": "Earth"}, {"close_approach_date": "2107-11-20", "epoch_date_close_approach": 4351219200000, "relative_velocity": {"kilometers_per_second": "12.6763852136", "kilometers_per_hour": "45634.986768843", "miles_per_hour": "28355.8060842291"}, "miss_distance": {"astronomical": "0.1546767436", "lunar": "60.169254303", "kilometers": "23139312", "miles": "14378102"}, "orbiting_body": "Earth"}, {"close_approach_date": "2108-11-28", "epoch_date_close_approach": 4383532800000, "relative_velocity": {"kilometers_per_second": "19.3152998206", "kilometers_per_hour": "69535.0793543119", "miles_per_hour": "43206.3941687945"}, "miss_distance": {"astronomical": "0.0970440888", "lunar": "37.7501487732", "kilometers": "14517589", "miles": "9020812"}, "orbiting_body": "Earth"}, {"close_approach_date": "2109-11-17", "epoch_date_close_approach": 4414118400000, "relative_velocity": {"kilometers_per_second": "23.0524700458", "kilometers_per_hour": "82988.8921648033", "miles_per_hour": "51566.0702454024"}, "miss_distance": {"astronomical": "0.133240949", "lunar": "51.8307304382", "kilometers": "19932564", "miles": "12385520"}, "orbiting_body": "Venus"}, {"close_approach_date": "2109-12-08", "epoch_date_close_approach": 4415932800000, "relative_velocity": {"kilometers_per_second": "26.5903425426", "kilometers_per_hour": "95725.2331535202", "miles_per_hour": "59479.9372336415"}, "miss_distance": {"astronomical": "0.3339472691", "lunar": "129.9054870605", "kilometers": "49957800", "miles": "31042338"}, "orbiting_body": "Earth"}, {"close_approach_date": "2116-12-25", "epoch_date_close_approach": 4638326400000, "relative_velocity": {"kilometers_per_second": "13.8741488674", "kilometers_per_hour": "49946.9359227196", "miles_per_hour": "31035.0836015365"}, "miss_distance": {"astronomical": "0.0775381277", "lunar": "30.1623306274", "kilometers": "11599539", "miles": "7207619"}, "orbiting_body": "Venus"}, {"close_approach_date": "2123-05-27", "epoch_date_close_approach": 4840844400000, "relative_velocity": {"kilometers_per_second": "17.8568166477", "kilometers_per_hour": "64284.5399315908", "miles_per_hour": "39943.9131591598"}, "miss_distance": {"astronomical": "0.042706179", "lunar": "16.6127033234", "kilometers": "6388753.5", "miles": "3969787.5"}, "orbiting_body": "Venus"}, {"close_approach_date": "2124-03-17", "epoch_date_close_approach": 4866332400000, "relative_velocity": {"kilometers_per_second": "30.5464498109", "kilometers_per_hour": "109967.2193193286", "miles_per_hour": "68329.3535820572"}, "miss_distance": {"astronomical": "0.4860585006", "lunar": "189.076751709", "kilometers": "72713320", "miles": "45181960"}, "orbiting_body": "Earth"}, {"close_approach_date": "2125-03-29", "epoch_date_close_approach": 4898905200000, "relative_velocity": {"kilometers_per_second": "23.1894700324", "kilometers_per_hour": "83482.0921166252", "miles_per_hour": "51872.5255154664"}, "miss_distance": {"astronomical": "0.267856582", "lunar": "104.1962051392", "kilometers": "40070772", "miles": "24898824"}, "orbiting_body": "Earth"}, {"close_approach_date": "2126-04-11", "epoch_date_close_approach": 4931564400000, "relative_velocity": {"kilometers_per_second": "16.1129386905", "kilometers_per_hour": "58006.5792857262", "miles_per_hour": "36043.0325567336"}, "miss_distance": {"astronomical": "0.1420678406", "lunar": "55.2643890381", "kilometers": "21253046", "miles": "13206030"}, "orbiting_body": "Earth"}, {"close_approach_date": "2127-05-06", "epoch_date_close_approach": 4965260400000, "relative_velocity": {"kilometers_per_second": "11.5939664632", "kilometers_per_hour": "41738.2792673911", "miles_per_hour": "25934.543581452"}, "miss_distance": {"astronomical": "0.292080376", "lunar": "113.6192626953", "kilometers": "43694604", "miles": "27150568"}, "orbiting_body": "Earth"}, {"close_approach_date": "2128-03-10", "epoch_date_close_approach": 4991961600000, "relative_velocity": {"kilometers_per_second": "10.8259671373", "kilometers_per_hour": "38973.4816944294", "miles_per_hour": "24216.6058895192"}, "miss_distance": {"astronomical": "0.490742728", "lunar": "190.8989105225", "kilometers": "73414064", "miles": "45617384"}, "orbiting_body": "Earth"}, {"close_approach_date": "2128-06-13", "epoch_date_close_approach": 5000166000000, "relative_velocity": {"kilometers_per_second": "16.4127964485", "kilometers_per_hour": "59086.0672146662", "miles_per_hour": "36713.7843756908"}, "miss_distance": {"astronomical": "0.4262664154", "lunar": "165.8176269531", "kilometers": "63768548", "miles": "39623936"}, "orbiting_body": "Earth"}, {"close_approach_date": "2129-07-12", "epoch_date_close_approach": 5034207600000, "relative_velocity": {"kilometers_per_second": "19.64062487", "kilometers_per_hour": "70706.2495319629", "miles_per_hour": "43934.11377168"}, "miss_distance": {"astronomical": "0.48986772", "lunar": "190.5585479736", "kilometers": "73283168", "miles": "45536048"}, "orbiting_body": "Earth"}, {"close_approach_date": "2130-07-04", "epoch_date_close_approach": 5065052400000, "relative_velocity": {"kilometers_per_second": "17.1767618543", "kilometers_per_hour": "61836.342675529", "miles_per_hour": "38422.6985919141"}, "miss_distance": {"astronomical": "0.0066562694", "lunar": "2.58928895", "kilometers": "995763.75", "miles": "618738.9375"}, "orbiting_body": "Venus"}, {"close_approach_date": "2131-09-03", "epoch_date_close_approach": 5101858800000, "relative_velocity": {"kilometers_per_second": "17.5854455129", "kilometers_per_hour": "63307.6038464371", "miles_per_hour": "39336.8830678042"}, "miss_distance": {"astronomical": "0.4762040956", "lunar": "185.2433929443", "kilometers": "71239120", "miles": "44265936"}, "orbiting_body": "Earth"}, {"close_approach_date": "2132-10-11", "epoch_date_close_approach": 5136764400000, "relative_velocity": {"kilometers_per_second": "10.8793296502", "kilometers_per_hour": "39165.5867406203", "miles_per_hour": "24335.9724944704"}, "miss_distance": {"astronomical": "0.3700656132", "lunar": "143.9555206299", "kilometers": "55361028", "miles": "34399748"}, "orbiting_body": "Earth"}, {"close_approach_date": "2132-12-04", "epoch_date_close_approach": 5141433600000, "relative_velocity": {"kilometers_per_second": "10.6103248046", "kilometers_per_hour": "38197.1692965866", "miles_per_hour": "23734.2355554263"}, "miss_distance": {"astronomical": "0.3544245191", "lunar": "137.8711395264", "kilometers": "53021152", "miles": "32945816"}, "orbiting_body": "Earth"}, {"close_approach_date": "2133-11-21", "epoch_date_close_approach": 5171846400000, "relative_velocity": {"kilometers_per_second": "13.6889804677", "kilometers_per_hour": "49280.3296838921", "miles_per_hour": "30620.8804083051"}, "miss_distance": {"astronomical": "0.1153572424", "lunar": "44.873966217", "kilometers": "17257198", "miles": "10723126"}, "orbiting_body": "Earth"}, {"close_approach_date": "2134-11-30", "epoch_date_close_approach": 5204160000000, "relative_velocity": {"kilometers_per_second": "20.8721011909", "kilometers_per_hour": "75139.5642871511", "miles_per_hour": "46688.803153869"}, "miss_distance": {"astronomical": "0.1475940809", "lunar": "57.4140968323", "kilometers": "22079760", "miles": "13719727"}, "orbiting_body": "Earth"}, {"close_approach_date": "2135-12-11", "epoch_date_close_approach": 5236646400000, "relative_velocity": {"kilometers_per_second": "28.5445106468", "kilometers_per_hour": "102760.2383283086", "miles_per_hour": "63851.2158657204"}, "miss_distance": {"astronomical": "0.3953464404", "lunar": "153.7897644043", "kilometers": "59142984", "miles": "36749748"}, "orbiting_body": "Earth"}, {"close_approach_date": "2136-12-07", "epoch_date_close_approach": 5267923200000, "relative_velocity": {"kilometers_per_second": "17.4190065073", "kilometers_per_hour": "62708.4234264283", "miles_per_hour": "38964.5756562715"}, "miss_distance": {"astronomical": "0.0400895843", "lunar": "15.5948486328", "kilometers": "5997316.5", "miles": "3726559.75"}, "orbiting_body": "Venus"}, {"close_approach_date": "2168-01-07", "epoch_date_close_approach": 6248822400000, "relative_velocity": {"kilometers_per_second": "22.0629344289", "kilometers_per_hour": "79426.5639440443", "miles_per_hour": "49352.5780240091"}, "miss_distance": {"astronomical": "0.1052257189", "lunar": "40.9328041077", "kilometers": "15741544", "miles": "9781342"}, "orbiting_body": "Venus"}, {"close_approach_date": "2174-03-20", "epoch_date_close_approach": 6444428400000, "relative_velocity": {"kilometers_per_second": "29.4116625267", "kilometers_per_hour": "105881.9850959602", "miles_per_hour": "65790.9479058759"}, "miss_distance": {"astronomical": "0.4509402288", "lunar": "175.4157409668", "kilometers": "67459696", "miles": "41917512"}, "orbiting_body": "Earth"}, {"close_approach_date": "2174-06-12", "epoch_date_close_approach": 6451686000000, "relative_velocity": {"kilometers_per_second": "13.2209129071", "kilometers_per_hour": "47595.2864654912", "miles_per_hour": "29573.8600818493"}, "miss_distance": {"astronomical": "0.0965845459", "lunar": "37.5713882446", "kilometers": "14448842", "miles": "8978094"}, "orbiting_body": "Venus"}, {"close_approach_date": "2175-04-01", "epoch_date_close_approach": 6477001200000, "relative_velocity": {"kilometers_per_second": "21.828047106", "kilometers_per_hour": "78580.969581447", "miles_per_hour": "48827.1585713163"}, "miss_distance": {"astronomical": "0.2295258293", "lunar": "89.2855529785", "kilometers": "34336576", "miles": "21335760"}, "orbiting_body": "Earth"}, {"close_approach_date": "2176-04-14", "epoch_date_close_approach": 6509746800000, "relative_velocity": {"kilometers_per_second": "14.6688609967", "kilometers_per_hour": "52807.8995879566", "miles_per_hour": "32812.7751634167"}, "miss_distance": {"astronomical": "0.1562481641", "lunar": "60.7805366516", "kilometers": "23374394", "miles": "14524175"}, "orbiting_body": "Earth"}, {"close_approach_date": "2185-12-14", "epoch_date_close_approach": 6814828800000, "relative_velocity": {"kilometers_per_second": "30.422202872", "kilometers_per_hour": "109519.9303391928", "miles_per_hour": "68051.4256043723"}, "miss_distance": {"astronomical": "0.4548404084", "lunar": "176.9329223633", "kilometers": "68043160", "miles": "42280060"}, "orbiting_body": "Earth"}, {"close_approach_date": "2187-12-26", "epoch_date_close_approach": 6878937600000, "relative_velocity": {"kilometers_per_second": "13.7704682305", "kilometers_per_hour": "49573.6856296927", "miles_per_hour": "30803.1603847388"}, "miss_distance": {"astronomical": "0.0853122072", "lunar": "33.1864509583", "kilometers": "12762525", "miles": "7930265.5"}, "orbiting_body": "Venus"}, {"close_approach_date": "2195-02-01", "epoch_date_close_approach": 7103059200000, "relative_velocity": {"kilometers_per_second": "22.1993305937", "kilometers_per_hour": "79917.5901371641", "miles_per_hour": "49657.6826049507"}, "miss_distance": {"astronomical": "0.1082112843", "lunar": "42.0941886902", "kilometers": "16188178", "miles": "10058868"}, "orbiting_body": "Venus"}], "orbital_data": {"orbit_id": "43", "orbit_determination_date": "2017-04-22 06:17:04", "orbit_uncertainty": "1", "minimum_orbit_intersection": ".0315037", "jupiter_tisserand_invariant": "5.846", "epoch_osculation": "2458000.5", "eccentricity": ".4770744481629667", "semi_major_axis": "1.022636609368601", "inclination": "13.3233484654506", "ascending_node_longitude": "54.40983168247983", "orbital_period": "377.7290886582226", "perihelion_distance": ".5347628132828285", "perihelion_argument": "254.0073581122484", "aphelion_distance": "1.510510405454374", "perihelion_time": "2457922.057168484720", "mean_anomaly": "74.7610395741919", "mean_motion": ".9530640101846533", "equinox": "J2000"}}