{"links": {"self": "https://api.nasa.gov/neo/rest/v1/neo/3754264?api_key=stjNMXvPIBN6FqEBpH6hQbWAtFDv0RARRez0p7z1"}, "neo_reference_id": "3754264", "name": "(2016 LX48)", "nasa_jpl_url": "http://ssd.jpl.nasa.gov/sbdb.cgi?sstr=3754264", "absolute_magnitude_h": 19.3, "estimated_diameter": {"kilometers": {"estimated_diameter_min": 0.3669061375, "estimated_diameter_max": 0.8204270649}, "meters": {"estimated_diameter_min": 366.9061375314, "estimated_diameter_max": 820.4270648822}, "miles": {"estimated_diameter_min": 0.2279848336, "estimated_diameter_max": 0.5097895857}, "feet": {"estimated_diameter_min": 1203.7603322587, "estimated_diameter_max": 2691.6899315481}}, "is_potentially_hazardous_asteroid": true, "close_approach_data": [{"close_approach_date": "1945-07-22", "epoch_date_close_approach": -771440400000, "relative_velocity": {"kilometers_per_second": "13.0519284458", "kilometers_per_hour": "46986.9424049419", "miles_per_hour": "29195.8587404485"}, "miss_distance": {"astronomical": "0.2554155098", "lunar": "99.356628418", "kilometers": "38209616", "miles": "23742354"}, "orbiting_body": "Earth"}, {"close_approach_date": "1951-09-07", "epoch_date_close_approach": -578077200000, "relative_velocity": {"kilometers_per_second": "9.4933936361", "kilometers_per_hour": "34176.2170899718", "miles_per_hour": "21235.7722245995"}, "miss_distance": {"astronomical": "0.1389638487", "lunar": "54.0569381714", "kilometers": "20788696", "miles": "12917497"}, "orbiting_body": "Earth"}, {"close_approach_date": "1957-09-28", "epoch_date_close_approach": -386874000000, "relative_velocity": {"kilometers_per_second": "15.8449222059", "kilometers_per_hour": "57041.7199411745", "miles_per_hour": "35443.506482337"}, "miss_distance": {"astronomical": "0.3233952212", "lunar": "125.800743103", "kilometers": "48379236", "miles": "30061464"}, "orbiting_body": "Earth"}, {"close_approach_date": "1963-10-07", "epoch_date_close_approach": -196794000000, "relative_velocity": {"kilometers_per_second": "19.5861759858", "kilometers_per_hour": "70510.2335489538", "miles_per_hour": "43812.3170626819"}, "miss_distance": {"astronomical": "0.4386636338", "lunar": "170.6401519775", "kilometers": "65623144", "miles": "40776332"}, "orbiting_body": "Earth"}, {"close_approach_date": "1969-10-05", "epoch_date_close_approach": -7578000000, "relative_velocity": {"kilometers_per_second": "18.1106083343", "kilometers_per_hour": "65198.1900033018", "miles_per_hour": "40511.6197828849"}, "miss_distance": {"astronomical": "0.3658280309", "lunar": "142.3071136475", "kilometers": "54727096", "miles": "34005840"}, "orbiting_body": "Earth"}, {"close_approach_date": "1975-09-19", "epoch_date_close_approach": 180342000000, "relative_velocity": {"kilometers_per_second": "11.8591290592", "kilometers_per_hour": "42692.8646131297", "miles_per_hour": "26527.6857925305"}, "miss_distance": {"astronomical": "0.1569239475", "lunar": "61.0434150696", "kilometers": "23475488", "miles": "14586993"}, "orbiting_body": "Earth"}, {"close_approach_date": "1981-07-24", "epoch_date_close_approach": 364806000000, "relative_velocity": {"kilometers_per_second": "11.8249361069", "kilometers_per_hour": "42569.7699849502", "miles_per_hour": "26451.1995775931"}, "miss_distance": {"astronomical": "0.1273852433", "lunar": "49.55286026", "kilometers": "19056562", "miles": "11841198"}, "orbiting_body": "Earth"}, {"close_approach_date": "2016-09-12", "epoch_date_close_approach": 1473663600000, "relative_velocity": {"kilometers_per_second": "10.7706390704", "kilometers_per_hour": "38774.3006534227", "miles_per_hour": "24092.842536567"}, "miss_distance": {"astronomical": "0.0455478838", "lunar": "17.718126297", "kilometers": "6813866.5", "miles": "4233940.5"}, "orbiting_body": "Earth"}, {"close_approach_date": "2068-07-09", "epoch_date_close_approach": 3109042800000, "relative_velocity": {"kilometers_per_second": "15.4520174232", "kilometers_per_hour": "55627.2627234548", "miles_per_hour": "34564.6177739156"}, "miss_distance": {"astronomical": "0.1693359514", "lunar": "65.8716812134", "kilometers": "25332298", "miles": "15740760"}, "orbiting_body": "Earth"}, {"close_approach_date": "2097-06-24", "epoch_date_close_approach": 4022895600000, "relative_velocity": {"kilometers_per_second": "22.3697779017", "kilometers_per_hour": "80531.2004461067", "miles_per_hour": "50038.9561883045"}, "miss_distance": {"astronomical": "0.4218556118", "lunar": "164.1018218994", "kilometers": "63108700", "miles": "39213928"}, "orbiting_body": "Earth"}], "orbital_data": {"orbit_id": "99", "orbit_determination_date": "2017-04-06 08:25:21", "orbit_uncertainty": "1", "minimum_orbit_intersection": ".0119215", "jupiter_tisserand_invariant": "2.746", "epoch_osculation": "2458000.5", "eccentricity": ".6905359091404613", "semi_major_axis": "3.226600691446175", "inclination": "5.576376716482909", "ascending_node_longitude": "327.2746292480171", "orbital_period": "2116.977590030786", "perihelion_distance": ".9985170495451496", "perihelion_argument": "4.013093945806591", "aphelion_distance": "5.4546843333472", "perihelion_time": "2457630.413909123832", "mean_anomaly": "62.93453144843296", "mean_motion": ".1700537604627003", "equinox": "J2000"}}