{"links": {"self": "https://api.nasa.gov/neo/rest/v1/neo/3763951?api_key=stjNMXvPIBN6FqEBpH6hQbWAtFDv0RARRez0p7z1"}, "neo_reference_id": "3763951", "name": "(2016 WJ1)", "nasa_jpl_url": "http://ssd.jpl.nasa.gov/sbdb.cgi?sstr=3763951", "absolute_magnitude_h": 21.3, "estimated_diameter": {"kilometers": {"estimated_diameter_min": 0.1460679643, "estimated_diameter_max": 0.3266178974}, "meters": {"estimated_diameter_min": 146.0679642714, "estimated_diameter_max": 326.6178974458}, "miles": {"estimated_diameter_min": 0.090762397, "estimated_diameter_max": 0.2029508896}, "feet": {"estimated_diameter_min": 479.2256199, "estimated_diameter_max": 1071.581062656}}, "is_potentially_hazardous_asteroid": true, "close_approach_data": [{"close_approach_date": "1900-12-02", "epoch_date_close_approach": -2180016000000, "relative_velocity": {"kilometers_per_second": "20.9687992462", "kilometers_per_hour": "75487.6772861404", "miles_per_hour": "46905.1070337132"}, "miss_distance": {"astronomical": "0.2028541399", "lunar": "78.9102630615", "kilometers": "30346548", "miles": "18856470"}, "orbiting_body": "Earth"}, {"close_approach_date": "1904-01-29", "epoch_date_close_approach": -2080396800000, "relative_velocity": {"kilometers_per_second": "11.7681231846", "kilometers_per_hour": "42365.2434646302", "miles_per_hour": "26324.1147516754"}, "miss_distance": {"astronomical": "0.2702645821", "lunar": "105.1329269409", "kilometers": "40431008", "miles": "25122664"}, "orbiting_body": "Earth"}, {"close_approach_date": "1907-04-11", "epoch_date_close_approach": -1979481600000, "relative_velocity": {"kilometers_per_second": "13.2029461275", "kilometers_per_hour": "47530.6060591044", "miles_per_hour": "29533.6701926696"}, "miss_distance": {"astronomical": "0.3064388246", "lunar": "119.2047042847", "kilometers": "45842596", "miles": "28485270"}, "orbiting_body": "Earth"}, {"close_approach_date": "1910-06-18", "epoch_date_close_approach": -1878912000000, "relative_velocity": {"kilometers_per_second": "17.6169136953", "kilometers_per_hour": "63420.8893029796", "miles_per_hour": "39407.2742449542"}, "miss_distance": {"astronomical": "0.0940418886", "lunar": "36.5822944641", "kilometers": "14068467", "miles": "8741740"}, "orbiting_body": "Earth"}, {"close_approach_date": "1920-12-13", "epoch_date_close_approach": -1547913600000, "relative_velocity": {"kilometers_per_second": "14.5251617936", "kilometers_per_hour": "52290.5824571346", "miles_per_hour": "32491.3344162123"}, "miss_distance": {"astronomical": "0.0116409523", "lunar": "4.5283303261", "kilometers": "1741461.625", "miles": "1082094.125"}, "orbiting_body": "Earth"}, {"close_approach_date": "1920-12-14", "epoch_date_close_approach": -1547827200000, "relative_velocity": {"kilometers_per_second": "15.1894885423", "kilometers_per_hour": "54682.1587522454", "miles_per_hour": "33977.3669202494"}, "miss_distance": {"astronomical": "0.0098554256", "lunar": "3.8337607384", "kilometers": "1474350.75", "miles": "916119.0625"}, "orbiting_body": "Moon"}, {"close_approach_date": "1924-03-12", "epoch_date_close_approach": -1445529600000, "relative_velocity": {"kilometers_per_second": "14.7736351725", "kilometers_per_hour": "53185.0866210086", "miles_per_hour": "33047.1445173706"}, "miss_distance": {"astronomical": "0.3306545615", "lunar": "128.6246185303", "kilometers": "49465220", "miles": "30736262"}, "orbiting_body": "Earth"}, {"close_approach_date": "1924-06-26", "epoch_date_close_approach": -1436371200000, "relative_velocity": {"kilometers_per_second": "14.0183206265", "kilometers_per_hour": "50465.9542553208", "miles_per_hour": "31357.5814093686"}, "miss_distance": {"astronomical": "0.0284094082", "lunar": "11.0512599945", "kilometers": "4249987", "miles": "2640819.5"}, "orbiting_body": "Mars"}, {"close_approach_date": "1927-06-11", "epoch_date_close_approach": -1343059200000, "relative_velocity": {"kilometers_per_second": "14.0738409358", "kilometers_per_hour": "50665.8273687346", "miles_per_hour": "31481.7747892007"}, "miss_distance": {"astronomical": "0.027716506", "lunar": "10.7817211151", "kilometers": "4146330.25", "miles": "2576410.25"}, "orbiting_body": "Earth"}, {"close_approach_date": "1936-03-30", "epoch_date_close_approach": -1065283200000, "relative_velocity": {"kilometers_per_second": "14.2163528197", "kilometers_per_hour": "51178.8701510377", "miles_per_hour": "31800.5596224601"}, "miss_distance": {"astronomical": "0.043540247", "lunar": "16.9371566772", "kilometers": "6513528.5", "miles": "4047318.75"}, "orbiting_body": "Mars"}, {"close_approach_date": "1937-12-15", "epoch_date_close_approach": -1011283200000, "relative_velocity": {"kilometers_per_second": "13.9445297188", "kilometers_per_hour": "50200.3069876134", "miles_per_hour": "31192.5185279423"}, "miss_distance": {"astronomical": "0.0304569275", "lunar": "11.8477449417", "kilometers": "4556291.5", "miles": "2831148.25"}, "orbiting_body": "Earth"}, {"close_approach_date": "1941-03-13", "epoch_date_close_approach": -908985600000, "relative_velocity": {"kilometers_per_second": "14.785776911", "kilometers_per_hour": "53228.796879767", "miles_per_hour": "33074.3043723197"}, "miss_distance": {"astronomical": "0.3307599066", "lunar": "128.6656036377", "kilometers": "49480980", "miles": "30746054"}, "orbiting_body": "Earth"}, {"close_approach_date": "1942-09-05", "epoch_date_close_approach": -862246800000, "relative_velocity": {"kilometers_per_second": "15.3017995961", "kilometers_per_hour": "55086.4785458513", "miles_per_hour": "34228.5955164485"}, "miss_distance": {"astronomical": "0.0802692215", "lunar": "31.2247276306", "kilometers": "12008105", "miles": "7461490.5"}, "orbiting_body": "Venus"}, {"close_approach_date": "1944-06-09", "epoch_date_close_approach": -806691600000, "relative_velocity": {"kilometers_per_second": "13.6724469281", "kilometers_per_hour": "49220.8089412255", "miles_per_hour": "30583.8965335076"}, "miss_distance": {"astronomical": "0.040382386", "lunar": "15.7087478638", "kilometers": "6041119", "miles": "3753777.25"}, "orbiting_body": "Earth"}, {"close_approach_date": "1945-10-12", "epoch_date_close_approach": -764352000000, "relative_velocity": {"kilometers_per_second": "10.8848084755", "kilometers_per_hour": "39185.3105118907", "miles_per_hour": "24348.2280789023"}, "miss_distance": {"astronomical": "0.0110444791", "lunar": "4.2963023186", "kilometers": "1652230.5", "miles": "1026648.4375"}, "orbiting_body": "Venus"}, {"close_approach_date": "1948-12-11", "epoch_date_close_approach": -664477200000, "relative_velocity": {"kilometers_per_second": "9.5870054699", "kilometers_per_hour": "34513.2196916572", "miles_per_hour": "21445.17253563"}, "miss_distance": {"astronomical": "0.0472645382", "lunar": "18.3859062195", "kilometers": "7070674.5", "miles": "4393513.5"}, "orbiting_body": "Venus"}, {"close_approach_date": "1951-11-20", "epoch_date_close_approach": -571680000000, "relative_velocity": {"kilometers_per_second": "29.3032085356", "kilometers_per_hour": "105491.5507281316", "miles_per_hour": "65548.347173266"}, "miss_distance": {"astronomical": "0.4744854377", "lunar": "184.5748291016", "kilometers": "70982008", "miles": "44106176"}, "orbiting_body": "Earth"}, {"close_approach_date": "1952-01-30", "epoch_date_close_approach": -565545600000, "relative_velocity": {"kilometers_per_second": "14.3294948779", "kilometers_per_hour": "51586.1815605606", "miles_per_hour": "32053.6470924494"}, "miss_distance": {"astronomical": "0.0600806617", "lunar": "23.3713779449", "kilometers": "8987939", "miles": "5584846.5"}, "orbiting_body": "Venus"}, {"close_approach_date": "1954-12-23", "epoch_date_close_approach": -474134400000, "relative_velocity": {"kilometers_per_second": "10.8242251851", "kilometers_per_hour": "38967.2106662027", "miles_per_hour": "24212.7093164524"}, "miss_distance": {"astronomical": "0.1360411578", "lunar": "52.9200134277", "kilometers": "20351468", "miles": "12645816"}, "orbiting_body": "Earth"}, {"close_approach_date": "1958-04-02", "epoch_date_close_approach": -370800000000, "relative_velocity": {"kilometers_per_second": "13.9705720592", "kilometers_per_hour": "50294.0594132021", "miles_per_hour": "31250.7726392755"}, "miss_distance": {"astronomical": "0.3185245959", "lunar": "123.9060668945", "kilometers": "47650604", "miles": "29608712"}, "orbiting_body": "Earth"}, {"close_approach_date": "1958-06-25", "epoch_date_close_approach": -363546000000, "relative_velocity": {"kilometers_per_second": "7.6261228855", "kilometers_per_hour": "27454.0423878753", "miles_per_hour": "17058.8742826217"}, "miss_distance": {"astronomical": "0.4711464926", "lunar": "183.2759857178", "kilometers": "70482512", "miles": "43795804"}, "orbiting_body": "Earth"}, {"close_approach_date": "1961-06-20", "epoch_date_close_approach": -269283600000, "relative_velocity": {"kilometers_per_second": "19.231555837", "kilometers_per_hour": "69233.6010132238", "miles_per_hour": "43019.0672518001"}, "miss_distance": {"astronomical": "0.148816826", "lunar": "57.8897438049", "kilometers": "22262680", "miles": "13833388"}, "orbiting_body": "Earth"}, {"close_approach_date": "1962-07-27", "epoch_date_close_approach": -234550800000, "relative_velocity": {"kilometers_per_second": "16.0670510717", "kilometers_per_hour": "57841.3838582359", "miles_per_hour": "35940.3865423578"}, "miss_distance": {"astronomical": "0.0930527824", "lunar": "36.1975326538", "kilometers": "13920498", "miles": "8649797"}, "orbiting_body": "Mars"}, {"close_approach_date": "1968-12-03", "epoch_date_close_approach": -34012800000, "relative_velocity": {"kilometers_per_second": "20.434063162", "kilometers_per_hour": "73562.6273831986", "miles_per_hour": "45708.9558870769"}, "miss_distance": {"astronomical": "0.1842224888", "lunar": "71.6625518799", "kilometers": "27559292", "miles": "17124550"}, "orbiting_body": "Earth"}, {"close_approach_date": "1971-11-30", "epoch_date_close_approach": 60336000000, "relative_velocity": {"kilometers_per_second": "7.8269008164", "kilometers_per_hour": "28176.8429390704", "miles_per_hour": "17507.9944362241"}, "miss_distance": {"astronomical": "0.4548550629", "lunar": "176.9386138916", "kilometers": "68045352", "miles": "42281420"}, "orbiting_body": "Earth"}, {"close_approach_date": "1972-02-19", "epoch_date_close_approach": 67334400000, "relative_velocity": {"kilometers_per_second": "13.9122391873", "kilometers_per_hour": "50084.0610741335", "miles_per_hour": "31120.2878379803"}, "miss_distance": {"astronomical": "0.3130771984", "lunar": "121.7870330811", "kilometers": "46835684", "miles": "29102346"}, "orbiting_body": "Earth"}, {"close_approach_date": "1975-05-31", "epoch_date_close_approach": 170751600000, "relative_velocity": {"kilometers_per_second": "10.4240378342", "kilometers_per_hour": "37526.5362029688", "miles_per_hour": "23317.530231228"}, "miss_distance": {"astronomical": "0.1553386698", "lunar": "60.4267463684", "kilometers": "23238336", "miles": "14439632"}, "orbiting_body": "Earth"}, {"close_approach_date": "1978-07-05", "epoch_date_close_approach": 268470000000, "relative_velocity": {"kilometers_per_second": "28.0677461919", "kilometers_per_hour": "101043.8862907503", "miles_per_hour": "62784.7414566054"}, "miss_distance": {"astronomical": "0.4474045283", "lunar": "174.0403594971", "kilometers": "66930768", "miles": "41588848"}, "orbiting_body": "Earth"}, {"close_approach_date": "1985-12-20", "epoch_date_close_approach": 503913600000, "relative_velocity": {"kilometers_per_second": "11.9007440551", "kilometers_per_hour": "42842.6785984738", "miles_per_hour": "26620.7743769239"}, "miss_distance": {"astronomical": "0.0989602442", "lunar": "38.4955329895", "kilometers": "14804242", "miles": "9198929"}, "orbiting_body": "Earth"}, {"close_approach_date": "1987-08-12", "epoch_date_close_approach": 555750000000, "relative_velocity": {"kilometers_per_second": "11.1345586323", "kilometers_per_hour": "40084.4110763138", "miles_per_hour": "24906.8942046129"}, "miss_distance": {"astronomical": "0.0079201547", "lunar": "3.0809400082", "kilometers": "1184838.25", "miles": "736224.375"}, "orbiting_body": "Venus"}, {"close_approach_date": "1988-11-27", "epoch_date_close_approach": 596620800000, "relative_velocity": {"kilometers_per_second": "14.7587791617", "kilometers_per_hour": "53131.6049821196", "miles_per_hour": "33013.9131068065"}, "miss_distance": {"astronomical": "0.0421226547", "lunar": "16.3857135773", "kilometers": "6301459.5", "miles": "3915545.5"}, "orbiting_body": "Mars"}, {"close_approach_date": "1989-03-30", "epoch_date_close_approach": 607248000000, "relative_velocity": {"kilometers_per_second": "14.1674063727", "kilometers_per_hour": "51002.662941801", "miles_per_hour": "31691.071315143"}, "miss_distance": {"astronomical": "0.3218178364", "lunar": "125.1871414185", "kilometers": "48143264", "miles": "29914838"}, "orbiting_body": "Earth"}, {"close_approach_date": "1989-06-28", "epoch_date_close_approach": 615020400000, "relative_velocity": {"kilometers_per_second": "8.0122857004", "kilometers_per_hour": "28844.2285212614", "miles_per_hour": "17922.6818831138"}, "miss_distance": {"astronomical": "0.4878536473", "lunar": "189.7750701904", "kilometers": "72981864", "miles": "45348828"}, "orbiting_body": "Earth"}, {"close_approach_date": "1990-10-24", "epoch_date_close_approach": 656751600000, "relative_velocity": {"kilometers_per_second": "10.5636733599", "kilometers_per_hour": "38029.2240957919", "miles_per_hour": "23629.8809388547"}, "miss_distance": {"astronomical": "0.0157984356", "lunar": "6.1455917358", "kilometers": "2363412.5", "miles": "1468556.375"}, "orbiting_body": "Venus"}, {"close_approach_date": "1992-06-19", "epoch_date_close_approach": 708937200000, "relative_velocity": {"kilometers_per_second": "18.7763398609", "kilometers_per_hour": "67594.8234993055", "miles_per_hour": "42000.7946348879"}, "miss_distance": {"astronomical": "0.1339236104", "lunar": "52.096282959", "kilometers": "20034686", "miles": "12448977"}, "orbiting_body": "Earth"}, {"close_approach_date": "1993-12-04", "epoch_date_close_approach": 754992000000, "relative_velocity": {"kilometers_per_second": "17.751347301", "kilometers_per_hour": "63904.8502835093", "miles_per_hour": "39707.9887775505"}, "miss_distance": {"astronomical": "0.1287763433", "lunar": "50.0939979553", "kilometers": "19264666", "miles": "11970509"}, "orbiting_body": "Venus"}, {"close_approach_date": "1999-12-02", "epoch_date_close_approach": 944121600000, "relative_velocity": {"kilometers_per_second": "21.6891134938", "kilometers_per_hour": "78080.8085775313", "miles_per_hour": "48516.3779741888"}, "miss_distance": {"astronomical": "0.2255065687", "lunar": "87.7220535278", "kilometers": "33735304", "miles": "20962146"}, "orbiting_body": "Earth"}, {"close_approach_date": "2002-12-07", "epoch_date_close_approach": 1039248000000, "relative_velocity": {"kilometers_per_second": "6.5775872344", "kilometers_per_hour": "23679.3140438401", "miles_per_hour": "14713.4048846294"}, "miss_distance": {"astronomical": "0.4154906653", "lunar": "161.625869751", "kilometers": "62156520", "miles": "38622268"}, "orbiting_body": "Earth"}, {"close_approach_date": "2003-02-12", "epoch_date_close_approach": 1045036800000, "relative_velocity": {"kilometers_per_second": "13.3378210101", "kilometers_per_hour": "48016.1556363978", "miles_per_hour": "29835.3718175162"}, "miss_distance": {"astronomical": "0.3016985295", "lunar": "117.3607330322", "kilometers": "45133460", "miles": "28044632"}, "orbiting_body": "Earth"}, {"close_approach_date": "2006-05-21", "epoch_date_close_approach": 1148194800000, "relative_velocity": {"kilometers_per_second": "9.6413915624", "kilometers_per_hour": "34709.0096246241", "miles_per_hour": "21566.8287859227"}, "miss_distance": {"astronomical": "0.2006391933", "lunar": "78.0486450195", "kilometers": "30015196", "miles": "18650578"}, "orbiting_body": "Earth"}, {"close_approach_date": "2009-07-02", "epoch_date_close_approach": 1246518000000, "relative_velocity": {"kilometers_per_second": "26.584703583", "kilometers_per_hour": "95704.9328986524", "miles_per_hour": "59467.323444721"}, "miss_distance": {"astronomical": "0.3977294513", "lunar": "154.7167510986", "kilometers": "59499480", "miles": "36971264"}, "orbiting_body": "Earth"}, {"close_approach_date": "2015-03-30", "epoch_date_close_approach": 1427698800000, "relative_velocity": {"kilometers_per_second": "13.8400752703", "kilometers_per_hour": "49824.270972959", "miles_per_hour": "30958.8643720589"}, "miss_distance": {"astronomical": "0.0606545896", "lunar": "23.5946350098", "kilometers": "9073797", "miles": "5638196"}, "orbiting_body": "Mars"}, {"close_approach_date": "2016-12-16", "epoch_date_close_approach": 1481875200000, "relative_velocity": {"kilometers_per_second": "13.2686815375", "kilometers_per_hour": "47767.2535351408", "miles_per_hour": "29680.7137313212"}, "miss_distance": {"astronomical": "0.0538127813", "lunar": "20.9331703186", "kilometers": "8050277.5", "miles": "5002210.5"}, "orbiting_body": "Earth"}, {"close_approach_date": "2020-03-23", "epoch_date_close_approach": 1584946800000, "relative_velocity": {"kilometers_per_second": "14.5064173192", "kilometers_per_hour": "52223.1023491585", "miles_per_hour": "32449.4049013424"}, "miss_distance": {"astronomical": "0.3273235255", "lunar": "127.3288497925", "kilometers": "48966904", "miles": "30426622"}, "orbiting_body": "Earth"}, {"close_approach_date": "2023-06-18", "epoch_date_close_approach": 1687071600000, "relative_velocity": {"kilometers_per_second": "17.5852211861", "kilometers_per_hour": "63306.7962698228", "miles_per_hour": "39336.3812711019"}, "miss_distance": {"astronomical": "0.0928835984", "lunar": "36.1317214966", "kilometers": "13895189", "miles": "8634070"}, "orbiting_body": "Earth"}, {"close_approach_date": "2026-05-08", "epoch_date_close_approach": 1778223600000, "relative_velocity": {"kilometers_per_second": "14.3579410717", "kilometers_per_hour": "51688.5878580869", "miles_per_hour": "32117.2783832652"}, "miss_distance": {"astronomical": "0.0617952944", "lunar": "24.0383701324", "kilometers": "9244445", "miles": "5744231.5"}, "orbiting_body": "Venus"}, {"close_approach_date": "2029-07-03", "epoch_date_close_approach": 1877756400000, "relative_velocity": {"kilometers_per_second": "9.5556223995", "kilometers_per_hour": "34400.240638145", "miles_per_hour": "21374.9717454073"}, "miss_distance": {"astronomical": "0.0538160628", "lunar": "20.9344482422", "kilometers": "8050768.5", "miles": "5002515.5"}, "orbiting_body": "Venus"}, {"close_approach_date": "2029-10-23", "epoch_date_close_approach": 1887433200000, "relative_velocity": {"kilometers_per_second": "13.166717285", "kilometers_per_hour": "47400.1822260972", "miles_per_hour": "29452.6298948769"}, "miss_distance": {"astronomical": "0.0806420588", "lunar": "31.3697605133", "kilometers": "12063880", "miles": "7496148"}, "orbiting_body": "Mars"}, {"close_approach_date": "2030-12-01", "epoch_date_close_approach": 1922342400000, "relative_velocity": {"kilometers_per_second": "22.3373207827", "kilometers_per_hour": "80414.3548177754", "miles_per_hour": "49966.3528588561"}, "miss_distance": {"astronomical": "0.247908895", "lunar": "96.4365615845", "kilometers": "37086644", "miles": "23044572"}, "orbiting_body": "Earth"}, {"close_approach_date": "2032-08-31", "epoch_date_close_approach": 1977548400000, "relative_velocity": {"kilometers_per_second": "13.1519253487", "kilometers_per_hour": "47346.931255478", "miles_per_hour": "29419.5418126052"}, "miss_distance": {"astronomical": "0.0375552718", "lunar": "14.6090011597", "kilometers": "5618189", "miles": "3490980.75"}, "orbiting_body": "Venus"}, {"close_approach_date": "2034-02-11", "epoch_date_close_approach": 2023257600000, "relative_velocity": {"kilometers_per_second": "13.218707881", "kilometers_per_hour": "47587.3483716443", "miles_per_hour": "29568.9276590364"}, "miss_distance": {"astronomical": "0.2994216313", "lunar": "116.4750137329", "kilometers": "44792840", "miles": "27832980"}, "orbiting_body": "Earth"}, {"close_approach_date": "2037-05-26", "epoch_date_close_approach": 2126934000000, "relative_velocity": {"kilometers_per_second": "9.9017782976", "kilometers_per_hour": "35646.4018712024", "miles_per_hour": "22149.2878738035"}, "miss_distance": {"astronomical": "0.1793318166", "lunar": "69.7600708008", "kilometers": "26827658", "miles": "16669933"}, "orbiting_body": "Earth"}, {"close_approach_date": "2040-07-05", "epoch_date_close_approach": 2225084400000, "relative_velocity": {"kilometers_per_second": "28.2008457403", "kilometers_per_hour": "101523.04466508", "miles_per_hour": "63082.4718364771"}, "miss_distance": {"astronomical": "0.4519383149", "lunar": "175.8040008545", "kilometers": "67609008", "miles": "42010288"}, "orbiting_body": "Earth"}, {"close_approach_date": "2044-11-20", "epoch_date_close_approach": 2363241600000, "relative_velocity": {"kilometers_per_second": "28.8874926143", "kilometers_per_hour": "103994.973411471", "miles_per_hour": "64618.4322289221"}, "miss_distance": {"astronomical": "0.4611421783", "lunar": "179.3843078613", "kilometers": "68985888", "miles": "42865844"}, "orbiting_body": "Earth"}, {"close_approach_date": "2048-01-03", "epoch_date_close_approach": 2461651200000, "relative_velocity": {"kilometers_per_second": "9.7160117693", "kilometers_per_hour": "34977.6423695666", "miles_per_hour": "21733.746726801"}, "miss_distance": {"astronomical": "0.1913378379", "lunar": "74.4304199219", "kilometers": "28623734", "miles": "17785964"}, "orbiting_body": "Earth"}, {"close_approach_date": "2051-04-17", "epoch_date_close_approach": 2565327600000, "relative_velocity": {"kilometers_per_second": "12.640746738", "kilometers_per_hour": "45506.6882569498", "miles_per_hour": "28276.0863783253"}, "miss_distance": {"astronomical": "0.2946977277", "lunar": "114.6374206543", "kilometers": "44086152", "miles": "27393866"}, "orbiting_body": "Earth"}, {"close_approach_date": "2054-06-27", "epoch_date_close_approach": 2666156400000, "relative_velocity": {"kilometers_per_second": "22.8547446997", "kilometers_per_hour": "82277.0809189654", "miles_per_hour": "51123.7784187871"}, "miss_distance": {"astronomical": "0.2727479658", "lunar": "106.0989608765", "kilometers": "40802516", "miles": "25353508"}, "orbiting_body": "Earth"}, {"close_approach_date": "2061-12-14", "epoch_date_close_approach": 2901772800000, "relative_velocity": {"kilometers_per_second": "14.7916469853", "kilometers_per_hour": "53249.9291471268", "miles_per_hour": "33087.4351414467"}, "miss_distance": {"astronomical": "0.0040894981", "lunar": "1.5908147097", "kilometers": "611780.1875", "miles": "380142.59375"}, "orbiting_body": "Earth"}, {"close_approach_date": "2061-12-14", "epoch_date_close_approach": 2901772800000, "relative_velocity": {"kilometers_per_second": "15.2988890961", "kilometers_per_hour": "55076.0007459229", "miles_per_hour": "34222.0850190431"}, "miss_distance": {"astronomical": "0.0028114585", "lunar": "1.0936573744", "kilometers": "420588.1875", "miles": "261341.390625"}, "orbiting_body": "Moon"}, {"close_approach_date": "2062-01-17", "epoch_date_close_approach": 2904710400000, "relative_velocity": {"kilometers_per_second": "11.6694948245", "kilometers_per_hour": "42010.1813680772", "miles_per_hour": "26103.4929728478"}, "miss_distance": {"astronomical": "0.0133255167", "lunar": "5.1836261749", "kilometers": "1993469", "miles": "1238684.25"}, "orbiting_body": "Venus"}, {"close_approach_date": "2065-04-11", "epoch_date_close_approach": 3006658800000, "relative_velocity": {"kilometers_per_second": "13.0340550143", "kilometers_per_hour": "46922.5980513454", "miles_per_hour": "29155.877661404"}, "miss_distance": {"astronomical": "0.3006394715", "lunar": "116.9487609863", "kilometers": "44975028", "miles": "27946186"}, "orbiting_body": "Earth"}, {"close_approach_date": "2065-04-16", "epoch_date_close_approach": 3007090800000, "relative_velocity": {"kilometers_per_second": "18.6394862292", "kilometers_per_hour": "67102.1504251297", "miles_per_hour": "41694.6667461035"}, "miss_distance": {"astronomical": "0.1495120269", "lunar": "58.1601753235", "kilometers": "22366680", "miles": "13898011"}, "orbiting_body": "Venus"}, {"close_approach_date": "2068-07-01", "epoch_date_close_approach": 3108351600000, "relative_velocity": {"kilometers_per_second": "26.6203653823", "kilometers_per_hour": "95833.3153762339", "miles_per_hour": "59547.0953236382"}, "miss_distance": {"astronomical": "0.3996925698", "lunar": "155.4804077148", "kilometers": "59793156", "miles": "37153744"}, "orbiting_body": "Earth"}, {"close_approach_date": "2072-11-29", "epoch_date_close_approach": 3247632000000, "relative_velocity": {"kilometers_per_second": "23.6191881297", "kilometers_per_hour": "85029.0772668415", "miles_per_hour": "52833.7619272772"}, "miss_distance": {"astronomical": "0.2898893461", "lunar": "112.7669525146", "kilometers": "43366828", "miles": "26946898"}, "orbiting_body": "Earth"}, {"close_approach_date": "2076-03-02", "epoch_date_close_approach": 3350361600000, "relative_velocity": {"kilometers_per_second": "14.532313635", "kilometers_per_hour": "52316.3290858578", "miles_per_hour": "32507.3323700431"}, "miss_distance": {"astronomical": "0.3239179465", "lunar": "126.0040817261", "kilometers": "48457436", "miles": "30110056"}, "orbiting_body": "Earth"}, {"close_approach_date": "2079-04-01", "epoch_date_close_approach": 3447558000000, "relative_velocity": {"kilometers_per_second": "16.0972729238", "kilometers_per_hour": "57950.1825256368", "miles_per_hour": "36007.9898032214"}, "miss_distance": {"astronomical": "0.0986152738", "lunar": "38.3613433838", "kilometers": "14752635", "miles": "9166862"}, "orbiting_body": "Venus"}, {"close_approach_date": "2079-06-19", "epoch_date_close_approach": 3454383600000, "relative_velocity": {"kilometers_per_second": "18.4231473496", "kilometers_per_hour": "66323.3304584362", "miles_per_hour": "41210.7383062433"}, "miss_distance": {"astronomical": "0.1227982779", "lunar": "47.7685317993", "kilometers": "18370362", "miles": "11414813"}, "orbiting_body": "Earth"}, {"close_approach_date": "2082-07-02", "epoch_date_close_approach": 3550201200000, "relative_velocity": {"kilometers_per_second": "14.2247282731", "kilometers_per_hour": "51209.0217832511", "miles_per_hour": "31819.294674154"}, "miss_distance": {"astronomical": "0.0608874989", "lunar": "23.6852378845", "kilometers": "9108641", "miles": "5659847"}, "orbiting_body": "Venus"}, {"close_approach_date": "2087-01-18", "epoch_date_close_approach": 3693715200000, "relative_velocity": {"kilometers_per_second": "10.5444457354", "kilometers_per_hour": "37960.0046475124", "miles_per_hour": "23586.8706655612"}, "miss_distance": {"astronomical": "0.2364083626", "lunar": "91.962852478", "kilometers": "35366188", "miles": "21975530"}, "orbiting_body": "Earth"}, {"close_approach_date": "2090-06-02", "epoch_date_close_approach": 3800070000000, "relative_velocity": {"kilometers_per_second": "11.1760858816", "kilometers_per_hour": "40233.9091738594", "miles_per_hour": "24999.7865086128"}, "miss_distance": {"astronomical": "0.1271324755", "lunar": "49.4545326233", "kilometers": "19018748", "miles": "11817702"}, "orbiting_body": "Earth"}, {"close_approach_date": "2096-06-21", "epoch_date_close_approach": 3991100400000, "relative_velocity": {"kilometers_per_second": "17.0790961979", "kilometers_per_hour": "61484.746312341", "miles_per_hour": "38204.230285021"}, "miss_distance": {"astronomical": "0.1181784392", "lunar": "45.9714126587", "kilometers": "17679244", "miles": "10985373"}, "orbiting_body": "Venus"}, {"close_approach_date": "2097-12-14", "epoch_date_close_approach": 4037846400000, "relative_velocity": {"kilometers_per_second": "15.5944264114", "kilometers_per_hour": "56139.9350809122", "miles_per_hour": "34883.1724395812"}, "miss_distance": {"astronomical": "0.0025344526", "lunar": "0.985902071", "kilometers": "379148.71875", "miles": "235592.09375"}, "orbiting_body": "Moon"}, {"close_approach_date": "2097-12-14", "epoch_date_close_approach": 4037846400000, "relative_velocity": {"kilometers_per_second": "14.7459702856", "kilometers_per_hour": "53085.4930280668", "miles_per_hour": "32985.2609318007"}, "miss_distance": {"astronomical": "0.0047246336", "lunar": "1.8378823996", "kilometers": "706795.125", "miles": "439182.125"}, "orbiting_body": "Earth"}], "orbital_data": {"orbit_id": "45", "orbit_determination_date": "2017-09-26 06:50:32", "orbit_uncertainty": "0", "minimum_orbit_intersection": ".000295924", "jupiter_tisserand_invariant": "4.760", "epoch_osculation": "2458000.5", "eccentricity": ".5032387642124154", "semi_major_axis": "1.339650393116844", "inclination": "2.889424605952157", "ascending_node_longitude": "82.05131183663192", "orbital_period": "566.3509595612637", "perihelion_distance": ".6654863848080471", "perihelion_argument": "87.67598115537655", "aphelion_distance": "2.013814401425642", "perihelion_time": "2457791.976054154765", "mean_anomaly": "132.5478826105249", "mean_motion": ".6356482564784245", "equinox": "J2000"}}