{"links": {"self": "https://api.nasa.gov/neo/rest/v1/neo/3764797?api_key=stjNMXvPIBN6FqEBpH6hQbWAtFDv0RARRez0p7z1"}, "neo_reference_id": "3764797", "name": "(2016 WJ7)", "nasa_jpl_url": "http://ssd.jpl.nasa.gov/sbdb.cgi?sstr=3764797", "absolute_magnitude_h": 21.6, "estimated_diameter": {"kilometers": {"estimated_diameter_min": 0.1272198785, "estimated_diameter_max": 0.2844722965}, "meters": {"estimated_diameter_min": 127.2198785394, "estimated_diameter_max": 284.4722965033}, "miles": {"estimated_diameter_min": 0.0790507431, "estimated_diameter_max": 0.1767628354}, "feet": {"estimated_diameter_min": 417.3880663071, "estimated_diameter_max": 933.3080892598}}, "is_potentially_hazardous_asteroid": true, "close_approach_data": [{"close_approach_date": "1904-12-25", "epoch_date_close_approach": -2051798400000, "relative_velocity": {"kilometers_per_second": "18.2267324851", "kilometers_per_hour": "65616.2369464691", "miles_per_hour": "40771.377895988"}, "miss_distance": {"astronomical": "0.2426739519", "lunar": "94.4001693726", "kilometers": "36303508", "miles": "22557952"}, "orbiting_body": "Earth"}, {"close_approach_date": "1924-05-01", "epoch_date_close_approach": -1441209600000, "relative_velocity": {"kilometers_per_second": "17.1123237834", "kilometers_per_hour": "61604.3656203001", "miles_per_hour": "38278.5570711248"}, "miss_distance": {"astronomical": "0.2279711273", "lunar": "88.6807632446", "kilometers": "34103996", "miles": "21191240"}, "orbiting_body": "Earth"}, {"close_approach_date": "1935-02-21", "epoch_date_close_approach": -1100102400000, "relative_velocity": {"kilometers_per_second": "9.4017138227", "kilometers_per_hour": "33846.1697618515", "miles_per_hour": "21030.6936500793"}, "miss_distance": {"astronomical": "0.1030537761", "lunar": "40.0879211426", "kilometers": "15416626", "miles": "9579447"}, "orbiting_body": "Earth"}, {"close_approach_date": "1945-12-30", "epoch_date_close_approach": -757526400000, "relative_velocity": {"kilometers_per_second": "16.1063865342", "kilometers_per_hour": "57982.9915231488", "miles_per_hour": "36028.3760383699"}, "miss_distance": {"astronomical": "0.1714867113", "lunar": "66.7083282471", "kilometers": "25654046", "miles": "15940685"}, "orbiting_body": "Earth"}, {"close_approach_date": "1960-01-14", "epoch_date_close_approach": -314467200000, "relative_velocity": {"kilometers_per_second": "16.3476254258", "kilometers_per_hour": "58851.4515327043", "miles_per_hour": "36568.0033148629"}, "miss_distance": {"astronomical": "0.0815368842", "lunar": "31.7178478241", "kilometers": "12197744", "miles": "7579326.5"}, "orbiting_body": "Mars"}, {"close_approach_date": "1965-05-03", "epoch_date_close_approach": -147200400000, "relative_velocity": {"kilometers_per_second": "18.1165559123", "kilometers_per_hour": "65219.6012841367", "miles_per_hour": "40524.9239201348"}, "miss_distance": {"astronomical": "0.2592823324", "lunar": "100.860824585", "kilometers": "38788084", "miles": "24101798"}, "orbiting_body": "Earth"}, {"close_approach_date": "1976-03-14", "epoch_date_close_approach": 195638400000, "relative_velocity": {"kilometers_per_second": "9.2711959391", "kilometers_per_hour": "33376.3053806265", "miles_per_hour": "20738.7381960899"}, "miss_distance": {"astronomical": "0.1045781246", "lunar": "40.6808891296", "kilometers": "15644665", "miles": "9721144"}, "orbiting_body": "Earth"}, {"close_approach_date": "1987-01-04", "epoch_date_close_approach": 536745600000, "relative_velocity": {"kilometers_per_second": "14.2995018706", "kilometers_per_hour": "51478.2067341672", "miles_per_hour": "31986.5557343496"}, "miss_distance": {"astronomical": "0.1090461874", "lunar": "42.4189682007", "kilometers": "16313078", "miles": "10136477"}, "orbiting_body": "Earth"}, {"close_approach_date": "2006-05-01", "epoch_date_close_approach": 1146466800000, "relative_velocity": {"kilometers_per_second": "16.7663803665", "kilometers_per_hour": "60358.9693192978", "miles_per_hour": "37504.7162417603"}, "miss_distance": {"astronomical": "0.2170784148", "lunar": "84.4435043335", "kilometers": "32474470", "miles": "20178700"}, "orbiting_body": "Earth"}, {"close_approach_date": "2017-02-26", "epoch_date_close_approach": 1488096000000, "relative_velocity": {"kilometers_per_second": "9.2940274089", "kilometers_per_hour": "33458.4986721873", "miles_per_hour": "20789.8099110599"}, "miss_distance": {"astronomical": "0.1051203278", "lunar": "40.8918075562", "kilometers": "15725778", "miles": "9771545"}, "orbiting_body": "Earth"}, {"close_approach_date": "2027-12-26", "epoch_date_close_approach": 1829808000000, "relative_velocity": {"kilometers_per_second": "18.4623755417", "kilometers_per_hour": "66464.5519502719", "miles_per_hour": "41298.4878493231"}, "miss_distance": {"astronomical": "0.2452176803", "lunar": "95.3896789551", "kilometers": "36684044", "miles": "22794408"}, "orbiting_body": "Earth"}, {"close_approach_date": "2047-04-28", "epoch_date_close_approach": 2440047600000, "relative_velocity": {"kilometers_per_second": "15.0316716244", "kilometers_per_hour": "54114.0178478778", "miles_per_hour": "33624.3462566438"}, "miss_distance": {"astronomical": "0.1676659266", "lunar": "65.2220458984", "kilometers": "25082466", "miles": "15585522"}, "orbiting_body": "Earth"}, {"close_approach_date": "2058-02-12", "epoch_date_close_approach": 2780726400000, "relative_velocity": {"kilometers_per_second": "9.3725726478", "kilometers_per_hour": "33741.2615319853", "miles_per_hour": "20965.507755805"}, "miss_distance": {"astronomical": "0.0931204602", "lunar": "36.2238616943", "kilometers": "13930623", "miles": "8656088"}, "orbiting_body": "Earth"}, {"close_approach_date": "2068-12-23", "epoch_date_close_approach": 3123475200000, "relative_velocity": {"kilometers_per_second": "19.9303305426", "kilometers_per_hour": "71749.1899532063", "miles_per_hour": "44582.1563906464"}, "miss_distance": {"astronomical": "0.292999861", "lunar": "113.9769439697", "kilometers": "43832156", "miles": "27236040"}, "orbiting_body": "Earth"}, {"close_approach_date": "2088-05-03", "epoch_date_close_approach": 3734406000000, "relative_velocity": {"kilometers_per_second": "17.3370786183", "kilometers_per_hour": "62413.4830260377", "miles_per_hour": "38781.3111613732"}, "miss_distance": {"astronomical": "0.2346969828", "lunar": "91.29712677", "kilometers": "35110168", "miles": "21816448"}, "orbiting_body": "Earth"}, {"close_approach_date": "2099-03-08", "epoch_date_close_approach": 4076640000000, "relative_velocity": {"kilometers_per_second": "9.3701067713", "kilometers_per_hour": "33732.3843767331", "miles_per_hour": "20959.9918367539"}, "miss_distance": {"astronomical": "0.1107743864", "lunar": "43.0912361145", "kilometers": "16571612", "miles": "10297122"}, "orbiting_body": "Earth"}, {"close_approach_date": "2110-01-02", "epoch_date_close_approach": 4418092800000, "relative_velocity": {"kilometers_per_second": "16.0486148733", "kilometers_per_hour": "57775.0135440578", "miles_per_hour": "35899.1466101953"}, "miss_distance": {"astronomical": "0.1673134761", "lunar": "65.0849380493", "kilometers": "25029740", "miles": "15552759"}, "orbiting_body": "Earth"}, {"close_approach_date": "2129-05-13", "epoch_date_close_approach": 5029023600000, "relative_velocity": {"kilometers_per_second": "21.178148851", "kilometers_per_hour": "76241.335863569", "miles_per_hour": "47373.4011647827"}, "miss_distance": {"astronomical": "0.3548786714", "lunar": "138.0478057861", "kilometers": "53089092", "miles": "32988032"}, "orbiting_body": "Earth"}, {"close_approach_date": "2140-03-30", "epoch_date_close_approach": 5372377200000, "relative_velocity": {"kilometers_per_second": "9.4746279351", "kilometers_per_hour": "34108.6605664316", "miles_per_hour": "21193.7952280697"}, "miss_distance": {"astronomical": "0.0980945601", "lunar": "38.158782959", "kilometers": "14674737", "miles": "9118459"}, "orbiting_body": "Earth"}, {"close_approach_date": "2151-01-10", "epoch_date_close_approach": 5712624000000, "relative_velocity": {"kilometers_per_second": "13.1763399911", "kilometers_per_hour": "47434.8239678358", "miles_per_hour": "29474.1549260144"}, "miss_distance": {"astronomical": "0.0734379819", "lunar": "28.5673751831", "kilometers": "10986166", "miles": "6826487"}, "orbiting_body": "Earth"}, {"close_approach_date": "2165-01-21", "epoch_date_close_approach": 6155424000000, "relative_velocity": {"kilometers_per_second": "16.1833304204", "kilometers_per_hour": "58259.9895135581", "miles_per_hour": "36200.4918174661"}, "miss_distance": {"astronomical": "0.0646311654", "lunar": "25.1415233612", "kilometers": "9668685", "miles": "6007842"}, "orbiting_body": "Mars"}, {"close_approach_date": "2170-05-10", "epoch_date_close_approach": 6322604400000, "relative_velocity": {"kilometers_per_second": "19.0670133414", "kilometers_per_hour": "68641.2480290126", "miles_per_hour": "42651.0021433607"}, "miss_distance": {"astronomical": "0.2858860961", "lunar": "111.2096939087", "kilometers": "42767952", "miles": "26574774"}, "orbiting_body": "Earth"}, {"close_approach_date": "2191-12-31", "epoch_date_close_approach": 7005600000000, "relative_velocity": {"kilometers_per_second": "17.6885134859", "kilometers_per_hour": "63678.6485492242", "miles_per_hour": "39567.4358165999"}, "miss_distance": {"astronomical": "0.2207711521", "lunar": "85.8799743652", "kilometers": "33026894", "miles": "20521960"}, "orbiting_body": "Earth"}], "orbital_data": {"orbit_id": "11", "orbit_determination_date": "2017-04-22 06:17:04", "orbit_uncertainty": "5", "minimum_orbit_intersection": ".00993653", "jupiter_tisserand_invariant": "3.689", "epoch_osculation": "2458000.5", "eccentricity": ".5412655437871112", "semi_major_axis": "1.954804820840939", "inclination": "4.975478626868049", "ascending_node_longitude": "303.1496898912706", "orbital_period": "998.2826632213669", "perihelion_distance": ".8967363264908017", "perihelion_argument": "214.1656852409192", "aphelion_distance": "3.012873315191077", "perihelion_time": "2457811.231494873394", "mean_anomaly": "68.25387673838529", "mean_motion": ".3606193047952099", "equinox": "J2000"}}