{"links": {"self": "https://api.nasa.gov/neo/rest/v1/neo/3766294?api_key=stjNMXvPIBN6FqEBpH6hQbWAtFDv0RARRez0p7z1"}, "neo_reference_id": "3766294", "name": "(2017 AE3)", "nasa_jpl_url": "http://ssd.jpl.nasa.gov/sbdb.cgi?sstr=3766294", "absolute_magnitude_h": 21.8, "estimated_diameter": {"kilometers": {"estimated_diameter_min": 0.1160259082, "estimated_diameter_max": 0.2594418179}, "meters": {"estimated_diameter_min": 116.0259082094, "estimated_diameter_max": 259.4418179074}, "miles": {"estimated_diameter_min": 0.0720951346, "estimated_diameter_max": 0.1612096218}, "feet": {"estimated_diameter_min": 380.6624406898, "estimated_diameter_max": 851.1870938635}}, "is_potentially_hazardous_asteroid": true, "close_approach_data": [{"close_approach_date": "1909-07-10", "epoch_date_close_approach": -1908547200000, "relative_velocity": {"kilometers_per_second": "19.8640857007", "kilometers_per_hour": "71510.708522489", "miles_per_hour": "44433.9733038766"}, "miss_distance": {"astronomical": "0.0667335764", "lunar": "25.95936203", "kilometers": "9983201", "miles": "6203273.5"}, "orbiting_body": "Earth"}, {"close_approach_date": "1914-07-08", "epoch_date_close_approach": -1750953600000, "relative_velocity": {"kilometers_per_second": "21.3370407692", "kilometers_per_hour": "76813.3467689886", "miles_per_hour": "47728.8264965418"}, "miss_distance": {"astronomical": "0.1070548642", "lunar": "41.6443443298", "kilometers": "16015180", "miles": "9951372"}, "orbiting_body": "Earth"}, {"close_approach_date": "2016-12-28", "epoch_date_close_approach": 1482912000000, "relative_velocity": {"kilometers_per_second": "18.9470429429", "kilometers_per_hour": "68209.354594616", "miles_per_hour": "42382.6403590824"}, "miss_distance": {"astronomical": "0.0218098629", "lunar": "8.4840364456", "kilometers": "3262709", "miles": "2027353.375"}, "orbiting_body": "Earth"}, {"close_approach_date": "2099-06-27", "epoch_date_close_approach": 4086226800000, "relative_velocity": {"kilometers_per_second": "28.3964104574", "kilometers_per_hour": "102227.0776466846", "miles_per_hour": "63519.9305521858"}, "miss_distance": {"astronomical": "0.3433615105", "lunar": "133.5676269531", "kilometers": "51366148", "miles": "31917446"}, "orbiting_body": "Earth"}, {"close_approach_date": "2104-07-03", "epoch_date_close_approach": 4244511600000, "relative_velocity": {"kilometers_per_second": "25.3238576392", "kilometers_per_hour": "91165.8875011639", "miles_per_hour": "56646.9371531538"}, "miss_distance": {"astronomical": "0.2429676626", "lunar": "94.5144195557", "kilometers": "36347444", "miles": "22585256"}, "orbiting_body": "Earth"}, {"close_approach_date": "2109-07-08", "epoch_date_close_approach": 4402710000000, "relative_velocity": {"kilometers_per_second": "22.4453119505", "kilometers_per_hour": "80803.1230217881", "miles_per_hour": "50207.9183020661"}, "miss_distance": {"astronomical": "0.1516910826", "lunar": "59.0078315735", "kilometers": "22692662", "miles": "14100567"}, "orbiting_body": "Earth"}, {"close_approach_date": "2195-01-14", "epoch_date_close_approach": 7101504000000, "relative_velocity": {"kilometers_per_second": "26.4174117021", "kilometers_per_hour": "95102.68212765", "miles_per_hour": "59093.1082364834"}, "miss_distance": {"astronomical": "0.2609108657", "lunar": "101.4943313599", "kilometers": "39031712", "miles": "24253180"}, "orbiting_body": "Earth"}, {"close_approach_date": "2200-01-20", "epoch_date_close_approach": 7259788800000, "relative_velocity": {"kilometers_per_second": "30.2685683647", "kilometers_per_hour": "108966.8461129294", "miles_per_hour": "67707.7605750033"}, "miss_distance": {"astronomical": "0.3896697215", "lunar": "151.5815124512", "kilometers": "58293760", "miles": "36222064"}, "orbiting_body": "Earth"}], "orbital_data": {"orbit_id": "9", "orbit_determination_date": "2017-04-06 08:21:13", "orbit_uncertainty": "7", "minimum_orbit_intersection": ".0211586", "jupiter_tisserand_invariant": "3.726", "epoch_osculation": "2458000.5", "eccentricity": ".640384446198384", "semi_major_axis": "1.842075183006811", "inclination": "9.484965402428088", "ascending_node_longitude": "269.5315500182719", "orbital_period": "913.1864407537846", "perihelion_distance": ".6624388870812074", "perihelion_argument": "107.4064383687477", "aphelion_distance": "3.021711478932414", "perihelion_time": "2457705.628920948849", "mean_anomaly": "116.2452525803937", "mean_motion": ".3942239874946457", "equinox": "J2000"}}