{"links": {"self": "https://api.nasa.gov/neo/rest/v1/neo/3768019?api_key=stjNMXvPIBN6FqEBpH6hQbWAtFDv0RARRez0p7z1"}, "neo_reference_id": "3768019", "name": "(2017 CS)", "nasa_jpl_url": "http://ssd.jpl.nasa.gov/sbdb.cgi?sstr=3768019", "absolute_magnitude_h": 19.4, "estimated_diameter": {"kilometers": {"estimated_diameter_min": 0.3503926411, "estimated_diameter_max": 0.7835017643}, "meters": {"estimated_diameter_min": 350.3926411083, "estimated_diameter_max": 783.5017643338}, "miles": {"estimated_diameter_min": 0.2177238258, "estimated_diameter_max": 0.4868452748}, "feet": {"estimated_diameter_min": 1149.5821926537, "estimated_diameter_max": 2570.543928497}}, "is_potentially_hazardous_asteroid": true, "close_approach_data": [{"close_approach_date": "1900-07-02", "epoch_date_close_approach": -2193235200000, "relative_velocity": {"kilometers_per_second": "14.7537099571", "kilometers_per_hour": "53113.355845403", "miles_per_hour": "33002.5738029395"}, "miss_distance": {"astronomical": "0.1922664732", "lunar": "74.7916641235", "kilometers": "28762656", "miles": "17872286"}, "orbiting_body": "Earth"}, {"close_approach_date": "1921-03-27", "epoch_date_close_approach": -1538928000000, "relative_velocity": {"kilometers_per_second": "20.0499191663", "kilometers_per_hour": "72179.7089985234", "miles_per_hour": "44849.6641829992"}, "miss_distance": {"astronomical": "0.4006973179", "lunar": "155.8712615967", "kilometers": "59943468", "miles": "37247144"}, "orbiting_body": "Earth"}, {"close_approach_date": "1946-06-11", "epoch_date_close_approach": -743443200000, "relative_velocity": {"kilometers_per_second": "10.196736379", "kilometers_per_hour": "36708.2509645274", "miles_per_hour": "22809.0796062643"}, "miss_distance": {"astronomical": "0.0565542407", "lunar": "21.9995994568", "kilometers": "8460394", "miles": "5257045"}, "orbiting_body": "Earth"}, {"close_approach_date": "1953-01-20", "epoch_date_close_approach": -534787200000, "relative_velocity": {"kilometers_per_second": "7.5609310399", "kilometers_per_hour": "27219.351743765", "miles_per_hour": "16913.04664323"}, "miss_distance": {"astronomical": "1.4701646275", "lunar": "571.8940429688", "kilometers": "219933504", "miles": "136660336"}, "orbiting_body": "Juptr"}, {"close_approach_date": "1965-01-18", "epoch_date_close_approach": -156268800000, "relative_velocity": {"kilometers_per_second": "4.8304959263", "kilometers_per_hour": "17389.7853347241", "miles_per_hour": "10805.3363375679"}, "miss_distance": {"astronomical": "0.8360159063", "lunar": "325.2101745605", "kilometers": "125066200", "miles": "77712528"}, "orbiting_body": "Juptr"}, {"close_approach_date": "1971-04-12", "epoch_date_close_approach": 40291200000, "relative_velocity": {"kilometers_per_second": "13.3483374663", "kilometers_per_hour": "48054.0148787725", "miles_per_hour": "29858.896078424"}, "miss_distance": {"astronomical": "0.1346115046", "lunar": "52.3638725281", "kilometers": "20137594", "miles": "12512921"}, "orbiting_body": "Earth"}, {"close_approach_date": "1977-02-07", "epoch_date_close_approach": 224150400000, "relative_velocity": {"kilometers_per_second": "7.6218460446", "kilometers_per_hour": "27438.6457604022", "miles_per_hour": "17049.3074170677"}, "miss_distance": {"astronomical": "1.6538309488", "lunar": "643.3402709961", "kilometers": "247409600", "miles": "153733200"}, "orbiting_body": "Juptr"}, {"close_approach_date": "1996-06-10", "epoch_date_close_approach": 834390000000, "relative_velocity": {"kilometers_per_second": "9.8725414583", "kilometers_per_hour": "35541.1492498841", "miles_per_hour": "22083.8879880738"}, "miss_distance": {"astronomical": "0.0619907036", "lunar": "24.1143836975", "kilometers": "9273677", "miles": "5762396"}, "orbiting_body": "Earth"}, {"close_approach_date": "2017-05-29", "epoch_date_close_approach": 1496041200000, "relative_velocity": {"kilometers_per_second": "9.1331420501", "kilometers_per_hour": "32879.3113802767", "miles_per_hour": "20429.9254518169"}, "miss_distance": {"astronomical": "0.0203643451", "lunar": "7.9217305183", "kilometers": "3046462.75", "miles": "1892984.25"}, "orbiting_body": "Earth"}, {"close_approach_date": "2024-03-15", "epoch_date_close_approach": 1710486000000, "relative_velocity": {"kilometers_per_second": "9.032889063", "kilometers_per_hour": "32518.4006269357", "miles_per_hour": "20205.669545109"}, "miss_distance": {"astronomical": "1.8361645329", "lunar": "714.2680053711", "kilometers": "274686304", "miles": "170682160"}, "orbiting_body": "Juptr"}, {"close_approach_date": "2036-04-07", "epoch_date_close_approach": 2091164400000, "relative_velocity": {"kilometers_per_second": "4.8943604167", "kilometers_per_hour": "17619.697500187", "miles_per_hour": "10948.1948161578"}, "miss_distance": {"astronomical": "0.8141156672", "lunar": "316.6909790039", "kilometers": "121789968", "miles": "75676776"}, "orbiting_body": "Juptr"}, {"close_approach_date": "2038-05-17", "epoch_date_close_approach": 2157692400000, "relative_velocity": {"kilometers_per_second": "9.7596370742", "kilometers_per_hour": "35134.6934669607", "miles_per_hour": "21831.332171179"}, "miss_distance": {"astronomical": "0.0249035429", "lunar": "9.6874780655", "kilometers": "3725517", "miles": "2314929"}, "orbiting_body": "Earth"}, {"close_approach_date": "2048-04-26", "epoch_date_close_approach": 2471497200000, "relative_velocity": {"kilometers_per_second": "7.8227061321", "kilometers_per_hour": "28161.7420754793", "miles_per_hour": "17498.6113468444"}, "miss_distance": {"astronomical": "1.6641659978", "lunar": "647.360534668", "kilometers": "248955696", "miles": "154693888"}, "orbiting_body": "Juptr"}, {"close_approach_date": "2059-04-02", "epoch_date_close_approach": 2816492400000, "relative_velocity": {"kilometers_per_second": "18.6864516814", "kilometers_per_hour": "67271.2260530886", "miles_per_hour": "41799.7237661539"}, "miss_distance": {"astronomical": "0.3364598635", "lunar": "130.8828887939", "kilometers": "50333680", "miles": "31275900"}, "orbiting_body": "Earth"}, {"close_approach_date": "2080-05-31", "epoch_date_close_approach": 3484364400000, "relative_velocity": {"kilometers_per_second": "9.1556415402", "kilometers_per_hour": "32960.3095445635", "miles_per_hour": "20480.2545611761"}, "miss_distance": {"astronomical": "0.0293174698", "lunar": "11.4044961929", "kilometers": "4385831", "miles": "2725229.25"}, "orbiting_body": "Earth"}, {"close_approach_date": "2095-07-10", "epoch_date_close_approach": 3961119600000, "relative_velocity": {"kilometers_per_second": "7.2729693226", "kilometers_per_hour": "26182.6895613184", "miles_per_hour": "16268.9050776981"}, "miss_distance": {"astronomical": "1.3721578046", "lunar": "533.7694091797", "kilometers": "205271888", "miles": "127550040"}, "orbiting_body": "Juptr"}, {"close_approach_date": "2101-06-24", "epoch_date_close_approach": 4149039600000, "relative_velocity": {"kilometers_per_second": "11.4926049727", "kilometers_per_hour": "41373.3779016998", "miles_per_hour": "25707.8080634201"}, "miss_distance": {"astronomical": "0.0785293883", "lunar": "30.5479316711", "kilometers": "11747829", "miles": "7299762.5"}, "orbiting_body": "Earth"}, {"close_approach_date": "2107-07-02", "epoch_date_close_approach": 4339033200000, "relative_velocity": {"kilometers_per_second": "5.1410803998", "kilometers_per_hour": "18507.8894392129", "miles_per_hour": "11500.0827462709"}, "miss_distance": {"astronomical": "0.881760564", "lunar": "343.0048522949", "kilometers": "131909504", "miles": "81964760"}, "orbiting_body": "Juptr"}, {"close_approach_date": "2154-10-20", "epoch_date_close_approach": 5831766000000, "relative_velocity": {"kilometers_per_second": "8.6415686336", "kilometers_per_hour": "31109.6470810863", "miles_per_hour": "19330.3248765783"}, "miss_distance": {"astronomical": "1.7311054284", "lunar": "673.4000244141", "kilometers": "258969696", "miles": "160916304"}, "orbiting_body": "Juptr"}, {"close_approach_date": "2156-07-07", "epoch_date_close_approach": 5885852400000, "relative_velocity": {"kilometers_per_second": "14.4581756597", "kilometers_per_hour": "52049.4323750078", "miles_per_hour": "32341.4931332375"}, "miss_distance": {"astronomical": "0.189154207", "lunar": "73.5809860229", "kilometers": "28297066", "miles": "17582982"}, "orbiting_body": "Earth"}, {"close_approach_date": "2166-11-02", "epoch_date_close_approach": 6211580400000, "relative_velocity": {"kilometers_per_second": "4.9222812081", "kilometers_per_hour": "17720.2123491883", "miles_per_hour": "11010.6508344165"}, "miss_distance": {"astronomical": "0.8173674383", "lunar": "317.9559326172", "kilometers": "122276432", "miles": "75979048"}, "orbiting_body": "Juptr"}, {"close_approach_date": "2173-04-19", "epoch_date_close_approach": 6415484400000, "relative_velocity": {"kilometers_per_second": "13.7509265057", "kilometers_per_hour": "49503.3354203591", "miles_per_hour": "30759.4475005003"}, "miss_distance": {"astronomical": "0.1703298295", "lunar": "66.2583007812", "kilometers": "25480980", "miles": "15833146"}, "orbiting_body": "Earth"}, {"close_approach_date": "2190-04-22", "epoch_date_close_approach": 6952201200000, "relative_velocity": {"kilometers_per_second": "13.2284546399", "kilometers_per_hour": "47622.4367034604", "miles_per_hour": "29590.7301838807"}, "miss_distance": {"astronomical": "0.1752915465", "lunar": "68.1884155273", "kilometers": "26223244", "miles": "16294368"}, "orbiting_body": "Earth"}], "orbital_data": {"orbit_id": "134", "orbit_determination_date": "2017-09-26 06:50:32", "orbit_uncertainty": "1", "minimum_orbit_intersection": ".00542261", "jupiter_tisserand_invariant": "3.109", "epoch_osculation": "2458000.5", "eccentricity": ".6101085212061662", "semi_major_axis": "2.60766352253771", "inclination": "6.886818938269196", "ascending_node_longitude": "240.314833478594", "orbital_period": "1538.068772344207", "perihelion_distance": "1.016705786998966", "perihelion_argument": "358.8423424918734", "aphelion_distance": "4.198621258076455", "perihelion_time": "2457896.170855552881", "mean_anomaly": "24.41925398675063", "mean_motion": ".234059754981772", "equinox": "J2000"}}