{"links": {"self": "https://api.nasa.gov/neo/rest/v1/neo/3771452?api_key=stjNMXvPIBN6FqEBpH6hQbWAtFDv0RARRez0p7z1"}, "neo_reference_id": "3771452", "name": "(2017 ER13)", "nasa_jpl_url": "http://ssd.jpl.nasa.gov/sbdb.cgi?sstr=3771452", "absolute_magnitude_h": 21.5, "estimated_diameter": {"kilometers": {"estimated_diameter_min": 0.1332155667, "estimated_diameter_max": 0.2978790628}, "meters": {"estimated_diameter_min": 133.2155666981, "estimated_diameter_max": 297.8790627982}, "miles": {"estimated_diameter_min": 0.0827762899, "estimated_diameter_max": 0.1850934111}, "feet": {"estimated_diameter_min": 437.0589598459, "estimated_diameter_max": 977.2935443908}}, "is_potentially_hazardous_asteroid": true, "close_approach_data": [{"close_approach_date": "1914-12-04", "epoch_date_close_approach": -1738080000000, "relative_velocity": {"kilometers_per_second": "11.6500618166", "kilometers_per_hour": "41940.2225397506", "miles_per_hour": "26060.0232775467"}, "miss_distance": {"astronomical": "0.2299631473", "lunar": "89.4556655884", "kilometers": "34402000", "miles": "21376410"}, "orbiting_body": "Earth"}, {"close_approach_date": "1928-02-17", "epoch_date_close_approach": -1321372800000, "relative_velocity": {"kilometers_per_second": "12.1799549999", "kilometers_per_hour": "43847.8379995151", "miles_per_hour": "27245.3413391987"}, "miss_distance": {"astronomical": "0.0670255476", "lunar": "26.0729389191", "kilometers": "10026880", "miles": "6230414"}, "orbiting_body": "Earth"}, {"close_approach_date": "1948-12-01", "epoch_date_close_approach": -665341200000, "relative_velocity": {"kilometers_per_second": "12.3172842398", "kilometers_per_hour": "44342.2232631396", "miles_per_hour": "27552.5331159214"}, "miss_distance": {"astronomical": "0.2437155284", "lunar": "94.8053359985", "kilometers": "36459324", "miles": "22654774"}, "orbiting_body": "Earth"}, {"close_approach_date": "1962-02-26", "epoch_date_close_approach": -247593600000, "relative_velocity": {"kilometers_per_second": "15.0270756407", "kilometers_per_hour": "54097.4723063756", "miles_per_hour": "33614.0655005921"}, "miss_distance": {"astronomical": "0.1747184937", "lunar": "67.9654998779", "kilometers": "26137516", "miles": "16241099"}, "orbiting_body": "Earth"}, {"close_approach_date": "1996-03-06", "epoch_date_close_approach": 826099200000, "relative_velocity": {"kilometers_per_second": "18.6186466077", "kilometers_per_hour": "67027.1277876653", "miles_per_hour": "41648.0505967301"}, "miss_distance": {"astronomical": "0.3062243822", "lunar": "119.1212844849", "kilometers": "45810516", "miles": "28465334"}, "orbiting_body": "Earth"}, {"close_approach_date": "2003-11-10", "epoch_date_close_approach": 1068451200000, "relative_velocity": {"kilometers_per_second": "20.1278613599", "kilometers_per_hour": "72460.3008956886", "miles_per_hour": "45024.0130759905"}, "miss_distance": {"astronomical": "0.448445783", "lunar": "174.4454193115", "kilometers": "67086536", "miles": "41685640"}, "orbiting_body": "Earth"}, {"close_approach_date": "2017-01-30", "epoch_date_close_approach": 1485763200000, "relative_velocity": {"kilometers_per_second": "9.6974538288", "kilometers_per_hour": "34910.8337835399", "miles_per_hour": "21692.2344695557"}, "miss_distance": {"astronomical": "0.0688962206", "lunar": "26.8006286621", "kilometers": "10306728", "miles": "6404303.5"}, "orbiting_body": "Earth"}, {"close_approach_date": "2030-03-11", "epoch_date_close_approach": 1899442800000, "relative_velocity": {"kilometers_per_second": "20.8470724852", "kilometers_per_hour": "75049.4609468683", "miles_per_hour": "46632.816442236"}, "miss_distance": {"astronomical": "0.389787589", "lunar": "151.6273651123", "kilometers": "58311392", "miles": "36233020"}, "orbiting_body": "Earth"}, {"close_approach_date": "2037-11-11", "epoch_date_close_approach": 2141539200000, "relative_velocity": {"kilometers_per_second": "19.6576721991", "kilometers_per_hour": "70767.6199169216", "miles_per_hour": "43972.2469422672"}, "miss_distance": {"astronomical": "0.4349727428", "lunar": "169.2043914795", "kilometers": "65070996", "miles": "40433240"}, "orbiting_body": "Earth"}, {"close_approach_date": "2064-03-04", "epoch_date_close_approach": 2971843200000, "relative_velocity": {"kilometers_per_second": "17.5920379876", "kilometers_per_hour": "63331.3367553636", "miles_per_hour": "39351.6297744647"}, "miss_distance": {"astronomical": "0.2734652848", "lunar": "106.3779907227", "kilometers": "40909824", "miles": "25420186"}, "orbiting_body": "Earth"}, {"close_approach_date": "2084-12-10", "epoch_date_close_approach": 3627273600000, "relative_velocity": {"kilometers_per_second": "11.3124487022", "kilometers_per_hour": "40724.8153278253", "miles_per_hour": "25304.8165018924"}, "miss_distance": {"astronomical": "0.2208368754", "lunar": "85.9055480957", "kilometers": "33036726", "miles": "20528070"}, "orbiting_body": "Earth"}, {"close_approach_date": "2098-02-20", "epoch_date_close_approach": 4043721600000, "relative_velocity": {"kilometers_per_second": "12.7737203727", "kilometers_per_hour": "45985.3933417135", "miles_per_hour": "28573.5351016886"}, "miss_distance": {"astronomical": "0.0919573519", "lunar": "35.7714118958", "kilometers": "13756624", "miles": "8547970"}, "orbiting_body": "Earth"}, {"close_approach_date": "2118-11-29", "epoch_date_close_approach": 4699152000000, "relative_velocity": {"kilometers_per_second": "13.8981966219", "kilometers_per_hour": "50033.507838944", "miles_per_hour": "31088.8760235928"}, "miss_distance": {"astronomical": "0.2824024854", "lunar": "109.8545684814", "kilometers": "42246812", "miles": "26250952"}, "orbiting_body": "Earth"}, {"close_approach_date": "2132-02-18", "epoch_date_close_approach": 5116377600000, "relative_velocity": {"kilometers_per_second": "11.957126838", "kilometers_per_hour": "43045.6566167849", "miles_per_hour": "26746.8970239128"}, "miss_distance": {"astronomical": "0.060507123", "lunar": "23.5372714996", "kilometers": "9051737", "miles": "5624488.5"}, "orbiting_body": "Earth"}], "orbital_data": {"orbit_id": "7", "orbit_determination_date": "2017-04-20 12:26:44", "orbit_uncertainty": "5", "minimum_orbit_intersection": ".0177721", "jupiter_tisserand_invariant": "3.765", "epoch_osculation": "2458000.5", "eccentricity": ".4990893872172001", "semi_major_axis": "1.897569262111061", "inclination": "12.18833148141818", "ascending_node_longitude": "324.030780002358", "orbital_period": "954.7614647299187", "perihelion_distance": ".9505125818818572", "perihelion_argument": "145.6023939865161", "aphelion_distance": "2.844625942340266", "perihelion_time": "2457765.165421273156", "mean_anomaly": "88.7346750694733", "mean_motion": ".3770575303872745", "equinox": "J2000"}}