{"links": {"self": "https://api.nasa.gov/neo/rest/v1/neo/3782067?api_key=stjNMXvPIBN6FqEBpH6hQbWAtFDv0RARRez0p7z1"}, "neo_reference_id": "3782067", "name": "(2017 TK1)", "nasa_jpl_url": "http://ssd.jpl.nasa.gov/sbdb.cgi?sstr=3782067", "absolute_magnitude_h": 21.182, "estimated_diameter": {"kilometers": {"estimated_diameter_min": 0.1542250702, "estimated_diameter_max": 0.3448577408}, "meters": {"estimated_diameter_min": 154.2250702032, "estimated_diameter_max": 344.857740809}, "miles": {"estimated_diameter_min": 0.0958309861, "estimated_diameter_max": 0.2142845993}, "feet": {"estimated_diameter_min": 505.9877793254, "estimated_diameter_max": 1131.4230703558}}, "is_potentially_hazardous_asteroid": true, "close_approach_data": [{"close_approach_date": "1923-08-10", "epoch_date_close_approach": -1464105600000, "relative_velocity": {"kilometers_per_second": "11.7305622411", "kilometers_per_hour": "42230.0240680313", "miles_per_hour": "26240.0946771609"}, "miss_distance": {"astronomical": "0.1244918821", "lunar": "48.4273452759", "kilometers": "18623722", "miles": "11572244"}, "orbiting_body": "Earth"}, {"close_approach_date": "1933-10-21", "epoch_date_close_approach": -1142265600000, "relative_velocity": {"kilometers_per_second": "14.488880975", "kilometers_per_hour": "52159.9715098621", "miles_per_hour": "32410.1778528918"}, "miss_distance": {"astronomical": "0.1679200481", "lunar": "65.3208999634", "kilometers": "25120482", "miles": "15609144"}, "orbiting_body": "Earth"}, {"close_approach_date": "1960-07-06", "epoch_date_close_approach": -299437200000, "relative_velocity": {"kilometers_per_second": "22.2142582349", "kilometers_per_hour": "79971.3296457444", "miles_per_hour": "49691.0742457127"}, "miss_distance": {"astronomical": "0.4519350686", "lunar": "175.8027496338", "kilometers": "67608528", "miles": "42009992"}, "orbiting_body": "Earth"}, {"close_approach_date": "1980-11-01", "epoch_date_close_approach": 341913600000, "relative_velocity": {"kilometers_per_second": "18.2949577208", "kilometers_per_hour": "65861.8477948476", "miles_per_hour": "40923.9909256374"}, "miss_distance": {"astronomical": "0.299900429", "lunar": "116.6612701416", "kilometers": "44864468", "miles": "27877488"}, "orbiting_body": "Earth"}, {"close_approach_date": "2007-07-18", "epoch_date_close_approach": 1184742000000, "relative_velocity": {"kilometers_per_second": "17.9447116469", "kilometers_per_hour": "64600.9619289106", "miles_per_hour": "40140.5254829945"}, "miss_distance": {"astronomical": "0.3153393453", "lunar": "122.6670074463", "kilometers": "47174096", "miles": "29312624"}, "orbiting_body": "Earth"}, {"close_approach_date": "2015-12-04", "epoch_date_close_approach": 1449216000000, "relative_velocity": {"kilometers_per_second": "2.9169962893", "kilometers_per_hour": "10501.1866415325", "miles_per_hour": "6525.0289995678"}, "miss_distance": {"astronomical": "1.946170504", "lunar": "757.0603027344", "kilometers": "291142944", "miles": "180907840"}, "orbiting_body": "Juptr"}, {"close_approach_date": "2017-10-01", "epoch_date_close_approach": 1506841200000, "relative_velocity": {"kilometers_per_second": "10.7227984809", "kilometers_per_hour": "38602.0745311446", "miles_per_hour": "23985.8279218659"}, "miss_distance": {"astronomical": "0.0457268319", "lunar": "17.7877368927", "kilometers": "6840637", "miles": "4250574.5"}, "orbiting_body": "Earth"}, {"close_approach_date": "2027-11-14", "epoch_date_close_approach": 1826179200000, "relative_velocity": {"kilometers_per_second": "23.7650580475", "kilometers_per_hour": "85554.2089710342", "miles_per_hour": "53160.058346474"}, "miss_distance": {"astronomical": "0.4818596815", "lunar": "187.4434204102", "kilometers": "72085184", "miles": "44791656"}, "orbiting_body": "Earth"}, {"close_approach_date": "2044-07-07", "epoch_date_close_approach": 2351487600000, "relative_velocity": {"kilometers_per_second": "22.7067263304", "kilometers_per_hour": "81744.2147895952", "miles_per_hour": "50792.6761285682"}, "miss_distance": {"astronomical": "0.4632014407", "lunar": "180.1853637695", "kilometers": "69293952", "miles": "43057264"}, "orbiting_body": "Earth"}, {"close_approach_date": "2054-08-24", "epoch_date_close_approach": 2671167600000, "relative_velocity": {"kilometers_per_second": "10.5835123056", "kilometers_per_hour": "38100.6443003141", "miles_per_hour": "23674.2586764924"}, "miss_distance": {"astronomical": "0.0769158962", "lunar": "29.9202842712", "kilometers": "11506455", "miles": "7149779.5"}, "orbiting_body": "Earth"}, {"close_approach_date": "2064-11-02", "epoch_date_close_approach": 2992834800000, "relative_velocity": {"kilometers_per_second": "17.7146779002", "kilometers_per_hour": "63772.8404406779", "miles_per_hour": "39625.9629949312"}, "miss_distance": {"astronomical": "0.2777242552", "lunar": "108.0347366333", "kilometers": "41546960", "miles": "25816084"}, "orbiting_body": "Earth"}, {"close_approach_date": "2091-07-09", "epoch_date_close_approach": 3834802800000, "relative_velocity": {"kilometers_per_second": "22.0825788237", "kilometers_per_hour": "79497.2837652797", "miles_per_hour": "49396.5205707095"}, "miss_distance": {"astronomical": "0.4383423483", "lunar": "170.5151824951", "kilometers": "65575084", "miles": "40746468"}, "orbiting_body": "Earth"}, {"close_approach_date": "2101-08-18", "epoch_date_close_approach": 4153791600000, "relative_velocity": {"kilometers_per_second": "11.1584391459", "kilometers_per_hour": "40170.3809250895", "miles_per_hour": "24960.3125253702"}, "miss_distance": {"astronomical": "0.0962300763", "lunar": "37.4334983826", "kilometers": "14395814", "miles": "8945144"}, "orbiting_body": "Earth"}, {"close_approach_date": "2111-10-25", "epoch_date_close_approach": 4475199600000, "relative_velocity": {"kilometers_per_second": "14.403479042", "kilometers_per_hour": "51852.5245513116", "miles_per_hour": "32219.1422691191"}, "miss_distance": {"astronomical": "0.1707519185", "lunar": "66.422492981", "kilometers": "25544124", "miles": "15872382"}, "orbiting_body": "Earth"}, {"close_approach_date": "2148-08-14", "epoch_date_close_approach": 5636674800000, "relative_velocity": {"kilometers_per_second": "11.6927809066", "kilometers_per_hour": "42094.0112638226", "miles_per_hour": "26155.5816100125"}, "miss_distance": {"astronomical": "0.1128368305", "lunar": "43.8935279846", "kilometers": "16880150", "miles": "10488839"}, "orbiting_body": "Earth"}, {"close_approach_date": "2158-10-24", "epoch_date_close_approach": 5958342000000, "relative_velocity": {"kilometers_per_second": "13.8907377368", "kilometers_per_hour": "50006.6558525308", "miles_per_hour": "31072.1912434795"}, "miss_distance": {"astronomical": "0.1589423943", "lunar": "61.8285942078", "kilometers": "23777446", "miles": "14774619"}, "orbiting_body": "Earth"}, {"close_approach_date": "2185-07-11", "epoch_date_close_approach": 6801346800000, "relative_velocity": {"kilometers_per_second": "22.4016066605", "kilometers_per_hour": "80645.7839777608", "miles_per_hour": "50110.1539388481"}, "miss_distance": {"astronomical": "0.4563460521", "lunar": "177.5186157227", "kilometers": "68268400", "miles": "42420016"}, "orbiting_body": "Earth"}], "orbital_data": {"orbit_id": "10", "orbit_determination_date": "2017-12-17 07:16:18", "orbit_uncertainty": "5", "minimum_orbit_intersection": ".0328722", "jupiter_tisserand_invariant": "3.385", "epoch_osculation": "2458000.5", "eccentricity": ".5676744738571786", "semi_major_axis": "2.24196143304435", "inclination": "9.941265491458458", "ascending_node_longitude": "354.5106897772067", "orbital_period": "1226.141616388438", "perihelion_distance": ".9692571561328123", "perihelion_argument": "355.4878900708715", "aphelion_distance": "3.514665709955887", "perihelion_time": "2458014.493352433846", "mean_anomaly": "355.8914967008274", "mean_motion": ".2936039321953436", "equinox": "J2000"}}