{"links": {"self": "https://api.nasa.gov/neo/rest/v1/neo/3789542?api_key=stjNMXvPIBN6FqEBpH6hQbWAtFDv0RARRez0p7z1"}, "neo_reference_id": "3789542", "name": "(2017 WG2)", "nasa_jpl_url": "http://ssd.jpl.nasa.gov/sbdb.cgi?sstr=3789542", "absolute_magnitude_h": 20.274, "estimated_diameter": {"kilometers": {"estimated_diameter_min": 0.2342906604, "estimated_diameter_max": 0.5238898432}, "meters": {"estimated_diameter_min": 234.2906604421, "estimated_diameter_max": 523.8898432418}, "miles": {"estimated_diameter_min": 0.145581422, "estimated_diameter_max": 0.3255299558}, "feet": {"estimated_diameter_min": 768.6701704048, "estimated_diameter_max": 1718.7987533014}}, "is_potentially_hazardous_asteroid": true, "close_approach_data": [{"close_approach_date": "1945-07-29", "epoch_date_close_approach": -770835600000, "relative_velocity": {"kilometers_per_second": "15.3514527093", "kilometers_per_hour": "55265.2297533875", "miles_per_hour": "34339.6645653757"}, "miss_distance": {"astronomical": "0.224339255", "lunar": "87.2679748535", "kilometers": "33560676", "miles": "20853638"}, "orbiting_body": "Earth"}, {"close_approach_date": "1947-11-24", "epoch_date_close_approach": -697564800000, "relative_velocity": {"kilometers_per_second": "21.2408416939", "kilometers_per_hour": "76467.0300981959", "miles_per_hour": "47513.6387851818"}, "miss_distance": {"astronomical": "0.007191867", "lunar": "2.7976362705", "kilometers": "1075888", "miles": "668525.8125"}, "orbiting_body": "Venus"}, {"close_approach_date": "1949-12-19", "epoch_date_close_approach": -632246400000, "relative_velocity": {"kilometers_per_second": "11.9430647549", "kilometers_per_hour": "42995.0331175896", "miles_per_hour": "26715.4415502045"}, "miss_distance": {"astronomical": "0.4409160805", "lunar": "171.5163574219", "kilometers": "65960108", "miles": "40985712"}, "orbiting_body": "Earth"}, {"close_approach_date": "1950-02-13", "epoch_date_close_approach": -627408000000, "relative_velocity": {"kilometers_per_second": "14.9440993102", "kilometers_per_hour": "53798.7575166541", "miles_per_hour": "33428.4557469454"}, "miss_distance": {"astronomical": "0.4322120823", "lunar": "168.1305084229", "kilometers": "64658008", "miles": "40176624"}, "orbiting_body": "Earth"}, {"close_approach_date": "1951-04-20", "epoch_date_close_approach": -590169600000, "relative_velocity": {"kilometers_per_second": "17.5206720575", "kilometers_per_hour": "63074.4194068456", "miles_per_hour": "39191.9913253258"}, "miss_distance": {"astronomical": "0.0802091746", "lunar": "31.2013683319", "kilometers": "11999122", "miles": "7455908.5"}, "orbiting_body": "Venus"}, {"close_approach_date": "1951-06-19", "epoch_date_close_approach": -584989200000, "relative_velocity": {"kilometers_per_second": "16.2124793059", "kilometers_per_hour": "58364.9255013142", "miles_per_hour": "36265.6949594138"}, "miss_distance": {"astronomical": "0.4183525112", "lunar": "162.7391357422", "kilometers": "62584644", "miles": "38888296"}, "orbiting_body": "Earth"}, {"close_approach_date": "1955-12-31", "epoch_date_close_approach": -441907200000, "relative_velocity": {"kilometers_per_second": "14.1419377254", "kilometers_per_hour": "50910.9758112899", "miles_per_hour": "31634.100497854"}, "miss_distance": {"astronomical": "0.2185736699", "lunar": "85.0251617432", "kilometers": "32698156", "miles": "20317692"}, "orbiting_body": "Earth"}, {"close_approach_date": "1961-12-22", "epoch_date_close_approach": -253296000000, "relative_velocity": {"kilometers_per_second": "20.3328587851", "kilometers_per_hour": "73198.2916264806", "miles_per_hour": "45482.5718164651"}, "miss_distance": {"astronomical": "0.0499077704", "lunar": "19.4141216278", "kilometers": "7466096", "miles": "4639217"}, "orbiting_body": "Earth"}, {"close_approach_date": "1964-08-21", "epoch_date_close_approach": -169232400000, "relative_velocity": {"kilometers_per_second": "27.6343341926", "kilometers_per_hour": "99483.6030934", "miles_per_hour": "61815.2421554518"}, "miss_distance": {"astronomical": "0.3108865927", "lunar": "120.9348831177", "kilometers": "46507972", "miles": "28898714"}, "orbiting_body": "Earth"}, {"close_approach_date": "1966-12-22", "epoch_date_close_approach": -95529600000, "relative_velocity": {"kilometers_per_second": "24.0734857479", "kilometers_per_hour": "86664.5486925494", "miles_per_hour": "53849.9802695455"}, "miss_distance": {"astronomical": "0.0669240811", "lunar": "26.0334663391", "kilometers": "10011700", "miles": "6220982"}, "orbiting_body": "Venus"}, {"close_approach_date": "1967-12-13", "epoch_date_close_approach": -64771200000, "relative_velocity": {"kilometers_per_second": "27.2188862572", "kilometers_per_hour": "97987.9905259679", "miles_per_hour": "60885.9266687604"}, "miss_distance": {"astronomical": "0.2519447779", "lunar": "98.0065231323", "kilometers": "37690404", "miles": "23419730"}, "orbiting_body": "Earth"}, {"close_approach_date": "1970-08-11", "epoch_date_close_approach": 19206000000, "relative_velocity": {"kilometers_per_second": "21.2119713326", "kilometers_per_hour": "76363.0967973139", "miles_per_hour": "47449.0586738643"}, "miss_distance": {"astronomical": "0.1608878298", "lunar": "62.5853614807", "kilometers": "24068476", "miles": "14955458"}, "orbiting_body": "Earth"}, {"close_approach_date": "1971-07-30", "epoch_date_close_approach": 49705200000, "relative_velocity": {"kilometers_per_second": "27.009709573", "kilometers_per_hour": "97234.9544629044", "miles_per_hour": "60418.0193439086"}, "miss_distance": {"astronomical": "0.129846859", "lunar": "50.5104255676", "kilometers": "19424814", "miles": "12070019"}, "orbiting_body": "Venus"}, {"close_approach_date": "1973-12-02", "epoch_date_close_approach": 123667200000, "relative_velocity": {"kilometers_per_second": "33.9878215862", "kilometers_per_hour": "122356.1577104543", "miles_per_hour": "76027.3581062542"}, "miss_distance": {"astronomical": "0.4660878448", "lunar": "181.3081665039", "kilometers": "69725752", "miles": "43325572"}, "orbiting_body": "Earth"}, {"close_approach_date": "1976-07-28", "epoch_date_close_approach": 207385200000, "relative_velocity": {"kilometers_per_second": "15.348983504", "kilometers_per_hour": "55256.3406142294", "miles_per_hour": "34334.1411999916"}, "miss_distance": {"astronomical": "0.225599634", "lunar": "87.7582550049", "kilometers": "33749224", "miles": "20970796"}, "orbiting_body": "Earth"}, {"close_approach_date": "1980-12-14", "epoch_date_close_approach": 345628800000, "relative_velocity": {"kilometers_per_second": "12.2689321402", "kilometers_per_hour": "44168.155704734", "miles_per_hour": "27444.3743044221"}, "miss_distance": {"astronomical": "0.4767559785", "lunar": "185.4580688477", "kilometers": "71321680", "miles": "44317236"}, "orbiting_body": "Earth"}, {"close_approach_date": "1981-02-20", "epoch_date_close_approach": 351504000000, "relative_velocity": {"kilometers_per_second": "16.5474264263", "kilometers_per_hour": "59570.7351346217", "miles_per_hour": "37014.9381729542"}, "miss_distance": {"astronomical": "0.4561362126", "lunar": "177.43699646", "kilometers": "68237008", "miles": "42400512"}, "orbiting_body": "Earth"}, {"close_approach_date": "1982-06-27", "epoch_date_close_approach": 394009200000, "relative_velocity": {"kilometers_per_second": "15.0246476735", "kilometers_per_hour": "54088.7316245554", "miles_per_hour": "33608.6343808244"}, "miss_distance": {"astronomical": "0.3913555759", "lunar": "152.2373199463", "kilometers": "58545960", "miles": "36378772"}, "orbiting_body": "Earth"}, {"close_approach_date": "1987-01-01", "epoch_date_close_approach": 536486400000, "relative_velocity": {"kilometers_per_second": "12.9237330344", "kilometers_per_hour": "46525.4389239278", "miles_per_hour": "28909.0984247039"}, "miss_distance": {"astronomical": "0.269680496", "lunar": "104.9057159424", "kilometers": "40343628", "miles": "25068368"}, "orbiting_body": "Earth"}, {"close_approach_date": "1987-04-01", "epoch_date_close_approach": 544262400000, "relative_velocity": {"kilometers_per_second": "15.8393642884", "kilometers_per_hour": "57021.7114380794", "miles_per_hour": "35431.0739766222"}, "miss_distance": {"astronomical": "0.1196687298", "lunar": "46.5511360168", "kilometers": "17902188", "miles": "11123903"}, "orbiting_body": "Venus"}, {"close_approach_date": "1988-05-28", "epoch_date_close_approach": 580806000000, "relative_velocity": {"kilometers_per_second": "20.3406753164", "kilometers_per_hour": "73226.4311390764", "miles_per_hour": "45500.0566152778"}, "miss_distance": {"astronomical": "0.4907992385", "lunar": "190.9209136963", "kilometers": "73422520", "miles": "45622640"}, "orbiting_body": "Earth"}, {"close_approach_date": "1990-08-28", "epoch_date_close_approach": 651826800000, "relative_velocity": {"kilometers_per_second": "22.8948945651", "kilometers_per_hour": "82421.6204343154", "miles_per_hour": "51213.5896526445"}, "miss_distance": {"astronomical": "0.0463381799", "lunar": "18.0255508423", "kilometers": "6932093", "miles": "4307403"}, "orbiting_body": "Venus"}, {"close_approach_date": "1992-12-24", "epoch_date_close_approach": 725184000000, "relative_velocity": {"kilometers_per_second": "19.1052631148", "kilometers_per_hour": "68778.9472133038", "miles_per_hour": "42736.5630615109"}, "miss_distance": {"astronomical": "0.0541124292", "lunar": "21.0497360229", "kilometers": "8095104.5", "miles": "5030064.5"}, "orbiting_body": "Earth"}, {"close_approach_date": "1995-08-24", "epoch_date_close_approach": 809247600000, "relative_velocity": {"kilometers_per_second": "28.8524197016", "kilometers_per_hour": "103868.7109258889", "miles_per_hour": "64539.9776305891"}, "miss_distance": {"astronomical": "0.3470756671", "lunar": "135.0124359131", "kilometers": "51921780", "miles": "32262700"}, "orbiting_body": "Earth"}, {"close_approach_date": "1998-12-14", "epoch_date_close_approach": 913622400000, "relative_velocity": {"kilometers_per_second": "26.0124247045", "kilometers_per_hour": "93644.7289362364", "miles_per_hour": "58187.1928215186"}, "miss_distance": {"astronomical": "0.2124020507", "lunar": "82.6243972778", "kilometers": "31774894", "miles": "19744004"}, "orbiting_body": "Earth"}, {"close_approach_date": "2001-08-13", "epoch_date_close_approach": 997686000000, "relative_velocity": {"kilometers_per_second": "22.194252366", "kilometers_per_hour": "79899.3085177105", "miles_per_hour": "49646.3231175741"}, "miss_distance": {"astronomical": "0.1765693072", "lunar": "68.6854629517", "kilometers": "26414394", "miles": "16413143"}, "orbiting_body": "Earth"}, {"close_approach_date": "2004-12-03", "epoch_date_close_approach": 1102060800000, "relative_velocity": {"kilometers_per_second": "33.1532013172", "kilometers_per_hour": "119351.5247420114", "miles_per_hour": "74160.3960265015"}, "miss_distance": {"astronomical": "0.4394769327", "lunar": "170.95652771", "kilometers": "65744816", "miles": "40851932"}, "orbiting_body": "Earth"}, {"close_approach_date": "2006-04-30", "epoch_date_close_approach": 1146380400000, "relative_velocity": {"kilometers_per_second": "17.8782466849", "kilometers_per_hour": "64361.6880655396", "miles_per_hour": "39991.8500093904"}, "miss_distance": {"astronomical": "0.0712868557", "lunar": "27.7305870056", "kilometers": "10664362", "miles": "6626527.5"}, "orbiting_body": "Venus"}, {"close_approach_date": "2007-07-31", "epoch_date_close_approach": 1185865200000, "relative_velocity": {"kilometers_per_second": "15.8567049131", "kilometers_per_hour": "57084.1376870383", "miles_per_hour": "35469.8632200378"}, "miss_distance": {"astronomical": "0.2112874918", "lunar": "82.1908340454", "kilometers": "31608160", "miles": "19640400"}, "orbiting_body": "Earth"}, {"close_approach_date": "2009-09-25", "epoch_date_close_approach": 1253862000000, "relative_velocity": {"kilometers_per_second": "21.329452309", "kilometers_per_hour": "76786.0283123078", "miles_per_hour": "47711.8518699448"}, "miss_distance": {"astronomical": "0.0243599925", "lunar": "9.4760370255", "kilometers": "3644203", "miles": "2264402.75"}, "orbiting_body": "Venus"}, {"close_approach_date": "2011-12-16", "epoch_date_close_approach": 1324022400000, "relative_velocity": {"kilometers_per_second": "12.2616807253", "kilometers_per_hour": "44142.050611183", "miles_per_hour": "27428.1536144875"}, "miss_distance": {"astronomical": "0.4737448456", "lunar": "184.2867431641", "kilometers": "70871216", "miles": "44037336"}, "orbiting_body": "Earth"}, {"close_approach_date": "2012-02-20", "epoch_date_close_approach": 1329724800000, "relative_velocity": {"kilometers_per_second": "16.3973632232", "kilometers_per_hour": "59030.5076034228", "miles_per_hour": "36679.2617939157"}, "miss_distance": {"astronomical": "0.4549500704", "lunar": "176.9755706787", "kilometers": "68059560", "miles": "42290252"}, "orbiting_body": "Earth"}, {"close_approach_date": "2013-06-25", "epoch_date_close_approach": 1372143600000, "relative_velocity": {"kilometers_per_second": "15.3527785801", "kilometers_per_hour": "55270.0028882106", "miles_per_hour": "34342.6304057329"}, "miss_distance": {"astronomical": "0.3980950011", "lunar": "154.8589630127", "kilometers": "59554168", "miles": "37005244"}, "orbiting_body": "Earth"}, {"close_approach_date": "2017-12-31", "epoch_date_close_approach": 1514707200000, "relative_velocity": {"kilometers_per_second": "13.8374280047", "kilometers_per_hour": "49814.7408167627", "miles_per_hour": "30952.9427036157"}, "miss_distance": {"astronomical": "0.230107933", "lunar": "89.5119857788", "kilometers": "34423656", "miles": "21389868"}, "orbiting_body": "Earth"}, {"close_approach_date": "2023-12-22", "epoch_date_close_approach": 1703232000000, "relative_velocity": {"kilometers_per_second": "20.9613422965", "kilometers_per_hour": "75460.8322675728", "miles_per_hour": "46888.4265831482"}, "miss_distance": {"astronomical": "0.0587379316", "lunar": "22.8490543365", "kilometers": "8787069", "miles": "5460031.5"}, "orbiting_body": "Earth"}, {"close_approach_date": "2025-05-23", "epoch_date_close_approach": 1747983600000, "relative_velocity": {"kilometers_per_second": "16.1233436266", "kilometers_per_hour": "58044.0370557676", "miles_per_hour": "36066.3073583462"}, "miss_distance": {"astronomical": "0.1125675249", "lunar": "43.7887649536", "kilometers": "16839862", "miles": "10463805"}, "orbiting_body": "Venus"}, {"close_approach_date": "2026-08-21", "epoch_date_close_approach": 1787295600000, "relative_velocity": {"kilometers_per_second": "26.5317731677", "kilometers_per_hour": "95514.3834037456", "miles_per_hour": "59348.923398844"}, "miss_distance": {"astronomical": "0.280968484", "lunar": "109.2967453003", "kilometers": "42032288", "miles": "26117652"}, "orbiting_body": "Earth"}, {"close_approach_date": "2028-10-18", "epoch_date_close_approach": 1855465200000, "relative_velocity": {"kilometers_per_second": "24.2446100657", "kilometers_per_hour": "87280.5962366626", "miles_per_hour": "54232.7682560529"}, "miss_distance": {"astronomical": "0.0730873888", "lunar": "28.4309940338", "kilometers": "10933718", "miles": "6793897"}, "orbiting_body": "Venus"}, {"close_approach_date": "2029-12-10", "epoch_date_close_approach": 1891584000000, "relative_velocity": {"kilometers_per_second": "29.189854173", "kilometers_per_hour": "105083.4750227467", "miles_per_hour": "65294.7847995506"}, "miss_distance": {"astronomical": "0.3148986212", "lunar": "122.4955596924", "kilometers": "47108160", "miles": "29271654"}, "orbiting_body": "Earth"}, {"close_approach_date": "2032-08-06", "epoch_date_close_approach": 1975388400000, "relative_velocity": {"kilometers_per_second": "18.6980720391", "kilometers_per_hour": "67313.0593406412", "miles_per_hour": "41825.717344189"}, "miss_distance": {"astronomical": "0.1591772449", "lunar": "61.9199485779", "kilometers": "23812576", "miles": "14796449"}, "orbiting_body": "Earth"}, {"close_approach_date": "2037-03-03", "epoch_date_close_approach": 2119680000000, "relative_velocity": {"kilometers_per_second": "19.0185124759", "kilometers_per_hour": "68466.6449132206", "miles_per_hour": "42542.5105573286"}, "miss_distance": {"astronomical": "0.4909586462", "lunar": "190.982925415", "kilometers": "73446368", "miles": "45637460"}, "orbiting_body": "Earth"}, {"close_approach_date": "2038-07-09", "epoch_date_close_approach": 2162271600000, "relative_velocity": {"kilometers_per_second": "13.6373793509", "kilometers_per_hour": "49094.5656632479", "miles_per_hour": "30505.4538700331"}, "miss_distance": {"astronomical": "0.3439030922", "lunar": "133.7783050537", "kilometers": "51447172", "miles": "31967790"}, "orbiting_body": "Earth"}, {"close_approach_date": "2043-01-01", "epoch_date_close_approach": 2303712000000, "relative_velocity": {"kilometers_per_second": "12.4659858844", "kilometers_per_hour": "44877.549183885", "miles_per_hour": "27885.1638248423"}, "miss_distance": {"astronomical": "0.2917806074", "lunar": "113.5026626587", "kilometers": "43649760", "miles": "27122704"}, "orbiting_body": "Earth"}, {"close_approach_date": "2043-04-04", "epoch_date_close_approach": 2311743600000, "relative_velocity": {"kilometers_per_second": "22.7718850731", "kilometers_per_hour": "81978.7862631949", "miles_per_hour": "50938.4297200391"}, "miss_distance": {"astronomical": "0.0391437036", "lunar": "15.2269010544", "kilometers": "5855815", "miles": "3638634.5"}, "orbiting_body": "Venus"}, {"close_approach_date": "2044-05-30", "epoch_date_close_approach": 2348204400000, "relative_velocity": {"kilometers_per_second": "20.0495271235", "kilometers_per_hour": "72178.2976447652", "miles_per_hour": "44848.7872226598"}, "miss_distance": {"astronomical": "0.485893331", "lunar": "189.012512207", "kilometers": "72688608", "miles": "45166608"}, "orbiting_body": "Earth"}, {"close_approach_date": "2046-08-29", "epoch_date_close_approach": 2419138800000, "relative_velocity": {"kilometers_per_second": "16.6826110037", "kilometers_per_hour": "60057.3996133963", "miles_per_hour": "37317.332554224"}, "miss_distance": {"astronomical": "0.0986256792", "lunar": "38.3653907776", "kilometers": "14754192", "miles": "9167830"}, "orbiting_body": "Venus"}, {"close_approach_date": "2048-12-24", "epoch_date_close_approach": 2492409600000, "relative_velocity": {"kilometers_per_second": "19.2049298248", "kilometers_per_hour": "69137.7473691612", "miles_per_hour": "42959.5075250213"}, "miss_distance": {"astronomical": "0.0502236189", "lunar": "19.5369873047", "kilometers": "7513346.5", "miles": "4668577"}, "orbiting_body": "Earth"}, {"close_approach_date": "2051-08-24", "epoch_date_close_approach": 2576473200000, "relative_velocity": {"kilometers_per_second": "28.5852981006", "kilometers_per_hour": "102907.0731620948", "miles_per_hour": "63942.4533211916"}, "miss_distance": {"astronomical": "0.3407183416", "lunar": "132.5394287109", "kilometers": "50970736", "miles": "31671748"}, "orbiting_body": "Earth"}, {"close_approach_date": "2054-12-14", "epoch_date_close_approach": 2680848000000, "relative_velocity": {"kilometers_per_second": "26.4390795614", "kilometers_per_hour": "95180.6864209716", "miles_per_hour": "59141.5770708532"}, "miss_distance": {"astronomical": "0.2264535606", "lunar": "88.0904312134", "kilometers": "33876972", "miles": "21050174"}, "orbiting_body": "Earth"}, {"close_approach_date": "2057-08-12", "epoch_date_close_approach": 2764825200000, "relative_velocity": {"kilometers_per_second": "21.6424607074", "kilometers_per_hour": "77912.8585467696", "miles_per_hour": "48412.0203564636"}, "miss_distance": {"astronomical": "0.1694570987", "lunar": "65.9188079834", "kilometers": "25350420", "miles": "15752021"}, "orbiting_body": "Earth"}, {"close_approach_date": "2060-12-03", "epoch_date_close_approach": 2869286400000, "relative_velocity": {"kilometers_per_second": "33.9094422705", "kilometers_per_hour": "122073.9921738439", "miles_per_hour": "75852.0314149087"}, "miss_distance": {"astronomical": "0.4637504067", "lunar": "180.3988952637", "kilometers": "69376072", "miles": "43108292"}, "orbiting_body": "Earth"}, {"close_approach_date": "2062-04-29", "epoch_date_close_approach": 2913519600000, "relative_velocity": {"kilometers_per_second": "22.263265912", "kilometers_per_hour": "80147.757283335", "miles_per_hour": "49800.6995186367"}, "miss_distance": {"astronomical": "0.0285730983", "lunar": "11.1149349213", "kilometers": "4274474.5", "miles": "2656035.5"}, "orbiting_body": "Venus"}, {"close_approach_date": "2063-07-29", "epoch_date_close_approach": 2952918000000, "relative_velocity": {"kilometers_per_second": "15.3363973912", "kilometers_per_hour": "55211.0306082491", "miles_per_hour": "34305.9873243312"}, "miss_distance": {"astronomical": "0.2279807331", "lunar": "88.6845016479", "kilometers": "34105432", "miles": "21192134"}, "orbiting_body": "Earth"}, {"close_approach_date": "2065-09-25", "epoch_date_close_approach": 3021087600000, "relative_velocity": {"kilometers_per_second": "15.7295240713", "kilometers_per_hour": "56626.2866568398", "miles_per_hour": "35185.3723951903"}, "miss_distance": {"astronomical": "0.1193631453", "lunar": "46.4322624207", "kilometers": "17856472", "miles": "11095497"}, "orbiting_body": "Venus"}, {"close_approach_date": "2067-12-15", "epoch_date_close_approach": 3091161600000, "relative_velocity": {"kilometers_per_second": "12.3377251632", "kilometers_per_hour": "44415.8105875772", "miles_per_hour": "27598.2574175976"}, "miss_distance": {"astronomical": "0.4798248148", "lunar": "186.6518554688", "kilometers": "71780768", "miles": "44602504"}, "orbiting_body": "Earth"}, {"close_approach_date": "2068-02-22", "epoch_date_close_approach": 3097123200000, "relative_velocity": {"kilometers_per_second": "16.6847344707", "kilometers_per_hour": "60065.0440944876", "miles_per_hour": "37322.0825374887"}, "miss_distance": {"astronomical": "0.4592173075", "lunar": "178.6355285645", "kilometers": "68697936", "miles": "42686916"}, "orbiting_body": "Earth"}, {"close_approach_date": "2069-06-28", "epoch_date_close_approach": 3139628400000, "relative_velocity": {"kilometers_per_second": "14.907501142", "kilometers_per_hour": "53667.0041112655", "miles_per_hour": "33346.5893045805"}, "miss_distance": {"astronomical": "0.3860257144", "lunar": "150.1640014648", "kilometers": "57748628", "miles": "35883332"}, "orbiting_body": "Earth"}, {"close_approach_date": "2074-01-01", "epoch_date_close_approach": 3282019200000, "relative_velocity": {"kilometers_per_second": "12.5593646042", "kilometers_per_hour": "45213.7125751477", "miles_per_hour": "28094.0426831522"}, "miss_distance": {"astronomical": "0.2871121947", "lunar": "111.6866455078", "kilometers": "42951376", "miles": "26688748"}, "orbiting_body": "Earth"}, {"close_approach_date": "2075-06-01", "epoch_date_close_approach": 3326598000000, "relative_velocity": {"kilometers_per_second": "19.9266249921", "kilometers_per_hour": "71735.8499715161", "miles_per_hour": "44573.8674448012"}, "miss_distance": {"astronomical": "0.4829866732", "lunar": "187.8818054199", "kilometers": "72253776", "miles": "44896416"}, "orbiting_body": "Earth"}, {"close_approach_date": "2079-12-27", "epoch_date_close_approach": 3470889600000, "relative_velocity": {"kilometers_per_second": "17.9285789142", "kilometers_per_hour": "64542.8840910883", "miles_per_hour": "40104.4381731543"}, "miss_distance": {"astronomical": "0.0816021213", "lunar": "31.7432250977", "kilometers": "12207503", "miles": "7585391"}, "orbiting_body": "Earth"}, {"close_approach_date": "2082-08-09", "epoch_date_close_approach": 3553484400000, "relative_velocity": {"kilometers_per_second": "16.4251559052", "kilometers_per_hour": "59130.561258859", "miles_per_hour": "36741.4312444282"}, "miss_distance": {"astronomical": "0.1055985359", "lunar": "41.0778312683", "kilometers": "15797317", "miles": "9815998"}, "orbiting_body": "Venus"}, {"close_approach_date": "2082-08-27", "epoch_date_close_approach": 3555039600000, "relative_velocity": {"kilometers_per_second": "30.485564441", "kilometers_per_hour": "109748.0319875132", "miles_per_hour": "68193.159098019"}, "miss_distance": {"astronomical": "0.3964810883", "lunar": "154.2311401367", "kilometers": "59312728", "miles": "36855220"}, "orbiting_body": "Earth"}, {"close_approach_date": "2085-12-18", "epoch_date_close_approach": 3659500800000, "relative_velocity": {"kilometers_per_second": "23.8264343785", "kilometers_per_hour": "85775.1637624747", "miles_per_hour": "53297.3510611888"}, "miss_distance": {"astronomical": "0.1417051545", "lunar": "55.1233062744", "kilometers": "21198790", "miles": "13172317"}, "orbiting_body": "Earth"}, {"close_approach_date": "2086-01-06", "epoch_date_close_approach": 3661142400000, "relative_velocity": {"kilometers_per_second": "21.5779817385", "kilometers_per_hour": "77680.7342586169", "miles_per_hour": "48267.7873508612"}, "miss_distance": {"astronomical": "0.0284170242", "lunar": "11.0542230606", "kilometers": "4251126.5", "miles": "2641527.5"}, "orbiting_body": "Venus"}, {"close_approach_date": "2088-08-17", "epoch_date_close_approach": 3743564400000, "relative_velocity": {"kilometers_per_second": "24.3199045075", "kilometers_per_hour": "87551.6562270443", "miles_per_hour": "54401.1943928543"}, "miss_distance": {"astronomical": "0.2239180679", "lunar": "87.1041259766", "kilometers": "33497666", "miles": "20814484"}, "orbiting_body": "Earth"}, {"close_approach_date": "2091-12-08", "epoch_date_close_approach": 3847939200000, "relative_velocity": {"kilometers_per_second": "30.6799756897", "kilometers_per_hour": "110447.9124827436", "miles_per_hour": "68628.0376201803"}, "miss_distance": {"astronomical": "0.3617108262", "lunar": "140.7055053711", "kilometers": "54111168", "miles": "33623120"}, "orbiting_body": "Earth"}, {"close_approach_date": "2094-08-05", "epoch_date_close_approach": 3931830000000, "relative_velocity": {"kilometers_per_second": "18.1002085385", "kilometers_per_hour": "65160.7507384992", "miles_per_hour": "40488.356479708"}, "miss_distance": {"astronomical": "0.1675347384", "lunar": "65.1710128784", "kilometers": "25062840", "miles": "15573327"}, "orbiting_body": "Earth"}, {"close_approach_date": "2100-07-16", "epoch_date_close_approach": 4119404400000, "relative_velocity": {"kilometers_per_second": "13.485646404", "kilometers_per_hour": "48548.3270544166", "miles_per_hour": "30166.0424411179"}, "miss_distance": {"astronomical": "0.3185499101", "lunar": "123.9159088135", "kilometers": "47654388", "miles": "29611064"}, "orbiting_body": "Earth"}, {"close_approach_date": "2101-09-11", "epoch_date_close_approach": 4155865200000, "relative_velocity": {"kilometers_per_second": "20.4661990404", "kilometers_per_hour": "73678.3165455095", "miles_per_hour": "45780.8406335139"}, "miss_distance": {"astronomical": "0.0160341505", "lunar": "6.2372846603", "kilometers": "2398674.75", "miles": "1490467.375"}, "orbiting_body": "Venus"}, {"close_approach_date": "2104-12-30", "epoch_date_close_approach": 4260067200000, "relative_velocity": {"kilometers_per_second": "11.7364762513", "kilometers_per_hour": "42251.3145047822", "miles_per_hour": "26253.3237265965"}, "miss_distance": {"astronomical": "0.3452940087", "lunar": "134.3193664551", "kilometers": "51655248", "miles": "32097082"}, "orbiting_body": "Earth"}, {"close_approach_date": "2105-02-04", "epoch_date_close_approach": 4263177600000, "relative_velocity": {"kilometers_per_second": "19.4743612386", "kilometers_per_hour": "70107.7004588891", "miles_per_hour": "43562.1986545803"}, "miss_distance": {"astronomical": "0.0425167374", "lunar": "16.5390110016", "kilometers": "6360413.5", "miles": "3952177.75"}, "orbiting_body": "Venus"}, {"close_approach_date": "2106-06-07", "epoch_date_close_approach": 4305337200000, "relative_velocity": {"kilometers_per_second": "18.8778463876", "kilometers_per_hour": "67960.2469955008", "miles_per_hour": "42227.8545845099"}, "miss_distance": {"astronomical": "0.4658696154", "lunar": "181.2232818604", "kilometers": "69693104", "miles": "43305284"}, "orbiting_body": "Earth"}, {"close_approach_date": "2110-12-28", "epoch_date_close_approach": 4449196800000, "relative_velocity": {"kilometers_per_second": "17.5796810039", "kilometers_per_hour": "63286.8516141116", "miles_per_hour": "39323.9884376684"}, "miss_distance": {"astronomical": "0.0923390281", "lunar": "35.919883728", "kilometers": "13813723", "miles": "8583449"}, "orbiting_body": "Earth"}, {"close_approach_date": "2113-08-28", "epoch_date_close_approach": 4533346800000, "relative_velocity": {"kilometers_per_second": "30.2611657778", "kilometers_per_hour": "108940.1967999148", "miles_per_hour": "67691.2017282582"}, "miss_distance": {"astronomical": "0.3911213639", "lunar": "152.1462097168", "kilometers": "58510924", "miles": "36357000"}, "orbiting_body": "Earth"}, {"close_approach_date": "2116-12-17", "epoch_date_close_approach": 4637635200000, "relative_velocity": {"kilometers_per_second": "24.7310533404", "kilometers_per_hour": "89031.792025363", "miles_per_hour": "55320.8932170929"}, "miss_distance": {"astronomical": "0.1711173032", "lunar": "66.5646286011", "kilometers": "25598784", "miles": "15906347"}, "orbiting_body": "Earth"}, {"close_approach_date": "2119-08-17", "epoch_date_close_approach": 4721698800000, "relative_velocity": {"kilometers_per_second": "23.1829084356", "kilometers_per_hour": "83458.4703682504", "miles_per_hour": "51857.8478796498"}, "miss_distance": {"astronomical": "0.1987931861", "lunar": "77.3305511475", "kilometers": "29739038", "miles": "18478982"}, "orbiting_body": "Earth"}, {"close_approach_date": "2120-10-05", "epoch_date_close_approach": 4757554800000, "relative_velocity": {"kilometers_per_second": "19.1118224505", "kilometers_per_hour": "68802.5608219336", "miles_per_hour": "42751.2356396064"}, "miss_distance": {"astronomical": "0.043803214", "lunar": "17.0394515991", "kilometers": "6552868", "miles": "4071763.25"}, "orbiting_body": "Venus"}, {"close_approach_date": "2122-12-06", "epoch_date_close_approach": 4825987200000, "relative_velocity": {"kilometers_per_second": "32.491199925", "kilometers_per_hour": "116968.3197301094", "miles_per_hour": "72679.5651123005"}, "miss_distance": {"astronomical": "0.4195010504", "lunar": "163.1858978271", "kilometers": "62756464", "miles": "38995056"}, "orbiting_body": "Earth"}, {"close_approach_date": "2124-02-29", "epoch_date_close_approach": 4864867200000, "relative_velocity": {"kilometers_per_second": "20.7188530165", "kilometers_per_hour": "74587.8708592376", "miles_per_hour": "46346.002312508"}, "miss_distance": {"astronomical": "0.0271450416", "lunar": "10.5594205856", "kilometers": "4060840.5", "miles": "2523289.25"}, "orbiting_body": "Venus"}, {"close_approach_date": "2125-08-01", "epoch_date_close_approach": 4909705200000, "relative_velocity": {"kilometers_per_second": "16.1020364545", "kilometers_per_hour": "57967.3312361464", "miles_per_hour": "36018.6453450377"}, "miss_distance": {"astronomical": "0.2073589751", "lunar": "80.6626434326", "kilometers": "31020460", "miles": "19275220"}, "orbiting_body": "Earth"}, {"close_approach_date": "2161-01-02", "epoch_date_close_approach": 6027552000000, "relative_velocity": {"kilometers_per_second": "12.7788931237", "kilometers_per_hour": "46004.0152454968", "miles_per_hour": "28585.1060285144"}, "miss_distance": {"astronomical": "0.2765357491", "lunar": "107.5724029541", "kilometers": "41369160", "miles": "25705604"}, "orbiting_body": "Earth"}, {"close_approach_date": "2161-01-31", "epoch_date_close_approach": 6030057600000, "relative_velocity": {"kilometers_per_second": "17.1482034979", "kilometers_per_hour": "61733.5325923853", "miles_per_hour": "38358.8164044185"}, "miss_distance": {"astronomical": "0.0889360275", "lunar": "34.5961151123", "kilometers": "13304641", "miles": "8267120.5"}, "orbiting_body": "Venus"}, {"close_approach_date": "2162-05-31", "epoch_date_close_approach": 6071958000000, "relative_velocity": {"kilometers_per_second": "20.3662870591", "kilometers_per_hour": "73318.6334126898", "miles_per_hour": "45557.3475224572"}, "miss_distance": {"astronomical": "0.4890012236", "lunar": "190.2214660645", "kilometers": "73153544", "miles": "45455504"}, "orbiting_body": "Earth"}], "orbital_data": {"orbit_id": "19", "orbit_determination_date": "2018-01-06 06:54:02", "orbit_uncertainty": "5", "minimum_orbit_intersection": ".0449641", "jupiter_tisserand_invariant": "5.364", "epoch_osculation": "2458000.5", "eccentricity": ".5782680285092734", "semi_major_axis": "1.123935249691737", "inclination": "14.53473408572371", "ascending_node_longitude": "101.4116832191073", "orbital_period": "435.2215236369346", "perihelion_distance": ".4739994286804181", "perihelion_argument": "103.1019639758348", "aphelion_distance": "1.773871070703055", "perihelion_time": "2458177.419249373245", "mean_anomaly": "213.6585938072779", "mean_motion": ".827164973348871", "equinox": "J2000"}}