{"links": {"self": "https://api.nasa.gov/neo/rest/v1/neo/3789083?api_key=stjNMXvPIBN6FqEBpH6hQbWAtFDv0RARRez0p7z1"}, "neo_reference_id": "3789083", "name": "(2017 UQ51)", "nasa_jpl_url": "http://ssd.jpl.nasa.gov/sbdb.cgi?sstr=3789083", "absolute_magnitude_h": 20.643, "estimated_diameter": {"kilometers": {"estimated_diameter_min": 0.1976764698, "estimated_diameter_max": 0.442018024}, "meters": {"estimated_diameter_min": 197.6764697909, "estimated_diameter_max": 442.0180240046}, "miles": {"estimated_diameter_min": 0.1228304257, "estimated_diameter_max": 0.2746571816}, "feet": {"estimated_diameter_min": 648.5448691487, "estimated_diameter_max": 1450.1904138751}}, "is_potentially_hazardous_asteroid": true, "close_approach_data": [{"close_approach_date": "1936-05-15", "epoch_date_close_approach": -1061308800000, "relative_velocity": {"kilometers_per_second": "16.4174746793", "kilometers_per_hour": "59102.9088453342", "miles_per_hour": "36724.2491100356"}, "miss_distance": {"astronomical": "0.2386923599", "lunar": "92.8513259888", "kilometers": "35707868", "miles": "22187842"}, "orbiting_body": "Earth"}, {"close_approach_date": "1941-10-17", "epoch_date_close_approach": -890150400000, "relative_velocity": {"kilometers_per_second": "9.5832090348", "kilometers_per_hour": "34499.5525252697", "miles_per_hour": "21436.6802899377"}, "miss_distance": {"astronomical": "0.0597563245", "lunar": "23.2452106476", "kilometers": "8939419", "miles": "5554697.5"}, "orbiting_body": "Mars"}, {"close_approach_date": "1946-09-11", "epoch_date_close_approach": -735494400000, "relative_velocity": {"kilometers_per_second": "15.5760698871", "kilometers_per_hour": "56073.8515937011", "miles_per_hour": "34842.1107305417"}, "miss_distance": {"astronomical": "0.2260184657", "lunar": "87.9211807251", "kilometers": "33811880", "miles": "21009728"}, "orbiting_body": "Earth"}, {"close_approach_date": "2015-03-03", "epoch_date_close_approach": 1425369600000, "relative_velocity": {"kilometers_per_second": "11.3233268547", "kilometers_per_hour": "40763.9766770503", "miles_per_hour": "25329.1498413594"}, "miss_distance": {"astronomical": "0.0553940421", "lunar": "21.5482826233", "kilometers": "8286831", "miles": "5149198"}, "orbiting_body": "Mars"}, {"close_approach_date": "2017-05-03", "epoch_date_close_approach": 1493794800000, "relative_velocity": {"kilometers_per_second": "23.6468367364", "kilometers_per_hour": "85128.612251198", "miles_per_hour": "52895.6090957514"}, "miss_distance": {"astronomical": "0.4873055909", "lunar": "189.5618743896", "kilometers": "72899880", "miles": "45297884"}, "orbiting_body": "Earth"}, {"close_approach_date": "2022-05-24", "epoch_date_close_approach": 1653375600000, "relative_velocity": {"kilometers_per_second": "13.2257796018", "kilometers_per_hour": "47612.8065664206", "miles_per_hour": "29584.7463912295"}, "miss_distance": {"astronomical": "0.1323917058", "lunar": "51.5003738403", "kilometers": "19805518", "miles": "12306578"}, "orbiting_body": "Earth"}, {"close_approach_date": "2032-09-14", "epoch_date_close_approach": 1978758000000, "relative_velocity": {"kilometers_per_second": "16.7005886832", "kilometers_per_hour": "60122.1192595333", "miles_per_hour": "37357.5468254584"}, "miss_distance": {"astronomical": "0.2601026325", "lunar": "101.1799240112", "kilometers": "38910800", "miles": "24178050"}, "orbiting_body": "Earth"}, {"close_approach_date": "2088-07-01", "epoch_date_close_approach": 3739503600000, "relative_velocity": {"kilometers_per_second": "9.23061372", "kilometers_per_hour": "33230.2093920402", "miles_per_hour": "20647.959830293"}, "miss_distance": {"astronomical": "0.0771505842", "lunar": "30.0115776062", "kilometers": "11541563", "miles": "7171595"}, "orbiting_body": "Mars"}], "orbital_data": {"orbit_id": "5", "orbit_determination_date": "2017-12-08 06:19:30", "orbit_uncertainty": "6", "minimum_orbit_intersection": ".0372755", "jupiter_tisserand_invariant": "3.846", "epoch_osculation": "2458000.5", "eccentricity": ".4839195072910845", "semi_major_axis": "1.85619187767041", "inclination": "4.28115707334722", "ascending_node_longitude": "49.16257164868582", "orbital_period": "923.7037968960303", "perihelion_distance": ".9579444187904326", "perihelion_argument": "244.9219483012072", "aphelion_distance": "2.754439336550389", "perihelion_time": "2457913.536619475185", "mean_anomaly": "33.89270142023381", "mean_motion": ".3897353255553638", "equinox": "J2000"}}