{"summary": {"energy": "1.151e+03", "darc": "4879.7 days", "ip": "0.00036769391", "h": "20.19", "nobs": "478", "mass": "6.01e+10", "v_inf": "5.99", "first_obs": "1999-Sep-11.4", "method": "LOV", "pdate": "2016-03-25 11:44:42", "ndop": "7", "cdate": "2016-03-25 11:44:42", "ps_cum": "-1.71", "diameter": "0.49", "ndel": "22", "v_imp": "12.68", "ps_max": "-2.32", "last_obs": "2013-Jan-20.1", "fullname": "101955 Bennu (1999 RQ36)", "n_imp": "78", "ts_max": null, "nsat": "0", "des": "101955"}, "signature": {"source": "NASA/JPL Sentry Data API", "version": "1.1"}, "data": [{"energy": "1.151e+03", "width": "0.000", "ip": "4.1e-05", "ts": null, "stretch": "1.49e+04", "date": "2175-09-25.15", "dist": "0.234", "sigma_lov": "1.344", "sigma_imp": "0.000", "ps": "-2.62"}, {"energy": "1.151e+03", "width": "0.000", "ip": "6.4e-06", "ts": null, "stretch": "1.18e+05", "date": "2175-09-25.16", "dist": "0.453", "sigma_lov": "1.051", "sigma_imp": "0.000", "ps": "-3.43"}, {"energy": "1.152e+03", "width": "0.000", "ip": "3.1e-06", "ts": null, "stretch": "2.56e+04", "date": "2176-09-24.39", "dist": "0.174", "sigma_lov": "2.458", "sigma_imp": "0.000", "ps": "-3.75"}, {"energy": "1.152e+03", "width": "0.000", "ip": "1.1e-05", "ts": null, "stretch": "9.67e+04", "date": "2180-09-24.36", "dist": "0.191", "sigma_lov": "0.894", "sigma_imp": "0.000", "ps": "-3.19"}, {"energy": "1.150e+03", "width": "0.000", "ip": "2.0e-05", "ts": null, "stretch": "8.33e+04", "date": "2180-09-24.39", "dist": "0.115", "sigma_lov": "0.529", "sigma_imp": "0.000", "ps": "-2.96"}, {"energy": "1.152e+03", "width": "0.000", "ip": "9.4e-08", "ts": null, "stretch": "1.55e+06", "date": "2181-09-24.51", "dist": "0.007", "sigma_lov": "2.213", "sigma_imp": "0.000", "ps": "-5.28"}, {"energy": "1.151e+03", "width": "0.000", "ip": "1.4e-06", "ts": null, "stretch": "4.61e+05", "date": "2181-09-24.54", "dist": "0.173", "sigma_lov": "1.361", "sigma_imp": "0.000", "ps": "-4.12"}, {"energy": "1.152e+03", "width": "0.000", "ip": "6.3e-07", "ts": null, "stretch": "4.15e+05", "date": "2181-09-24.55", "dist": "0.223", "sigma_lov": "1.882", "sigma_imp": "0.000", "ps": "-4.46"}, {"energy": "1.150e+03", "width": "0.000", "ip": "3.5e-07", "ts": null, "stretch": "8.34e+05", "date": "2199-09-25.11", "dist": "0.240", "sigma_lov": "-1.813", "sigma_imp": "0.000", "ps": "-4.75"}, {"energy": "1.150e+03", "width": "0.000", "ip": "2.1e-09", "ts": null, "stretch": "1.39e+06", "date": "2199-09-25.11", "dist": "0.261", "sigma_lov": "3.532", "sigma_imp": "0.000", "ps": "-6.97"}, {"energy": "1.150e+03", "width": "0.000", "ip": "2.6e-07", "ts": null, "stretch": "9.53e+05", "date": "2199-09-24.98", "dist": "0.085", "sigma_lov": "-1.952", "sigma_imp": "0.000", "ps": "-4.89"}, {"energy": "1.152e+03", "width": "0.000", "ip": "8.7e-07", "ts": null, "stretch": "6.49e+05", "date": "2199-09-24.92", "dist": "0.780", "sigma_lov": "-0.920", "sigma_imp": "0.000", "ps": "-4.36"}, {"energy": "1.152e+03", "width": "0.000", "ip": "1.5e-06", "ts": null, "stretch": "3.12e+05", "date": "2198-09-24.91", "dist": "0.402", "sigma_lov": "-1.450", "sigma_imp": "0.000", "ps": "-4.11"}, {"energy": "1.152e+03", "width": "0.000", "ip": "1.5e-07", "ts": null, "stretch": "1.01e+06", "date": "2198-09-24.93", "dist": "0.883", "sigma_lov": "1.701", "sigma_imp": "0.000", "ps": "-5.13"}, {"energy": "1.152e+03", "width": "0.000", "ip": "1.3e-09", "ts": null, "stretch": "2.54e+06", "date": "2198-09-24.89", "dist": "0.254", "sigma_lov": "3.498", "sigma_imp": "0.000", "ps": "-7.18"}, {"energy": "1.151e+03", "width": "0.000", "ip": "3.0e-07", "ts": null, "stretch": "8.95e+05", "date": "2198-09-24.88", "dist": "0.003", "sigma_lov": "-1.924", "sigma_imp": "0.000", "ps": "-4.82"}, {"energy": "1.151e+03", "width": "0.000", "ip": "3.3e-10", "ts": null, "stretch": "2.81e+05", "date": "2198-09-24.85", "dist": "0.813", "sigma_lov": "-4.254", "sigma_imp": "0.000", "ps": "-7.77"}, {"energy": "1.150e+03", "width": "0.000", "ip": "7.8e-07", "ts": null, "stretch": "2.08e+06", "date": "2198-09-24.74", "dist": "0.069", "sigma_lov": "-0.193", "sigma_imp": "0.000", "ps": "-4.41"}, {"energy": "1.153e+03", "width": "0.000", "ip": "5.0e-09", "ts": null, "stretch": "4.85e+05", "date": "2198-09-24.55", "dist": "0.001", "sigma_lov": "3.472", "sigma_imp": "0.000", "ps": "-6.60"}, {"energy": "1.152e+03", "width": "0.000", "ip": "2.1e-09", "ts": null, "stretch": "1.78e+06", "date": "2198-09-24.38", "dist": "0.019", "sigma_lov": "3.498", "sigma_imp": "0.000", "ps": "-6.98"}, {"energy": "1.151e+03", "width": "0.000", "ip": "3.1e-08", "ts": null, "stretch": "8.62e+05", "date": "2197-09-24.80", "dist": "0.008", "sigma_lov": "-2.883", "sigma_imp": "0.000", "ps": "-5.81"}, {"energy": "1.151e+03", "width": "0.000", "ip": "1.8e-09", "ts": null, "stretch": "4.62e+05", "date": "2197-09-24.58", "dist": "0.912", "sigma_lov": "3.599", "sigma_imp": "0.000", "ps": "-7.03"}, {"energy": "1.151e+03", "width": "0.000", "ip": "3.5e-05", "ts": null, "stretch": "4.74e+04", "date": "2196-09-24.31", "dist": "0.001", "sigma_lov": "-0.092", "sigma_imp": "0.000", "ps": "-2.74"}, {"energy": "1.151e+03", "width": "0.000", "ip": "9.4e-05", "ts": null, "stretch": "1.68e+04", "date": "2196-09-24.33", "dist": "0.151", "sigma_lov": "-0.065", "sigma_imp": "0.000", "ps": "-2.32"}, {"energy": "1.152e+03", "width": "0.000", "ip": "6.1e-08", "ts": null, "stretch": "1.20e+04", "date": "2196-09-24.27", "dist": "0.637", "sigma_lov": "3.822", "sigma_imp": "0.000", "ps": "-5.50"}, {"energy": "1.152e+03", "width": "0.000", "ip": "4.5e-08", "ts": null, "stretch": "2.97e+04", "date": "2196-09-24.21", "dist": "0.052", "sigma_lov": "3.772", "sigma_imp": "0.000", "ps": "-5.63"}, {"energy": "1.151e+03", "width": "0.000", "ip": "1.2e-09", "ts": null, "stretch": "2.89e+06", "date": "2196-09-23.48", "dist": "0.153", "sigma_lov": "3.503", "sigma_imp": "0.000", "ps": "-7.22"}, {"energy": "1.151e+03", "width": "0.000", "ip": "8.5e-07", "ts": null, "stretch": "3.35e+04", "date": "2194-09-24.79", "dist": "0.180", "sigma_lov": "2.832", "sigma_imp": "0.000", "ps": "-4.36"}, {"energy": "1.152e+03", "width": "0.000", "ip": "4.2e-07", "ts": null, "stretch": "2.23e+06", "date": "2195-09-25.27", "dist": "0.294", "sigma_lov": "0.960", "sigma_imp": "0.000", "ps": "-4.67"}, {"energy": "1.151e+03", "width": "0.000", "ip": "1.8e-06", "ts": null, "stretch": "9.55e+03", "date": "2194-09-24.80", "dist": "0.569", "sigma_lov": "2.916", "sigma_imp": "0.000", "ps": "-4.04"}, {"energy": "1.153e+03", "width": "0.000", "ip": "6.9e-07", "ts": null, "stretch": "1.45e+04", "date": "2194-09-24.75", "dist": "0.008", "sigma_lov": "3.204", "sigma_imp": "0.000", "ps": "-4.45"}, {"energy": "1.151e+03", "width": "0.000", "ip": "1.6e-07", "ts": null, "stretch": "9.19e+05", "date": "2194-09-24.72", "dist": "0.346", "sigma_lov": "-2.141", "sigma_imp": "0.000", "ps": "-5.09"}, {"energy": "1.151e+03", "width": "0.000", "ip": "2.1e-08", "ts": null, "stretch": "2.72e+06", "date": "2193-09-25.67", "dist": "0.124", "sigma_lov": "2.585", "sigma_imp": "0.000", "ps": "-5.96"}, {"energy": "1.151e+03", "width": "0.000", "ip": "2.2e-09", "ts": null, "stretch": "1.86e+06", "date": "2193-09-24.81", "dist": "0.019", "sigma_lov": "3.468", "sigma_imp": "0.000", "ps": "-6.94"}, {"energy": "1.151e+03", "width": "0.000", "ip": "8.5e-07", "ts": null, "stretch": "4.86e+05", "date": "2193-09-24.74", "dist": "0.018", "sigma_lov": "1.674", "sigma_imp": "0.000", "ps": "-4.35"}, {"energy": "1.151e+03", "width": "0.000", "ip": "6.0e-08", "ts": null, "stretch": "7.38e+05", "date": "2193-09-24.63", "dist": "0.657", "sigma_lov": "-2.519", "sigma_imp": "0.000", "ps": "-5.50"}, {"energy": "1.152e+03", "width": "0.000", "ip": "2.8e-05", "ts": null, "stretch": "9.47e+03", "date": "2193-09-24.60", "dist": "0.006", "sigma_lov": "-1.938", "sigma_imp": "0.000", "ps": "-2.84"}, {"energy": "1.151e+03", "width": "0.000", "ip": "1.3e-08", "ts": null, "stretch": "3.96e+05", "date": "2193-09-24.51", "dist": "0.095", "sigma_lov": "3.393", "sigma_imp": "0.000", "ps": "-6.17"}, {"energy": "1.151e+03", "width": "0.000", "ip": "2.1e-09", "ts": null, "stretch": "1.93e+06", "date": "2193-09-24.44", "dist": "0.005", "sigma_lov": "3.470", "sigma_imp": "0.000", "ps": "-6.96"}, {"energy": "1.154e+03", "width": "0.000", "ip": "8.4e-07", "ts": null, "stretch": "3.74e+05", "date": "2192-09-24.19", "dist": "0.083", "sigma_lov": "-0.213", "sigma_imp": "0.000", "ps": "-4.36"}, {"energy": "1.152e+03", "width": "0.000", "ip": "3.3e-07", "ts": null, "stretch": "4.44e+05", "date": "2192-09-24.41", "dist": "0.010", "sigma_lov": "-2.209", "sigma_imp": "0.000", "ps": "-4.76"}, {"energy": "1.152e+03", "width": "0.000", "ip": "1.0e-10", "ts": null, "stretch": "7.68e+05", "date": "2192-09-24.17", "dist": "0.207", "sigma_lov": "-4.443", "sigma_imp": "0.000", "ps": "-8.26"}, {"energy": "1.151e+03", "width": "0.000", "ip": "5.8e-07", "ts": null, "stretch": "5.32e+04", "date": "2192-09-24.17", "dist": "0.172", "sigma_lov": "-2.547", "sigma_imp": "0.000", "ps": "-4.52"}, {"energy": "1.150e+03", "width": "0.000", "ip": "5.6e-07", "ts": null, "stretch": "1.14e+06", "date": "2191-09-25.55", "dist": "0.728", "sigma_lov": "0.899", "sigma_imp": "0.000", "ps": "-4.53"}, {"energy": "1.150e+03", "width": "0.000", "ip": "1.0e-06", "ts": null, "stretch": "1.39e+06", "date": "2191-09-25.38", "dist": "0.032", "sigma_lov": "0.535", "sigma_imp": "0.000", "ps": "-4.26"}, {"energy": "1.150e+03", "width": "0.000", "ip": "1.3e-06", "ts": null, "stretch": "1.20e+06", "date": "2191-09-25.32", "dist": "0.166", "sigma_lov": "-0.172", "sigma_imp": "0.000", "ps": "-4.17"}, {"energy": "1.150e+03", "width": "0.000", "ip": "1.4e-06", "ts": null, "stretch": "7.37e+05", "date": "2191-09-25.18", "dist": "0.661", "sigma_lov": "-0.146", "sigma_imp": "0.000", "ps": "-4.13"}, {"energy": "1.150e+03", "width": "0.000", "ip": "5.4e-06", "ts": null, "stretch": "3.05e+05", "date": "2191-09-25.13", "dist": "0.027", "sigma_lov": "-0.164", "sigma_imp": "0.000", "ps": "-3.54"}, {"energy": "1.152e+03", "width": "0.000", "ip": "5.0e-09", "ts": null, "stretch": "1.23e+04", "date": "2190-09-24.83", "dist": "0.735", "sigma_lov": "4.393", "sigma_imp": "0.000", "ps": "-6.58"}, {"energy": "1.152e+03", "width": "0.000", "ip": "3.5e-07", "ts": null, "stretch": "1.61e+06", "date": "2190-09-25.46", "dist": "0.271", "sigma_lov": "-1.393", "sigma_imp": "0.000", "ps": "-4.73"}, {"energy": "1.152e+03", "width": "0.000", "ip": "1.2e-06", "ts": null, "stretch": "1.62e+06", "date": "2190-09-24.81", "dist": "0.014", "sigma_lov": "0.311", "sigma_imp": "0.000", "ps": "-4.18"}, {"energy": "1.152e+03", "width": "0.000", "ip": "6.7e-07", "ts": null, "stretch": "1.45e+06", "date": "2190-09-24.81", "dist": "0.198", "sigma_lov": "0.957", "sigma_imp": "0.000", "ps": "-4.45"}, {"energy": "1.151e+03", "width": "0.000", "ip": "4.9e-08", "ts": null, "stretch": "3.19e+04", "date": "2190-09-24.79", "dist": "0.080", "sigma_lov": "3.737", "sigma_imp": "0.000", "ps": "-5.59"}, {"energy": "1.152e+03", "width": "0.000", "ip": "1.1e-09", "ts": null, "stretch": "2.90e+06", "date": "2189-09-25.18", "dist": "0.295", "sigma_lov": "3.504", "sigma_imp": "0.000", "ps": "-7.24"}, {"energy": "1.150e+03", "width": "0.000", "ip": "1.6e-08", "ts": null, "stretch": "6.46e+04", "date": "2188-09-24.24", "dist": "0.985", "sigma_lov": "3.283", "sigma_imp": "0.000", "ps": "-6.07"}, {"energy": "1.150e+03", "width": "0.000", "ip": "8.0e-07", "ts": null, "stretch": "1.58e+04", "date": "2188-09-24.35", "dist": "0.896", "sigma_lov": "2.781", "sigma_imp": "0.000", "ps": "-4.37"}, {"energy": "1.152e+03", "width": "0.000", "ip": "2.4e-07", "ts": null, "stretch": "4.84e+05", "date": "2187-09-25.21", "dist": "0.451", "sigma_lov": "2.199", "sigma_imp": "0.000", "ps": "-4.88"}, {"energy": "1.152e+03", "width": "0.000", "ip": "8.3e-06", "ts": null, "stretch": "1.98e+04", "date": "2187-09-25.14", "dist": "0.863", "sigma_lov": "1.689", "sigma_imp": "0.000", "ps": "-3.35"}, {"energy": "1.153e+03", "width": "0.000", "ip": "2.0e-10", "ts": null, "stretch": "4.34e+05", "date": "2187-09-25.07", "dist": "0.114", "sigma_lov": "-4.433", "sigma_imp": "0.000", "ps": "-7.97"}, {"energy": "1.152e+03", "width": "0.000", "ip": "5.3e-07", "ts": null, "stretch": "2.73e+05", "date": "2187-09-25.06", "dist": "0.002", "sigma_lov": "-2.223", "sigma_imp": "0.000", "ps": "-4.55"}, {"energy": "1.152e+03", "width": "0.000", "ip": "3.4e-10", "ts": null, "stretch": "1.15e+06", "date": "2187-09-24.97", "dist": "0.260", "sigma_lov": "-4.060", "sigma_imp": "0.000", "ps": "-7.73"}, {"energy": "1.152e+03", "width": "0.000", "ip": "1.2e-07", "ts": null, "stretch": "1.04e+06", "date": "2187-09-24.96", "dist": "0.028", "sigma_lov": "-2.284", "sigma_imp": "0.000", "ps": "-5.19"}, {"energy": "1.151e+03", "width": "0.000", "ip": "8.1e-07", "ts": null, "stretch": "7.51e+05", "date": "2186-09-25.00", "dist": "0.295", "sigma_lov": "1.327", "sigma_imp": "0.000", "ps": "-4.36"}, {"energy": "1.152e+03", "width": "0.000", "ip": "4.9e-08", "ts": null, "stretch": "7.52e+05", "date": "2187-09-24.94", "dist": "0.132", "sigma_lov": "-2.744", "sigma_imp": "0.000", "ps": "-5.58"}, {"energy": "1.151e+03", "width": "0.000", "ip": "1.5e-06", "ts": null, "stretch": "8.05e+05", "date": "2186-09-24.97", "dist": "0.543", "sigma_lov": "-0.187", "sigma_imp": "0.000", "ps": "-4.10"}, {"energy": "1.151e+03", "width": "0.000", "ip": "2.0e-05", "ts": null, "stretch": "8.34e+04", "date": "2185-09-24.59", "dist": "0.073", "sigma_lov": "-0.111", "sigma_imp": "0.000", "ps": "-2.97"}, {"energy": "1.150e+03", "width": "0.000", "ip": "9.4e-07", "ts": null, "stretch": "1.42e+06", "date": "2186-09-24.74", "dist": "0.003", "sigma_lov": "0.692", "sigma_imp": "0.000", "ps": "-4.30"}, {"energy": "1.152e+03", "width": "0.000", "ip": "6.3e-05", "ts": null, "stretch": "2.55e+04", "date": "2185-09-24.59", "dist": "0.038", "sigma_lov": "0.182", "sigma_imp": "0.000", "ps": "-2.46"}, {"energy": "1.151e+03", "width": "0.000", "ip": "6.4e-09", "ts": null, "stretch": "3.97e+05", "date": "2185-09-24.52", "dist": "0.361", "sigma_lov": "3.556", "sigma_imp": "0.000", "ps": "-6.46"}, {"energy": "1.151e+03", "width": "0.000", "ip": "1.4e-08", "ts": null, "stretch": "1.94e+05", "date": "2185-09-24.51", "dist": "0.226", "sigma_lov": "3.561", "sigma_imp": "0.000", "ps": "-6.12"}, {"energy": "1.151e+03", "width": "0.000", "ip": "2.8e-09", "ts": null, "stretch": "9.65e+05", "date": "2185-09-24.50", "dist": "0.082", "sigma_lov": "3.576", "sigma_imp": "0.000", "ps": "-6.81"}, {"energy": "1.152e+03", "width": "0.000", "ip": "6.5e-09", "ts": null, "stretch": "7.07e+03", "date": "2184-09-24.36", "dist": "0.019", "sigma_lov": "4.585", "sigma_imp": "0.000", "ps": "-6.45"}, {"energy": "1.152e+03", "width": "0.000", "ip": "2.4e-10", "ts": null, "stretch": "6.90e+04", "date": "2184-09-24.27", "dist": "0.429", "sigma_lov": "4.750", "sigma_imp": "0.000", "ps": "-7.87"}, {"energy": "1.151e+03", "width": "0.000", "ip": "1.1e-08", "ts": null, "stretch": "3.87e+04", "date": "2182-09-24.85", "dist": "0.195", "sigma_lov": "-4.053", "sigma_imp": "0.000", "ps": "-6.23"}, {"energy": "1.151e+03", "width": "0.000", "ip": "1.4e-06", "ts": null, "stretch": "2.61e+04", "date": "2182-09-24.86", "dist": "0.074", "sigma_lov": "-2.753", "sigma_imp": "0.000", "ps": "-4.11"}, {"energy": "1.151e+03", "width": "0.000", "ip": "3.5e-06", "ts": null, "stretch": "3.03e+04", "date": "2182-09-24.85", "dist": "0.281", "sigma_lov": "-2.291", "sigma_imp": "0.000", "ps": "-3.71"}, {"energy": "1.152e+03", "width": "0.000", "ip": "9.1e-09", "ts": null, "stretch": "3.93e+05", "date": "2181-09-24.58", "dist": "0.568", "sigma_lov": "3.408", "sigma_imp": "0.000", "ps": "-6.30"}, {"energy": "1.151e+03", "width": "0.000", "ip": "2.9e-06", "ts": null, "stretch": "3.52e+05", "date": "2181-09-24.78", "dist": "0.007", "sigma_lov": "1.021", "sigma_imp": "0.000", "ps": "-3.80"}]}