{"summary": {"energy": "1.430e+00", "darc": "12.938 days", "ip": "2.905e-07", "h": "25.12", "nobs": "29", "mass": "4.50e+07", "v_inf": "11.96", "first_obs": "1997-Oct-26.28929", "method": "LOV", "pdate": "2017-04-11 05:58:49", "ndop": "0", "cdate": "2017-04-11 05:58:49", "ps_cum": "-6.64", "diameter": "3.2e-02", "ndel": "0", "v_imp": "16.35", "ps_max": "-6.64", "last_obs": "1997-Nov-08.22721", "fullname": "(1997 UA11)", "n_imp": "1", "ts_max": "0", "nsat": "0", "des": "1997 UA11"}, "signature": {"source": "NASA/JPL Sentry Data API", "version": "1.1"}, "data": [{"energy": "1.430e+00", "width": "5.5556e-03", "ip": "2.905e-07", "ts": "0", "stretch": "1.6368e+06", "date": "2073-10-24.09", "dist": "0.362", "sigma_lov": "-0.95106", "sigma_imp": "0.000", "ps": "-6.64"}]}