{"summary": {"energy": "8.601e+04", "darc": "7.6643 days", "ip": "2.362e-09", "h": "18.32", "nobs": "53", "mass": "5.35e+11", "v_inf": "35.02", "first_obs": "2001-Nov-04.0703", "method": "LOV", "pdate": "2017-04-16 00:40:45", "ndop": "0", "cdate": "2017-04-16 00:40:45", "ps_cum": "-3.95", "diameter": "7.3e-01", "ndel": "0", "v_imp": "36.75", "ps_max": "-3.95", "last_obs": "2001-Nov-11.73463", "fullname": "(2001 VB)", "n_imp": "1", "ts_max": "0", "nsat": "0", "des": "2001 VB"}, "signature": {"source": "NASA/JPL Sentry Data API", "version": "1.1"}, "data": [{"energy": "8.601e+04", "width": "5.1491e-01", "ip": "2.362e-09", "ts": "0", "stretch": "3.2255e+05", "date": "2023-07-23.30", "dist": "0.917", "sigma_lov": "-3.39298", "sigma_imp": "0.000", "ps": "-3.95"}]}