{"summary": {"energy": "5.444e+04", "darc": "1.9210 days", "ip": "1.24762e-08", "h": "18.49", "nobs": "13", "mass": "4.28e+11", "v_inf": "30.71", "first_obs": "2001-Feb-02.45718", "method": "LOV", "pdate": "2017-04-09 05:44:39", "ndop": "0", "cdate": "2017-04-09 05:44:39", "ps_cum": "-3.43", "diameter": "0.67794328401276", "ndel": "0", "v_imp": "32.67", "ps_max": "-3.73", "last_obs": "2001-Feb-04.37822", "fullname": "(2001 CA21)", "n_imp": "4", "ts_max": "0", "nsat": "0", "des": "2001 CA21"}, "signature": {"source": "NASA/JPL Sentry Data API", "version": "1.1"}, "data": [{"energy": "4.739e+04", "width": "2.0306e+01", "ip": "1.283e-09", "ts": "0", "stretch": "2.6452e+06", "date": "2073-10-12.70", "dist": "31.516", "sigma_lov": "-1.25259", "sigma_imp": "1.503", "ps": "-5.38"}, {"energy": "5.432e+04", "width": "1.7096e+01", "ip": "9.892e-10", "ts": "0", "stretch": "1.1114e+06", "date": "2060-02-22.15", "dist": "34.212", "sigma_lov": "-1.60917", "sigma_imp": "1.943", "ps": "-5.33"}, {"energy": "5.554e+04", "width": "4.5473e+00", "ip": "7.054e-09", "ts": "0", "stretch": "1.6660e+06", "date": "2025-10-09.45", "dist": "6.297", "sigma_lov": "-1.61080", "sigma_imp": "1.165", "ps": "-3.76"}, {"energy": "5.487e+04", "width": "9.7739e+00", "ip": "3.150e-09", "ts": "0", "stretch": "1.8970e+06", "date": "2020-10-08.57", "dist": "12.961", "sigma_lov": "-1.60215", "sigma_imp": "1.224", "ps": "-3.73"}]}