{"summary": {"energy": "8.613e-01", "darc": "18.826 days", "ip": "4.758016e-07", "h": "25.21", "nobs": "16", "mass": "3.97e+07", "v_inf": "7.63", "first_obs": "2002-Dec-13.44472", "method": "LOV", "pdate": "2017-04-10 19:38:24", "ndop": "0", "cdate": "2017-04-10 19:38:24", "ps_cum": "-6.82", "diameter": "0.030990271155036", "ndel": "0", "v_imp": "13.50", "ps_max": "-7.07", "last_obs": "2003-Jan-01.27031", "fullname": "(2002 XV90)", "n_imp": "7", "ts_max": "0", "nsat": "0", "des": "2002 XV90"}, "signature": {"source": "NASA/JPL Sentry Data API", "version": "1.1"}, "data": [{"energy": "8.086e-01", "width": "2.5039e-03", "ip": "3.140e-09", "ts": "0", "stretch": "1.0365e+05", "date": "2114-12-12.39", "dist": "0.098", "sigma_lov": "3.92463", "sigma_imp": "0.000", "ps": "-9.04"}, {"energy": "8.066e-01", "width": "2.5516e-03", "ip": "1.489e-09", "ts": "0", "stretch": "5.8773e+04", "date": "2114-12-12.40", "dist": "0.274", "sigma_lov": "4.23425", "sigma_imp": "0.000", "ps": "-9.37"}, {"energy": "8.753e-01", "width": "2.5127e-03", "ip": "7.726e-10", "ts": "0", "stretch": "5.2450e+03", "date": "2113-12-12.11", "dist": "0.054", "sigma_lov": "-4.90390", "sigma_imp": "0.000", "ps": "-9.62"}, {"energy": "8.617e-01", "width": "2.5039e-03", "ip": "8.949e-08", "ts": "0", "stretch": "5.1555e+04", "date": "2113-12-12.00", "dist": "0.137", "sigma_lov": "-3.18527", "sigma_imp": "0.000", "ps": "-7.56"}, {"energy": "8.620e-01", "width": "2.5009e-03", "ip": "2.796e-07", "ts": "0", "stretch": "1.4857e+04", "date": "2113-12-12.06", "dist": "0.199", "sigma_lov": "-3.21433", "sigma_imp": "0.000", "ps": "-7.07"}, {"energy": "8.614e-01", "width": "2.7778e-03", "ip": "1.685e-08", "ts": "0", "stretch": "2.7343e+05", "date": "2101-12-11.99", "dist": "0.817", "sigma_lov": "-3.01338", "sigma_imp": "0.000", "ps": "-8.23"}, {"energy": "8.616e-01", "width": "2.5278e-03", "ip": "8.446e-08", "ts": "0", "stretch": "4.5753e+04", "date": "2101-12-12.06", "dist": "0.860", "sigma_lov": "-3.03127", "sigma_imp": "0.000", "ps": "-7.53"}]}