{"summary": {"energy": "1.332e-02", "darc": "2.5014 days", "ip": "2.6931148e-05", "h": "28.05", "nobs": "46", "mass": "7.82e+05", "v_inf": "4.33", "first_obs": "2003-Nov-29.31488", "method": "LOV", "pdate": "2017-04-07 14:25:36", "ndop": "0", "cdate": "2017-04-07 14:25:36", "ps_cum": "-6.31", "diameter": "0.0083", "ndel": "0", "v_imp": "11.96", "ps_max": "-6.96", "last_obs": "2003-Dec-01.81632", "fullname": "(2003 WT153)", "n_imp": "57", "ts_max": "0", "nsat": "0", "des": "2003 WT153"}, "signature": {"source": "NASA/JPL Sentry Data API", "version": "1.1"}, "data": [{"energy": "1.336e-02", "width": "1.7010e-03", "ip": "5.460e-07", "ts": "0", "stretch": "8.2822e+05", "date": "2087-12-02.10", "dist": "0.206", "sigma_lov": "1.04654", "sigma_imp": "0.000", "ps": "-8.09"}, {"energy": "1.341e-02", "width": "2.3365e-02", "ip": "6.753e-07", "ts": "0", "stretch": "4.6179e+05", "date": "2086-08-29.63", "dist": "0.315", "sigma_lov": "-1.33086", "sigma_imp": "0.000", "ps": "-7.99"}, {"energy": "1.339e-02", "width": "1.5714e-02", "ip": "3.765e-08", "ts": "0", "stretch": "1.1942e+07", "date": "2084-12-02.09", "dist": "0.688", "sigma_lov": "0.71306", "sigma_imp": "0.000", "ps": "-9.23"}, {"energy": "1.341e-02", "width": "8.3262e-04", "ip": "1.166e-06", "ts": "0", "stretch": "1.4195e+05", "date": "2083-12-03.35", "dist": "0.922", "sigma_lov": "1.11665", "sigma_imp": "0.000", "ps": "-7.73"}, {"energy": "1.337e-02", "width": "0.0000e+00", "ip": "1.262e-07", "ts": "0", "stretch": "5.5985e+06", "date": "2083-12-01.99", "dist": "0.465", "sigma_lov": "0.03382", "sigma_imp": "0.000", "ps": "-8.70"}, {"energy": "1.333e-02", "width": "1.1111e-02", "ip": "1.206e-07", "ts": "0", "stretch": "3.1068e+06", "date": "2083-12-01.16", "dist": "0.769", "sigma_lov": "0.79361", "sigma_imp": "0.000", "ps": "-8.72"}, {"energy": "1.330e-02", "width": "3.9284e-03", "ip": "1.464e-07", "ts": "0", "stretch": "2.2126e+06", "date": "2083-11-30.87", "dist": "0.099", "sigma_lov": "1.34045", "sigma_imp": "0.000", "ps": "-8.64"}, {"energy": "1.343e-02", "width": "0.0000e+00", "ip": "2.427e-08", "ts": "0", "stretch": "1.0617e+07", "date": "2082-09-02.60", "dist": "0.392", "sigma_lov": "-1.44801", "sigma_imp": "0.000", "ps": "-9.41"}, {"energy": "1.333e-02", "width": "1.1516e-03", "ip": "2.623e-07", "ts": "0", "stretch": "3.4735e+05", "date": "2077-12-02.23", "dist": "0.346", "sigma_lov": "2.05389", "sigma_imp": "0.000", "ps": "-8.34"}, {"energy": "1.333e-02", "width": "2.2503e-03", "ip": "3.999e-07", "ts": "0", "stretch": "3.4179e+05", "date": "2077-12-02.23", "dist": "0.113", "sigma_lov": "1.87675", "sigma_imp": "0.000", "ps": "-8.16"}, {"energy": "1.341e-02", "width": "1.7705e-03", "ip": "9.789e-07", "ts": "0", "stretch": "2.1149e+05", "date": "2077-12-02.85", "dist": "0.616", "sigma_lov": "1.49151", "sigma_imp": "0.000", "ps": "-7.77"}, {"energy": "1.339e-02", "width": "0.0000e+00", "ip": "8.003e-09", "ts": "0", "stretch": "1.0116e+07", "date": "2076-12-01.63", "dist": "0.698", "sigma_lov": "1.98693", "sigma_imp": "0.000", "ps": "-9.85"}, {"energy": "1.341e-02", "width": "7.8568e-03", "ip": "2.912e-07", "ts": "0", "stretch": "1.8322e+06", "date": "2076-08-27.25", "dist": "0.595", "sigma_lov": "0.60825", "sigma_imp": "0.000", "ps": "-8.28"}, {"energy": "1.341e-02", "width": "0.0000e+00", "ip": "2.453e-07", "ts": "0", "stretch": "1.7081e+06", "date": "2075-09-09.11", "dist": "0.809", "sigma_lov": "-0.47282", "sigma_imp": "0.000", "ps": "-8.35"}, {"energy": "1.341e-02", "width": "0.0000e+00", "ip": "9.975e-08", "ts": "0", "stretch": "4.3095e+06", "date": "2075-08-29.13", "dist": "0.834", "sigma_lov": "-0.24338", "sigma_imp": "0.000", "ps": "-8.74"}, {"energy": "1.357e-02", "width": "0.0000e+00", "ip": "1.274e-09", "ts": "0", "stretch": "6.5222e+06", "date": "2074-09-13.76", "dist": "0.949", "sigma_lov": "-2.61060", "sigma_imp": "0.000", "ps": "-10.6"}, {"energy": "1.343e-02", "width": "3.9284e-03", "ip": "6.195e-08", "ts": "0", "stretch": "7.3604e+05", "date": "2072-12-02.89", "dist": "0.911", "sigma_lov": "1.98959", "sigma_imp": "0.000", "ps": "-8.93"}, {"energy": "1.338e-02", "width": "1.7010e-03", "ip": "2.404e-07", "ts": "0", "stretch": "7.0076e+05", "date": "2072-12-03.49", "dist": "0.060", "sigma_lov": "1.76416", "sigma_imp": "0.000", "ps": "-8.34"}, {"energy": "1.337e-02", "width": "9.8210e-04", "ip": "9.014e-08", "ts": "0", "stretch": "7.4953e+05", "date": "2072-12-03.49", "dist": "0.491", "sigma_lov": "2.16070", "sigma_imp": "0.000", "ps": "-8.77"}, {"energy": "1.343e-02", "width": "5.1968e-03", "ip": "4.264e-08", "ts": "0", "stretch": "7.0057e+05", "date": "2072-12-02.87", "dist": "0.969", "sigma_lov": "1.94222", "sigma_imp": "0.000", "ps": "-9.09"}, {"energy": "1.333e-02", "width": "9.6273e-04", "ip": "1.524e-06", "ts": "0", "stretch": "1.4750e+05", "date": "2071-12-01.35", "dist": "0.563", "sigma_lov": "1.46842", "sigma_imp": "0.000", "ps": "-7.53"}, {"energy": "1.318e-02", "width": "5.5556e-03", "ip": "1.849e-07", "ts": "0", "stretch": "1.1027e+06", "date": "2071-09-17.92", "dist": "0.912", "sigma_lov": "0.97397", "sigma_imp": "0.000", "ps": "-8.45"}, {"energy": "1.330e-02", "width": "0.0000e+00", "ip": "1.040e-06", "ts": "0", "stretch": "4.4435e+05", "date": "2069-11-30.36", "dist": "0.609", "sigma_lov": "0.79420", "sigma_imp": "0.000", "ps": "-7.68"}, {"energy": "1.331e-02", "width": "0.0000e+00", "ip": "7.257e-07", "ts": "0", "stretch": "7.9272e+05", "date": "2069-11-30.71", "dist": "0.167", "sigma_lov": "0.79252", "sigma_imp": "0.000", "ps": "-7.84"}, {"energy": "1.332e-02", "width": "9.8210e-04", "ip": "3.339e-07", "ts": "0", "stretch": "4.7399e+05", "date": "2064-12-01.57", "dist": "0.859", "sigma_lov": "1.37782", "sigma_imp": "0.000", "ps": "-8.13"}, {"energy": "1.344e-02", "width": "3.1057e-03", "ip": "2.218e-07", "ts": "0", "stretch": "2.5004e+06", "date": "2064-12-01.10", "dist": "0.496", "sigma_lov": "0.66920", "sigma_imp": "0.000", "ps": "-8.31"}, {"energy": "1.335e-02", "width": "0.0000e+00", "ip": "1.615e-07", "ts": "0", "stretch": "3.5168e+06", "date": "2064-11-30.83", "dist": "0.220", "sigma_lov": "0.79656", "sigma_imp": "0.000", "ps": "-8.45"}, {"energy": "1.332e-02", "width": "9.8210e-04", "ip": "4.872e-08", "ts": "0", "stretch": "5.5943e+05", "date": "2064-12-01.55", "dist": "0.628", "sigma_lov": "2.50183", "sigma_imp": "0.000", "ps": "-8.97"}, {"energy": "1.340e-02", "width": "1.3889e-03", "ip": "1.227e-07", "ts": "0", "stretch": "7.8118e+05", "date": "2061-12-02.93", "dist": "0.986", "sigma_lov": "0.78806", "sigma_imp": "0.000", "ps": "-8.54"}, {"energy": "1.334e-02", "width": "1.5634e-03", "ip": "1.580e-07", "ts": "0", "stretch": "7.5770e+04", "date": "2060-11-27.77", "dist": "0.982", "sigma_lov": "2.25199", "sigma_imp": "0.000", "ps": "-8.42"}, {"energy": "1.342e-02", "width": "3.1057e-03", "ip": "8.953e-07", "ts": "0", "stretch": "6.1106e+05", "date": "2059-12-03.72", "dist": "0.399", "sigma_lov": "0.76372", "sigma_imp": "0.000", "ps": "-7.65"}, {"energy": "1.340e-02", "width": "7.8568e-03", "ip": "9.432e-08", "ts": "0", "stretch": "2.6795e+06", "date": "2059-12-02.53", "dist": "0.906", "sigma_lov": "0.76143", "sigma_imp": "0.000", "ps": "-8.63"}, {"energy": "1.341e-02", "width": "0.0000e+00", "ip": "2.098e-08", "ts": "0", "stretch": "8.4777e+05", "date": "2059-12-04.03", "dist": "0.115", "sigma_lov": "2.75728", "sigma_imp": "0.000", "ps": "-9.28"}, {"energy": "1.339e-02", "width": "5.5556e-03", "ip": "6.433e-08", "ts": "0", "stretch": "2.8293e+06", "date": "2059-12-02.46", "dist": "0.949", "sigma_lov": "0.79936", "sigma_imp": "0.000", "ps": "-8.80"}, {"energy": "1.306e-02", "width": "1.8291e-03", "ip": "4.288e-06", "ts": "0", "stretch": "2.6650e+04", "date": "2057-09-23.21", "dist": "0.972", "sigma_lov": "1.00139", "sigma_imp": "0.000", "ps": "-6.96"}, {"energy": "1.337e-02", "width": "4.5005e-03", "ip": "5.086e-08", "ts": "0", "stretch": "2.5072e+05", "date": "2052-09-21.79", "dist": "0.404", "sigma_lov": "2.84676", "sigma_imp": "0.000", "ps": "-8.82"}, {"energy": "1.332e-02", "width": "6.9445e-04", "ip": "3.048e-07", "ts": "0", "stretch": "7.3238e+05", "date": "2051-12-01.56", "dist": "0.611", "sigma_lov": "1.44342", "sigma_imp": "0.000", "ps": "-8.03"}, {"energy": "1.347e-02", "width": "1.3322e-02", "ip": "3.318e-07", "ts": "0", "stretch": "5.6611e+05", "date": "2048-08-30.92", "dist": "0.207", "sigma_lov": "-1.68706", "sigma_imp": "0.000", "ps": "-7.95"}, {"energy": "1.339e-02", "width": "0.0000e+00", "ip": "1.751e-07", "ts": "0", "stretch": "8.6850e+05", "date": "2044-12-02.46", "dist": "0.965", "sigma_lov": "0.81047", "sigma_imp": "0.000", "ps": "-8.17"}, {"energy": "1.343e-02", "width": "2.5142e-01", "ip": "2.168e-09", "ts": "0", "stretch": "1.2431e+08", "date": "2090-12-06.90", "dist": "0.649", "sigma_lov": "1.36749", "sigma_imp": "0.000", "ps": "-10.5"}, {"energy": "1.333e-02", "width": "0.0000e+00", "ip": "5.883e-07", "ts": "0", "stretch": "8.7722e+05", "date": "2087-12-01.71", "dist": "0.270", "sigma_lov": "0.89352", "sigma_imp": "0.000", "ps": "-8.06"}, {"energy": "1.339e-02", "width": "9.8210e-04", "ip": "6.929e-07", "ts": "0", "stretch": "7.0696e+05", "date": "2087-12-02.57", "dist": "0.589", "sigma_lov": "0.74240", "sigma_imp": "0.000", "ps": "-7.98"}, {"energy": "1.344e-02", "width": "0.0000e+00", "ip": "4.385e-08", "ts": "0", "stretch": "5.9339e+06", "date": "2108-12-03.95", "dist": "0.280", "sigma_lov": "1.47095", "sigma_imp": "0.000", "ps": "-9.29"}, {"energy": "1.335e-02", "width": "1.7010e-03", "ip": "1.794e-07", "ts": "0", "stretch": "5.8234e+05", "date": "2103-12-03.69", "dist": "0.652", "sigma_lov": "1.87580", "sigma_imp": "0.000", "ps": "-8.66"}, {"energy": "1.342e-02", "width": "8.3297e-01", "ip": "4.800e-08", "ts": "0", "stretch": "3.1682e+06", "date": "2103-09-03.87", "dist": "1.520", "sigma_lov": "-0.16902", "sigma_imp": "0.624", "ps": "-9.23"}, {"energy": "1.335e-02", "width": "3.9284e-03", "ip": "4.428e-07", "ts": "0", "stretch": "1.0172e+06", "date": "2102-09-17.06", "dist": "0.442", "sigma_lov": "0.96350", "sigma_imp": "0.000", "ps": "-8.26"}, {"energy": "1.341e-02", "width": "3.8490e-02", "ip": "1.751e-08", "ts": "0", "stretch": "2.0809e+07", "date": "2100-12-07.08", "dist": "0.327", "sigma_lov": "1.24132", "sigma_imp": "0.000", "ps": "-9.65"}, {"energy": "1.339e-02", "width": "1.4829e-02", "ip": "4.682e-07", "ts": "0", "stretch": "1.1217e+06", "date": "2098-12-03.80", "dist": "0.358", "sigma_lov": "0.83737", "sigma_imp": "0.000", "ps": "-8.22"}, {"energy": "1.334e-02", "width": "2.3842e-03", "ip": "2.778e-06", "ts": "0", "stretch": "2.8696e+04", "date": "2098-12-02.99", "dist": "0.443", "sigma_lov": "2.09642", "sigma_imp": "0.000", "ps": "-7.45"}, {"energy": "1.334e-02", "width": "1.3168e-03", "ip": "3.416e-06", "ts": "0", "stretch": "3.1611e+04", "date": "2098-12-02.97", "dist": "0.688", "sigma_lov": "1.83428", "sigma_imp": "0.000", "ps": "-7.36"}, {"energy": "1.328e-02", "width": "2.4056e-03", "ip": "1.513e-08", "ts": "0", "stretch": "2.0707e+06", "date": "2097-11-28.22", "dist": "0.091", "sigma_lov": "2.54479", "sigma_imp": "0.000", "ps": "-9.71"}, {"energy": "1.346e-02", "width": "1.6197e-02", "ip": "2.302e-07", "ts": "0", "stretch": "2.1334e+06", "date": "2091-12-02.89", "dist": "0.455", "sigma_lov": "0.86216", "sigma_imp": "0.000", "ps": "-8.48"}, {"energy": "1.346e-02", "width": "1.4164e-02", "ip": "2.809e-07", "ts": "0", "stretch": "1.9507e+06", "date": "2091-12-02.90", "dist": "0.045", "sigma_lov": "0.86773", "sigma_imp": "0.000", "ps": "-8.40"}, {"energy": "1.335e-02", "width": "0.0000e+00", "ip": "2.168e-07", "ts": "0", "stretch": "1.9238e+06", "date": "2097-12-01.00", "dist": "0.458", "sigma_lov": "1.03445", "sigma_imp": "0.000", "ps": "-8.55"}, {"energy": "1.343e-02", "width": "5.8926e-03", "ip": "4.575e-07", "ts": "0", "stretch": "4.5261e+05", "date": "2096-08-27.33", "dist": "0.950", "sigma_lov": "0.60626", "sigma_imp": "0.000", "ps": "-8.21"}, {"energy": "1.341e-02", "width": "0.0000e+00", "ip": "7.391e-07", "ts": "0", "stretch": "9.6444e+05", "date": "2093-09-06.34", "dist": "0.053", "sigma_lov": "-0.47096", "sigma_imp": "0.000", "ps": "-7.99"}, {"energy": "1.336e-02", "width": "2.0833e-03", "ip": "3.503e-09", "ts": "0", "stretch": "1.1133e+06", "date": "2093-12-01.39", "dist": "0.083", "sigma_lov": "3.26292", "sigma_imp": "0.000", "ps": "-10.3"}]}