{"summary": {"energy": "2.545e-01", "darc": "161.03 days", "ip": "8.695e-08", "h": "26.10", "nobs": "125", "mass": "1.15e+07", "v_inf": "7.83", "first_obs": "2003-Feb-26.2816", "method": "LOV", "pdate": "2017-04-15 22:13:55", "ndop": "0", "cdate": "2017-04-15 22:13:55", "ps_cum": "-7.52", "diameter": "0.02", "ndel": "0", "v_imp": "13.62", "ps_max": "-7.68", "last_obs": "2003-Aug-06.30755", "fullname": "(2003 DW10)", "n_imp": "2", "ts_max": "0", "nsat": "0", "des": "2003 DW10"}, "signature": {"source": "NASA/JPL Sentry Data API", "version": "1.1"}, "data": [{"energy": "2.544e-01", "width": "4.3921e-03", "ip": "3.276e-08", "ts": "0", "stretch": "9.5295e+05", "date": "2058-03-02.37", "dist": "0.881", "sigma_lov": "2.22931", "sigma_imp": "0.000", "ps": "-8.05"}, {"energy": "2.545e-01", "width": "0.0000e+00", "ip": "5.419e-08", "ts": "0", "stretch": "7.3255e+05", "date": "2046-03-02.38", "dist": "0.577", "sigma_lov": "2.36169", "sigma_imp": "0.000", "ps": "-7.68"}]}