{"summary": {"energy": "8.624e+00", "darc": "11.347 days", "ip": "9.377e-08", "h": "24.19", "nobs": "57", "mass": "1.62e+08", "v_inf": "18.01", "first_obs": "2003-Oct-24.35012", "method": "LOV", "pdate": "2017-04-14 10:26:36", "ndop": "0", "cdate": "2017-04-14 10:26:36", "ps_cum": "-6.64", "diameter": "4.9e-02", "ndel": "0", "v_imp": "21.18", "ps_max": "-6.64", "last_obs": "2003-Nov-04.697582", "fullname": "(2003 UQ25)", "n_imp": "1", "ts_max": "0", "nsat": "0", "des": "2003 UQ25"}, "signature": {"source": "NASA/JPL Sentry Data API", "version": "1.1"}, "data": [{"energy": "8.624e+00", "width": "2.2222e-02", "ip": "9.377e-08", "ts": "0", "stretch": "4.1033e+06", "date": "2093-03-17.50", "dist": "0.357", "sigma_lov": "-1.15035", "sigma_imp": "0.000", "ps": "-6.64"}]}