{"summary": {"energy": "4.136e-01", "darc": "6.9981 days", "ip": "2.4946e-06", "h": "25.75", "nobs": "21", "mass": "1.88e+07", "v_inf": "7.76", "first_obs": "2004-Jan-23.39424", "method": "LOV", "pdate": "2017-04-08 00:48:04", "ndop": "0", "cdate": "2017-04-08 00:48:04", "ps_cum": "-6.31", "diameter": "0.024", "ndel": "0", "v_imp": "13.58", "ps_max": "-6.60", "last_obs": "2004-Jan-30.39232", "fullname": "(2004 BN41)", "n_imp": "3", "ts_max": "0", "nsat": "0", "des": "2004 BN41"}, "signature": {"source": "NASA/JPL Sentry Data API", "version": "1.1"}, "data": [{"energy": "4.078e-01", "width": "7.3494e-03", "ip": "1.246e-06", "ts": "0", "stretch": "6.3338e+05", "date": "2098-02-05.30", "dist": "0.026", "sigma_lov": "-0.14525", "sigma_imp": "0.000", "ps": "-6.60"}, {"energy": "3.984e-01", "width": "0.0000e+00", "ip": "3.383e-07", "ts": "0", "stretch": "1.8620e+06", "date": "2086-02-02.86", "dist": "0.555", "sigma_lov": "-0.32447", "sigma_imp": "0.000", "ps": "-7.11"}, {"energy": "4.273e-01", "width": "8.7842e-03", "ip": "9.103e-07", "ts": "0", "stretch": "7.8710e+05", "date": "2116-02-12.04", "dist": "0.345", "sigma_lov": "0.29635", "sigma_imp": "0.000", "ps": "-6.81"}]}