{"summary": {"energy": "7.103e-01", "darc": "2.8974 days", "ip": "2.3343499e-05", "h": "25.68", "nobs": "141", "mass": "2.06e+07", "v_inf": "12.86", "first_obs": "2004-Nov-09.38635", "method": "LOV", "pdate": "2017-04-07 18:39:48", "ndop": "0", "cdate": "2017-04-07 18:39:48", "ps_cum": "-5.07", "diameter": "0.025", "ndel": "0", "v_imp": "17.02", "ps_max": "-5.65", "last_obs": "2004-Nov-12.28372", "fullname": "(2004 VM24)", "n_imp": "28", "ts_max": "0", "nsat": "0", "des": "2004 VM24"}, "signature": {"source": "NASA/JPL Sentry Data API", "version": "1.1"}, "data": [{"energy": "7.100e-01", "width": "0.0000e+00", "ip": "1.651e-07", "ts": "0", "stretch": "2.0567e+06", "date": "2090-11-13.13", "dist": "0.905", "sigma_lov": "-0.04952", "sigma_imp": "0.000", "ps": "-7.25"}, {"energy": "7.107e-01", "width": "2.3032e-03", "ip": "4.036e-06", "ts": "0", "stretch": "1.9670e+05", "date": "2090-11-13.25", "dist": "0.061", "sigma_lov": "-0.07977", "sigma_imp": "0.000", "ps": "-5.86"}, {"energy": "7.111e-01", "width": "0.0000e+00", "ip": "7.860e-08", "ts": "0", "stretch": "2.9679e+06", "date": "2086-11-13.25", "dist": "0.520", "sigma_lov": "-1.46419", "sigma_imp": "0.000", "ps": "-7.54"}, {"energy": "7.099e-01", "width": "0.0000e+00", "ip": "1.160e-07", "ts": "0", "stretch": "5.1498e+06", "date": "2086-11-13.31", "dist": "0.625", "sigma_lov": "-0.33990", "sigma_imp": "0.000", "ps": "-7.37"}, {"energy": "7.098e-01", "width": "4.9105e-04", "ip": "5.059e-06", "ts": "0", "stretch": "1.5694e+05", "date": "2084-11-12.68", "dist": "0.086", "sigma_lov": "-0.04824", "sigma_imp": "0.000", "ps": "-5.72"}, {"energy": "7.093e-01", "width": "0.0000e+00", "ip": "4.842e-07", "ts": "0", "stretch": "1.2973e+06", "date": "2084-11-12.56", "dist": "0.617", "sigma_lov": "-0.01281", "sigma_imp": "0.000", "ps": "-6.74"}, {"energy": "7.113e-01", "width": "0.0000e+00", "ip": "1.849e-07", "ts": "0", "stretch": "1.1148e+06", "date": "2083-11-13.51", "dist": "0.401", "sigma_lov": "-1.59093", "sigma_imp": "0.000", "ps": "-7.15"}, {"energy": "7.117e-01", "width": "0.0000e+00", "ip": "2.047e-07", "ts": "0", "stretch": "8.1980e+05", "date": "2083-11-13.50", "dist": "0.396", "sigma_lov": "-1.71665", "sigma_imp": "0.000", "ps": "-7.11"}, {"energy": "7.097e-01", "width": "0.0000e+00", "ip": "1.863e-07", "ts": "0", "stretch": "2.3876e+06", "date": "2083-11-13.57", "dist": "0.816", "sigma_lov": "-0.27152", "sigma_imp": "0.000", "ps": "-7.15"}, {"energy": "7.117e-01", "width": "0.0000e+00", "ip": "5.074e-08", "ts": "0", "stretch": "2.6213e+06", "date": "2083-11-13.48", "dist": "0.738", "sigma_lov": "-1.67365", "sigma_imp": "0.000", "ps": "-7.71"}, {"energy": "7.125e-01", "width": "0.0000e+00", "ip": "1.026e-07", "ts": "0", "stretch": "2.0350e+06", "date": "2082-11-13.10", "dist": "0.254", "sigma_lov": "-1.61661", "sigma_imp": "0.000", "ps": "-7.40"}, {"energy": "7.104e-01", "width": "1.5714e-02", "ip": "5.578e-08", "ts": "0", "stretch": "5.8491e+06", "date": "2080-11-12.74", "dist": "0.909", "sigma_lov": "-0.30742", "sigma_imp": "0.000", "ps": "-7.65"}, {"energy": "7.085e-01", "width": "1.9871e-03", "ip": "5.497e-06", "ts": "0", "stretch": "6.3151e+04", "date": "2078-11-13.12", "dist": "0.900", "sigma_lov": "-0.01023", "sigma_imp": "0.000", "ps": "-5.65"}, {"energy": "7.094e-01", "width": "0.0000e+00", "ip": "1.231e-07", "ts": "0", "stretch": "6.2594e+06", "date": "2078-11-13.31", "dist": "0.149", "sigma_lov": "-0.22594", "sigma_imp": "0.000", "ps": "-7.30"}, {"energy": "7.093e-01", "width": "0.0000e+00", "ip": "1.797e-07", "ts": "0", "stretch": "4.1460e+06", "date": "2078-11-13.31", "dist": "0.266", "sigma_lov": "-0.26919", "sigma_imp": "0.000", "ps": "-7.13"}, {"energy": "7.133e-01", "width": "2.3550e-03", "ip": "1.455e-08", "ts": "0", "stretch": "1.7802e+05", "date": "2078-11-12.94", "dist": "0.395", "sigma_lov": "-3.35952", "sigma_imp": "0.000", "ps": "-8.22"}, {"energy": "7.091e-01", "width": "0.0000e+00", "ip": "2.273e-07", "ts": "0", "stretch": "3.3604e+06", "date": "2078-11-13.32", "dist": "0.203", "sigma_lov": "-0.21623", "sigma_imp": "0.000", "ps": "-7.03"}, {"energy": "7.129e-01", "width": "5.0355e-03", "ip": "1.205e-06", "ts": "0", "stretch": "2.2758e+04", "date": "2072-11-12.52", "dist": "0.614", "sigma_lov": "-2.50314", "sigma_imp": "0.000", "ps": "-6.26"}, {"energy": "7.106e-01", "width": "3.9284e-03", "ip": "8.915e-08", "ts": "0", "stretch": "1.4340e+06", "date": "2069-11-13.05", "dist": "0.986", "sigma_lov": "-0.20039", "sigma_imp": "0.000", "ps": "-7.37"}, {"energy": "7.157e-01", "width": "4.3403e-04", "ip": "5.082e-09", "ts": "0", "stretch": "3.2079e+04", "date": "2049-11-13.07", "dist": "0.838", "sigma_lov": "-3.97145", "sigma_imp": "0.000", "ps": "-8.40"}, {"energy": "7.103e-01", "width": "3.0270e-03", "ip": "2.997e-09", "ts": "0", "stretch": "2.1007e+05", "date": "2114-11-14.58", "dist": "1.006", "sigma_lov": "-0.42104", "sigma_imp": "2.064", "ps": "-9.11"}, {"energy": "7.119e-01", "width": "4.9105e-04", "ip": "2.341e-06", "ts": "0", "stretch": "1.3925e+05", "date": "2114-11-14.54", "dist": "0.111", "sigma_lov": "-1.33297", "sigma_imp": "0.000", "ps": "-6.22"}, {"energy": "7.123e-01", "width": "2.7778e-03", "ip": "3.495e-07", "ts": "0", "stretch": "4.5972e+05", "date": "2098-11-13.34", "dist": "0.893", "sigma_lov": "-1.26728", "sigma_imp": "0.000", "ps": "-6.96"}, {"energy": "7.110e-01", "width": "2.4056e-03", "ip": "1.477e-06", "ts": "0", "stretch": "4.5954e+05", "date": "2098-11-13.35", "dist": "0.353", "sigma_lov": "-0.43606", "sigma_imp": "0.000", "ps": "-6.34"}, {"energy": "7.118e-01", "width": "0.0000e+00", "ip": "3.271e-07", "ts": "0", "stretch": "1.5696e+06", "date": "2098-11-13.53", "dist": "0.282", "sigma_lov": "-0.89538", "sigma_imp": "0.000", "ps": "-6.99"}, {"energy": "7.116e-01", "width": "7.8568e-03", "ip": "3.429e-07", "ts": "0", "stretch": "1.7135e+06", "date": "2098-11-13.54", "dist": "0.277", "sigma_lov": "-0.76807", "sigma_imp": "0.000", "ps": "-6.97"}, {"energy": "7.122e-01", "width": "0.0000e+00", "ip": "3.270e-07", "ts": "0", "stretch": "4.3253e+05", "date": "2095-11-13.58", "dist": "0.599", "sigma_lov": "-1.73600", "sigma_imp": "0.000", "ps": "-6.98"}, {"energy": "7.116e-01", "width": "0.0000e+00", "ip": "1.112e-07", "ts": "0", "stretch": "1.9637e+06", "date": "2092-11-12.81", "dist": "0.700", "sigma_lov": "-1.38747", "sigma_imp": "0.000", "ps": "-7.43"}]}