{"summary": {"energy": "8.516e-02", "darc": "4.3491 days", "ip": "5.797e-08", "h": "26.93", "nobs": "33", "mass": "3.66e+06", "v_inf": "8.45", "first_obs": "2004-Jul-17.34882", "method": "LOV", "pdate": "2017-04-08 09:51:09", "ndop": "0", "cdate": "2017-04-08 09:51:09", "ps_cum": "-8.49", "diameter": "1.4e-02", "ndel": "0", "v_imp": "13.99", "ps_max": "-8.49", "last_obs": "2004-Jul-21.69793", "fullname": "(2004 OD4)", "n_imp": "1", "ts_max": "0", "nsat": "0", "des": "2004 OD4"}, "signature": {"source": "NASA/JPL Sentry Data API", "version": "1.1"}, "data": [{"energy": "8.516e-02", "width": "2.1960e-03", "ip": "5.797e-08", "ts": "0", "stretch": "2.5738e+06", "date": "2100-07-17.02", "dist": "0.812", "sigma_lov": "-1.50755", "sigma_imp": "0.000", "ps": "-8.49"}]}