{"summary": {"energy": "5.338e-01", "darc": "8.0641 days", "ip": "1.48765e-05", "h": "25.98", "nobs": "21", "mass": "1.35e+07", "v_inf": "14.39", "first_obs": "2005-Jan-07.35067", "method": "LOV", "pdate": "2017-04-10 08:09:23", "ndop": "0", "cdate": "2017-04-10 08:09:23", "ps_cum": "-5.45", "diameter": "0.0214179692804087", "ndel": "0", "v_imp": "18.20", "ps_max": "-6.11", "last_obs": "2005-Jan-15.41475", "fullname": "(2005 AU3)", "n_imp": "30", "ts_max": "0", "nsat": "0", "des": "2005 AU3"}, "signature": {"source": "NASA/JPL Sentry Data API", "version": "1.1"}, "data": [{"energy": "5.359e-01", "width": "1.2423e-02", "ip": "3.213e-07", "ts": "0", "stretch": "2.3591e+06", "date": "2117-01-06.35", "dist": "0.287", "sigma_lov": "-0.12509", "sigma_imp": "0.000", "ps": "-7.19"}, {"energy": "4.973e-01", "width": "5.5229e-03", "ip": "3.721e-07", "ts": "0", "stretch": "2.5611e+05", "date": "2117-01-06.27", "dist": "0.033", "sigma_lov": "-2.04807", "sigma_imp": "0.000", "ps": "-7.15"}, {"energy": "5.358e-01", "width": "0.0000e+00", "ip": "1.183e-07", "ts": "0", "stretch": "3.8190e+06", "date": "2117-01-06.33", "dist": "0.821", "sigma_lov": "-0.12824", "sigma_imp": "0.000", "ps": "-7.62"}, {"energy": "5.483e-01", "width": "5.5556e-03", "ip": "1.019e-07", "ts": "0", "stretch": "5.5497e+06", "date": "2116-01-06.82", "dist": "0.606", "sigma_lov": "0.48074", "sigma_imp": "0.000", "ps": "-7.67"}, {"energy": "5.170e-01", "width": "1.0064e-02", "ip": "4.942e-07", "ts": "0", "stretch": "7.0622e+05", "date": "2114-01-05.87", "dist": "0.516", "sigma_lov": "-1.15083", "sigma_imp": "0.000", "ps": "-7.00"}, {"energy": "4.609e-01", "width": "1.5274e-02", "ip": "6.130e-09", "ts": "0", "stretch": "2.8826e+04", "date": "2113-01-05.85", "dist": "0.424", "sigma_lov": "-4.05525", "sigma_imp": "0.000", "ps": "-8.94"}, {"energy": "5.235e-01", "width": "0.0000e+00", "ip": "1.194e-07", "ts": "0", "stretch": "4.1876e+06", "date": "2113-01-06.01", "dist": "0.558", "sigma_lov": "-0.74303", "sigma_imp": "0.000", "ps": "-7.61"}, {"energy": "5.358e-01", "width": "1.5714e-02", "ip": "4.869e-08", "ts": "0", "stretch": "1.2839e+07", "date": "2110-01-06.38", "dist": "0.617", "sigma_lov": "-0.09179", "sigma_imp": "0.000", "ps": "-7.97"}, {"energy": "5.703e-01", "width": "8.8593e-03", "ip": "8.610e-07", "ts": "0", "stretch": "2.0523e+05", "date": "2109-01-05.91", "dist": "0.837", "sigma_lov": "1.34113", "sigma_imp": "0.000", "ps": "-6.70"}, {"energy": "5.303e-01", "width": "2.7778e-03", "ip": "3.535e-07", "ts": "0", "stretch": "2.0661e+06", "date": "2106-01-06.68", "dist": "0.085", "sigma_lov": "-0.40684", "sigma_imp": "0.000", "ps": "-7.10"}, {"energy": "5.305e-01", "width": "5.7685e-03", "ip": "1.346e-06", "ts": "0", "stretch": "5.4438e+05", "date": "2106-01-06.65", "dist": "0.025", "sigma_lov": "-0.40746", "sigma_imp": "0.000", "ps": "-6.52"}, {"energy": "5.426e-01", "width": "0.0000e+00", "ip": "2.077e-07", "ts": "0", "stretch": "3.3769e+06", "date": "2105-01-06.00", "dist": "0.447", "sigma_lov": "0.18787", "sigma_imp": "0.000", "ps": "-7.32"}, {"energy": "5.391e-01", "width": "5.4327e-02", "ip": "8.720e-07", "ts": "0", "stretch": "8.7543e+05", "date": "2105-01-06.23", "dist": "0.283", "sigma_lov": "-0.03465", "sigma_imp": "0.000", "ps": "-6.69"}, {"energy": "5.066e-01", "width": "0.0000e+00", "ip": "3.828e-08", "ts": "0", "stretch": "5.5533e+06", "date": "2104-01-06.76", "dist": "0.102", "sigma_lov": "-1.61229", "sigma_imp": "0.000", "ps": "-8.07"}, {"energy": "5.699e-01", "width": "4.1157e-03", "ip": "2.647e-06", "ts": "0", "stretch": "1.1052e+05", "date": "2102-01-06.19", "dist": "0.412", "sigma_lov": "1.34523", "sigma_imp": "0.000", "ps": "-6.18"}, {"energy": "5.221e-01", "width": "3.0932e-02", "ip": "1.465e-07", "ts": "0", "stretch": "2.9024e+06", "date": "2102-01-05.89", "dist": "0.606", "sigma_lov": "-0.88614", "sigma_imp": "0.000", "ps": "-7.47"}, {"energy": "5.051e-01", "width": "4.5005e-03", "ip": "1.437e-07", "ts": "0", "stretch": "9.3347e+05", "date": "2101-01-05.54", "dist": "0.618", "sigma_lov": "-1.74479", "sigma_imp": "0.000", "ps": "-7.48"}, {"energy": "5.052e-01", "width": "5.8926e-03", "ip": "1.071e-07", "ts": "0", "stretch": "1.2433e+06", "date": "2101-01-05.59", "dist": "0.645", "sigma_lov": "-1.73261", "sigma_imp": "0.000", "ps": "-7.61"}, {"energy": "5.467e-01", "width": "1.1111e-02", "ip": "7.413e-08", "ts": "0", "stretch": "8.5260e+06", "date": "2101-01-05.81", "dist": "0.565", "sigma_lov": "0.28597", "sigma_imp": "0.000", "ps": "-7.74"}, {"energy": "5.166e-01", "width": "5.5556e-03", "ip": "1.436e-07", "ts": "0", "stretch": "3.1310e+06", "date": "2097-01-05.28", "dist": "0.164", "sigma_lov": "-1.05027", "sigma_imp": "0.000", "ps": "-7.45"}, {"energy": "5.164e-01", "width": "6.5514e-03", "ip": "1.576e-06", "ts": "0", "stretch": "2.8873e+05", "date": "2097-01-05.28", "dist": "0.006", "sigma_lov": "-1.05174", "sigma_imp": "0.000", "ps": "-6.41"}, {"energy": "5.164e-01", "width": "8.8321e-03", "ip": "3.178e-06", "ts": "0", "stretch": "1.3048e+05", "date": "2097-01-05.29", "dist": "0.405", "sigma_lov": "-1.05485", "sigma_imp": "0.000", "ps": "-6.11"}, {"energy": "5.164e-01", "width": "5.3792e-03", "ip": "3.989e-07", "ts": "0", "stretch": "1.1156e+06", "date": "2097-01-05.28", "dist": "0.168", "sigma_lov": "-1.05896", "sigma_imp": "0.000", "ps": "-7.01"}, {"energy": "5.333e-01", "width": "5.5556e-03", "ip": "3.981e-07", "ts": "0", "stretch": "1.9555e+06", "date": "2095-01-05.88", "dist": "0.081", "sigma_lov": "-0.20212", "sigma_imp": "0.000", "ps": "-6.99"}, {"energy": "5.344e-01", "width": "3.9284e-03", "ip": "3.302e-07", "ts": "0", "stretch": "2.3758e+06", "date": "2095-01-05.89", "dist": "0.095", "sigma_lov": "-0.15491", "sigma_imp": "0.000", "ps": "-7.07"}, {"energy": "5.358e-01", "width": "6.8042e-03", "ip": "2.376e-07", "ts": "0", "stretch": "3.2291e+06", "date": "2095-01-05.85", "dist": "0.263", "sigma_lov": "-0.08001", "sigma_imp": "0.000", "ps": "-7.21"}, {"energy": "5.340e-01", "width": "5.5556e-03", "ip": "4.516e-08", "ts": "0", "stretch": "4.8994e+06", "date": "2088-01-05.67", "dist": "0.956", "sigma_lov": "-0.31415", "sigma_imp": "0.000", "ps": "-7.89"}, {"energy": "4.983e-01", "width": "1.9642e-03", "ip": "4.847e-08", "ts": "0", "stretch": "1.1292e+06", "date": "2083-01-05.44", "dist": "0.873", "sigma_lov": "-1.96812", "sigma_imp": "0.000", "ps": "-7.85"}, {"energy": "5.078e-01", "width": "0.0000e+00", "ip": "9.132e-08", "ts": "0", "stretch": "2.7654e+06", "date": "2081-01-05.05", "dist": "0.165", "sigma_lov": "-1.49728", "sigma_imp": "0.000", "ps": "-7.56"}, {"energy": "5.075e-01", "width": "2.7778e-03", "ip": "5.022e-08", "ts": "0", "stretch": "2.4463e+06", "date": "2081-01-05.10", "dist": "0.877", "sigma_lov": "-1.49818", "sigma_imp": "0.000", "ps": "-7.82"}]}