{"summary": {"energy": "1.990e+01", "darc": "3.1215 days", "ip": "3.020148e-06", "h": "23.97", "nobs": "11", "mass": "2.20e+08", "v_inf": "25.14", "first_obs": "2005-Mar-13.26326", "method": "LOV", "pdate": "2017-04-07 11:42:45", "ndop": "0", "cdate": "2017-04-07 11:42:45", "ps_cum": "-3.50", "diameter": "0.0541971969585597", "ndel": "0", "v_imp": "27.50", "ps_max": "-3.72", "last_obs": "2005-Mar-16.38477", "fullname": "(2005 ED224)", "n_imp": "6", "ts_max": "0", "nsat": "0", "des": "2005 ED224"}, "signature": {"source": "NASA/JPL Sentry Data API", "version": "1.1"}, "data": [{"energy": "2.175e+01", "width": "3.5137e-02", "ip": "3.738e-07", "ts": "0", "stretch": "1.2251e+06", "date": "2064-03-10.38", "dist": "0.592", "sigma_lov": "0.81899", "sigma_imp": "0.000", "ps": "-5.51"}, {"energy": "2.706e+01", "width": "1.4434e-02", "ip": "1.864e-07", "ts": "0", "stretch": "6.1157e+05", "date": "2030-03-11.19", "dist": "0.095", "sigma_lov": "1.96176", "sigma_imp": "0.000", "ps": "-5.17"}, {"energy": "9.583e+00", "width": "6.4401e-03", "ip": "1.152e-09", "ts": "0", "stretch": "1.9072e+05", "date": "2029-03-10.79", "dist": "0.248", "sigma_lov": "-4.02246", "sigma_imp": "0.000", "ps": "-7.71"}, {"energy": "1.048e+01", "width": "7.0136e-03", "ip": "8.596e-09", "ts": "0", "stretch": "1.9724e+05", "date": "2028-03-10.54", "dist": "0.479", "sigma_lov": "-3.45386", "sigma_imp": "0.000", "ps": "-6.76"}, {"energy": "1.805e+01", "width": "8.3334e-03", "ip": "2.045e-06", "ts": "0", "stretch": "2.8611e+05", "date": "2023-03-11.35", "dist": "0.660", "sigma_lov": "-0.21306", "sigma_imp": "0.000", "ps": "-3.93"}, {"energy": "2.447e+01", "width": "9.4200e-03", "ip": "4.052e-07", "ts": "0", "stretch": "2.9633e+05", "date": "2018-03-11.32", "dist": "0.904", "sigma_lov": "1.43764", "sigma_imp": "0.000", "ps": "-3.72"}]}