{"summary": {"energy": "3.588e+02", "darc": "1.1343 days", "ip": "4.46032e-08", "h": "21.87", "nobs": "14", "mass": "4.00e+09", "v_inf": "25.06", "first_obs": "2005-Jul-11.16281", "method": "LOV", "pdate": "2017-04-09 13:16:26", "ndop": "0", "cdate": "2017-04-09 13:16:26", "ps_cum": "-4.88", "diameter": "0.141319120601213", "ndel": "0", "v_imp": "27.43", "ps_max": "-5.51", "last_obs": "2005-Jul-12.297115", "fullname": "(2005 NX55)", "n_imp": "106", "ts_max": "0", "nsat": "0", "des": "2005 NX55"}, "signature": {"source": "NASA/JPL Sentry Data API", "version": "1.1"}, "data": [{"energy": "3.939e+02", "width": "9.1663e+01", "ip": "3.502e-10", "ts": "0", "stretch": "3.7812e+05", "date": "2092-01-05.39", "dist": "24.339", "sigma_lov": "-2.71599", "sigma_imp": "0.255", "ps": "-7.73"}, {"energy": "3.556e+02", "width": "9.1391e+01", "ip": "1.965e-10", "ts": "0", "stretch": "4.3511e+05", "date": "2088-01-06.43", "dist": "178.941", "sigma_lov": "-2.11906", "sigma_imp": "1.947", "ps": "-7.99"}, {"energy": "3.741e+02", "width": "9.1828e+01", "ip": "2.699e-10", "ts": "0", "stretch": "7.8785e+05", "date": "2086-01-05.37", "dist": "71.674", "sigma_lov": "-2.42589", "sigma_imp": "0.770", "ps": "-7.82"}, {"energy": "3.903e+02", "width": "9.1824e+01", "ip": "1.094e-10", "ts": "0", "stretch": "1.4196e+06", "date": "2086-01-04.98", "dist": "8.198", "sigma_lov": "-2.66768", "sigma_imp": "0.078", "ps": "-8.20"}, {"energy": "3.899e+02", "width": "9.1852e+01", "ip": "1.431e-10", "ts": "0", "stretch": "1.0635e+06", "date": "2083-01-05.35", "dist": "33.571", "sigma_lov": "-2.65140", "sigma_imp": "0.355", "ps": "-8.07"}, {"energy": "3.431e+02", "width": "9.1758e+01", "ip": "1.647e-10", "ts": "0", "stretch": "5.2869e+05", "date": "2081-01-05.89", "dist": "196.637", "sigma_lov": "-1.91968", "sigma_imp": "2.132", "ps": "-8.04"}, {"energy": "3.601e+02", "width": "9.2090e+01", "ip": "1.291e-10", "ts": "0", "stretch": "1.2654e+06", "date": "2081-01-05.52", "dist": "135.453", "sigma_lov": "-2.20229", "sigma_imp": "1.460", "ps": "-8.13"}, {"energy": "3.532e+02", "width": "9.1542e+01", "ip": "1.722e-10", "ts": "0", "stretch": "7.9108e+05", "date": "2080-01-06.42", "dist": "159.236", "sigma_lov": "-2.08887", "sigma_imp": "1.729", "ps": "-8.00"}, {"energy": "3.811e+02", "width": "9.1676e+01", "ip": "1.071e-10", "ts": "0", "stretch": "1.9653e+06", "date": "2079-01-05.46", "dist": "30.637", "sigma_lov": "-2.53131", "sigma_imp": "0.323", "ps": "-8.17"}, {"energy": "3.744e+02", "width": "9.1946e+01", "ip": "2.357e-10", "ts": "0", "stretch": "8.8673e+05", "date": "2078-01-05.38", "dist": "73.050", "sigma_lov": "-2.42795", "sigma_imp": "0.784", "ps": "-7.83"}, {"energy": "3.869e+02", "width": "9.1300e+01", "ip": "2.156e-10", "ts": "0", "stretch": "7.7216e+05", "date": "2077-01-04.98", "dist": "42.855", "sigma_lov": "-2.60299", "sigma_imp": "0.458", "ps": "-7.85"}, {"energy": "4.063e+02", "width": "9.1918e+01", "ip": "1.095e-10", "ts": "0", "stretch": "7.6038e+05", "date": "2077-01-04.56", "dist": "24.813", "sigma_lov": "-2.88049", "sigma_imp": "0.259", "ps": "-8.13"}, {"energy": "3.436e+02", "width": "9.1655e+01", "ip": "1.956e-10", "ts": "0", "stretch": "5.1148e+05", "date": "2076-01-06.73", "dist": "190.302", "sigma_lov": "-1.92146", "sigma_imp": "2.065", "ps": "-7.93"}, {"energy": "3.719e+02", "width": "9.2048e+01", "ip": "1.952e-10", "ts": "0", "stretch": "1.2999e+06", "date": "2075-01-05.77", "dist": "57.831", "sigma_lov": "-2.39588", "sigma_imp": "0.617", "ps": "-7.89"}, {"energy": "3.894e+02", "width": "9.2501e+01", "ip": "1.385e-10", "ts": "0", "stretch": "1.1529e+06", "date": "2072-01-05.61", "dist": "9.988", "sigma_lov": "-2.65383", "sigma_imp": "0.097", "ps": "-8.00"}, {"energy": "3.440e+02", "width": "9.1921e+01", "ip": "1.911e-10", "ts": "0", "stretch": "5.0498e+05", "date": "2071-01-06.50", "dist": "192.138", "sigma_lov": "-1.92354", "sigma_imp": "2.079", "ps": "-7.90"}, {"energy": "3.628e+02", "width": "9.1897e+01", "ip": "3.102e-10", "ts": "0", "stretch": "6.4127e+05", "date": "2071-01-06.06", "dist": "117.425", "sigma_lov": "-2.23427", "sigma_imp": "1.267", "ps": "-7.67"}, {"energy": "3.550e+02", "width": "9.1884e+01", "ip": "1.003e-10", "ts": "0", "stretch": "1.8910e+06", "date": "2070-01-05.98", "dist": "137.364", "sigma_lov": "-2.11768", "sigma_imp": "1.484", "ps": "-8.16"}, {"energy": "3.747e+02", "width": "9.2059e+01", "ip": "3.139e-10", "ts": "0", "stretch": "8.0487e+05", "date": "2070-01-05.49", "dist": "44.558", "sigma_lov": "-2.43104", "sigma_imp": "0.473", "ps": "-7.64"}, {"energy": "3.957e+02", "width": "9.2236e+01", "ip": "1.679e-10", "ts": "0", "stretch": "6.7483e+05", "date": "2070-01-05.03", "dist": "42.685", "sigma_lov": "-2.74457", "sigma_imp": "0.452", "ps": "-7.90"}, {"energy": "3.598e+02", "width": "9.2030e+01", "ip": "4.547e-10", "ts": "0", "stretch": "5.7032e+05", "date": "2068-01-06.32", "dist": "103.615", "sigma_lov": "-2.19625", "sigma_imp": "1.115", "ps": "-7.48"}, {"energy": "3.801e+02", "width": "9.1587e+01", "ip": "1.047e-10", "ts": "0", "stretch": "2.1812e+06", "date": "2068-01-05.85", "dist": "20.388", "sigma_lov": "-2.51154", "sigma_imp": "0.212", "ps": "-8.10"}, {"energy": "3.717e+02", "width": "9.2258e+01", "ip": "3.287e-10", "ts": "0", "stretch": "8.2054e+05", "date": "2067-01-05.75", "dist": "48.517", "sigma_lov": "-2.39417", "sigma_imp": "0.515", "ps": "-7.60"}, {"energy": "3.932e+02", "width": "9.2327e+01", "ip": "1.353e-10", "ts": "0", "stretch": "8.1143e+05", "date": "2067-01-05.22", "dist": "59.507", "sigma_lov": "-2.71874", "sigma_imp": "0.634", "ps": "-7.97"}, {"energy": "3.438e+02", "width": "9.1974e+01", "ip": "1.972e-10", "ts": "0", "stretch": "6.1350e+05", "date": "2066-01-06.21", "dist": "181.796", "sigma_lov": "-1.92585", "sigma_imp": "1.966", "ps": "-7.84"}, {"energy": "3.645e+02", "width": "9.2623e+01", "ip": "3.581e-10", "ts": "0", "stretch": "6.3609e+05", "date": "2066-01-05.73", "dist": "101.308", "sigma_lov": "-2.26752", "sigma_imp": "1.083", "ps": "-7.56"}, {"energy": "3.780e+02", "width": "9.2194e+01", "ip": "1.228e-10", "ts": "0", "stretch": "1.8071e+06", "date": "2065-01-05.27", "dist": "49.015", "sigma_lov": "-2.47368", "sigma_imp": "0.521", "ps": "-8.01"}, {"energy": "3.482e+02", "width": "9.2300e+01", "ip": "4.321e-10", "ts": "0", "stretch": "4.6523e+05", "date": "2064-01-06.69", "dist": "148.074", "sigma_lov": "-2.00494", "sigma_imp": "1.593", "ps": "-7.48"}, {"energy": "3.481e+02", "width": "9.2157e+01", "ip": "6.744e-10", "ts": "0", "stretch": "2.9906e+05", "date": "2064-01-06.69", "dist": "148.001", "sigma_lov": "-2.00268", "sigma_imp": "1.595", "ps": "-7.28"}, {"energy": "3.694e+02", "width": "9.1766e+01", "ip": "2.074e-10", "ts": "0", "stretch": "1.4000e+06", "date": "2064-01-06.20", "dist": "54.577", "sigma_lov": "-2.34904", "sigma_imp": "0.584", "ps": "-7.78"}, {"energy": "3.920e+02", "width": "9.2212e+01", "ip": "1.885e-10", "ts": "0", "stretch": "6.5615e+05", "date": "2064-01-05.67", "dist": "52.768", "sigma_lov": "-2.69144", "sigma_imp": "0.561", "ps": "-7.80"}, {"energy": "3.396e+02", "width": "9.1879e+01", "ip": "1.309e-10", "ts": "0", "stretch": "1.2355e+06", "date": "2063-01-06.62", "dist": "173.790", "sigma_lov": "-1.85966", "sigma_imp": "1.881", "ps": "-8.00"}, {"energy": "3.833e+02", "width": "9.2831e+01", "ip": "3.251e-10", "ts": "0", "stretch": "5.8974e+05", "date": "2063-01-05.54", "dist": "27.900", "sigma_lov": "-2.56704", "sigma_imp": "0.290", "ps": "-7.56"}, {"energy": "3.746e+02", "width": "9.2443e+01", "ip": "3.313e-10", "ts": "0", "stretch": "8.2658e+05", "date": "2062-01-05.51", "dist": "20.333", "sigma_lov": "-2.43436", "sigma_imp": "0.209", "ps": "-7.55"}, {"energy": "3.983e+02", "width": "9.2875e+01", "ip": "1.001e-10", "ts": "0", "stretch": "8.3591e+05", "date": "2062-01-05.01", "dist": "70.352", "sigma_lov": "-2.78651", "sigma_imp": "0.747", "ps": "-8.05"}, {"energy": "3.436e+02", "width": "9.2118e+01", "ip": "3.038e-10", "ts": "0", "stretch": "6.8744e+05", "date": "2061-01-06.00", "dist": "154.179", "sigma_lov": "-1.92846", "sigma_imp": "1.663", "ps": "-7.61"}, {"energy": "3.661e+02", "width": "9.2505e+01", "ip": "3.836e-10", "ts": "0", "stretch": "8.2132e+05", "date": "2061-01-05.48", "dist": "58.992", "sigma_lov": "-2.29895", "sigma_imp": "0.627", "ps": "-7.48"}, {"energy": "3.896e+02", "width": "9.2408e+01", "ip": "1.351e-10", "ts": "0", "stretch": "1.0298e+06", "date": "2061-01-04.93", "dist": "47.859", "sigma_lov": "-2.65760", "sigma_imp": "0.507", "ps": "-7.91"}, {"energy": "3.814e+02", "width": "9.2635e+01", "ip": "1.152e-10", "ts": "0", "stretch": "1.9099e+06", "date": "2060-01-05.91", "dist": "8.345", "sigma_lov": "-2.52993", "sigma_imp": "0.079", "ps": "-7.98"}, {"energy": "3.722e+02", "width": "9.2376e+01", "ip": "3.513e-10", "ts": "0", "stretch": "7.4160e+05", "date": "2059-01-05.93", "dist": "55.427", "sigma_lov": "-2.39073", "sigma_imp": "0.589", "ps": "-7.50"}, {"energy": "3.397e+02", "width": "9.2045e+01", "ip": "1.336e-10", "ts": "0", "stretch": "1.0127e+06", "date": "2058-01-06.42", "dist": "182.774", "sigma_lov": "-1.85672", "sigma_imp": "1.975", "ps": "-7.94"}, {"energy": "3.629e+02", "width": "9.1587e+01", "ip": "3.725e-10", "ts": "0", "stretch": "8.6201e+05", "date": "2058-01-05.84", "dist": "73.433", "sigma_lov": "-2.24289", "sigma_imp": "0.791", "ps": "-7.47"}, {"energy": "3.535e+02", "width": "9.2627e+01", "ip": "4.856e-10", "ts": "0", "stretch": "5.8406e+05", "date": "2057-01-05.79", "dist": "114.141", "sigma_lov": "-2.09278", "sigma_imp": "1.221", "ps": "-7.35"}, {"energy": "3.783e+02", "width": "9.2689e+01", "ip": "3.924e-10", "ts": "0", "stretch": "6.2641e+05", "date": "2057-01-05.19", "dist": "2.763", "sigma_lov": "-2.48698", "sigma_imp": "0.019", "ps": "-7.42"}, {"energy": "3.435e+02", "width": "9.2060e+01", "ip": "4.226e-10", "ts": "0", "stretch": "6.4148e+05", "date": "2056-01-06.72", "dist": "138.667", "sigma_lov": "-1.93161", "sigma_imp": "1.495", "ps": "-7.41"}, {"energy": "3.949e+02", "width": "9.2325e+01", "ip": "1.146e-10", "ts": "0", "stretch": "8.0927e+05", "date": "2056-01-05.58", "dist": "74.806", "sigma_lov": "-2.73643", "sigma_imp": "0.799", "ps": "-7.93"}, {"energy": "3.338e+02", "width": "9.1450e+01", "ip": "1.307e-10", "ts": "0", "stretch": "8.6891e+05", "date": "2055-01-06.74", "dist": "197.592", "sigma_lov": "-1.75606", "sigma_imp": "2.150", "ps": "-7.92"}, {"energy": "3.339e+02", "width": "9.2430e+01", "ip": "1.865e-10", "ts": "0", "stretch": "6.4779e+05", "date": "2055-01-06.73", "dist": "196.430", "sigma_lov": "-1.75809", "sigma_imp": "2.114", "ps": "-7.76"}, {"energy": "3.590e+02", "width": "9.2550e+01", "ip": "5.136e-10", "ts": "0", "stretch": "6.9023e+05", "date": "2055-01-06.10", "dist": "75.955", "sigma_lov": "-2.18652", "sigma_imp": "0.810", "ps": "-7.30"}, {"energy": "3.490e+02", "width": "9.1905e+01", "ip": "1.332e-10", "ts": "0", "stretch": "1.5460e+06", "date": "2054-01-06.18", "dist": "144.852", "sigma_lov": "-2.01720", "sigma_imp": "1.565", "ps": "-7.88"}, {"energy": "3.752e+02", "width": "9.2593e+01", "ip": "3.547e-10", "ts": "0", "stretch": "7.5205e+05", "date": "2054-01-05.53", "dist": "25.432", "sigma_lov": "-2.43895", "sigma_imp": "0.264", "ps": "-7.43"}, {"energy": "3.394e+02", "width": "9.2249e+01", "ip": "1.876e-10", "ts": "0", "stretch": "6.7493e+05", "date": "2053-01-06.23", "dist": "186.507", "sigma_lov": "-1.85213", "sigma_imp": "2.011", "ps": "-7.73"}, {"energy": "3.653e+02", "width": "9.2347e+01", "ip": "1.772e-10", "ts": "0", "stretch": "1.6472e+06", "date": "2053-01-05.62", "dist": "74.465", "sigma_lov": "-2.27980", "sigma_imp": "0.796", "ps": "-7.73"}, {"energy": "3.551e+02", "width": "9.2250e+01", "ip": "3.506e-10", "ts": "0", "stretch": "9.7622e+05", "date": "2052-01-06.60", "dist": "94.724", "sigma_lov": "-2.11569", "sigma_imp": "1.016", "ps": "-7.43"}, {"energy": "3.826e+02", "width": "9.2438e+01", "ip": "2.707e-10", "ts": "0", "stretch": "7.0578e+05", "date": "2052-01-05.94", "dist": "40.531", "sigma_lov": "-2.55010", "sigma_imp": "0.428", "ps": "-7.52"}, {"energy": "3.435e+02", "width": "9.2508e+01", "ip": "6.070e-10", "ts": "0", "stretch": "6.1486e+05", "date": "2051-01-06.51", "dist": "117.177", "sigma_lov": "-1.93560", "sigma_imp": "1.256", "ps": "-7.19"}, {"energy": "3.712e+02", "width": "9.2704e+01", "ip": "2.683e-10", "ts": "0", "stretch": "1.1657e+06", "date": "2051-01-05.89", "dist": "3.042", "sigma_lov": "-2.38790", "sigma_imp": "0.022", "ps": "-7.52"}, {"energy": "3.901e+02", "width": "9.2835e+01", "ip": "1.606e-10", "ts": "0", "stretch": "7.2407e+05", "date": "2050-01-05.25", "dist": "70.820", "sigma_lov": "-2.66443", "sigma_imp": "0.752", "ps": "-7.71"}, {"energy": "3.498e+02", "width": "9.2694e+01", "ip": "6.677e-10", "ts": "0", "stretch": "5.2955e+05", "date": "2049-01-05.92", "dist": "106.558", "sigma_lov": "-2.03323", "sigma_imp": "1.139", "ps": "-7.12"}, {"energy": "3.386e+02", "width": "9.2709e+01", "ip": "3.296e-10", "ts": "0", "stretch": "5.5642e+05", "date": "2048-01-06.96", "dist": "170.046", "sigma_lov": "-1.84475", "sigma_imp": "1.823", "ps": "-7.42"}, {"energy": "3.567e+02", "width": "9.2550e+01", "ip": "6.357e-10", "ts": "0", "stretch": "5.5946e+05", "date": "2047-01-06.31", "dist": "86.351", "sigma_lov": "-2.13944", "sigma_imp": "0.922", "ps": "-7.11"}, {"energy": "3.879e+02", "width": "9.2788e+01", "ip": "1.850e-10", "ts": "0", "stretch": "8.6727e+05", "date": "2047-01-05.66", "dist": "37.096", "sigma_lov": "-2.62259", "sigma_imp": "0.389", "ps": "-7.61"}, {"energy": "3.443e+02", "width": "9.2458e+01", "ip": "5.545e-10", "ts": "0", "stretch": "6.1089e+05", "date": "2046-01-06.29", "dist": "123.412", "sigma_lov": "-1.94018", "sigma_imp": "1.324", "ps": "-7.16"}, {"energy": "3.754e+02", "width": "9.2852e+01", "ip": "4.122e-10", "ts": "0", "stretch": "6.4883e+05", "date": "2046-01-05.58", "dist": "16.773", "sigma_lov": "-2.44555", "sigma_imp": "0.170", "ps": "-7.26"}, {"energy": "3.320e+02", "width": "9.2324e+01", "ip": "2.847e-10", "ts": "0", "stretch": "5.4573e+05", "date": "2045-01-06.35", "dist": "187.438", "sigma_lov": "-1.72765", "sigma_imp": "2.019", "ps": "-7.45"}, {"energy": "3.632e+02", "width": "9.2042e+01", "ip": "3.591e-10", "ts": "0", "stretch": "1.0377e+06", "date": "2045-01-05.62", "dist": "48.785", "sigma_lov": "-2.25506", "sigma_imp": "0.519", "ps": "-7.32"}, {"energy": "3.509e+02", "width": "9.2556e+01", "ip": "1.163e-09", "ts": "0", "stretch": "3.7530e+05", "date": "2044-01-06.60", "dist": "84.076", "sigma_lov": "-2.05257", "sigma_imp": "0.898", "ps": "-6.80"}, {"energy": "3.512e+02", "width": "9.2014e+01", "ip": "4.591e-10", "ts": "0", "stretch": "9.5630e+05", "date": "2044-01-06.59", "dist": "82.415", "sigma_lov": "-2.05801", "sigma_imp": "0.885", "ps": "-7.21"}, {"energy": "3.845e+02", "width": "9.2787e+01", "ip": "3.167e-10", "ts": "0", "stretch": "4.8924e+05", "date": "2044-01-05.86", "dist": "61.916", "sigma_lov": "-2.58112", "sigma_imp": "0.657", "ps": "-7.34"}, {"energy": "3.379e+02", "width": "9.2618e+01", "ip": "4.567e-10", "ts": "0", "stretch": "5.2180e+05", "date": "2043-01-06.67", "dist": "157.052", "sigma_lov": "-1.83574", "sigma_imp": "1.685", "ps": "-7.21"}, {"energy": "3.710e+02", "width": "9.2886e+01", "ip": "3.300e-10", "ts": "0", "stretch": "9.5204e+05", "date": "2043-01-05.90", "dist": "4.153", "sigma_lov": "-2.38497", "sigma_imp": "0.034", "ps": "-7.31"}, {"energy": "3.585e+02", "width": "9.2757e+01", "ip": "6.842e-10", "ts": "0", "stretch": "5.2393e+05", "date": "2042-01-06.01", "dist": "77.784", "sigma_lov": "-2.17354", "sigma_imp": "0.828", "ps": "-6.99"}, {"energy": "3.945e+02", "width": "9.3131e+01", "ip": "1.430e-10", "ts": "0", "stretch": "6.4823e+05", "date": "2042-01-05.19", "dist": "78.139", "sigma_lov": "-2.72467", "sigma_imp": "0.828", "ps": "-7.64"}, {"energy": "3.451e+02", "width": "9.2497e+01", "ip": "5.568e-10", "ts": "0", "stretch": "5.6849e+05", "date": "2041-01-06.11", "dist": "127.314", "sigma_lov": "-1.94584", "sigma_imp": "1.366", "ps": "-7.08"}, {"energy": "3.812e+02", "width": "9.2936e+01", "ip": "4.490e-10", "ts": "0", "stretch": "4.8418e+05", "date": "2041-01-05.35", "dist": "23.098", "sigma_lov": "-2.52286", "sigma_imp": "0.238", "ps": "-7.14"}, {"energy": "3.662e+02", "width": "9.2851e+01", "ip": "7.114e-10", "ts": "0", "stretch": "5.3163e+05", "date": "2040-01-06.36", "dist": "4.300", "sigma_lov": "-2.30586", "sigma_imp": "0.036", "ps": "-6.93"}, {"energy": "3.905e+02", "width": "9.3496e+01", "ip": "1.171e-10", "ts": "0", "stretch": "5.8379e+05", "date": "2039-01-05.51", "dist": "116.948", "sigma_lov": "-2.67682", "sigma_imp": "1.240", "ps": "-7.67"}, {"energy": "3.375e+02", "width": "9.2579e+01", "ip": "6.644e-10", "ts": "0", "stretch": "4.5234e+05", "date": "2038-01-06.52", "dist": "145.023", "sigma_lov": "-1.82435", "sigma_imp": "1.556", "ps": "-6.95"}, {"energy": "3.760e+02", "width": "9.3019e+01", "ip": "4.217e-10", "ts": "0", "stretch": "5.8163e+05", "date": "2038-01-05.63", "dist": "36.865", "sigma_lov": "-2.45473", "sigma_imp": "0.386", "ps": "-7.11"}, {"energy": "3.453e+02", "width": "9.2866e+01", "ip": "8.157e-10", "ts": "0", "stretch": "4.9323e+05", "date": "2036-01-06.84", "dist": "109.028", "sigma_lov": "-1.95316", "sigma_imp": "1.163", "ps": "-6.81"}, {"energy": "3.873e+02", "width": "9.3352e+01", "ip": "1.614e-10", "ts": "0", "stretch": "8.1547e+05", "date": "2036-01-05.93", "dist": "69.608", "sigma_lov": "-2.62029", "sigma_imp": "0.735", "ps": "-7.47"}, {"energy": "3.290e+02", "width": "9.2276e+01", "ip": "4.037e-10", "ts": "0", "stretch": "4.2909e+05", "date": "2035-01-07.02", "dist": "186.855", "sigma_lov": "-1.67020", "sigma_imp": "2.014", "ps": "-7.11"}, {"energy": "3.712e+02", "width": "9.3202e+01", "ip": "7.439e-10", "ts": "0", "stretch": "4.2858e+05", "date": "2035-01-06.06", "dist": "1.305", "sigma_lov": "-2.37773", "sigma_imp": "0.003", "ps": "-6.80"}, {"energy": "3.538e+02", "width": "9.3012e+01", "ip": "1.111e-09", "ts": "0", "stretch": "4.4485e+05", "date": "2034-01-06.12", "dist": "55.042", "sigma_lov": "-2.10454", "sigma_imp": "0.581", "ps": "-6.62"}, {"energy": "3.367e+02", "width": "9.2563e+01", "ip": "8.602e-10", "ts": "0", "stretch": "3.8886e+05", "date": "2033-01-06.29", "dist": "140.366", "sigma_lov": "-1.80796", "sigma_imp": "1.506", "ps": "-6.72"}, {"energy": "3.827e+02", "width": "9.3201e+01", "ip": "2.976e-10", "ts": "0", "stretch": "5.0903e+05", "date": "2033-01-05.22", "dist": "73.015", "sigma_lov": "-2.55528", "sigma_imp": "0.773", "ps": "-7.13"}, {"energy": "3.639e+02", "width": "9.3175e+01", "ip": "9.876e-10", "ts": "0", "stretch": "4.1047e+05", "date": "2032-01-06.36", "dist": "0.759", "sigma_lov": "-2.27450", "sigma_imp": "0.000", "ps": "-6.60"}, {"energy": "3.454e+02", "width": "9.2894e+01", "ip": "1.238e-09", "ts": "0", "stretch": "3.8811e+05", "date": "2031-01-06.52", "dist": "91.952", "sigma_lov": "-1.96411", "sigma_imp": "0.979", "ps": "-6.49"}, {"energy": "3.266e+02", "width": "9.2286e+01", "ip": "4.048e-10", "ts": "0", "stretch": "3.5337e+05", "date": "2030-01-06.85", "dist": "198.842", "sigma_lov": "-1.62172", "sigma_imp": "2.144", "ps": "-6.96"}, {"energy": "3.774e+02", "width": "9.3249e+01", "ip": "5.571e-10", "ts": "0", "stretch": "4.3222e+05", "date": "2030-01-05.66", "dist": "31.444", "sigma_lov": "-2.47008", "sigma_imp": "0.326", "ps": "-6.77"}, {"energy": "3.567e+02", "width": "9.2924e+01", "ip": "1.236e-09", "ts": "0", "stretch": "3.8301e+05", "date": "2029-01-05.90", "dist": "46.934", "sigma_lov": "-2.14786", "sigma_imp": "0.494", "ps": "-6.41"}, {"energy": "3.355e+02", "width": "9.2469e+01", "ip": "1.305e-09", "ts": "0", "stretch": "3.3907e+05", "date": "2028-01-07.12", "dist": "124.738", "sigma_lov": "-1.78619", "sigma_imp": "1.338", "ps": "-6.37"}, {"energy": "3.696e+02", "width": "9.3595e+01", "ip": "8.523e-10", "ts": "0", "stretch": "3.4854e+05", "date": "2027-01-06.05", "dist": "42.251", "sigma_lov": "-2.36283", "sigma_imp": "0.441", "ps": "-6.48"}, {"energy": "3.463e+02", "width": "9.2943e+01", "ip": "1.774e-09", "ts": "0", "stretch": "3.1440e+05", "date": "2026-01-06.34", "dist": "72.742", "sigma_lov": "-1.98129", "sigma_imp": "0.772", "ps": "-6.14"}, {"energy": "3.867e+02", "width": "9.3869e+01", "ip": "2.273e-10", "ts": "0", "stretch": "3.7285e+05", "date": "2025-01-05.23", "dist": "112.944", "sigma_lov": "-2.61603", "sigma_imp": "1.193", "ps": "-6.94"}, {"energy": "3.336e+02", "width": "9.2543e+01", "ip": "1.438e-09", "ts": "0", "stretch": "2.6857e+05", "date": "2023-01-06.94", "dist": "137.517", "sigma_lov": "-1.75301", "sigma_imp": "1.475", "ps": "-6.06"}, {"energy": "3.790e+02", "width": "9.3577e+01", "ip": "5.102e-10", "ts": "0", "stretch": "2.9151e+05", "date": "2022-01-05.62", "dist": "89.561", "sigma_lov": "-2.50113", "sigma_imp": "0.946", "ps": "-6.38"}, {"energy": "3.478e+02", "width": "9.2860e+01", "ip": "2.312e-09", "ts": "0", "stretch": "2.5894e+05", "date": "2021-01-06.04", "dist": "56.110", "sigma_lov": "-2.00845", "sigma_imp": "0.593", "ps": "-5.65"}, {"energy": "3.678e+02", "width": "9.3497e+01", "ip": "1.426e-09", "ts": "0", "stretch": "2.2975e+05", "date": "2019-01-06.07", "dist": "36.308", "sigma_lov": "-2.33274", "sigma_imp": "0.378", "ps": "-5.51"}, {"energy": "4.130e+02", "width": "9.1748e+01", "ip": "3.489e-10", "ts": "0", "stretch": "1.8668e+05", "date": "2107-01-05.58", "dist": "1.165", "sigma_lov": "-2.97763", "sigma_imp": "0.002", "ps": "-7.79"}, {"energy": "3.890e+02", "width": "9.1189e+01", "ip": "1.539e-10", "ts": "0", "stretch": "8.7265e+05", "date": "2105-01-05.64", "dist": "59.180", "sigma_lov": "-2.64713", "sigma_imp": "0.638", "ps": "-8.16"}, {"energy": "3.983e+02", "width": "9.0532e+01", "ip": "1.100e-10", "ts": "0", "stretch": "9.7982e+05", "date": "2104-01-06.19", "dist": "39.528", "sigma_lov": "-2.77374", "sigma_imp": "0.426", "ps": "-8.29"}, {"energy": "3.742e+02", "width": "9.1279e+01", "ip": "2.552e-10", "ts": "0", "stretch": "4.8459e+05", "date": "2102-01-06.22", "dist": "119.701", "sigma_lov": "-2.42278", "sigma_imp": "1.300", "ps": "-7.94"}, {"energy": "3.746e+02", "width": "9.1295e+01", "ip": "3.312e-10", "ts": "0", "stretch": "4.7412e+05", "date": "2094-01-05.37", "dist": "101.411", "sigma_lov": "-2.42445", "sigma_imp": "1.100", "ps": "-7.78"}, {"energy": "3.897e+02", "width": "9.1314e+01", "ip": "1.700e-10", "ts": "0", "stretch": "8.6116e+05", "date": "2094-01-05.03", "dist": "44.114", "sigma_lov": "-2.64944", "sigma_imp": "0.472", "ps": "-8.06"}, {"energy": "3.940e+02", "width": "9.1430e+01", "ip": "2.126e-10", "ts": "0", "stretch": "6.1817e+05", "date": "2092-01-05.39", "dist": "26.220", "sigma_lov": "-2.71744", "sigma_imp": "0.276", "ps": "-7.95"}]}