{"summary": {"energy": "8.094e+00", "darc": "7.0784 days", "ip": "1.894e-06", "h": "23.77", "nobs": "14", "mass": "2.89e+08", "v_inf": "10.55", "first_obs": "2006-Aug-27.6651", "method": "LOV", "pdate": "2017-04-09 18:06:00", "ndop": "0", "cdate": "2017-04-09 18:06:00", "ps_cum": "-5.27", "diameter": "6.0e-02", "ndel": "0", "v_imp": "15.34", "ps_max": "-5.27", "last_obs": "2006-Sep-03.74346", "fullname": "(2006 QN111)", "n_imp": "1", "ts_max": "0", "nsat": "0", "des": "2006 QN111"}, "signature": {"source": "NASA/JPL Sentry Data API", "version": "1.1"}, "data": [{"energy": "8.094e+00", "width": "1.5238e-02", "ip": "1.894e-06", "ts": "0", "stretch": "6.9273e+04", "date": "2079-08-16.47", "dist": "0.437", "sigma_lov": "-1.84122", "sigma_imp": "0.000", "ps": "-5.27"}]}