{"summary": {"energy": "1.306e+00", "darc": "27.157 days", "ip": "6.417751e-06", "h": "25.20", "nobs": "102", "mass": "4.01e+07", "v_inf": "12.23", "first_obs": "2006-Sep-16.24646", "method": "LOV", "pdate": "2017-04-17 10:02:20", "ndop": "0", "cdate": "2017-04-17 10:02:20", "ps_cum": "-5.15", "diameter": "0.031", "ndel": "0", "v_imp": "16.55", "ps_max": "-5.15", "last_obs": "2006-Oct-13.403084", "fullname": "(2006 SC)", "n_imp": "5", "ts_max": "0", "nsat": "0", "des": "2006 SC"}, "signature": {"source": "NASA/JPL Sentry Data API", "version": "1.1"}, "data": [{"energy": "1.296e+00", "width": "0.0000e+00", "ip": "1.586e-09", "ts": "0", "stretch": "2.0167e+06", "date": "2109-09-14.39", "dist": "0.999", "sigma_lov": "-2.12129", "sigma_imp": "0.000", "ps": "-9.15"}, {"energy": "1.296e+00", "width": "6.8042e-03", "ip": "1.004e-07", "ts": "0", "stretch": "8.3110e+05", "date": "2109-09-14.41", "dist": "0.119", "sigma_lov": "-2.12322", "sigma_imp": "0.000", "ps": "-7.35"}, {"energy": "1.298e+00", "width": "3.4021e-03", "ip": "1.169e-07", "ts": "0", "stretch": "3.9410e+05", "date": "2095-09-14.00", "dist": "0.719", "sigma_lov": "-2.23245", "sigma_imp": "0.000", "ps": "-7.21"}, {"energy": "1.310e+00", "width": "1.1948e-02", "ip": "3.865e-09", "ts": "0", "stretch": "3.9988e+05", "date": "2091-03-11.87", "dist": "0.265", "sigma_lov": "3.52954", "sigma_imp": "0.000", "ps": "-8.66"}, {"energy": "1.306e+00", "width": "7.4423e-04", "ip": "6.195e-06", "ts": "0", "stretch": "1.2909e+02", "date": "2053-09-13.61", "dist": "0.330", "sigma_lov": "3.70624", "sigma_imp": "0.000", "ps": "-5.15"}]}