{"summary": {"energy": "1.328e-01", "darc": ".92962 days", "ip": "0.0001407210255", "h": "26.74", "nobs": "19", "mass": "4.82e+06", "v_inf": "10.37", "first_obs": "2006-Feb-27.19803", "method": "LOV", "pdate": "2017-04-07 09:38:51", "ndop": "0", "cdate": "2017-04-07 09:38:51", "ps_cum": "-4.26", "diameter": "0.015", "ndel": "0", "v_imp": "15.22", "ps_max": "-4.56", "last_obs": "2006-Feb-28.12765", "fullname": "(2006 DM63)", "n_imp": "39", "ts_max": "0", "nsat": "0", "des": "2006 DM63"}, "signature": {"source": "NASA/JPL Sentry Data API", "version": "1.1"}, "data": [{"energy": "1.294e-01", "width": "0.0000e+00", "ip": "6.939e-10", "ts": "0", "stretch": "1.9517e+07", "date": "2052-02-24.50", "dist": "0.565", "sigma_lov": "-2.79508", "sigma_imp": "0.000", "ps": "-9.89"}, {"energy": "1.293e-01", "width": "0.0000e+00", "ip": "8.933e-10", "ts": "0", "stretch": "1.5447e+07", "date": "2052-02-24.52", "dist": "0.518", "sigma_lov": "-2.79314", "sigma_imp": "0.000", "ps": "-9.78"}, {"energy": "1.324e-01", "width": "7.5457e+00", "ip": "8.979e-10", "ts": "0", "stretch": "2.0861e+07", "date": "2047-02-24.60", "dist": "11.865", "sigma_lov": "-0.24680", "sigma_imp": "1.440", "ps": "-9.70"}, {"energy": "1.350e-01", "width": "3.1427e-02", "ip": "1.723e-08", "ts": "0", "stretch": "1.4830e+07", "date": "2046-02-24.21", "dist": "0.641", "sigma_lov": "1.32217", "sigma_imp": "0.000", "ps": "-8.40"}, {"energy": "1.312e-01", "width": "2.9483e-02", "ip": "2.374e-06", "ts": "0", "stretch": "4.7306e+04", "date": "2045-02-23.82", "dist": "0.870", "sigma_lov": "-1.57837", "sigma_imp": "0.000", "ps": "-6.25"}, {"energy": "1.352e-01", "width": "2.2222e-02", "ip": "9.321e-08", "ts": "0", "stretch": "3.5249e+06", "date": "2042-02-24.17", "dist": "0.298", "sigma_lov": "1.29615", "sigma_imp": "0.000", "ps": "-7.60"}, {"energy": "1.341e-01", "width": "4.2333e-02", "ip": "2.208e-06", "ts": "0", "stretch": "3.0920e+05", "date": "2042-02-24.06", "dist": "0.087", "sigma_lov": "0.54937", "sigma_imp": "0.000", "ps": "-6.23"}, {"energy": "1.294e-01", "width": "5.1595e-02", "ip": "9.576e-09", "ts": "0", "stretch": "8.7247e+05", "date": "2042-02-23.97", "dist": "0.429", "sigma_lov": "-2.98460", "sigma_imp": "0.000", "ps": "-8.60"}, {"energy": "1.352e-01", "width": "2.2831e+00", "ip": "3.426e-08", "ts": "0", "stretch": "1.0392e+06", "date": "2041-02-23.93", "dist": "3.124", "sigma_lov": "1.34167", "sigma_imp": "0.930", "ps": "-8.02"}, {"energy": "1.352e-01", "width": "2.6980e+00", "ip": "2.404e-08", "ts": "0", "stretch": "1.0464e+06", "date": "2041-02-23.93", "dist": "4.033", "sigma_lov": "1.34139", "sigma_imp": "1.124", "ps": "-8.17"}, {"energy": "1.327e-01", "width": "2.6132e-02", "ip": "7.453e-07", "ts": "0", "stretch": "8.1377e+05", "date": "2041-02-23.81", "dist": "0.621", "sigma_lov": "-0.24240", "sigma_imp": "0.000", "ps": "-6.68"}, {"energy": "1.341e-01", "width": "4.5177e-02", "ip": "8.794e-07", "ts": "0", "stretch": "7.4798e+05", "date": "2039-02-24.34", "dist": "0.256", "sigma_lov": "0.56193", "sigma_imp": "0.000", "ps": "-6.57"}, {"energy": "1.293e-01", "width": "4.1756e-02", "ip": "1.041e-07", "ts": "0", "stretch": "1.1327e+05", "date": "2038-02-24.01", "dist": "0.317", "sigma_lov": "-2.88433", "sigma_imp": "0.000", "ps": "-7.49"}, {"energy": "1.323e-01", "width": "5.2341e-02", "ip": "6.872e-06", "ts": "0", "stretch": "5.5370e+04", "date": "2038-02-24.00", "dist": "0.763", "sigma_lov": "-0.77012", "sigma_imp": "0.000", "ps": "-5.66"}, {"energy": "1.310e-01", "width": "2.5352e-02", "ip": "1.349e-06", "ts": "0", "stretch": "5.9531e+03", "date": "2038-02-24.04", "dist": "1.020", "sigma_lov": "-1.55728", "sigma_imp": "0.774", "ps": "-6.37"}, {"energy": "1.274e-01", "width": "5.4944e-02", "ip": "4.404e-09", "ts": "0", "stretch": "8.6664e+03", "date": "2037-02-23.68", "dist": "0.498", "sigma_lov": "-4.42705", "sigma_imp": "0.000", "ps": "-8.85"}, {"energy": "1.352e-01", "width": "1.9642e-02", "ip": "2.326e-07", "ts": "0", "stretch": "1.3714e+06", "date": "2036-02-24.68", "dist": "0.165", "sigma_lov": "1.34338", "sigma_imp": "0.000", "ps": "-7.08"}, {"energy": "1.353e-01", "width": "2.8601e-02", "ip": "5.935e-06", "ts": "0", "stretch": "4.2219e+04", "date": "2036-02-24.69", "dist": "0.518", "sigma_lov": "1.41490", "sigma_imp": "0.000", "ps": "-5.67"}, {"energy": "1.338e-01", "width": "4.4736e-02", "ip": "4.883e-09", "ts": "0", "stretch": "6.3035e+03", "date": "2035-02-24.32", "dist": "1.152", "sigma_lov": "0.55796", "sigma_imp": "3.402", "ps": "-8.74"}, {"energy": "1.329e-01", "width": "3.1404e-02", "ip": "5.272e-05", "ts": "0", "stretch": "1.1818e+04", "date": "2035-02-24.35", "dist": "0.613", "sigma_lov": "-0.14472", "sigma_imp": "0.000", "ps": "-4.71"}, {"energy": "1.350e-01", "width": "2.6040e-02", "ip": "6.348e-07", "ts": "0", "stretch": "4.1574e+05", "date": "2034-02-24.22", "dist": "0.622", "sigma_lov": "1.31212", "sigma_imp": "0.000", "ps": "-6.60"}, {"energy": "1.326e-01", "width": "4.8434e-02", "ip": "5.774e-05", "ts": "0", "stretch": "9.3830e+03", "date": "2031-02-24.25", "dist": "0.428", "sigma_lov": "-0.75377", "sigma_imp": "0.000", "ps": "-4.56"}, {"energy": "1.327e-01", "width": "3.6165e-02", "ip": "5.957e-07", "ts": "0", "stretch": "1.2319e+06", "date": "2063-02-24.44", "dist": "0.259", "sigma_lov": "-0.31033", "sigma_imp": "0.000", "ps": "-7.07"}, {"energy": "1.313e-01", "width": "2.7323e-02", "ip": "8.790e-08", "ts": "0", "stretch": "8.3413e+05", "date": "2063-02-24.26", "dist": "0.953", "sigma_lov": "-1.50478", "sigma_imp": "0.000", "ps": "-7.90"}, {"energy": "1.392e-01", "width": "6.3762e-02", "ip": "3.009e-09", "ts": "0", "stretch": "1.7062e+05", "date": "2058-02-24.13", "dist": "0.413", "sigma_lov": "3.80765", "sigma_imp": "0.000", "ps": "-9.30"}, {"energy": "1.326e-01", "width": "0.0000e+00", "ip": "5.791e-09", "ts": "0", "stretch": "7.3766e+07", "date": "2057-02-23.80", "dist": "0.835", "sigma_lov": "-0.24021", "sigma_imp": "0.000", "ps": "-9.02"}, {"energy": "1.328e-01", "width": "4.3435e-02", "ip": "9.766e-07", "ts": "0", "stretch": "5.4724e+05", "date": "2056-02-24.44", "dist": "0.477", "sigma_lov": "-0.73525", "sigma_imp": "0.000", "ps": "-6.78"}, {"energy": "1.314e-01", "width": "2.6111e-02", "ip": "4.449e-06", "ts": "0", "stretch": "5.5977e+04", "date": "2056-02-24.47", "dist": "0.237", "sigma_lov": "-1.50648", "sigma_imp": "0.000", "ps": "-6.12"}, {"energy": "1.339e-01", "width": "4.9962e-02", "ip": "1.011e-06", "ts": "0", "stretch": "5.2726e+05", "date": "2054-02-24.06", "dist": "0.617", "sigma_lov": "0.56666", "sigma_imp": "0.000", "ps": "-6.74"}, {"energy": "1.384e-01", "width": "4.6881e-02", "ip": "8.026e-10", "ts": "0", "stretch": "9.4764e+04", "date": "2054-02-24.09", "dist": "1.023", "sigma_lov": "3.62503", "sigma_imp": "0.501", "ps": "-9.83"}, {"energy": "1.333e-01", "width": "6.4026e+00", "ip": "2.289e-08", "ts": "0", "stretch": "9.9746e+05", "date": "2116-03-30.30", "dist": "8.282", "sigma_lov": "-0.88909", "sigma_imp": "1.137", "ps": "-8.81"}, {"energy": "1.296e-01", "width": "2.0769e+01", "ip": "1.311e-09", "ts": "0", "stretch": "1.5512e+05", "date": "2110-02-25.17", "dist": "27.252", "sigma_lov": "-2.79720", "sigma_imp": "1.264", "ps": "-10.0"}, {"energy": "1.333e-01", "width": "5.0094e+00", "ip": "7.175e-10", "ts": "0", "stretch": "2.5033e+06", "date": "2083-04-05.11", "dist": "13.417", "sigma_lov": "-0.96049", "sigma_imp": "2.479", "ps": "-10.1"}, {"energy": "1.326e-01", "width": "6.1112e-02", "ip": "2.262e-07", "ts": "0", "stretch": "2.7297e+06", "date": "2081-02-23.84", "dist": "0.219", "sigma_lov": "-0.67796", "sigma_imp": "0.000", "ps": "-7.63"}, {"energy": "1.296e-01", "width": "7.3319e+01", "ip": "1.489e-09", "ts": "0", "stretch": "2.8409e+04", "date": "2079-03-21.25", "dist": "114.746", "sigma_lov": "-2.77733", "sigma_imp": "1.551", "ps": "-9.81"}, {"energy": "1.337e-01", "width": "1.4616e+00", "ip": "3.513e-10", "ts": "0", "stretch": "5.5854e+06", "date": "2071-03-30.71", "dist": "4.894", "sigma_lov": "-0.36364", "sigma_imp": "2.664", "ps": "-10.4"}, {"energy": "1.324e-01", "width": "4.6159e-02", "ip": "1.337e-06", "ts": "0", "stretch": "3.6211e+05", "date": "2067-02-24.48", "dist": "0.650", "sigma_lov": "-0.66606", "sigma_imp": "0.000", "ps": "-6.75"}, {"energy": "1.313e-01", "width": "4.2308e+00", "ip": "1.271e-08", "ts": "0", "stretch": "7.7809e+05", "date": "2065-04-04.29", "dist": "0.754", "sigma_lov": "-2.21706", "sigma_imp": "0.000", "ps": "-8.76"}, {"energy": "1.292e-01", "width": "4.3235e-02", "ip": "4.266e-09", "ts": "0", "stretch": "8.3474e+05", "date": "2063-02-24.35", "dist": "0.930", "sigma_lov": "-2.94758", "sigma_imp": "0.000", "ps": "-9.22"}]}