{"summary": {"energy": "3.706e-02", "darc": "2.7282 days", "ip": "4.33934e-06", "h": "27.28", "nobs": "18", "mass": "2.25e+06", "v_inf": "3.73", "first_obs": "2006-Oct-29.36988", "method": "LOV", "pdate": "2017-04-06 20:42:38", "ndop": "0", "cdate": "2017-04-06 20:42:38", "ps_cum": "-6.90", "diameter": "0.012", "ndel": "0", "v_imp": "11.75", "ps_max": "-7.19", "last_obs": "2006-Nov-01.09808", "fullname": "(2006 UQ216)", "n_imp": "7", "ts_max": "0", "nsat": "0", "des": "2006 UQ216"}, "signature": {"source": "NASA/JPL Sentry Data API", "version": "1.1"}, "data": [{"energy": "3.703e-02", "width": "4.6924e-01", "ip": "3.352e-07", "ts": "0", "stretch": "1.2417e+06", "date": "2116-11-10.17", "dist": "0.401", "sigma_lov": "0.86634", "sigma_imp": "0.000", "ps": "-8.10"}, {"energy": "3.710e-02", "width": "7.5360e-02", "ip": "5.762e-07", "ts": "0", "stretch": "1.2133e+06", "date": "2115-02-15.66", "dist": "0.129", "sigma_lov": "0.49153", "sigma_imp": "0.000", "ps": "-7.85"}, {"energy": "3.704e-02", "width": "3.9284e-03", "ip": "6.963e-07", "ts": "0", "stretch": "7.4977e+05", "date": "2106-03-27.38", "dist": "0.229", "sigma_lov": "0.89130", "sigma_imp": "0.000", "ps": "-7.73"}, {"energy": "3.701e-02", "width": "1.2692e-02", "ip": "2.308e-06", "ts": "0", "stretch": "1.5819e+05", "date": "2102-02-15.26", "dist": "0.750", "sigma_lov": "0.85882", "sigma_imp": "0.000", "ps": "-7.19"}, {"energy": "3.738e-02", "width": "2.7217e-02", "ip": "2.361e-07", "ts": "0", "stretch": "2.2174e+06", "date": "2074-03-01.86", "dist": "0.148", "sigma_lov": "-0.90587", "sigma_imp": "0.000", "ps": "-8.00"}, {"energy": "3.730e-02", "width": "2.2222e-02", "ip": "1.439e-07", "ts": "0", "stretch": "4.8525e+06", "date": "2070-03-23.80", "dist": "0.197", "sigma_lov": "-0.47688", "sigma_imp": "0.000", "ps": "-8.19"}, {"energy": "3.722e-02", "width": "0.0000e+00", "ip": "4.364e-08", "ts": "0", "stretch": "6.3934e+06", "date": "2061-03-21.76", "dist": "0.930", "sigma_lov": "-0.33917", "sigma_imp": "0.000", "ps": "-8.62"}]}