{"summary": {"energy": "3.567e+02", "darc": "18.540 days", "ip": "1.848e-07", "h": "21.74", "nobs": "65", "mass": "4.81e+09", "v_inf": "22.34", "first_obs": "2006-Feb-07.29787", "method": "LOV", "pdate": "2017-04-12 00:52:01", "ndop": "0", "cdate": "2017-04-12 00:52:01", "ps_cum": "-5.05", "diameter": "1.5e-01", "ndel": "0", "v_imp": "24.96", "ps_max": "-5.05", "last_obs": "2006-Feb-25.83757", "fullname": "(2006 CM10)", "n_imp": "1", "ts_max": "0", "nsat": "0", "des": "2006 CM10"}, "signature": {"source": "NASA/JPL Sentry Data API", "version": "1.1"}, "data": [{"energy": "3.567e+02", "width": "3.0526e-02", "ip": "1.848e-07", "ts": "0", "stretch": "6.3111e+04", "date": "2092-08-12.48", "dist": "0.173", "sigma_lov": "2.85473", "sigma_imp": "0.000", "ps": "-5.05"}]}