{"summary": {"energy": "6.629e-01", "darc": "9.8618 days", "ip": "5.003866e-05", "h": "25.26", "nobs": "65", "mass": "3.69e+07", "v_inf": "5.16", "first_obs": "2006-Aug-29.30747", "method": "LOV", "pdate": "2017-04-08 23:50:40", "ndop": "1", "cdate": "2017-04-08 23:50:40", "ps_cum": "-3.31", "diameter": "0.03", "ndel": "0", "v_imp": "12.28", "ps_max": "-3.32", "last_obs": "2006-Sep-08.16923", "fullname": "(2006 QV89)", "n_imp": "8", "ts_max": "0", "nsat": "0", "des": "2006 QV89"}, "signature": {"source": "NASA/JPL Sentry Data API", "version": "1.1"}, "data": [{"energy": "6.645e-01", "width": "3.4021e-03", "ip": "9.927e-08", "ts": "0", "stretch": "4.1978e+05", "date": "2040-09-08.16", "dist": "0.950", "sigma_lov": "1.89714", "sigma_imp": "0.000", "ps": "-6.99"}, {"energy": "6.639e-01", "width": "1.9642e-03", "ip": "4.274e-08", "ts": "0", "stretch": "3.1482e+05", "date": "2034-09-08.74", "dist": "0.654", "sigma_lov": "2.76299", "sigma_imp": "0.000", "ps": "-7.23"}, {"energy": "6.631e-01", "width": "2.7778e-03", "ip": "2.020e-08", "ts": "0", "stretch": "3.6461e+05", "date": "2030-09-08.78", "dist": "0.578", "sigma_lov": "2.99881", "sigma_imp": "0.000", "ps": "-7.44"}, {"energy": "6.632e-01", "width": "3.6829e-04", "ip": "1.714e-07", "ts": "0", "stretch": "8.5375e+03", "date": "2028-09-08.36", "dist": "0.462", "sigma_lov": "3.52157", "sigma_imp": "0.000", "ps": "-6.44"}, {"energy": "6.636e-01", "width": "0.0000e+00", "ip": "2.205e-08", "ts": "0", "stretch": "3.4660e+05", "date": "2025-09-08.49", "dist": "0.618", "sigma_lov": "2.97413", "sigma_imp": "0.000", "ps": "-7.20"}, {"energy": "6.629e-01", "width": "4.9105e-04", "ip": "1.038e-07", "ts": "0", "stretch": "6.5586e+04", "date": "2024-09-08.23", "dist": "0.409", "sigma_lov": "3.06183", "sigma_imp": "0.000", "ps": "-6.47"}, {"energy": "6.645e-01", "width": "3.4722e-04", "ip": "9.192e-07", "ts": "0", "stretch": "2.4330e+04", "date": "2023-09-08.94", "dist": "0.348", "sigma_lov": "2.65425", "sigma_imp": "0.000", "ps": "-5.46"}, {"energy": "6.629e-01", "width": "3.7406e-04", "ip": "4.866e-05", "ts": "0", "stretch": "1.7746e+02", "date": "2019-09-09.29", "dist": "0.712", "sigma_lov": "2.89368", "sigma_imp": "0.000", "ps": "-3.32"}]}