{"summary":{"energy":"1.169e-01","darc":"3.1249 days","ip":"1.0517e-06","h":"26.51","nobs":"36","mass":"6.57e+06","v_inf":"5.03","first_obs":"2006-Apr-19.40392","method":"LOV","pdate":"2017-04-12 14:16:33","ndop":"0","cdate":"2017-04-12 14:16:33","ps_cum":"-7.06","diameter":"0.017","ndel":"0","v_imp":"12.22","ps_max":"-7.32","last_obs":"2006-Apr-22.52878","fullname":"(2006 HE2)","n_imp":"3","ts_max":"0","nsat":"0","des":"2006 HE2"},"signature":{"source":"NASA/JPL Sentry Data API","version":"1.1"},"data":[{"energy":"1.173e-01","width":"2.2222e-02","ip":"2.777e-07","ts":"0","stretch":"2.7926e+06","date":"2103-10-08.10","dist":"0.210","sigma_lov":"0.10655","sigma_imp":"0.000","ps":"-7.72"},{"energy":"1.170e-01","width":"1.5714e-02","ip":"2.556e-07","ts":"0","stretch":"1.9697e+06","date":"2098-10-03.28","dist":"0.704","sigma_lov":"0.48429","sigma_imp":"0.000","ps":"-7.73"},{"energy":"1.167e-01","width":"4.4227e-02","ip":"5.184e-07","ts":"0","stretch":"4.1876e+05","date":"2081-10-06.43","dist":"0.477","sigma_lov":"1.53039","sigma_imp":"0.000","ps":"-7.32"}]}