{"summary": {"energy": "2.576e+01", "darc": ".92276 days", "ip": "1.76393e-06", "h": "23.83", "nobs": "20", "mass": "2.64e+08", "v_inf": "26.35", "first_obs": "2006-May-01.269", "method": "LOV", "pdate": "2017-04-10 08:35:30", "ndop": "0", "cdate": "2017-04-10 08:35:30", "ps_cum": "-5.05", "diameter": "0.0579925734014388", "ndel": "0", "v_imp": "28.61", "ps_max": "-5.12", "last_obs": "2006-May-02.191759", "fullname": "(2006 JE)", "n_imp": "5", "ts_max": "0", "nsat": "0", "des": "2006 JE"}, "signature": {"source": "NASA/JPL Sentry Data API", "version": "1.1"}, "data": [{"energy": "2.489e+01", "width": "1.5714e-02", "ip": "7.608e-08", "ts": "0", "stretch": "2.5506e+06", "date": "2107-05-03.33", "dist": "0.589", "sigma_lov": "1.54683", "sigma_imp": "0.000", "ps": "-6.43"}, {"energy": "2.584e+01", "width": "6.9984e-02", "ip": "1.517e-06", "ts": "0", "stretch": "4.3436e+05", "date": "2106-05-02.31", "dist": "0.557", "sigma_lov": "-0.02978", "sigma_imp": "0.000", "ps": "-5.12"}, {"energy": "2.584e+01", "width": "6.2854e-02", "ip": "7.665e-08", "ts": "0", "stretch": "6.5328e+06", "date": "2106-05-02.30", "dist": "0.772", "sigma_lov": "-0.02074", "sigma_imp": "0.000", "ps": "-6.41"}, {"energy": "2.441e+01", "width": "6.8042e-03", "ip": "1.310e-08", "ts": "0", "stretch": "5.1463e+05", "date": "2094-05-02.03", "dist": "0.319", "sigma_lov": "3.06735", "sigma_imp": "0.000", "ps": "-7.14"}, {"energy": "2.515e+01", "width": "2.2222e-02", "ip": "8.110e-08", "ts": "0", "stretch": "5.4291e+06", "date": "2112-05-02.35", "dist": "0.241", "sigma_lov": "1.06031", "sigma_imp": "0.000", "ps": "-6.43"}]}