{"summary": {"energy": "1.768e+01", "darc": "21.898 days", "ip": "5.826e-08", "h": "23.20", "nobs": "43", "mass": "6.38e+08", "v_inf": "10.41", "first_obs": "2006-Nov-20.22614", "method": "LOV", "pdate": "2017-04-22 10:08:02", "ndop": "0", "cdate": "2017-04-22 10:08:02", "ps_cum": "-6.70", "diameter": "7.8e-02", "ndel": "0", "v_imp": "15.25", "ps_max": "-6.70", "last_obs": "2006-Dec-12.124219", "fullname": "(2006 WM3)", "n_imp": "1", "ts_max": "0", "nsat": "0", "des": "2006 WM3"}, "signature": {"source": "NASA/JPL Sentry Data API", "version": "1.1"}, "data": [{"energy": "1.768e+01", "width": "4.4445e-02", "ip": "5.826e-08", "ts": "0", "stretch": "1.2102e+07", "date": "2113-12-20.46", "dist": "0.434", "sigma_lov": "-0.18862", "sigma_imp": "0.000", "ps": "-6.70"}]}