{"summary": {"energy": "1.832e+00", "darc": "16.324 days", "ip": "3.1102e-07", "h": "24.52", "nobs": "19", "mass": "1.03e+08", "v_inf": "4.99", "first_obs": "2007-Feb-07.14605", "method": "LOV", "pdate": "2017-04-14 18:55:22", "ndop": "0", "cdate": "2017-04-14 18:55:22", "ps_cum": "-6.73", "diameter": "0.042", "ndel": "0", "v_imp": "12.21", "ps_max": "-7.15", "last_obs": "2007-Feb-23.470021", "fullname": "(2007 CS5)", "n_imp": "4", "ts_max": "0", "nsat": "0", "des": "2007 CS5"}, "signature": {"source": "NASA/JPL Sentry Data API", "version": "1.1"}, "data": [{"energy": "1.830e+00", "width": "3.0429e-02", "ip": "1.010e-07", "ts": "0", "stretch": "1.9410e+06", "date": "2108-07-22.68", "dist": "0.570", "sigma_lov": "-1.55302", "sigma_imp": "0.000", "ps": "-7.22"}, {"energy": "1.831e+00", "width": "2.0787e-02", "ip": "2.959e-08", "ts": "0", "stretch": "4.2903e+06", "date": "2096-01-15.81", "dist": "0.873", "sigma_lov": "-1.49728", "sigma_imp": "0.000", "ps": "-7.69"}, {"energy": "1.830e+00", "width": "3.0429e-02", "ip": "5.883e-08", "ts": "0", "stretch": "1.9459e+06", "date": "2110-07-22.51", "dist": "0.876", "sigma_lov": "-1.55158", "sigma_imp": "0.000", "ps": "-7.47"}, {"energy": "1.834e+00", "width": "3.0429e-02", "ip": "1.216e-07", "ts": "0", "stretch": "1.9541e+06", "date": "2109-07-22.58", "dist": "0.105", "sigma_lov": "-1.55229", "sigma_imp": "0.000", "ps": "-7.15"}]}