{"summary": {"energy": "4.541e-03", "darc": "24.885 days", "ip": "0.00025229381", "h": "28.74", "nobs": "120", "mass": "3.01e+05", "v_inf": "1.57", "first_obs": "2007-Oct-21.37247", "method": "LOV", "pdate": "2017-04-06 22:28:13", "ndop": "0", "cdate": "2017-04-06 22:28:13", "ps_cum": "-5.84", "diameter": "0.00600377555834604", "ndel": "0", "v_imp": "11.25", "ps_max": "-6.67", "last_obs": "2007-Nov-15.25773", "fullname": "(2007 UN12)", "n_imp": "34", "ts_max": "0", "nsat": "0", "des": "2007 UN12"}, "signature": {"source": "NASA/JPL Sentry Data API", "version": "1.1"}, "data": [{"energy": "4.537e-03", "width": "1.2276e-04", "ip": "7.658e-06", "ts": "0", "stretch": "3.7398e+04", "date": "2116-10-18.86", "dist": "0.732", "sigma_lov": "1.13055", "sigma_imp": "0.000", "ps": "-7.47"}, {"energy": "4.543e-03", "width": "4.9105e-04", "ip": "5.516e-06", "ts": "0", "stretch": "1.3570e+05", "date": "2111-10-19.52", "dist": "0.185", "sigma_lov": "-0.30802", "sigma_imp": "0.000", "ps": "-7.59"}, {"energy": "4.545e-03", "width": "0.0000e+00", "ip": "1.381e-05", "ts": "0", "stretch": "5.4221e+04", "date": "2111-10-19.30", "dist": "0.175", "sigma_lov": "-0.31360", "sigma_imp": "0.000", "ps": "-7.19"}, {"energy": "4.529e-03", "width": "6.1381e-05", "ip": "1.551e-08", "ts": "0", "stretch": "1.0213e+04", "date": "2109-10-22.93", "dist": "0.674", "sigma_lov": "4.05548", "sigma_imp": "0.000", "ps": "-10.1"}, {"energy": "4.537e-03", "width": "3.4722e-04", "ip": "7.989e-06", "ts": "0", "stretch": "7.2221e+04", "date": "2109-09-27.71", "dist": "0.384", "sigma_lov": "0.69688", "sigma_imp": "0.000", "ps": "-7.42"}, {"energy": "4.540e-03", "width": "4.9105e-04", "ip": "4.450e-06", "ts": "0", "stretch": "1.1387e+05", "date": "2103-10-20.16", "dist": "0.442", "sigma_lov": "0.82921", "sigma_imp": "0.000", "ps": "-7.64"}, {"energy": "4.541e-03", "width": "0.0000e+00", "ip": "4.152e-05", "ts": "0", "stretch": "1.3032e+04", "date": "2103-10-19.55", "dist": "0.318", "sigma_lov": "0.81629", "sigma_imp": "0.000", "ps": "-6.67"}, {"energy": "4.542e-03", "width": "1.2276e-04", "ip": "3.254e-05", "ts": "0", "stretch": "1.7002e+04", "date": "2103-10-19.59", "dist": "0.250", "sigma_lov": "0.81490", "sigma_imp": "0.000", "ps": "-6.78"}, {"energy": "4.535e-03", "width": "4.9105e-04", "ip": "2.333e-06", "ts": "0", "stretch": "1.0313e+05", "date": "2103-10-20.45", "dist": "0.425", "sigma_lov": "1.48098", "sigma_imp": "0.000", "ps": "-7.92"}, {"energy": "4.544e-03", "width": "8.6806e-05", "ip": "1.545e-05", "ts": "0", "stretch": "2.5319e+04", "date": "2102-10-20.38", "dist": "0.042", "sigma_lov": "1.19128", "sigma_imp": "0.000", "ps": "-7.09"}, {"energy": "4.541e-03", "width": "1.1981e-03", "ip": "3.329e-06", "ts": "0", "stretch": "2.7395e+04", "date": "2099-09-27.61", "dist": "0.023", "sigma_lov": "2.08159", "sigma_imp": "0.000", "ps": "-7.75"}, {"energy": "4.543e-03", "width": "0.0000e+00", "ip": "6.125e-06", "ts": "0", "stretch": "5.2040e+04", "date": "2099-09-27.64", "dist": "0.101", "sigma_lov": "1.34917", "sigma_imp": "0.000", "ps": "-7.48"}, {"energy": "4.537e-03", "width": "1.7361e-04", "ip": "1.021e-05", "ts": "0", "stretch": "4.8072e+04", "date": "2098-10-20.04", "dist": "0.766", "sigma_lov": "-0.30338", "sigma_imp": "0.000", "ps": "-7.25"}, {"energy": "4.537e-03", "width": "0.0000e+00", "ip": "6.535e-06", "ts": "0", "stretch": "1.0238e+05", "date": "2095-09-26.34", "dist": "0.530", "sigma_lov": "0.14597", "sigma_imp": "0.000", "ps": "-7.43"}, {"energy": "4.538e-03", "width": "1.5035e-04", "ip": "1.499e-06", "ts": "0", "stretch": "2.4698e+04", "date": "2093-10-19.83", "dist": "0.178", "sigma_lov": "2.47092", "sigma_imp": "0.000", "ps": "-8.06"}, {"energy": "4.538e-03", "width": "0.0000e+00", "ip": "4.416e-06", "ts": "0", "stretch": "5.0064e+04", "date": "2093-10-15.30", "dist": "0.859", "sigma_lov": "-1.11210", "sigma_imp": "0.000", "ps": "-7.59"}, {"energy": "4.542e-03", "width": "0.0000e+00", "ip": "1.601e-06", "ts": "0", "stretch": "9.8778e+04", "date": "2093-10-15.76", "dist": "0.605", "sigma_lov": "-1.67209", "sigma_imp": "0.000", "ps": "-8.03"}, {"energy": "4.537e-03", "width": "0.0000e+00", "ip": "4.814e-07", "ts": "0", "stretch": "2.2999e+04", "date": "2092-10-19.47", "dist": "0.337", "sigma_lov": "2.90390", "sigma_imp": "0.000", "ps": "-8.55"}, {"energy": "4.536e-03", "width": "6.9445e-04", "ip": "3.001e-06", "ts": "0", "stretch": "1.7669e+05", "date": "2090-10-21.06", "dist": "0.727", "sigma_lov": "0.25364", "sigma_imp": "0.000", "ps": "-7.74"}, {"energy": "4.540e-03", "width": "1.7361e-04", "ip": "7.976e-06", "ts": "0", "stretch": "3.2484e+04", "date": "2090-10-20.49", "dist": "0.942", "sigma_lov": "0.24611", "sigma_imp": "0.000", "ps": "-7.32"}, {"energy": "4.545e-03", "width": "0.0000e+00", "ip": "3.643e-06", "ts": "0", "stretch": "3.2797e+04", "date": "2090-09-29.44", "dist": "0.674", "sigma_lov": "-1.79099", "sigma_imp": "0.000", "ps": "-7.66"}, {"energy": "4.545e-03", "width": "2.1263e-04", "ip": "2.960e-06", "ts": "0", "stretch": "2.5858e+04", "date": "2090-09-29.28", "dist": "0.880", "sigma_lov": "-1.79222", "sigma_imp": "0.000", "ps": "-7.75"}, {"energy": "4.547e-03", "width": "0.0000e+00", "ip": "7.199e-07", "ts": "0", "stretch": "3.7705e+04", "date": "2090-09-29.48", "dist": "0.664", "sigma_lov": "-2.49095", "sigma_imp": "0.000", "ps": "-8.36"}, {"energy": "4.546e-03", "width": "1.2276e-04", "ip": "6.016e-07", "ts": "0", "stretch": "2.9764e+04", "date": "2090-09-29.32", "dist": "0.871", "sigma_lov": "-2.48991", "sigma_imp": "0.000", "ps": "-8.44"}, {"energy": "4.538e-03", "width": "0.0000e+00", "ip": "8.441e-06", "ts": "0", "stretch": "6.1625e+04", "date": "2089-10-19.81", "dist": "0.424", "sigma_lov": "0.80864", "sigma_imp": "0.000", "ps": "-7.29"}, {"energy": "4.534e-03", "width": "3.4722e-04", "ip": "7.864e-07", "ts": "0", "stretch": "1.1573e+05", "date": "2088-10-16.13", "dist": "0.941", "sigma_lov": "1.47515", "sigma_imp": "0.000", "ps": "-8.31"}, {"energy": "4.534e-03", "width": "0.0000e+00", "ip": "2.980e-06", "ts": "0", "stretch": "2.3543e+04", "date": "2087-09-28.85", "dist": "0.667", "sigma_lov": "2.06603", "sigma_imp": "0.000", "ps": "-7.73"}, {"energy": "4.540e-03", "width": "2.4552e-04", "ip": "1.177e-05", "ts": "0", "stretch": "4.9055e+04", "date": "2086-09-28.16", "dist": "0.390", "sigma_lov": "0.69132", "sigma_imp": "0.000", "ps": "-7.12"}, {"energy": "4.538e-03", "width": "2.4552e-04", "ip": "5.679e-06", "ts": "0", "stretch": "7.0352e+04", "date": "2085-10-15.92", "dist": "0.742", "sigma_lov": "-0.76719", "sigma_imp": "0.000", "ps": "-7.43"}, {"energy": "4.541e-03", "width": "3.4722e-04", "ip": "9.320e-06", "ts": "0", "stretch": "8.4296e+04", "date": "2084-09-26.77", "dist": "0.099", "sigma_lov": "0.14279", "sigma_imp": "0.000", "ps": "-7.21"}, {"energy": "4.534e-03", "width": "1.2276e-04", "ip": "1.675e-06", "ts": "0", "stretch": "2.0328e+04", "date": "2078-10-21.23", "dist": "0.595", "sigma_lov": "2.42203", "sigma_imp": "0.000", "ps": "-7.92"}, {"energy": "4.543e-03", "width": "0.0000e+00", "ip": "1.639e-05", "ts": "0", "stretch": "3.9574e+04", "date": "2075-10-17.94", "dist": "0.539", "sigma_lov": "0.26385", "sigma_imp": "0.000", "ps": "-6.90"}, {"energy": "4.541e-03", "width": "0.0000e+00", "ip": "6.428e-06", "ts": "0", "stretch": "8.6051e+04", "date": "2073-10-18.10", "dist": "0.356", "sigma_lov": "-0.77615", "sigma_imp": "0.000", "ps": "-7.30"}, {"energy": "4.543e-03", "width": "3.4722e-04", "ip": "4.445e-06", "ts": "0", "stretch": "7.9242e+04", "date": "2071-09-29.10", "dist": "0.775", "sigma_lov": "-0.85002", "sigma_imp": "0.000", "ps": "-7.44"}]}