{"summary": {"energy": "4.190e-01", "darc": "11.051 days", "ip": "4.20304e-06", "h": "25.82", "nobs": "49", "mass": "1.69e+07", "v_inf": "9.14", "first_obs": "2007-Dec-31.24562", "method": "LOV", "pdate": "2017-04-10 07:07:04", "ndop": "0", "cdate": "2017-04-10 07:07:04", "ps_cum": "-6.14", "diameter": "0.023", "ndel": "0", "v_imp": "14.42", "ps_max": "-6.41", "last_obs": "2008-Jan-11.29675", "fullname": "(2007 YS56)", "n_imp": "3", "ts_max": "0", "nsat": "0", "des": "2007 YS56"}, "signature": {"source": "NASA/JPL Sentry Data API", "version": "1.1"}, "data": [{"energy": "4.190e-01", "width": "2.6101e-02", "ip": "2.280e-06", "ts": "0", "stretch": "9.8063e+04", "date": "2113-12-26.63", "dist": "0.316", "sigma_lov": "1.56052", "sigma_imp": "0.000", "ps": "-6.41"}, {"energy": "4.191e-01", "width": "2.9413e-02", "ip": "1.824e-06", "ts": "0", "stretch": "1.3237e+05", "date": "2113-12-26.63", "dist": "0.096", "sigma_lov": "1.54188", "sigma_imp": "0.000", "ps": "-6.50"}, {"energy": "4.182e-01", "width": "2.7396e-02", "ip": "9.904e-08", "ts": "0", "stretch": "3.0626e+06", "date": "2104-12-26.42", "dist": "0.781", "sigma_lov": "0.99275", "sigma_imp": "0.000", "ps": "-7.73"}]}