{"summary": {"energy": "1.104e+01", "darc": "11.879 days", "ip": "1.857e-09", "h": "24.12", "nobs": "18", "mass": "1.78e+08", "v_inf": "19.92", "first_obs": "2007-Nov-18.29804", "method": "LOV", "pdate": "2017-04-09 12:29:56", "ndop": "0", "cdate": "2017-04-09 12:29:56", "ps_cum": "-8.30", "diameter": "5.1e-02", "ndel": "0", "v_imp": "22.82", "ps_max": "-8.30", "last_obs": "2007-Nov-30.177151", "fullname": "(2007 WT3)", "n_imp": "1", "ts_max": "0", "nsat": "0", "des": "2007 WT3"}, "signature": {"source": "NASA/JPL Sentry Data API", "version": "1.1"}, "data": [{"energy": "1.104e+01", "width": "1.3941e-02", "ip": "1.857e-09", "ts": "0", "stretch": "1.9631e+05", "date": "2101-11-08.06", "dist": "0.583", "sigma_lov": "3.87013", "sigma_imp": "0.000", "ps": "-8.30"}]}