{"summary": {"energy": "9.720e+00", "darc": "6.0519 days", "ip": "1.157e-08", "h": "24.23", "nobs": "40", "mass": "1.54e+08", "v_inf": "20.17", "first_obs": "2007-Mar-10.42309", "method": "LOV", "pdate": "2017-04-10 07:01:40", "ndop": "0", "cdate": "2017-04-10 07:01:40", "ps_cum": "-7.59", "diameter": "4.8e-02", "ndel": "0", "v_imp": "23.04", "ps_max": "-7.59", "last_obs": "2007-Mar-16.475", "fullname": "(2007 EH26)", "n_imp": "1", "ts_max": "0", "nsat": "0", "des": "2007 EH26"}, "signature": {"source": "NASA/JPL Sentry Data API", "version": "1.1"}, "data": [{"energy": "9.720e+00", "width": "3.5556e-01", "ip": "1.157e-08", "ts": "0", "stretch": "6.1996e+07", "date": "2110-09-16.68", "dist": "0.195", "sigma_lov": "0.07932", "sigma_imp": "0.000", "ps": "-7.59"}]}