{"summary": {"energy": "2.323e-02", "darc": "11.102 days", "ip": "0.000511636317", "h": "27.75", "nobs": "29", "mass": "1.19e+06", "v_inf": "6.34", "first_obs": "2007-Apr-13.3732", "method": "LOV", "pdate": "2017-04-07 06:09:16", "ndop": "0", "cdate": "2017-04-07 06:09:16", "ps_cum": "-4.76", "diameter": "0.00959998698841389", "ndel": "0", "v_imp": "12.82", "ps_max": "-4.94", "last_obs": "2007-Apr-24.474838", "fullname": "(2007 HB15)", "n_imp": "59", "ts_max": "0", "nsat": "0", "des": "2007 HB15"}, "signature": {"source": "NASA/JPL Sentry Data API", "version": "1.1"}, "data": [{"energy": "2.320e-02", "width": "0.0000e+00", "ip": "1.935e-07", "ts": "0", "stretch": "2.8257e+05", "date": "2115-04-26.21", "dist": "0.602", "sigma_lov": "2.21726", "sigma_imp": "0.000", "ps": "-8.49"}, {"energy": "2.322e-02", "width": "1.1516e-03", "ip": "2.086e-06", "ts": "0", "stretch": "7.1141e+04", "date": "2112-04-25.34", "dist": "0.975", "sigma_lov": "-0.61225", "sigma_imp": "0.000", "ps": "-7.44"}, {"energy": "2.316e-02", "width": "2.2222e-02", "ip": "5.163e-08", "ts": "0", "stretch": "3.5105e+06", "date": "2110-04-25.15", "dist": "0.164", "sigma_lov": "1.72243", "sigma_imp": "0.000", "ps": "-9.04"}, {"energy": "2.326e-02", "width": "0.0000e+00", "ip": "1.836e-07", "ts": "0", "stretch": "2.9958e+06", "date": "2108-04-25.32", "dist": "0.505", "sigma_lov": "0.68347", "sigma_imp": "0.000", "ps": "-8.48"}, {"energy": "2.326e-02", "width": "1.1111e-02", "ip": "2.400e-07", "ts": "0", "stretch": "2.4900e+06", "date": "2108-04-25.28", "dist": "0.215", "sigma_lov": "0.73063", "sigma_imp": "0.000", "ps": "-8.36"}, {"energy": "2.319e-02", "width": "0.0000e+00", "ip": "1.959e-07", "ts": "0", "stretch": "2.9247e+06", "date": "2107-04-26.52", "dist": "0.104", "sigma_lov": "-0.80980", "sigma_imp": "0.000", "ps": "-8.45"}, {"energy": "2.320e-02", "width": "2.7778e-03", "ip": "2.383e-08", "ts": "0", "stretch": "6.7491e+05", "date": "2106-04-25.57", "dist": "0.465", "sigma_lov": "2.75196", "sigma_imp": "0.000", "ps": "-9.36"}, {"energy": "2.322e-02", "width": "0.0000e+00", "ip": "1.070e-07", "ts": "0", "stretch": "6.4588e+06", "date": "2106-04-25.51", "dist": "0.471", "sigma_lov": "-0.19169", "sigma_imp": "0.000", "ps": "-8.70"}, {"energy": "2.319e-02", "width": "1.5714e-02", "ip": "1.389e-07", "ts": "0", "stretch": "2.4693e+06", "date": "2105-04-25.80", "dist": "0.821", "sigma_lov": "0.75745", "sigma_imp": "0.000", "ps": "-8.59"}, {"energy": "2.320e-02", "width": "0.0000e+00", "ip": "1.691e-07", "ts": "0", "stretch": "2.5448e+06", "date": "2105-04-25.64", "dist": "0.732", "sigma_lov": "0.68492", "sigma_imp": "0.000", "ps": "-8.50"}, {"energy": "2.322e-02", "width": "1.1111e-02", "ip": "2.832e-07", "ts": "0", "stretch": "2.1533e+06", "date": "2105-04-25.60", "dist": "0.083", "sigma_lov": "0.72889", "sigma_imp": "0.000", "ps": "-8.28"}, {"energy": "2.323e-02", "width": "0.0000e+00", "ip": "4.860e-07", "ts": "0", "stretch": "1.1271e+06", "date": "2104-04-25.42", "dist": "0.528", "sigma_lov": "0.65400", "sigma_imp": "0.000", "ps": "-8.04"}, {"energy": "2.320e-02", "width": "0.0000e+00", "ip": "2.118e-07", "ts": "0", "stretch": "3.5637e+06", "date": "2103-04-25.76", "dist": "0.230", "sigma_lov": "-0.24262", "sigma_imp": "0.000", "ps": "-8.39"}, {"energy": "2.321e-02", "width": "0.0000e+00", "ip": "1.135e-07", "ts": "0", "stretch": "3.4988e+05", "date": "2102-04-26.29", "dist": "0.410", "sigma_lov": "-2.41245", "sigma_imp": "0.000", "ps": "-8.66"}, {"energy": "2.325e-02", "width": "0.0000e+00", "ip": "3.190e-08", "ts": "0", "stretch": "9.7448e+05", "date": "2102-04-26.08", "dist": "0.234", "sigma_lov": "-2.53717", "sigma_imp": "0.000", "ps": "-9.21"}, {"energy": "2.320e-02", "width": "0.0000e+00", "ip": "4.307e-07", "ts": "0", "stretch": "1.2047e+06", "date": "2102-04-25.78", "dist": "0.534", "sigma_lov": "0.72569", "sigma_imp": "0.000", "ps": "-8.08"}, {"energy": "2.323e-02", "width": "0.0000e+00", "ip": "3.785e-07", "ts": "0", "stretch": "1.7284e+06", "date": "2101-04-26.15", "dist": "0.481", "sigma_lov": "0.36924", "sigma_imp": "0.000", "ps": "-8.13"}, {"energy": "2.325e-02", "width": "0.0000e+00", "ip": "1.948e-07", "ts": "0", "stretch": "3.2215e+06", "date": "2101-04-25.48", "dist": "0.207", "sigma_lov": "0.66154", "sigma_imp": "0.000", "ps": "-8.42"}, {"energy": "2.321e-02", "width": "3.9284e-03", "ip": "1.517e-06", "ts": "0", "stretch": "4.1268e+05", "date": "2099-04-25.02", "dist": "0.042", "sigma_lov": "0.69554", "sigma_imp": "0.000", "ps": "-7.52"}, {"energy": "2.321e-02", "width": "3.4021e-03", "ip": "1.543e-06", "ts": "0", "stretch": "3.8457e+05", "date": "2099-04-25.01", "dist": "0.275", "sigma_lov": "0.71682", "sigma_imp": "0.000", "ps": "-7.51"}, {"energy": "2.321e-02", "width": "9.6226e-03", "ip": "3.852e-07", "ts": "0", "stretch": "1.4861e+06", "date": "2097-04-24.64", "dist": "0.455", "sigma_lov": "0.65842", "sigma_imp": "0.000", "ps": "-8.10"}, {"energy": "2.328e-02", "width": "0.0000e+00", "ip": "1.579e-07", "ts": "0", "stretch": "1.3675e+05", "date": "2095-04-25.38", "dist": "0.706", "sigma_lov": "-2.55565", "sigma_imp": "0.000", "ps": "-8.48"}, {"energy": "2.322e-02", "width": "2.7778e-03", "ip": "9.958e-07", "ts": "0", "stretch": "6.3031e+05", "date": "2095-04-24.94", "dist": "0.596", "sigma_lov": "-0.20098", "sigma_imp": "0.000", "ps": "-7.68"}, {"energy": "2.322e-02", "width": "9.1867e-04", "ip": "7.651e-06", "ts": "0", "stretch": "7.8476e+04", "date": "2093-04-24.58", "dist": "0.399", "sigma_lov": "0.62909", "sigma_imp": "0.000", "ps": "-6.78"}, {"energy": "2.328e-02", "width": "0.0000e+00", "ip": "2.132e-07", "ts": "0", "stretch": "2.8969e+06", "date": "2092-04-24.89", "dist": "0.548", "sigma_lov": "0.40043", "sigma_imp": "0.000", "ps": "-8.33"}, {"energy": "2.320e-02", "width": "0.0000e+00", "ip": "1.804e-07", "ts": "0", "stretch": "2.5955e+05", "date": "2091-04-24.92", "dist": "0.279", "sigma_lov": "2.36569", "sigma_imp": "0.000", "ps": "-8.40"}, {"energy": "2.319e-02", "width": "0.0000e+00", "ip": "1.680e-07", "ts": "0", "stretch": "2.0723e+05", "date": "2091-04-24.89", "dist": "0.727", "sigma_lov": "2.34908", "sigma_imp": "0.000", "ps": "-8.43"}, {"energy": "2.324e-02", "width": "0.0000e+00", "ip": "3.069e-07", "ts": "0", "stretch": "1.5358e+05", "date": "2091-04-24.82", "dist": "0.171", "sigma_lov": "2.37375", "sigma_imp": "0.000", "ps": "-8.17"}, {"energy": "2.323e-02", "width": "4.9105e-04", "ip": "2.819e-07", "ts": "0", "stretch": "1.2209e+05", "date": "2091-04-24.78", "dist": "0.747", "sigma_lov": "2.34015", "sigma_imp": "0.000", "ps": "-8.20"}, {"energy": "2.322e-02", "width": "0.0000e+00", "ip": "4.003e-07", "ts": "0", "stretch": "1.1269e+06", "date": "2090-04-25.08", "dist": "0.826", "sigma_lov": "-0.00824", "sigma_imp": "0.000", "ps": "-8.05"}, {"energy": "2.324e-02", "width": "0.0000e+00", "ip": "2.383e-07", "ts": "0", "stretch": "2.4774e+06", "date": "2090-04-24.65", "dist": "0.385", "sigma_lov": "0.66552", "sigma_imp": "0.000", "ps": "-8.27"}, {"energy": "2.326e-02", "width": "0.0000e+00", "ip": "5.161e-08", "ts": "0", "stretch": "3.0862e+05", "date": "2089-04-25.45", "dist": "0.552", "sigma_lov": "-2.73281", "sigma_imp": "0.000", "ps": "-8.93"}, {"energy": "2.322e-02", "width": "0.0000e+00", "ip": "4.393e-07", "ts": "0", "stretch": "1.4636e+06", "date": "2089-04-24.97", "dist": "0.490", "sigma_lov": "0.39742", "sigma_imp": "0.000", "ps": "-8.00"}, {"energy": "2.324e-02", "width": "7.8568e-03", "ip": "3.912e-07", "ts": "0", "stretch": "1.5069e+06", "date": "2089-04-24.35", "dist": "0.368", "sigma_lov": "0.67886", "sigma_imp": "0.000", "ps": "-8.05"}, {"energy": "2.320e-02", "width": "0.0000e+00", "ip": "5.032e-08", "ts": "0", "stretch": "1.3382e+06", "date": "2088-04-24.39", "dist": "0.237", "sigma_lov": "2.21214", "sigma_imp": "0.000", "ps": "-8.93"}, {"energy": "2.322e-02", "width": "1.4454e-03", "ip": "2.157e-04", "ts": "0", "stretch": "2.9502e+03", "date": "2086-04-24.87", "dist": "0.037", "sigma_lov": "0.67200", "sigma_imp": "0.000", "ps": "-5.29"}, {"energy": "2.322e-02", "width": "2.4552e-04", "ip": "6.400e-06", "ts": "0", "stretch": "4.8572e+04", "date": "2055-04-24.81", "dist": "0.585", "sigma_lov": "1.21207", "sigma_imp": "0.000", "ps": "-6.56"}, {"energy": "2.316e-02", "width": "0.0000e+00", "ip": "9.868e-09", "ts": "0", "stretch": "9.7649e+05", "date": "2050-04-25.14", "dist": "0.889", "sigma_lov": "2.69910", "sigma_imp": "0.000", "ps": "-9.31"}, {"energy": "2.320e-02", "width": "0.0000e+00", "ip": "5.127e-07", "ts": "0", "stretch": "1.3643e+06", "date": "2058-04-25.13", "dist": "0.397", "sigma_lov": "0.30327", "sigma_imp": "0.000", "ps": "-7.69"}, {"energy": "2.324e-02", "width": "3.9033e-04", "ip": "2.632e-04", "ts": "0", "stretch": "2.8309e+03", "date": "2055-04-25.52", "dist": "0.220", "sigma_lov": "0.29553", "sigma_imp": "0.000", "ps": "-4.94"}, {"energy": "2.320e-02", "width": "6.9445e-04", "ip": "1.780e-06", "ts": "0", "stretch": "1.1139e+05", "date": "2085-04-24.92", "dist": "0.388", "sigma_lov": "1.62038", "sigma_imp": "0.000", "ps": "-7.37"}, {"energy": "2.326e-02", "width": "1.3608e-02", "ip": "2.941e-08", "ts": "0", "stretch": "1.9686e+06", "date": "2084-04-24.66", "dist": "0.998", "sigma_lov": "0.33273", "sigma_imp": "0.000", "ps": "-9.14"}, {"energy": "2.322e-02", "width": "4.9105e-04", "ip": "5.363e-08", "ts": "0", "stretch": "1.1574e+05", "date": "2081-04-24.67", "dist": "0.178", "sigma_lov": "3.11296", "sigma_imp": "0.000", "ps": "-8.86"}, {"energy": "2.321e-02", "width": "0.0000e+00", "ip": "5.495e-07", "ts": "0", "stretch": "1.2849e+06", "date": "2080-04-25.03", "dist": "0.325", "sigma_lov": "0.36538", "sigma_imp": "0.000", "ps": "-7.84"}, {"energy": "2.318e-02", "width": "0.0000e+00", "ip": "2.653e-07", "ts": "0", "stretch": "2.2462e+06", "date": "2077-04-25.23", "dist": "0.624", "sigma_lov": "0.30917", "sigma_imp": "0.000", "ps": "-8.14"}, {"energy": "2.324e-02", "width": "7.8568e-03", "ip": "4.162e-07", "ts": "0", "stretch": "1.7855e+06", "date": "2074-04-25.28", "dist": "0.212", "sigma_lov": "0.31091", "sigma_imp": "0.000", "ps": "-7.92"}, {"energy": "2.321e-02", "width": "0.0000e+00", "ip": "1.027e-08", "ts": "0", "stretch": "2.4674e+05", "date": "2074-04-24.85", "dist": "0.439", "sigma_lov": "3.36165", "sigma_imp": "0.000", "ps": "-9.53"}, {"energy": "2.324e-02", "width": "0.0000e+00", "ip": "6.669e-07", "ts": "0", "stretch": "9.5421e+05", "date": "2071-04-25.48", "dist": "0.546", "sigma_lov": "0.31488", "sigma_imp": "0.000", "ps": "-7.69"}, {"energy": "2.316e-02", "width": "5.5556e-03", "ip": "1.633e-09", "ts": "0", "stretch": "1.1636e+06", "date": "2069-04-24.63", "dist": "0.065", "sigma_lov": "3.47732", "sigma_imp": "0.000", "ps": "-10.3"}, {"energy": "2.314e-02", "width": "0.0000e+00", "ip": "1.039e-09", "ts": "0", "stretch": "1.6359e+06", "date": "2069-04-24.55", "dist": "0.413", "sigma_lov": "3.48266", "sigma_imp": "0.000", "ps": "-10.5"}, {"energy": "2.325e-02", "width": "0.0000e+00", "ip": "6.343e-08", "ts": "0", "stretch": "1.4155e+06", "date": "2068-04-24.54", "dist": "0.826", "sigma_lov": "1.79720", "sigma_imp": "0.000", "ps": "-8.69"}, {"energy": "2.324e-02", "width": "0.0000e+00", "ip": "3.687e-08", "ts": "0", "stretch": "2.6707e+06", "date": "2065-04-24.23", "dist": "0.558", "sigma_lov": "1.95462", "sigma_imp": "0.000", "ps": "-8.90"}, {"energy": "2.321e-02", "width": "0.0000e+00", "ip": "7.097e-09", "ts": "0", "stretch": "1.9254e+06", "date": "2063-04-24.92", "dist": "0.410", "sigma_lov": "2.82116", "sigma_imp": "0.000", "ps": "-9.60"}, {"energy": "2.324e-02", "width": "0.0000e+00", "ip": "5.963e-07", "ts": "0", "stretch": "4.4550e+05", "date": "2062-04-24.56", "dist": "0.102", "sigma_lov": "1.48052", "sigma_imp": "0.000", "ps": "-7.66"}, {"energy": "2.324e-02", "width": "3.9284e-03", "ip": "3.505e-07", "ts": "0", "stretch": "1.0446e+06", "date": "2062-04-24.54", "dist": "0.307", "sigma_lov": "1.20880", "sigma_imp": "0.000", "ps": "-7.89"}, {"energy": "2.314e-02", "width": "0.0000e+00", "ip": "3.477e-08", "ts": "0", "stretch": "9.8839e+05", "date": "2061-04-24.46", "dist": "0.888", "sigma_lov": "2.17959", "sigma_imp": "0.000", "ps": "-8.89"}, {"energy": "2.322e-02", "width": "0.0000e+00", "ip": "2.745e-07", "ts": "0", "stretch": "2.7180e+06", "date": "2059-04-25.42", "dist": "0.227", "sigma_lov": "0.28918", "sigma_imp": "0.000", "ps": "-7.97"}, {"energy": "2.314e-02", "width": "0.0000e+00", "ip": "1.041e-07", "ts": "0", "stretch": "1.5843e+05", "date": "2047-04-24.90", "dist": "0.657", "sigma_lov": "2.68344", "sigma_imp": "0.000", "ps": "-8.25"}, {"energy": "2.316e-02", "width": "6.9445e-04", "ip": "8.111e-08", "ts": "0", "stretch": "1.7788e+05", "date": "2050-04-24.76", "dist": "0.283", "sigma_lov": "2.81970", "sigma_imp": "0.000", "ps": "-8.40"}]}