{"summary": {"energy": "6.512e+00", "darc": ".11384 days", "ip": "1.0804e-09", "h": "23.91", "nobs": "14", "mass": "2.38e+08", "v_inf": "10.27", "first_obs": "2007-Nov-19.35117", "method": "LOV", "pdate": "2017-04-17 16:16:04", "ndop": "0", "cdate": "2017-04-17 16:16:04", "ps_cum": "-8.53", "diameter": "0.0559120696038504", "ndel": "0", "v_imp": "15.16", "ps_max": "-8.97", "last_obs": "2007-Nov-19.46501", "fullname": "(2007 WW3)", "n_imp": "5", "ts_max": "0", "nsat": "0", "des": "2007 WW3"}, "signature": {"source": "NASA/JPL Sentry Data API", "version": "1.1"}, "data": [{"energy": "7.043e+00", "width": "4.4661e+02", "ip": "2.489e-10", "ts": "0", "stretch": "4.0903e+06", "date": "2081-11-01.39", "dist": "183.969", "sigma_lov": "-0.14230", "sigma_imp": "0.410", "ps": "-9.21"}, {"energy": "6.829e+00", "width": "2.4473e+03", "ip": "1.019e-10", "ts": "0", "stretch": "1.9948e+06", "date": "2031-11-15.35", "dist": "88.153", "sigma_lov": "-0.08965", "sigma_imp": "0.036", "ps": "-8.97"}, {"energy": "6.799e+00", "width": "5.2356e+03", "ip": "1.239e-10", "ts": "0", "stretch": "7.6830e+05", "date": "2088-11-14.94", "dist": "77.105", "sigma_lov": "-0.08204", "sigma_imp": "0.015", "ps": "-9.57"}, {"energy": "6.430e+00", "width": "6.3285e+02", "ip": "2.618e-10", "ts": "0", "stretch": "2.9305e+06", "date": "2105-11-11.49", "dist": "144.405", "sigma_lov": "-0.08029", "sigma_imp": "0.227", "ps": "-9.36"}, {"energy": "5.994e+00", "width": "1.2255e+03", "ip": "3.439e-10", "ts": "0", "stretch": "1.1797e+06", "date": "2106-11-16.22", "dist": "126.323", "sigma_lov": "0.03063", "sigma_imp": "0.102", "ps": "-9.27"}]}