{"summary": {"energy": "5.221e-02", "darc": ".91734 days", "ip": "6.694924e-07", "h": "27.07", "nobs": "10", "mass": "3.02e+06", "v_inf": "4.58", "first_obs": "2007-Dec-14.56193", "method": "LOV", "pdate": "2017-04-06 20:27:11", "ndop": "0", "cdate": "2017-04-06 20:27:11", "ps_cum": "-7.51", "diameter": "0.013", "ndel": "0", "v_imp": "12.05", "ps_max": "-7.79", "last_obs": "2007-Dec-15.47927", "fullname": "(2007 XB23)", "n_imp": "10", "ts_max": "0", "nsat": "0", "des": "2007 XB23"}, "signature": {"source": "NASA/JPL Sentry Data API", "version": "1.1"}, "data": [{"energy": "5.219e-02", "width": "4.1351e-01", "ip": "5.501e-09", "ts": "0", "stretch": "3.2739e+06", "date": "2114-12-12.35", "dist": "1.697", "sigma_lov": "0.05402", "sigma_imp": "1.686", "ps": "-9.75"}, {"energy": "5.218e-02", "width": "4.0386e-01", "ip": "2.907e-08", "ts": "0", "stretch": "9.8256e+05", "date": "2111-12-12.64", "dist": "1.592", "sigma_lov": "0.06205", "sigma_imp": "1.467", "ps": "-9.02"}, {"energy": "5.219e-02", "width": "1.1795e+00", "ip": "1.574e-09", "ts": "0", "stretch": "4.6739e+05", "date": "2108-12-11.98", "dist": "4.509", "sigma_lov": "0.07525", "sigma_imp": "2.975", "ps": "-10.3"}, {"energy": "5.200e-02", "width": "4.9301e+00", "ip": "5.431e-10", "ts": "0", "stretch": "2.0144e+05", "date": "2102-12-11.95", "dist": "16.566", "sigma_lov": "1.57449", "sigma_imp": "3.157", "ps": "-10.7"}, {"energy": "5.220e-02", "width": "3.7966e-01", "ip": "3.480e-09", "ts": "0", "stretch": "1.9944e+06", "date": "2092-12-10.14", "dist": "1.784", "sigma_lov": "-0.08951", "sigma_imp": "2.065", "ps": "-9.84"}, {"energy": "5.222e-02", "width": "2.2202e-01", "ip": "3.645e-07", "ts": "0", "stretch": "9.9654e+05", "date": "2087-12-11.06", "dist": "0.846", "sigma_lov": "-0.03931", "sigma_imp": "0.000", "ps": "-7.79"}, {"energy": "5.220e-02", "width": "4.6413e-01", "ip": "2.133e-10", "ts": "0", "stretch": "1.3845e+06", "date": "2079-12-11.61", "dist": "2.454", "sigma_lov": "-0.02337", "sigma_imp": "3.134", "ps": "-11.0"}, {"energy": "5.222e-02", "width": "2.7795e+00", "ip": "5.670e-09", "ts": "0", "stretch": "1.1866e+06", "date": "2079-12-11.61", "dist": "7.216", "sigma_lov": "-0.10564", "sigma_imp": "2.236", "ps": "-9.55"}, {"energy": "5.221e-02", "width": "4.8573e-01", "ip": "2.572e-07", "ts": "0", "stretch": "1.3973e+06", "date": "2078-12-11.36", "dist": "0.858", "sigma_lov": "-0.02275", "sigma_imp": "0.000", "ps": "-7.88"}, {"energy": "5.190e-02", "width": "6.5122e+00", "ip": "1.741e-09", "ts": "0", "stretch": "4.9108e+05", "date": "2115-12-11.95", "dist": "5.756", "sigma_lov": "2.86642", "sigma_imp": "0.730", "ps": "-10.3"}]}