{"summary": {"energy": "2.007e-03", "darc": ".04006 days", "ip": "3.2079547e-06", "h": "29.76", "nobs": "10", "mass": "8.42e+04", "v_inf": "7.62", "first_obs": "2008-Mar-05.4406", "method": "LOV", "pdate": "2017-04-06 23:08:04", "ndop": "0", "cdate": "2017-04-06 23:08:04", "ps_cum": "-7.65", "diameter": "0.00383164576794055", "ndel": "0", "v_imp": "13.56", "ps_max": "-8.70", "last_obs": "2008-Mar-05.48066", "fullname": "(2008 EK68)", "n_imp": "243", "ts_max": "0", "nsat": "0", "des": "2008 EK68"}, "signature": {"source": "NASA/JPL Sentry Data API", "version": "1.1"}, "data": [{"energy": "2.607e-03", "width": "2.5576e+01", "ip": "4.944e-09", "ts": "0", "stretch": "3.7754e+06", "date": "2117-03-04.87", "dist": "7.366", "sigma_lov": "0.09631", "sigma_imp": "0.249", "ps": "-10.8"}, {"energy": "3.215e-03", "width": "2.0073e+01", "ip": "1.288e-08", "ts": "0", "stretch": "1.8214e+06", "date": "2115-03-05.40", "dist": "5.630", "sigma_lov": "0.20104", "sigma_imp": "0.231", "ps": "-10.4"}, {"energy": "8.941e-04", "width": "1.5041e+01", "ip": "7.802e-09", "ts": "0", "stretch": "3.1615e+06", "date": "2115-03-04.75", "dist": "2.479", "sigma_lov": "-0.75366", "sigma_imp": "0.098", "ps": "-11.0"}, {"energy": "1.045e-03", "width": "2.0729e+01", "ip": "1.828e-08", "ts": "0", "stretch": "1.0500e+06", "date": "2114-03-04.74", "dist": "7.722", "sigma_lov": "-0.56317", "sigma_imp": "0.324", "ps": "-10.6"}, {"energy": "3.203e-03", "width": "2.0805e+01", "ip": "8.450e-09", "ts": "0", "stretch": "2.4804e+06", "date": "2113-03-04.75", "dist": "10.038", "sigma_lov": "0.20046", "sigma_imp": "0.434", "ps": "-10.5"}, {"energy": "1.017e-03", "width": "1.7568e+01", "ip": "5.583e-09", "ts": "0", "stretch": "4.1667e+06", "date": "2112-03-04.29", "dist": "3.931", "sigma_lov": "-0.59330", "sigma_imp": "0.167", "ps": "-11.1"}, {"energy": "1.319e-03", "width": "2.4438e+01", "ip": "9.567e-10", "ts": "0", "stretch": "1.9963e+07", "date": "2111-03-05.28", "dist": "3.200", "sigma_lov": "-0.34656", "sigma_imp": "0.090", "ps": "-11.8"}, {"energy": "1.130e-03", "width": "2.2425e+01", "ip": "8.608e-09", "ts": "0", "stretch": "2.2569e+06", "date": "2111-03-05.16", "dist": "4.537", "sigma_lov": "-0.48365", "sigma_imp": "0.158", "ps": "-10.9"}, {"energy": "1.130e-03", "width": "2.2425e+01", "ip": "8.608e-09", "ts": "0", "stretch": "2.2569e+06", "date": "2111-03-05.16", "dist": "4.537", "sigma_lov": "-0.48357", "sigma_imp": "0.158", "ps": "-10.9"}, {"energy": "2.311e-03", "width": "2.0037e+01", "ip": "1.699e-09", "ts": "0", "stretch": "1.4148e+07", "date": "2110-03-05.16", "dist": "5.424", "sigma_lov": "0.02936", "sigma_imp": "0.221", "ps": "-11.3"}, {"energy": "1.361e-03", "width": "1.0754e+01", "ip": "2.708e-09", "ts": "0", "stretch": "1.3955e+07", "date": "2110-03-04.91", "dist": "5.972", "sigma_lov": "-0.32300", "sigma_imp": "0.462", "ps": "-11.3"}, {"energy": "7.456e-04", "width": "2.1931e+01", "ip": "2.013e-08", "ts": "0", "stretch": "5.4253e+05", "date": "2110-03-03.81", "dist": "0.910", "sigma_lov": "-1.21338", "sigma_imp": "0.000", "ps": "-10.6"}, {"energy": "5.172e-03", "width": "2.6668e+01", "ip": "2.243e-09", "ts": "0", "stretch": "7.6934e+06", "date": "2109-03-04.99", "dist": "0.310", "sigma_lov": "0.40581", "sigma_imp": "0.000", "ps": "-10.9"}, {"energy": "2.450e-03", "width": "1.5492e+01", "ip": "2.624e-09", "ts": "0", "stretch": "1.0476e+07", "date": "2108-03-04.55", "dist": "8.708", "sigma_lov": "0.06291", "sigma_imp": "0.498", "ps": "-11.1"}, {"energy": "3.195e-03", "width": "1.9795e+01", "ip": "9.394e-09", "ts": "0", "stretch": "2.2759e+06", "date": "2107-03-05.23", "dist": "10.718", "sigma_lov": "0.19891", "sigma_imp": "0.491", "ps": "-10.5"}, {"energy": "7.755e-03", "width": "4.6607e+01", "ip": "1.606e-09", "ts": "0", "stretch": "5.6957e+06", "date": "2107-03-05.18", "dist": "4.749", "sigma_lov": "0.55350", "sigma_imp": "0.080", "ps": "-10.9"}, {"energy": "1.789e-03", "width": "1.8105e+01", "ip": "7.662e-09", "ts": "0", "stretch": "3.2257e+06", "date": "2106-03-04.97", "dist": "8.216", "sigma_lov": "-0.12415", "sigma_imp": "0.399", "ps": "-10.7"}, {"energy": "1.298e-03", "width": "4.1649e+00", "ip": "5.182e-08", "ts": "0", "stretch": "6.4675e+05", "date": "2106-03-04.79", "dist": "6.510", "sigma_lov": "-0.36007", "sigma_imp": "1.323", "ps": "-10.0"}, {"energy": "4.541e-03", "width": "2.6512e+01", "ip": "4.005e-09", "ts": "0", "stretch": "4.2228e+06", "date": "2105-03-04.76", "dist": "7.990", "sigma_lov": "0.35498", "sigma_imp": "0.264", "ps": "-10.7"}, {"energy": "3.073e-03", "width": "2.6739e+01", "ip": "1.878e-09", "ts": "0", "stretch": "9.7343e+06", "date": "2104-03-04.87", "dist": "3.081", "sigma_lov": "0.17739", "sigma_imp": "0.078", "ps": "-11.2"}, {"energy": "1.517e-03", "width": "1.2794e+01", "ip": "6.809e-09", "ts": "0", "stretch": "5.4520e+06", "date": "2104-03-04.57", "dist": "2.672", "sigma_lov": "-0.24008", "sigma_imp": "0.131", "ps": "-10.8"}, {"energy": "1.695e-03", "width": "2.0722e+01", "ip": "5.701e-09", "ts": "0", "stretch": "3.7988e+06", "date": "2103-03-05.27", "dist": "9.030", "sigma_lov": "-0.16046", "sigma_imp": "0.388", "ps": "-10.9"}, {"energy": "2.053e-03", "width": "1.5750e+01", "ip": "5.357e-09", "ts": "0", "stretch": "4.9762e+06", "date": "2102-03-04.96", "dist": "9.280", "sigma_lov": "-0.03896", "sigma_imp": "0.526", "ps": "-10.8"}, {"energy": "1.365e-03", "width": "1.5289e+01", "ip": "5.566e-09", "ts": "0", "stretch": "5.3587e+06", "date": "2102-03-04.88", "dist": "4.343", "sigma_lov": "-0.31989", "sigma_imp": "0.219", "ps": "-11.0"}, {"energy": "8.439e-04", "width": "1.2040e+01", "ip": "3.049e-07", "ts": "0", "stretch": "7.6997e+04", "date": "2102-03-04.29", "dist": "7.900", "sigma_lov": "-0.84182", "sigma_imp": "0.573", "ps": "-9.38"}, {"energy": "5.392e-03", "width": "3.1672e+01", "ip": "1.073e-08", "ts": "0", "stretch": "1.3351e+06", "date": "2101-03-04.86", "dist": "4.005", "sigma_lov": "0.42190", "sigma_imp": "0.095", "ps": "-10.2"}, {"energy": "1.197e-03", "width": "1.7007e+01", "ip": "3.499e-09", "ts": "0", "stretch": "7.0298e+06", "date": "2101-03-04.50", "dist": "7.023", "sigma_lov": "-0.43057", "sigma_imp": "0.354", "ps": "-11.2"}, {"energy": "6.142e-03", "width": "3.5313e+01", "ip": "3.502e-09", "ts": "0", "stretch": "3.1115e+06", "date": "2101-03-04.34", "dist": "19.280", "sigma_lov": "0.47376", "sigma_imp": "0.518", "ps": "-10.6"}, {"energy": "4.152e-03", "width": "2.5808e+01", "ip": "1.182e-09", "ts": "0", "stretch": "1.3650e+07", "date": "2100-03-04.42", "dist": "13.250", "sigma_lov": "0.31775", "sigma_imp": "0.475", "ps": "-11.2"}, {"energy": "5.033e-03", "width": "3.1008e+01", "ip": "1.713e-09", "ts": "0", "stretch": "8.5750e+06", "date": "2099-03-04.39", "dist": "5.321", "sigma_lov": "0.39489", "sigma_imp": "0.139", "ps": "-11.0"}, {"energy": "3.186e-03", "width": "1.7863e+01", "ip": "7.063e-09", "ts": "0", "stretch": "3.2487e+06", "date": "2099-03-04.27", "dist": "10.687", "sigma_lov": "0.19698", "sigma_imp": "0.542", "ps": "-10.5"}, {"energy": "1.101e-03", "width": "2.6591e+01", "ip": "2.017e-08", "ts": "0", "stretch": "8.0984e+05", "date": "2098-03-03.87", "dist": "3.926", "sigma_lov": "-0.50949", "sigma_imp": "0.110", "ps": "-10.4"}, {"energy": "1.303e-03", "width": "6.9987e+00", "ip": "3.640e-09", "ts": "0", "stretch": "1.4422e+07", "date": "2098-03-03.84", "dist": "4.875", "sigma_lov": "-0.35797", "sigma_imp": "0.554", "ps": "-11.1"}, {"energy": "5.083e-03", "width": "2.6631e+01", "ip": "3.714e-09", "ts": "0", "stretch": "4.5594e+06", "date": "2097-03-03.90", "dist": "5.699", "sigma_lov": "0.39925", "sigma_imp": "0.176", "ps": "-10.6"}, {"energy": "3.420e-03", "width": "2.2926e+01", "ip": "6.781e-09", "ts": "0", "stretch": "2.8890e+06", "date": "2097-03-03.83", "dist": "9.196", "sigma_lov": "0.23032", "sigma_imp": "0.357", "ps": "-10.5"}, {"energy": "7.897e-03", "width": "5.0962e+01", "ip": "1.710e-09", "ts": "0", "stretch": "4.8821e+06", "date": "2097-03-03.54", "dist": "4.387", "sigma_lov": "0.56031", "sigma_imp": "0.066", "ps": "-10.8"}, {"energy": "1.132e-03", "width": "1.4524e+01", "ip": "2.367e-09", "ts": "0", "stretch": "1.0978e+07", "date": "2097-03-03.43", "dist": "8.331", "sigma_lov": "-0.48301", "sigma_imp": "0.505", "ps": "-11.4"}, {"energy": "1.132e-03", "width": "1.4524e+01", "ip": "2.367e-09", "ts": "0", "stretch": "1.0978e+07", "date": "2097-03-03.43", "dist": "8.331", "sigma_lov": "-0.48289", "sigma_imp": "0.505", "ps": "-11.4"}, {"energy": "1.132e-03", "width": "1.4524e+01", "ip": "2.367e-09", "ts": "0", "stretch": "1.0978e+07", "date": "2097-03-03.43", "dist": "8.331", "sigma_lov": "-0.48285", "sigma_imp": "0.505", "ps": "-11.4"}, {"energy": "1.132e-03", "width": "1.4524e+01", "ip": "2.367e-09", "ts": "0", "stretch": "1.0978e+07", "date": "2097-03-03.43", "dist": "8.331", "sigma_lov": "-0.48277", "sigma_imp": "0.505", "ps": "-11.4"}, {"energy": "1.132e-03", "width": "1.4524e+01", "ip": "2.367e-09", "ts": "0", "stretch": "1.0978e+07", "date": "2097-03-03.43", "dist": "8.331", "sigma_lov": "-0.48273", "sigma_imp": "0.505", "ps": "-11.4"}, {"energy": "5.854e-03", "width": "5.7176e+01", "ip": "9.695e-09", "ts": "0", "stretch": "7.3777e+05", "date": "2097-03-03.19", "dist": "25.118", "sigma_lov": "0.45601", "sigma_imp": "0.422", "ps": "-10.2"}, {"energy": "5.849e-03", "width": "5.7175e+01", "ip": "9.694e-09", "ts": "0", "stretch": "7.3782e+05", "date": "2097-03-03.19", "dist": "25.118", "sigma_lov": "0.45569", "sigma_imp": "0.422", "ps": "-10.2"}, {"energy": "9.822e-04", "width": "1.5279e+01", "ip": "1.155e-08", "ts": "0", "stretch": "2.1188e+06", "date": "2096-03-03.11", "dist": "6.454", "sigma_lov": "-0.63346", "sigma_imp": "0.357", "ps": "-10.7"}, {"energy": "1.888e-03", "width": "1.6604e+01", "ip": "7.638e-09", "ts": "0", "stretch": "3.2733e+06", "date": "2095-03-04.17", "dist": "10.009", "sigma_lov": "-0.08976", "sigma_imp": "0.543", "ps": "-10.7"}, {"energy": "1.720e-03", "width": "1.7096e+01", "ip": "3.814e-09", "ts": "0", "stretch": "5.7861e+06", "date": "2095-03-04.11", "dist": "12.569", "sigma_lov": "-0.15009", "sigma_imp": "0.677", "ps": "-11.0"}, {"energy": "6.457e-03", "width": "4.4712e+01", "ip": "1.801e-09", "ts": "0", "stretch": "5.3647e+06", "date": "2095-03-04.08", "dist": "10.092", "sigma_lov": "0.49048", "sigma_imp": "0.203", "ps": "-10.9"}, {"energy": "2.346e-03", "width": "1.8822e+01", "ip": "1.445e-08", "ts": "0", "stretch": "1.4698e+06", "date": "2094-03-03.88", "dist": "12.556", "sigma_lov": "0.03876", "sigma_imp": "0.614", "ps": "-10.3"}, {"energy": "6.220e-03", "width": "4.0595e+01", "ip": "2.454e-09", "ts": "0", "stretch": "3.6661e+06", "date": "2094-03-03.37", "dist": "25.604", "sigma_lov": "0.47901", "sigma_imp": "0.606", "ps": "-10.7"}, {"energy": "6.214e-03", "width": "3.9479e+01", "ip": "3.824e-09", "ts": "0", "stretch": "2.4303e+06", "date": "2094-03-03.37", "dist": "24.624", "sigma_lov": "0.47850", "sigma_imp": "0.598", "ps": "-10.5"}, {"energy": "8.062e-04", "width": "2.2018e+01", "ip": "1.912e-09", "ts": "0", "stretch": "6.5568e+06", "date": "2094-03-02.99", "dist": "12.655", "sigma_lov": "-0.92584", "sigma_imp": "0.529", "ps": "-11.6"}, {"energy": "3.735e-03", "width": "2.5367e+01", "ip": "1.326e-08", "ts": "0", "stretch": "1.3221e+06", "date": "2093-03-03.80", "dist": "10.164", "sigma_lov": "0.27022", "sigma_imp": "0.361", "ps": "-10.2"}, {"energy": "4.416e-03", "width": "2.8260e+01", "ip": "7.456e-08", "ts": "0", "stretch": "2.0627e+05", "date": "2093-03-03.76", "dist": "11.375", "sigma_lov": "0.34264", "sigma_imp": "0.367", "ps": "-9.37"}, {"energy": "4.412e-03", "width": "2.8451e+01", "ip": "8.308e-08", "ts": "0", "stretch": "1.8405e+05", "date": "2093-03-03.75", "dist": "11.383", "sigma_lov": "0.34254", "sigma_imp": "0.365", "ps": "-9.32"}, {"energy": "7.644e-03", "width": "4.1613e+01", "ip": "2.234e-09", "ts": "0", "stretch": "4.6153e+06", "date": "2093-03-03.60", "dist": "2.152", "sigma_lov": "0.54903", "sigma_imp": "0.028", "ps": "-10.7"}, {"energy": "8.202e-03", "width": "3.8024e+01", "ip": "2.925e-09", "ts": "0", "stretch": "3.7848e+06", "date": "2093-03-03.41", "dist": "4.409", "sigma_lov": "0.57353", "sigma_imp": "0.090", "ps": "-10.6"}, {"energy": "5.242e-03", "width": "3.3524e+01", "ip": "2.156e-09", "ts": "0", "stretch": "6.0755e+06", "date": "2091-03-04.25", "dist": "10.030", "sigma_lov": "0.41107", "sigma_imp": "0.269", "ps": "-10.8"}, {"energy": "7.225e-03", "width": "4.5356e+01", "ip": "3.375e-09", "ts": "0", "stretch": "2.8114e+06", "date": "2091-03-04.17", "dist": "6.279", "sigma_lov": "0.52853", "sigma_imp": "0.116", "ps": "-10.5"}, {"energy": "2.539e-03", "width": "3.0215e+01", "ip": "3.145e-09", "ts": "0", "stretch": "4.8355e+06", "date": "2090-03-04.00", "dist": "12.155", "sigma_lov": "0.08174", "sigma_imp": "0.369", "ps": "-10.9"}, {"energy": "2.307e-03", "width": "1.9453e+01", "ip": "7.882e-09", "ts": "0", "stretch": "2.7925e+06", "date": "2090-03-03.95", "dist": "10.808", "sigma_lov": "0.02917", "sigma_imp": "0.504", "ps": "-10.6"}, {"energy": "1.562e-03", "width": "1.5479e+01", "ip": "4.167e-08", "ts": "0", "stretch": "6.1925e+05", "date": "2090-03-03.79", "dist": "9.800", "sigma_lov": "-0.21809", "sigma_imp": "0.569", "ps": "-9.97"}, {"energy": "6.431e-03", "width": "4.4902e+01", "ip": "2.126e-09", "ts": "0", "stretch": "4.0695e+06", "date": "2090-03-03.50", "dist": "23.045", "sigma_lov": "0.49003", "sigma_imp": "0.491", "ps": "-10.8"}, {"energy": "3.162e-03", "width": "2.1598e+01", "ip": "5.770e-09", "ts": "0", "stretch": "3.1333e+06", "date": "2089-03-03.67", "dist": "14.589", "sigma_lov": "0.19429", "sigma_imp": "0.629", "ps": "-10.6"}, {"energy": "3.431e-03", "width": "2.6898e+01", "ip": "5.703e-09", "ts": "0", "stretch": "2.6822e+06", "date": "2089-03-03.66", "dist": "15.574", "sigma_lov": "0.23260", "sigma_imp": "0.542", "ps": "-10.5"}, {"energy": "4.096e-03", "width": "2.7710e+01", "ip": "2.957e-09", "ts": "0", "stretch": "5.0409e+06", "date": "2089-03-03.65", "dist": "14.777", "sigma_lov": "0.31148", "sigma_imp": "0.497", "ps": "-10.8"}, {"energy": "1.897e-03", "width": "2.1405e+01", "ip": "4.592e-09", "ts": "0", "stretch": "4.4751e+06", "date": "2088-03-03.40", "dist": "10.662", "sigma_lov": "-0.08764", "sigma_imp": "0.451", "ps": "-10.8"}, {"energy": "1.708e-03", "width": "1.6075e+01", "ip": "1.986e-08", "ts": "0", "stretch": "1.1436e+06", "date": "2088-03-03.34", "dist": "12.490", "sigma_lov": "-0.15635", "sigma_imp": "0.715", "ps": "-10.2"}, {"energy": "1.880e-03", "width": "1.4837e+01", "ip": "5.936e-10", "ts": "0", "stretch": "3.9714e+07", "date": "2088-03-03.33", "dist": "12.464", "sigma_lov": "-0.09391", "sigma_imp": "0.773", "ps": "-11.7"}, {"energy": "8.802e-04", "width": "1.0956e+01", "ip": "9.609e-09", "ts": "0", "stretch": "2.7845e+06", "date": "2088-03-02.84", "dist": "7.465", "sigma_lov": "-0.77582", "sigma_imp": "0.590", "ps": "-10.8"}, {"energy": "9.490e-04", "width": "1.0669e+01", "ip": "2.774e-07", "ts": "0", "stretch": "1.1058e+05", "date": "2088-03-02.84", "dist": "6.672", "sigma_lov": "-0.67445", "sigma_imp": "0.532", "ps": "-9.30"}, {"energy": "4.516e-03", "width": "2.7560e+01", "ip": "4.002e-09", "ts": "0", "stretch": "3.8716e+06", "date": "2087-03-04.23", "dist": "12.046", "sigma_lov": "0.35192", "sigma_imp": "0.401", "ps": "-10.6"}, {"energy": "3.163e-03", "width": "2.1065e+01", "ip": "6.417e-09", "ts": "0", "stretch": "2.9810e+06", "date": "2087-03-04.23", "dist": "13.213", "sigma_lov": "0.19368", "sigma_imp": "0.580", "ps": "-10.5"}, {"energy": "2.620e-03", "width": "2.2204e+01", "ip": "7.468e-09", "ts": "0", "stretch": "2.5496e+06", "date": "2087-03-04.20", "dist": "12.668", "sigma_lov": "0.09854", "sigma_imp": "0.525", "ps": "-10.5"}, {"energy": "9.928e-04", "width": "9.1859e+00", "ip": "5.309e-09", "ts": "0", "stretch": "6.6568e+06", "date": "2087-03-03.83", "dist": "6.352", "sigma_lov": "-0.61934", "sigma_imp": "0.583", "ps": "-11.0"}, {"energy": "6.842e-03", "width": "3.8047e+01", "ip": "7.683e-10", "ts": "0", "stretch": "1.3322e+07", "date": "2087-03-03.82", "dist": "18.495", "sigma_lov": "0.51208", "sigma_imp": "0.460", "ps": "-11.2"}, {"energy": "8.667e-03", "width": "2.7126e+01", "ip": "1.191e-09", "ts": "0", "stretch": "9.6879e+06", "date": "2087-03-03.40", "dist": "20.710", "sigma_lov": "0.59418", "sigma_imp": "0.727", "ps": "-10.9"}, {"energy": "2.731e-03", "width": "2.0569e+01", "ip": "3.822e-09", "ts": "0", "stretch": "5.3419e+06", "date": "2086-03-04.01", "dist": "11.888", "sigma_lov": "0.11974", "sigma_imp": "0.529", "ps": "-10.8"}, {"energy": "2.256e-03", "width": "1.9459e+01", "ip": "1.922e-08", "ts": "0", "stretch": "1.1417e+06", "date": "2086-03-03.98", "dist": "10.919", "sigma_lov": "0.01647", "sigma_imp": "0.510", "ps": "-10.1"}, {"energy": "4.738e-03", "width": "2.9245e+01", "ip": "3.096e-09", "ts": "0", "stretch": "4.5745e+06", "date": "2086-03-03.91", "dist": "14.253", "sigma_lov": "0.37190", "sigma_imp": "0.453", "ps": "-10.7"}, {"energy": "1.538e-03", "width": "1.4661e+01", "ip": "1.299e-07", "ts": "0", "stretch": "2.1289e+05", "date": "2086-03-03.86", "dist": "8.868", "sigma_lov": "-0.22952", "sigma_imp": "0.537", "ps": "-9.45"}, {"energy": "1.581e-03", "width": "1.3771e+01", "ip": "4.022e-08", "ts": "0", "stretch": "6.9631e+05", "date": "2085-03-03.59", "dist": "9.487", "sigma_lov": "-0.21023", "sigma_imp": "0.616", "ps": "-9.95"}, {"energy": "1.431e-03", "width": "1.5054e+01", "ip": "1.029e-08", "ts": "0", "stretch": "2.3122e+06", "date": "2085-03-03.52", "dist": "11.529", "sigma_lov": "-0.28330", "sigma_imp": "0.699", "ps": "-10.6"}, {"energy": "7.632e-03", "width": "4.9845e+01", "ip": "1.723e-09", "ts": "0", "stretch": "4.8204e+06", "date": "2085-03-03.41", "dist": "13.738", "sigma_lov": "0.54832", "sigma_imp": "0.256", "ps": "-10.8"}, {"energy": "2.249e-03", "width": "2.3599e+01", "ip": "2.636e-09", "ts": "0", "stretch": "7.0355e+06", "date": "2084-03-03.46", "dist": "12.175", "sigma_lov": "0.01519", "sigma_imp": "0.474", "ps": "-11.0"}, {"energy": "2.025e-03", "width": "1.9095e+01", "ip": "2.206e-08", "ts": "0", "stretch": "9.6085e+05", "date": "2084-03-03.43", "dist": "12.383", "sigma_lov": "-0.04637", "sigma_imp": "0.596", "ps": "-10.1"}, {"energy": "2.469e-03", "width": "1.8505e+01", "ip": "1.294e-08", "ts": "0", "stretch": "1.4759e+06", "date": "2084-03-03.38", "dist": "15.368", "sigma_lov": "0.06697", "sigma_imp": "0.776", "ps": "-10.3"}, {"energy": "9.124e-04", "width": "9.9328e+00", "ip": "1.254e-07", "ts": "0", "stretch": "2.4818e+05", "date": "2084-03-02.83", "dist": "6.564", "sigma_lov": "-0.72333", "sigma_imp": "0.560", "ps": "-9.64"}, {"energy": "3.155e-03", "width": "1.9973e+01", "ip": "6.677e-09", "ts": "0", "stretch": "2.7533e+06", "date": "2083-03-04.14", "dist": "15.210", "sigma_lov": "0.19229", "sigma_imp": "0.711", "ps": "-10.5"}, {"energy": "3.451e-03", "width": "2.3606e+01", "ip": "6.311e-09", "ts": "0", "stretch": "2.5381e+06", "date": "2083-03-04.11", "dist": "16.746", "sigma_lov": "0.23447", "sigma_imp": "0.667", "ps": "-10.5"}, {"energy": "1.726e-03", "width": "2.1014e+01", "ip": "1.700e-08", "ts": "0", "stretch": "1.1951e+06", "date": "2083-03-04.09", "dist": "11.388", "sigma_lov": "-0.14874", "sigma_imp": "0.494", "ps": "-10.3"}, {"energy": "2.344e-03", "width": "1.8106e+01", "ip": "1.140e-08", "ts": "0", "stretch": "1.7905e+06", "date": "2083-03-04.07", "dist": "14.053", "sigma_lov": "0.03827", "sigma_imp": "0.721", "ps": "-10.3"}, {"energy": "5.986e-03", "width": "5.0019e+01", "ip": "4.277e-09", "ts": "0", "stretch": "1.8997e+06", "date": "2083-03-03.83", "dist": "22.332", "sigma_lov": "0.46273", "sigma_imp": "0.426", "ps": "-10.4"}, {"energy": "4.822e-03", "width": "2.9787e+01", "ip": "5.266e-09", "ts": "0", "stretch": "2.5065e+06", "date": "2082-03-03.79", "dist": "17.264", "sigma_lov": "0.37919", "sigma_imp": "0.546", "ps": "-10.4"}, {"energy": "3.990e-03", "width": "2.5336e+01", "ip": "6.802e-09", "ts": "0", "stretch": "2.1295e+06", "date": "2082-03-03.79", "dist": "18.407", "sigma_lov": "0.30020", "sigma_imp": "0.687", "ps": "-10.4"}, {"energy": "4.194e-03", "width": "2.4509e+01", "ip": "4.249e-09", "ts": "0", "stretch": "3.9206e+06", "date": "2081-03-03.72", "dist": "13.445", "sigma_lov": "0.32134", "sigma_imp": "0.508", "ps": "-10.6"}, {"energy": "3.812e-03", "width": "2.3290e+01", "ip": "5.552e-09", "ts": "0", "stretch": "3.1386e+06", "date": "2081-03-03.72", "dist": "13.543", "sigma_lov": "0.27970", "sigma_imp": "0.539", "ps": "-10.5"}, {"energy": "4.628e-03", "width": "2.6034e+01", "ip": "2.567e-09", "ts": "0", "stretch": "6.2409e+06", "date": "2081-03-03.70", "dist": "12.504", "sigma_lov": "0.36236", "sigma_imp": "0.442", "ps": "-10.7"}, {"energy": "6.651e-03", "width": "3.3012e+01", "ip": "2.480e-09", "ts": "0", "stretch": "5.0895e+06", "date": "2081-03-03.59", "dist": "11.053", "sigma_lov": "0.50082", "sigma_imp": "0.305", "ps": "-10.6"}, {"energy": "5.404e-03", "width": "2.7391e+01", "ip": "6.308e-09", "ts": "0", "stretch": "2.6474e+06", "date": "2080-03-03.87", "dist": "0.301", "sigma_lov": "0.42049", "sigma_imp": "0.000", "ps": "-10.3"}, {"energy": "1.947e-03", "width": "2.1499e+01", "ip": "7.153e-09", "ts": "0", "stretch": "2.8522e+06", "date": "2080-03-03.44", "dist": "10.883", "sigma_lov": "-0.07248", "sigma_imp": "0.460", "ps": "-10.6"}, {"energy": "1.586e-03", "width": "1.5736e+01", "ip": "2.718e-08", "ts": "0", "stretch": "9.6453e+05", "date": "2080-03-03.39", "dist": "9.179", "sigma_lov": "-0.20853", "sigma_imp": "0.520", "ps": "-10.1"}, {"energy": "1.028e-03", "width": "1.8061e+01", "ip": "1.112e-08", "ts": "0", "stretch": "1.9020e+06", "date": "2080-03-03.22", "dist": "8.031", "sigma_lov": "-0.58322", "sigma_imp": "0.389", "ps": "-10.6"}, {"energy": "1.030e-03", "width": "1.5977e+01", "ip": "3.124e-08", "ts": "0", "stretch": "7.6703e+05", "date": "2080-03-03.15", "dist": "7.059", "sigma_lov": "-0.58107", "sigma_imp": "0.379", "ps": "-10.2"}, {"energy": "2.836e-03", "width": "2.0617e+01", "ip": "4.549e-09", "ts": "0", "stretch": "3.9975e+06", "date": "2079-03-04.18", "dist": "15.372", "sigma_lov": "0.13919", "sigma_imp": "0.697", "ps": "-10.6"}, {"energy": "2.065e-03", "width": "2.0147e+01", "ip": "6.029e-08", "ts": "0", "stretch": "3.3449e+05", "date": "2079-03-04.16", "dist": "12.958", "sigma_lov": "-0.03539", "sigma_imp": "0.594", "ps": "-9.64"}, {"energy": "2.069e-03", "width": "2.1741e+01", "ip": "3.595e-08", "ts": "0", "stretch": "5.3661e+05", "date": "2079-03-04.16", "dist": "12.863", "sigma_lov": "-0.03436", "sigma_imp": "0.546", "ps": "-9.86"}, {"energy": "3.465e-03", "width": "2.1783e+01", "ip": "5.871e-09", "ts": "0", "stretch": "2.9386e+06", "date": "2079-03-04.16", "dist": "15.627", "sigma_lov": "0.23595", "sigma_imp": "0.671", "ps": "-10.5"}, {"energy": "2.299e-03", "width": "2.1075e+01", "ip": "1.186e-08", "ts": "0", "stretch": "1.5753e+06", "date": "2079-03-04.16", "dist": "14.550", "sigma_lov": "0.02687", "sigma_imp": "0.643", "ps": "-10.3"}, {"energy": "2.296e-03", "width": "1.9513e+01", "ip": "1.578e-08", "ts": "0", "stretch": "1.2735e+06", "date": "2079-03-04.16", "dist": "13.584", "sigma_lov": "0.02603", "sigma_imp": "0.645", "ps": "-10.2"}, {"energy": "7.919e-04", "width": "5.7768e+00", "ip": "4.480e-08", "ts": "0", "stretch": "5.7560e+05", "date": "2079-03-03.31", "dist": "7.064", "sigma_lov": "-0.96393", "sigma_imp": "1.050", "ps": "-10.1"}, {"energy": "2.684e-03", "width": "2.4205e+01", "ip": "1.763e-08", "ts": "0", "stretch": "9.4352e+05", "date": "2078-03-03.86", "dist": "15.687", "sigma_lov": "0.11122", "sigma_imp": "0.607", "ps": "-10.1"}, {"energy": "1.382e-03", "width": "1.3805e+01", "ip": "1.177e-08", "ts": "0", "stretch": "1.9228e+06", "date": "2078-03-03.67", "dist": "12.691", "sigma_lov": "-0.30949", "sigma_imp": "0.847", "ps": "-10.5"}, {"energy": "7.147e-03", "width": "3.7852e+01", "ip": "1.198e-09", "ts": "0", "stretch": "7.2086e+06", "date": "2078-03-03.31", "dist": "28.578", "sigma_lov": "0.52780", "sigma_imp": "0.729", "ps": "-10.9"}, {"energy": "2.267e-03", "width": "2.2836e+01", "ip": "3.428e-09", "ts": "0", "stretch": "5.0134e+06", "date": "2077-03-03.61", "dist": "15.884", "sigma_lov": "0.01885", "sigma_imp": "0.652", "ps": "-10.8"}, {"energy": "3.143e-03", "width": "1.6592e+01", "ip": "5.029e-09", "ts": "0", "stretch": "3.5017e+06", "date": "2077-03-03.60", "dist": "16.905", "sigma_lov": "0.19000", "sigma_imp": "0.959", "ps": "-10.6"}, {"energy": "1.624e-03", "width": "7.9907e+00", "ip": "1.802e-08", "ts": "0", "stretch": "1.1058e+06", "date": "2077-03-03.51", "dist": "12.005", "sigma_lov": "-0.19091", "sigma_imp": "1.377", "ps": "-10.2"}, {"energy": "4.297e-03", "width": "2.4333e+01", "ip": "3.648e-09", "ts": "0", "stretch": "4.1509e+06", "date": "2075-03-04.11", "dist": "17.209", "sigma_lov": "0.33067", "sigma_imp": "0.666", "ps": "-10.6"}, {"energy": "2.650e-03", "width": "1.9009e+01", "ip": "7.146e-09", "ts": "0", "stretch": "2.6424e+06", "date": "2074-03-03.90", "dist": "15.346", "sigma_lov": "0.10358", "sigma_imp": "0.755", "ps": "-10.4"}, {"energy": "2.116e-03", "width": "1.6967e+01", "ip": "1.377e-08", "ts": "0", "stretch": "1.5481e+06", "date": "2074-03-03.89", "dist": "13.645", "sigma_lov": "-0.02167", "sigma_imp": "0.745", "ps": "-10.2"}, {"energy": "5.040e-03", "width": "2.5519e+01", "ip": "2.011e-09", "ts": "0", "stretch": "7.1135e+06", "date": "2074-03-03.81", "dist": "17.511", "sigma_lov": "0.39611", "sigma_imp": "0.647", "ps": "-10.8"}, {"energy": "5.366e-03", "width": "2.3748e+01", "ip": "3.758e-09", "ts": "0", "stretch": "4.7991e+06", "date": "2073-03-03.86", "dist": "8.642", "sigma_lov": "0.41946", "sigma_imp": "0.322", "ps": "-10.5"}, {"energy": "2.779e-03", "width": "2.1012e+01", "ip": "2.556e-09", "ts": "0", "stretch": "6.6600e+06", "date": "2073-03-03.66", "dist": "16.982", "sigma_lov": "0.12909", "sigma_imp": "0.761", "ps": "-10.9"}, {"energy": "2.214e-03", "width": "1.6863e+01", "ip": "1.838e-08", "ts": "0", "stretch": "1.1199e+06", "date": "2073-03-03.62", "dist": "14.403", "sigma_lov": "0.00589", "sigma_imp": "0.795", "ps": "-10.1"}, {"energy": "1.084e-03", "width": "1.6478e+01", "ip": "7.096e-08", "ts": "0", "stretch": "2.9861e+05", "date": "2073-03-03.29", "dist": "10.963", "sigma_lov": "-0.52417", "sigma_imp": "0.605", "ps": "-9.75"}, {"energy": "8.682e-04", "width": "1.9504e+01", "ip": "3.652e-08", "ts": "0", "stretch": "4.5000e+05", "date": "2073-03-03.08", "dist": "9.874", "sigma_lov": "-0.79490", "sigma_imp": "0.455", "ps": "-10.1"}, {"energy": "2.949e-03", "width": "1.7058e+01", "ip": "9.479e-09", "ts": "0", "stretch": "2.0048e+06", "date": "2072-03-03.33", "dist": "15.646", "sigma_lov": "0.15817", "sigma_imp": "0.859", "ps": "-10.3"}, {"energy": "1.845e-03", "width": "1.6528e+01", "ip": "1.143e-08", "ts": "0", "stretch": "1.7970e+06", "date": "2072-03-03.27", "dist": "14.431", "sigma_lov": "-0.10549", "sigma_imp": "0.813", "ps": "-10.3"}, {"energy": "1.848e-03", "width": "1.4667e+01", "ip": "5.327e-09", "ts": "0", "stretch": "3.5385e+06", "date": "2072-03-03.24", "dist": "15.893", "sigma_lov": "-0.10468", "sigma_imp": "1.015", "ps": "-10.7"}, {"energy": "9.225e-04", "width": "1.3834e+01", "ip": "9.409e-09", "ts": "0", "stretch": "2.3331e+06", "date": "2072-03-02.72", "dist": "9.691", "sigma_lov": "-0.71087", "sigma_imp": "0.628", "ps": "-10.7"}, {"energy": "9.014e-04", "width": "1.1697e+01", "ip": "7.173e-09", "ts": "0", "stretch": "3.1769e+06", "date": "2072-03-02.70", "dist": "9.830", "sigma_lov": "-0.74215", "sigma_imp": "0.755", "ps": "-10.8"}, {"energy": "1.717e-03", "width": "1.3206e+01", "ip": "5.521e-09", "ts": "0", "stretch": "3.1460e+06", "date": "2071-03-03.93", "dist": "16.369", "sigma_lov": "-0.15169", "sigma_imp": "1.164", "ps": "-10.7"}, {"energy": "6.664e-03", "width": "4.3554e+01", "ip": "1.471e-09", "ts": "0", "stretch": "5.8226e+06", "date": "2071-03-03.75", "dist": "25.113", "sigma_lov": "0.50203", "sigma_imp": "0.554", "ps": "-10.8"}, {"energy": "2.035e-03", "width": "1.9223e+01", "ip": "4.425e-09", "ts": "0", "stretch": "4.0929e+06", "date": "2070-03-03.79", "dist": "16.333", "sigma_lov": "-0.04349", "sigma_imp": "0.798", "ps": "-10.7"}, {"energy": "2.043e-03", "width": "1.6181e+01", "ip": "1.097e-08", "ts": "0", "stretch": "1.7968e+06", "date": "2070-03-03.77", "dist": "15.335", "sigma_lov": "-0.04108", "sigma_imp": "0.886", "ps": "-10.3"}, {"energy": "1.588e-03", "width": "1.1914e+01", "ip": "1.935e-08", "ts": "0", "stretch": "1.0985e+06", "date": "2070-03-03.71", "dist": "13.683", "sigma_lov": "-0.20556", "sigma_imp": "1.065", "ps": "-10.2"}, {"energy": "4.411e-03", "width": "2.5290e+01", "ip": "5.132e-09", "ts": "0", "stretch": "2.8837e+06", "date": "2069-03-03.62", "dist": "17.182", "sigma_lov": "0.34164", "sigma_imp": "0.640", "ps": "-10.4"}, {"energy": "1.913e-03", "width": "1.3835e+01", "ip": "2.006e-08", "ts": "0", "stretch": "1.0798e+06", "date": "2069-03-03.57", "dist": "13.954", "sigma_lov": "-0.08282", "sigma_imp": "0.936", "ps": "-10.1"}, {"energy": "1.680e-03", "width": "1.3074e+01", "ip": "9.878e-09", "ts": "0", "stretch": "2.2385e+06", "date": "2069-03-03.52", "dist": "13.509", "sigma_lov": "-0.16756", "sigma_imp": "0.957", "ps": "-10.4"}, {"energy": "2.934e-03", "width": "2.3182e+01", "ip": "2.961e-08", "ts": "0", "stretch": "6.0132e+05", "date": "2068-03-03.50", "dist": "13.885", "sigma_lov": "0.15551", "sigma_imp": "0.556", "ps": "-9.74"}, {"energy": "3.714e-03", "width": "2.5349e+01", "ip": "8.985e-09", "ts": "0", "stretch": "1.7555e+06", "date": "2068-03-03.44", "dist": "15.524", "sigma_lov": "0.26711", "sigma_imp": "0.573", "ps": "-10.2"}, {"energy": "1.367e-03", "width": "1.2317e+01", "ip": "1.668e-08", "ts": "0", "stretch": "1.5198e+06", "date": "2068-03-03.22", "dist": "11.283", "sigma_lov": "-0.31901", "sigma_imp": "0.835", "ps": "-10.3"}, {"energy": "1.634e-03", "width": "1.3549e+01", "ip": "2.753e-08", "ts": "0", "stretch": "8.8230e+05", "date": "2067-03-04.04", "dist": "12.130", "sigma_lov": "-0.18661", "sigma_imp": "0.821", "ps": "-9.96"}, {"energy": "7.002e-03", "width": "4.3705e+01", "ip": "1.881e-09", "ts": "0", "stretch": "4.6238e+06", "date": "2067-03-03.88", "dist": "23.038", "sigma_lov": "0.51830", "sigma_imp": "0.504", "ps": "-10.6"}, {"energy": "7.805e-03", "width": "4.6638e+01", "ip": "1.254e-09", "ts": "0", "stretch": "6.5555e+06", "date": "2067-03-03.84", "dist": "21.930", "sigma_lov": "0.55565", "sigma_imp": "0.449", "ps": "-10.8"}, {"energy": "4.214e-03", "width": "2.5639e+01", "ip": "3.558e-09", "ts": "0", "stretch": "3.4023e+06", "date": "2066-03-03.68", "dist": "23.623", "sigma_lov": "0.32274", "sigma_imp": "0.882", "ps": "-10.5"}, {"energy": "1.314e-03", "width": "1.0048e+01", "ip": "1.179e-09", "ts": "0", "stretch": "1.1918e+07", "date": "2066-03-03.56", "dist": "15.594", "sigma_lov": "-0.35115", "sigma_imp": "1.452", "ps": "-11.4"}, {"energy": "8.296e-03", "width": "2.9968e+01", "ip": "1.542e-09", "ts": "0", "stretch": "4.4570e+06", "date": "2066-03-03.06", "dist": "35.940", "sigma_lov": "0.57859", "sigma_imp": "1.166", "ps": "-10.6"}, {"energy": "7.837e-04", "width": "9.7944e+00", "ip": "1.783e-09", "ts": "0", "stretch": "6.9198e+06", "date": "2066-03-02.70", "dist": "13.362", "sigma_lov": "-0.99096", "sigma_imp": "1.262", "ps": "-11.4"}, {"energy": "1.592e-03", "width": "1.3448e+01", "ip": "1.272e-08", "ts": "0", "stretch": "1.6751e+06", "date": "2065-03-03.46", "dist": "13.922", "sigma_lov": "-0.20360", "sigma_imp": "0.961", "ps": "-10.3"}, {"energy": "5.060e-03", "width": "3.0348e+01", "ip": "2.854e-09", "ts": "0", "stretch": "3.9977e+06", "date": "2065-03-03.44", "dist": "23.014", "sigma_lov": "0.39846", "sigma_imp": "0.725", "ps": "-10.5"}, {"energy": "1.393e-03", "width": "1.3687e+01", "ip": "1.368e-08", "ts": "0", "stretch": "1.5702e+06", "date": "2065-03-03.39", "dist": "13.478", "sigma_lov": "-0.30296", "sigma_imp": "0.912", "ps": "-10.3"}, {"energy": "7.505e-04", "width": "8.2954e+00", "ip": "8.694e-08", "ts": "0", "stretch": "9.2931e+04", "date": "2065-03-02.22", "dist": "13.726", "sigma_lov": "-1.13452", "sigma_imp": "1.534", "ps": "-9.72"}, {"energy": "2.909e-03", "width": "2.5087e+01", "ip": "1.407e-08", "ts": "0", "stretch": "1.0524e+06", "date": "2064-03-03.32", "dist": "18.960", "sigma_lov": "0.15167", "sigma_imp": "0.716", "ps": "-10.0"}, {"energy": "2.228e-03", "width": "1.9658e+01", "ip": "2.048e-09", "ts": "0", "stretch": "7.6786e+06", "date": "2064-03-03.21", "dist": "19.280", "sigma_lov": "0.00887", "sigma_imp": "0.930", "ps": "-11.0"}, {"energy": "1.699e-03", "width": "1.1790e+01", "ip": "2.484e-09", "ts": "0", "stretch": "6.6488e+06", "date": "2064-03-03.17", "dist": "16.089", "sigma_lov": "-0.15976", "sigma_imp": "1.280", "ps": "-11.0"}, {"energy": "5.157e-03", "width": "3.0973e+01", "ip": "4.034e-09", "ts": "0", "stretch": "3.0844e+06", "date": "2063-03-04.12", "dist": "18.489", "sigma_lov": "0.40448", "sigma_imp": "0.565", "ps": "-10.4"}, {"energy": "2.710e-03", "width": "2.0448e+01", "ip": "8.035e-09", "ts": "0", "stretch": "2.1387e+06", "date": "2063-03-04.07", "dist": "17.007", "sigma_lov": "0.11561", "sigma_imp": "0.783", "ps": "-10.3"}, {"energy": "1.011e-03", "width": "2.0976e+01", "ip": "5.523e-09", "ts": "0", "stretch": "3.1918e+06", "date": "2063-03-03.88", "dist": "10.346", "sigma_lov": "-0.59960", "sigma_imp": "0.446", "ps": "-10.8"}, {"energy": "8.975e-03", "width": "3.4084e+01", "ip": "3.765e-10", "ts": "0", "stretch": "3.2360e+07", "date": "2062-03-03.94", "dist": "3.288", "sigma_lov": "0.60009", "sigma_imp": "0.067", "ps": "-11.2"}, {"energy": "5.491e-03", "width": "1.5331e+01", "ip": "2.606e-09", "ts": "0", "stretch": "3.2875e+06", "date": "2062-03-03.64", "dist": "24.185", "sigma_lov": "0.43092", "sigma_imp": "1.512", "ps": "-10.5"}, {"energy": "3.095e-03", "width": "2.3717e+01", "ip": "7.251e-09", "ts": "0", "stretch": "2.0658e+06", "date": "2061-03-03.60", "dist": "19.121", "sigma_lov": "0.18186", "sigma_imp": "0.764", "ps": "-10.3"}, {"energy": "2.693e-03", "width": "2.2639e+01", "ip": "7.517e-09", "ts": "0", "stretch": "2.1193e+06", "date": "2061-03-03.58", "dist": "18.121", "sigma_lov": "0.11186", "sigma_imp": "0.756", "ps": "-10.3"}, {"energy": "1.091e-02", "width": "5.1854e+01", "ip": "1.149e-09", "ts": "0", "stretch": "6.7445e+06", "date": "2061-03-03.57", "dist": "0.973", "sigma_lov": "0.65980", "sigma_imp": "0.000", "ps": "-10.6"}, {"energy": "3.532e-03", "width": "2.7074e+01", "ip": "5.323e-09", "ts": "0", "stretch": "2.4489e+06", "date": "2061-03-03.53", "dist": "21.604", "sigma_lov": "0.24415", "sigma_imp": "0.761", "ps": "-10.4"}, {"energy": "5.878e-03", "width": "3.7984e+01", "ip": "2.401e-09", "ts": "0", "stretch": "2.4459e+06", "date": "2061-03-02.73", "dist": "45.003", "sigma_lov": "0.45815", "sigma_imp": "1.158", "ps": "-10.5"}, {"energy": "2.875e-03", "width": "2.3222e+01", "ip": "1.013e-08", "ts": "0", "stretch": "1.4227e+06", "date": "2060-03-03.27", "dist": "20.537", "sigma_lov": "0.14618", "sigma_imp": "0.841", "ps": "-10.1"}, {"energy": "1.556e-03", "width": "1.9356e+01", "ip": "2.698e-09", "ts": "0", "stretch": "6.3256e+06", "date": "2060-03-03.13", "dist": "17.101", "sigma_lov": "-0.22053", "sigma_imp": "0.832", "ps": "-10.9"}, {"energy": "4.930e-03", "width": "2.7759e+01", "ip": "4.509e-09", "ts": "0", "stretch": "2.3877e+06", "date": "2060-03-03.12", "dist": "26.011", "sigma_lov": "0.38792", "sigma_imp": "0.901", "ps": "-10.3"}, {"energy": "3.077e-03", "width": "2.2550e+01", "ip": "6.488e-09", "ts": "0", "stretch": "2.0762e+06", "date": "2059-03-03.97", "dist": "22.140", "sigma_lov": "0.18030", "sigma_imp": "0.937", "ps": "-10.3"}, {"energy": "1.473e-03", "width": "2.3424e+01", "ip": "5.405e-09", "ts": "0", "stretch": "3.0592e+06", "date": "2059-03-03.96", "dist": "15.585", "sigma_lov": "-0.26070", "sigma_imp": "0.623", "ps": "-10.6"}, {"energy": "7.808e-03", "width": "4.1699e+01", "ip": "2.065e-09", "ts": "0", "stretch": "3.9605e+06", "date": "2059-03-03.67", "dist": "28.105", "sigma_lov": "0.55628", "sigma_imp": "0.650", "ps": "-10.5"}, {"energy": "6.863e-03", "width": "3.8875e+01", "ip": "1.915e-09", "ts": "0", "stretch": "4.0441e+06", "date": "2059-03-03.55", "dist": "33.680", "sigma_lov": "0.51262", "sigma_imp": "0.841", "ps": "-10.5"}, {"energy": "1.111e-02", "width": "8.2617e+01", "ip": "5.739e-10", "ts": "0", "stretch": "6.4626e+06", "date": "2059-03-02.38", "dist": "59.847", "sigma_lov": "0.67268", "sigma_imp": "0.712", "ps": "-10.9"}, {"energy": "1.818e-03", "width": "2.2168e+01", "ip": "2.640e-08", "ts": "0", "stretch": "6.1373e+05", "date": "2058-03-03.69", "dist": "17.848", "sigma_lov": "-0.11482", "sigma_imp": "0.760", "ps": "-9.86"}, {"energy": "9.722e-04", "width": "1.3033e+01", "ip": "5.174e-08", "ts": "0", "stretch": "3.3202e+05", "date": "2058-03-03.35", "dist": "14.218", "sigma_lov": "-0.64546", "sigma_imp": "1.014", "ps": "-9.78"}, {"energy": "5.658e-03", "width": "2.1932e+01", "ip": "3.807e-10", "ts": "0", "stretch": "4.1750e+06", "date": "2058-03-02.75", "dist": "49.670", "sigma_lov": "0.44590", "sigma_imp": "2.219", "ps": "-11.3"}, {"energy": "2.845e-03", "width": "2.0324e+01", "ip": "9.922e-09", "ts": "0", "stretch": "1.5931e+06", "date": "2056-03-03.35", "dist": "18.902", "sigma_lov": "0.13969", "sigma_imp": "0.881", "ps": "-10.1"}, {"energy": "6.739e-03", "width": "3.1416e+01", "ip": "2.680e-09", "ts": "0", "stretch": "3.8463e+06", "date": "2056-03-03.14", "dist": "24.594", "sigma_lov": "0.50431", "sigma_imp": "0.751", "ps": "-10.4"}, {"energy": "2.230e-03", "width": "2.3163e+01", "ip": "1.923e-08", "ts": "0", "stretch": "7.7456e+05", "date": "2055-03-03.97", "dist": "19.955", "sigma_lov": "0.00924", "sigma_imp": "0.818", "ps": "-9.89"}, {"energy": "1.606e-03", "width": "1.8650e+01", "ip": "3.224e-08", "ts": "0", "stretch": "5.3810e+05", "date": "2055-03-03.93", "dist": "17.002", "sigma_lov": "-0.19897", "sigma_imp": "0.858", "ps": "-9.78"}, {"energy": "5.506e-03", "width": "1.6269e+01", "ip": "1.123e-09", "ts": "0", "stretch": "2.8418e+06", "date": "2055-03-03.61", "dist": "33.916", "sigma_lov": "0.43202", "sigma_imp": "2.023", "ps": "-10.8"}, {"energy": "9.754e-04", "width": "6.1221e+00", "ip": "8.086e-09", "ts": "0", "stretch": "4.8564e+05", "date": "2055-03-03.55", "dist": "14.602", "sigma_lov": "-0.64145", "sigma_imp": "2.222", "ps": "-10.6"}, {"energy": "1.718e-03", "width": "1.4563e+01", "ip": "2.026e-08", "ts": "0", "stretch": "6.8538e+05", "date": "2054-03-03.60", "dist": "19.475", "sigma_lov": "-0.15097", "sigma_imp": "1.269", "ps": "-9.95"}, {"energy": "7.913e-03", "width": "2.8267e+01", "ip": "1.100e-09", "ts": "0", "stretch": "4.9566e+06", "date": "2054-03-03.07", "dist": "40.342", "sigma_lov": "0.56272", "sigma_imp": "1.392", "ps": "-10.7"}, {"energy": "1.849e-03", "width": "1.4592e+01", "ip": "1.520e-08", "ts": "0", "stretch": "8.7681e+05", "date": "2053-03-03.36", "dist": "19.999", "sigma_lov": "-0.10406", "sigma_imp": "1.302", "ps": "-10.0"}, {"energy": "5.307e-03", "width": "1.7878e+01", "ip": "3.473e-09", "ts": "0", "stretch": "3.0690e+06", "date": "2052-03-03.23", "dist": "23.692", "sigma_lov": "0.41615", "sigma_imp": "1.269", "ps": "-10.3"}, {"energy": "2.800e-03", "width": "1.6916e+01", "ip": "7.903e-09", "ts": "0", "stretch": "1.5320e+06", "date": "2052-03-03.17", "dist": "22.493", "sigma_lov": "0.13244", "sigma_imp": "1.271", "ps": "-10.2"}, {"energy": "1.398e-03", "width": "1.0880e+01", "ip": "2.171e-08", "ts": "0", "stretch": "5.5434e+05", "date": "2052-03-03.05", "dist": "17.519", "sigma_lov": "-0.30108", "sigma_imp": "1.518", "ps": "-9.97"}, {"energy": "1.440e-02", "width": "8.6264e+01", "ip": "1.815e-09", "ts": "0", "stretch": "2.4212e+06", "date": "2052-03-02.45", "dist": "0.694", "sigma_lov": "0.74261", "sigma_imp": "0.000", "ps": "-10.2"}, {"energy": "1.440e-02", "width": "7.5860e+01", "ip": "9.959e-10", "ts": "0", "stretch": "5.0160e+06", "date": "2052-03-02.42", "dist": "0.343", "sigma_lov": "0.74234", "sigma_imp": "0.000", "ps": "-10.5"}, {"energy": "3.584e-03", "width": "1.9813e+01", "ip": "5.317e-09", "ts": "0", "stretch": "2.0577e+06", "date": "2051-03-03.90", "dist": "25.126", "sigma_lov": "0.25196", "sigma_imp": "1.218", "ps": "-10.2"}, {"energy": "5.730e-03", "width": "2.2332e+01", "ip": "5.666e-10", "ts": "0", "stretch": "4.4116e+06", "date": "2051-03-03.20", "dist": "45.676", "sigma_lov": "0.44944", "sigma_imp": "2.001", "ps": "-11.0"}, {"energy": "1.454e-03", "width": "1.8116e+01", "ip": "2.356e-09", "ts": "0", "stretch": "6.9980e+06", "date": "2049-03-03.43", "dist": "17.723", "sigma_lov": "-0.27037", "sigma_imp": "0.923", "ps": "-10.9"}, {"energy": "3.600e-03", "width": "2.0636e+01", "ip": "5.449e-09", "ts": "0", "stretch": "2.1176e+06", "date": "2049-03-03.42", "dist": "24.583", "sigma_lov": "0.25396", "sigma_imp": "1.143", "ps": "-10.2"}, {"energy": "8.295e-04", "width": "8.4370e+00", "ip": "1.373e-08", "ts": "0", "stretch": "1.0934e+06", "date": "2049-03-02.79", "dist": "11.907", "sigma_lov": "-0.86994", "sigma_imp": "1.293", "ps": "-10.3"}, {"energy": "1.887e-03", "width": "1.2320e+01", "ip": "1.001e-08", "ts": "0", "stretch": "9.4696e+05", "date": "2048-03-03.06", "dist": "20.995", "sigma_lov": "-0.09095", "sigma_imp": "1.623", "ps": "-10.1"}, {"energy": "3.935e-03", "width": "2.0209e+01", "ip": "3.262e-09", "ts": "0", "stretch": "2.8428e+06", "date": "2048-03-03.04", "dist": "27.683", "sigma_lov": "0.29370", "sigma_imp": "1.320", "ps": "-10.4"}, {"energy": "1.681e-03", "width": "1.0698e+01", "ip": "6.428e-09", "ts": "0", "stretch": "1.3032e+06", "date": "2047-03-03.73", "dist": "19.771", "sigma_lov": "-0.16699", "sigma_imp": "1.755", "ps": "-10.4"}, {"energy": "1.355e-02", "width": "6.3757e+01", "ip": "5.541e-10", "ts": "0", "stretch": "8.8422e+06", "date": "2047-03-02.50", "dist": "40.705", "sigma_lov": "0.72852", "sigma_imp": "0.623", "ps": "-10.7"}, {"energy": "9.876e-04", "width": "6.9717e+00", "ip": "1.482e-08", "ts": "0", "stretch": "6.4930e+05", "date": "2046-03-03.33", "dist": "13.300", "sigma_lov": "-0.62532", "sigma_imp": "1.764", "ps": "-10.2"}, {"energy": "4.028e-03", "width": "2.0105e+01", "ip": "4.008e-09", "ts": "0", "stretch": "2.9968e+06", "date": "2044-03-03.22", "dist": "23.480", "sigma_lov": "0.30230", "sigma_imp": "1.118", "ps": "-10.2"}, {"energy": "1.181e-02", "width": "3.8259e+01", "ip": "1.024e-09", "ts": "0", "stretch": "5.4032e+06", "date": "2044-03-02.28", "dist": "42.679", "sigma_lov": "0.68746", "sigma_imp": "1.089", "ps": "-10.4"}, {"energy": "4.458e-03", "width": "2.2400e+01", "ip": "2.551e-09", "ts": "0", "stretch": "3.2312e+06", "date": "2043-03-03.73", "dist": "30.643", "sigma_lov": "0.34715", "sigma_imp": "1.323", "ps": "-10.4"}, {"energy": "1.893e-02", "width": "1.6639e+02", "ip": "3.027e-10", "ts": "0", "stretch": "7.1310e+06", "date": "2042-03-04.93", "dist": "19.260", "sigma_lov": "0.80351", "sigma_imp": "0.110", "ps": "-10.8"}, {"energy": "2.958e-03", "width": "1.5529e+01", "ip": "5.299e-09", "ts": "0", "stretch": "1.7650e+06", "date": "2041-03-03.34", "dist": "24.298", "sigma_lov": "0.16062", "sigma_imp": "1.500", "ps": "-10.2"}, {"energy": "1.409e-03", "width": "1.2925e+01", "ip": "1.447e-08", "ts": "0", "stretch": "1.1869e+06", "date": "2039-03-03.80", "dist": "16.026", "sigma_lov": "-0.29577", "sigma_imp": "1.163", "ps": "-9.94"}, {"energy": "8.757e-03", "width": "2.0780e+01", "ip": "2.050e-09", "ts": "0", "stretch": "3.6595e+06", "date": "2039-03-03.69", "dist": "29.224", "sigma_lov": "0.59336", "sigma_imp": "1.358", "ps": "-10.2"}, {"energy": "5.736e-03", "width": "2.6127e+01", "ip": "1.636e-09", "ts": "0", "stretch": "2.5526e+06", "date": "2039-03-03.34", "dist": "44.054", "sigma_lov": "0.44802", "sigma_imp": "1.648", "ps": "-10.4"}, {"energy": "2.923e-03", "width": "2.3070e+01", "ip": "8.815e-09", "ts": "0", "stretch": "1.4596e+06", "date": "2037-03-03.42", "dist": "23.291", "sigma_lov": "0.15358", "sigma_imp": "0.966", "ps": "-9.86"}, {"energy": "4.757e-03", "width": "2.8751e+01", "ip": "4.742e-09", "ts": "0", "stretch": "2.0461e+06", "date": "2037-03-03.34", "dist": "29.145", "sigma_lov": "0.37249", "sigma_imp": "0.979", "ps": "-9.96"}, {"energy": "5.944e-03", "width": "3.3329e+01", "ip": "2.161e-09", "ts": "0", "stretch": "2.2054e+06", "date": "2037-03-02.75", "dist": "48.065", "sigma_lov": "0.46162", "sigma_imp": "1.412", "ps": "-10.2"}, {"energy": "1.074e-02", "width": "8.6408e+01", "ip": "8.151e-10", "ts": "0", "stretch": "4.3442e+06", "date": "2036-03-02.19", "dist": "63.915", "sigma_lov": "0.65819", "sigma_imp": "0.728", "ps": "-10.4"}, {"energy": "1.864e-03", "width": "2.0529e+01", "ip": "2.180e-08", "ts": "0", "stretch": "6.3894e+05", "date": "2034-03-03.58", "dist": "21.605", "sigma_lov": "-0.09897", "sigma_imp": "1.004", "ps": "-9.55"}, {"energy": "5.588e-03", "width": "2.0804e+01", "ip": "1.022e-09", "ts": "0", "stretch": "2.0601e+06", "date": "2034-03-03.08", "dist": "45.006", "sigma_lov": "0.43839", "sigma_imp": "2.115", "ps": "-10.5"}, {"energy": "5.033e-03", "width": "2.2707e+01", "ip": "6.245e-09", "ts": "0", "stretch": "1.7279e+06", "date": "2033-03-03.52", "dist": "25.592", "sigma_lov": "0.39437", "sigma_imp": "1.083", "ps": "-9.72"}, {"energy": "2.122e-03", "width": "2.0498e+01", "ip": "2.077e-08", "ts": "0", "stretch": "6.8489e+05", "date": "2033-03-03.45", "dist": "21.286", "sigma_lov": "-0.02022", "sigma_imp": "0.990", "ps": "-9.50"}, {"energy": "8.511e-03", "width": "2.4858e+01", "ip": "3.471e-09", "ts": "0", "stretch": "2.9269e+06", "date": "2033-03-03.41", "dist": "25.162", "sigma_lov": "0.58281", "sigma_imp": "0.972", "ps": "-9.79"}, {"energy": "8.469e-04", "width": "1.3024e+01", "ip": "4.442e-08", "ts": "0", "stretch": "2.4360e+05", "date": "2033-03-02.88", "dist": "17.640", "sigma_lov": "-0.83594", "sigma_imp": "1.278", "ps": "-9.49"}, {"energy": "1.779e-02", "width": "1.2494e+02", "ip": "3.936e-10", "ts": "0", "stretch": "6.4562e+06", "date": "2033-03-02.76", "dist": "65.204", "sigma_lov": "0.79564", "sigma_imp": "0.514", "ps": "-10.5"}, {"energy": "1.087e-02", "width": "7.9694e+01", "ip": "1.017e-09", "ts": "0", "stretch": "3.9904e+06", "date": "2033-03-02.76", "dist": "52.399", "sigma_lov": "0.66079", "sigma_imp": "0.645", "ps": "-10.2"}, {"energy": "1.457e-03", "width": "1.7165e+01", "ip": "2.691e-08", "ts": "0", "stretch": "4.9040e+05", "date": "2031-03-03.78", "dist": "21.102", "sigma_lov": "-0.26970", "sigma_imp": "1.171", "ps": "-9.46"}, {"energy": "6.921e-03", "width": "3.6409e+01", "ip": "2.191e-09", "ts": "0", "stretch": "2.2211e+06", "date": "2031-03-03.35", "dist": "48.970", "sigma_lov": "0.51483", "sigma_imp": "1.318", "ps": "-10.0"}, {"energy": "1.199e-02", "width": "8.0942e+01", "ip": "8.025e-10", "ts": "0", "stretch": "4.6147e+06", "date": "2031-03-03.15", "dist": "59.799", "sigma_lov": "0.68957", "sigma_imp": "0.726", "ps": "-10.3"}, {"energy": "1.665e-03", "width": "1.4307e+01", "ip": "1.698e-08", "ts": "0", "stretch": "5.0762e+05", "date": "2030-03-03.45", "dist": "23.822", "sigma_lov": "-0.17281", "sigma_imp": "1.595", "ps": "-9.58"}, {"energy": "8.353e-04", "width": "1.2495e+01", "ip": "3.895e-08", "ts": "0", "stretch": "2.1920e+05", "date": "2030-03-02.97", "dist": "19.177", "sigma_lov": "-0.85761", "sigma_imp": "1.455", "ps": "-9.46"}, {"energy": "4.694e-03", "width": "2.2537e+01", "ip": "4.510e-09", "ts": "0", "stretch": "1.4103e+06", "date": "2028-03-02.98", "dist": "34.650", "sigma_lov": "0.36718", "sigma_imp": "1.493", "ps": "-9.72"}, {"energy": "1.052e-03", "width": "1.2216e+01", "ip": "2.890e-08", "ts": "0", "stretch": "2.8409e+05", "date": "2028-03-02.74", "dist": "20.823", "sigma_lov": "-0.55733", "sigma_imp": "1.623", "ps": "-9.44"}, {"energy": "3.974e-03", "width": "2.2243e+01", "ip": "5.851e-09", "ts": "0", "stretch": "1.1459e+06", "date": "2027-03-03.71", "dist": "33.962", "sigma_lov": "0.29762", "sigma_imp": "1.482", "ps": "-9.63"}, {"energy": "8.034e-03", "width": "2.6882e+01", "ip": "2.466e-09", "ts": "0", "stretch": "2.2678e+06", "date": "2027-03-03.63", "dist": "38.795", "sigma_lov": "0.56512", "sigma_imp": "1.406", "ps": "-9.76"}, {"energy": "5.672e-03", "width": "2.2205e+01", "ip": "1.656e-09", "ts": "0", "stretch": "1.6054e+06", "date": "2027-03-03.42", "dist": "44.836", "sigma_lov": "0.44331", "sigma_imp": "1.974", "ps": "-10.1"}, {"energy": "7.045e-03", "width": "3.4182e+01", "ip": "2.850e-09", "ts": "0", "stretch": "1.8862e+06", "date": "2026-03-03.23", "dist": "44.964", "sigma_lov": "0.52019", "sigma_imp": "1.286", "ps": "-9.69"}, {"energy": "5.092e-03", "width": "2.1362e+01", "ip": "3.192e-09", "ts": "0", "stretch": "1.2347e+06", "date": "2024-03-02.82", "dist": "39.405", "sigma_lov": "0.40077", "sigma_imp": "1.798", "ps": "-9.65"}, {"energy": "1.131e-02", "width": "7.3970e+01", "ip": "1.158e-09", "ts": "0", "stretch": "2.6730e+06", "date": "2024-03-01.92", "dist": "77.733", "sigma_lov": "0.67470", "sigma_imp": "1.037", "ps": "-9.81"}, {"energy": "2.586e-03", "width": "1.7693e+01", "ip": "1.007e-08", "ts": "0", "stretch": "6.0563e+05", "date": "2023-03-03.63", "dist": "30.951", "sigma_lov": "0.09114", "sigma_imp": "1.693", "ps": "-9.32"}, {"energy": "4.337e-03", "width": "2.1074e+01", "ip": "8.375e-09", "ts": "0", "stretch": "8.6037e+05", "date": "2021-03-03.32", "dist": "31.765", "sigma_lov": "0.33402", "sigma_imp": "1.460", "ps": "-9.04"}, {"energy": "7.254e-03", "width": "2.9969e+01", "ip": "4.108e-09", "ts": "0", "stretch": "1.4909e+06", "date": "2021-03-03.17", "dist": "39.332", "sigma_lov": "0.52976", "sigma_imp": "1.279", "ps": "-9.17"}, {"energy": "3.014e-02", "width": "9.5140e+01", "ip": "3.941e-10", "ts": "0", "stretch": "6.6222e+06", "date": "2021-03-03.01", "dist": "70.740", "sigma_lov": "0.91857", "sigma_imp": "0.733", "ps": "-9.69"}, {"energy": "1.877e-02", "width": "9.7806e+01", "ip": "7.172e-10", "ts": "0", "stretch": "3.7821e+06", "date": "2021-03-02.55", "dist": "76.327", "sigma_lov": "0.80981", "sigma_imp": "0.770", "ps": "-9.59"}, {"energy": "5.875e-03", "width": "2.5994e+01", "ip": "3.966e-09", "ts": "0", "stretch": "1.1050e+06", "date": "2020-03-02.78", "dist": "43.117", "sigma_lov": "0.45440", "sigma_imp": "1.620", "ps": "-9.13"}, {"energy": "2.360e-03", "width": "1.6656e+01", "ip": "1.427e-08", "ts": "0", "stretch": "4.0491e+05", "date": "2019-03-03.62", "dist": "30.236", "sigma_lov": "0.04178", "sigma_imp": "1.755", "ps": "-8.70"}, {"energy": "4.535e-03", "width": "2.2185e+01", "ip": "5.075e-09", "ts": "0", "stretch": "7.6613e+05", "date": "2019-03-03.52", "dist": "40.845", "sigma_lov": "0.35402", "sigma_imp": "1.796", "ps": "-8.93"}, {"energy": "8.207e-03", "width": "3.3352e+01", "ip": "1.208e-09", "ts": "0", "stretch": "1.3674e+06", "date": "2019-03-02.88", "dist": "67.363", "sigma_lov": "0.57497", "sigma_imp": "1.990", "ps": "-9.34"}, {"energy": "1.426e-02", "width": "7.5791e+01", "ip": "7.182e-10", "ts": "0", "stretch": "2.4028e+06", "date": "2019-03-01.99", "dist": "110.535", "sigma_lov": "0.74332", "sigma_imp": "1.445", "ps": "-9.38"}]}