{"summary": {"energy": "2.938e-01", "darc": ".10211 days", "ip": "9.227628e-07", "h": "26.09", "nobs": "11", "mass": "1.17e+07", "v_inf": "9.21", "first_obs": "2008-Sep-29.18897", "method": "LOV", "pdate": "2017-04-08 03:53:44", "ndop": "0", "cdate": "2017-04-08 03:53:44", "ps_cum": "-6.52", "diameter": "0.0202895524180212", "ndel": "0", "v_imp": "14.50", "ps_max": "-7.44", "last_obs": "2008-Sep-29.29108", "fullname": "(2008 SH148)", "n_imp": "161", "ts_max": "0", "nsat": "0", "des": "2008 SH148"}, "signature": {"source": "NASA/JPL Sentry Data API", "version": "1.1"}, "data": [{"energy": "2.954e-01", "width": "1.4655e+01", "ip": "3.123e-08", "ts": "0", "stretch": "6.6245e+05", "date": "2116-10-15.66", "dist": "14.042", "sigma_lov": "-0.28618", "sigma_imp": "0.890", "ps": "-8.40"}, {"energy": "2.954e-01", "width": "9.9236e+00", "ip": "2.506e-08", "ts": "0", "stretch": "7.2765e+05", "date": "2116-10-15.65", "dist": "13.868", "sigma_lov": "-0.28627", "sigma_imp": "1.297", "ps": "-8.50"}, {"energy": "2.957e-01", "width": "1.2254e+01", "ip": "7.176e-09", "ts": "0", "stretch": "2.3300e+06", "date": "2116-10-15.62", "dist": "16.006", "sigma_lov": "-0.28163", "sigma_imp": "1.225", "ps": "-9.04"}, {"energy": "2.960e-01", "width": "1.2480e+01", "ip": "2.138e-08", "ts": "0", "stretch": "5.4228e+05", "date": "2116-10-15.59", "dist": "19.362", "sigma_lov": "-0.27452", "sigma_imp": "1.471", "ps": "-8.57"}, {"energy": "2.594e-01", "width": "3.5129e+01", "ip": "4.045e-09", "ts": "0", "stretch": "3.2782e+05", "date": "2115-11-14.94", "dist": "23.153", "sigma_lov": "-2.07569", "sigma_imp": "0.631", "ps": "-9.33"}, {"energy": "3.712e-01", "width": "3.5539e+01", "ip": "8.882e-10", "ts": "0", "stretch": "3.1850e+06", "date": "2113-10-03.67", "dist": "61.019", "sigma_lov": "0.51032", "sigma_imp": "1.689", "ps": "-9.86"}, {"energy": "3.830e-01", "width": "3.5467e+01", "ip": "1.215e-09", "ts": "0", "stretch": "4.9971e+06", "date": "2113-10-01.65", "dist": "42.199", "sigma_lov": "0.51822", "sigma_imp": "1.162", "ps": "-9.71"}, {"energy": "3.993e-01", "width": "4.1709e+01", "ip": "6.744e-10", "ts": "0", "stretch": "4.7906e+06", "date": "2113-09-28.95", "dist": "63.728", "sigma_lov": "0.53636", "sigma_imp": "1.504", "ps": "-9.95"}, {"energy": "2.623e-01", "width": "3.6281e+01", "ip": "2.529e-09", "ts": "0", "stretch": "4.0108e+05", "date": "2112-11-15.97", "dist": "34.433", "sigma_lov": "-2.07689", "sigma_imp": "0.922", "ps": "-9.52"}, {"energy": "3.481e-01", "width": "2.2872e+01", "ip": "1.597e-09", "ts": "0", "stretch": "5.3093e+06", "date": "2112-10-07.17", "dist": "29.787", "sigma_lov": "0.44487", "sigma_imp": "1.259", "ps": "-9.62"}, {"energy": "4.414e-01", "width": "2.7904e+02", "ip": "1.228e-10", "ts": "0", "stretch": "3.0603e+06", "date": "2112-09-25.13", "dist": "125.579", "sigma_lov": "1.70806", "sigma_imp": "0.446", "ps": "-10.7"}, {"energy": "5.006e-01", "width": "4.9553e+01", "ip": "7.113e-10", "ts": "0", "stretch": "3.4507e+06", "date": "2111-09-15.82", "dist": "76.557", "sigma_lov": "0.66345", "sigma_imp": "1.525", "ps": "-9.84"}, {"energy": "2.611e-01", "width": "3.9046e+01", "ip": "2.349e-09", "ts": "0", "stretch": "4.5326e+05", "date": "2110-11-17.08", "dist": "12.178", "sigma_lov": "-2.20734", "sigma_imp": "0.286", "ps": "-9.54"}, {"energy": "2.591e-01", "width": "3.5226e+01", "ip": "6.522e-09", "ts": "0", "stretch": "2.1275e+05", "date": "2109-11-14.18", "dist": "20.041", "sigma_lov": "-2.07911", "sigma_imp": "0.541", "ps": "-9.10"}, {"energy": "2.588e-01", "width": "3.5327e+01", "ip": "3.400e-09", "ts": "0", "stretch": "4.1770e+05", "date": "2109-11-13.86", "dist": "18.211", "sigma_lov": "-2.08056", "sigma_imp": "0.487", "ps": "-9.38"}, {"energy": "2.979e-01", "width": "1.2050e+01", "ip": "8.669e-10", "ts": "0", "stretch": "4.5175e+06", "date": "2108-10-14.99", "dist": "26.010", "sigma_lov": "-0.26105", "sigma_imp": "2.075", "ps": "-9.92"}, {"energy": "3.840e-01", "width": "3.3575e+01", "ip": "1.763e-09", "ts": "0", "stretch": "3.6034e+06", "date": "2108-10-01.23", "dist": "40.220", "sigma_lov": "0.51868", "sigma_imp": "1.168", "ps": "-9.52"}, {"energy": "3.907e-01", "width": "2.6972e+01", "ip": "7.863e-10", "ts": "0", "stretch": "1.4587e+07", "date": "2108-09-30.12", "dist": "22.406", "sigma_lov": "0.51920", "sigma_imp": "0.794", "ps": "-9.87"}, {"energy": "4.004e-01", "width": "3.9025e+01", "ip": "2.798e-10", "ts": "0", "stretch": "1.2089e+07", "date": "2108-09-28.57", "dist": "60.135", "sigma_lov": "0.53753", "sigma_imp": "1.515", "ps": "-10.3"}, {"energy": "2.601e-01", "width": "3.5588e+01", "ip": "5.894e-09", "ts": "0", "stretch": "2.2112e+05", "date": "2106-11-14.95", "dist": "23.034", "sigma_lov": "-2.08144", "sigma_imp": "0.619", "ps": "-9.13"}, {"energy": "3.358e-01", "width": "2.3197e+01", "ip": "3.393e-10", "ts": "0", "stretch": "2.1750e+07", "date": "2106-10-10.32", "dist": "32.618", "sigma_lov": "0.40847", "sigma_imp": "1.363", "ps": "-10.3"}, {"energy": "5.102e-01", "width": "4.7756e+01", "ip": "1.605e-10", "ts": "0", "stretch": "4.0899e+06", "date": "2106-09-14.46", "dist": "107.831", "sigma_lov": "0.66405", "sigma_imp": "2.237", "ps": "-10.5"}, {"energy": "3.182e-01", "width": "2.5800e+01", "ip": "8.902e-09", "ts": "0", "stretch": "1.3197e+06", "date": "2105-10-13.34", "dist": "24.543", "sigma_lov": "0.30984", "sigma_imp": "0.913", "ps": "-8.87"}, {"energy": "3.211e-01", "width": "1.9466e+01", "ip": "2.755e-08", "ts": "0", "stretch": "8.3071e+05", "date": "2105-10-12.59", "dist": "7.077", "sigma_lov": "0.31262", "sigma_imp": "0.312", "ps": "-8.38"}, {"energy": "2.625e-01", "width": "3.7575e+01", "ip": "1.438e-10", "ts": "0", "stretch": "4.2569e+06", "date": "2104-11-17.39", "dist": "22.316", "sigma_lov": "-2.40829", "sigma_imp": "0.567", "ps": "-10.7"}, {"energy": "6.188e-01", "width": "1.9452e+02", "ip": "1.037e-10", "ts": "0", "stretch": "1.7158e+06", "date": "2104-09-03.78", "dist": "54.413", "sigma_lov": "2.29289", "sigma_imp": "0.275", "ps": "-10.6"}, {"energy": "2.584e-01", "width": "3.4877e+01", "ip": "6.873e-09", "ts": "0", "stretch": "2.1909e+05", "date": "2103-11-13.92", "dist": "13.922", "sigma_lov": "-2.08406", "sigma_imp": "0.371", "ps": "-9.05"}, {"energy": "2.580e-01", "width": "3.5077e+01", "ip": "2.300e-09", "ts": "0", "stretch": "6.6408e+05", "date": "2103-11-13.50", "dist": "11.772", "sigma_lov": "-2.08573", "sigma_imp": "0.307", "ps": "-9.52"}, {"energy": "3.030e-01", "width": "1.9215e+01", "ip": "1.478e-08", "ts": "0", "stretch": "1.2806e+06", "date": "2103-10-15.36", "dist": "15.233", "sigma_lov": "-0.08983", "sigma_imp": "0.741", "ps": "-8.66"}, {"energy": "3.730e-01", "width": "2.1355e+01", "ip": "5.645e-10", "ts": "0", "stretch": "1.3871e+06", "date": "2103-10-03.74", "dist": "54.601", "sigma_lov": "0.51120", "sigma_imp": "2.510", "ps": "-10.0"}, {"energy": "3.771e-01", "width": "4.5799e+01", "ip": "7.261e-09", "ts": "0", "stretch": "7.8962e+05", "date": "2103-10-03.02", "dist": "46.371", "sigma_lov": "0.51255", "sigma_imp": "0.991", "ps": "-8.89"}, {"energy": "3.789e-01", "width": "1.8994e+01", "ip": "2.115e-09", "ts": "0", "stretch": "9.2655e+05", "date": "2103-10-02.74", "dist": "42.194", "sigma_lov": "0.51312", "sigma_imp": "2.169", "ps": "-9.43"}, {"energy": "3.895e-01", "width": "2.7992e+01", "ip": "5.833e-09", "ts": "0", "stretch": "1.8654e+06", "date": "2103-09-30.96", "dist": "23.774", "sigma_lov": "0.51935", "sigma_imp": "0.814", "ps": "-8.98"}, {"energy": "2.518e-01", "width": "3.5259e+01", "ip": "9.576e-10", "ts": "0", "stretch": "1.1721e+06", "date": "2102-11-10.23", "dist": "22.728", "sigma_lov": "-2.15709", "sigma_imp": "0.616", "ps": "-9.91"}, {"energy": "2.653e-01", "width": "3.9879e+01", "ip": "1.685e-09", "ts": "0", "stretch": "5.2328e+05", "date": "2101-11-19.22", "dist": "24.461", "sigma_lov": "-2.21999", "sigma_imp": "0.588", "ps": "-9.64"}, {"energy": "3.426e-01", "width": "2.1867e+01", "ip": "1.002e-08", "ts": "0", "stretch": "1.8512e+06", "date": "2101-10-08.59", "dist": "10.913", "sigma_lov": "0.41047", "sigma_imp": "0.453", "ps": "-8.78"}, {"energy": "3.427e-01", "width": "2.0905e+01", "ip": "9.386e-09", "ts": "0", "stretch": "1.6781e+06", "date": "2101-10-08.57", "dist": "17.030", "sigma_lov": "0.41403", "sigma_imp": "0.767", "ps": "-8.80"}, {"energy": "3.683e-01", "width": "3.5892e+01", "ip": "2.658e-10", "ts": "0", "stretch": "3.0965e+06", "date": "2101-10-04.62", "dist": "82.886", "sigma_lov": "0.56999", "sigma_imp": "2.281", "ps": "-10.3"}, {"energy": "2.616e-01", "width": "3.6247e+01", "ip": "3.659e-09", "ts": "0", "stretch": "3.2343e+05", "date": "2100-11-15.25", "dist": "27.001", "sigma_lov": "-2.08630", "sigma_imp": "0.717", "ps": "-9.30"}, {"energy": "2.613e-01", "width": "3.7728e+01", "ip": "4.421e-10", "ts": "0", "stretch": "1.1487e+06", "date": "2098-11-16.62", "dist": "29.222", "sigma_lov": "-2.43279", "sigma_imp": "0.748", "ps": "-10.2"}, {"energy": "2.612e-01", "width": "3.9164e+01", "ip": "1.825e-10", "ts": "0", "stretch": "2.9665e+06", "date": "2098-11-16.58", "dist": "24.612", "sigma_lov": "-2.43322", "sigma_imp": "0.603", "ps": "-10.6"}, {"energy": "2.658e-01", "width": "3.9182e+01", "ip": "8.403e-09", "ts": "0", "stretch": "1.0637e+05", "date": "2097-11-17.84", "dist": "4.225", "sigma_lov": "-2.30237", "sigma_imp": "0.082", "ps": "-8.92"}, {"energy": "2.586e-01", "width": "3.5402e+01", "ip": "4.813e-09", "ts": "0", "stretch": "3.0304e+05", "date": "2097-11-12.72", "dist": "14.719", "sigma_lov": "-2.08894", "sigma_imp": "0.388", "ps": "-9.17"}, {"energy": "2.582e-01", "width": "3.5725e+01", "ip": "1.117e-09", "ts": "0", "stretch": "1.3143e+06", "date": "2097-11-12.34", "dist": "13.066", "sigma_lov": "-2.09076", "sigma_imp": "0.338", "ps": "-9.81"}, {"energy": "3.141e-01", "width": "2.0967e+02", "ip": "4.605e-10", "ts": "0", "stretch": "2.5626e+06", "date": "2097-11-04.00", "dist": "21.025", "sigma_lov": "1.18130", "sigma_imp": "0.096", "ps": "-10.1"}, {"energy": "2.541e-01", "width": "3.6005e+01", "ip": "1.927e-09", "ts": "0", "stretch": "6.4251e+05", "date": "2096-11-10.54", "dist": "13.181", "sigma_lov": "-2.16700", "sigma_imp": "0.338", "ps": "-9.57"}, {"energy": "3.565e-01", "width": "2.0918e+01", "ip": "8.069e-10", "ts": "0", "stretch": "3.0326e+06", "date": "2096-10-04.40", "dist": "43.858", "sigma_lov": "0.40520", "sigma_imp": "2.049", "ps": "-9.83"}, {"energy": "2.592e-01", "width": "3.5808e+01", "ip": "3.807e-09", "ts": "0", "stretch": "3.6383e+05", "date": "2094-11-13.49", "dist": "17.701", "sigma_lov": "-2.09116", "sigma_imp": "0.466", "ps": "-9.26"}, {"energy": "2.650e-01", "width": "3.9421e+01", "ip": "2.889e-09", "ts": "0", "stretch": "3.2856e+05", "date": "2092-11-17.35", "dist": "15.468", "sigma_lov": "-2.24195", "sigma_imp": "0.367", "ps": "-9.36"}, {"energy": "2.603e-01", "width": "3.7001e+01", "ip": "2.860e-10", "ts": "0", "stretch": "4.9321e+05", "date": "2091-11-16.13", "dist": "59.586", "sigma_lov": "-2.55450", "sigma_imp": "1.583", "ps": "-10.4"}, {"energy": "2.572e-01", "width": "3.4936e+01", "ip": "5.464e-09", "ts": "0", "stretch": "2.8254e+05", "date": "2091-11-12.50", "dist": "8.979", "sigma_lov": "-2.09368", "sigma_imp": "0.228", "ps": "-9.08"}, {"energy": "2.551e-01", "width": "3.6564e+01", "ip": "2.602e-09", "ts": "0", "stretch": "4.6638e+05", "date": "2090-11-11.62", "dist": "11.251", "sigma_lov": "-2.17827", "sigma_imp": "0.280", "ps": "-9.40"}, {"energy": "2.639e-01", "width": "3.9121e+01", "ip": "1.915e-10", "ts": "0", "stretch": "2.5949e+06", "date": "2089-11-17.32", "dist": "24.115", "sigma_lov": "-2.47173", "sigma_imp": "0.591", "ps": "-10.5"}, {"energy": "2.607e-01", "width": "3.6383e+01", "ip": "3.925e-09", "ts": "0", "stretch": "3.1771e+05", "date": "2088-11-14.06", "dist": "23.012", "sigma_lov": "-2.09650", "sigma_imp": "0.605", "ps": "-9.21"}, {"energy": "2.587e-01", "width": "3.6071e+01", "ip": "1.142e-10", "ts": "0", "stretch": "2.3494e+05", "date": "2087-11-15.32", "dist": "83.858", "sigma_lov": "-2.66180", "sigma_imp": "2.297", "ps": "-10.7"}, {"energy": "5.143e-01", "width": "2.6528e+02", "ip": "6.038e-10", "ts": "0", "stretch": "1.6793e+06", "date": "2087-01-01.43", "dist": "33.211", "sigma_lov": "1.10585", "sigma_imp": "0.121", "ps": "-9.77"}, {"energy": "3.239e-01", "width": "2.0963e+01", "ip": "4.581e-10", "ts": "0", "stretch": "1.9830e+06", "date": "2086-10-10.68", "dist": "53.049", "sigma_lov": "0.36755", "sigma_imp": "2.483", "ps": "-10.0"}, {"energy": "2.643e-01", "width": "3.8661e+01", "ip": "1.990e-09", "ts": "0", "stretch": "3.9795e+05", "date": "2085-11-17.28", "dist": "9.807", "sigma_lov": "-2.34878", "sigma_imp": "0.228", "ps": "-9.48"}, {"energy": "2.583e-01", "width": "3.5767e+01", "ip": "4.420e-09", "ts": "0", "stretch": "3.2722e+05", "date": "2085-11-12.80", "dist": "12.545", "sigma_lov": "-2.10003", "sigma_imp": "0.323", "ps": "-9.14"}, {"energy": "2.614e-01", "width": "3.7594e+01", "ip": "1.830e-09", "ts": "0", "stretch": "2.3518e+05", "date": "2084-11-15.55", "dist": "36.113", "sigma_lov": "-2.43600", "sigma_imp": "0.934", "ps": "-9.51"}, {"energy": "2.658e-01", "width": "3.9517e+01", "ip": "2.035e-09", "ts": "0", "stretch": "4.5432e+05", "date": "2083-11-18.43", "dist": "11.755", "sigma_lov": "-2.26700", "sigma_imp": "0.272", "ps": "-9.45"}, {"energy": "2.606e-01", "width": "3.8025e+01", "ip": "1.060e-10", "ts": "0", "stretch": "1.2772e+06", "date": "2082-11-16.28", "dist": "58.840", "sigma_lov": "-2.59844", "sigma_imp": "1.521", "ps": "-10.7"}, {"energy": "2.606e-01", "width": "3.6816e+01", "ip": "3.552e-10", "ts": "0", "stretch": "2.4790e+05", "date": "2082-11-16.23", "dist": "66.788", "sigma_lov": "-2.60398", "sigma_imp": "1.787", "ps": "-10.2"}, {"energy": "2.604e-01", "width": "3.6822e+01", "ip": "5.503e-10", "ts": "0", "stretch": "1.2296e+05", "date": "2082-11-16.03", "dist": "71.350", "sigma_lov": "-2.61594", "sigma_imp": "1.911", "ps": "-10.0"}, {"energy": "2.592e-01", "width": "3.6051e+01", "ip": "4.491e-09", "ts": "0", "stretch": "3.0987e+05", "date": "2082-11-13.55", "dist": "14.921", "sigma_lov": "-2.10311", "sigma_imp": "0.386", "ps": "-9.11"}, {"energy": "2.617e-01", "width": "3.8127e+01", "ip": "1.836e-10", "ts": "0", "stretch": "2.8162e+06", "date": "2081-11-15.90", "dist": "26.269", "sigma_lov": "-2.44677", "sigma_imp": "0.663", "ps": "-10.5"}, {"energy": "2.617e-01", "width": "3.9124e+01", "ip": "1.293e-10", "ts": "0", "stretch": "4.1141e+06", "date": "2081-11-15.87", "dist": "23.743", "sigma_lov": "-2.44618", "sigma_imp": "0.581", "ps": "-10.6"}, {"energy": "2.582e-01", "width": "3.7177e+01", "ip": "1.006e-09", "ts": "0", "stretch": "1.2202e+06", "date": "2081-11-13.33", "dist": "0.123", "sigma_lov": "-2.18730", "sigma_imp": "0.000", "ps": "-9.76"}, {"energy": "3.298e-01", "width": "3.3248e+01", "ip": "5.047e-09", "ts": "0", "stretch": "2.4408e+06", "date": "2081-10-11.00", "dist": "2.433", "sigma_lov": "0.62677", "sigma_imp": "0.043", "ps": "-8.97"}, {"energy": "2.628e-01", "width": "3.7556e+01", "ip": "5.799e-10", "ts": "0", "stretch": "1.1845e+06", "date": "2079-11-16.80", "dist": "19.646", "sigma_lov": "-2.37694", "sigma_imp": "0.496", "ps": "-9.97"}, {"energy": "2.584e-01", "width": "3.5943e+01", "ip": "1.864e-10", "ts": "0", "stretch": "1.6969e+05", "date": "2079-11-15.08", "dist": "81.687", "sigma_lov": "-2.64616", "sigma_imp": "2.245", "ps": "-10.5"}, {"energy": "2.574e-01", "width": "3.5421e+01", "ip": "5.349e-09", "ts": "0", "stretch": "2.8263e+05", "date": "2079-11-12.47", "dist": "5.562", "sigma_lov": "-2.10689", "sigma_imp": "0.129", "ps": "-9.02"}, {"energy": "2.612e-01", "width": "3.6807e+01", "ip": "3.629e-09", "ts": "0", "stretch": "3.4736e+05", "date": "2076-11-14.11", "dist": "20.044", "sigma_lov": "-2.11042", "sigma_imp": "0.517", "ps": "-9.16"}, {"energy": "2.611e-01", "width": "3.7120e+01", "ip": "7.657e-10", "ts": "0", "stretch": "4.1119e+05", "date": "2075-11-16.19", "dist": "43.517", "sigma_lov": "-2.47639", "sigma_imp": "1.145", "ps": "-9.83"}, {"energy": "2.609e-01", "width": "3.7108e+01", "ip": "1.562e-09", "ts": "0", "stretch": "1.6492e+05", "date": "2075-11-15.97", "dist": "48.568", "sigma_lov": "-2.48927", "sigma_imp": "1.282", "ps": "-9.52"}, {"energy": "2.587e-01", "width": "3.7202e+01", "ip": "1.016e-09", "ts": "0", "stretch": "1.1690e+06", "date": "2075-11-14.23", "dist": "0.048", "sigma_lov": "-2.20161", "sigma_imp": "0.000", "ps": "-9.71"}, {"energy": "3.086e-01", "width": "1.2056e+01", "ip": "1.952e-10", "ts": "0", "stretch": "2.0892e+05", "date": "2075-10-12.74", "dist": "44.901", "sigma_lov": "0.02290", "sigma_imp": "3.641", "ps": "-10.4"}, {"energy": "2.640e-01", "width": "3.8907e+01", "ip": "1.248e-09", "ts": "0", "stretch": "7.3145e+05", "date": "2074-11-17.42", "dist": "1.257", "sigma_lov": "-2.29846", "sigma_imp": "0.007", "ps": "-9.60"}, {"energy": "2.635e-01", "width": "3.8157e+01", "ip": "1.385e-09", "ts": "0", "stretch": "4.5995e+05", "date": "2073-11-16.81", "dist": "20.985", "sigma_lov": "-2.39574", "sigma_imp": "0.524", "ps": "-9.55"}, {"energy": "2.635e-01", "width": "3.8211e+01", "ip": "3.710e-09", "ts": "0", "stretch": "1.5702e+05", "date": "2073-11-16.66", "dist": "24.901", "sigma_lov": "-2.40700", "sigma_imp": "0.626", "ps": "-9.12"}, {"energy": "2.635e-01", "width": "3.8168e+01", "ip": "1.261e-09", "ts": "0", "stretch": "4.5177e+05", "date": "2073-11-16.59", "dist": "25.694", "sigma_lov": "-2.41084", "sigma_imp": "0.647", "ps": "-9.59"}, {"energy": "2.594e-01", "width": "3.6364e+01", "ip": "4.714e-09", "ts": "0", "stretch": "2.9503e+05", "date": "2073-11-13.23", "dist": "11.807", "sigma_lov": "-2.11484", "sigma_imp": "0.297", "ps": "-9.03"}, {"energy": "2.605e-01", "width": "3.7017e+01", "ip": "2.884e-09", "ts": "0", "stretch": "7.1537e+04", "date": "2072-11-15.26", "dist": "52.919", "sigma_lov": "-2.51277", "sigma_imp": "1.403", "ps": "-9.23"}, {"energy": "2.604e-01", "width": "3.6820e+01", "ip": "2.874e-10", "ts": "0", "stretch": "2.0368e+05", "date": "2071-11-16.16", "dist": "73.755", "sigma_lov": "-2.62204", "sigma_imp": "1.976", "ps": "-10.2"}, {"energy": "2.602e-01", "width": "3.6615e+01", "ip": "4.986e-09", "ts": "0", "stretch": "2.6894e+05", "date": "2070-11-13.96", "dist": "13.875", "sigma_lov": "-2.11986", "sigma_imp": "0.352", "ps": "-8.98"}, {"energy": "2.601e-01", "width": "3.6908e+01", "ip": "3.847e-10", "ts": "0", "stretch": "3.6709e+05", "date": "2069-11-15.26", "dist": "60.133", "sigma_lov": "-2.54306", "sigma_imp": "1.602", "ps": "-10.1"}, {"energy": "2.602e-01", "width": "3.7588e+01", "ip": "1.087e-09", "ts": "0", "stretch": "1.0342e+06", "date": "2069-11-14.89", "dist": "4.662", "sigma_lov": "-2.21831", "sigma_imp": "0.097", "ps": "-9.63"}, {"energy": "2.601e-01", "width": "3.9056e+01", "ip": "4.360e-10", "ts": "0", "stretch": "2.4366e+06", "date": "2069-11-14.80", "dist": "9.316", "sigma_lov": "-2.21739", "sigma_imp": "0.213", "ps": "-10.0"}, {"energy": "3.520e-01", "width": "2.4185e+01", "ip": "1.884e-09", "ts": "0", "stretch": "5.9555e+06", "date": "2069-10-05.33", "dist": "23.097", "sigma_lov": "0.55691", "sigma_imp": "0.914", "ps": "-9.28"}, {"energy": "2.748e-01", "width": "4.1568e+01", "ip": "2.146e-10", "ts": "0", "stretch": "4.1671e+04", "date": "2067-11-21.13", "dist": "139.108", "sigma_lov": "-1.79097", "sigma_imp": "3.322", "ps": "-10.3"}, {"energy": "2.747e-01", "width": "4.2283e+01", "ip": "2.248e-10", "ts": "0", "stretch": "4.8257e+04", "date": "2067-11-21.02", "dist": "138.808", "sigma_lov": "-1.79156", "sigma_imp": "3.259", "ps": "-10.3"}, {"energy": "2.617e-01", "width": "3.7545e+01", "ip": "3.186e-09", "ts": "0", "stretch": "1.1384e+05", "date": "2067-11-16.20", "dist": "40.673", "sigma_lov": "-2.45509", "sigma_imp": "1.057", "ps": "-9.14"}, {"energy": "2.581e-01", "width": "3.7450e+01", "ip": "5.514e-09", "ts": "0", "stretch": "2.4999e+05", "date": "2067-11-12.98", "dist": "5.098", "sigma_lov": "-2.12567", "sigma_imp": "0.109", "ps": "-8.91"}, {"energy": "2.666e-01", "width": "3.9217e+01", "ip": "9.999e-10", "ts": "0", "stretch": "8.2698e+05", "date": "2065-11-18.39", "dist": "1.150", "sigma_lov": "-2.33778", "sigma_imp": "0.004", "ps": "-9.62"}, {"energy": "2.666e-01", "width": "4.0783e+01", "ip": "3.836e-10", "ts": "0", "stretch": "2.0545e+06", "date": "2065-11-18.35", "dist": "6.530", "sigma_lov": "-2.33627", "sigma_imp": "0.136", "ps": "-10.0"}, {"energy": "2.667e-01", "width": "3.9479e+01", "ip": "3.174e-09", "ts": "0", "stretch": "2.4831e+05", "date": "2065-11-18.25", "dist": "5.410", "sigma_lov": "-2.35165", "sigma_imp": "0.112", "ps": "-9.12"}, {"energy": "2.785e-01", "width": "1.1993e+01", "ip": "1.486e-09", "ts": "0", "stretch": "6.4201e+05", "date": "2065-10-19.30", "dist": "32.628", "sigma_lov": "-0.40422", "sigma_imp": "2.637", "ps": "-9.44"}, {"energy": "2.618e-01", "width": "3.7338e+01", "ip": "3.868e-09", "ts": "0", "stretch": "3.1602e+05", "date": "2064-11-14.51", "dist": "18.363", "sigma_lov": "-2.13109", "sigma_imp": "0.465", "ps": "-9.03"}, {"energy": "3.552e-01", "width": "2.3904e+01", "ip": "3.166e-09", "ts": "0", "stretch": "5.1193e+06", "date": "2064-10-04.40", "dist": "10.641", "sigma_lov": "0.55777", "sigma_imp": "0.403", "ps": "-9.01"}, {"energy": "2.601e-01", "width": "3.7084e+01", "ip": "1.442e-09", "ts": "0", "stretch": "7.6047e+05", "date": "2063-11-15.30", "dist": "0.510", "sigma_lov": "-2.23908", "sigma_imp": "0.000", "ps": "-9.45"}, {"energy": "2.638e-01", "width": "3.8380e+01", "ip": "1.660e-09", "ts": "0", "stretch": "4.3752e+05", "date": "2062-11-17.07", "dist": "15.744", "sigma_lov": "-2.36639", "sigma_imp": "0.384", "ps": "-9.38"}, {"energy": "2.637e-01", "width": "3.9596e+01", "ip": "2.980e-10", "ts": "0", "stretch": "2.5261e+06", "date": "2062-11-17.00", "dist": "8.224", "sigma_lov": "-2.36459", "sigma_imp": "0.182", "ps": "-10.1"}, {"energy": "2.639e-01", "width": "3.8579e+01", "ip": "5.723e-09", "ts": "0", "stretch": "1.2040e+05", "date": "2062-11-16.98", "dist": "18.695", "sigma_lov": "-2.37249", "sigma_imp": "0.459", "ps": "-8.84"}, {"energy": "2.639e-01", "width": "3.8576e+01", "ip": "2.561e-09", "ts": "0", "stretch": "2.6143e+05", "date": "2062-11-16.95", "dist": "19.882", "sigma_lov": "-2.37823", "sigma_imp": "0.489", "ps": "-9.19"}, {"energy": "2.617e-01", "width": "3.7389e+01", "ip": "1.192e-09", "ts": "0", "stretch": "2.1813e+05", "date": "2061-11-15.92", "dist": "48.009", "sigma_lov": "-2.49525", "sigma_imp": "1.257", "ps": "-9.52"}, {"energy": "2.615e-01", "width": "3.7397e+01", "ip": "1.779e-10", "ts": "0", "stretch": "1.3209e+06", "date": "2061-11-15.72", "dist": "50.325", "sigma_lov": "-2.50322", "sigma_imp": "1.319", "ps": "-10.3"}, {"energy": "2.600e-01", "width": "3.6872e+01", "ip": "4.494e-09", "ts": "0", "stretch": "2.9161e+05", "date": "2061-11-13.92", "dist": "11.717", "sigma_lov": "-2.13729", "sigma_imp": "0.291", "ps": "-8.94"}, {"energy": "2.613e-01", "width": "3.7401e+01", "ip": "7.450e-10", "ts": "0", "stretch": "1.3854e+06", "date": "2060-11-14.82", "dist": "3.622", "sigma_lov": "-2.26018", "sigma_imp": "0.070", "ps": "-9.71"}, {"energy": "2.589e-01", "width": "3.6185e+01", "ip": "1.797e-10", "ts": "0", "stretch": "2.1260e+05", "date": "2060-11-14.38", "dist": "79.825", "sigma_lov": "-2.62869", "sigma_imp": "2.178", "ps": "-10.3"}, {"energy": "3.529e-01", "width": "2.3359e+01", "ip": "3.178e-09", "ts": "0", "stretch": "4.3018e+06", "date": "2059-10-05.54", "dist": "17.851", "sigma_lov": "0.55880", "sigma_imp": "0.721", "ps": "-8.97"}, {"energy": "2.608e-01", "width": "3.7141e+01", "ip": "4.431e-09", "ts": "0", "stretch": "2.8509e+05", "date": "2058-11-14.66", "dist": "13.477", "sigma_lov": "-2.14396", "sigma_imp": "0.336", "ps": "-8.92"}, {"energy": "2.621e-01", "width": "3.8316e+01", "ip": "5.064e-09", "ts": "0", "stretch": "1.8933e+05", "date": "2057-11-15.64", "dist": "5.706", "sigma_lov": "-2.27916", "sigma_imp": "0.123", "ps": "-8.85"}, {"energy": "2.622e-01", "width": "3.8359e+01", "ip": "1.729e-09", "ts": "0", "stretch": "5.4138e+05", "date": "2057-11-15.62", "dist": "7.170", "sigma_lov": "-2.28638", "sigma_imp": "0.161", "ps": "-9.31"}, {"energy": "2.587e-01", "width": "3.5931e+01", "ip": "1.068e-10", "ts": "0", "stretch": "1.8337e+05", "date": "2057-11-14.42", "dist": "88.056", "sigma_lov": "-2.66848", "sigma_imp": "2.423", "ps": "-10.5"}, {"energy": "2.809e-01", "width": "1.1843e+01", "ip": "4.809e-08", "ts": "0", "stretch": "3.2626e+05", "date": "2057-10-18.36", "dist": "16.045", "sigma_lov": "-0.38147", "sigma_imp": "1.270", "ps": "-7.84"}, {"energy": "3.069e-01", "width": "1.8180e+01", "ip": "1.444e-08", "ts": "0", "stretch": "4.4472e+05", "date": "2057-10-14.90", "dist": "30.167", "sigma_lov": "0.39530", "sigma_imp": "1.604", "ps": "-8.34"}, {"energy": "2.640e-01", "width": "3.8242e+01", "ip": "2.201e-09", "ts": "0", "stretch": "2.5628e+05", "date": "2056-11-16.48", "dist": "25.881", "sigma_lov": "-2.41319", "sigma_imp": "0.651", "ps": "-9.20"}, {"energy": "2.594e-01", "width": "3.6469e+01", "ip": "5.607e-10", "ts": "0", "stretch": "1.8004e+05", "date": "2055-11-15.28", "dist": "65.854", "sigma_lov": "-2.56058", "sigma_imp": "1.778", "ps": "-9.78"}, {"energy": "2.591e-01", "width": "3.6673e+01", "ip": "5.629e-09", "ts": "0", "stretch": "2.3610e+05", "date": "2055-11-13.87", "dist": "5.081", "sigma_lov": "-2.15236", "sigma_imp": "0.111", "ps": "-8.78"}, {"energy": "2.627e-01", "width": "3.7598e+01", "ip": "8.890e-10", "ts": "0", "stretch": "1.0661e+06", "date": "2054-11-15.93", "dist": "5.644", "sigma_lov": "-2.29241", "sigma_imp": "0.124", "ps": "-9.57"}, {"energy": "2.655e-01", "width": "3.8756e+01", "ip": "2.224e-09", "ts": "0", "stretch": "2.2414e+05", "date": "2053-11-17.60", "dist": "28.535", "sigma_lov": "-2.44128", "sigma_imp": "0.710", "ps": "-9.15"}, {"energy": "2.848e-01", "width": "1.1262e+01", "ip": "7.068e-08", "ts": "0", "stretch": "3.6758e+05", "date": "2053-10-16.65", "dist": "10.894", "sigma_lov": "-0.36851", "sigma_imp": "0.879", "ps": "-7.63"}, {"energy": "2.626e-01", "width": "3.7748e+01", "ip": "4.497e-09", "ts": "0", "stretch": "2.6093e+05", "date": "2052-11-15.13", "dist": "15.733", "sigma_lov": "-2.16090", "sigma_imp": "0.390", "ps": "-8.84"}, {"energy": "3.074e-01", "width": "1.7435e+01", "ip": "2.292e-08", "ts": "0", "stretch": "4.2405e+05", "date": "2052-10-14.39", "dist": "24.762", "sigma_lov": "0.38417", "sigma_imp": "1.363", "ps": "-8.08"}, {"energy": "2.618e-01", "width": "3.7820e+01", "ip": "3.535e-09", "ts": "0", "stretch": "2.3443e+05", "date": "2051-11-15.75", "dist": "15.859", "sigma_lov": "-2.31484", "sigma_imp": "0.393", "ps": "-8.93"}, {"energy": "3.224e-01", "width": "1.3741e+01", "ip": "8.736e-08", "ts": "0", "stretch": "2.9956e+05", "date": "2050-10-12.58", "dist": "6.052", "sigma_lov": "0.68090", "sigma_imp": "0.368", "ps": "-7.45"}, {"energy": "3.234e-01", "width": "1.1957e+01", "ip": "3.484e-08", "ts": "0", "stretch": "6.2570e+05", "date": "2050-10-12.35", "dist": "10.923", "sigma_lov": "0.68381", "sigma_imp": "0.830", "ps": "-7.85"}, {"energy": "2.615e-01", "width": "3.7535e+01", "ip": "5.054e-09", "ts": "0", "stretch": "2.4124e+05", "date": "2049-11-14.69", "dist": "9.330", "sigma_lov": "-2.17169", "sigma_imp": "0.222", "ps": "-8.75"}, {"energy": "2.593e-01", "width": "3.6152e+01", "ip": "1.670e-10", "ts": "0", "stretch": "1.9812e+05", "date": "2049-11-14.62", "dist": "81.718", "sigma_lov": "-2.63743", "sigma_imp": "2.233", "ps": "-10.2"}, {"energy": "2.844e-01", "width": "1.0717e+01", "ip": "9.685e-08", "ts": "0", "stretch": "4.4609e+05", "date": "2049-10-17.14", "dist": "1.694", "sigma_lov": "-0.35571", "sigma_imp": "0.065", "ps": "-7.44"}, {"energy": "2.626e-01", "width": "3.7462e+01", "ip": "1.173e-09", "ts": "0", "stretch": "6.8866e+05", "date": "2048-11-15.36", "dist": "15.281", "sigma_lov": "-2.33191", "sigma_imp": "0.381", "ps": "-9.37"}, {"energy": "2.996e-01", "width": "7.1714e+00", "ip": "4.283e-08", "ts": "0", "stretch": "1.1906e+06", "date": "2048-10-14.51", "dist": "5.664", "sigma_lov": "0.01259", "sigma_imp": "0.650", "ps": "-7.76"}, {"energy": "2.628e-01", "width": "3.7769e+01", "ip": "1.108e-09", "ts": "0", "stretch": "2.3611e+05", "date": "2047-11-16.96", "dist": "47.328", "sigma_lov": "-2.50461", "sigma_imp": "1.227", "ps": "-9.38"}, {"energy": "3.023e-01", "width": "1.8155e+01", "ip": "7.696e-10", "ts": "0", "stretch": "3.6709e+05", "date": "2047-10-16.52", "dist": "54.551", "sigma_lov": "0.36982", "sigma_imp": "2.950", "ps": "-9.49"}, {"energy": "4.466e-01", "width": "1.0343e+02", "ip": "1.637e-09", "ts": "0", "stretch": "3.7669e+05", "date": "2047-09-28.20", "dist": "66.982", "sigma_lov": "1.92215", "sigma_imp": "0.638", "ps": "-9.03"}, {"energy": "2.624e-01", "width": "3.7765e+01", "ip": "4.799e-09", "ts": "0", "stretch": "2.4597e+05", "date": "2046-11-15.36", "dist": "9.755", "sigma_lov": "-2.18257", "sigma_imp": "0.232", "ps": "-8.73"}, {"energy": "2.627e-01", "width": "3.8114e+01", "ip": "3.227e-09", "ts": "0", "stretch": "2.1494e+05", "date": "2045-11-15.97", "dist": "20.960", "sigma_lov": "-2.36050", "sigma_imp": "0.524", "ps": "-8.89"}, {"energy": "2.876e-01", "width": "1.0515e+01", "ip": "9.375e-09", "ts": "0", "stretch": "3.6672e+05", "date": "2045-10-15.73", "dist": "23.856", "sigma_lov": "-0.34072", "sigma_imp": "2.174", "ps": "-8.39"}, {"energy": "3.612e-01", "width": "2.0277e+01", "ip": "8.518e-09", "ts": "0", "stretch": "6.0134e+05", "date": "2045-10-09.28", "dist": "8.569", "sigma_lov": "1.72064", "sigma_imp": "0.373", "ps": "-8.36"}, {"energy": "2.611e-01", "width": "3.7058e+01", "ip": "7.393e-10", "ts": "0", "stretch": "1.8993e+05", "date": "2044-11-15.29", "dist": "60.215", "sigma_lov": "-2.54656", "sigma_imp": "1.598", "ps": "-9.52"}, {"energy": "2.610e-01", "width": "3.7349e+01", "ip": "6.064e-09", "ts": "0", "stretch": "1.9707e+05", "date": "2043-11-14.81", "dist": "2.140", "sigma_lov": "-2.19646", "sigma_imp": "0.031", "ps": "-8.59"}, {"energy": "2.814e-01", "width": "3.5238e+00", "ip": "1.076e-08", "ts": "0", "stretch": "3.9940e+05", "date": "2043-10-18.52", "dist": "9.149", "sigma_lov": "-0.60456", "sigma_imp": "2.313", "ps": "-8.31"}, {"energy": "2.630e-01", "width": "3.7509e+01", "ip": "1.511e-09", "ts": "0", "stretch": "4.2360e+05", "date": "2042-11-16.35", "dist": "22.731", "sigma_lov": "-2.38760", "sigma_imp": "0.579", "ps": "-9.17"}, {"energy": "2.629e-01", "width": "3.8732e+01", "ip": "7.655e-10", "ts": "0", "stretch": "8.6672e+05", "date": "2042-11-16.32", "dist": "18.060", "sigma_lov": "-2.39037", "sigma_imp": "0.440", "ps": "-9.47"}, {"energy": "3.766e-01", "width": "8.5392e+00", "ip": "5.182e-09", "ts": "0", "stretch": "8.9025e+05", "date": "2041-10-07.74", "dist": "8.284", "sigma_lov": "2.03371", "sigma_imp": "0.853", "ps": "-8.49"}, {"energy": "2.642e-01", "width": "3.8195e+01", "ip": "5.505e-09", "ts": "0", "stretch": "1.9991e+05", "date": "2040-11-15.73", "dist": "8.625", "sigma_lov": "-2.21284", "sigma_imp": "0.200", "ps": "-8.57"}, {"energy": "2.610e-01", "width": "3.7333e+01", "ip": "2.314e-09", "ts": "0", "stretch": "1.7963e+05", "date": "2039-11-15.74", "dist": "38.383", "sigma_lov": "-2.42553", "sigma_imp": "1.001", "ps": "-8.93"}, {"energy": "2.593e-01", "width": "3.6069e+01", "ip": "1.535e-10", "ts": "0", "stretch": "1.6167e+05", "date": "2038-11-14.74", "dist": "85.435", "sigma_lov": "-2.65251", "sigma_imp": "2.341", "ps": "-10.1"}, {"energy": "3.610e-01", "width": "1.2561e+01", "ip": "1.556e-09", "ts": "0", "stretch": "5.9264e+05", "date": "2038-10-10.96", "dist": "26.409", "sigma_lov": "1.76393", "sigma_imp": "2.023", "ps": "-8.97"}, {"energy": "2.628e-01", "width": "3.7931e+01", "ip": "5.948e-09", "ts": "0", "stretch": "1.8238e+05", "date": "2037-11-15.41", "dist": "1.166", "sigma_lov": "-2.23370", "sigma_imp": "0.004", "ps": "-8.48"}, {"energy": "2.614e-01", "width": "3.6753e+01", "ip": "1.741e-09", "ts": "0", "stretch": "1.8653e+05", "date": "2036-11-15.13", "dist": "43.127", "sigma_lov": "-2.46743", "sigma_imp": "1.146", "ps": "-8.99"}, {"energy": "2.614e-01", "width": "3.7881e+01", "ip": "1.078e-09", "ts": "0", "stretch": "3.3045e+05", "date": "2036-11-15.08", "dist": "40.075", "sigma_lov": "-2.47003", "sigma_imp": "1.032", "ps": "-9.20"}, {"energy": "2.630e-01", "width": "3.7983e+01", "ip": "6.275e-09", "ts": "0", "stretch": "1.6318e+05", "date": "2034-11-15.95", "dist": "2.301", "sigma_lov": "-2.25809", "sigma_imp": "0.034", "ps": "-8.39"}, {"energy": "2.609e-01", "width": "3.7071e+01", "ip": "1.159e-09", "ts": "0", "stretch": "1.4570e+05", "date": "2033-11-15.28", "dist": "57.283", "sigma_lov": "-2.52332", "sigma_imp": "1.518", "ps": "-9.10"}, {"energy": "2.614e-01", "width": "3.7589e+01", "ip": "6.521e-09", "ts": "0", "stretch": "1.3982e+05", "date": "2031-11-15.52", "dist": "12.550", "sigma_lov": "-2.29002", "sigma_imp": "0.307", "ps": "-8.29"}, {"energy": "2.636e-01", "width": "3.8022e+01", "ip": "6.073e-09", "ts": "0", "stretch": "1.3363e+05", "date": "2028-11-15.92", "dist": "14.272", "sigma_lov": "-2.32907", "sigma_imp": "0.349", "ps": "-8.22"}, {"energy": "2.622e-01", "width": "3.7631e+01", "ip": "5.394e-09", "ts": "0", "stretch": "1.0766e+05", "date": "2025-11-15.58", "dist": "28.448", "sigma_lov": "-2.38406", "sigma_imp": "0.729", "ps": "-8.15"}, {"energy": "3.597e-01", "width": "1.0715e+01", "ip": "8.290e-10", "ts": "0", "stretch": "3.7609e+05", "date": "2023-10-11.30", "dist": "28.098", "sigma_lov": "1.77479", "sigma_imp": "2.529", "ps": "-8.73"}, {"energy": "2.617e-01", "width": "3.7286e+01", "ip": "3.524e-09", "ts": "0", "stretch": "8.6390e+04", "date": "2022-11-15.61", "dist": "45.671", "sigma_lov": "-2.46273", "sigma_imp": "1.198", "ps": "-8.14"}, {"energy": "2.591e-01", "width": "3.6157e+01", "ip": "9.027e-10", "ts": "0", "stretch": "6.2439e+04", "date": "2019-11-14.59", "dist": "75.084", "sigma_lov": "-2.58610", "sigma_imp": "2.049", "ps": "-8.41"}, {"energy": "4.079e-01", "width": "4.2550e+00", "ip": "6.210e-10", "ts": "0", "stretch": "5.0041e+05", "date": "2019-10-07.30", "dist": "9.330", "sigma_lov": "2.66585", "sigma_imp": "1.958", "ps": "-8.39"}]}