{"summary": {"energy": "4.863e-02", "darc": "7.1120 days", "ip": "0.0001636363", "h": "27.07", "nobs": "49", "mass": "3.03e+06", "v_inf": "3.24", "first_obs": "2008-Sep-22.16113", "method": "LOV", "pdate": "2017-04-15 06:16:11", "ndop": "0", "cdate": "2017-04-15 06:16:11", "ps_cum": "-5.25", "diameter": "0.013", "ndel": "0", "v_imp": "11.61", "ps_max": "-5.54", "last_obs": "2008-Sep-29.27316", "fullname": "(2008 ST)", "n_imp": "23", "ts_max": "0", "nsat": "0", "des": "2008 ST"}, "signature": {"source": "NASA/JPL Sentry Data API", "version": "1.1"}, "data": [{"energy": "4.857e-02", "width": "3.4021e-03", "ip": "8.683e-07", "ts": "0", "stretch": "3.8879e+05", "date": "2116-09-24.92", "dist": "0.900", "sigma_lov": "-0.25648", "sigma_imp": "0.000", "ps": "-7.59"}, {"energy": "4.867e-02", "width": "3.3615e-03", "ip": "9.759e-05", "ts": "0", "stretch": "2.6784e+03", "date": "2116-09-25.66", "dist": "0.788", "sigma_lov": "-1.12250", "sigma_imp": "0.000", "ps": "-5.54"}, {"energy": "4.856e-02", "width": "0.0000e+00", "ip": "1.021e-06", "ts": "0", "stretch": "6.6047e+05", "date": "2116-09-24.89", "dist": "0.511", "sigma_lov": "0.19402", "sigma_imp": "0.000", "ps": "-7.52"}, {"energy": "4.861e-02", "width": "7.8568e-03", "ip": "3.181e-07", "ts": "0", "stretch": "1.9584e+06", "date": "2115-09-25.48", "dist": "0.118", "sigma_lov": "-0.69387", "sigma_imp": "0.000", "ps": "-8.02"}, {"energy": "4.855e-02", "width": "4.0827e-03", "ip": "1.120e-05", "ts": "0", "stretch": "3.8404e+04", "date": "2106-09-26.68", "dist": "0.835", "sigma_lov": "-0.20037", "sigma_imp": "0.000", "ps": "-6.43"}, {"energy": "4.862e-02", "width": "1.7010e-03", "ip": "4.426e-06", "ts": "0", "stretch": "1.6826e+05", "date": "2106-09-24.62", "dist": "0.283", "sigma_lov": "-0.23329", "sigma_imp": "0.000", "ps": "-6.83"}, {"energy": "4.873e-02", "width": "3.7397e-03", "ip": "1.319e-06", "ts": "0", "stretch": "1.3581e+05", "date": "2104-09-26.41", "dist": "0.269", "sigma_lov": "-1.70674", "sigma_imp": "0.000", "ps": "-7.35"}, {"energy": "4.875e-02", "width": "4.0937e-03", "ip": "7.555e-07", "ts": "0", "stretch": "9.0013e+04", "date": "2103-09-26.85", "dist": "0.933", "sigma_lov": "-1.69635", "sigma_imp": "0.000", "ps": "-7.59"}, {"energy": "4.857e-02", "width": "3.0270e-03", "ip": "4.708e-06", "ts": "0", "stretch": "1.5679e+05", "date": "2103-09-25.90", "dist": "0.259", "sigma_lov": "0.29331", "sigma_imp": "0.000", "ps": "-6.79"}, {"energy": "4.838e-02", "width": "0.0000e+00", "ip": "4.111e-07", "ts": "0", "stretch": "5.1115e+05", "date": "2101-09-25.13", "dist": "0.781", "sigma_lov": "1.31392", "sigma_imp": "0.000", "ps": "-7.84"}, {"energy": "4.861e-02", "width": "7.7642e-04", "ip": "5.282e-06", "ts": "0", "stretch": "7.0540e+04", "date": "2101-09-25.79", "dist": "0.754", "sigma_lov": "-0.82693", "sigma_imp": "0.000", "ps": "-6.73"}, {"energy": "4.858e-02", "width": "0.0000e+00", "ip": "2.369e-07", "ts": "0", "stretch": "1.4221e+06", "date": "2101-09-24.83", "dist": "0.843", "sigma_lov": "-0.69966", "sigma_imp": "0.000", "ps": "-8.08"}, {"energy": "4.878e-02", "width": "0.0000e+00", "ip": "3.416e-06", "ts": "0", "stretch": "6.2517e+04", "date": "2100-09-25.58", "dist": "0.235", "sigma_lov": "-1.60605", "sigma_imp": "0.000", "ps": "-6.91"}, {"energy": "4.813e-02", "width": "2.4056e-03", "ip": "8.262e-08", "ts": "0", "stretch": "3.1464e+05", "date": "2093-09-26.82", "dist": "0.195", "sigma_lov": "2.60786", "sigma_imp": "0.000", "ps": "-8.50"}, {"energy": "4.855e-02", "width": "1.3420e-03", "ip": "2.975e-05", "ts": "0", "stretch": "1.6384e+04", "date": "2080-09-24.47", "dist": "0.713", "sigma_lov": "-0.52502", "sigma_imp": "0.000", "ps": "-5.86"}, {"energy": "4.851e-02", "width": "0.0000e+00", "ip": "6.195e-07", "ts": "0", "stretch": "8.8016e+05", "date": "2078-09-25.83", "dist": "0.494", "sigma_lov": "0.69475", "sigma_imp": "0.000", "ps": "-7.52"}, {"energy": "4.823e-02", "width": "1.6286e-03", "ip": "7.362e-08", "ts": "0", "stretch": "1.2875e+05", "date": "2072-09-27.40", "dist": "0.430", "sigma_lov": "2.94133", "sigma_imp": "0.000", "ps": "-8.41"}, {"energy": "4.826e-02", "width": "9.8210e-04", "ip": "9.769e-08", "ts": "0", "stretch": "2.5563e+05", "date": "2072-09-27.63", "dist": "0.666", "sigma_lov": "2.51659", "sigma_imp": "0.000", "ps": "-8.28"}, {"energy": "4.820e-02", "width": "0.0000e+00", "ip": "3.762e-08", "ts": "0", "stretch": "3.5897e+05", "date": "2060-09-27.42", "dist": "0.692", "sigma_lov": "2.73831", "sigma_imp": "0.000", "ps": "-8.59"}, {"energy": "4.823e-02", "width": "1.5431e-03", "ip": "1.040e-06", "ts": "0", "stretch": "2.5848e+04", "date": "2057-09-28.14", "dist": "0.574", "sigma_lov": "2.52460", "sigma_imp": "0.000", "ps": "-7.12"}, {"energy": "4.826e-02", "width": "1.2519e-03", "ip": "3.228e-07", "ts": "0", "stretch": "4.5132e+04", "date": "2056-09-27.79", "dist": "0.842", "sigma_lov": "2.60125", "sigma_imp": "0.000", "ps": "-7.62"}, {"energy": "4.826e-02", "width": "0.0000e+00", "ip": "3.724e-08", "ts": "0", "stretch": "2.1924e+05", "date": "2052-09-27.50", "dist": "0.904", "sigma_lov": "2.72994", "sigma_imp": "0.000", "ps": "-8.51"}, {"energy": "4.820e-02", "width": "2.1960e-03", "ip": "2.331e-08", "ts": "0", "stretch": "2.2285e+05", "date": "2047-03-25.48", "dist": "0.926", "sigma_lov": "2.84693", "sigma_imp": "0.000", "ps": "-8.64"}]}