{"summary":{"energy":"4.067e-01","darc":"6.1293 days","ip":"0.000255288563","h":"25.75","nobs":"79","mass":"1.89e+07","v_inf":"7.53","first_obs":"2008-Apr-24.24725","method":"LOV","pdate":"2017-04-09 19:31:54","ndop":"0","cdate":"2017-04-09 19:31:54","ps_cum":"-4.29","diameter":"0.024","ndel":"0","v_imp":"13.45","ps_max":"-4.75","last_obs":"2008-Apr-30.376536","fullname":"(2008 HJ)","n_imp":"25","ts_max":"0","nsat":"0","des":"2008 HJ"},"signature":{"source":"NASA/JPL Sentry Data API","version":"1.1"},"data":[{"energy":"4.080e-01","width":"0.0000e+00","ip":"2.479e-07","ts":"0","stretch":"4.6781e+05","date":"2108-05-03.17","dist":"0.989","sigma_lov":"-0.07025","sigma_imp":"0.000","ps":"-7.35"},{"energy":"4.081e-01","width":"1.5714e-02","ip":"2.397e-07","ts":"0","stretch":"3.2140e+06","date":"2108-05-03.07","dist":"0.234","sigma_lov":"-0.11690","sigma_imp":"0.000","ps":"-7.37"},{"energy":"4.070e-01","width":"2.7778e-03","ip":"3.796e-08","ts":"0","stretch":"5.9602e+05","date":"2106-05-03.85","dist":"0.862","sigma_lov":"-2.40095","sigma_imp":"0.000","ps":"-8.16"},{"energy":"4.065e-01","width":"1.2276e-04","ip":"4.602e-05","ts":"0","stretch":"1.6392e+04","date":"2106-05-03.85","dist":"0.306","sigma_lov":"-0.11860","sigma_imp":"0.000","ps":"-5.08"},{"energy":"4.064e-01","width":"0.0000e+00","ip":"7.600e-07","ts":"0","stretch":"8.8890e+05","date":"2106-05-03.75","dist":"0.531","sigma_lov":"0.03321","sigma_imp":"0.000","ps":"-6.86"},{"energy":"4.068e-01","width":"0.0000e+00","ip":"2.643e-07","ts":"0","stretch":"2.9362e+06","date":"2104-05-03.64","dist":"0.080","sigma_lov":"0.22103","sigma_imp":"0.000","ps":"-7.31"},{"energy":"4.063e-01","width":"1.2083e-04","ip":"9.633e-05","ts":"0","stretch":"5.5288e+03","date":"2104-05-03.41","dist":"0.744","sigma_lov":"0.02767","sigma_imp":"0.000","ps":"-4.75"},{"energy":"4.059e-01","width":"0.0000e+00","ip":"2.521e-06","ts":"0","stretch":"7.9596e+04","date":"2104-05-03.37","dist":"0.672","sigma_lov":"1.46763","sigma_imp":"0.000","ps":"-6.33"},{"energy":"4.071e-01","width":"0.0000e+00","ip":"4.685e-07","ts":"0","stretch":"1.0254e+05","date":"2104-05-03.37","dist":"0.743","sigma_lov":"-2.19454","sigma_imp":"0.000","ps":"-7.06"},{"energy":"4.089e-01","width":"5.5556e-03","ip":"3.309e-08","ts":"0","stretch":"1.1081e+06","date":"2102-05-04.09","dist":"0.095","sigma_lov":"-2.48000","sigma_imp":"0.000","ps":"-8.20"},{"energy":"4.095e-01","width":"1.0851e-04","ip":"2.763e-09","ts":"0","stretch":"4.4831e+03","date":"2102-05-03.69","dist":"0.080","sigma_lov":"-4.70402","sigma_imp":"0.000","ps":"-9.28"},{"energy":"4.073e-01","width":"3.4722e-04","ip":"3.323e-06","ts":"0","stretch":"8.3294e+04","date":"2102-05-04.16","dist":"0.326","sigma_lov":"1.41388","sigma_imp":"0.000","ps":"-6.20"},{"energy":"4.076e-01","width":"1.8414e-04","ip":"4.353e-05","ts":"0","stretch":"1.5302e+04","date":"2102-05-04.16","dist":"0.518","sigma_lov":"0.21923","sigma_imp":"0.000","ps":"-5.08"},{"energy":"4.078e-01","width":"0.0000e+00","ip":"1.251e-06","ts":"0","stretch":"6.1356e+05","date":"2102-05-03.69","dist":"0.270","sigma_lov":"-0.03798","sigma_imp":"0.000","ps":"-6.62"},{"energy":"4.064e-01","width":"0.0000e+00","ip":"4.976e-08","ts":"0","stretch":"6.7906e+05","date":"2100-05-03.23","dist":"0.469","sigma_lov":"2.46227","sigma_imp":"0.000","ps":"-8.01"},{"energy":"4.082e-01","width":"0.0000e+00","ip":"5.648e-08","ts":"0","stretch":"8.3631e+05","date":"2100-05-03.17","dist":"0.241","sigma_lov":"-2.36512","sigma_imp":"0.000","ps":"-7.96"},{"energy":"4.074e-01","width":"7.8568e-03","ip":"3.921e-07","ts":"0","stretch":"1.9532e+06","date":"2100-05-03.19","dist":"0.278","sigma_lov":"-0.04392","sigma_imp":"0.000","ps":"-7.12"},{"energy":"4.063e-01","width":"2.7217e-02","ip":"1.539e-07","ts":"0","stretch":"4.1941e+06","date":"2098-05-02.79","dist":"0.586","sigma_lov":"-0.04643","sigma_imp":"0.000","ps":"-7.51"},{"energy":"4.054e-01","width":"0.0000e+00","ip":"8.592e-08","ts":"0","stretch":"2.8348e+05","date":"2098-05-02.86","dist":"0.481","sigma_lov":"2.58887","sigma_imp":"0.000","ps":"-7.77"},{"energy":"4.075e-01","width":"0.0000e+00","ip":"6.511e-08","ts":"0","stretch":"2.6235e+06","date":"2083-05-02.65","dist":"0.977","sigma_lov":"-0.05314","sigma_imp":"0.000","ps":"-7.80"},{"energy":"4.068e-01","width":"1.0632e-04","ip":"5.839e-05","ts":"0","stretch":"1.3477e+04","date":"2081-05-02.50","dist":"0.158","sigma_lov":"-0.05096","sigma_imp":"0.000","ps":"-4.83"},{"energy":"4.080e-01","width":"3.4722e-04","ip":"6.404e-07","ts":"0","stretch":"5.1526e+04","date":"2077-05-02.71","dist":"0.468","sigma_lov":"-2.47448","sigma_imp":"0.000","ps":"-6.76"},{"energy":"4.066e-01","width":"0.0000e+00","ip":"1.278e-07","ts":"0","stretch":"1.9327e+06","date":"2112-05-03.34","dist":"0.951","sigma_lov":"-0.06014","sigma_imp":"0.000","ps":"-7.66"},{"energy":"4.079e-01","width":"0.0000e+00","ip":"3.828e-08","ts":"0","stretch":"1.5146e+06","date":"2110-05-03.96","dist":"0.166","sigma_lov":"-2.28387","sigma_imp":"0.000","ps":"-8.17"},{"energy":"4.067e-01","width":"3.9284e-03","ip":"2.596e-07","ts":"0","stretch":"1.0027e+06","date":"2110-05-03.98","dist":"0.945","sigma_lov":"-0.06320","sigma_imp":"0.000","ps":"-7.34"}]}