{"summary": {"energy": "5.766e-02", "darc": ".64893 days", "ip": "6.1426082e-05", "h": "27.56", "nobs": "13", "mass": "1.54e+06", "v_inf": "13.77", "first_obs": "2008-Feb-03.33478", "method": "LOV", "pdate": "2017-04-09 10:55:03", "ndop": "0", "cdate": "2017-04-09 10:55:03", "ps_cum": "-5.57", "diameter": "0.0100236993725239", "ndel": "0", "v_imp": "17.71", "ps_max": "-6.19", "last_obs": "2008-Feb-03.98371", "fullname": "(2008 CT1)", "n_imp": "148", "ts_max": "0", "nsat": "0", "des": "2008 CT1"}, "signature": {"source": "NASA/JPL Sentry Data API", "version": "1.1"}, "data": [{"energy": "6.245e-02", "width": "1.4731e+01", "ip": "1.028e-09", "ts": "0", "stretch": "6.3474e+04", "date": "2117-02-06.80", "dist": "8.745", "sigma_lov": "-3.48622", "sigma_imp": "0.526", "ps": "-10.4"}, {"energy": "6.249e-02", "width": "1.8796e+01", "ip": "4.711e-10", "ts": "0", "stretch": "1.1286e+05", "date": "2117-02-06.93", "dist": "9.519", "sigma_lov": "-3.48882", "sigma_imp": "0.453", "ps": "-10.8"}, {"energy": "6.049e-02", "width": "7.3399e+00", "ip": "3.624e-10", "ts": "0", "stretch": "2.6498e+06", "date": "2117-02-05.81", "dist": "14.956", "sigma_lov": "-2.09432", "sigma_imp": "1.901", "ps": "-10.9"}, {"energy": "5.901e-02", "width": "2.0778e-01", "ip": "1.757e-06", "ts": "0", "stretch": "1.2601e+04", "date": "2116-02-06.48", "dist": "1.251", "sigma_lov": "-0.97124", "sigma_imp": "1.208", "ps": "-7.21"}, {"energy": "5.914e-02", "width": "4.1583e-01", "ip": "1.756e-05", "ts": "0", "stretch": "2.1987e+04", "date": "2116-02-06.40", "dist": "0.280", "sigma_lov": "-1.05326", "sigma_imp": "0.000", "ps": "-6.21"}, {"energy": "5.278e-02", "width": "2.5251e+00", "ip": "1.102e-09", "ts": "0", "stretch": "5.2371e+04", "date": "2115-02-06.58", "dist": "0.836", "sigma_lov": "4.01709", "sigma_imp": "0.000", "ps": "-10.4"}, {"energy": "5.326e-02", "width": "4.5701e+00", "ip": "3.491e-09", "ts": "0", "stretch": "4.0384e+04", "date": "2115-02-06.57", "dist": "2.570", "sigma_lov": "3.60335", "sigma_imp": "0.344", "ps": "-9.94"}, {"energy": "5.620e-02", "width": "2.6464e+00", "ip": "7.600e-07", "ts": "0", "stretch": "9.9263e+04", "date": "2115-02-06.41", "dist": "1.315", "sigma_lov": "1.25002", "sigma_imp": "0.119", "ps": "-7.59"}, {"energy": "5.980e-02", "width": "2.0675e+00", "ip": "7.201e-08", "ts": "0", "stretch": "2.8524e+05", "date": "2115-02-06.32", "dist": "3.073", "sigma_lov": "-1.66993", "sigma_imp": "1.003", "ps": "-8.59"}, {"energy": "5.981e-02", "width": "2.2177e+00", "ip": "1.634e-09", "ts": "0", "stretch": "3.8600e+05", "date": "2115-02-06.31", "dist": "6.785", "sigma_lov": "-1.67203", "sigma_imp": "2.608", "ps": "-10.2"}, {"energy": "6.000e-02", "width": "2.5302e+00", "ip": "7.885e-09", "ts": "0", "stretch": "4.1077e+05", "date": "2115-02-06.26", "dist": "5.713", "sigma_lov": "-1.81022", "sigma_imp": "1.863", "ps": "-9.55"}, {"energy": "6.000e-02", "width": "2.0030e+00", "ip": "7.962e-08", "ts": "0", "stretch": "3.4677e+05", "date": "2115-02-06.28", "dist": "2.123", "sigma_lov": "-1.81263", "sigma_imp": "0.561", "ps": "-8.54"}, {"energy": "6.034e-02", "width": "3.3416e+00", "ip": "5.279e-08", "ts": "0", "stretch": "3.3956e+05", "date": "2115-02-06.20", "dist": "0.898", "sigma_lov": "-2.03732", "sigma_imp": "0.000", "ps": "-8.72"}, {"energy": "5.825e-02", "width": "6.5422e+00", "ip": "2.079e-07", "ts": "0", "stretch": "3.2057e+05", "date": "2114-02-06.13", "dist": "2.361", "sigma_lov": "-0.37286", "sigma_imp": "0.208", "ps": "-8.13"}, {"energy": "6.022e-02", "width": "3.2078e+00", "ip": "1.199e-09", "ts": "0", "stretch": "7.9956e+05", "date": "2114-02-05.92", "dist": "8.330", "sigma_lov": "-1.89055", "sigma_imp": "2.285", "ps": "-10.4"}, {"energy": "6.023e-02", "width": "3.6004e+00", "ip": "2.070e-09", "ts": "0", "stretch": "1.2093e+06", "date": "2114-02-05.93", "dist": "7.660", "sigma_lov": "-1.89004", "sigma_imp": "1.850", "ps": "-10.1"}, {"energy": "5.608e-02", "width": "1.4290e+02", "ip": "3.655e-10", "ts": "0", "stretch": "3.2727e+06", "date": "2113-10-19.28", "dist": "40.602", "sigma_lov": "1.43722", "sigma_imp": "0.277", "ps": "-10.9"}, {"energy": "5.953e-02", "width": "9.7374e-01", "ip": "8.832e-08", "ts": "0", "stretch": "1.9366e+06", "date": "2113-02-05.89", "dist": "0.144", "sigma_lov": "-1.39094", "sigma_imp": "0.000", "ps": "-8.49"}, {"energy": "6.009e-02", "width": "4.4300e+00", "ip": "8.130e-10", "ts": "0", "stretch": "5.2276e+06", "date": "2113-02-05.68", "dist": "8.087", "sigma_lov": "-1.80408", "sigma_imp": "1.600", "ps": "-10.5"}, {"energy": "5.864e-02", "width": "4.2746e-01", "ip": "1.034e-07", "ts": "0", "stretch": "2.5405e+06", "date": "2112-02-06.93", "dist": "0.873", "sigma_lov": "-0.77691", "sigma_imp": "0.000", "ps": "-8.43"}, {"energy": "5.421e-02", "width": "3.0913e+00", "ip": "1.577e-09", "ts": "0", "stretch": "8.1718e+05", "date": "2112-02-06.89", "dist": "3.994", "sigma_lov": "2.83074", "sigma_imp": "0.968", "ps": "-10.3"}, {"energy": "5.526e-02", "width": "7.3552e+00", "ip": "2.753e-10", "ts": "0", "stretch": "7.0104e+06", "date": "2111-02-07.26", "dist": "10.790", "sigma_lov": "2.23078", "sigma_imp": "1.331", "ps": "-11.0"}, {"energy": "6.201e-02", "width": "4.2060e+00", "ip": "7.464e-10", "ts": "0", "stretch": "1.4980e+05", "date": "2110-02-06.96", "dist": "8.389", "sigma_lov": "-3.16229", "sigma_imp": "1.757", "ps": "-10.5"}, {"energy": "5.798e-02", "width": "2.4232e+00", "ip": "9.282e-10", "ts": "0", "stretch": "1.4473e+06", "date": "2110-02-06.55", "dist": "7.817", "sigma_lov": "-0.19578", "sigma_imp": "2.813", "ps": "-10.5"}, {"energy": "5.800e-02", "width": "1.1126e+01", "ip": "5.010e-09", "ts": "0", "stretch": "4.0970e+06", "date": "2110-02-06.37", "dist": "13.739", "sigma_lov": "-0.20876", "sigma_imp": "1.145", "ps": "-9.73"}, {"energy": "5.533e-02", "width": "4.3974e+00", "ip": "2.060e-08", "ts": "0", "stretch": "1.5030e+05", "date": "2110-02-06.33", "dist": "8.299", "sigma_lov": "1.91774", "sigma_imp": "1.660", "ps": "-9.14"}, {"energy": "5.769e-02", "width": "3.6617e+00", "ip": "3.763e-09", "ts": "0", "stretch": "1.2068e+06", "date": "2109-02-06.45", "dist": "9.628", "sigma_lov": "0.04397", "sigma_imp": "2.356", "ps": "-9.86"}, {"energy": "5.797e-02", "width": "5.9161e+00", "ip": "1.870e-10", "ts": "0", "stretch": "1.0870e+06", "date": "2109-02-06.42", "dist": "20.570", "sigma_lov": "-0.22321", "sigma_imp": "3.308", "ps": "-11.2"}, {"energy": "5.841e-02", "width": "5.3497e+00", "ip": "9.460e-08", "ts": "0", "stretch": "5.8276e+05", "date": "2108-02-06.83", "dist": "5.052", "sigma_lov": "-0.40368", "sigma_imp": "0.758", "ps": "-8.45"}, {"energy": "6.028e-02", "width": "4.4816e+00", "ip": "8.637e-08", "ts": "0", "stretch": "2.0336e+05", "date": "2108-02-06.69", "dist": "1.190", "sigma_lov": "-1.90141", "sigma_imp": "0.042", "ps": "-8.47"}, {"energy": "5.601e-02", "width": "2.7376e+00", "ip": "1.668e-10", "ts": "0", "stretch": "6.1947e+03", "date": "2108-02-06.64", "dist": "13.063", "sigma_lov": "1.43868", "sigma_imp": "4.406", "ps": "-11.2"}, {"energy": "5.970e-02", "width": "1.2623e+00", "ip": "2.576e-08", "ts": "0", "stretch": "9.4160e+05", "date": "2108-02-06.41", "dist": "2.478", "sigma_lov": "-1.45549", "sigma_imp": "1.171", "ps": "-9.00"}, {"energy": "6.048e-02", "width": "1.9998e+00", "ip": "1.538e-10", "ts": "0", "stretch": "6.3706e+05", "date": "2108-02-06.66", "dist": "6.965", "sigma_lov": "-2.04779", "sigma_imp": "2.983", "ps": "-11.2"}, {"energy": "6.000e-02", "width": "4.0437e+00", "ip": "7.485e-09", "ts": "0", "stretch": "8.3293e+05", "date": "2107-02-06.11", "dist": "6.700", "sigma_lov": "-1.80442", "sigma_imp": "1.409", "ps": "-9.53"}, {"energy": "5.983e-02", "width": "3.7589e+00", "ip": "2.024e-08", "ts": "0", "stretch": "6.4668e+05", "date": "2107-02-06.15", "dist": "5.095", "sigma_lov": "-1.67761", "sigma_imp": "1.089", "ps": "-9.10"}, {"energy": "5.422e-02", "width": "2.8904e+00", "ip": "1.008e-07", "ts": "0", "stretch": "2.9307e+04", "date": "2106-02-06.44", "dist": "0.359", "sigma_lov": "2.84514", "sigma_imp": "0.000", "ps": "-8.43"}, {"energy": "5.425e-02", "width": "4.1236e+00", "ip": "1.553e-07", "ts": "0", "stretch": "1.0929e+04", "date": "2106-02-06.32", "dist": "3.069", "sigma_lov": "2.82436", "sigma_imp": "0.502", "ps": "-8.25"}, {"energy": "5.437e-02", "width": "1.8459e+01", "ip": "8.751e-08", "ts": "0", "stretch": "7.3033e+03", "date": "2106-02-06.32", "dist": "0.095", "sigma_lov": "2.73727", "sigma_imp": "0.000", "ps": "-8.50"}, {"energy": "5.441e-02", "width": "1.0489e+01", "ip": "1.131e-07", "ts": "0", "stretch": "1.0685e+04", "date": "2106-02-06.33", "dist": "2.327", "sigma_lov": "2.70168", "sigma_imp": "0.126", "ps": "-8.38"}, {"energy": "6.013e-02", "width": "3.6003e+00", "ip": "2.754e-10", "ts": "0", "stretch": "6.9702e+05", "date": "2106-02-06.01", "dist": "11.327", "sigma_lov": "-1.85388", "sigma_imp": "2.868", "ps": "-11.0"}, {"energy": "5.874e-02", "width": "3.8362e-01", "ip": "1.016e-07", "ts": "0", "stretch": "5.0719e+06", "date": "2105-02-06.15", "dist": "0.246", "sigma_lov": "-0.77562", "sigma_imp": "0.000", "ps": "-8.40"}, {"energy": "5.483e-02", "width": "1.0381e+00", "ip": "1.573e-10", "ts": "0", "stretch": "7.3606e+04", "date": "2104-02-06.40", "dist": "4.523", "sigma_lov": "2.29243", "sigma_imp": "3.394", "ps": "-11.2"}, {"energy": "5.776e-02", "width": "3.5785e+00", "ip": "1.292e-09", "ts": "0", "stretch": "3.5682e+05", "date": "2103-02-06.96", "dist": "12.203", "sigma_lov": "0.02814", "sigma_imp": "3.131", "ps": "-10.3"}, {"energy": "5.801e-02", "width": "2.4421e+00", "ip": "3.175e-09", "ts": "0", "stretch": "8.8473e+04", "date": "2103-02-06.79", "dist": "9.020", "sigma_lov": "-0.19389", "sigma_imp": "3.284", "ps": "-9.90"}, {"energy": "5.940e-02", "width": "2.1720e+00", "ip": "2.251e-07", "ts": "0", "stretch": "4.6945e+04", "date": "2103-02-06.42", "dist": "4.771", "sigma_lov": "-1.23667", "sigma_imp": "1.736", "ps": "-8.04"}, {"energy": "5.946e-02", "width": "6.9790e+00", "ip": "3.508e-07", "ts": "0", "stretch": "8.4654e+04", "date": "2103-02-06.35", "dist": "2.329", "sigma_lov": "-1.28279", "sigma_imp": "0.190", "ps": "-7.85"}, {"energy": "5.661e-02", "width": "2.2924e+00", "ip": "6.301e-09", "ts": "0", "stretch": "3.3741e+06", "date": "2103-02-06.28", "dist": "4.518", "sigma_lov": "0.95030", "sigma_imp": "1.535", "ps": "-9.61"}, {"energy": "5.513e-02", "width": "8.5779e+00", "ip": "9.766e-10", "ts": "0", "stretch": "5.8337e+06", "date": "2102-02-06.24", "dist": "1.344", "sigma_lov": "2.15008", "sigma_imp": "0.040", "ps": "-10.4"}, {"energy": "6.035e-02", "width": "1.4899e+00", "ip": "2.547e-07", "ts": "0", "stretch": "1.5111e+05", "date": "2102-02-05.75", "dist": "0.859", "sigma_lov": "-1.98100", "sigma_imp": "0.000", "ps": "-7.98"}, {"energy": "6.040e-02", "width": "1.2455e+01", "ip": "3.071e-08", "ts": "0", "stretch": "1.7234e+05", "date": "2102-02-05.75", "dist": "0.508", "sigma_lov": "-2.01218", "sigma_imp": "0.000", "ps": "-8.89"}, {"energy": "5.825e-02", "width": "8.3230e+00", "ip": "5.488e-06", "ts": "0", "stretch": "9.6751e+03", "date": "2101-02-05.96", "dist": "2.489", "sigma_lov": "-0.39249", "sigma_imp": "0.179", "ps": "-6.65"}, {"energy": "5.552e-02", "width": "1.3879e+00", "ip": "1.797e-08", "ts": "0", "stretch": "6.0308e+04", "date": "2101-02-05.90", "dist": "4.279", "sigma_lov": "1.74592", "sigma_imp": "2.363", "ps": "-9.15"}, {"energy": "5.562e-02", "width": "1.8747e+00", "ip": "5.766e-08", "ts": "0", "stretch": "8.9943e+04", "date": "2101-02-05.70", "dist": "4.363", "sigma_lov": "1.65953", "sigma_imp": "1.794", "ps": "-8.64"}, {"energy": "5.566e-02", "width": "2.0434e+00", "ip": "1.678e-08", "ts": "0", "stretch": "2.9876e+05", "date": "2101-02-05.72", "dist": "4.695", "sigma_lov": "1.65438", "sigma_imp": "1.808", "ps": "-9.18"}, {"energy": "5.698e-02", "width": "1.6689e+00", "ip": "3.152e-07", "ts": "0", "stretch": "6.7975e+04", "date": "2101-02-05.60", "dist": "3.849", "sigma_lov": "0.55599", "sigma_imp": "1.707", "ps": "-7.90"}, {"energy": "6.039e-02", "width": "4.2970e+00", "ip": "6.280e-10", "ts": "0", "stretch": "4.2907e+05", "date": "2101-02-05.63", "dist": "12.169", "sigma_lov": "-2.05158", "sigma_imp": "2.599", "ps": "-10.6"}, {"energy": "5.521e-02", "width": "1.5101e+02", "ip": "1.231e-10", "ts": "0", "stretch": "3.8861e+06", "date": "2099-02-05.02", "dist": "0.638", "sigma_lov": "1.96691", "sigma_imp": "0.000", "ps": "-11.3"}, {"energy": "5.841e-02", "width": "2.5421e+00", "ip": "1.435e-08", "ts": "0", "stretch": "1.4257e+06", "date": "2098-02-05.47", "dist": "5.307", "sigma_lov": "-0.54120", "sigma_imp": "1.694", "ps": "-9.21"}, {"energy": "5.482e-02", "width": "2.5133e+00", "ip": "9.430e-09", "ts": "0", "stretch": "1.2855e+06", "date": "2098-02-04.82", "dist": "0.141", "sigma_lov": "2.35659", "sigma_imp": "0.000", "ps": "-9.42"}, {"energy": "5.999e-02", "width": "2.4601e+00", "ip": "2.069e-08", "ts": "0", "stretch": "2.2860e+06", "date": "2097-02-04.88", "dist": "0.798", "sigma_lov": "-1.66564", "sigma_imp": "0.000", "ps": "-9.04"}, {"energy": "5.768e-02", "width": "3.6743e+00", "ip": "3.397e-08", "ts": "0", "stretch": "1.8178e+04", "date": "2096-02-06.17", "dist": "12.169", "sigma_lov": "0.03693", "sigma_imp": "3.040", "ps": "-8.83"}, {"energy": "5.382e-02", "width": "1.9416e+00", "ip": "5.025e-09", "ts": "0", "stretch": "2.5167e+05", "date": "2096-02-05.67", "dist": "1.479", "sigma_lov": "3.16613", "sigma_imp": "0.247", "ps": "-9.69"}, {"energy": "5.385e-02", "width": "1.8282e+00", "ip": "5.076e-09", "ts": "0", "stretch": "2.7355e+05", "date": "2096-02-05.67", "dist": "1.498", "sigma_lov": "3.14158", "sigma_imp": "0.272", "ps": "-9.68"}, {"energy": "5.628e-02", "width": "2.8415e+00", "ip": "1.660e-07", "ts": "0", "stretch": "3.3246e+05", "date": "2095-02-05.26", "dist": "2.628", "sigma_lov": "1.20788", "sigma_imp": "0.573", "ps": "-8.15"}, {"energy": "5.957e-02", "width": "9.5955e-01", "ip": "1.066e-07", "ts": "0", "stretch": "3.4169e+05", "date": "2095-02-05.44", "dist": "1.916", "sigma_lov": "-1.40323", "sigma_imp": "0.954", "ps": "-8.32"}, {"energy": "5.959e-02", "width": "5.5392e-01", "ip": "4.873e-10", "ts": "0", "stretch": "2.0641e+04", "date": "2095-02-05.08", "dist": "3.088", "sigma_lov": "-1.43713", "sigma_imp": "3.770", "ps": "-10.7"}, {"energy": "5.961e-02", "width": "1.7303e+00", "ip": "2.365e-06", "ts": "0", "stretch": "3.1718e+04", "date": "2095-02-05.07", "dist": "1.293", "sigma_lov": "-1.44981", "sigma_imp": "0.169", "ps": "-6.97"}, {"energy": "5.687e-02", "width": "5.9825e-01", "ip": "6.992e-08", "ts": "0", "stretch": "1.5154e+06", "date": "2094-02-04.90", "dist": "1.398", "sigma_lov": "0.68812", "sigma_imp": "0.665", "ps": "-8.51"}, {"energy": "5.655e-02", "width": "2.9038e+00", "ip": "4.478e-08", "ts": "0", "stretch": "9.0014e+05", "date": "2094-02-04.95", "dist": "4.103", "sigma_lov": "0.96774", "sigma_imp": "1.068", "ps": "-8.71"}, {"energy": "6.011e-02", "width": "4.1905e+00", "ip": "9.011e-10", "ts": "0", "stretch": "8.0522e+05", "date": "2093-02-04.78", "dist": "10.996", "sigma_lov": "-1.84446", "sigma_imp": "2.385", "ps": "-10.4"}, {"energy": "6.001e-02", "width": "3.3894e+00", "ip": "5.686e-09", "ts": "0", "stretch": "1.0597e+06", "date": "2091-02-05.02", "dist": "5.977", "sigma_lov": "-1.82517", "sigma_imp": "1.468", "ps": "-9.57"}, {"energy": "5.806e-02", "width": "3.2485e+00", "ip": "3.758e-10", "ts": "0", "stretch": "3.8315e+05", "date": "2089-02-05.22", "dist": "12.240", "sigma_lov": "-0.22857", "sigma_imp": "3.460", "ps": "-10.7"}, {"energy": "6.031e-02", "width": "1.1709e+02", "ip": "4.690e-10", "ts": "0", "stretch": "1.5575e+06", "date": "2089-02-04.90", "dist": "0.521", "sigma_lov": "-1.87916", "sigma_imp": "0.000", "ps": "-10.6"}, {"energy": "6.002e-02", "width": "6.1127e+00", "ip": "2.952e-08", "ts": "0", "stretch": "5.4442e+05", "date": "2089-02-04.68", "dist": "3.153", "sigma_lov": "-1.72728", "sigma_imp": "0.352", "ps": "-8.84"}, {"energy": "5.532e-02", "width": "4.4606e+00", "ip": "1.232e-08", "ts": "0", "stretch": "1.2172e+06", "date": "2089-02-04.65", "dist": "1.170", "sigma_lov": "1.98544", "sigma_imp": "0.038", "ps": "-9.25"}, {"energy": "5.532e-02", "width": "1.1642e+01", "ip": "8.206e-09", "ts": "0", "stretch": "7.3173e+05", "date": "2089-02-04.59", "dist": "1.499", "sigma_lov": "1.97899", "sigma_imp": "0.043", "ps": "-9.42"}, {"energy": "5.846e-02", "width": "8.4035e-01", "ip": "1.555e-07", "ts": "0", "stretch": "2.2690e+06", "date": "2089-02-04.87", "dist": "0.616", "sigma_lov": "-0.58300", "sigma_imp": "0.000", "ps": "-8.13"}, {"energy": "5.537e-02", "width": "6.0845e+00", "ip": "2.195e-09", "ts": "0", "stretch": "2.9590e+06", "date": "2089-02-04.58", "dist": "6.988", "sigma_lov": "1.93871", "sigma_imp": "0.984", "ps": "-10.0"}, {"energy": "5.622e-02", "width": "3.0185e+00", "ip": "1.364e-05", "ts": "0", "stretch": "5.0785e+03", "date": "2088-02-05.46", "dist": "1.669", "sigma_lov": "1.19107", "sigma_imp": "0.222", "ps": "-6.19"}, {"energy": "5.651e-02", "width": "2.6062e+00", "ip": "5.819e-06", "ts": "0", "stretch": "5.6873e+03", "date": "2088-02-05.45", "dist": "4.247", "sigma_lov": "0.95806", "sigma_imp": "1.246", "ps": "-6.56"}, {"energy": "5.681e-02", "width": "6.1906e-01", "ip": "5.339e-06", "ts": "0", "stretch": "9.0668e+03", "date": "2088-02-05.40", "dist": "1.717", "sigma_lov": "0.69389", "sigma_imp": "1.157", "ps": "-6.60"}, {"energy": "5.527e-02", "width": "4.8253e+00", "ip": "1.336e-08", "ts": "0", "stretch": "1.1073e+06", "date": "2088-02-05.35", "dist": "1.514", "sigma_lov": "1.94543", "sigma_imp": "0.106", "ps": "-9.21"}, {"energy": "5.969e-02", "width": "4.0135e+00", "ip": "3.325e-07", "ts": "0", "stretch": "2.3343e+04", "date": "2088-02-05.23", "dist": "7.093", "sigma_lov": "-1.56870", "sigma_imp": "1.518", "ps": "-7.78"}, {"energy": "6.019e-02", "width": "2.3912e+00", "ip": "6.439e-08", "ts": "0", "stretch": "3.6326e+04", "date": "2088-02-05.16", "dist": "5.556", "sigma_lov": "-1.94197", "sigma_imp": "1.905", "ps": "-8.49"}, {"energy": "6.031e-02", "width": "5.4397e+00", "ip": "1.341e-07", "ts": "0", "stretch": "8.5784e+04", "date": "2088-02-05.14", "dist": "0.654", "sigma_lov": "-2.03313", "sigma_imp": "0.000", "ps": "-8.18"}, {"energy": "5.983e-02", "width": "3.9851e+00", "ip": "8.064e-08", "ts": "0", "stretch": "3.5086e+05", "date": "2087-02-05.30", "dist": "2.149", "sigma_lov": "-1.63615", "sigma_imp": "0.288", "ps": "-8.39"}, {"energy": "6.012e-02", "width": "5.8574e+00", "ip": "5.072e-09", "ts": "0", "stretch": "1.1569e+06", "date": "2087-02-05.27", "dist": "8.155", "sigma_lov": "-1.85013", "sigma_imp": "1.222", "ps": "-9.59"}, {"energy": "6.017e-02", "width": "2.0975e+00", "ip": "2.202e-10", "ts": "0", "stretch": "1.5611e+06", "date": "2087-02-05.03", "dist": "6.671", "sigma_lov": "-1.85643", "sigma_imp": "2.704", "ps": "-11.0"}, {"energy": "5.854e-02", "width": "2.5319e+00", "ip": "3.051e-08", "ts": "0", "stretch": "4.5407e+06", "date": "2086-02-05.24", "dist": "1.472", "sigma_lov": "-0.58731", "sigma_imp": "0.187", "ps": "-8.82"}, {"energy": "5.504e-02", "width": "6.7967e-01", "ip": "5.487e-10", "ts": "0", "stretch": "7.9732e+05", "date": "2086-02-05.19", "dist": "2.558", "sigma_lov": "2.19379", "sigma_imp": "2.293", "ps": "-10.6"}, {"energy": "5.505e-02", "width": "4.3658e+00", "ip": "4.252e-08", "ts": "0", "stretch": "2.2143e+05", "date": "2086-02-05.29", "dist": "1.852", "sigma_lov": "2.19227", "sigma_imp": "0.195", "ps": "-8.69"}, {"energy": "5.505e-02", "width": "3.5901e+00", "ip": "5.267e-08", "ts": "0", "stretch": "1.9261e+05", "date": "2086-02-05.25", "dist": "2.324", "sigma_lov": "2.19275", "sigma_imp": "0.369", "ps": "-8.60"}, {"energy": "5.997e-02", "width": "8.7613e+00", "ip": "7.010e-09", "ts": "0", "stretch": "1.2166e+06", "date": "2085-02-04.66", "dist": "6.058", "sigma_lov": "-1.82253", "sigma_imp": "0.577", "ps": "-9.44"}, {"energy": "5.998e-02", "width": "7.8469e-01", "ip": "1.390e-07", "ts": "0", "stretch": "7.1217e+05", "date": "2085-02-04.65", "dist": "0.176", "sigma_lov": "-1.82298", "sigma_imp": "0.000", "ps": "-8.14"}, {"energy": "6.227e-02", "width": "2.9843e-01", "ip": "5.118e-10", "ts": "0", "stretch": "2.2417e+04", "date": "2084-02-06.30", "dist": "1.708", "sigma_lov": "-3.30549", "sigma_imp": "2.374", "ps": "-10.6"}, {"energy": "6.248e-02", "width": "2.4071e+00", "ip": "1.260e-08", "ts": "0", "stretch": "1.9448e+04", "date": "2084-02-06.31", "dist": "3.014", "sigma_lov": "-3.45520", "sigma_imp": "0.837", "ps": "-9.17"}, {"energy": "6.261e-02", "width": "5.5145e+00", "ip": "8.341e-10", "ts": "0", "stretch": "1.5200e+05", "date": "2083-02-05.91", "dist": "4.079", "sigma_lov": "-3.54856", "sigma_imp": "0.558", "ps": "-10.3"}, {"energy": "6.205e-02", "width": "9.7849e-01", "ip": "6.040e-10", "ts": "0", "stretch": "7.9717e+04", "date": "2083-02-05.90", "dist": "3.156", "sigma_lov": "-3.15707", "sigma_imp": "2.203", "ps": "-10.5"}, {"energy": "5.511e-02", "width": "2.4538e+00", "ip": "2.000e-07", "ts": "0", "stretch": "7.8163e+04", "date": "2083-02-05.41", "dist": "1.709", "sigma_lov": "2.15138", "sigma_imp": "0.289", "ps": "-8.00"}, {"energy": "5.512e-02", "width": "1.8488e+00", "ip": "2.346e-08", "ts": "0", "stretch": "6.7518e+04", "date": "2083-02-05.38", "dist": "4.531", "sigma_lov": "2.14771", "sigma_imp": "1.910", "ps": "-8.93"}, {"energy": "5.949e-02", "width": "0.0000e+00", "ip": "1.058e-08", "ts": "0", "stretch": "1.7728e+07", "date": "2083-02-05.18", "dist": "0.800", "sigma_lov": "-1.37942", "sigma_imp": "0.000", "ps": "-9.25"}, {"energy": "5.863e-02", "width": "1.4397e+00", "ip": "7.634e-08", "ts": "0", "stretch": "6.0392e+04", "date": "2083-02-05.26", "dist": "4.306", "sigma_lov": "-0.72585", "sigma_imp": "2.296", "ps": "-8.40"}, {"energy": "5.385e-02", "width": "1.7355e+00", "ip": "4.484e-09", "ts": "0", "stretch": "2.5231e+05", "date": "2082-02-05.37", "dist": "2.101", "sigma_lov": "3.10619", "sigma_imp": "0.634", "ps": "-9.65"}, {"energy": "6.032e-02", "width": "9.3638e+00", "ip": "2.863e-09", "ts": "0", "stretch": "2.2929e+06", "date": "2082-02-04.61", "dist": "3.107", "sigma_lov": "-2.01973", "sigma_imp": "0.225", "ps": "-9.81"}, {"energy": "5.521e-02", "width": "3.2790e+00", "ip": "2.343e-07", "ts": "0", "stretch": "7.7881e+04", "date": "2082-02-04.92", "dist": "1.730", "sigma_lov": "1.98767", "sigma_imp": "0.223", "ps": "-7.93"}, {"energy": "5.524e-02", "width": "1.6508e+01", "ip": "6.157e-07", "ts": "0", "stretch": "7.3158e+03", "date": "2082-02-04.83", "dist": "0.291", "sigma_lov": "1.95190", "sigma_imp": "0.000", "ps": "-7.51"}, {"energy": "5.525e-02", "width": "8.4997e+00", "ip": "2.187e-07", "ts": "0", "stretch": "3.4810e+04", "date": "2082-02-04.82", "dist": "4.805", "sigma_lov": "1.94091", "sigma_imp": "0.448", "ps": "-7.96"}, {"energy": "5.376e-02", "width": "2.5086e+00", "ip": "3.055e-08", "ts": "0", "stretch": "2.0639e+04", "date": "2081-02-04.86", "dist": "2.379", "sigma_lov": "3.25713", "sigma_imp": "0.550", "ps": "-8.81"}, {"energy": "5.261e-02", "width": "3.0997e+00", "ip": "6.034e-10", "ts": "0", "stretch": "2.8134e+04", "date": "2081-02-04.83", "dist": "0.319", "sigma_lov": "4.27588", "sigma_imp": "0.000", "ps": "-10.5"}, {"energy": "5.835e-02", "width": "2.8364e+00", "ip": "4.750e-10", "ts": "0", "stretch": "1.4282e+06", "date": "2081-02-04.37", "dist": "9.493", "sigma_lov": "-0.47147", "sigma_imp": "2.994", "ps": "-10.6"}, {"energy": "5.835e-02", "width": "4.3536e+00", "ip": "8.789e-09", "ts": "0", "stretch": "1.3577e+06", "date": "2081-02-04.37", "dist": "9.079", "sigma_lov": "-0.47252", "sigma_imp": "1.856", "ps": "-9.33"}, {"energy": "5.853e-02", "width": "3.6244e-01", "ip": "2.391e-07", "ts": "0", "stretch": "2.4756e+06", "date": "2080-02-06.09", "dist": "0.177", "sigma_lov": "-0.62710", "sigma_imp": "0.000", "ps": "-7.88"}, {"energy": "5.995e-02", "width": "5.7503e+00", "ip": "5.710e-09", "ts": "0", "stretch": "2.8558e+06", "date": "2079-02-05.10", "dist": "0.243", "sigma_lov": "-1.82701", "sigma_imp": "0.000", "ps": "-9.49"}, {"energy": "5.512e-02", "width": "1.0499e+00", "ip": "1.375e-09", "ts": "0", "stretch": "5.9783e+05", "date": "2078-02-05.44", "dist": "3.149", "sigma_lov": "2.26756", "sigma_imp": "2.047", "ps": "-10.1"}, {"energy": "5.862e-02", "width": "2.8566e+00", "ip": "8.531e-08", "ts": "0", "stretch": "5.7064e+05", "date": "2078-02-04.94", "dist": "4.209", "sigma_lov": "-0.65073", "sigma_imp": "1.123", "ps": "-8.32"}, {"energy": "5.517e-02", "width": "1.5469e+00", "ip": "2.909e-08", "ts": "0", "stretch": "1.0795e+06", "date": "2076-02-05.58", "dist": "0.670", "sigma_lov": "2.09577", "sigma_imp": "0.000", "ps": "-8.79"}, {"energy": "5.976e-02", "width": "3.0924e+00", "ip": "1.558e-07", "ts": "0", "stretch": "1.8984e+05", "date": "2075-02-04.88", "dist": "3.037", "sigma_lov": "-1.55909", "sigma_imp": "0.659", "ps": "-8.03"}, {"energy": "6.038e-02", "width": "8.4189e+00", "ip": "1.844e-07", "ts": "0", "stretch": "4.0886e+04", "date": "2075-02-04.80", "dist": "1.586", "sigma_lov": "-2.02217", "sigma_imp": "0.070", "ps": "-7.95"}, {"energy": "5.234e-02", "width": "5.0391e+00", "ip": "7.405e-09", "ts": "0", "stretch": "6.6510e+02", "date": "2074-02-05.06", "dist": "1.702", "sigma_lov": "4.43843", "sigma_imp": "0.139", "ps": "-9.39"}, {"energy": "5.391e-02", "width": "1.3873e+00", "ip": "1.216e-06", "ts": "0", "stretch": "5.9539e+02", "date": "2074-02-05.10", "dist": "2.537", "sigma_lov": "3.05727", "sigma_imp": "1.108", "ps": "-7.16"}, {"energy": "5.468e-02", "width": "4.7438e+00", "ip": "8.684e-09", "ts": "0", "stretch": "6.3614e+05", "date": "2074-02-04.84", "dist": "1.712", "sigma_lov": "2.39942", "sigma_imp": "0.150", "ps": "-9.30"}, {"energy": "6.011e-02", "width": "3.1222e+00", "ip": "3.230e-10", "ts": "0", "stretch": "3.2482e+06", "date": "2074-02-04.97", "dist": "8.158", "sigma_lov": "-1.83679", "sigma_imp": "2.293", "ps": "-10.7"}, {"energy": "6.422e-02", "width": "3.7965e-01", "ip": "7.021e-10", "ts": "0", "stretch": "1.5634e+04", "date": "2072-02-05.62", "dist": "0.391", "sigma_lov": "-4.68665", "sigma_imp": "0.000", "ps": "-10.3"}, {"energy": "5.845e-02", "width": "1.8823e+00", "ip": "4.975e-08", "ts": "0", "stretch": "3.3385e+06", "date": "2070-02-05.19", "dist": "1.441", "sigma_lov": "-0.56917", "sigma_imp": "0.234", "ps": "-8.49"}, {"energy": "5.511e-02", "width": "2.5297e+00", "ip": "3.166e-09", "ts": "0", "stretch": "4.8542e+04", "date": "2069-02-04.81", "dist": "8.095", "sigma_lov": "2.10228", "sigma_imp": "2.805", "ps": "-9.70"}, {"energy": "5.512e-02", "width": "3.2650e+00", "ip": "2.169e-07", "ts": "0", "stretch": "3.3669e+04", "date": "2069-02-04.82", "dist": "4.251", "sigma_lov": "2.09926", "sigma_imp": "0.996", "ps": "-7.86"}, {"energy": "5.991e-02", "width": "6.0412e+00", "ip": "5.821e-09", "ts": "0", "stretch": "9.8851e+05", "date": "2069-02-04.53", "dist": "9.389", "sigma_lov": "-1.71059", "sigma_imp": "1.389", "ps": "-9.40"}, {"energy": "5.480e-02", "width": "2.6207e+00", "ip": "1.967e-08", "ts": "0", "stretch": "5.2242e+05", "date": "2068-02-05.49", "dist": "0.833", "sigma_lov": "2.38930", "sigma_imp": "0.000", "ps": "-8.90"}, {"energy": "6.003e-02", "width": "1.7324e+00", "ip": "3.418e-08", "ts": "0", "stretch": "2.0834e+05", "date": "2068-02-05.34", "dist": "3.749", "sigma_lov": "-1.73315", "sigma_imp": "1.587", "ps": "-8.63"}, {"energy": "5.502e-02", "width": "9.4238e-01", "ip": "5.456e-09", "ts": "0", "stretch": "4.8193e+05", "date": "2064-02-05.55", "dist": "2.511", "sigma_lov": "2.19480", "sigma_imp": "1.603", "ps": "-9.42"}, {"energy": "6.257e-02", "width": "6.7932e+00", "ip": "4.582e-10", "ts": "0", "stretch": "1.5924e+05", "date": "2063-02-05.91", "dist": "7.020", "sigma_lov": "-3.57264", "sigma_imp": "0.886", "ps": "-10.4"}, {"energy": "6.017e-02", "width": "4.8587e+00", "ip": "4.934e-08", "ts": "0", "stretch": "1.2772e+05", "date": "2061-02-04.72", "dist": "7.256", "sigma_lov": "-1.83531", "sigma_imp": "1.288", "ps": "-8.40"}, {"energy": "5.848e-02", "width": "7.3770e-01", "ip": "6.779e-08", "ts": "0", "stretch": "6.7470e+06", "date": "2060-02-05.58", "dist": "0.141", "sigma_lov": "-0.59422", "sigma_imp": "0.000", "ps": "-8.26"}, {"energy": "5.846e-02", "width": "2.3934e-01", "ip": "9.790e-08", "ts": "0", "stretch": "4.3160e+06", "date": "2060-02-05.60", "dist": "0.699", "sigma_lov": "-0.59556", "sigma_imp": "0.000", "ps": "-8.10"}, {"energy": "5.989e-02", "width": "6.3459e+00", "ip": "2.786e-08", "ts": "0", "stretch": "4.7470e+05", "date": "2058-02-04.86", "dist": "5.001", "sigma_lov": "-1.71640", "sigma_imp": "0.630", "ps": "-8.62"}, {"energy": "6.270e-02", "width": "1.3400e+01", "ip": "1.950e-10", "ts": "0", "stretch": "2.2430e+05", "date": "2056-02-06.12", "dist": "8.357", "sigma_lov": "-3.62031", "sigma_imp": "0.549", "ps": "-10.7"}, {"energy": "6.015e-02", "width": "3.2654e+00", "ip": "2.409e-08", "ts": "0", "stretch": "1.0275e+05", "date": "2055-02-04.93", "dist": "7.164", "sigma_lov": "-1.87717", "sigma_imp": "1.888", "ps": "-8.65"}, {"energy": "6.038e-02", "width": "2.4836e+00", "ip": "4.139e-08", "ts": "0", "stretch": "4.2856e+05", "date": "2055-02-04.88", "dist": "1.961", "sigma_lov": "-2.05413", "sigma_imp": "0.387", "ps": "-8.41"}, {"energy": "6.005e-02", "width": "4.9166e+00", "ip": "1.080e-08", "ts": "0", "stretch": "7.3867e+05", "date": "2053-02-04.53", "dist": "6.853", "sigma_lov": "-1.77663", "sigma_imp": "1.191", "ps": "-8.97"}, {"energy": "6.272e-02", "width": "3.9843e+01", "ip": "4.201e-08", "ts": "0", "stretch": "3.4113e+02", "date": "2050-02-05.65", "dist": "11.771", "sigma_lov": "-3.66889", "sigma_imp": "0.270", "ps": "-8.33"}, {"energy": "6.277e-02", "width": "4.8072e+01", "ip": "1.630e-08", "ts": "0", "stretch": "6.0771e+02", "date": "2050-02-05.66", "dist": "14.807", "sigma_lov": "-3.71707", "sigma_imp": "0.287", "ps": "-8.74"}, {"energy": "5.850e-02", "width": "4.0734e-01", "ip": "2.983e-10", "ts": "0", "stretch": "5.4312e+06", "date": "2049-02-04.81", "dist": "2.034", "sigma_lov": "-0.58791", "sigma_imp": "2.539", "ps": "-10.5"}, {"energy": "5.485e-02", "width": "1.8056e+00", "ip": "7.239e-09", "ts": "0", "stretch": "1.2530e+06", "date": "2048-02-05.35", "dist": "1.951", "sigma_lov": "2.38321", "sigma_imp": "0.527", "ps": "-9.12"}, {"energy": "6.012e-02", "width": "3.8165e+00", "ip": "1.448e-08", "ts": "0", "stretch": "2.5087e+05", "date": "2048-02-05.17", "dist": "7.588", "sigma_lov": "-1.80778", "sigma_imp": "1.726", "ps": "-8.78"}, {"energy": "5.995e-02", "width": "2.3909e+00", "ip": "2.591e-10", "ts": "0", "stretch": "2.1445e+05", "date": "2048-02-05.21", "dist": "9.010", "sigma_lov": "-1.67437", "sigma_imp": "3.350", "ps": "-10.5"}, {"energy": "6.047e-02", "width": "1.8971e+00", "ip": "1.682e-09", "ts": "0", "stretch": "2.6184e+06", "date": "2048-02-05.09", "dist": "3.853", "sigma_lov": "-2.06428", "sigma_imp": "1.504", "ps": "-9.71"}, {"energy": "6.041e-02", "width": "1.7334e+00", "ip": "6.493e-08", "ts": "0", "stretch": "1.1744e+04", "date": "2042-02-04.60", "dist": "4.943", "sigma_lov": "-2.06804", "sigma_imp": "2.275", "ps": "-8.03"}, {"energy": "5.478e-02", "width": "1.1625e+00", "ip": "1.943e-07", "ts": "0", "stretch": "1.2032e+04", "date": "2041-02-04.58", "dist": "2.718", "sigma_lov": "2.37725", "sigma_imp": "1.478", "ps": "-7.57"}]}