{"summary": {"energy": "4.221e-04", "darc": ".08144 days", "ip": "1.07215251e-05", "h": "31.41", "nobs": "15", "mass": "7.59e+03", "v_inf": "18.49", "first_obs": "2008-Oct-21.35391", "method": "LOV", "pdate": "2017-04-07 14:44:55", "ndop": "0", "cdate": "2017-04-07 14:44:55", "ps_cum": "-6.41", "diameter": "0.00177616434811126", "ndel": "0", "v_imp": "21.59", "ps_max": "-6.56", "last_obs": "2008-Oct-21.43535", "fullname": "(2008 US)", "n_imp": "30", "ts_max": "0", "nsat": "0", "des": "2008 US"}, "signature": {"source": "NASA/JPL Sentry Data API", "version": "1.1"}, "data": [{"energy": "3.490e-04", "width": "1.6564e+00", "ip": "1.394e-09", "ts": "0", "stretch": "5.9071e+06", "date": "2069-04-17.41", "dist": "3.650", "sigma_lov": "-1.63327", "sigma_imp": "1.600", "ps": "-11.8"}, {"energy": "4.379e-04", "width": "1.6099e+00", "ip": "1.669e-10", "ts": "0", "stretch": "5.4911e+06", "date": "2061-04-17.48", "dist": "5.700", "sigma_lov": "0.28813", "sigma_imp": "2.920", "ps": "-12.6"}, {"energy": "4.574e-04", "width": "1.6201e+00", "ip": "1.271e-09", "ts": "0", "stretch": "3.7962e+05", "date": "2046-04-17.83", "dist": "5.957", "sigma_lov": "0.65829", "sigma_imp": "3.060", "ps": "-11.5"}, {"energy": "3.551e-04", "width": "2.5142e-01", "ip": "5.820e-09", "ts": "0", "stretch": "4.0335e+07", "date": "2044-10-20.75", "dist": "0.377", "sigma_lov": "-1.48069", "sigma_imp": "0.000", "ps": "-10.9"}, {"energy": "4.587e-04", "width": "1.6321e+00", "ip": "4.080e-07", "ts": "0", "stretch": "5.6754e+05", "date": "2044-04-17.21", "dist": "0.300", "sigma_lov": "0.66150", "sigma_imp": "0.000", "ps": "-8.97"}, {"energy": "4.584e-04", "width": "1.6402e+00", "ip": "1.673e-07", "ts": "0", "stretch": "1.3724e+06", "date": "2042-04-17.68", "dist": "0.325", "sigma_lov": "0.66318", "sigma_imp": "0.000", "ps": "-9.32"}, {"energy": "4.576e-04", "width": "1.6484e+00", "ip": "9.703e-08", "ts": "0", "stretch": "2.3510e+06", "date": "2040-04-17.17", "dist": "0.351", "sigma_lov": "0.66387", "sigma_imp": "0.000", "ps": "-9.52"}, {"energy": "3.850e-04", "width": "1.5993e+00", "ip": "2.114e-09", "ts": "0", "stretch": "3.4217e+06", "date": "2036-04-17.36", "dist": "4.379", "sigma_lov": "-0.77603", "sigma_imp": "2.113", "ps": "-11.2"}, {"energy": "3.467e-04", "width": "1.8378e+00", "ip": "1.811e-09", "ts": "0", "stretch": "6.4678e+05", "date": "2035-04-18.05", "dist": "5.393", "sigma_lov": "-1.67288", "sigma_imp": "2.390", "ps": "-11.2"}, {"energy": "3.026e-04", "width": "1.5584e+00", "ip": "8.351e-09", "ts": "0", "stretch": "4.9392e+05", "date": "2032-04-17.53", "dist": "0.765", "sigma_lov": "-2.89670", "sigma_imp": "0.000", "ps": "-10.5"}, {"energy": "3.724e-04", "width": "1.5988e+00", "ip": "1.438e-10", "ts": "0", "stretch": "2.5164e+06", "date": "2032-04-17.32", "dist": "5.865", "sigma_lov": "-1.05903", "sigma_imp": "3.043", "ps": "-12.2"}, {"energy": "3.551e-04", "width": "1.5731e+00", "ip": "3.115e-08", "ts": "0", "stretch": "2.3482e+05", "date": "2028-04-17.57", "dist": "3.785", "sigma_lov": "-1.47983", "sigma_imp": "1.770", "ps": "-9.79"}, {"energy": "5.581e-04", "width": "1.7224e+00", "ip": "1.822e-10", "ts": "0", "stretch": "2.0913e+06", "date": "2028-04-17.39", "dist": "5.140", "sigma_lov": "2.22846", "sigma_imp": "2.404", "ps": "-11.9"}, {"energy": "4.461e-04", "width": "1.6226e+00", "ip": "8.379e-07", "ts": "0", "stretch": "1.0575e+05", "date": "2026-04-18.00", "dist": "2.525", "sigma_lov": "0.43952", "sigma_imp": "0.940", "ps": "-8.19"}, {"energy": "4.445e-04", "width": "1.6199e+00", "ip": "1.243e-08", "ts": "0", "stretch": "5.2964e+06", "date": "2026-04-18.00", "dist": "2.856", "sigma_lov": "0.40746", "sigma_imp": "1.146", "ps": "-10.0"}, {"energy": "2.921e-04", "width": "1.4688e+00", "ip": "8.926e-10", "ts": "0", "stretch": "6.2232e+04", "date": "2025-04-18.00", "dist": "4.075", "sigma_lov": "-3.22902", "sigma_imp": "2.093", "ps": "-11.3"}, {"energy": "3.890e-04", "width": "1.5712e+00", "ip": "3.062e-07", "ts": "0", "stretch": "8.0187e+04", "date": "2025-04-17.88", "dist": "3.515", "sigma_lov": "-0.69602", "sigma_imp": "1.601", "ps": "-8.62"}, {"energy": "5.071e-04", "width": "1.6592e+00", "ip": "1.914e-07", "ts": "0", "stretch": "1.2428e+05", "date": "2025-04-17.83", "dist": "2.913", "sigma_lov": "1.47295", "sigma_imp": "1.153", "ps": "-8.74"}, {"energy": "4.430e-04", "width": "1.6244e+00", "ip": "2.561e-07", "ts": "0", "stretch": "9.3389e+04", "date": "2024-04-17.61", "dist": "3.745", "sigma_lov": "0.40674", "sigma_imp": "1.690", "ps": "-8.60"}, {"energy": "3.794e-04", "width": "1.5581e+00", "ip": "2.918e-08", "ts": "0", "stretch": "8.3614e+04", "date": "2023-04-18.47", "dist": "4.863", "sigma_lov": "-0.89933", "sigma_imp": "2.479", "ps": "-9.53"}, {"energy": "4.392e-04", "width": "1.5982e+00", "ip": "5.043e-10", "ts": "0", "stretch": "1.0783e+07", "date": "2022-04-18.11", "dist": "4.705", "sigma_lov": "0.32494", "sigma_imp": "2.318", "ps": "-11.2"}, {"energy": "4.416e-04", "width": "1.6267e+00", "ip": "5.074e-08", "ts": "0", "stretch": "9.5694e+04", "date": "2022-04-18.10", "dist": "4.830", "sigma_lov": "0.36898", "sigma_imp": "2.355", "ps": "-9.16"}, {"energy": "3.680e-04", "width": "1.5527e+00", "ip": "7.165e-07", "ts": "0", "stretch": "7.1120e+04", "date": "2021-04-17.91", "dist": "2.444", "sigma_lov": "-1.16086", "sigma_imp": "0.930", "ps": "-7.97"}, {"energy": "5.221e-04", "width": "1.6682e+00", "ip": "2.009e-08", "ts": "0", "stretch": "1.0766e+05", "date": "2021-04-17.83", "dist": "4.555", "sigma_lov": "1.71202", "sigma_imp": "2.131", "ps": "-9.41"}, {"energy": "2.947e-04", "width": "1.4723e+00", "ip": "3.743e-10", "ts": "0", "stretch": "7.5534e+04", "date": "2020-04-17.70", "dist": "4.596", "sigma_lov": "-3.14870", "sigma_imp": "2.443", "ps": "-11.2"}, {"energy": "4.397e-04", "width": "1.6090e+00", "ip": "1.876e-06", "ts": "0", "stretch": "1.0210e+05", "date": "2020-04-17.55", "dist": "1.479", "sigma_lov": "0.32448", "sigma_imp": "0.298", "ps": "-7.37"}, {"energy": "4.359e-04", "width": "1.6086e+00", "ip": "3.186e-08", "ts": "0", "stretch": "8.8019e+06", "date": "2020-04-17.55", "dist": "0.366", "sigma_lov": "0.25379", "sigma_imp": "0.000", "ps": "-9.14"}, {"energy": "3.428e-04", "width": "1.5251e+00", "ip": "2.262e-08", "ts": "0", "stretch": "2.1731e+06", "date": "2019-04-18.38", "dist": "1.164", "sigma_lov": "-1.77964", "sigma_imp": "0.108", "ps": "-9.20"}, {"energy": "3.528e-04", "width": "1.5367e+00", "ip": "1.448e-06", "ts": "0", "stretch": "5.5561e+04", "date": "2019-04-18.38", "dist": "0.978", "sigma_lov": "-1.52553", "sigma_imp": "0.000", "ps": "-7.39"}, {"energy": "4.349e-04", "width": "1.6101e+00", "ip": "4.196e-06", "ts": "0", "stretch": "5.9191e+04", "date": "2018-04-18.08", "dist": "0.908", "sigma_lov": "0.25313", "sigma_imp": "0.000", "ps": "-6.56"}]}