{"summary": {"energy": "2.368e-01", "darc": "2.6974 days", "ip": "0.00019402349", "h": "26.16", "nobs": "16", "mass": "1.06e+07", "v_inf": "7.91", "first_obs": "2008-Mar-12.43046", "method": "LOV", "pdate": "2017-04-09 18:28:42", "ndop": "0", "cdate": "2017-04-09 18:28:42", "ps_cum": "-4.44", "diameter": "0.02", "ndel": "0", "v_imp": "13.66", "ps_max": "-4.75", "last_obs": "2008-Mar-15.12783", "fullname": "(2008 EZ84)", "n_imp": "9", "ts_max": "0", "nsat": "0", "des": "2008 EZ84"}, "signature": {"source": "NASA/JPL Sentry Data API", "version": "1.1"}, "data": [{"energy": "2.415e-01", "width": "4.2829e-01", "ip": "2.920e-09", "ts": "0", "stretch": "1.2843e+05", "date": "2115-03-11.42", "dist": "2.276", "sigma_lov": "0.72079", "sigma_imp": "2.979", "ps": "-9.50"}, {"energy": "2.396e-01", "width": "1.2571e-01", "ip": "3.893e-08", "ts": "0", "stretch": "1.9728e+07", "date": "2114-03-11.10", "dist": "0.127", "sigma_lov": "0.21407", "sigma_imp": "0.000", "ps": "-8.37"}, {"energy": "2.426e-01", "width": "3.7656e-01", "ip": "1.401e-06", "ts": "0", "stretch": "3.0741e+05", "date": "2114-03-11.15", "dist": "0.309", "sigma_lov": "0.95648", "sigma_imp": "0.000", "ps": "-6.81"}, {"energy": "2.364e-01", "width": "3.4695e-02", "ip": "1.318e-06", "ts": "0", "stretch": "4.8918e+05", "date": "2105-03-10.90", "dist": "0.046", "sigma_lov": "-0.65054", "sigma_imp": "0.000", "ps": "-6.80"}, {"energy": "2.375e-01", "width": "7.0211e-01", "ip": "2.143e-06", "ts": "0", "stretch": "2.5984e+05", "date": "2098-09-12.35", "dist": "0.177", "sigma_lov": "0.07193", "sigma_imp": "0.000", "ps": "-6.56"}, {"energy": "2.337e-01", "width": "1.5909e-01", "ip": "8.264e-08", "ts": "0", "stretch": "1.5809e+06", "date": "2097-03-09.92", "dist": "0.858", "sigma_lov": "-1.41965", "sigma_imp": "0.000", "ps": "-7.97"}, {"energy": "2.340e-01", "width": "2.2608e-01", "ip": "2.070e-07", "ts": "0", "stretch": "1.4764e+06", "date": "2095-03-10.41", "dist": "0.179", "sigma_lov": "-1.35217", "sigma_imp": "0.000", "ps": "-7.56"}, {"energy": "2.356e-01", "width": "2.1597e-03", "ip": "9.539e-05", "ts": "0", "stretch": "5.2121e+03", "date": "2073-03-09.99", "dist": "0.408", "sigma_lov": "-0.87381", "sigma_imp": "0.000", "ps": "-4.75"}, {"energy": "2.379e-01", "width": "1.2362e-02", "ip": "9.344e-05", "ts": "0", "stretch": "7.2387e+03", "date": "2072-03-09.75", "dist": "0.472", "sigma_lov": "-0.27852", "sigma_imp": "0.000", "ps": "-4.75"}]}