{"summary": {"energy": "8.047e-01", "darc": "4.0954 days", "ip": "9.812818e-05", "h": "25.31", "nobs": "29", "mass": "3.47e+07", "v_inf": "8.41", "first_obs": "2008-May-05.35106", "method": "LOV", "pdate": "2017-04-13 06:44:37", "ndop": "0", "cdate": "2017-04-13 06:44:37", "ps_cum": "-3.61", "diameter": "0.0290168341041279", "ndel": "0", "v_imp": "13.96", "ps_max": "-3.62", "last_obs": "2008-May-09.44647", "fullname": "(2008 JL3)", "n_imp": "28", "ts_max": "0", "nsat": "0", "des": "2008 JL3"}, "signature": {"source": "NASA/JPL Sentry Data API", "version": "1.1"}, "data": [{"energy": "7.993e-01", "width": "0.0000e+00", "ip": "3.193e-07", "ts": "0", "stretch": "1.9122e+06", "date": "2113-05-01.41", "dist": "0.381", "sigma_lov": "-0.61470", "sigma_imp": "0.000", "ps": "-7.03"}, {"energy": "7.702e-01", "width": "6.7240e-03", "ip": "6.739e-08", "ts": "0", "stretch": "1.4487e+05", "date": "2112-04-28.35", "dist": "0.651", "sigma_lov": "-2.87343", "sigma_imp": "0.000", "ps": "-7.72"}, {"energy": "7.730e-01", "width": "7.3494e-03", "ip": "2.080e-07", "ts": "0", "stretch": "1.2550e+06", "date": "2112-04-28.37", "dist": "0.253", "sigma_lov": "-1.47270", "sigma_imp": "0.000", "ps": "-7.23"}, {"energy": "8.141e-01", "width": "3.0666e-03", "ip": "4.437e-07", "ts": "0", "stretch": "3.2830e+05", "date": "2110-05-02.94", "dist": "0.657", "sigma_lov": "1.68447", "sigma_imp": "0.000", "ps": "-6.87"}, {"energy": "8.160e-01", "width": "3.4198e-03", "ip": "2.080e-07", "ts": "0", "stretch": "1.8447e+05", "date": "2110-05-02.85", "dist": "0.505", "sigma_lov": "2.40333", "sigma_imp": "0.000", "ps": "-7.20"}, {"energy": "8.068e-01", "width": "4.3921e-03", "ip": "1.193e-07", "ts": "0", "stretch": "1.1038e+06", "date": "2110-05-02.45", "dist": "0.968", "sigma_lov": "0.91637", "sigma_imp": "0.000", "ps": "-7.44"}, {"energy": "7.695e-01", "width": "6.5145e-03", "ip": "5.014e-07", "ts": "0", "stretch": "4.7965e+05", "date": "2109-04-27.98", "dist": "0.572", "sigma_lov": "-1.41512", "sigma_imp": "0.000", "ps": "-6.83"}, {"energy": "7.768e-01", "width": "9.6226e-03", "ip": "2.354e-07", "ts": "0", "stretch": "1.5574e+06", "date": "2103-04-28.40", "dist": "0.434", "sigma_lov": "1.16043", "sigma_imp": "0.000", "ps": "-7.13"}, {"energy": "7.756e-01", "width": "6.9445e-03", "ip": "1.952e-06", "ts": "0", "stretch": "2.6273e+05", "date": "2100-04-27.88", "dist": "0.689", "sigma_lov": "-0.48861", "sigma_imp": "0.000", "ps": "-6.19"}, {"energy": "7.785e-01", "width": "4.8113e-03", "ip": "3.205e-07", "ts": "0", "stretch": "1.4359e+06", "date": "2100-04-27.77", "dist": "0.788", "sigma_lov": "0.36062", "sigma_imp": "0.000", "ps": "-6.98"}, {"energy": "7.759e-01", "width": "6.8042e-03", "ip": "6.330e-07", "ts": "0", "stretch": "1.0415e+06", "date": "2100-04-27.91", "dist": "0.245", "sigma_lov": "-0.56549", "sigma_imp": "0.000", "ps": "-6.68"}, {"energy": "7.954e-01", "width": "1.6257e-02", "ip": "2.404e-07", "ts": "0", "stretch": "7.0953e+05", "date": "2094-04-29.42", "dist": "0.128", "sigma_lov": "1.75190", "sigma_imp": "0.000", "ps": "-7.06"}, {"energy": "8.002e-01", "width": "0.0000e+00", "ip": "3.339e-07", "ts": "0", "stretch": "1.5473e+06", "date": "2090-05-01.26", "dist": "0.221", "sigma_lov": "-0.90532", "sigma_imp": "0.000", "ps": "-6.89"}, {"energy": "7.954e-01", "width": "2.1049e-03", "ip": "1.790e-08", "ts": "0", "stretch": "1.1867e+05", "date": "2090-05-01.89", "dist": "0.829", "sigma_lov": "-3.27022", "sigma_imp": "0.000", "ps": "-8.17"}, {"energy": "7.972e-01", "width": "1.8699e-03", "ip": "1.826e-07", "ts": "0", "stretch": "2.3667e+05", "date": "2090-05-01.51", "dist": "0.420", "sigma_lov": "-2.37447", "sigma_imp": "0.000", "ps": "-7.16"}, {"energy": "8.004e-01", "width": "2.4056e-03", "ip": "3.171e-07", "ts": "0", "stretch": "5.5907e+05", "date": "2090-05-01.47", "dist": "0.945", "sigma_lov": "-0.87674", "sigma_imp": "0.000", "ps": "-6.92"}, {"energy": "7.962e-01", "width": "2.8209e-03", "ip": "2.778e-08", "ts": "0", "stretch": "2.4695e+05", "date": "2090-05-01.88", "dist": "0.044", "sigma_lov": "-3.08414", "sigma_imp": "0.000", "ps": "-7.98"}, {"energy": "8.105e-01", "width": "1.3889e-03", "ip": "2.365e-07", "ts": "0", "stretch": "8.1532e+05", "date": "2075-05-02.11", "dist": "0.955", "sigma_lov": "0.64005", "sigma_imp": "0.000", "ps": "-6.94"}, {"energy": "7.919e-01", "width": "3.1057e-03", "ip": "1.066e-06", "ts": "0", "stretch": "2.1296e+05", "date": "2071-04-30.37", "dist": "0.146", "sigma_lov": "-1.57887", "sigma_imp": "0.000", "ps": "-6.26"}, {"energy": "7.924e-01", "width": "4.9335e-03", "ip": "1.781e-08", "ts": "0", "stretch": "2.2265e+03", "date": "2030-04-30.77", "dist": "0.827", "sigma_lov": "-4.32080", "sigma_imp": "0.000", "ps": "-7.42"}, {"energy": "8.064e-01", "width": "3.8680e-03", "ip": "8.538e-05", "ts": "0", "stretch": "2.0777e+03", "date": "2027-05-01.38", "dist": "0.951", "sigma_lov": "-0.80615", "sigma_imp": "0.000", "ps": "-3.62"}, {"energy": "8.215e-01", "width": "3.5116e-03", "ip": "8.430e-08", "ts": "0", "stretch": "1.8116e+03", "date": "2024-04-30.69", "dist": "0.937", "sigma_lov": "3.87550", "sigma_imp": "0.000", "ps": "-6.47"}, {"energy": "7.927e-01", "width": "2.6215e-03", "ip": "2.423e-06", "ts": "0", "stretch": "1.5880e+05", "date": "2116-04-30.15", "dist": "0.852", "sigma_lov": "0.40863", "sigma_imp": "0.000", "ps": "-6.17"}, {"energy": "7.999e-01", "width": "4.1667e-03", "ip": "1.035e-07", "ts": "0", "stretch": "8.7420e+05", "date": "2116-04-30.37", "dist": "0.436", "sigma_lov": "2.03578", "sigma_imp": "0.000", "ps": "-7.54"}, {"energy": "8.056e-01", "width": "2.7778e-03", "ip": "2.823e-07", "ts": "0", "stretch": "1.1748e+06", "date": "2113-05-02.28", "dist": "0.670", "sigma_lov": "1.07757", "sigma_imp": "0.000", "ps": "-7.08"}, {"energy": "8.133e-01", "width": "2.1351e-03", "ip": "4.109e-07", "ts": "0", "stretch": "4.8337e+04", "date": "2113-05-02.44", "dist": "0.445", "sigma_lov": "2.67716", "sigma_imp": "0.000", "ps": "-6.92"}, {"energy": "8.126e-01", "width": "3.1057e-03", "ip": "8.452e-07", "ts": "0", "stretch": "4.0350e+04", "date": "2113-05-02.39", "dist": "0.178", "sigma_lov": "2.50482", "sigma_imp": "0.000", "ps": "-6.60"}, {"energy": "8.075e-01", "width": "3.4198e-03", "ip": "1.151e-06", "ts": "0", "stretch": "1.9677e+05", "date": "2113-05-01.84", "dist": "0.657", "sigma_lov": "1.39803", "sigma_imp": "0.000", "ps": "-6.47"}]}