{"summary": {"energy": "6.450e-01", "darc": "27.997 days", "ip": "4.756e-07", "h": "25.56", "nobs": "44", "mass": "2.43e+07", "v_inf": "9.93", "first_obs": "2008-Dec-06.2616", "method": "LOV", "pdate": "2017-04-10 08:06:41", "ndop": "0", "cdate": "2017-04-10 08:06:41", "ps_cum": "-6.31", "diameter": "2.6e-02", "ndel": "0", "v_imp": "14.92", "ps_max": "-6.31", "last_obs": "2009-Jan-03.258608", "fullname": "(2008 XU2)", "n_imp": "1", "ts_max": "0", "nsat": "0", "des": "2008 XU2"}, "signature": {"source": "NASA/JPL Sentry Data API", "version": "1.1"}, "data": [{"energy": "6.450e-01", "width": "6.8042e-03", "ip": "4.756e-07", "ts": "0", "stretch": "6.9929e+05", "date": "2039-11-25.06", "dist": "0.527", "sigma_lov": "1.19599", "sigma_imp": "0.000", "ps": "-6.31"}]}