{"summary": {"energy": "2.803e+00", "darc": ".11968 days", "ip": "5.47625e-08", "h": "24.84", "nobs": "11", "mass": "6.60e+07", "v_inf": "15.25", "first_obs": "2008-Oct-28.2208", "method": "LOV", "pdate": "2017-04-07 08:58:32", "ndop": "0", "cdate": "2017-04-07 08:58:32", "ps_cum": "-6.34", "diameter": "0.0363672622688884", "ndel": "0", "v_imp": "18.89", "ps_max": "-6.63", "last_obs": "2008-Oct-28.34048", "fullname": "(2008 UY91)", "n_imp": "49", "ts_max": "0", "nsat": "0", "des": "2008 UY91"}, "signature": {"source": "NASA/JPL Sentry Data API", "version": "1.1"}, "data": [{"energy": "2.799e+00", "width": "1.0044e+02", "ip": "7.623e-10", "ts": "0", "stretch": "5.0421e+06", "date": "2116-04-25.22", "dist": "19.106", "sigma_lov": "0.69317", "sigma_imp": "0.180", "ps": "-9.23"}, {"energy": "2.901e+00", "width": "1.1680e+02", "ip": "1.375e-10", "ts": "0", "stretch": "1.5112e+07", "date": "2098-04-24.33", "dist": "116.095", "sigma_lov": "0.67554", "sigma_imp": "0.985", "ps": "-9.88"}, {"energy": "2.953e+00", "width": "1.2608e+02", "ip": "3.264e-10", "ts": "0", "stretch": "4.2939e+06", "date": "2096-04-23.65", "dist": "161.186", "sigma_lov": "0.66749", "sigma_imp": "1.270", "ps": "-9.49"}, {"energy": "2.869e+00", "width": "1.0326e+02", "ip": "1.242e-10", "ts": "0", "stretch": "2.1113e+07", "date": "2091-04-24.67", "dist": "90.148", "sigma_lov": "0.68129", "sigma_imp": "0.863", "ps": "-9.89"}, {"energy": "2.890e+00", "width": "1.0087e+02", "ip": "2.200e-10", "ts": "0", "stretch": "9.8327e+06", "date": "2086-04-24.33", "dist": "110.422", "sigma_lov": "0.67760", "sigma_imp": "1.085", "ps": "-9.61"}, {"energy": "2.874e+00", "width": "9.5976e+01", "ip": "1.478e-09", "ts": "0", "stretch": "1.6960e+06", "date": "2082-04-24.38", "dist": "95.989", "sigma_lov": "0.68021", "sigma_imp": "0.990", "ps": "-8.75"}, {"energy": "3.000e+00", "width": "1.4545e+02", "ip": "7.173e-10", "ts": "0", "stretch": "1.5178e+06", "date": "2082-04-23.98", "dist": "198.566", "sigma_lov": "0.65971", "sigma_imp": "1.358", "ps": "-9.05"}, {"energy": "2.999e+00", "width": "1.4556e+02", "ip": "6.592e-10", "ts": "0", "stretch": "1.6518e+06", "date": "2082-04-23.98", "dist": "198.626", "sigma_lov": "0.65980", "sigma_imp": "1.358", "ps": "-9.09"}, {"energy": "2.999e+00", "width": "1.4516e+02", "ip": "1.624e-10", "ts": "0", "stretch": "6.6864e+06", "date": "2082-04-23.98", "dist": "198.663", "sigma_lov": "0.65987", "sigma_imp": "1.362", "ps": "-9.70"}, {"energy": "2.834e+00", "width": "7.4575e+01", "ip": "6.375e-10", "ts": "0", "stretch": "5.9624e+06", "date": "2075-04-24.75", "dist": "60.671", "sigma_lov": "0.68730", "sigma_imp": "0.800", "ps": "-9.07"}, {"energy": "2.746e+00", "width": "5.6794e+01", "ip": "1.726e-09", "ts": "0", "stretch": "3.7204e+06", "date": "2073-04-24.56", "dist": "21.050", "sigma_lov": "0.70242", "sigma_imp": "0.353", "ps": "-8.64"}, {"energy": "2.880e+00", "width": "1.1019e+02", "ip": "9.615e-10", "ts": "0", "stretch": "2.4275e+06", "date": "2069-04-24.08", "dist": "102.633", "sigma_lov": "0.67924", "sigma_imp": "0.922", "ps": "-8.84"}, {"energy": "2.880e+00", "width": "1.0701e+02", "ip": "4.230e-10", "ts": "0", "stretch": "5.5733e+06", "date": "2069-04-24.08", "dist": "101.852", "sigma_lov": "0.67958", "sigma_imp": "0.942", "ps": "-9.20"}, {"energy": "2.709e+00", "width": "6.3443e+01", "ip": "2.020e-09", "ts": "0", "stretch": "2.1380e+06", "date": "2065-04-24.67", "dist": "53.063", "sigma_lov": "0.70899", "sigma_imp": "0.821", "ps": "-8.51"}, {"energy": "2.711e+00", "width": "5.7392e+01", "ip": "5.241e-10", "ts": "0", "stretch": "8.7639e+06", "date": "2065-04-24.66", "dist": "50.614", "sigma_lov": "0.70845", "sigma_imp": "0.864", "ps": "-9.09"}, {"energy": "2.946e+00", "width": "1.2930e+02", "ip": "5.175e-10", "ts": "0", "stretch": "2.6765e+06", "date": "2063-04-24.35", "dist": "163.871", "sigma_lov": "0.66832", "sigma_imp": "1.260", "ps": "-9.05"}, {"energy": "2.858e+00", "width": "1.0208e+02", "ip": "9.353e-10", "ts": "0", "stretch": "2.8657e+06", "date": "2061-04-24.14", "dist": "87.736", "sigma_lov": "0.68304", "sigma_imp": "0.850", "ps": "-8.79"}, {"energy": "2.861e+00", "width": "9.9056e+01", "ip": "2.161e-10", "ts": "0", "stretch": "1.2306e+07", "date": "2061-04-24.13", "dist": "89.442", "sigma_lov": "0.68255", "sigma_imp": "0.893", "ps": "-9.42"}, {"energy": "2.990e+00", "width": "1.3656e+02", "ip": "2.574e-10", "ts": "0", "stretch": "3.9875e+06", "date": "2058-04-23.95", "dist": "198.122", "sigma_lov": "0.66163", "sigma_imp": "1.444", "ps": "-9.30"}, {"energy": "2.663e+00", "width": "4.7228e+01", "ip": "3.772e-10", "ts": "0", "stretch": "2.6187e+06", "date": "2057-04-24.81", "dist": "97.120", "sigma_lov": "0.71745", "sigma_imp": "2.035", "ps": "-9.16"}, {"energy": "2.935e+00", "width": "1.2202e+02", "ip": "5.287e-10", "ts": "0", "stretch": "2.5977e+06", "date": "2055-04-24.35", "dist": "160.811", "sigma_lov": "0.67003", "sigma_imp": "1.310", "ps": "-8.96"}, {"energy": "2.783e+00", "width": "7.7453e+01", "ip": "1.980e-09", "ts": "0", "stretch": "2.3823e+06", "date": "2054-04-24.60", "dist": "29.232", "sigma_lov": "0.69563", "sigma_imp": "0.365", "ps": "-8.39"}, {"energy": "2.875e+00", "width": "1.0446e+02", "ip": "7.115e-10", "ts": "0", "stretch": "3.1855e+06", "date": "2052-04-23.80", "dist": "106.137", "sigma_lov": "0.67981", "sigma_imp": "1.006", "ps": "-8.80"}, {"energy": "2.714e+00", "width": "5.9019e+01", "ip": "1.738e-09", "ts": "0", "stretch": "2.7862e+06", "date": "2051-04-25.12", "dist": "46.343", "sigma_lov": "0.70826", "sigma_imp": "0.768", "ps": "-8.42"}, {"energy": "2.982e+00", "width": "1.3255e+02", "ip": "2.742e-10", "ts": "0", "stretch": "3.6822e+06", "date": "2050-04-23.95", "dist": "196.439", "sigma_lov": "0.66275", "sigma_imp": "1.474", "ps": "-9.18"}, {"energy": "2.804e+00", "width": "7.9156e+01", "ip": "5.475e-10", "ts": "0", "stretch": "7.7528e+06", "date": "2049-04-24.28", "dist": "44.467", "sigma_lov": "0.69201", "sigma_imp": "0.549", "ps": "-8.89"}, {"energy": "2.807e+00", "width": "8.6410e+01", "ip": "1.482e-09", "ts": "0", "stretch": "2.6399e+06", "date": "2049-04-24.27", "dist": "47.610", "sigma_lov": "0.69130", "sigma_imp": "0.539", "ps": "-8.45"}, {"energy": "2.862e+00", "width": "9.9682e+01", "ip": "8.040e-10", "ts": "0", "stretch": "3.0741e+06", "date": "2048-04-23.83", "dist": "97.117", "sigma_lov": "0.68240", "sigma_imp": "0.964", "ps": "-8.70"}, {"energy": "2.975e+00", "width": "1.3049e+02", "ip": "2.965e-10", "ts": "0", "stretch": "3.4491e+06", "date": "2046-04-23.95", "dist": "193.587", "sigma_lov": "0.66350", "sigma_imp": "1.476", "ps": "-9.09"}, {"energy": "2.734e+00", "width": "6.5103e+01", "ip": "2.549e-09", "ts": "0", "stretch": "2.1862e+06", "date": "2046-04-24.78", "dist": "24.793", "sigma_lov": "0.70434", "sigma_imp": "0.365", "ps": "-8.18"}, {"energy": "2.788e+00", "width": "7.6259e+01", "ip": "1.735e-09", "ts": "0", "stretch": "2.7505e+06", "date": "2045-04-24.33", "dist": "29.631", "sigma_lov": "0.69512", "sigma_imp": "0.375", "ps": "-8.33"}, {"energy": "2.902e+00", "width": "1.1027e+02", "ip": "5.713e-10", "ts": "0", "stretch": "2.9544e+06", "date": "2043-04-24.43", "dist": "135.934", "sigma_lov": "0.67532", "sigma_imp": "1.224", "ps": "-8.77"}, {"energy": "2.971e+00", "width": "1.2682e+02", "ip": "3.131e-10", "ts": "0", "stretch": "3.1659e+06", "date": "2042-04-23.96", "dist": "193.129", "sigma_lov": "0.66441", "sigma_imp": "1.515", "ps": "-9.00"}, {"energy": "2.757e+00", "width": "6.9566e+01", "ip": "2.583e-09", "ts": "0", "stretch": "2.1694e+06", "date": "2041-04-24.46", "dist": "5.780", "sigma_lov": "0.70033", "sigma_imp": "0.069", "ps": "-8.09"}, {"energy": "2.822e+00", "width": "8.5659e+01", "ip": "1.457e-09", "ts": "0", "stretch": "2.4126e+06", "date": "2040-04-23.94", "dist": "62.917", "sigma_lov": "0.68895", "sigma_imp": "0.723", "ps": "-8.32"}, {"energy": "2.658e+00", "width": "3.8889e+01", "ip": "2.292e-10", "ts": "0", "stretch": "2.3215e+06", "date": "2038-04-25.03", "dist": "94.093", "sigma_lov": "0.71833", "sigma_imp": "2.394", "ps": "-9.10"}, {"energy": "2.961e+00", "width": "1.2433e+02", "ip": "3.669e-10", "ts": "0", "stretch": "2.8192e+06", "date": "2038-04-23.97", "dist": "187.412", "sigma_lov": "0.66558", "sigma_imp": "1.499", "ps": "-8.86"}, {"energy": "2.722e+00", "width": "5.7064e+01", "ip": "2.396e-09", "ts": "0", "stretch": "2.3839e+06", "date": "2037-04-24.56", "dist": "34.029", "sigma_lov": "0.70688", "sigma_imp": "0.579", "ps": "-8.05"}, {"energy": "2.792e+00", "width": "7.5055e+01", "ip": "1.905e-09", "ts": "0", "stretch": "2.3951e+06", "date": "2036-04-24.03", "dist": "39.294", "sigma_lov": "0.69420", "sigma_imp": "0.510", "ps": "-8.12"}, {"energy": "2.867e+00", "width": "9.6985e+01", "ip": "9.194e-10", "ts": "0", "stretch": "2.4108e+06", "date": "2035-04-24.51", "dist": "107.286", "sigma_lov": "0.68109", "sigma_imp": "1.096", "ps": "-8.40"}, {"energy": "2.956e+00", "width": "1.1989e+02", "ip": "4.376e-10", "ts": "0", "stretch": "2.5015e+06", "date": "2034-04-23.99", "dist": "179.014", "sigma_lov": "0.66713", "sigma_imp": "1.485", "ps": "-8.69"}, {"energy": "2.677e+00", "width": "4.5430e+01", "ip": "1.294e-09", "ts": "0", "stretch": "1.6780e+06", "date": "2033-04-24.69", "dist": "75.132", "sigma_lov": "0.71493", "sigma_imp": "1.632", "ps": "-8.23"}, {"energy": "2.753e+00", "width": "6.4347e+01", "ip": "3.011e-09", "ts": "0", "stretch": "2.0134e+06", "date": "2032-04-24.18", "dist": "3.979", "sigma_lov": "0.70110", "sigma_imp": "0.046", "ps": "-7.82"}, {"energy": "2.937e+00", "width": "1.1449e+02", "ip": "5.145e-10", "ts": "0", "stretch": "2.1651e+06", "date": "2030-04-24.02", "dist": "173.025", "sigma_lov": "0.66921", "sigma_imp": "1.502", "ps": "-8.51"}, {"energy": "2.802e+00", "width": "7.3906e+01", "ip": "2.472e-09", "ts": "0", "stretch": "1.7314e+06", "date": "2027-04-24.73", "dist": "48.782", "sigma_lov": "0.69233", "sigma_imp": "0.647", "ps": "-7.73"}, {"energy": "2.923e+00", "width": "1.0683e+02", "ip": "7.302e-10", "ts": "0", "stretch": "1.7447e+06", "date": "2026-04-24.07", "dist": "156.640", "sigma_lov": "0.67228", "sigma_imp": "1.457", "ps": "-8.20"}, {"energy": "2.743e+00", "width": "5.4899e+01", "ip": "5.319e-09", "ts": "0", "stretch": "1.3112e+06", "date": "2023-04-24.94", "dist": "10.824", "sigma_lov": "0.70305", "sigma_imp": "0.179", "ps": "-7.18"}, {"energy": "2.889e+00", "width": "9.5825e+01", "ip": "1.251e-09", "ts": "0", "stretch": "1.3388e+06", "date": "2022-04-24.16", "dist": "129.040", "sigma_lov": "0.67726", "sigma_imp": "1.336", "ps": "-7.71"}, {"energy": "2.836e+00", "width": "7.3862e+01", "ip": "3.163e-09", "ts": "0", "stretch": "9.0711e+05", "date": "2018-04-24.34", "dist": "82.392", "sigma_lov": "0.68674", "sigma_imp": "1.102", "ps": "-6.63"}]}