{"summary": {"energy": "4.267e-03", "darc": ".12271 days", "ip": "2.56755e-07", "h": "29.40", "nobs": "8", "mass": "1.21e+05", "v_inf": "13.11", "first_obs": "2008-Mar-11.35979", "method": "LOV", "pdate": "2017-04-07 23:24:31", "ndop": "0", "cdate": "2017-04-07 23:24:31", "ps_cum": "-8.78", "diameter": "0.0045", "ndel": "0", "v_imp": "17.20", "ps_max": "-8.81", "last_obs": "2008-Mar-11.4825", "fullname": "(2008 EF32)", "n_imp": "3", "ts_max": "0", "nsat": "0", "des": "2008 EF32"}, "signature": {"source": "NASA/JPL Sentry Data API", "version": "1.1"}, "data": [{"energy": "4.268e-03", "width": "8.0281e+00", "ip": "1.497e-08", "ts": "0", "stretch": "1.0574e+05", "date": "2083-03-11.31", "dist": "21.783", "sigma_lov": "0.08236", "sigma_imp": "2.589", "ps": "-10.0"}, {"energy": "4.120e-03", "width": "4.5094e+00", "ip": "9.850e-10", "ts": "0", "stretch": "3.2055e+04", "date": "2083-03-11.47", "dist": "17.930", "sigma_lov": "-0.83289", "sigma_imp": "3.754", "ps": "-11.2"}, {"energy": "4.268e-03", "width": "1.1105e+01", "ip": "2.408e-07", "ts": "0", "stretch": "3.2359e+04", "date": "2083-03-11.31", "dist": "20.795", "sigma_lov": "0.08294", "sigma_imp": "1.782", "ps": "-8.81"}]}