{"summary": {"energy": "1.879e+00", "darc": "1.0020 days", "ip": "7.583758e-06", "h": "25.20", "nobs": "26", "mass": "3.98e+07", "v_inf": "16.49", "first_obs": "2008-Dec-21.16512", "method": "LOV", "pdate": "2017-04-09 22:51:43", "ndop": "0", "cdate": "2017-04-09 22:51:43", "ps_cum": "-5.22", "diameter": "0.0309736068846079", "ndel": "0", "v_imp": "19.91", "ps_max": "-5.78", "last_obs": "2008-Dec-22.16708", "fullname": "(2008 YO2)", "n_imp": "29", "ts_max": "0", "nsat": "0", "des": "2008 YO2"}, "signature": {"source": "NASA/JPL Sentry Data API", "version": "1.1"}, "data": [{"energy": "1.868e+00", "width": "4.9066e-02", "ip": "1.124e-07", "ts": "0", "stretch": "4.4067e+06", "date": "2109-12-25.21", "dist": "0.780", "sigma_lov": "-0.02205", "sigma_imp": "0.000", "ps": "-7.18"}, {"energy": "1.891e+00", "width": "1.6419e-02", "ip": "2.237e-07", "ts": "0", "stretch": "1.5770e+06", "date": "2109-12-24.85", "dist": "0.873", "sigma_lov": "-0.43747", "sigma_imp": "0.000", "ps": "-6.87"}, {"energy": "1.922e+00", "width": "2.5137e+00", "ip": "2.956e-08", "ts": "0", "stretch": "3.5456e+06", "date": "2107-12-25.51", "dist": "1.312", "sigma_lov": "-0.98841", "sigma_imp": "0.124", "ps": "-7.74"}, {"energy": "1.878e+00", "width": "1.9708e-02", "ip": "4.429e-07", "ts": "0", "stretch": "7.6114e+05", "date": "2107-12-25.88", "dist": "0.897", "sigma_lov": "-0.28203", "sigma_imp": "0.000", "ps": "-6.57"}, {"energy": "1.782e+00", "width": "6.3324e-01", "ip": "5.462e-08", "ts": "0", "stretch": "1.9274e+06", "date": "2106-12-25.86", "dist": "1.036", "sigma_lov": "1.40468", "sigma_imp": "0.057", "ps": "-7.49"}, {"energy": "1.786e+00", "width": "1.5962e-01", "ip": "9.843e-08", "ts": "0", "stretch": "2.1565e+06", "date": "2106-12-26.05", "dist": "0.732", "sigma_lov": "1.31592", "sigma_imp": "0.000", "ps": "-7.24"}, {"energy": "1.819e+00", "width": "9.9884e-01", "ip": "3.955e-08", "ts": "0", "stretch": "2.0035e+06", "date": "2102-12-25.76", "dist": "1.886", "sigma_lov": "0.79819", "sigma_imp": "0.887", "ps": "-7.61"}, {"energy": "1.812e+00", "width": "3.9139e-01", "ip": "6.702e-08", "ts": "0", "stretch": "6.7191e+06", "date": "2102-12-25.63", "dist": "0.245", "sigma_lov": "0.93005", "sigma_imp": "0.000", "ps": "-7.38"}, {"energy": "1.812e+00", "width": "3.2490e-01", "ip": "1.565e-07", "ts": "0", "stretch": "3.0936e+06", "date": "2102-12-25.71", "dist": "0.112", "sigma_lov": "0.92907", "sigma_imp": "0.000", "ps": "-7.01"}, {"energy": "1.816e+00", "width": "1.8321e-01", "ip": "1.747e-08", "ts": "0", "stretch": "2.7700e+07", "date": "2098-12-25.10", "dist": "0.450", "sigma_lov": "0.84684", "sigma_imp": "0.000", "ps": "-7.94"}, {"energy": "2.162e+00", "width": "3.9786e-01", "ip": "2.856e-09", "ts": "0", "stretch": "8.5079e+03", "date": "2098-12-24.86", "dist": "0.504", "sigma_lov": "-4.48995", "sigma_imp": "0.000", "ps": "-8.67"}, {"energy": "1.932e+00", "width": "9.5575e-02", "ip": "2.029e-07", "ts": "0", "stretch": "1.5636e+06", "date": "2095-12-24.88", "dist": "0.689", "sigma_lov": "-1.07683", "sigma_imp": "0.000", "ps": "-6.84"}, {"energy": "1.865e+00", "width": "5.4959e-02", "ip": "1.881e-10", "ts": "0", "stretch": "3.7623e+05", "date": "2094-12-24.50", "dist": "1.178", "sigma_lov": "-0.02111", "sigma_imp": "3.247", "ps": "-9.88"}, {"energy": "1.879e+00", "width": "3.7171e-02", "ip": "2.946e-07", "ts": "0", "stretch": "2.5802e+06", "date": "2094-12-24.31", "dist": "0.175", "sigma_lov": "-0.25218", "sigma_imp": "0.000", "ps": "-6.68"}, {"energy": "1.888e+00", "width": "6.2616e-02", "ip": "7.129e-08", "ts": "0", "stretch": "4.4555e+06", "date": "2094-12-24.07", "dist": "0.885", "sigma_lov": "-0.44545", "sigma_imp": "0.000", "ps": "-7.29"}, {"energy": "1.935e+00", "width": "2.0090e-01", "ip": "5.697e-07", "ts": "0", "stretch": "7.4433e+05", "date": "2093-12-24.36", "dist": "0.066", "sigma_lov": "-1.10169", "sigma_imp": "0.000", "ps": "-6.38"}, {"energy": "1.876e+00", "width": "8.1507e-02", "ip": "1.418e-06", "ts": "0", "stretch": "5.5997e+05", "date": "2092-12-23.96", "dist": "0.012", "sigma_lov": "-0.04949", "sigma_imp": "0.000", "ps": "-5.99"}, {"energy": "1.994e+00", "width": "1.4016e+00", "ip": "1.544e-08", "ts": "0", "stretch": "3.5427e+05", "date": "2089-12-24.16", "dist": "2.961", "sigma_lov": "-2.06749", "sigma_imp": "1.399", "ps": "-7.91"}, {"energy": "1.829e+00", "width": "3.1809e-02", "ip": "1.712e-07", "ts": "0", "stretch": "3.1300e+06", "date": "2085-12-24.02", "dist": "0.580", "sigma_lov": "0.62114", "sigma_imp": "0.000", "ps": "-6.87"}, {"energy": "1.931e+00", "width": "4.5387e-01", "ip": "2.973e-08", "ts": "0", "stretch": "2.6778e+06", "date": "2084-12-23.93", "dist": "1.261", "sigma_lov": "-1.04966", "sigma_imp": "0.575", "ps": "-7.61"}, {"energy": "1.851e+00", "width": "1.1935e-01", "ip": "1.895e-06", "ts": "0", "stretch": "2.8562e+05", "date": "2079-12-24.77", "dist": "0.699", "sigma_lov": "0.19806", "sigma_imp": "0.000", "ps": "-5.78"}, {"energy": "1.877e+00", "width": "2.1164e-02", "ip": "4.411e-07", "ts": "0", "stretch": "1.2527e+06", "date": "2079-12-24.35", "dist": "0.697", "sigma_lov": "-0.25669", "sigma_imp": "0.000", "ps": "-6.41"}, {"energy": "1.920e+00", "width": "2.9585e+00", "ip": "6.869e-07", "ts": "0", "stretch": "5.6847e+04", "date": "2079-12-24.31", "dist": "4.169", "sigma_lov": "-0.98436", "sigma_imp": "1.071", "ps": "-6.21"}, {"energy": "1.761e+00", "width": "5.3437e-01", "ip": "4.113e-08", "ts": "0", "stretch": "1.0144e+06", "date": "2078-12-24.53", "dist": "1.105", "sigma_lov": "1.85654", "sigma_imp": "0.197", "ps": "-7.46"}, {"energy": "1.993e+00", "width": "8.3497e-01", "ip": "1.420e-08", "ts": "0", "stretch": "1.9722e+06", "date": "2076-12-24.22", "dist": "1.373", "sigma_lov": "-1.96419", "sigma_imp": "0.446", "ps": "-7.86"}, {"energy": "1.937e+00", "width": "2.7619e-01", "ip": "4.784e-07", "ts": "0", "stretch": "2.0929e+05", "date": "2069-12-24.04", "dist": "1.050", "sigma_lov": "-1.10858", "sigma_imp": "0.182", "ps": "-6.29"}, {"energy": "2.005e+00", "width": "3.8780e+00", "ip": "1.389e-10", "ts": "0", "stretch": "2.5476e+05", "date": "2065-12-24.07", "dist": "13.097", "sigma_lov": "-2.27078", "sigma_imp": "3.119", "ps": "-9.78"}, {"energy": "1.758e+00", "width": "8.4580e-01", "ip": "2.503e-09", "ts": "0", "stretch": "3.3335e+06", "date": "2061-12-24.00", "dist": "2.156", "sigma_lov": "1.84826", "sigma_imp": "1.367", "ps": "-8.53"}, {"energy": "1.665e+00", "width": "4.1111e-01", "ip": "6.332e-09", "ts": "0", "stretch": "9.2451e+04", "date": "2052-12-23.91", "dist": "0.616", "sigma_lov": "3.68491", "sigma_imp": "0.000", "ps": "-8.05"}]}