{"summary": {"energy": "9.840e-03", "darc": "4.8371 days", "ip": "5.30798e-06", "h": "28.22", "nobs": "30", "mass": "6.21e+05", "v_inf": "2.99", "first_obs": "2008-May-28.25417", "method": "LOV", "pdate": "2017-04-11 13:43:24", "ndop": "0", "cdate": "2017-04-11 13:43:24", "ps_cum": "-7.34", "diameter": "0.0077", "ndel": "0", "v_imp": "11.54", "ps_max": "-7.52", "last_obs": "2008-Jun-02.09124", "fullname": "(2008 KT)", "n_imp": "9", "ts_max": "0", "nsat": "0", "des": "2008 KT"}, "signature": {"source": "NASA/JPL Sentry Data API", "version": "1.1"}, "data": [{"energy": "9.806e-03", "width": "4.4999e-02", "ip": "3.083e-08", "ts": "0", "stretch": "1.4589e+05", "date": "2106-11-20.68", "dist": "0.374", "sigma_lov": "3.19493", "sigma_imp": "0.000", "ps": "-9.55"}, {"energy": "9.920e-03", "width": "4.8476e-02", "ip": "2.820e-08", "ts": "0", "stretch": "1.3172e+05", "date": "2105-11-20.71", "dist": "0.990", "sigma_lov": "-2.66467", "sigma_imp": "0.000", "ps": "-9.58"}, {"energy": "9.921e-03", "width": "3.0014e-02", "ip": "3.025e-08", "ts": "0", "stretch": "4.8892e+05", "date": "2100-11-20.28", "dist": "0.454", "sigma_lov": "-2.81640", "sigma_imp": "0.000", "ps": "-9.52"}, {"energy": "9.849e-03", "width": "0.0000e+00", "ip": "1.240e-07", "ts": "0", "stretch": "1.0022e+06", "date": "2091-11-19.69", "dist": "0.952", "sigma_lov": "1.26343", "sigma_imp": "0.000", "ps": "-8.86"}, {"energy": "9.836e-03", "width": "1.8464e-02", "ip": "3.600e-06", "ts": "0", "stretch": "3.7994e+04", "date": "2116-11-20.22", "dist": "0.058", "sigma_lov": "1.87774", "sigma_imp": "0.000", "ps": "-7.52"}, {"energy": "9.844e-03", "width": "3.0046e-02", "ip": "3.278e-07", "ts": "0", "stretch": "9.7413e+05", "date": "2106-11-19.91", "dist": "0.216", "sigma_lov": "1.33921", "sigma_imp": "0.000", "ps": "-8.52"}, {"energy": "9.858e-03", "width": "0.0000e+00", "ip": "1.467e-07", "ts": "0", "stretch": "1.7964e+06", "date": "2107-11-19.37", "dist": "0.958", "sigma_lov": "1.27934", "sigma_imp": "0.000", "ps": "-8.87"}, {"energy": "9.847e-03", "width": "5.9932e-02", "ip": "2.750e-07", "ts": "0", "stretch": "6.8791e+05", "date": "2107-11-20.30", "dist": "0.670", "sigma_lov": "1.58814", "sigma_imp": "0.000", "ps": "-8.60"}, {"energy": "9.847e-03", "width": "1.5775e-02", "ip": "7.452e-07", "ts": "0", "stretch": "3.8737e+05", "date": "2112-11-20.08", "dist": "0.236", "sigma_lov": "1.41723", "sigma_imp": "0.000", "ps": "-8.19"}]}