{"summary": {"energy": "4.986e+00", "darc": "37.845 days", "ip": "2.699654e-05", "h": "24.08", "nobs": "114", "mass": "1.87e+08", "v_inf": "9.97", "first_obs": "2008-Sep-24.29993", "method": "LOV", "pdate": "2017-04-12 13:25:48", "ndop": "0", "cdate": "2017-04-12 13:25:48", "ps_cum": "-4.41", "diameter": "0.052", "ndel": "0", "v_imp": "14.95", "ps_max": "-4.83", "last_obs": "2008-Nov-01.14445", "fullname": "(2008 ST7)", "n_imp": "21", "ts_max": "0", "nsat": "0", "des": "2008 ST7"}, "signature": {"source": "NASA/JPL Sentry Data API", "version": "1.1"}, "data": [{"energy": "4.993e+00", "width": "0.0000e+00", "ip": "1.380e-07", "ts": "0", "stretch": "3.1763e+06", "date": "2112-09-10.51", "dist": "0.760", "sigma_lov": "0.58087", "sigma_imp": "0.000", "ps": "-6.76"}, {"energy": "4.997e+00", "width": "0.0000e+00", "ip": "2.397e-08", "ts": "0", "stretch": "3.1313e+06", "date": "2108-09-10.20", "dist": "0.126", "sigma_lov": "2.17134", "sigma_imp": "0.000", "ps": "-7.50"}, {"energy": "4.995e+00", "width": "5.9739e-03", "ip": "2.633e-06", "ts": "0", "stretch": "1.0290e+05", "date": "2105-09-10.81", "dist": "0.735", "sigma_lov": "1.17718", "sigma_imp": "0.000", "ps": "-5.44"}, {"energy": "4.972e+00", "width": "3.9270e-03", "ip": "8.909e-06", "ts": "0", "stretch": "1.4942e+04", "date": "2105-09-10.67", "dist": "0.464", "sigma_lov": "-1.82763", "sigma_imp": "0.000", "ps": "-4.92"}, {"energy": "4.983e+00", "width": "5.5556e-03", "ip": "1.798e-06", "ts": "0", "stretch": "3.4552e+05", "date": "2105-09-10.71", "dist": "0.569", "sigma_lov": "-0.32905", "sigma_imp": "0.000", "ps": "-5.61"}, {"energy": "5.013e+00", "width": "4.9105e-03", "ip": "4.190e-08", "ts": "0", "stretch": "2.8442e+05", "date": "2105-09-10.77", "dist": "0.043", "sigma_lov": "2.90029", "sigma_imp": "0.000", "ps": "-7.24"}, {"energy": "4.992e+00", "width": "3.9284e-03", "ip": "1.418e-06", "ts": "0", "stretch": "4.6630e+05", "date": "2104-09-10.48", "dist": "0.194", "sigma_lov": "0.58162", "sigma_imp": "0.000", "ps": "-5.71"}, {"energy": "4.978e+00", "width": "4.4445e-02", "ip": "5.302e-08", "ts": "0", "stretch": "8.1537e+06", "date": "2102-09-10.75", "dist": "0.779", "sigma_lov": "0.53037", "sigma_imp": "0.000", "ps": "-7.13"}, {"energy": "4.980e+00", "width": "0.0000e+00", "ip": "5.732e-07", "ts": "0", "stretch": "1.1999e+06", "date": "2102-09-10.78", "dist": "0.450", "sigma_lov": "0.26731", "sigma_imp": "0.000", "ps": "-6.09"}, {"energy": "4.948e+00", "width": "4.7328e-03", "ip": "1.337e-08", "ts": "0", "stretch": "4.5845e+03", "date": "2102-09-10.80", "dist": "0.377", "sigma_lov": "-4.33639", "sigma_imp": "0.000", "ps": "-7.73"}, {"energy": "4.973e+00", "width": "0.0000e+00", "ip": "8.522e-08", "ts": "0", "stretch": "1.5075e+06", "date": "2102-09-10.71", "dist": "0.979", "sigma_lov": "0.67913", "sigma_imp": "0.000", "ps": "-6.92"}, {"energy": "4.972e+00", "width": "0.0000e+00", "ip": "2.332e-07", "ts": "0", "stretch": "1.8283e+06", "date": "2102-09-10.71", "dist": "0.741", "sigma_lov": "0.67588", "sigma_imp": "0.000", "ps": "-6.48"}, {"energy": "4.989e+00", "width": "0.0000e+00", "ip": "1.634e-07", "ts": "0", "stretch": "4.4327e+06", "date": "2100-09-10.36", "dist": "0.317", "sigma_lov": "-0.29694", "sigma_imp": "0.000", "ps": "-6.63"}, {"energy": "4.995e+00", "width": "0.0000e+00", "ip": "1.951e-07", "ts": "0", "stretch": "3.3120e+06", "date": "2100-09-10.30", "dist": "0.120", "sigma_lov": "0.63859", "sigma_imp": "0.000", "ps": "-6.55"}, {"energy": "4.975e+00", "width": "0.0000e+00", "ip": "2.596e-08", "ts": "0", "stretch": "1.3329e+06", "date": "2100-09-10.30", "dist": "0.930", "sigma_lov": "-2.06666", "sigma_imp": "0.000", "ps": "-7.43"}, {"energy": "5.009e+00", "width": "3.9284e-03", "ip": "5.520e-08", "ts": "0", "stretch": "7.0974e+05", "date": "2100-09-10.38", "dist": "0.299", "sigma_lov": "2.43681", "sigma_imp": "0.000", "ps": "-7.10"}, {"energy": "4.971e+00", "width": "1.1111e-02", "ip": "1.395e-07", "ts": "0", "stretch": "2.7215e+06", "date": "2099-09-10.13", "dist": "0.869", "sigma_lov": "-0.27446", "sigma_imp": "0.000", "ps": "-6.69"}, {"energy": "4.996e+00", "width": "5.7738e-03", "ip": "9.456e-06", "ts": "0", "stretch": "6.9878e+04", "date": "2094-09-10.07", "dist": "0.527", "sigma_lov": "-0.22783", "sigma_imp": "0.000", "ps": "-4.83"}, {"energy": "4.981e+00", "width": "4.6843e-03", "ip": "5.566e-07", "ts": "0", "stretch": "7.4909e+04", "date": "2094-09-10.00", "dist": "0.820", "sigma_lov": "-2.18886", "sigma_imp": "0.000", "ps": "-6.06"}, {"energy": "5.021e+00", "width": "2.2222e-02", "ip": "1.135e-07", "ts": "0", "stretch": "5.3634e+06", "date": "2086-09-10.26", "dist": "0.477", "sigma_lov": "0.53226", "sigma_imp": "0.000", "ps": "-6.70"}, {"energy": "5.015e+00", "width": "1.3608e-02", "ip": "3.714e-07", "ts": "0", "stretch": "1.5156e+06", "date": "2074-09-10.02", "dist": "0.491", "sigma_lov": "0.64990", "sigma_imp": "0.000", "ps": "-6.11"}]}