{"summary": {"energy": "8.608e-01", "darc": "4.0304 days", "ip": "1.075e-07", "h": "25.89", "nobs": "20", "mass": "1.54e+07", "v_inf": "18.62", "first_obs": "2008-Jan-30.24765", "method": "LOV", "pdate": "2017-04-09 06:58:03", "ndop": "0", "cdate": "2017-04-09 06:58:03", "ps_cum": "-7.32", "diameter": "2.2e-02", "ndel": "0", "v_imp": "21.70", "ps_max": "-7.32", "last_obs": "2008-Feb-03.27809", "fullname": "(2008 BN16)", "n_imp": "1", "ts_max": "0", "nsat": "0", "des": "2008 BN16"}, "signature": {"source": "NASA/JPL Sentry Data API", "version": "1.1"}, "data": [{"energy": "8.608e-01", "width": "1.8997e-01", "ip": "1.075e-07", "ts": "0", "stretch": "6.5401e+05", "date": "2083-01-21.94", "dist": "1.042", "sigma_lov": "1.23377", "sigma_imp": "0.222", "ps": "-7.32"}]}