{"summary": {"energy": "4.440e-01", "darc": "8.0249 days", "ip": "4.391e-08", "h": "26.10", "nobs": "32", "mass": "1.16e+07", "v_inf": "14.05", "first_obs": "2008-Apr-30.29803", "method": "LOV", "pdate": "2017-04-13 10:23:47", "ndop": "0", "cdate": "2017-04-13 10:23:47", "ps_cum": "-7.20", "diameter": "2.0e-02", "ndel": "0", "v_imp": "17.93", "ps_max": "-7.20", "last_obs": "2008-May-08.32293", "fullname": "(2008 HC38)", "n_imp": "1", "ts_max": "0", "nsat": "0", "des": "2008 HC38"}, "signature": {"source": "NASA/JPL Sentry Data API", "version": "1.1"}, "data": [{"energy": "4.440e-01", "width": "0.0000e+00", "ip": "4.391e-08", "ts": "0", "stretch": "4.4209e+06", "date": "2029-04-23.11", "dist": "0.808", "sigma_lov": "1.33071", "sigma_imp": "0.000", "ps": "-7.20"}]}