{"summary": {"energy": "3.849e-01", "darc": ".95940 days", "ip": "9.2e-07", "h": "26.59", "nobs": "25", "mass": "5.87e+06", "v_inf": "20.66", "first_obs": "2008-Jan-30.31193", "method": "LOV", "pdate": "2017-04-07 19:42:37", "ndop": "0", "cdate": "2017-04-07 19:42:37", "ps_cum": "-6.68", "diameter": "0.016", "ndel": "0", "v_imp": "23.47", "ps_max": "-6.91", "last_obs": "2008-Jan-31.27133", "fullname": "(2008 BC15)", "n_imp": "2", "ts_max": "0", "nsat": "0", "des": "2008 BC15"}, "signature": {"source": "NASA/JPL Sentry Data API", "version": "1.1"}, "data": [{"energy": "3.815e-01", "width": "8.9624e-02", "ip": "6.205e-07", "ts": "0", "stretch": "1.1181e+06", "date": "2094-07-22.82", "dist": "0.340", "sigma_lov": "0.38186", "sigma_imp": "0.000", "ps": "-6.91"}, {"energy": "3.918e-01", "width": "8.2133e-02", "ip": "2.995e-07", "ts": "0", "stretch": "3.4992e+05", "date": "2072-07-23.35", "dist": "1.010", "sigma_lov": "-0.42202", "sigma_imp": "0.118", "ps": "-7.07"}]}