{"summary": {"energy": "1.135e-03", "darc": ".14335 days", "ip": "3.5502177e-05", "h": "30.17", "nobs": "18", "mass": "4.16e+04", "v_inf": "10.26", "first_obs": "2008-Nov-03.24276", "method": "LOV", "pdate": "2017-04-09 23:22:20", "ndop": "0", "cdate": "2017-04-09 23:22:20", "ps_cum": "-6.45", "diameter": "0.00310001226403665", "ndel": "0", "v_imp": "15.15", "ps_max": "-6.45", "last_obs": "2008-Nov-03.38611", "fullname": "(2008 VM)", "n_imp": "2", "ts_max": "0", "nsat": "0", "des": "2008 VM"}, "signature": {"source": "NASA/JPL Sentry Data API", "version": "1.1"}, "data": [{"energy": "1.135e-03", "width": "5.1419e-02", "ip": "3.550e-05", "ts": "0", "stretch": "1.8583e+04", "date": "2031-11-04.73", "dist": "0.558", "sigma_lov": "-0.03597", "sigma_imp": "0.000", "ps": "-6.45"}, {"energy": "1.470e-03", "width": "3.6737e-02", "ip": "2.177e-09", "ts": "0", "stretch": "1.2325e+04", "date": "2020-11-04.00", "dist": "0.707", "sigma_lov": "-4.46009", "sigma_imp": "0.000", "ps": "-9.96"}]}