{"summary": {"energy": "3.560e-04", "darc": ".03061 days", "ip": "5.356999e-07", "h": "31.60", "nobs": "9", "mass": "5.95e+03", "v_inf": "18.99", "first_obs": "2008-Oct-22.39434", "method": "LOV", "pdate": "2017-04-07 15:22:14", "ndop": "0", "cdate": "2017-04-07 15:22:14", "ps_cum": "-8.28", "diameter": "0.00164055781977932", "ndel": "0", "v_imp": "22.04", "ps_max": "-8.34", "last_obs": "2008-Oct-22.42495", "fullname": "(2008 UM1)", "n_imp": "8", "ts_max": "0", "nsat": "0", "des": "2008 UM1"}, "signature": {"source": "NASA/JPL Sentry Data API", "version": "1.1"}, "data": [{"energy": "3.900e-04", "width": "5.7575e-01", "ip": "7.316e-08", "ts": "0", "stretch": "3.0114e+06", "date": "2033-10-22.21", "dist": "1.085", "sigma_lov": "0.51139", "sigma_imp": "0.147", "ps": "-9.56"}, {"energy": "4.760e-04", "width": "2.5613e+00", "ip": "1.383e-09", "ts": "0", "stretch": "5.3870e+06", "date": "2027-10-17.00", "dist": "6.324", "sigma_lov": "0.78784", "sigma_imp": "2.079", "ps": "-11.0"}, {"energy": "6.015e-04", "width": "2.8675e-01", "ip": "1.710e-08", "ts": "0", "stretch": "4.1820e+06", "date": "2021-10-22.39", "dist": "1.171", "sigma_lov": "0.93998", "sigma_imp": "0.598", "ps": "-9.48"}, {"energy": "4.039e-04", "width": "2.3701e-01", "ip": "3.240e-07", "ts": "0", "stretch": "2.0254e+06", "date": "2021-10-22.28", "dist": "0.172", "sigma_lov": "0.54427", "sigma_imp": "0.000", "ps": "-8.34"}, {"energy": "1.951e-04", "width": "3.5320e-01", "ip": "2.989e-10", "ts": "0", "stretch": "6.0380e+05", "date": "2018-10-22.50", "dist": "2.139", "sigma_lov": "-0.29936", "sigma_imp": "3.224", "ps": "-11.2"}, {"energy": "1.522e-04", "width": "1.6082e-01", "ip": "1.129e-07", "ts": "0", "stretch": "1.5615e+06", "date": "2073-10-20.59", "dist": "0.975", "sigma_lov": "-0.56875", "sigma_imp": "0.000", "ps": "-10.2"}, {"energy": "1.521e-04", "width": "4.0643e-01", "ip": "1.044e-09", "ts": "0", "stretch": "1.2670e+06", "date": "2070-10-20.89", "dist": "2.060", "sigma_lov": "-0.57204", "sigma_imp": "2.609", "ps": "-12.2"}, {"energy": "5.103e-04", "width": "2.7479e+00", "ip": "5.814e-09", "ts": "0", "stretch": "5.1031e+06", "date": "2038-10-20.06", "dist": "4.780", "sigma_lov": "0.81627", "sigma_imp": "1.376", "ps": "-10.7"}]}