{"summary": {"energy": "5.027e+00", "darc": ".08330 days", "ip": "6.061957e-07", "h": "24.22", "nobs": "10", "mass": "1.58e+08", "v_inf": "9.31", "first_obs": "2008-Nov-07.413", "method": "LOV", "pdate": "2017-04-08 00:23:38", "ndop": "0", "cdate": "2017-04-08 00:23:38", "ps_cum": "-5.42", "diameter": "0.0486043672035285", "ndel": "0", "v_imp": "15.13", "ps_max": "-6.32", "last_obs": "2008-Nov-07.4963", "fullname": "(2008 VS4)", "n_imp": "315", "ts_max": "0", "nsat": "0", "des": "2008 VS4"}, "signature": {"source": "NASA/JPL Sentry Data API", "version": "1.1"}, "data": [{"energy": "2.941e+00", "width": "3.4267e+02", "ip": "1.564e-09", "ts": "0", "stretch": "9.0245e+05", "date": "2110-10-18.80", "dist": "22.397", "sigma_lov": "-0.24850", "sigma_imp": "0.062", "ps": "-8.88"}, {"energy": "3.065e+00", "width": "1.6955e+02", "ip": "1.871e-09", "ts": "0", "stretch": "1.2998e+06", "date": "2110-10-14.87", "dist": "96.693", "sigma_lov": "-0.24524", "sigma_imp": "0.564", "ps": "-8.79"}, {"energy": "4.647e+00", "width": "4.4665e+02", "ip": "3.422e-10", "ts": "0", "stretch": "1.7111e+06", "date": "2109-05-14.99", "dist": "161.368", "sigma_lov": "1.07964", "sigma_imp": "0.359", "ps": "-9.37"}, {"energy": "4.638e+00", "width": "4.1742e+02", "ip": "2.295e-10", "ts": "0", "stretch": "2.6963e+06", "date": "2109-05-14.78", "dist": "166.111", "sigma_lov": "1.07828", "sigma_imp": "0.396", "ps": "-9.55"}, {"energy": "3.318e+00", "width": "8.5718e+01", "ip": "4.847e-10", "ts": "0", "stretch": "6.0781e+06", "date": "2108-11-28.96", "dist": "65.328", "sigma_lov": "0.88607", "sigma_imp": "0.750", "ps": "-9.34"}, {"energy": "4.425e+00", "width": "6.3753e+01", "ip": "6.818e-09", "ts": "0", "stretch": "4.9182e+05", "date": "2108-11-26.70", "dist": "49.221", "sigma_lov": "1.05032", "sigma_imp": "0.756", "ps": "-8.09"}, {"energy": "1.022e+01", "width": "9.5179e+01", "ip": "7.876e-09", "ts": "0", "stretch": "1.9226e+05", "date": "2107-11-20.07", "dist": "40.903", "sigma_lov": "1.51762", "sigma_imp": "0.419", "ps": "-7.73"}, {"energy": "2.582e+00", "width": "2.3094e+02", "ip": "1.581e-10", "ts": "0", "stretch": "8.7397e+06", "date": "2107-02-14.46", "dist": "138.529", "sigma_lov": "0.73373", "sigma_imp": "0.596", "ps": "-9.90"}, {"energy": "1.222e+01", "width": "8.8241e+01", "ip": "1.604e-09", "ts": "0", "stretch": "9.1548e+05", "date": "2106-11-19.35", "dist": "25.697", "sigma_lov": "1.61696", "sigma_imp": "0.280", "ps": "-8.35"}, {"energy": "3.441e+00", "width": "2.8663e+02", "ip": "1.306e-10", "ts": "0", "stretch": "1.1359e+07", "date": "2106-10-03.88", "dist": "124.987", "sigma_lov": "-0.36650", "sigma_imp": "0.433", "ps": "-9.88"}, {"energy": "3.611e+00", "width": "9.0139e+01", "ip": "2.190e-09", "ts": "0", "stretch": "1.2880e+06", "date": "2105-11-28.73", "dist": "62.303", "sigma_lov": "0.93550", "sigma_imp": "0.680", "ps": "-8.64"}, {"energy": "1.675e+01", "width": "5.6822e+01", "ip": "5.352e-10", "ts": "0", "stretch": "3.2536e+06", "date": "2105-11-18.00", "dist": "3.461", "sigma_lov": "1.79862", "sigma_imp": "0.043", "ps": "-8.72"}, {"energy": "3.127e+00", "width": "9.6978e+01", "ip": "4.787e-10", "ts": "0", "stretch": "6.3237e+06", "date": "2104-11-30.69", "dist": "56.537", "sigma_lov": "0.85153", "sigma_imp": "0.573", "ps": "-9.34"}, {"energy": "3.726e+00", "width": "1.7707e+02", "ip": "1.232e-09", "ts": "0", "stretch": "1.3809e+06", "date": "2104-11-27.68", "dist": "56.296", "sigma_lov": "0.95473", "sigma_imp": "0.312", "ps": "-8.87"}, {"energy": "3.725e+00", "width": "9.7024e+01", "ip": "1.369e-09", "ts": "0", "stretch": "2.0274e+06", "date": "2104-11-27.66", "dist": "55.407", "sigma_lov": "0.95448", "sigma_imp": "0.561", "ps": "-8.83"}, {"energy": "1.052e+01", "width": "2.7732e+01", "ip": "2.046e-10", "ts": "0", "stretch": "9.5239e+06", "date": "2102-11-19.65", "dist": "40.166", "sigma_lov": "1.53362", "sigma_imp": "1.412", "ps": "-9.28"}, {"energy": "2.599e+00", "width": "4.0424e+02", "ip": "2.940e-10", "ts": "0", "stretch": "3.0014e+06", "date": "2102-02-15.76", "dist": "145.849", "sigma_lov": "0.73842", "sigma_imp": "0.358", "ps": "-9.61"}, {"energy": "3.318e+00", "width": "6.6517e+01", "ip": "3.188e-10", "ts": "0", "stretch": "1.1070e+07", "date": "2101-11-29.29", "dist": "56.644", "sigma_lov": "0.88643", "sigma_imp": "0.837", "ps": "-9.48"}, {"energy": "1.327e+01", "width": "6.6297e+01", "ip": "3.030e-09", "ts": "0", "stretch": "5.7187e+05", "date": "2101-11-18.72", "dist": "27.485", "sigma_lov": "1.66407", "sigma_imp": "0.399", "ps": "-8.02"}, {"energy": "1.829e+01", "width": "4.1270e+01", "ip": "1.035e-09", "ts": "0", "stretch": "2.1139e+06", "date": "2101-11-17.71", "dist": "1.815", "sigma_lov": "1.84930", "sigma_imp": "0.020", "ps": "-8.38"}, {"energy": "2.912e+00", "width": "2.6121e+02", "ip": "3.650e-10", "ts": "0", "stretch": "5.0153e+06", "date": "2100-10-14.58", "dist": "69.430", "sigma_lov": "-0.13613", "sigma_imp": "0.262", "ps": "-9.47"}, {"energy": "1.200e+01", "width": "3.6224e+01", "ip": "4.191e-09", "ts": "0", "stretch": "6.0698e+05", "date": "2099-11-18.40", "dist": "32.370", "sigma_lov": "1.60743", "sigma_imp": "0.866", "ps": "-7.91"}, {"energy": "2.647e+00", "width": "5.1260e+01", "ip": "2.025e-09", "ts": "0", "stretch": "2.2349e+06", "date": "2096-12-06.45", "dist": "50.686", "sigma_lov": "0.74736", "sigma_imp": "0.969", "ps": "-8.73"}, {"energy": "2.658e+00", "width": "2.9242e+01", "ip": "5.361e-10", "ts": "0", "stretch": "5.3290e+06", "date": "2096-12-06.41", "dist": "50.793", "sigma_lov": "0.74974", "sigma_imp": "1.703", "ps": "-9.31"}, {"energy": "5.835e+00", "width": "1.0547e+03", "ip": "1.269e-10", "ts": "0", "stretch": "1.7977e+06", "date": "2096-05-31.26", "dist": "93.953", "sigma_lov": "1.20632", "sigma_imp": "0.088", "ps": "-9.66"}, {"energy": "3.621e+00", "width": "7.6397e+01", "ip": "2.125e-09", "ts": "0", "stretch": "1.4095e+06", "date": "2095-11-27.55", "dist": "63.140", "sigma_lov": "0.93798", "sigma_imp": "0.813", "ps": "-8.60"}, {"energy": "1.112e+01", "width": "3.1878e+01", "ip": "8.891e-09", "ts": "0", "stretch": "2.6236e+05", "date": "2095-11-18.89", "dist": "37.274", "sigma_lov": "1.56339", "sigma_imp": "1.138", "ps": "-7.59"}, {"energy": "1.121e+01", "width": "8.0829e+01", "ip": "3.006e-09", "ts": "0", "stretch": "5.3528e+05", "date": "2095-11-18.77", "dist": "38.961", "sigma_lov": "1.56876", "sigma_imp": "0.470", "ps": "-8.05"}, {"energy": "1.117e+01", "width": "9.2951e+01", "ip": "8.845e-10", "ts": "0", "stretch": "1.6408e+06", "date": "2095-11-18.77", "dist": "37.921", "sigma_lov": "1.56637", "sigma_imp": "0.397", "ps": "-8.59"}, {"energy": "2.640e+00", "width": "6.0103e+02", "ip": "6.004e-10", "ts": "0", "stretch": "1.0075e+06", "date": "2094-02-17.50", "dist": "166.797", "sigma_lov": "0.74862", "sigma_imp": "0.276", "ps": "-9.25"}, {"energy": "2.655e+00", "width": "3.9145e+01", "ip": "4.624e-10", "ts": "0", "stretch": "7.9593e+06", "date": "2093-12-06.64", "dist": "54.341", "sigma_lov": "0.74932", "sigma_imp": "1.363", "ps": "-9.36"}, {"energy": "1.192e+01", "width": "3.1954e+01", "ip": "1.505e-09", "ts": "0", "stretch": "1.4774e+06", "date": "2093-11-17.91", "dist": "36.891", "sigma_lov": "1.60278", "sigma_imp": "1.123", "ps": "-8.32"}, {"energy": "1.431e+01", "width": "5.2923e+01", "ip": "4.202e-10", "ts": "0", "stretch": "4.7618e+06", "date": "2093-11-17.38", "dist": "23.082", "sigma_lov": "1.70700", "sigma_imp": "0.417", "ps": "-8.81"}, {"energy": "2.523e+01", "width": "4.7722e+01", "ip": "2.021e-10", "ts": "0", "stretch": "2.6484e+06", "date": "2093-11-15.89", "dist": "63.931", "sigma_lov": "2.03812", "sigma_imp": "1.319", "ps": "-8.93"}, {"energy": "4.501e+00", "width": "3.1082e+02", "ip": "1.980e-10", "ts": "0", "stretch": "3.7804e+06", "date": "2091-05-11.04", "dist": "197.180", "sigma_lov": "1.06170", "sigma_imp": "0.631", "ps": "-9.53"}, {"energy": "3.271e+00", "width": "5.3393e+01", "ip": "1.579e-09", "ts": "0", "stretch": "2.0803e+06", "date": "2090-11-29.28", "dist": "61.374", "sigma_lov": "0.87987", "sigma_imp": "1.131", "ps": "-8.73"}, {"energy": "1.142e+01", "width": "5.9169e+01", "ip": "2.799e-09", "ts": "0", "stretch": "6.8214e+05", "date": "2090-11-18.36", "dist": "41.074", "sigma_lov": "1.57884", "sigma_imp": "0.677", "ps": "-8.05"}, {"energy": "1.416e+01", "width": "6.7488e+01", "ip": "7.164e-10", "ts": "0", "stretch": "2.2633e+06", "date": "2090-11-17.70", "dist": "25.609", "sigma_lov": "1.70129", "sigma_imp": "0.365", "ps": "-8.57"}, {"energy": "5.231e+00", "width": "2.6001e+02", "ip": "2.936e-10", "ts": "0", "stretch": "3.1820e+06", "date": "2089-11-22.72", "dist": "96.515", "sigma_lov": "1.14291", "sigma_imp": "0.367", "ps": "-9.30"}, {"energy": "1.280e+01", "width": "4.8940e+01", "ip": "8.673e-10", "ts": "0", "stretch": "2.4901e+06", "date": "2088-11-17.46", "dist": "31.165", "sigma_lov": "1.64388", "sigma_imp": "0.616", "ps": "-8.51"}, {"energy": "1.283e+01", "width": "4.3665e+01", "ip": "1.070e-09", "ts": "0", "stretch": "2.2397e+06", "date": "2088-11-17.43", "dist": "28.323", "sigma_lov": "1.64529", "sigma_imp": "0.626", "ps": "-8.42"}, {"energy": "2.681e+00", "width": "2.4239e+02", "ip": "2.397e-10", "ts": "0", "stretch": "4.7586e+06", "date": "2088-02-24.06", "dist": "188.805", "sigma_lov": "0.76005", "sigma_imp": "0.775", "ps": "-9.61"}, {"energy": "5.818e+00", "width": "1.3250e+03", "ip": "4.506e-10", "ts": "0", "stretch": "4.0400e+05", "date": "2087-06-01.02", "dist": "95.872", "sigma_lov": "1.20520", "sigma_imp": "0.072", "ps": "-9.06"}, {"energy": "5.139e+00", "width": "8.7102e+02", "ip": "5.807e-10", "ts": "0", "stretch": "5.1782e+05", "date": "2087-05-22.68", "dist": "67.037", "sigma_lov": "1.13457", "sigma_imp": "0.076", "ps": "-8.99"}, {"energy": "1.170e+01", "width": "3.9547e+01", "ip": "6.534e-09", "ts": "0", "stretch": "3.1617e+05", "date": "2085-11-17.94", "dist": "41.222", "sigma_lov": "1.59266", "sigma_imp": "1.017", "ps": "-7.64"}, {"energy": "5.712e+00", "width": "1.3599e+03", "ip": "2.428e-10", "ts": "0", "stretch": "7.4195e+05", "date": "2085-05-29.51", "dist": "65.601", "sigma_lov": "1.19336", "sigma_imp": "0.048", "ps": "-9.32"}, {"energy": "5.696e+00", "width": "8.3226e+02", "ip": "1.854e-10", "ts": "0", "stretch": "1.5878e+06", "date": "2085-05-29.29", "dist": "62.793", "sigma_lov": "1.19216", "sigma_imp": "0.074", "ps": "-9.44"}, {"energy": "4.729e+00", "width": "5.1019e+02", "ip": "1.923e-10", "ts": "0", "stretch": "2.6825e+06", "date": "2085-05-14.59", "dist": "157.625", "sigma_lov": "1.08989", "sigma_imp": "0.307", "ps": "-9.49"}, {"energy": "4.719e+00", "width": "4.9896e+02", "ip": "3.346e-10", "ts": "0", "stretch": "1.5746e+06", "date": "2085-05-14.55", "dist": "158.015", "sigma_lov": "1.08885", "sigma_imp": "0.315", "ps": "-9.25"}, {"energy": "2.682e+00", "width": "2.3567e+02", "ip": "2.143e-10", "ts": "0", "stretch": "5.3558e+06", "date": "2085-02-23.41", "dist": "190.142", "sigma_lov": "0.76008", "sigma_imp": "0.803", "ps": "-9.64"}, {"energy": "2.693e+00", "width": "4.7692e+01", "ip": "1.223e-09", "ts": "0", "stretch": "4.1352e+06", "date": "2084-12-04.94", "dist": "44.740", "sigma_lov": "0.75979", "sigma_imp": "0.917", "ps": "-8.88"}, {"energy": "2.694e+00", "width": "7.5342e+01", "ip": "6.347e-10", "ts": "0", "stretch": "6.6638e+06", "date": "2084-12-04.92", "dist": "42.863", "sigma_lov": "0.75983", "sigma_imp": "0.556", "ps": "-9.16"}, {"energy": "2.756e+00", "width": "4.1516e+01", "ip": "1.924e-09", "ts": "0", "stretch": "2.8761e+06", "date": "2084-12-04.04", "dist": "40.586", "sigma_lov": "0.77404", "sigma_imp": "0.954", "ps": "-8.67"}, {"energy": "2.756e+00", "width": "8.5681e+01", "ip": "2.069e-09", "ts": "0", "stretch": "1.8274e+06", "date": "2084-12-03.85", "dist": "44.391", "sigma_lov": "0.77424", "sigma_imp": "0.506", "ps": "-8.64"}, {"energy": "3.113e+00", "width": "1.8781e+02", "ip": "1.581e-10", "ts": "0", "stretch": "1.1295e+07", "date": "2084-11-30.00", "dist": "52.040", "sigma_lov": "0.84949", "sigma_imp": "0.272", "ps": "-9.71"}, {"energy": "3.112e+00", "width": "6.6344e+01", "ip": "4.987e-10", "ts": "0", "stretch": "7.6563e+06", "date": "2084-11-29.94", "dist": "53.027", "sigma_lov": "0.84919", "sigma_imp": "0.784", "ps": "-9.22"}, {"energy": "4.839e+00", "width": "1.0211e+02", "ip": "1.154e-09", "ts": "0", "stretch": "1.6885e+06", "date": "2084-11-22.84", "dist": "81.051", "sigma_lov": "1.10121", "sigma_imp": "0.784", "ps": "-8.70"}, {"energy": "4.846e+00", "width": "4.9382e+01", "ip": "1.421e-09", "ts": "0", "stretch": "9.6652e+05", "date": "2084-11-22.83", "dist": "82.350", "sigma_lov": "1.10150", "sigma_imp": "1.647", "ps": "-8.61"}, {"energy": "4.853e+00", "width": "6.0143e+02", "ip": "1.025e-09", "ts": "0", "stretch": "4.3761e+05", "date": "2084-11-22.81", "dist": "82.434", "sigma_lov": "1.10192", "sigma_imp": "0.135", "ps": "-8.75"}, {"energy": "4.857e+00", "width": "1.0764e+03", "ip": "5.741e-10", "ts": "0", "stretch": "4.3913e+05", "date": "2084-11-22.79", "dist": "83.805", "sigma_lov": "1.10251", "sigma_imp": "0.077", "ps": "-9.00"}, {"energy": "4.860e+00", "width": "4.4149e+02", "ip": "8.142e-10", "ts": "0", "stretch": "7.4324e+05", "date": "2084-11-22.77", "dist": "84.697", "sigma_lov": "1.10240", "sigma_imp": "0.190", "ps": "-8.85"}, {"energy": "7.361e+00", "width": "3.1449e+01", "ip": "8.594e-10", "ts": "0", "stretch": "1.3574e+06", "date": "2081-11-20.34", "dist": "58.425", "sigma_lov": "1.33180", "sigma_imp": "1.826", "ps": "-8.66"}, {"energy": "1.553e+01", "width": "4.8932e+01", "ip": "5.326e-10", "ts": "0", "stretch": "3.6745e+06", "date": "2081-11-17.04", "dist": "23.314", "sigma_lov": "1.75442", "sigma_imp": "0.456", "ps": "-8.61"}, {"energy": "3.607e+00", "width": "3.5849e+01", "ip": "1.594e-09", "ts": "0", "stretch": "1.0964e+06", "date": "2080-11-27.20", "dist": "64.937", "sigma_lov": "0.93457", "sigma_imp": "1.784", "ps": "-8.63"}, {"energy": "1.293e+01", "width": "2.8756e+01", "ip": "1.066e-09", "ts": "0", "stretch": "1.7614e+06", "date": "2080-11-17.26", "dist": "37.837", "sigma_lov": "1.64954", "sigma_imp": "1.281", "ps": "-8.36"}, {"energy": "1.292e+01", "width": "1.9704e+01", "ip": "8.346e-10", "ts": "0", "stretch": "1.1909e+06", "date": "2080-11-17.26", "dist": "38.213", "sigma_lov": "1.64932", "sigma_imp": "1.889", "ps": "-8.47"}, {"energy": "1.389e+01", "width": "4.2074e+01", "ip": "1.950e-09", "ts": "0", "stretch": "1.1052e+06", "date": "2080-11-17.18", "dist": "31.436", "sigma_lov": "1.69008", "sigma_imp": "0.723", "ps": "-8.08"}, {"energy": "2.668e+00", "width": "2.2439e+02", "ip": "5.823e-10", "ts": "0", "stretch": "2.1195e+06", "date": "2080-02-19.91", "dist": "175.314", "sigma_lov": "0.75575", "sigma_imp": "0.777", "ps": "-9.17"}, {"energy": "3.020e+00", "width": "2.3795e+01", "ip": "2.263e-10", "ts": "0", "stretch": "2.5219e+06", "date": "2079-12-01.55", "dist": "60.772", "sigma_lov": "0.83163", "sigma_imp": "2.512", "ps": "-9.54"}, {"energy": "1.100e+01", "width": "2.9790e+01", "ip": "4.698e-10", "ts": "0", "stretch": "2.8096e+06", "date": "2079-11-18.62", "dist": "48.583", "sigma_lov": "1.55762", "sigma_imp": "1.597", "ps": "-8.77"}, {"energy": "1.427e+01", "width": "3.3691e+01", "ip": "1.023e-09", "ts": "0", "stretch": "1.8879e+06", "date": "2079-11-17.75", "dist": "36.419", "sigma_lov": "1.70567", "sigma_imp": "1.051", "ps": "-8.34"}, {"energy": "1.520e+01", "width": "5.9415e+01", "ip": "1.627e-09", "ts": "0", "stretch": "1.0028e+06", "date": "2079-11-17.63", "dist": "29.470", "sigma_lov": "1.74215", "sigma_imp": "0.479", "ps": "-8.12"}, {"energy": "1.702e+01", "width": "3.5320e+01", "ip": "2.057e-10", "ts": "0", "stretch": "1.1523e+07", "date": "2079-11-17.28", "dist": "19.527", "sigma_lov": "1.80786", "sigma_imp": "0.525", "ps": "-8.98"}, {"energy": "2.487e+00", "width": "2.1974e+02", "ip": "3.240e-10", "ts": "0", "stretch": "5.0220e+06", "date": "2079-02-01.83", "dist": "90.706", "sigma_lov": "0.70712", "sigma_imp": "0.408", "ps": "-9.44"}, {"energy": "2.492e+00", "width": "2.8947e+01", "ip": "2.258e-09", "ts": "0", "stretch": "2.1784e+06", "date": "2078-12-12.48", "dist": "41.065", "sigma_lov": "0.70691", "sigma_imp": "1.384", "ps": "-8.60"}, {"energy": "1.348e+01", "width": "4.3082e+01", "ip": "2.490e-09", "ts": "0", "stretch": "7.8621e+05", "date": "2078-11-17.76", "dist": "37.524", "sigma_lov": "1.67363", "sigma_imp": "0.848", "ps": "-7.97"}, {"energy": "2.574e+00", "width": "3.1949e+01", "ip": "1.499e-09", "ts": "0", "stretch": "2.5036e+06", "date": "2077-12-09.00", "dist": "48.721", "sigma_lov": "0.72833", "sigma_imp": "1.494", "ps": "-8.76"}, {"energy": "2.677e+00", "width": "1.0580e+02", "ip": "5.844e-09", "ts": "0", "stretch": "5.5043e+05", "date": "2076-12-05.10", "dist": "47.179", "sigma_lov": "0.75538", "sigma_imp": "0.436", "ps": "-8.14"}, {"energy": "1.409e+01", "width": "6.9184e+01", "ip": "2.443e-09", "ts": "0", "stretch": "6.2274e+05", "date": "2076-11-17.09", "dist": "33.321", "sigma_lov": "1.69824", "sigma_imp": "0.467", "ps": "-7.95"}, {"energy": "1.409e+01", "width": "3.2903e+01", "ip": "2.767e-09", "ts": "0", "stretch": "7.7950e+05", "date": "2076-11-17.09", "dist": "33.244", "sigma_lov": "1.69819", "sigma_imp": "0.980", "ps": "-7.89"}, {"energy": "5.434e+00", "width": "5.3123e+02", "ip": "1.554e-10", "ts": "0", "stretch": "3.0705e+06", "date": "2076-05-26.28", "dist": "2.633", "sigma_lov": "1.16552", "sigma_imp": "0.003", "ps": "-9.47"}, {"energy": "3.445e+00", "width": "7.1953e+01", "ip": "1.019e-09", "ts": "0", "stretch": "3.3077e+06", "date": "2075-11-28.35", "dist": "56.620", "sigma_lov": "0.90929", "sigma_imp": "0.773", "ps": "-8.81"}, {"energy": "3.441e+00", "width": "2.2666e+01", "ip": "2.723e-10", "ts": "0", "stretch": "1.8902e+06", "date": "2075-11-28.32", "dist": "58.642", "sigma_lov": "0.90846", "sigma_imp": "2.543", "ps": "-9.38"}, {"energy": "1.087e+01", "width": "1.9352e+02", "ip": "1.876e-10", "ts": "0", "stretch": "4.0163e+06", "date": "2075-11-18.70", "dist": "46.838", "sigma_lov": "1.55123", "sigma_imp": "0.237", "ps": "-9.14"}, {"energy": "1.089e+01", "width": "1.2229e+02", "ip": "7.887e-10", "ts": "0", "stretch": "1.4323e+06", "date": "2075-11-18.65", "dist": "49.205", "sigma_lov": "1.55262", "sigma_imp": "0.394", "ps": "-8.52"}, {"energy": "1.438e+01", "width": "4.5377e+01", "ip": "3.124e-10", "ts": "0", "stretch": "6.1333e+06", "date": "2075-11-17.71", "dist": "34.322", "sigma_lov": "1.71074", "sigma_imp": "0.734", "ps": "-8.82"}, {"energy": "1.537e+01", "width": "5.5523e+01", "ip": "4.539e-10", "ts": "0", "stretch": "3.7479e+06", "date": "2075-11-17.54", "dist": "29.066", "sigma_lov": "1.74896", "sigma_imp": "0.505", "ps": "-8.64"}, {"energy": "1.252e+01", "width": "5.2998e+01", "ip": "1.340e-09", "ts": "0", "stretch": "1.3694e+06", "date": "2074-11-17.90", "dist": "41.522", "sigma_lov": "1.62999", "sigma_imp": "0.765", "ps": "-8.23"}, {"energy": "2.680e+00", "width": "1.3623e+02", "ip": "1.357e-09", "ts": "0", "stretch": "1.9155e+06", "date": "2073-12-05.30", "dist": "46.924", "sigma_lov": "0.75607", "sigma_imp": "0.337", "ps": "-8.76"}, {"energy": "3.271e+00", "width": "8.5479e+01", "ip": "2.499e-09", "ts": "0", "stretch": "1.2180e+06", "date": "2073-11-28.76", "dist": "62.412", "sigma_lov": "0.87924", "sigma_imp": "0.718", "ps": "-8.42"}, {"energy": "7.642e+00", "width": "1.4653e+03", "ip": "7.843e-10", "ts": "0", "stretch": "1.7376e+05", "date": "2073-11-19.90", "dist": "60.479", "sigma_lov": "1.35427", "sigma_imp": "0.041", "ps": "-8.63"}, {"energy": "2.972e+00", "width": "1.1719e+02", "ip": "1.020e-09", "ts": "0", "stretch": "2.7314e+06", "date": "2072-12-02.13", "dist": "49.598", "sigma_lov": "0.82074", "sigma_imp": "0.415", "ps": "-8.84"}, {"energy": "4.789e+00", "width": "4.4709e+02", "ip": "5.633e-10", "ts": "0", "stretch": "1.0293e+06", "date": "2072-05-15.31", "dist": "151.187", "sigma_lov": "1.09517", "sigma_imp": "0.336", "ps": "-8.92"}, {"energy": "3.638e+00", "width": "4.3829e+01", "ip": "1.208e-09", "ts": "0", "stretch": "2.2689e+06", "date": "2070-11-27.40", "dist": "61.485", "sigma_lov": "0.94031", "sigma_imp": "1.380", "ps": "-8.68"}, {"energy": "2.617e+00", "width": "5.3120e+01", "ip": "2.689e-09", "ts": "0", "stretch": "1.8205e+06", "date": "2069-12-08.12", "dist": "46.337", "sigma_lov": "0.73952", "sigma_imp": "0.853", "ps": "-8.43"}, {"energy": "2.610e+00", "width": "4.5386e+01", "ip": "2.957e-09", "ts": "0", "stretch": "1.6095e+06", "date": "2069-12-08.11", "dist": "48.333", "sigma_lov": "0.73793", "sigma_imp": "1.043", "ps": "-8.39"}, {"energy": "2.773e+00", "width": "4.4098e+01", "ip": "6.436e-10", "ts": "0", "stretch": "8.1293e+06", "date": "2069-12-04.10", "dist": "42.818", "sigma_lov": "0.77715", "sigma_imp": "0.948", "ps": "-9.04"}, {"energy": "3.236e+00", "width": "6.4129e+01", "ip": "1.655e-09", "ts": "0", "stretch": "2.2913e+06", "date": "2069-11-29.31", "dist": "52.876", "sigma_lov": "0.87245", "sigma_imp": "0.809", "ps": "-8.57"}, {"energy": "3.961e+00", "width": "1.7833e+02", "ip": "3.809e-09", "ts": "0", "stretch": "4.2433e+05", "date": "2069-11-25.62", "dist": "62.175", "sigma_lov": "0.98931", "sigma_imp": "0.343", "ps": "-8.14"}, {"energy": "3.965e+00", "width": "1.0346e+02", "ip": "2.756e-10", "ts": "0", "stretch": "9.1784e+06", "date": "2069-11-25.60", "dist": "57.981", "sigma_lov": "0.98978", "sigma_imp": "0.551", "ps": "-9.28"}, {"energy": "3.964e+00", "width": "1.1121e+02", "ip": "1.187e-09", "ts": "0", "stretch": "1.9991e+06", "date": "2069-11-25.59", "dist": "60.569", "sigma_lov": "0.98987", "sigma_imp": "0.536", "ps": "-8.65"}, {"energy": "1.398e+01", "width": "3.5191e+01", "ip": "2.151e-10", "ts": "0", "stretch": "8.0336e+06", "date": "2069-11-17.25", "dist": "40.801", "sigma_lov": "1.69389", "sigma_imp": "1.131", "ps": "-8.95"}, {"energy": "1.402e+01", "width": "4.2998e+01", "ip": "1.544e-09", "ts": "0", "stretch": "1.1342e+06", "date": "2069-11-17.23", "dist": "41.043", "sigma_lov": "1.69562", "sigma_imp": "0.931", "ps": "-8.09"}, {"energy": "1.515e+01", "width": "1.6485e+01", "ip": "1.426e-10", "ts": "0", "stretch": "4.9049e+06", "date": "2069-11-16.96", "dist": "35.022", "sigma_lov": "1.74026", "sigma_imp": "2.064", "ps": "-9.10"}, {"energy": "2.029e+01", "width": "3.0267e+01", "ip": "6.735e-10", "ts": "0", "stretch": "3.7226e+06", "date": "2069-11-16.15", "dist": "10.572", "sigma_lov": "1.91003", "sigma_imp": "0.316", "ps": "-8.32"}, {"energy": "2.904e+00", "width": "2.7089e+01", "ip": "6.318e-10", "ts": "0", "stretch": "1.8021e+06", "date": "2068-12-02.05", "dist": "60.091", "sigma_lov": "0.80732", "sigma_imp": "2.181", "ps": "-9.02"}, {"energy": "3.053e+00", "width": "4.3649e+02", "ip": "5.581e-10", "ts": "0", "stretch": "1.8270e+06", "date": "2068-10-27.86", "dist": "158.917", "sigma_lov": "-0.31652", "sigma_imp": "0.362", "ps": "-9.05"}, {"energy": "2.771e+00", "width": "2.3613e+03", "ip": "6.702e-10", "ts": "0", "stretch": "3.0995e+05", "date": "2068-10-24.14", "dist": "91.416", "sigma_lov": "-0.19195", "sigma_imp": "0.038", "ps": "-9.01"}, {"energy": "3.039e+00", "width": "4.9791e+02", "ip": "7.368e-10", "ts": "0", "stretch": "1.2222e+06", "date": "2068-10-20.42", "dist": "170.820", "sigma_lov": "-0.31660", "sigma_imp": "0.341", "ps": "-8.94"}, {"energy": "3.111e+00", "width": "1.7374e+02", "ip": "8.879e-10", "ts": "0", "stretch": "2.2246e+06", "date": "2068-10-10.00", "dist": "140.328", "sigma_lov": "-0.31671", "sigma_imp": "0.802", "ps": "-8.85"}, {"energy": "8.281e+00", "width": "3.6734e+02", "ip": "2.466e-10", "ts": "0", "stretch": "2.0524e+06", "date": "2067-11-20.14", "dist": "55.097", "sigma_lov": "1.39843", "sigma_imp": "0.147", "ps": "-9.05"}, {"energy": "8.284e+00", "width": "5.2882e+02", "ip": "2.778e-10", "ts": "0", "stretch": "1.2728e+06", "date": "2067-11-20.13", "dist": "55.612", "sigma_lov": "1.39853", "sigma_imp": "0.103", "ps": "-9.00"}, {"energy": "1.068e+01", "width": "1.1175e+02", "ip": "4.953e-10", "ts": "0", "stretch": "2.5176e+06", "date": "2067-11-18.83", "dist": "47.352", "sigma_lov": "1.54131", "sigma_imp": "0.415", "ps": "-8.66"}, {"energy": "2.588e+00", "width": "2.4122e+02", "ip": "6.860e-10", "ts": "0", "stretch": "1.9586e+06", "date": "2067-02-13.12", "dist": "137.839", "sigma_lov": "0.73512", "sigma_imp": "0.567", "ps": "-9.01"}, {"energy": "4.682e+00", "width": "4.7909e+01", "ip": "3.634e-09", "ts": "0", "stretch": "6.2862e+05", "date": "2066-11-24.05", "dist": "65.402", "sigma_lov": "1.08388", "sigma_imp": "1.344", "ps": "-8.08"}, {"energy": "1.261e+01", "width": "1.6684e+01", "ip": "3.342e-10", "ts": "0", "stretch": "5.3340e+05", "date": "2066-11-17.80", "dist": "45.932", "sigma_lov": "1.63575", "sigma_imp": "2.693", "ps": "-8.77"}, {"energy": "1.261e+01", "width": "5.6385e+01", "ip": "4.191e-09", "ts": "0", "stretch": "3.9672e+05", "date": "2066-11-17.80", "dist": "46.246", "sigma_lov": "1.63563", "sigma_imp": "0.802", "ps": "-7.67"}, {"energy": "2.923e+00", "width": "2.0287e+01", "ip": "2.409e-10", "ts": "0", "stretch": "1.6553e+06", "date": "2065-12-02.62", "dist": "55.900", "sigma_lov": "0.81204", "sigma_imp": "2.706", "ps": "-9.41"}, {"energy": "3.974e+00", "width": "1.5310e+02", "ip": "6.070e-10", "ts": "0", "stretch": "3.0708e+06", "date": "2065-11-26.21", "dist": "57.235", "sigma_lov": "0.99093", "sigma_imp": "0.367", "ps": "-8.90"}, {"energy": "4.537e+00", "width": "7.8709e+01", "ip": "5.989e-10", "ts": "0", "stretch": "4.0266e+06", "date": "2065-11-24.27", "dist": "70.549", "sigma_lov": "1.06474", "sigma_imp": "0.884", "ps": "-8.86"}, {"energy": "9.874e+00", "width": "3.7171e+01", "ip": "1.555e-09", "ts": "0", "stretch": "9.1623e+05", "date": "2065-11-18.41", "dist": "55.751", "sigma_lov": "1.49682", "sigma_imp": "1.473", "ps": "-8.18"}, {"energy": "1.417e+01", "width": "3.9655e+01", "ip": "1.802e-10", "ts": "0", "stretch": "9.9514e+06", "date": "2065-11-17.22", "dist": "39.726", "sigma_lov": "1.70189", "sigma_imp": "0.977", "ps": "-8.99"}, {"energy": "1.535e+01", "width": "5.1264e+01", "ip": "6.411e-10", "ts": "0", "stretch": "2.5950e+06", "date": "2065-11-16.98", "dist": "35.627", "sigma_lov": "1.74758", "sigma_imp": "0.675", "ps": "-8.41"}, {"energy": "2.082e+01", "width": "5.0454e+01", "ip": "6.507e-10", "ts": "0", "stretch": "2.3331e+06", "date": "2065-11-16.15", "dist": "10.542", "sigma_lov": "1.92569", "sigma_imp": "0.189", "ps": "-8.30"}, {"energy": "3.088e+00", "width": "3.0702e+01", "ip": "3.108e-09", "ts": "0", "stretch": "6.4237e+05", "date": "2064-11-29.86", "dist": "57.318", "sigma_lov": "0.84430", "sigma_imp": "1.834", "ps": "-8.27"}, {"energy": "1.028e+01", "width": "2.7686e+01", "ip": "1.763e-09", "ts": "0", "stretch": "3.8685e+05", "date": "2064-11-18.02", "dist": "57.023", "sigma_lov": "1.52044", "sigma_imp": "2.024", "ps": "-8.10"}, {"energy": "2.590e+00", "width": "2.5317e+02", "ip": "2.782e-10", "ts": "0", "stretch": "4.6494e+06", "date": "2064-02-13.24", "dist": "139.704", "sigma_lov": "0.73620", "sigma_imp": "0.548", "ps": "-9.37"}, {"energy": "2.602e+00", "width": "2.4928e+01", "ip": "7.491e-10", "ts": "0", "stretch": "2.3458e+06", "date": "2063-12-08.12", "dist": "51.871", "sigma_lov": "0.73583", "sigma_imp": "2.041", "ps": "-8.94"}, {"energy": "3.323e+00", "width": "4.5033e+01", "ip": "8.781e-10", "ts": "0", "stretch": "3.4885e+06", "date": "2063-11-28.85", "dist": "60.201", "sigma_lov": "0.88791", "sigma_imp": "1.315", "ps": "-8.79"}, {"energy": "4.201e+00", "width": "7.8521e+01", "ip": "1.687e-09", "ts": "0", "stretch": "1.5735e+06", "date": "2063-11-25.60", "dist": "65.845", "sigma_lov": "1.02285", "sigma_imp": "0.826", "ps": "-8.42"}, {"energy": "4.236e+00", "width": "4.8498e+01", "ip": "7.479e-10", "ts": "0", "stretch": "3.0513e+06", "date": "2063-11-25.36", "dist": "67.910", "sigma_lov": "1.02734", "sigma_imp": "1.380", "ps": "-8.77"}, {"energy": "6.182e+00", "width": "4.4909e+02", "ip": "1.930e-10", "ts": "0", "stretch": "2.6374e+06", "date": "2063-11-21.47", "dist": "81.150", "sigma_lov": "1.23808", "sigma_imp": "0.178", "ps": "-9.23"}, {"energy": "6.510e+00", "width": "3.7693e+02", "ip": "4.899e-10", "ts": "0", "stretch": "1.1916e+06", "date": "2063-11-21.27", "dist": "74.413", "sigma_lov": "1.26594", "sigma_imp": "0.195", "ps": "-8.80"}, {"energy": "7.194e+00", "width": "1.2984e+02", "ip": "3.991e-10", "ts": "0", "stretch": "3.5782e+06", "date": "2063-11-20.74", "dist": "63.902", "sigma_lov": "1.31976", "sigma_imp": "0.484", "ps": "-8.86"}, {"energy": "2.383e+00", "width": "2.0703e+02", "ip": "8.298e-10", "ts": "0", "stretch": "2.2905e+06", "date": "2063-01-16.89", "dist": "32.053", "sigma_lov": "0.67460", "sigma_imp": "0.150", "ps": "-8.92"}, {"energy": "2.383e+00", "width": "6.5126e+01", "ip": "2.721e-09", "ts": "0", "stretch": "1.9648e+06", "date": "2062-12-19.13", "dist": "33.744", "sigma_lov": "0.67450", "sigma_imp": "0.503", "ps": "-8.40"}, {"energy": "3.459e+00", "width": "3.2030e+01", "ip": "8.613e-10", "ts": "0", "stretch": "1.4317e+06", "date": "2061-11-27.72", "dist": "66.004", "sigma_lov": "0.91161", "sigma_imp": "2.029", "ps": "-8.76"}, {"energy": "3.451e+00", "width": "3.9012e+01", "ip": "3.470e-10", "ts": "0", "stretch": "7.0949e+06", "date": "2061-11-27.62", "dist": "61.331", "sigma_lov": "0.91021", "sigma_imp": "1.546", "ps": "-9.16"}, {"energy": "5.422e+00", "width": "8.4424e+02", "ip": "6.319e-09", "ts": "0", "stretch": "4.7392e+04", "date": "2061-11-21.81", "dist": "78.509", "sigma_lov": "1.16414", "sigma_imp": "0.092", "ps": "-7.74"}, {"energy": "5.410e+00", "width": "1.0093e+02", "ip": "2.056e-10", "ts": "0", "stretch": "8.3250e+06", "date": "2061-11-21.80", "dist": "88.756", "sigma_lov": "1.16270", "sigma_imp": "0.870", "ps": "-9.23"}, {"energy": "9.539e+00", "width": "8.2531e+01", "ip": "1.584e-09", "ts": "0", "stretch": "9.9255e+05", "date": "2061-11-18.52", "dist": "59.125", "sigma_lov": "1.47810", "sigma_imp": "0.704", "ps": "-8.14"}, {"energy": "1.680e+01", "width": "2.4004e+01", "ip": "2.106e-10", "ts": "0", "stretch": "8.1565e+06", "date": "2061-11-16.66", "dist": "31.753", "sigma_lov": "1.80033", "sigma_imp": "1.281", "ps": "-8.82"}, {"energy": "1.799e+01", "width": "3.0991e+01", "ip": "6.890e-10", "ts": "0", "stretch": "2.7285e+06", "date": "2061-11-16.44", "dist": "29.610", "sigma_lov": "1.84016", "sigma_imp": "0.923", "ps": "-8.28"}, {"energy": "2.592e+00", "width": "3.2452e+01", "ip": "1.290e-09", "ts": "0", "stretch": "2.7793e+06", "date": "2060-12-08.06", "dist": "50.059", "sigma_lov": "0.73324", "sigma_imp": "1.512", "ps": "-8.68"}, {"energy": "2.784e+00", "width": "3.3447e+01", "ip": "5.761e-10", "ts": "0", "stretch": "8.0609e+06", "date": "2060-12-03.79", "dist": "43.985", "sigma_lov": "0.78027", "sigma_imp": "1.285", "ps": "-9.00"}, {"energy": "3.362e+00", "width": "3.8640e+01", "ip": "2.450e-09", "ts": "0", "stretch": "9.2197e+05", "date": "2060-11-28.07", "dist": "63.366", "sigma_lov": "0.89572", "sigma_imp": "1.614", "ps": "-8.31"}, {"energy": "3.367e+00", "width": "3.0771e+01", "ip": "2.796e-09", "ts": "0", "stretch": "5.7744e+05", "date": "2060-11-28.04", "dist": "60.103", "sigma_lov": "0.89658", "sigma_imp": "1.921", "ps": "-8.25"}, {"energy": "3.376e+00", "width": "4.9999e+01", "ip": "1.684e-09", "ts": "0", "stretch": "1.6279e+06", "date": "2060-11-27.83", "dist": "66.743", "sigma_lov": "0.89816", "sigma_imp": "1.315", "ps": "-8.47"}, {"energy": "1.471e+01", "width": "4.4508e+01", "ip": "1.463e-09", "ts": "0", "stretch": "1.1126e+06", "date": "2060-11-16.78", "dist": "42.090", "sigma_lov": "1.72326", "sigma_imp": "0.923", "ps": "-8.02"}, {"energy": "2.660e+00", "width": "3.7510e+01", "ip": "3.972e-10", "ts": "0", "stretch": "1.0001e+07", "date": "2058-12-06.59", "dist": "51.127", "sigma_lov": "0.75081", "sigma_imp": "1.336", "ps": "-9.16"}, {"energy": "3.535e+00", "width": "2.7526e+01", "ip": "9.143e-10", "ts": "0", "stretch": "1.3483e+06", "date": "2058-11-28.15", "dist": "58.560", "sigma_lov": "0.92498", "sigma_imp": "2.091", "ps": "-8.70"}, {"energy": "3.993e+00", "width": "3.8908e+01", "ip": "1.868e-09", "ts": "0", "stretch": "9.8579e+05", "date": "2058-11-25.79", "dist": "66.217", "sigma_lov": "0.99479", "sigma_imp": "1.676", "ps": "-8.34"}, {"energy": "2.562e+00", "width": "2.3449e+02", "ip": "7.496e-10", "ts": "0", "stretch": "1.8874e+06", "date": "2058-02-10.31", "dist": "126.429", "sigma_lov": "0.72794", "sigma_imp": "0.535", "ps": "-8.89"}, {"energy": "2.389e+00", "width": "2.0290e+02", "ip": "1.751e-09", "ts": "0", "stretch": "1.1002e+06", "date": "2058-01-18.72", "dist": "37.022", "sigma_lov": "0.67728", "sigma_imp": "0.178", "ps": "-8.54"}, {"energy": "2.390e+00", "width": "5.8670e+01", "ip": "3.279e-09", "ts": "0", "stretch": "1.7012e+06", "date": "2057-12-17.45", "dist": "36.608", "sigma_lov": "0.67707", "sigma_imp": "0.607", "ps": "-8.27"}, {"energy": "2.582e+00", "width": "2.9217e+01", "ip": "9.959e-10", "ts": "0", "stretch": "2.7941e+06", "date": "2057-12-08.09", "dist": "51.431", "sigma_lov": "0.73137", "sigma_imp": "1.726", "ps": "-8.76"}, {"energy": "2.784e+00", "width": "1.8461e+01", "ip": "6.071e-10", "ts": "0", "stretch": "2.7243e+05", "date": "2057-12-03.84", "dist": "57.179", "sigma_lov": "0.78099", "sigma_imp": "3.043", "ps": "-8.95"}, {"energy": "1.149e+01", "width": "3.0685e+01", "ip": "2.580e-10", "ts": "0", "stretch": "4.4455e+06", "date": "2057-11-17.82", "dist": "51.406", "sigma_lov": "1.58146", "sigma_imp": "1.643", "ps": "-8.83"}, {"energy": "2.992e+00", "width": "2.1167e+01", "ip": "7.439e-10", "ts": "0", "stretch": "9.8394e+05", "date": "2056-12-01.75", "dist": "53.007", "sigma_lov": "0.82479", "sigma_imp": "2.457", "ps": "-8.82"}, {"energy": "2.992e+00", "width": "4.4445e+01", "ip": "5.444e-09", "ts": "0", "stretch": "6.8996e+05", "date": "2056-12-01.75", "dist": "54.686", "sigma_lov": "0.82456", "sigma_imp": "1.208", "ps": "-7.96"}, {"energy": "2.989e+00", "width": "5.8282e+01", "ip": "1.984e-09", "ts": "0", "stretch": "2.0815e+06", "date": "2056-12-01.74", "dist": "51.571", "sigma_lov": "0.82406", "sigma_imp": "0.868", "ps": "-8.40"}, {"energy": "3.710e+00", "width": "6.1063e+01", "ip": "1.926e-09", "ts": "0", "stretch": "1.5163e+06", "date": "2056-11-26.10", "dist": "65.634", "sigma_lov": "0.95197", "sigma_imp": "1.058", "ps": "-8.34"}, {"energy": "2.425e+00", "width": "2.0359e+02", "ip": "4.796e-10", "ts": "0", "stretch": "3.8694e+06", "date": "2056-01-24.89", "dist": "60.247", "sigma_lov": "0.68778", "sigma_imp": "0.291", "ps": "-9.08"}, {"energy": "2.427e+00", "width": "6.5163e+01", "ip": "1.547e-09", "ts": "0", "stretch": "3.2434e+06", "date": "2055-12-14.95", "dist": "39.984", "sigma_lov": "0.68757", "sigma_imp": "0.598", "ps": "-8.57"}, {"energy": "2.427e+00", "width": "5.3077e+01", "ip": "3.146e-09", "ts": "0", "stretch": "1.7704e+06", "date": "2055-12-14.88", "dist": "40.363", "sigma_lov": "0.68761", "sigma_imp": "0.742", "ps": "-8.26"}, {"energy": "2.663e+00", "width": "3.7463e+01", "ip": "3.269e-09", "ts": "0", "stretch": "1.1815e+06", "date": "2055-12-06.89", "dist": "51.864", "sigma_lov": "0.75090", "sigma_imp": "1.358", "ps": "-8.21"}, {"energy": "3.198e+00", "width": "4.1944e+01", "ip": "2.136e-09", "ts": "0", "stretch": "1.2340e+06", "date": "2055-11-29.96", "dist": "63.181", "sigma_lov": "0.86562", "sigma_imp": "1.482", "ps": "-8.33"}, {"energy": "1.048e+01", "width": "3.7807e+01", "ip": "5.609e-10", "ts": "0", "stretch": "2.2139e+06", "date": "2055-11-18.61", "dist": "58.417", "sigma_lov": "1.53090", "sigma_imp": "1.519", "ps": "-8.50"}, {"energy": "6.064e+00", "width": "8.5085e+02", "ip": "1.903e-10", "ts": "0", "stretch": "1.4340e+06", "date": "2055-06-03.41", "dist": "148.563", "sigma_lov": "1.22633", "sigma_imp": "0.173", "ps": "-9.15"}, {"energy": "2.378e+00", "width": "1.9864e+02", "ip": "2.485e-09", "ts": "0", "stretch": "7.9849e+05", "date": "2055-01-16.41", "dist": "30.178", "sigma_lov": "0.67269", "sigma_imp": "0.147", "ps": "-8.36"}, {"energy": "2.576e+00", "width": "3.1786e+01", "ip": "1.078e-09", "ts": "0", "stretch": "3.3960e+06", "date": "2054-12-08.90", "dist": "49.071", "sigma_lov": "0.72944", "sigma_imp": "1.512", "ps": "-8.69"}, {"energy": "2.788e+00", "width": "1.0839e+02", "ip": "4.989e-09", "ts": "0", "stretch": "5.9648e+05", "date": "2054-12-03.69", "dist": "55.784", "sigma_lov": "0.78201", "sigma_imp": "0.505", "ps": "-8.00"}, {"energy": "3.069e+00", "width": "4.4498e+01", "ip": "9.656e-10", "ts": "0", "stretch": "2.9342e+06", "date": "2054-11-30.66", "dist": "63.678", "sigma_lov": "0.84130", "sigma_imp": "1.409", "ps": "-8.68"}, {"energy": "6.280e+00", "width": "8.0300e+01", "ip": "1.274e-09", "ts": "0", "stretch": "1.4743e+06", "date": "2054-11-20.98", "dist": "73.864", "sigma_lov": "1.24534", "sigma_imp": "0.907", "ps": "-8.31"}, {"energy": "7.206e+00", "width": "1.7332e+02", "ip": "6.618e-09", "ts": "0", "stretch": "1.6950e+05", "date": "2054-11-20.45", "dist": "66.058", "sigma_lov": "1.32049", "sigma_imp": "0.375", "ps": "-7.55"}, {"energy": "1.086e+01", "width": "4.9173e+01", "ip": "4.540e-09", "ts": "0", "stretch": "3.7484e+05", "date": "2054-11-18.40", "dist": "53.253", "sigma_lov": "1.54990", "sigma_imp": "1.063", "ps": "-7.57"}, {"energy": "1.097e+01", "width": "4.6169e+01", "ip": "4.441e-10", "ts": "0", "stretch": "3.3772e+06", "date": "2054-11-18.21", "dist": "57.142", "sigma_lov": "1.55633", "sigma_imp": "1.216", "ps": "-8.57"}, {"energy": "2.474e+00", "width": "2.1970e+02", "ip": "6.828e-10", "ts": "0", "stretch": "2.4171e+06", "date": "2054-01-31.39", "dist": "84.351", "sigma_lov": "0.70376", "sigma_imp": "0.379", "ps": "-8.89"}, {"energy": "1.895e+01", "width": "2.8168e+01", "ip": "2.954e-10", "ts": "0", "stretch": "6.0412e+06", "date": "2053-11-16.29", "dist": "29.469", "sigma_lov": "1.87085", "sigma_imp": "1.011", "ps": "-8.55"}, {"energy": "2.665e+00", "width": "3.2373e+01", "ip": "3.649e-09", "ts": "0", "stretch": "1.1317e+06", "date": "2052-12-06.31", "dist": "46.608", "sigma_lov": "0.75212", "sigma_imp": "1.409", "ps": "-8.13"}, {"energy": "2.668e+00", "width": "4.5411e+01", "ip": "3.164e-09", "ts": "0", "stretch": "1.6964e+06", "date": "2052-12-06.23", "dist": "42.377", "sigma_lov": "0.75263", "sigma_imp": "0.911", "ps": "-8.19"}, {"energy": "2.897e+00", "width": "3.1691e+01", "ip": "4.426e-10", "ts": "0", "stretch": "8.0163e+06", "date": "2052-12-02.43", "dist": "48.431", "sigma_lov": "0.80568", "sigma_imp": "1.497", "ps": "-9.01"}, {"energy": "3.227e+00", "width": "3.8163e+01", "ip": "5.316e-10", "ts": "0", "stretch": "5.5095e+06", "date": "2052-11-28.86", "dist": "57.071", "sigma_lov": "0.87189", "sigma_imp": "1.469", "ps": "-8.90"}, {"energy": "3.251e+00", "width": "4.7960e+01", "ip": "2.681e-09", "ts": "0", "stretch": "1.2816e+06", "date": "2052-11-28.81", "dist": "57.795", "sigma_lov": "0.87643", "sigma_imp": "1.184", "ps": "-8.19"}, {"energy": "2.361e+00", "width": "2.1082e+02", "ip": "7.610e-09", "ts": "0", "stretch": "2.4843e+05", "date": "2052-01-12.63", "dist": "17.983", "sigma_lov": "0.66797", "sigma_imp": "0.081", "ps": "-7.84"}, {"energy": "2.794e+00", "width": "1.0619e+02", "ip": "2.056e-09", "ts": "0", "stretch": "1.4913e+06", "date": "2051-12-03.88", "dist": "52.486", "sigma_lov": "0.78347", "sigma_imp": "0.485", "ps": "-8.35"}, {"energy": "5.124e+00", "width": "2.1366e+01", "ip": "1.262e-10", "ts": "0", "stretch": "6.8947e+05", "date": "2051-11-23.47", "dist": "67.266", "sigma_lov": "1.13271", "sigma_imp": "3.101", "ps": "-9.35"}, {"energy": "1.014e+01", "width": "2.6784e+01", "ip": "3.080e-10", "ts": "0", "stretch": "1.9326e+06", "date": "2051-11-18.80", "dist": "57.488", "sigma_lov": "1.51165", "sigma_imp": "2.109", "ps": "-8.72"}, {"energy": "1.232e+01", "width": "9.6864e+01", "ip": "7.384e-10", "ts": "0", "stretch": "1.6371e+06", "date": "2051-11-18.09", "dist": "50.582", "sigma_lov": "1.62188", "sigma_imp": "0.512", "ps": "-8.28"}, {"energy": "1.562e+01", "width": "3.8716e+01", "ip": "4.086e-10", "ts": "0", "stretch": "3.3940e+06", "date": "2051-11-17.29", "dist": "45.342", "sigma_lov": "1.75817", "sigma_imp": "1.145", "ps": "-8.45"}, {"energy": "6.205e+00", "width": "6.0269e+02", "ip": "1.570e-09", "ts": "0", "stretch": "2.3379e+05", "date": "2051-06-04.92", "dist": "183.778", "sigma_lov": "1.23998", "sigma_imp": "0.303", "ps": "-8.18"}, {"energy": "6.153e+00", "width": "1.1316e+03", "ip": "2.927e-10", "ts": "0", "stretch": "6.9552e+05", "date": "2051-06-04.44", "dist": "169.417", "sigma_lov": "1.23589", "sigma_imp": "0.149", "ps": "-8.91"}, {"energy": "4.707e+00", "width": "6.3567e+01", "ip": "4.025e-09", "ts": "0", "stretch": "5.1964e+05", "date": "2050-11-23.03", "dist": "77.014", "sigma_lov": "1.08687", "sigma_imp": "1.196", "ps": "-7.86"}, {"energy": "2.403e+00", "width": "2.1507e+02", "ip": "2.211e-09", "ts": "0", "stretch": "8.1374e+05", "date": "2050-01-21.26", "dist": "46.770", "sigma_lov": "0.68229", "sigma_imp": "0.213", "ps": "-8.34"}, {"energy": "3.792e+00", "width": "3.7105e+01", "ip": "2.234e-09", "ts": "0", "stretch": "6.5927e+05", "date": "2049-11-26.06", "dist": "69.398", "sigma_lov": "0.96443", "sigma_imp": "1.843", "ps": "-8.18"}, {"energy": "3.768e+00", "width": "8.1468e+01", "ip": "2.367e-09", "ts": "0", "stretch": "1.1586e+06", "date": "2049-11-25.89", "dist": "67.571", "sigma_lov": "0.96091", "sigma_imp": "0.817", "ps": "-8.16"}, {"energy": "6.346e+00", "width": "7.3713e+01", "ip": "2.353e-09", "ts": "0", "stretch": "8.2094e+05", "date": "2049-11-20.71", "dist": "71.794", "sigma_lov": "1.25034", "sigma_imp": "0.960", "ps": "-7.98"}, {"energy": "2.533e+00", "width": "2.2738e+02", "ip": "7.673e-10", "ts": "0", "stretch": "1.9665e+06", "date": "2049-02-06.26", "dist": "110.227", "sigma_lov": "0.71992", "sigma_imp": "0.480", "ps": "-8.77"}, {"energy": "9.431e+00", "width": "4.6880e+01", "ip": "5.380e-10", "ts": "0", "stretch": "3.1080e+06", "date": "2048-11-18.33", "dist": "58.156", "sigma_lov": "1.47199", "sigma_imp": "1.219", "ps": "-8.47"}, {"energy": "2.456e+00", "width": "2.1505e+02", "ip": "9.492e-10", "ts": "0", "stretch": "1.8126e+06", "date": "2048-01-29.01", "dist": "73.248", "sigma_lov": "0.69727", "sigma_imp": "0.336", "ps": "-8.68"}, {"energy": "3.477e+00", "width": "5.7674e+01", "ip": "3.482e-09", "ts": "0", "stretch": "8.5038e+05", "date": "2047-11-28.19", "dist": "66.006", "sigma_lov": "0.91573", "sigma_imp": "1.127", "ps": "-7.99"}, {"energy": "3.462e+00", "width": "1.3535e+02", "ip": "3.870e-09", "ts": "0", "stretch": "5.5712e+05", "date": "2047-11-27.87", "dist": "66.734", "sigma_lov": "0.91314", "sigma_imp": "0.486", "ps": "-7.94"}, {"energy": "4.809e+00", "width": "1.1228e+02", "ip": "2.137e-09", "ts": "0", "stretch": "9.0461e+05", "date": "2046-11-23.41", "dist": "76.427", "sigma_lov": "1.09743", "sigma_imp": "0.672", "ps": "-8.07"}, {"energy": "1.817e+01", "width": "1.8714e+01", "ip": "3.749e-10", "ts": "0", "stretch": "1.7315e+06", "date": "2046-11-16.56", "dist": "37.572", "sigma_lov": "1.84555", "sigma_imp": "1.954", "ps": "-8.37"}, {"energy": "2.856e+00", "width": "1.2316e+02", "ip": "1.541e-09", "ts": "0", "stretch": "1.3820e+06", "date": "2046-11-03.91", "dist": "138.049", "sigma_lov": "-0.18331", "sigma_imp": "1.113", "ps": "-8.40"}, {"energy": "2.856e+00", "width": "1.2316e+02", "ip": "1.541e-09", "ts": "0", "stretch": "1.3820e+06", "date": "2046-11-03.91", "dist": "138.049", "sigma_lov": "-0.18275", "sigma_imp": "1.113", "ps": "-8.40"}, {"energy": "5.789e+00", "width": "1.3497e+03", "ip": "2.450e-10", "ts": "0", "stretch": "7.3294e+05", "date": "2046-05-31.33", "dist": "90.718", "sigma_lov": "1.20157", "sigma_imp": "0.066", "ps": "-8.94"}, {"energy": "5.788e+00", "width": "1.3497e+03", "ip": "2.450e-10", "ts": "0", "stretch": "7.3294e+05", "date": "2046-05-31.33", "dist": "90.718", "sigma_lov": "1.20059", "sigma_imp": "0.066", "ps": "-8.94"}, {"energy": "2.520e+00", "width": "2.2619e+02", "ip": "5.338e-09", "ts": "0", "stretch": "2.8752e+05", "date": "2046-02-05.63", "dist": "105.222", "sigma_lov": "0.71651", "sigma_imp": "0.461", "ps": "-7.89"}, {"energy": "2.815e+00", "width": "6.4045e+01", "ip": "1.077e-09", "ts": "0", "stretch": "4.0387e+06", "date": "2045-12-03.21", "dist": "47.470", "sigma_lov": "0.78709", "sigma_imp": "0.726", "ps": "-8.54"}, {"energy": "1.136e+01", "width": "4.0469e+01", "ip": "1.293e-09", "ts": "0", "stretch": "1.0091e+06", "date": "2045-11-17.80", "dist": "57.408", "sigma_lov": "1.57597", "sigma_imp": "1.394", "ps": "-7.98"}, {"energy": "5.490e+00", "width": "5.6386e+02", "ip": "2.899e-10", "ts": "0", "stretch": "1.5436e+06", "date": "2045-05-26.98", "dist": "13.937", "sigma_lov": "1.16922", "sigma_imp": "0.023", "ps": "-8.87"}, {"energy": "5.483e+00", "width": "3.3884e+02", "ip": "1.125e-09", "ts": "0", "stretch": "6.6199e+05", "date": "2045-05-26.92", "dist": "11.144", "sigma_lov": "1.16858", "sigma_imp": "0.030", "ps": "-8.28"}, {"energy": "5.488e+00", "width": "5.2036e+02", "ip": "1.838e-10", "ts": "0", "stretch": "2.6375e+06", "date": "2045-05-26.91", "dist": "15.587", "sigma_lov": "1.16947", "sigma_imp": "0.028", "ps": "-9.07"}, {"energy": "5.475e+00", "width": "3.8229e+02", "ip": "1.079e-09", "ts": "0", "stretch": "6.1220e+05", "date": "2045-05-26.80", "dist": "9.973", "sigma_lov": "1.16815", "sigma_imp": "0.023", "ps": "-8.30"}, {"energy": "2.449e+00", "width": "2.1162e+02", "ip": "8.872e-10", "ts": "0", "stretch": "1.9868e+06", "date": "2045-01-26.70", "dist": "67.896", "sigma_lov": "0.69491", "sigma_imp": "0.316", "ps": "-8.66"}, {"energy": "2.444e+00", "width": "2.0963e+02", "ip": "3.486e-09", "ts": "0", "stretch": "5.1270e+05", "date": "2045-01-26.17", "dist": "65.195", "sigma_lov": "0.69325", "sigma_imp": "0.306", "ps": "-8.07"}, {"energy": "3.075e+00", "width": "7.1856e+01", "ip": "7.329e-09", "ts": "0", "stretch": "4.5523e+05", "date": "2044-11-30.23", "dist": "62.680", "sigma_lov": "0.84221", "sigma_imp": "0.858", "ps": "-7.66"}, {"energy": "1.933e+01", "width": "3.1860e+01", "ip": "5.549e-10", "ts": "0", "stretch": "2.2664e+06", "date": "2044-11-15.91", "dist": "39.120", "sigma_lov": "1.88154", "sigma_imp": "1.197", "ps": "-8.14"}, {"energy": "2.368e+00", "width": "2.0498e+02", "ip": "1.905e-09", "ts": "0", "stretch": "1.0192e+06", "date": "2044-01-13.91", "dist": "19.665", "sigma_lov": "0.66916", "sigma_imp": "0.091", "ps": "-8.33"}, {"energy": "2.367e+00", "width": "7.9443e+01", "ip": "7.545e-09", "ts": "0", "stretch": "6.0451e+05", "date": "2043-12-20.60", "dist": "35.178", "sigma_lov": "0.66931", "sigma_imp": "0.430", "ps": "-7.73"}, {"energy": "2.937e+00", "width": "5.2541e+01", "ip": "6.534e-10", "ts": "0", "stretch": "6.1228e+06", "date": "2043-12-01.94", "dist": "54.361", "sigma_lov": "0.81402", "sigma_imp": "1.016", "ps": "-8.71"}, {"energy": "5.571e+00", "width": "1.8058e+02", "ip": "1.479e-09", "ts": "0", "stretch": "8.5207e+05", "date": "2043-11-22.16", "dist": "78.416", "sigma_lov": "1.17709", "sigma_imp": "0.429", "ps": "-8.14"}, {"energy": "4.744e+00", "width": "5.1640e+02", "ip": "1.346e-09", "ts": "0", "stretch": "3.7965e+05", "date": "2043-05-15.47", "dist": "153.795", "sigma_lov": "1.09059", "sigma_imp": "0.296", "ps": "-8.22"}, {"energy": "2.504e+00", "width": "2.2175e+02", "ip": "7.533e-10", "ts": "0", "stretch": "2.1147e+06", "date": "2043-02-03.43", "dist": "96.069", "sigma_lov": "0.71210", "sigma_imp": "0.429", "ps": "-8.69"}, {"energy": "3.880e+00", "width": "2.8285e+01", "ip": "2.110e-10", "ts": "0", "stretch": "4.1181e+06", "date": "2042-11-26.19", "dist": "63.693", "sigma_lov": "0.97786", "sigma_imp": "2.216", "ps": "-9.09"}, {"energy": "4.592e+00", "width": "3.8004e+01", "ip": "8.396e-10", "ts": "0", "stretch": "1.8242e+06", "date": "2041-11-23.94", "dist": "67.457", "sigma_lov": "1.07287", "sigma_imp": "1.749", "ps": "-8.41"}, {"energy": "6.298e+00", "width": "2.6229e+01", "ip": "1.865e-09", "ts": "0", "stretch": "8.9480e+04", "date": "2040-11-20.46", "dist": "73.834", "sigma_lov": "1.24702", "sigma_imp": "2.777", "ps": "-7.94"}, {"energy": "1.422e+01", "width": "4.4536e+01", "ip": "1.791e-09", "ts": "0", "stretch": "7.3107e+05", "date": "2040-11-16.79", "dist": "52.596", "sigma_lov": "1.70376", "sigma_imp": "1.159", "ps": "-7.67"}, {"energy": "2.202e+01", "width": "2.9973e+01", "ip": "3.920e-10", "ts": "0", "stretch": "3.4584e+06", "date": "2040-11-15.54", "dist": "32.592", "sigma_lov": "1.95889", "sigma_imp": "1.054", "ps": "-8.18"}, {"energy": "2.500e+00", "width": "2.2045e+02", "ip": "6.458e-10", "ts": "0", "stretch": "2.4850e+06", "date": "2040-02-03.29", "dist": "95.244", "sigma_lov": "0.71085", "sigma_imp": "0.428", "ps": "-8.71"}, {"energy": "2.492e+00", "width": "2.1971e+02", "ip": "2.831e-09", "ts": "0", "stretch": "5.7412e+05", "date": "2040-02-02.43", "dist": "90.946", "sigma_lov": "0.70835", "sigma_imp": "0.409", "ps": "-8.07"}, {"energy": "4.877e+00", "width": "4.8556e+02", "ip": "6.557e-10", "ts": "0", "stretch": "8.2366e+05", "date": "2039-05-17.89", "dist": "125.340", "sigma_lov": "1.10639", "sigma_imp": "0.256", "ps": "-8.45"}, {"energy": "2.408e+00", "width": "2.0999e+02", "ip": "1.177e-09", "ts": "0", "stretch": "1.5607e+06", "date": "2039-01-21.42", "dist": "47.397", "sigma_lov": "0.68411", "sigma_imp": "0.221", "ps": "-8.44"}, {"energy": "2.398e+00", "width": "2.0515e+02", "ip": "4.889e-09", "ts": "0", "stretch": "3.8747e+05", "date": "2039-01-19.99", "dist": "41.491", "sigma_lov": "0.68051", "sigma_imp": "0.197", "ps": "-7.82"}, {"energy": "2.404e+00", "width": "5.5180e+01", "ip": "1.660e-08", "ts": "0", "stretch": "3.3950e+05", "date": "2038-12-16.62", "dist": "38.461", "sigma_lov": "0.68135", "sigma_imp": "0.679", "ps": "-7.29"}, {"energy": "2.412e+00", "width": "5.0803e+01", "ip": "6.474e-09", "ts": "0", "stretch": "9.1140e+05", "date": "2038-12-16.51", "dist": "37.867", "sigma_lov": "0.68384", "sigma_imp": "0.726", "ps": "-7.70"}, {"energy": "2.580e+00", "width": "2.1252e+02", "ip": "1.986e-10", "ts": "0", "stretch": "7.0672e+06", "date": "2038-02-13.40", "dist": "149.854", "sigma_lov": "0.73207", "sigma_imp": "0.700", "ps": "-9.17"}, {"energy": "2.589e+00", "width": "2.3524e+02", "ip": "2.604e-09", "ts": "0", "stretch": "5.2581e+05", "date": "2038-02-12.55", "dist": "137.236", "sigma_lov": "0.73423", "sigma_imp": "0.579", "ps": "-8.05"}, {"energy": "2.618e+00", "width": "9.1633e+01", "ip": "7.820e-09", "ts": "0", "stretch": "4.6135e+05", "date": "2037-12-07.52", "dist": "48.438", "sigma_lov": "0.74026", "sigma_imp": "0.518", "ps": "-7.56"}, {"energy": "2.605e+00", "width": "2.0348e+01", "ip": "1.862e-09", "ts": "0", "stretch": "3.6511e+05", "date": "2037-12-07.51", "dist": "52.415", "sigma_lov": "0.73693", "sigma_imp": "2.527", "ps": "-8.19"}, {"energy": "2.996e+00", "width": "4.9735e+01", "ip": "6.623e-10", "ts": "0", "stretch": "5.8466e+06", "date": "2037-11-30.83", "dist": "55.080", "sigma_lov": "0.82557", "sigma_imp": "1.087", "ps": "-8.59"}, {"energy": "1.613e+01", "width": "4.5333e+01", "ip": "1.244e-10", "ts": "0", "stretch": "1.0582e+07", "date": "2037-11-16.61", "dist": "47.397", "sigma_lov": "1.77700", "sigma_imp": "1.023", "ps": "-8.73"}, {"energy": "5.597e+00", "width": "1.0800e+03", "ip": "1.648e-10", "ts": "0", "stretch": "1.3902e+06", "date": "2037-05-29.23", "dist": "54.248", "sigma_lov": "1.18502", "sigma_imp": "0.049", "ps": "-8.97"}, {"energy": "2.472e+00", "width": "2.1580e+02", "ip": "8.596e-10", "ts": "0", "stretch": "1.9758e+06", "date": "2037-01-29.24", "dist": "77.487", "sigma_lov": "0.70154", "sigma_imp": "0.354", "ps": "-8.53"}, {"energy": "5.277e+00", "width": "6.2273e+02", "ip": "7.620e-10", "ts": "0", "stretch": "5.4071e+05", "date": "2036-05-24.17", "dist": "42.422", "sigma_lov": "1.15296", "sigma_imp": "0.067", "ps": "-8.30"}, {"energy": "2.372e+00", "width": "2.0621e+02", "ip": "5.944e-09", "ts": "0", "stretch": "3.2333e+05", "date": "2036-01-14.97", "dist": "24.844", "sigma_lov": "0.67117", "sigma_imp": "0.116", "ps": "-7.68"}, {"energy": "2.372e+00", "width": "7.1106e+01", "ip": "1.613e-08", "ts": "0", "stretch": "3.1083e+05", "date": "2035-12-19.96", "dist": "33.774", "sigma_lov": "0.67173", "sigma_imp": "0.461", "ps": "-7.24"}, {"energy": "3.209e+00", "width": "3.4837e+01", "ip": "3.002e-09", "ts": "0", "stretch": "5.2326e+05", "date": "2035-11-29.53", "dist": "66.755", "sigma_lov": "0.86806", "sigma_imp": "1.887", "ps": "-7.87"}, {"energy": "1.988e+01", "width": "2.3505e+01", "ip": "5.749e-10", "ts": "0", "stretch": "1.4447e+06", "date": "2035-11-16.53", "dist": "39.908", "sigma_lov": "1.89846", "sigma_imp": "1.655", "ps": "-7.95"}, {"energy": "2.568e+00", "width": "2.3269e+02", "ip": "2.392e-09", "ts": "0", "stretch": "5.9077e+05", "date": "2035-02-10.89", "dist": "128.487", "sigma_lov": "0.73010", "sigma_imp": "0.548", "ps": "-8.02"}, {"energy": "2.583e+00", "width": "3.5979e+01", "ip": "2.620e-09", "ts": "0", "stretch": "1.3194e+06", "date": "2034-12-08.32", "dist": "53.930", "sigma_lov": "0.73199", "sigma_imp": "1.471", "ps": "-7.98"}, {"energy": "3.758e+00", "width": "4.2129e+01", "ip": "6.113e-10", "ts": "0", "stretch": "3.8708e+06", "date": "2034-11-26.39", "dist": "63.954", "sigma_lov": "0.95964", "sigma_imp": "1.494", "ps": "-8.48"}, {"energy": "1.332e+01", "width": "4.4787e+01", "ip": "1.101e-09", "ts": "0", "stretch": "1.1206e+06", "date": "2034-11-17.46", "dist": "57.129", "sigma_lov": "1.66677", "sigma_imp": "1.253", "ps": "-7.78"}, {"energy": "2.307e+01", "width": "2.3661e+01", "ip": "3.434e-10", "ts": "0", "stretch": "3.2207e+06", "date": "2034-11-15.82", "dist": "33.110", "sigma_lov": "1.98547", "sigma_imp": "1.357", "ps": "-8.10"}, {"energy": "4.530e+00", "width": "3.3401e+02", "ip": "6.428e-10", "ts": "0", "stretch": "1.1081e+06", "date": "2034-05-11.07", "dist": "197.520", "sigma_lov": "1.06566", "sigma_imp": "0.588", "ps": "-8.38"}, {"energy": "2.450e+00", "width": "2.1035e+02", "ip": "3.486e-09", "ts": "0", "stretch": "5.0791e+05", "date": "2034-01-27.19", "dist": "68.192", "sigma_lov": "0.69548", "sigma_imp": "0.319", "ps": "-7.85"}, {"energy": "2.457e+00", "width": "4.3994e+01", "ip": "1.074e-08", "ts": "0", "stretch": "4.9861e+05", "date": "2033-12-12.80", "dist": "44.431", "sigma_lov": "0.69655", "sigma_imp": "0.987", "ps": "-7.36"}, {"energy": "1.414e+01", "width": "2.7980e+01", "ip": "2.748e-10", "ts": "0", "stretch": "1.5115e+06", "date": "2033-11-16.94", "dist": "60.234", "sigma_lov": "1.69996", "sigma_imp": "2.117", "ps": "-8.34"}, {"energy": "1.928e+01", "width": "3.8727e+01", "ip": "1.244e-09", "ts": "0", "stretch": "7.8445e+05", "date": "2033-11-16.03", "dist": "49.495", "sigma_lov": "1.87933", "sigma_imp": "1.252", "ps": "-7.57"}, {"energy": "2.412e+01", "width": "2.1950e+01", "ip": "2.092e-10", "ts": "0", "stretch": "3.1993e+06", "date": "2033-11-15.44", "dist": "38.087", "sigma_lov": "2.01116", "sigma_imp": "1.690", "ps": "-8.27"}, {"energy": "3.291e+00", "width": "2.7352e+01", "ip": "9.185e-10", "ts": "0", "stretch": "5.9789e+05", "date": "2032-11-28.29", "dist": "68.288", "sigma_lov": "0.88254", "sigma_imp": "2.460", "ps": "-8.29"}, {"energy": "2.551e+00", "width": "2.2828e+02", "ip": "2.487e-09", "ts": "0", "stretch": "5.8947e+05", "date": "2032-02-09.36", "dist": "120.257", "sigma_lov": "0.72513", "sigma_imp": "0.522", "ps": "-7.93"}, {"energy": "2.568e+00", "width": "3.4400e+01", "ip": "5.908e-09", "ts": "0", "stretch": "6.0090e+05", "date": "2031-12-08.83", "dist": "52.066", "sigma_lov": "0.72695", "sigma_imp": "1.484", "ps": "-7.54"}, {"energy": "3.987e+00", "width": "5.6834e+01", "ip": "5.153e-10", "ts": "0", "stretch": "5.2300e+06", "date": "2031-11-25.79", "dist": "66.782", "sigma_lov": "0.99268", "sigma_imp": "1.157", "ps": "-8.45"}, {"energy": "7.309e+00", "width": "5.0701e+01", "ip": "6.074e-09", "ts": "0", "stretch": "2.5825e+05", "date": "2031-11-20.44", "dist": "70.059", "sigma_lov": "1.32948", "sigma_imp": "1.362", "ps": "-7.17"}, {"energy": "5.062e+00", "width": "3.8149e+02", "ip": "1.423e-10", "ts": "0", "stretch": "4.6449e+06", "date": "2031-05-20.91", "dist": "120.818", "sigma_lov": "1.12663", "sigma_imp": "0.314", "ps": "-8.91"}, {"energy": "2.415e+00", "width": "2.1506e+02", "ip": "8.089e-10", "ts": "0", "stretch": "2.2117e+06", "date": "2031-01-21.98", "dist": "49.789", "sigma_lov": "0.68579", "sigma_imp": "0.227", "ps": "-8.40"}, {"energy": "2.420e+00", "width": "1.6807e+01", "ip": "6.180e-10", "ts": "0", "stretch": "2.7228e+06", "date": "2030-12-13.64", "dist": "38.614", "sigma_lov": "0.68563", "sigma_imp": "2.238", "ps": "-8.52"}, {"energy": "2.887e+00", "width": "2.2731e+01", "ip": "5.853e-10", "ts": "0", "stretch": "6.6252e+05", "date": "2030-12-02.54", "dist": "61.975", "sigma_lov": "0.80399", "sigma_imp": "2.682", "ps": "-8.48"}, {"energy": "5.288e+00", "width": "3.9988e+02", "ip": "2.164e-10", "ts": "0", "stretch": "2.8959e+06", "date": "2030-11-22.32", "dist": "90.548", "sigma_lov": "1.15332", "sigma_imp": "0.224", "ps": "-8.70"}, {"energy": "5.487e+00", "width": "6.3177e+01", "ip": "2.412e-08", "ts": "0", "stretch": "7.6585e+04", "date": "2030-11-21.95", "dist": "78.432", "sigma_lov": "1.17009", "sigma_imp": "1.226", "ps": "-6.64"}, {"energy": "9.686e+00", "width": "8.3566e+01", "ip": "1.075e-09", "ts": "0", "stretch": "1.3206e+06", "date": "2030-11-18.54", "dist": "68.319", "sigma_lov": "1.48594", "sigma_imp": "0.806", "ps": "-7.79"}, {"energy": "3.076e+00", "width": "2.9898e+02", "ip": "7.103e-10", "ts": "0", "stretch": "2.0504e+06", "date": "2030-10-07.67", "dist": "146.949", "sigma_lov": "-0.18666", "sigma_imp": "0.488", "ps": "-8.37"}, {"energy": "4.799e+00", "width": "1.4406e+02", "ip": "6.057e-10", "ts": "0", "stretch": "2.6898e+06", "date": "2029-11-23.20", "dist": "80.260", "sigma_lov": "1.09635", "sigma_imp": "0.550", "ps": "-8.25"}, {"energy": "2.528e+00", "width": "2.2527e+02", "ip": "2.972e-09", "ts": "0", "stretch": "5.1269e+05", "date": "2029-02-06.05", "dist": "109.240", "sigma_lov": "0.71918", "sigma_imp": "0.480", "ps": "-7.76"}, {"energy": "2.544e+00", "width": "3.6005e+01", "ip": "7.555e-09", "ts": "0", "stretch": "5.3000e+05", "date": "2028-12-08.89", "dist": "50.505", "sigma_lov": "0.72101", "sigma_imp": "1.375", "ps": "-7.34"}, {"energy": "2.383e+00", "width": "2.0313e+02", "ip": "6.456e-09", "ts": "0", "stretch": "2.9976e+05", "date": "2028-01-17.30", "dist": "32.074", "sigma_lov": "0.67536", "sigma_imp": "0.153", "ps": "-7.40"}, {"energy": "2.386e+00", "width": "6.4951e+01", "ip": "1.751e-08", "ts": "0", "stretch": "2.9873e+05", "date": "2027-12-18.25", "dist": "36.514", "sigma_lov": "0.67614", "sigma_imp": "0.547", "ps": "-6.96"}, {"energy": "2.917e+00", "width": "2.5254e+01", "ip": "9.970e-10", "ts": "0", "stretch": "6.4176e+05", "date": "2027-12-02.40", "dist": "62.930", "sigma_lov": "0.81051", "sigma_imp": "2.452", "ps": "-8.13"}, {"energy": "1.290e+01", "width": "3.6303e+01", "ip": "1.101e-09", "ts": "0", "stretch": "7.8298e+05", "date": "2027-11-17.74", "dist": "61.044", "sigma_lov": "1.64763", "sigma_imp": "1.654", "ps": "-7.57"}, {"energy": "1.651e+01", "width": "2.1187e+01", "ip": "1.194e-10", "ts": "0", "stretch": "1.2021e+06", "date": "2027-11-16.96", "dist": "56.073", "sigma_lov": "1.78978", "sigma_imp": "2.599", "ps": "-8.45"}, {"energy": "1.977e+01", "width": "2.4739e+01", "ip": "2.829e-10", "ts": "0", "stretch": "1.6224e+06", "date": "2027-11-16.46", "dist": "49.357", "sigma_lov": "1.89492", "sigma_imp": "1.955", "ps": "-8.01"}, {"energy": "5.329e+00", "width": "3.0074e+02", "ip": "3.791e-10", "ts": "0", "stretch": "2.2155e+06", "date": "2027-05-24.28", "dist": "54.125", "sigma_lov": "1.15464", "sigma_imp": "0.177", "ps": "-8.32"}, {"energy": "3.558e+00", "width": "3.6961e+01", "ip": "3.370e-09", "ts": "0", "stretch": "4.0991e+05", "date": "2026-11-27.00", "dist": "71.130", "sigma_lov": "0.92749", "sigma_imp": "1.897", "ps": "-7.49"}, {"energy": "1.396e+01", "width": "3.0130e+01", "ip": "4.817e-10", "ts": "0", "stretch": "1.0225e+06", "date": "2026-11-17.22", "dist": "61.509", "sigma_lov": "1.69339", "sigma_imp": "2.008", "ps": "-7.86"}, {"energy": "2.505e+00", "width": "2.1997e+02", "ip": "3.655e-09", "ts": "0", "stretch": "4.3872e+05", "date": "2026-02-03.20", "dist": "96.335", "sigma_lov": "0.71150", "sigma_imp": "0.433", "ps": "-7.54"}, {"energy": "2.517e+00", "width": "3.8006e+01", "ip": "9.933e-09", "ts": "0", "stretch": "4.4338e+05", "date": "2025-12-10.02", "dist": "49.259", "sigma_lov": "0.71337", "sigma_imp": "1.270", "ps": "-7.10"}, {"energy": "1.510e+01", "width": "2.6981e+01", "ip": "3.482e-10", "ts": "0", "stretch": "9.2159e+05", "date": "2025-11-16.71", "dist": "60.893", "sigma_lov": "1.73785", "sigma_imp": "2.220", "ps": "-7.93"}, {"energy": "2.956e+01", "width": "2.6973e+01", "ip": "4.909e-10", "ts": "0", "stretch": "3.4775e+06", "date": "2025-11-15.02", "dist": "12.631", "sigma_lov": "2.13308", "sigma_imp": "0.431", "ps": "-7.54"}, {"energy": "2.963e+00", "width": "2.4951e+01", "ip": "9.193e-10", "ts": "0", "stretch": "5.6709e+05", "date": "2024-12-01.07", "dist": "64.239", "sigma_lov": "0.81975", "sigma_imp": "2.535", "ps": "-8.02"}, {"energy": "2.391e+01", "width": "2.9657e+01", "ip": "5.445e-10", "ts": "0", "stretch": "1.6963e+06", "date": "2024-11-15.23", "dist": "39.563", "sigma_lov": "2.00728", "sigma_imp": "1.300", "ps": "-7.52"}, {"energy": "1.312e+01", "width": "5.6969e+01", "ip": "1.771e-09", "ts": "0", "stretch": "7.2795e+05", "date": "2023-11-17.74", "dist": "59.390", "sigma_lov": "1.65798", "sigma_imp": "1.025", "ps": "-7.15"}, {"energy": "2.977e+01", "width": "2.6079e+01", "ip": "4.749e-10", "ts": "0", "stretch": "3.7102e+06", "date": "2023-11-15.53", "dist": "11.713", "sigma_lov": "2.13813", "sigma_imp": "0.411", "ps": "-7.44"}, {"energy": "2.468e+00", "width": "2.1237e+02", "ip": "5.082e-09", "ts": "0", "stretch": "3.3911e+05", "date": "2023-01-29.73", "dist": "77.314", "sigma_lov": "0.70092", "sigma_imp": "0.359", "ps": "-7.22"}, {"energy": "2.478e+00", "width": "4.1724e+01", "ip": "1.471e-08", "ts": "0", "stretch": "3.4356e+05", "date": "2022-12-11.92", "dist": "46.323", "sigma_lov": "0.70279", "sigma_imp": "1.086", "ps": "-6.75"}, {"energy": "1.910e+01", "width": "2.5842e+01", "ip": "2.723e-10", "ts": "0", "stretch": "1.3238e+06", "date": "2022-11-16.26", "dist": "54.540", "sigma_lov": "1.87409", "sigma_imp": "2.072", "ps": "-7.77"}, {"energy": "4.708e+00", "width": "3.9987e+02", "ip": "1.747e-09", "ts": "0", "stretch": "3.6536e+05", "date": "2022-05-14.38", "dist": "162.507", "sigma_lov": "1.08626", "sigma_imp": "0.404", "ps": "-7.40"}, {"energy": "3.032e+00", "width": "2.5118e+01", "ip": "9.754e-10", "ts": "0", "stretch": "4.7035e+05", "date": "2021-11-30.58", "dist": "65.732", "sigma_lov": "0.83324", "sigma_imp": "2.577", "ps": "-7.77"}, {"energy": "5.358e+00", "width": "3.0024e+01", "ip": "1.790e-10", "ts": "0", "stretch": "3.7173e+06", "date": "2021-11-22.77", "dist": "67.809", "sigma_lov": "1.15746", "sigma_imp": "2.225", "ps": "-8.31"}, {"energy": "5.282e+00", "width": "1.0655e+02", "ip": "1.172e-09", "ts": "0", "stretch": "1.4598e+06", "date": "2021-11-22.30", "dist": "89.012", "sigma_lov": "1.14887", "sigma_imp": "0.826", "ps": "-7.50"}, {"energy": "2.414e+00", "width": "2.1111e+02", "ip": "7.806e-09", "ts": "0", "stretch": "2.3317e+05", "date": "2020-01-22.67", "dist": "50.473", "sigma_lov": "0.68521", "sigma_imp": "0.234", "ps": "-6.72"}, {"energy": "2.425e+00", "width": "6.2985e+01", "ip": "1.914e-08", "ts": "0", "stretch": "2.6313e+05", "date": "2019-12-14.92", "dist": "41.691", "sigma_lov": "0.68674", "sigma_imp": "0.646", "ps": "-6.32"}, {"energy": "1.362e+01", "width": "3.2848e+01", "ip": "9.223e-10", "ts": "0", "stretch": "5.4903e+05", "date": "2019-11-17.52", "dist": "65.594", "sigma_lov": "1.67907", "sigma_imp": "1.966", "ps": "-7.02"}, {"energy": "1.947e+01", "width": "2.4271e+01", "ip": "1.761e-10", "ts": "0", "stretch": "1.1532e+06", "date": "2019-11-16.48", "dist": "57.859", "sigma_lov": "1.88620", "sigma_imp": "2.343", "ps": "-7.62"}, {"energy": "3.148e+00", "width": "2.4076e+01", "ip": "7.508e-10", "ts": "0", "stretch": "3.7112e+05", "date": "2018-11-29.76", "dist": "67.640", "sigma_lov": "0.85579", "sigma_imp": "2.768", "ps": "-7.42"}, {"energy": "1.547e+01", "width": "2.2272e+01", "ip": "1.017e-10", "ts": "0", "stretch": "7.3846e+05", "date": "2018-11-16.85", "dist": "64.285", "sigma_lov": "1.75312", "sigma_imp": "2.842", "ps": "-7.73"}, {"energy": "4.895e+00", "width": "4.6199e+02", "ip": "2.136e-09", "ts": "0", "stretch": "2.6447e+05", "date": "2018-05-17.75", "dist": "123.995", "sigma_lov": "1.10811", "sigma_imp": "0.266", "ps": "-6.64"}, {"energy": "2.545e+00", "width": "2.2696e+02", "ip": "3.019e-10", "ts": "0", "stretch": "4.8764e+06", "date": "2112-02-10.64", "dist": "120.488", "sigma_lov": "0.72408", "sigma_imp": "0.526", "ps": "-9.65"}, {"energy": "1.225e+01", "width": "3.9711e+02", "ip": "3.190e-09", "ts": "0", "stretch": "1.0625e+05", "date": "2110-11-19.35", "dist": "24.524", "sigma_lov": "1.61892", "sigma_imp": "0.059", "ps": "-8.07"}, {"energy": "1.800e+01", "width": "2.6140e+01", "ip": "7.870e-10", "ts": "0", "stretch": "4.2421e+06", "date": "2114-11-18.06", "dist": "8.356", "sigma_lov": "1.83985", "sigma_imp": "0.281", "ps": "-8.57"}, {"energy": "8.391e+00", "width": "8.3741e+02", "ip": "1.583e-10", "ts": "0", "stretch": "1.4003e+06", "date": "2113-11-20.66", "dist": "38.269", "sigma_lov": "1.40681", "sigma_imp": "0.045", "ps": "-9.52"}, {"energy": "2.945e+00", "width": "2.2040e+01", "ip": "2.347e-10", "ts": "0", "stretch": "2.4875e+06", "date": "2113-12-03.28", "dist": "56.864", "sigma_lov": "0.81599", "sigma_imp": "2.535", "ps": "-9.72"}, {"energy": "2.880e+00", "width": "1.8295e+02", "ip": "1.117e-09", "ts": "0", "stretch": "2.3264e+06", "date": "2114-10-16.25", "dist": "52.785", "sigma_lov": "-0.13248", "sigma_imp": "0.283", "ps": "-9.05"}, {"energy": "1.801e+01", "width": "2.7938e+01", "ip": "3.540e-10", "ts": "0", "stretch": "8.8739e+06", "date": "2114-11-18.06", "dist": "8.402", "sigma_lov": "1.83970", "sigma_imp": "0.265", "ps": "-8.91"}]}