{"summary": {"energy": "6.903e-01", "darc": "13.174 days", "ip": "1.1681e-05", "h": "25.31", "nobs": "54", "mass": "3.44e+07", "v_inf": "6.65", "first_obs": "2009-Jul-27.36058", "method": "LOV", "pdate": "2017-04-07 16:07:31", "ndop": "0", "cdate": "2017-04-07 16:07:31", "ps_cum": "-5.41", "diameter": "0.029", "ndel": "0", "v_imp": "12.98", "ps_max": "-5.58", "last_obs": "2009-Aug-09.534873", "fullname": "(2009 OW6)", "n_imp": "2", "ts_max": "0", "nsat": "0", "des": "2009 OW6"}, "signature": {"source": "NASA/JPL Sentry Data API", "version": "1.1"}, "data": [{"energy": "6.900e-01", "width": "8.3731e-03", "ip": "4.898e-06", "ts": "0", "stretch": "8.5478e+04", "date": "2115-08-25.67", "dist": "0.183", "sigma_lov": "1.12243", "sigma_imp": "0.000", "ps": "-5.91"}, {"energy": "6.906e-01", "width": "3.4585e-03", "ip": "6.783e-06", "ts": "0", "stretch": "3.0491e+04", "date": "2080-08-20.35", "dist": "0.782", "sigma_lov": "1.32667", "sigma_imp": "0.000", "ps": "-5.58"}]}