{"summary": {"energy": "5.555e-03", "darc": "3.9974 days", "ip": "4.4550898e-05", "h": "28.89", "nobs": "28", "mass": "2.44e+05", "v_inf": "8.19", "first_obs": "2009-Nov-19.23811", "method": "LOV", "pdate": "2017-04-16 00:26:08", "ndop": "0", "cdate": "2017-04-16 00:26:08", "ps_cum": "-6.54", "diameter": "0.00560001133310489", "ndel": "0", "v_imp": "13.83", "ps_max": "-6.98", "last_obs": "2009-Nov-23.23546", "fullname": "(2009 WW7)", "n_imp": "23", "ts_max": "0", "nsat": "0", "des": "2009 WW7"}, "signature": {"source": "NASA/JPL Sentry Data API", "version": "1.1"}, "data": [{"energy": "5.588e-03", "width": "1.0785e-01", "ip": "1.448e-07", "ts": "0", "stretch": "2.9025e+05", "date": "2116-11-19.86", "dist": "0.306", "sigma_lov": "2.40336", "sigma_imp": "0.000", "ps": "-9.12"}, {"energy": "5.540e-03", "width": "2.3799e-02", "ip": "6.836e-06", "ts": "0", "stretch": "1.0211e+05", "date": "2116-11-20.02", "dist": "0.327", "sigma_lov": "-0.39144", "sigma_imp": "0.000", "ps": "-7.45"}, {"energy": "5.606e-03", "width": "3.1401e-02", "ip": "5.049e-09", "ts": "0", "stretch": "7.0956e+03", "date": "2116-11-19.95", "dist": "1.050", "sigma_lov": "3.22259", "sigma_imp": "1.597", "ps": "-10.6"}, {"energy": "5.506e-03", "width": "3.9284e-03", "ip": "9.390e-08", "ts": "0", "stretch": "6.5620e+05", "date": "2115-11-20.82", "dist": "0.220", "sigma_lov": "-2.25181", "sigma_imp": "0.000", "ps": "-9.31"}, {"energy": "5.522e-03", "width": "7.8568e-03", "ip": "1.252e-07", "ts": "0", "stretch": "1.6411e+06", "date": "2115-05-19.08", "dist": "0.026", "sigma_lov": "-1.64656", "sigma_imp": "0.000", "ps": "-9.18"}, {"energy": "5.539e-03", "width": "1.1111e-02", "ip": "1.385e-07", "ts": "0", "stretch": "2.4955e+06", "date": "2115-05-19.27", "dist": "0.824", "sigma_lov": "-0.79675", "sigma_imp": "0.000", "ps": "-9.13"}, {"energy": "5.536e-03", "width": "1.1111e-02", "ip": "1.199e-07", "ts": "0", "stretch": "4.3310e+06", "date": "2115-05-19.12", "dist": "0.468", "sigma_lov": "-0.80337", "sigma_imp": "0.000", "ps": "-9.20"}, {"energy": "5.567e-03", "width": "4.4357e-02", "ip": "1.849e-05", "ts": "0", "stretch": "1.7201e+04", "date": "2108-11-20.05", "dist": "0.129", "sigma_lov": "1.34958", "sigma_imp": "0.000", "ps": "-6.98"}, {"energy": "5.562e-03", "width": "5.1968e-03", "ip": "4.383e-07", "ts": "0", "stretch": "7.5727e+05", "date": "2107-11-20.84", "dist": "0.748", "sigma_lov": "0.96660", "sigma_imp": "0.000", "ps": "-8.60"}, {"energy": "5.515e-03", "width": "1.5714e-02", "ip": "6.406e-08", "ts": "0", "stretch": "3.1581e+06", "date": "2105-05-18.62", "dist": "0.044", "sigma_lov": "-1.65619", "sigma_imp": "0.000", "ps": "-9.42"}, {"energy": "5.536e-03", "width": "1.1111e-02", "ip": "1.410e-07", "ts": "0", "stretch": "3.3766e+06", "date": "2104-05-18.54", "dist": "0.602", "sigma_lov": "-0.76295", "sigma_imp": "0.000", "ps": "-9.07"}, {"energy": "5.476e-03", "width": "2.0688e-02", "ip": "1.248e-08", "ts": "0", "stretch": "6.6378e+04", "date": "2100-11-20.08", "dist": "0.441", "sigma_lov": "-3.67711", "sigma_imp": "0.000", "ps": "-10.1"}, {"energy": "5.535e-03", "width": "1.8840e-02", "ip": "5.343e-07", "ts": "0", "stretch": "1.0795e+06", "date": "2096-05-17.46", "dist": "0.091", "sigma_lov": "-0.80027", "sigma_imp": "0.000", "ps": "-8.45"}, {"energy": "5.530e-03", "width": "2.0875e-02", "ip": "1.534e-07", "ts": "0", "stretch": "5.9936e+04", "date": "2096-05-17.37", "dist": "1.024", "sigma_lov": "-0.80598", "sigma_imp": "1.160", "ps": "-9.00"}, {"energy": "5.519e-03", "width": "1.8321e-02", "ip": "3.320e-07", "ts": "0", "stretch": "6.1179e+05", "date": "2096-05-17.42", "dist": "0.047", "sigma_lov": "-1.65308", "sigma_imp": "0.000", "ps": "-8.66"}, {"energy": "5.572e-03", "width": "1.9245e-02", "ip": "1.372e-07", "ts": "0", "stretch": "2.0925e+06", "date": "2089-11-19.23", "dist": "0.047", "sigma_lov": "1.42951", "sigma_imp": "0.000", "ps": "-9.00"}, {"energy": "5.570e-03", "width": "1.0758e-02", "ip": "2.405e-07", "ts": "0", "stretch": "9.2915e+05", "date": "2087-11-19.41", "dist": "0.296", "sigma_lov": "1.56680", "sigma_imp": "0.000", "ps": "-8.75"}, {"energy": "5.544e-03", "width": "1.0880e-02", "ip": "1.319e-05", "ts": "0", "stretch": "5.3338e+04", "date": "2083-11-19.83", "dist": "0.247", "sigma_lov": "-0.43442", "sigma_imp": "0.000", "ps": "-6.99"}, {"energy": "5.573e-03", "width": "2.0677e-02", "ip": "2.705e-06", "ts": "0", "stretch": "6.9374e+04", "date": "2083-11-19.91", "dist": "0.792", "sigma_lov": "1.38099", "sigma_imp": "0.000", "ps": "-7.67"}, {"energy": "5.575e-03", "width": "5.1968e-03", "ip": "5.609e-07", "ts": "0", "stretch": "3.5452e+05", "date": "2083-11-19.16", "dist": "0.377", "sigma_lov": "1.62044", "sigma_imp": "0.000", "ps": "-8.35"}, {"energy": "5.481e-03", "width": "1.7503e-02", "ip": "9.171e-09", "ts": "0", "stretch": "9.7882e+04", "date": "2075-11-19.88", "dist": "0.396", "sigma_lov": "-3.66135", "sigma_imp": "0.000", "ps": "-10.1"}, {"energy": "5.565e-03", "width": "3.3218e-02", "ip": "7.690e-08", "ts": "0", "stretch": "9.2627e+05", "date": "2059-05-18.41", "dist": "0.957", "sigma_lov": "1.47748", "sigma_imp": "0.000", "ps": "-9.02"}, {"energy": "5.484e-03", "width": "1.4707e-02", "ip": "2.338e-09", "ts": "0", "stretch": "1.4922e+05", "date": "2050-11-19.67", "dist": "0.950", "sigma_lov": "-3.62089", "sigma_imp": "0.000", "ps": "-10.4"}]}