{"summary": {"energy": "4.144e-01", "darc": "1.9327 days", "ip": "3.9540706e-05", "h": "26.78", "nobs": "18", "mass": "4.54e+06", "v_inf": "25.34", "first_obs": "2009-Nov-18.25267", "method": "LOV", "pdate": "2017-04-08 07:12:45", "ndop": "0", "cdate": "2017-04-08 07:12:45", "ps_cum": "-4.98", "diameter": "0.015", "ndel": "0", "v_imp": "27.68", "ps_max": "-5.25", "last_obs": "2009-Nov-20.18535", "fullname": "(2009 WP6)", "n_imp": "53", "ts_max": "0", "nsat": "0", "des": "2009 WP6"}, "signature": {"source": "NASA/JPL Sentry Data API", "version": "1.1"}, "data": [{"energy": "4.171e-01", "width": "2.7217e-02", "ip": "2.625e-07", "ts": "0", "stretch": "2.4934e+06", "date": "2114-11-17.70", "dist": "0.281", "sigma_lov": "0.55959", "sigma_imp": "0.000", "ps": "-7.35"}, {"energy": "4.200e-01", "width": "1.3608e-02", "ip": "3.459e-07", "ts": "0", "stretch": "1.4580e+06", "date": "2114-11-17.65", "dist": "0.009", "sigma_lov": "0.95755", "sigma_imp": "0.000", "ps": "-7.23"}, {"energy": "4.011e-01", "width": "6.9653e-02", "ip": "2.404e-09", "ts": "0", "stretch": "3.1233e+05", "date": "2114-11-17.65", "dist": "1.143", "sigma_lov": "-1.69691", "sigma_imp": "2.059", "ps": "-9.40"}, {"energy": "4.011e-01", "width": "8.7699e-02", "ip": "5.548e-10", "ts": "0", "stretch": "2.8054e+05", "date": "2114-11-17.66", "dist": "1.233", "sigma_lov": "-1.69671", "sigma_imp": "2.653", "ps": "-10.0"}, {"energy": "4.223e-01", "width": "0.0000e+00", "ip": "8.399e-09", "ts": "0", "stretch": "2.2480e+07", "date": "2111-11-17.87", "dist": "0.844", "sigma_lov": "1.28090", "sigma_imp": "0.000", "ps": "-8.83"}, {"energy": "4.027e-01", "width": "2.3896e-02", "ip": "9.195e-07", "ts": "0", "stretch": "2.8308e+05", "date": "2108-11-17.20", "dist": "0.030", "sigma_lov": "-1.49604", "sigma_imp": "0.000", "ps": "-6.79"}, {"energy": "4.032e-01", "width": "4.9691e-02", "ip": "8.244e-08", "ts": "0", "stretch": "3.1973e+06", "date": "2108-11-17.07", "dist": "0.200", "sigma_lov": "-1.47339", "sigma_imp": "0.000", "ps": "-7.84"}, {"energy": "4.207e-01", "width": "4.4445e-02", "ip": "2.810e-08", "ts": "0", "stretch": "9.9609e+06", "date": "2107-11-17.82", "dist": "0.821", "sigma_lov": "0.97807", "sigma_imp": "0.000", "ps": "-8.29"}, {"energy": "4.056e-01", "width": "2.5459e-02", "ip": "2.057e-07", "ts": "0", "stretch": "1.4784e+06", "date": "2107-11-17.88", "dist": "0.706", "sigma_lov": "-1.11115", "sigma_imp": "0.000", "ps": "-7.43"}, {"energy": "4.310e-01", "width": "3.9284e-02", "ip": "2.390e-08", "ts": "0", "stretch": "6.6608e+05", "date": "2104-11-17.09", "dist": "0.930", "sigma_lov": "2.39111", "sigma_imp": "0.000", "ps": "-8.33"}, {"energy": "3.933e-01", "width": "1.2571e-01", "ip": "3.946e-09", "ts": "0", "stretch": "2.4429e+06", "date": "2104-11-17.01", "dist": "0.630", "sigma_lov": "-2.87660", "sigma_imp": "0.000", "ps": "-9.15"}, {"energy": "4.071e-01", "width": "7.0273e-02", "ip": "7.200e-08", "ts": "0", "stretch": "7.5920e+06", "date": "2103-11-17.96", "dist": "0.265", "sigma_lov": "-0.82351", "sigma_imp": "0.000", "ps": "-7.87"}, {"energy": "4.199e-01", "width": "7.0820e-03", "ip": "1.689e-06", "ts": "0", "stretch": "3.1227e+05", "date": "2102-11-17.65", "dist": "0.274", "sigma_lov": "0.86554", "sigma_imp": "0.000", "ps": "-6.48"}, {"energy": "3.966e-01", "width": "1.5627e-01", "ip": "6.841e-08", "ts": "0", "stretch": "5.5780e+05", "date": "2102-11-17.54", "dist": "0.176", "sigma_lov": "-2.45358", "sigma_imp": "0.000", "ps": "-7.90"}, {"energy": "4.001e-01", "width": "4.4445e-02", "ip": "3.504e-08", "ts": "0", "stretch": "2.9433e+06", "date": "2102-11-17.55", "dist": "0.592", "sigma_lov": "-1.91159", "sigma_imp": "0.000", "ps": "-8.18"}, {"energy": "4.196e-01", "width": "2.1773e-01", "ip": "1.667e-08", "ts": "0", "stretch": "1.7717e+07", "date": "2100-11-17.04", "dist": "0.777", "sigma_lov": "0.89602", "sigma_imp": "0.000", "ps": "-8.48"}, {"energy": "4.303e-01", "width": "0.0000e+00", "ip": "1.123e-08", "ts": "0", "stretch": "5.1959e+06", "date": "2099-11-16.83", "dist": "0.141", "sigma_lov": "2.28222", "sigma_imp": "0.000", "ps": "-8.64"}, {"energy": "4.281e-01", "width": "5.4433e-02", "ip": "1.640e-08", "ts": "0", "stretch": "6.8097e+06", "date": "2099-11-16.77", "dist": "0.174", "sigma_lov": "1.97426", "sigma_imp": "0.000", "ps": "-8.47"}, {"energy": "4.060e-01", "width": "8.8889e-02", "ip": "3.450e-08", "ts": "0", "stretch": "1.2953e+07", "date": "2099-11-16.74", "dist": "0.225", "sigma_lov": "-1.04892", "sigma_imp": "0.000", "ps": "-8.17"}, {"energy": "4.327e-01", "width": "6.0413e-02", "ip": "3.231e-08", "ts": "0", "stretch": "6.7588e+05", "date": "2098-11-16.59", "dist": "0.312", "sigma_lov": "2.66203", "sigma_imp": "0.000", "ps": "-8.17"}, {"energy": "4.318e-01", "width": "7.3125e-02", "ip": "6.726e-08", "ts": "0", "stretch": "3.7680e+05", "date": "2098-11-16.62", "dist": "0.521", "sigma_lov": "2.56305", "sigma_imp": "0.000", "ps": "-7.85"}, {"energy": "3.933e-01", "width": "1.5836e-02", "ip": "2.933e-08", "ts": "0", "stretch": "4.2806e+05", "date": "2098-11-16.60", "dist": "0.563", "sigma_lov": "-2.81410", "sigma_imp": "0.000", "ps": "-8.25"}, {"energy": "4.329e-01", "width": "5.5138e-02", "ip": "1.971e-08", "ts": "0", "stretch": "1.0247e+06", "date": "2098-11-16.57", "dist": "0.337", "sigma_lov": "2.68792", "sigma_imp": "0.000", "ps": "-8.38"}, {"energy": "4.108e-01", "width": "0.0000e+00", "ip": "5.245e-08", "ts": "0", "stretch": "7.8636e+06", "date": "2097-11-16.29", "dist": "0.831", "sigma_lov": "-0.38552", "sigma_imp": "0.000", "ps": "-7.97"}, {"energy": "3.986e-01", "width": "7.7530e-02", "ip": "5.443e-08", "ts": "0", "stretch": "5.6163e+05", "date": "2097-11-16.28", "dist": "0.925", "sigma_lov": "-2.08460", "sigma_imp": "0.000", "ps": "-7.97"}, {"energy": "3.986e-01", "width": "6.0221e-02", "ip": "9.032e-08", "ts": "0", "stretch": "9.7000e+05", "date": "2097-11-16.28", "dist": "0.125", "sigma_lov": "-2.09692", "sigma_imp": "0.000", "ps": "-7.75"}, {"energy": "4.228e-01", "width": "7.6981e-02", "ip": "9.556e-08", "ts": "0", "stretch": "3.6454e+06", "date": "2097-11-16.24", "dist": "0.239", "sigma_lov": "1.26148", "sigma_imp": "0.000", "ps": "-7.70"}, {"energy": "3.998e-01", "width": "1.5215e-02", "ip": "1.070e-07", "ts": "0", "stretch": "8.7847e+05", "date": "2096-11-16.12", "dist": "0.660", "sigma_lov": "-1.92446", "sigma_imp": "0.000", "ps": "-7.67"}, {"energy": "3.997e-01", "width": "1.9245e-02", "ip": "3.788e-08", "ts": "0", "stretch": "2.1435e+06", "date": "2096-11-16.13", "dist": "0.758", "sigma_lov": "-1.92708", "sigma_imp": "0.000", "ps": "-8.12"}, {"energy": "4.287e-01", "width": "1.5714e-02", "ip": "2.750e-08", "ts": "0", "stretch": "2.9309e+06", "date": "2093-11-16.34", "dist": "0.209", "sigma_lov": "2.13025", "sigma_imp": "0.000", "ps": "-8.22"}, {"energy": "4.289e-01", "width": "1.0394e-02", "ip": "8.070e-08", "ts": "0", "stretch": "7.5885e+05", "date": "2093-11-16.33", "dist": "0.577", "sigma_lov": "2.17421", "sigma_imp": "0.000", "ps": "-7.75"}, {"energy": "4.345e-01", "width": "1.9755e-02", "ip": "1.081e-07", "ts": "0", "stretch": "7.3494e+04", "date": "2092-11-16.02", "dist": "0.767", "sigma_lov": "2.88526", "sigma_imp": "0.000", "ps": "-7.61"}, {"energy": "3.927e-01", "width": "2.2801e-02", "ip": "4.964e-08", "ts": "0", "stretch": "2.0919e+05", "date": "2092-11-16.01", "dist": "0.120", "sigma_lov": "-2.94367", "sigma_imp": "0.000", "ps": "-7.98"}, {"energy": "4.007e-01", "width": "3.2394e-02", "ip": "1.746e-07", "ts": "0", "stretch": "7.1416e+05", "date": "2090-11-16.56", "dist": "0.716", "sigma_lov": "-1.72854", "sigma_imp": "0.000", "ps": "-7.42"}, {"energy": "4.247e-01", "width": "3.8490e-02", "ip": "5.714e-08", "ts": "0", "stretch": "4.1395e+06", "date": "2090-11-16.49", "dist": "0.098", "sigma_lov": "1.55547", "sigma_imp": "0.000", "ps": "-7.88"}, {"energy": "3.997e-01", "width": "3.1427e-02", "ip": "2.175e-08", "ts": "0", "stretch": "5.4296e+06", "date": "2090-11-16.48", "dist": "0.443", "sigma_lov": "-1.89721", "sigma_imp": "0.000", "ps": "-8.33"}, {"energy": "4.334e-01", "width": "5.4343e-01", "ip": "1.112e-09", "ts": "0", "stretch": "5.6195e+06", "date": "2087-11-16.70", "dist": "1.000", "sigma_lov": "2.76602", "sigma_imp": "0.000", "ps": "-9.57"}, {"energy": "4.334e-01", "width": "8.4423e-01", "ip": "3.830e-09", "ts": "0", "stretch": "2.8486e+06", "date": "2087-11-16.70", "dist": "0.106", "sigma_lov": "2.76627", "sigma_imp": "0.000", "ps": "-9.03"}, {"energy": "4.334e-01", "width": "3.5660e-01", "ip": "1.132e-10", "ts": "0", "stretch": "3.6884e+06", "date": "2087-11-16.72", "dist": "1.581", "sigma_lov": "2.76668", "sigma_imp": "1.628", "ps": "-10.6"}, {"energy": "4.314e-01", "width": "3.4247e-02", "ip": "7.445e-09", "ts": "0", "stretch": "1.8510e+06", "date": "2087-11-16.71", "dist": "0.906", "sigma_lov": "2.51925", "sigma_imp": "0.000", "ps": "-8.75"}, {"energy": "4.302e-01", "width": "4.3921e-03", "ip": "5.202e-08", "ts": "0", "stretch": "3.9873e+05", "date": "2087-11-16.70", "dist": "0.908", "sigma_lov": "2.35775", "sigma_imp": "0.000", "ps": "-7.90"}, {"energy": "4.301e-01", "width": "1.1111e-02", "ip": "1.996e-08", "ts": "0", "stretch": "1.1525e+06", "date": "2087-11-16.72", "dist": "0.894", "sigma_lov": "2.34035", "sigma_imp": "0.000", "ps": "-8.32"}, {"energy": "3.958e-01", "width": "4.9691e-02", "ip": "9.294e-09", "ts": "0", "stretch": "3.8513e+06", "date": "2086-11-16.53", "dist": "0.044", "sigma_lov": "-2.49034", "sigma_imp": "0.000", "ps": "-8.67"}, {"energy": "4.197e-01", "width": "2.2717e-01", "ip": "1.617e-07", "ts": "0", "stretch": "2.4078e+06", "date": "2084-11-15.96", "dist": "0.613", "sigma_lov": "0.89177", "sigma_imp": "0.000", "ps": "-7.40"}, {"energy": "3.998e-01", "width": "8.8889e-02", "ip": "4.408e-09", "ts": "0", "stretch": "1.7905e+07", "date": "2083-11-16.69", "dist": "0.751", "sigma_lov": "-1.93565", "sigma_imp": "0.000", "ps": "-8.97"}, {"energy": "4.294e-01", "width": "3.9578e-02", "ip": "2.359e-07", "ts": "0", "stretch": "2.5584e+05", "date": "2082-11-16.45", "dist": "0.373", "sigma_lov": "2.23808", "sigma_imp": "0.000", "ps": "-7.22"}, {"energy": "4.335e-01", "width": "3.6694e-02", "ip": "2.637e-08", "ts": "0", "stretch": "4.1148e+05", "date": "2081-11-16.16", "dist": "0.772", "sigma_lov": "2.77112", "sigma_imp": "0.000", "ps": "-8.16"}, {"energy": "4.155e-01", "width": "4.8908e-02", "ip": "3.331e-06", "ts": "0", "stretch": "1.9529e+05", "date": "2080-11-15.95", "dist": "0.525", "sigma_lov": "0.28585", "sigma_imp": "0.000", "ps": "-6.06"}, {"energy": "4.146e-01", "width": "3.3934e-02", "ip": "9.365e-06", "ts": "0", "stretch": "8.2612e+04", "date": "2080-11-15.92", "dist": "0.193", "sigma_lov": "0.14969", "sigma_imp": "0.000", "ps": "-5.61"}, {"energy": "3.954e-01", "width": "3.3476e-02", "ip": "1.019e-06", "ts": "0", "stretch": "2.4870e+04", "date": "2079-11-16.69", "dist": "0.640", "sigma_lov": "-2.52308", "sigma_imp": "0.000", "ps": "-6.59"}, {"energy": "4.102e-01", "width": "3.2750e-02", "ip": "7.723e-07", "ts": "0", "stretch": "6.2551e+05", "date": "2079-11-16.70", "dist": "0.753", "sigma_lov": "-0.39940", "sigma_imp": "0.000", "ps": "-6.70"}, {"energy": "4.152e-01", "width": "4.8733e-02", "ip": "1.950e-05", "ts": "0", "stretch": "3.8676e+04", "date": "2074-11-16.41", "dist": "0.156", "sigma_lov": "0.29274", "sigma_imp": "0.000", "ps": "-5.25"}, {"energy": "4.228e-01", "width": "3.1427e-02", "ip": "9.898e-08", "ts": "0", "stretch": "3.6518e+06", "date": "2067-11-16.57", "dist": "0.111", "sigma_lov": "1.25281", "sigma_imp": "0.000", "ps": "-7.48"}]}