{"summary": {"energy": "1.545e+02", "darc": "10.855 days", "ip": "1.69634e-07", "h": "22.10", "nobs": "32", "mass": "2.90e+09", "v_inf": "17.97", "first_obs": "2009-Jan-20.45513", "method": "LOV", "pdate": "2017-04-10 07:21:30", "ndop": "0", "cdate": "2017-04-10 07:21:30", "ps_cum": "-5.28", "diameter": "0.13", "ndel": "0", "v_imp": "21.15", "ps_max": "-5.29", "last_obs": "2009-Jan-31.3098", "fullname": "(2009 BR5)", "n_imp": "2", "ts_max": "0", "nsat": "0", "des": "2009 BR5"}, "signature": {"source": "NASA/JPL Sentry Data API", "version": "1.1"}, "data": [{"energy": "1.545e+02", "width": "6.6667e-02", "ip": "1.689e-07", "ts": "0", "stretch": "2.7106e+06", "date": "2078-07-19.27", "dist": "0.692", "sigma_lov": "0.66506", "sigma_imp": "0.000", "ps": "-5.29"}, {"energy": "1.528e+02", "width": "6.0158e-02", "ip": "7.340e-10", "ts": "0", "stretch": "4.6749e+04", "date": "2059-07-21.28", "dist": "1.064", "sigma_lov": "3.63491", "sigma_imp": "1.068", "ps": "-7.49"}]}