{"summary": {"energy": "1.726e+01", "darc": ".10157 days", "ip": "2.614e-10", "h": "24.12", "nobs": "16", "mass": "1.79e+08", "v_inf": "26.17", "first_obs": "2009-Dec-13.19944", "method": "LOV", "pdate": "2017-04-10 11:50:06", "ndop": "0", "cdate": "2017-04-10 11:50:06", "ps_cum": "-8.98", "diameter": "0.0507490436113236", "ndel": "0", "v_imp": "28.45", "ps_max": "-9.21", "last_obs": "2009-Dec-13.30101", "fullname": "(2009 XQ2)", "n_imp": "2", "ts_max": "0", "nsat": "0", "des": "2009 XQ2"}, "signature": {"source": "NASA/JPL Sentry Data API", "version": "1.1"}, "data": [{"energy": "1.514e+01", "width": "1.5696e+02", "ip": "1.471e-10", "ts": "0", "stretch": "2.8685e+06", "date": "2114-12-20.11", "dist": "115.231", "sigma_lov": "-1.87238", "sigma_imp": "0.728", "ps": "-9.36"}, {"energy": "1.999e+01", "width": "1.8829e+02", "ip": "1.143e-10", "ts": "0", "stretch": "2.5502e+06", "date": "2084-12-21.05", "dist": "37.778", "sigma_lov": "-2.09313", "sigma_imp": "0.195", "ps": "-9.21"}]}