{"summary": {"energy": "8.459e-01", "darc": "3.8834 days", "ip": "8.2952389e-06", "h": "25.56", "nobs": "35", "mass": "2.43e+07", "v_inf": "12.95", "first_obs": "2009-Sep-11.18242", "method": "LOV", "pdate": "2017-04-07 19:17:20", "ndop": "0", "cdate": "2017-04-07 19:17:20", "ps_cum": "-5.57", "diameter": "0.026", "ndel": "0", "v_imp": "17.09", "ps_max": "-6.33", "last_obs": "2009-Sep-15.065792", "fullname": "(2009 RR)", "n_imp": "24", "ts_max": "0", "nsat": "0", "des": "2009 RR"}, "signature": {"source": "NASA/JPL Sentry Data API", "version": "1.1"}, "data": [{"energy": "8.442e-01", "width": "3.1427e-02", "ip": "3.215e-08", "ts": "0", "stretch": "5.4712e+06", "date": "2115-09-18.11", "dist": "0.955", "sigma_lov": "0.65696", "sigma_imp": "0.000", "ps": "-8.02"}, {"energy": "8.494e-01", "width": "0.0000e+00", "ip": "1.037e-07", "ts": "0", "stretch": "4.5683e+06", "date": "2114-09-17.79", "dist": "0.804", "sigma_lov": "-0.06364", "sigma_imp": "0.000", "ps": "-7.51"}, {"energy": "8.495e-01", "width": "1.5714e-02", "ip": "1.813e-07", "ts": "0", "stretch": "3.2547e+06", "date": "2114-09-17.79", "dist": "0.671", "sigma_lov": "-0.06606", "sigma_imp": "0.000", "ps": "-7.26"}, {"energy": "8.455e-01", "width": "4.4445e-02", "ip": "1.005e-07", "ts": "0", "stretch": "6.8121e+06", "date": "2114-09-17.76", "dist": "0.372", "sigma_lov": "0.39496", "sigma_imp": "0.000", "ps": "-7.52"}, {"energy": "8.441e-01", "width": "0.0000e+00", "ip": "8.467e-08", "ts": "0", "stretch": "6.4246e+06", "date": "2113-09-17.60", "dist": "0.480", "sigma_lov": "0.71497", "sigma_imp": "0.000", "ps": "-7.59"}, {"energy": "8.462e-01", "width": "1.3608e-02", "ip": "5.064e-07", "ts": "0", "stretch": "1.3329e+06", "date": "2110-09-17.85", "dist": "0.475", "sigma_lov": "0.28099", "sigma_imp": "0.000", "ps": "-6.80"}, {"energy": "8.462e-01", "width": "9.6226e-03", "ip": "5.694e-07", "ts": "0", "stretch": "1.2239e+06", "date": "2110-09-17.85", "dist": "0.420", "sigma_lov": "0.27622", "sigma_imp": "0.000", "ps": "-6.75"}, {"energy": "8.433e-01", "width": "0.0000e+00", "ip": "6.978e-07", "ts": "0", "stretch": "4.5062e+05", "date": "2110-09-17.86", "dist": "0.884", "sigma_lov": "0.58157", "sigma_imp": "0.000", "ps": "-6.66"}, {"energy": "8.460e-01", "width": "0.0000e+00", "ip": "1.552e-08", "ts": "0", "stretch": "1.1042e+07", "date": "2108-09-17.28", "dist": "0.974", "sigma_lov": "0.31408", "sigma_imp": "0.000", "ps": "-8.31"}, {"energy": "8.456e-01", "width": "0.0000e+00", "ip": "1.765e-07", "ts": "0", "stretch": "3.7540e+06", "date": "2108-09-17.40", "dist": "0.405", "sigma_lov": "0.43843", "sigma_imp": "0.000", "ps": "-7.25"}, {"energy": "8.453e-01", "width": "1.3889e-03", "ip": "1.461e-06", "ts": "0", "stretch": "2.9647e+05", "date": "2108-09-17.36", "dist": "0.803", "sigma_lov": "0.43460", "sigma_imp": "0.000", "ps": "-6.33"}, {"energy": "8.460e-01", "width": "5.5556e-03", "ip": "8.120e-07", "ts": "0", "stretch": "8.5055e+05", "date": "2108-09-17.35", "dist": "0.378", "sigma_lov": "0.36699", "sigma_imp": "0.000", "ps": "-6.59"}, {"energy": "8.472e-01", "width": "0.0000e+00", "ip": "6.175e-08", "ts": "0", "stretch": "2.8634e+06", "date": "2108-09-17.37", "dist": "0.975", "sigma_lov": "0.12477", "sigma_imp": "0.000", "ps": "-7.71"}, {"energy": "8.454e-01", "width": "0.0000e+00", "ip": "1.017e-07", "ts": "0", "stretch": "6.6947e+06", "date": "2105-09-17.53", "dist": "0.420", "sigma_lov": "0.35113", "sigma_imp": "0.000", "ps": "-7.47"}, {"energy": "8.467e-01", "width": "0.0000e+00", "ip": "3.251e-07", "ts": "0", "stretch": "2.2258e+06", "date": "2103-09-18.06", "dist": "0.240", "sigma_lov": "0.36983", "sigma_imp": "0.000", "ps": "-6.96"}, {"energy": "8.463e-01", "width": "7.8568e-03", "ip": "7.954e-07", "ts": "0", "stretch": "8.9965e+05", "date": "2103-09-18.07", "dist": "0.188", "sigma_lov": "0.42656", "sigma_imp": "0.000", "ps": "-6.57"}, {"energy": "8.463e-01", "width": "0.0000e+00", "ip": "6.048e-07", "ts": "0", "stretch": "1.1385e+06", "date": "2103-09-18.05", "dist": "0.328", "sigma_lov": "0.42559", "sigma_imp": "0.000", "ps": "-6.69"}, {"energy": "8.478e-01", "width": "5.5556e-03", "ip": "5.382e-07", "ts": "0", "stretch": "9.4952e+05", "date": "2103-09-18.08", "dist": "0.760", "sigma_lov": "0.17340", "sigma_imp": "0.000", "ps": "-6.74"}, {"energy": "8.446e-01", "width": "0.0000e+00", "ip": "4.231e-07", "ts": "0", "stretch": "1.4199e+06", "date": "2102-09-17.74", "dist": "0.158", "sigma_lov": "0.73661", "sigma_imp": "0.000", "ps": "-6.84"}, {"energy": "8.478e-01", "width": "2.2222e-02", "ip": "1.104e-07", "ts": "0", "stretch": "4.9967e+06", "date": "2098-09-16.83", "dist": "0.713", "sigma_lov": "0.16744", "sigma_imp": "0.000", "ps": "-7.40"}, {"energy": "8.296e-01", "width": "3.1057e-03", "ip": "8.574e-09", "ts": "0", "stretch": "2.4421e+05", "date": "2115-09-18.08", "dist": "0.460", "sigma_lov": "3.41305", "sigma_imp": "0.000", "ps": "-8.60"}, {"energy": "8.461e-01", "width": "0.0000e+00", "ip": "5.808e-07", "ts": "0", "stretch": "1.2591e+06", "date": "2115-09-18.10", "dist": "0.226", "sigma_lov": "0.34926", "sigma_imp": "0.000", "ps": "-6.76"}, {"energy": "8.280e-01", "width": "1.5528e-03", "ip": "3.950e-09", "ts": "0", "stretch": "1.3978e+05", "date": "2115-09-18.12", "dist": "0.757", "sigma_lov": "3.70168", "sigma_imp": "0.000", "ps": "-8.94"}, {"energy": "8.245e-01", "width": "3.9742e-03", "ip": "5.249e-10", "ts": "0", "stretch": "5.7260e+04", "date": "2115-09-18.08", "dist": "0.434", "sigma_lov": "4.49068", "sigma_imp": "0.000", "ps": "-9.82"}]}