{"summary": {"energy": "2.233e+00", "darc": "3.9348 days", "ip": "8.8506e-06", "h": "24.86", "nobs": "44", "mass": "6.38e+07", "v_inf": "13.03", "first_obs": "2009-Oct-14.54405", "method": "LOV", "pdate": "2017-04-14 06:40:26", "ndop": "0", "cdate": "2017-04-14 06:40:26", "ps_cum": "-5.16", "diameter": "0.036", "ndel": "0", "v_imp": "17.14", "ps_max": "-5.20", "last_obs": "2009-Oct-18.47885", "fullname": "(2009 TH8)", "n_imp": "3", "ts_max": "0", "nsat": "0", "des": "2009 TH8"}, "signature": {"source": "NASA/JPL Sentry Data API", "version": "1.1"}, "data": [{"energy": "2.228e+00", "width": "1.1111e-02", "ip": "2.455e-07", "ts": "0", "stretch": "2.7081e+06", "date": "2100-10-22.28", "dist": "0.135", "sigma_lov": "0.59155", "sigma_imp": "0.000", "ps": "-6.73"}, {"energy": "2.233e+00", "width": "6.0141e-03", "ip": "7.927e-06", "ts": "0", "stretch": "5.5815e+04", "date": "2097-10-21.58", "dist": "0.694", "sigma_lov": "-0.71916", "sigma_imp": "0.000", "ps": "-5.20"}, {"energy": "2.233e+00", "width": "5.7913e-03", "ip": "6.781e-07", "ts": "0", "stretch": "2.2443e+04", "date": "2097-10-21.64", "dist": "1.002", "sigma_lov": "-0.91419", "sigma_imp": "0.362", "ps": "-6.27"}]}