{"summary": {"energy": "1.529e-01", "darc": "6.0910 days", "ip": "2.7247e-09", "h": "26.87", "nobs": "15", "mass": "3.98e+06", "v_inf": "14.07", "first_obs": "2009-Sep-19.24181", "method": "LOV", "pdate": "2017-04-09 16:44:50", "ndop": "0", "cdate": "2017-04-09 16:44:50", "ps_cum": "-9.51", "diameter": "0.014", "ndel": "0", "v_imp": "17.96", "ps_max": "-9.54", "last_obs": "2009-Sep-25.33279", "fullname": "(2009 SD15)", "n_imp": "2", "ts_max": "0", "nsat": "0", "des": "2009 SD15"}, "signature": {"source": "NASA/JPL Sentry Data API", "version": "1.1"}, "data": [{"energy": "1.534e-01", "width": "1.3787e-02", "ip": "2.504e-09", "ts": "0", "stretch": "4.5394e+04", "date": "2081-09-14.95", "dist": "0.578", "sigma_lov": "4.15933", "sigma_imp": "0.000", "ps": "-9.54"}, {"energy": "1.468e-01", "width": "1.7123e-02", "ip": "2.207e-10", "ts": "0", "stretch": "4.8525e+05", "date": "2105-09-15.66", "dist": "1.032", "sigma_lov": "2.49362", "sigma_imp": "1.893", "ps": "-10.7"}]}