{"summary": {"energy": "4.814e-02", "darc": "28.173 days", "ip": "6.2052488e-05", "h": "27.24", "nobs": "55", "mass": "2.40e+06", "v_inf": "6.68", "first_obs": "2009-Jan-28.26267", "method": "LOV", "pdate": "2017-04-13 00:46:15", "ndop": "0", "cdate": "2017-04-13 00:46:15", "ps_cum": "-5.60", "diameter": "0.012", "ndel": "0", "v_imp": "12.99", "ps_max": "-6.00", "last_obs": "2009-Feb-25.43554", "fullname": "(2009 BF58)", "n_imp": "34", "ts_max": "0", "nsat": "0", "des": "2009 BF58"}, "signature": {"source": "NASA/JPL Sentry Data API", "version": "1.1"}, "data": [{"energy": "4.903e-02", "width": "8.5934e-04", "ip": "8.390e-07", "ts": "0", "stretch": "3.5674e+04", "date": "2108-01-23.10", "dist": "0.751", "sigma_lov": "2.39743", "sigma_imp": "0.000", "ps": "-7.56"}, {"energy": "4.806e-02", "width": "5.5556e-03", "ip": "2.979e-07", "ts": "0", "stretch": "8.9127e+05", "date": "2107-01-23.03", "dist": "0.573", "sigma_lov": "-1.34721", "sigma_imp": "0.000", "ps": "-8.01"}, {"energy": "4.806e-02", "width": "7.8568e-03", "ip": "5.740e-08", "ts": "0", "stretch": "1.8563e+06", "date": "2107-01-23.49", "dist": "0.493", "sigma_lov": "-1.94129", "sigma_imp": "0.000", "ps": "-8.73"}, {"energy": "4.821e-02", "width": "8.8525e-04", "ip": "9.058e-06", "ts": "0", "stretch": "4.9607e+04", "date": "2106-01-22.48", "dist": "0.463", "sigma_lov": "-0.95565", "sigma_imp": "0.000", "ps": "-6.52"}, {"energy": "4.866e-02", "width": "9.1867e-04", "ip": "6.915e-06", "ts": "0", "stretch": "4.7132e+04", "date": "2104-01-23.36", "dist": "0.676", "sigma_lov": "1.08588", "sigma_imp": "0.000", "ps": "-6.63"}, {"energy": "4.804e-02", "width": "0.0000e+00", "ip": "1.703e-08", "ts": "0", "stretch": "4.5726e+06", "date": "2104-01-23.80", "dist": "0.895", "sigma_lov": "-1.74738", "sigma_imp": "0.000", "ps": "-9.24"}, {"energy": "4.792e-02", "width": "0.0000e+00", "ip": "7.145e-08", "ts": "0", "stretch": "5.5260e+05", "date": "2096-01-22.56", "dist": "0.252", "sigma_lov": "-2.44473", "sigma_imp": "0.000", "ps": "-8.58"}, {"energy": "4.804e-02", "width": "2.4056e-03", "ip": "2.972e-07", "ts": "0", "stretch": "3.1491e+05", "date": "2094-01-21.90", "dist": "0.450", "sigma_lov": "-2.02024", "sigma_imp": "0.000", "ps": "-7.94"}, {"energy": "4.809e-02", "width": "6.0141e-04", "ip": "1.109e-06", "ts": "0", "stretch": "1.0520e+05", "date": "2094-01-22.10", "dist": "0.317", "sigma_lov": "-1.93914", "sigma_imp": "0.000", "ps": "-7.37"}, {"energy": "4.812e-02", "width": "0.0000e+00", "ip": "7.631e-07", "ts": "0", "stretch": "5.1051e+05", "date": "2093-01-21.97", "dist": "0.144", "sigma_lov": "-1.19249", "sigma_imp": "0.000", "ps": "-7.53"}, {"energy": "4.802e-02", "width": "0.0000e+00", "ip": "5.202e-08", "ts": "0", "stretch": "1.0129e+06", "date": "2090-01-22.15", "dist": "0.914", "sigma_lov": "-1.90936", "sigma_imp": "0.000", "ps": "-8.68"}, {"energy": "4.793e-02", "width": "2.1960e-03", "ip": "1.511e-07", "ts": "0", "stretch": "2.8267e+05", "date": "2087-01-22.28", "dist": "0.516", "sigma_lov": "-2.36102", "sigma_imp": "0.000", "ps": "-8.20"}, {"energy": "4.804e-02", "width": "2.3341e-03", "ip": "2.241e-05", "ts": "0", "stretch": "3.7265e+03", "date": "2083-01-22.22", "dist": "0.549", "sigma_lov": "-2.04418", "sigma_imp": "0.000", "ps": "-6.00"}, {"energy": "4.800e-02", "width": "2.5490e-03", "ip": "9.374e-06", "ts": "0", "stretch": "3.3811e+03", "date": "2083-01-22.23", "dist": "0.934", "sigma_lov": "-2.10179", "sigma_imp": "0.000", "ps": "-6.38"}, {"energy": "4.821e-02", "width": "0.0000e+00", "ip": "4.451e-07", "ts": "0", "stretch": "5.9764e+05", "date": "2079-01-21.54", "dist": "0.639", "sigma_lov": "-1.29729", "sigma_imp": "0.000", "ps": "-7.67"}, {"energy": "4.798e-02", "width": "5.5556e-03", "ip": "2.864e-08", "ts": "0", "stretch": "1.1308e+06", "date": "2079-01-22.34", "dist": "0.826", "sigma_lov": "-2.29948", "sigma_imp": "0.000", "ps": "-8.87"}, {"energy": "4.813e-02", "width": "1.9245e-02", "ip": "8.522e-08", "ts": "0", "stretch": "3.6199e+06", "date": "2076-01-22.09", "dist": "0.141", "sigma_lov": "-1.37546", "sigma_imp": "0.000", "ps": "-8.37"}, {"energy": "4.796e-02", "width": "0.0000e+00", "ip": "3.945e-08", "ts": "0", "stretch": "1.1022e+06", "date": "2076-01-22.36", "dist": "0.566", "sigma_lov": "-2.33704", "sigma_imp": "0.000", "ps": "-8.71"}, {"energy": "4.792e-02", "width": "1.3889e-03", "ip": "1.043e-07", "ts": "0", "stretch": "3.9787e+05", "date": "2074-01-21.98", "dist": "0.592", "sigma_lov": "-2.34741", "sigma_imp": "0.000", "ps": "-8.27"}, {"energy": "4.811e-02", "width": "1.5714e-02", "ip": "9.601e-08", "ts": "0", "stretch": "3.1353e+06", "date": "2074-01-21.74", "dist": "0.112", "sigma_lov": "-1.39592", "sigma_imp": "0.000", "ps": "-8.30"}, {"energy": "4.814e-02", "width": "0.0000e+00", "ip": "1.453e-06", "ts": "0", "stretch": "2.4500e+05", "date": "2071-01-22.07", "dist": "0.034", "sigma_lov": "-1.27397", "sigma_imp": "0.000", "ps": "-7.10"}, {"energy": "4.798e-02", "width": "1.2028e-03", "ip": "2.858e-07", "ts": "0", "stretch": "1.6513e+05", "date": "2070-01-21.78", "dist": "0.614", "sigma_lov": "-2.28256", "sigma_imp": "0.000", "ps": "-7.80"}, {"energy": "4.800e-02", "width": "0.0000e+00", "ip": "4.465e-08", "ts": "0", "stretch": "1.2463e+06", "date": "2068-01-22.39", "dist": "0.181", "sigma_lov": "-2.30646", "sigma_imp": "0.000", "ps": "-8.59"}, {"energy": "4.757e-02", "width": "4.9105e-04", "ip": "5.536e-09", "ts": "0", "stretch": "6.7188e+04", "date": "2068-01-22.57", "dist": "0.877", "sigma_lov": "-3.73322", "sigma_imp": "0.000", "ps": "-9.50"}, {"energy": "4.808e-02", "width": "6.9445e-04", "ip": "1.407e-06", "ts": "0", "stretch": "1.4651e+05", "date": "2068-01-22.37", "dist": "0.561", "sigma_lov": "-1.53051", "sigma_imp": "0.000", "ps": "-7.09"}, {"energy": "4.748e-02", "width": "6.7502e-04", "ip": "3.881e-08", "ts": "0", "stretch": "3.7428e+03", "date": "2057-01-21.86", "dist": "0.068", "sigma_lov": "-4.15872", "sigma_imp": "0.000", "ps": "-8.55"}, {"energy": "4.810e-02", "width": "0.0000e+00", "ip": "4.815e-08", "ts": "0", "stretch": "2.1598e+06", "date": "2055-01-22.02", "dist": "0.943", "sigma_lov": "-1.37417", "sigma_imp": "0.000", "ps": "-8.43"}, {"energy": "4.822e-02", "width": "0.0000e+00", "ip": "1.534e-07", "ts": "0", "stretch": "2.2228e+06", "date": "2108-01-23.78", "dist": "0.501", "sigma_lov": "-1.19169", "sigma_imp": "0.000", "ps": "-8.30"}, {"energy": "4.786e-02", "width": "8.3318e-04", "ip": "4.310e-06", "ts": "0", "stretch": "4.9398e+03", "date": "2109-01-22.97", "dist": "0.432", "sigma_lov": "-2.66007", "sigma_imp": "0.000", "ps": "-6.86"}, {"energy": "4.808e-02", "width": "0.0000e+00", "ip": "1.498e-07", "ts": "0", "stretch": "6.9228e+05", "date": "2110-01-22.78", "dist": "0.952", "sigma_lov": "-1.31595", "sigma_imp": "0.000", "ps": "-8.32"}, {"energy": "4.916e-02", "width": "0.0000e+00", "ip": "9.752e-09", "ts": "0", "stretch": "6.8600e+05", "date": "2111-01-22.96", "dist": "0.468", "sigma_lov": "3.05578", "sigma_imp": "0.000", "ps": "-9.51"}, {"energy": "4.810e-02", "width": "0.0000e+00", "ip": "5.157e-07", "ts": "0", "stretch": "7.1282e+05", "date": "2112-01-23.97", "dist": "0.116", "sigma_lov": "-1.24357", "sigma_imp": "0.000", "ps": "-7.80"}, {"energy": "4.808e-02", "width": "0.0000e+00", "ip": "5.497e-08", "ts": "0", "stretch": "5.8612e+06", "date": "2112-01-24.00", "dist": "0.493", "sigma_lov": "-1.24296", "sigma_imp": "0.000", "ps": "-8.77"}, {"energy": "4.824e-02", "width": "0.0000e+00", "ip": "1.365e-06", "ts": "0", "stretch": "4.0814e+05", "date": "2117-01-22.61", "dist": "0.057", "sigma_lov": "-0.84932", "sigma_imp": "0.000", "ps": "-7.39"}]}