{"summary": {"energy": "8.545e-03", "darc": "2.2516 days", "ip": "7.56195524e-05", "h": "28.57", "nobs": "48", "mass": "3.83e+05", "v_inf": "7.96", "first_obs": "2009-Oct-15.2109", "method": "LOV", "pdate": "2017-04-07 16:45:50", "ndop": "0", "cdate": "2017-04-07 16:45:50", "ps_cum": "-6.18", "diameter": "0.00659308920347431", "ndel": "0", "v_imp": "13.69", "ps_max": "-7.56", "last_obs": "2009-Oct-17.46255", "fullname": "(2009 TM8)", "n_imp": "168", "ts_max": "0", "nsat": "0", "des": "2009 TM8"}, "signature": {"source": "NASA/JPL Sentry Data API", "version": "1.1"}, "data": [{"energy": "8.543e-03", "width": "3.1427e-02", "ip": "1.220e-07", "ts": "0", "stretch": "3.8754e+06", "date": "2116-10-19.23", "dist": "0.482", "sigma_lov": "-0.88535", "sigma_imp": "0.000", "ps": "-9.04"}, {"energy": "8.544e-03", "width": "2.2222e-02", "ip": "1.354e-07", "ts": "0", "stretch": "2.8991e+06", "date": "2116-10-19.24", "dist": "0.343", "sigma_lov": "-1.13900", "sigma_imp": "0.000", "ps": "-9.00"}, {"energy": "8.544e-03", "width": "0.0000e+00", "ip": "2.042e-07", "ts": "0", "stretch": "1.2061e+06", "date": "2116-10-19.32", "dist": "0.476", "sigma_lov": "-1.44901", "sigma_imp": "0.000", "ps": "-8.82"}, {"energy": "8.537e-03", "width": "0.0000e+00", "ip": "1.691e-06", "ts": "0", "stretch": "4.1493e+05", "date": "2116-10-19.29", "dist": "0.412", "sigma_lov": "0.26745", "sigma_imp": "0.000", "ps": "-7.90"}, {"energy": "8.546e-03", "width": "2.2222e-02", "ip": "7.885e-08", "ts": "0", "stretch": "2.8159e+06", "date": "2116-10-19.32", "dist": "0.466", "sigma_lov": "-1.52275", "sigma_imp": "0.000", "ps": "-9.23"}, {"energy": "8.526e-03", "width": "0.0000e+00", "ip": "5.848e-07", "ts": "0", "stretch": "5.1790e+05", "date": "2115-10-19.77", "dist": "0.584", "sigma_lov": "1.23415", "sigma_imp": "0.000", "ps": "-8.36"}, {"energy": "8.526e-03", "width": "0.0000e+00", "ip": "1.685e-06", "ts": "0", "stretch": "2.3435e+05", "date": "2115-10-19.81", "dist": "0.369", "sigma_lov": "1.12374", "sigma_imp": "0.000", "ps": "-7.90"}, {"energy": "8.534e-03", "width": "2.7778e-03", "ip": "1.750e-06", "ts": "0", "stretch": "4.2621e+05", "date": "2115-10-19.94", "dist": "0.336", "sigma_lov": "-0.12246", "sigma_imp": "0.000", "ps": "-7.88"}, {"energy": "8.535e-03", "width": "0.0000e+00", "ip": "8.535e-07", "ts": "0", "stretch": "7.0566e+05", "date": "2115-10-19.93", "dist": "0.605", "sigma_lov": "-0.32579", "sigma_imp": "0.000", "ps": "-8.19"}, {"energy": "8.558e-03", "width": "0.0000e+00", "ip": "3.152e-07", "ts": "0", "stretch": "2.1912e+06", "date": "2114-10-19.63", "dist": "0.352", "sigma_lov": "0.39620", "sigma_imp": "0.000", "ps": "-8.62"}, {"energy": "8.538e-03", "width": "2.7451e-04", "ip": "8.266e-09", "ts": "0", "stretch": "1.3560e+04", "date": "2114-10-19.42", "dist": "0.233", "sigma_lov": "4.20949", "sigma_imp": "0.000", "ps": "-10.2"}, {"energy": "8.551e-03", "width": "0.0000e+00", "ip": "1.411e-07", "ts": "0", "stretch": "2.9762e+06", "date": "2114-10-19.66", "dist": "0.846", "sigma_lov": "0.15746", "sigma_imp": "0.000", "ps": "-8.97"}, {"energy": "8.551e-03", "width": "0.0000e+00", "ip": "9.682e-08", "ts": "0", "stretch": "2.9991e+06", "date": "2113-10-19.06", "dist": "0.054", "sigma_lov": "1.42224", "sigma_imp": "0.000", "ps": "-9.13"}, {"energy": "8.551e-03", "width": "2.2222e-02", "ip": "1.171e-07", "ts": "0", "stretch": "4.0428e+06", "date": "2113-10-19.15", "dist": "0.689", "sigma_lov": "0.63102", "sigma_imp": "0.000", "ps": "-9.05"}, {"energy": "8.569e-03", "width": "0.0000e+00", "ip": "2.247e-08", "ts": "0", "stretch": "1.5250e+06", "date": "2113-10-19.15", "dist": "0.793", "sigma_lov": "-2.30583", "sigma_imp": "0.000", "ps": "-9.76"}, {"energy": "8.546e-03", "width": "0.0000e+00", "ip": "1.516e-07", "ts": "0", "stretch": "1.7827e+06", "date": "2113-10-19.08", "dist": "0.882", "sigma_lov": "0.81498", "sigma_imp": "0.000", "ps": "-8.94"}, {"energy": "8.568e-03", "width": "0.0000e+00", "ip": "1.574e-07", "ts": "0", "stretch": "4.5071e+05", "date": "2113-10-19.13", "dist": "0.524", "sigma_lov": "-2.12820", "sigma_imp": "0.000", "ps": "-8.92"}, {"energy": "8.572e-03", "width": "0.0000e+00", "ip": "1.847e-07", "ts": "0", "stretch": "3.9562e+05", "date": "2113-10-19.19", "dist": "0.044", "sigma_lov": "-2.18852", "sigma_imp": "0.000", "ps": "-8.85"}, {"energy": "8.552e-03", "width": "1.9642e-03", "ip": "1.196e-06", "ts": "0", "stretch": "3.5793e+05", "date": "2113-10-19.09", "dist": "0.587", "sigma_lov": "0.90838", "sigma_imp": "0.000", "ps": "-8.04"}, {"energy": "8.564e-03", "width": "0.0000e+00", "ip": "1.476e-07", "ts": "0", "stretch": "4.6125e+06", "date": "2113-10-19.03", "dist": "0.021", "sigma_lov": "-0.56371", "sigma_imp": "0.000", "ps": "-8.95"}, {"energy": "8.573e-03", "width": "0.0000e+00", "ip": "5.203e-08", "ts": "0", "stretch": "2.0737e+06", "date": "2113-10-19.13", "dist": "0.088", "sigma_lov": "-2.00068", "sigma_imp": "0.000", "ps": "-9.40"}, {"energy": "8.547e-03", "width": "1.1111e-02", "ip": "1.702e-07", "ts": "0", "stretch": "1.7042e+06", "date": "2113-10-19.04", "dist": "0.467", "sigma_lov": "1.33404", "sigma_imp": "0.000", "ps": "-8.89"}, {"energy": "8.574e-03", "width": "0.0000e+00", "ip": "8.815e-08", "ts": "0", "stretch": "1.0737e+06", "date": "2113-10-19.10", "dist": "0.042", "sigma_lov": "-2.06674", "sigma_imp": "0.000", "ps": "-9.17"}, {"energy": "8.555e-03", "width": "0.0000e+00", "ip": "1.900e-07", "ts": "0", "stretch": "3.2234e+06", "date": "2113-10-19.07", "dist": "0.078", "sigma_lov": "0.72348", "sigma_imp": "0.000", "ps": "-8.84"}, {"energy": "8.547e-03", "width": "0.0000e+00", "ip": "1.421e-07", "ts": "0", "stretch": "5.0904e+06", "date": "2112-10-19.07", "dist": "0.018", "sigma_lov": "0.44363", "sigma_imp": "0.000", "ps": "-8.96"}, {"energy": "8.564e-03", "width": "0.0000e+00", "ip": "2.575e-07", "ts": "0", "stretch": "2.5360e+06", "date": "2112-10-18.73", "dist": "0.058", "sigma_lov": "-0.63092", "sigma_imp": "0.000", "ps": "-8.70"}, {"energy": "8.527e-03", "width": "1.9890e-04", "ip": "1.805e-08", "ts": "0", "stretch": "6.9874e+03", "date": "2112-10-18.89", "dist": "0.346", "sigma_lov": "4.17278", "sigma_imp": "0.000", "ps": "-9.86"}, {"energy": "8.560e-03", "width": "0.0000e+00", "ip": "1.102e-06", "ts": "0", "stretch": "2.1653e+05", "date": "2112-10-18.97", "dist": "0.465", "sigma_lov": "-1.47485", "sigma_imp": "0.000", "ps": "-8.07"}, {"energy": "8.555e-03", "width": "9.6226e-03", "ip": "1.254e-07", "ts": "0", "stretch": "9.5632e+05", "date": "2112-10-19.05", "dist": "0.900", "sigma_lov": "-1.46011", "sigma_imp": "0.000", "ps": "-9.01"}, {"energy": "8.558e-03", "width": "0.0000e+00", "ip": "1.038e-07", "ts": "0", "stretch": "4.1246e+06", "date": "2112-10-18.99", "dist": "0.230", "sigma_lov": "-1.09285", "sigma_imp": "0.000", "ps": "-9.10"}, {"energy": "8.559e-03", "width": "0.0000e+00", "ip": "1.074e-07", "ts": "0", "stretch": "3.8198e+06", "date": "2112-10-18.99", "dist": "0.143", "sigma_lov": "-1.14564", "sigma_imp": "0.000", "ps": "-9.08"}, {"energy": "8.553e-03", "width": "0.0000e+00", "ip": "2.316e-06", "ts": "0", "stretch": "3.3448e+05", "date": "2111-10-19.76", "dist": "0.026", "sigma_lov": "-0.24207", "sigma_imp": "0.000", "ps": "-7.74"}, {"energy": "8.544e-03", "width": "0.0000e+00", "ip": "1.799e-06", "ts": "0", "stretch": "2.5761e+05", "date": "2111-10-19.74", "dist": "0.144", "sigma_lov": "1.03304", "sigma_imp": "0.000", "ps": "-7.85"}, {"energy": "8.553e-03", "width": "0.0000e+00", "ip": "2.382e-06", "ts": "0", "stretch": "3.2567e+05", "date": "2111-10-19.76", "dist": "0.069", "sigma_lov": "-0.22770", "sigma_imp": "0.000", "ps": "-7.73"}, {"energy": "8.544e-03", "width": "0.0000e+00", "ip": "6.689e-07", "ts": "0", "stretch": "5.5261e+05", "date": "2111-10-19.68", "dist": "0.454", "sigma_lov": "1.14443", "sigma_imp": "0.000", "ps": "-8.28"}, {"energy": "8.525e-03", "width": "4.4445e-02", "ip": "8.398e-08", "ts": "0", "stretch": "6.4509e+06", "date": "2110-10-19.65", "dist": "0.677", "sigma_lov": "0.39382", "sigma_imp": "0.000", "ps": "-9.18"}, {"energy": "8.534e-03", "width": "3.1427e-02", "ip": "2.110e-07", "ts": "0", "stretch": "3.4240e+06", "date": "2110-10-19.63", "dist": "0.047", "sigma_lov": "-0.44281", "sigma_imp": "0.000", "ps": "-8.78"}, {"energy": "8.528e-03", "width": "7.8568e-03", "ip": "6.538e-07", "ts": "0", "stretch": "1.0654e+06", "date": "2110-10-19.74", "dist": "0.418", "sigma_lov": "0.28222", "sigma_imp": "0.000", "ps": "-8.29"}, {"energy": "8.506e-03", "width": "2.5308e-04", "ip": "3.950e-08", "ts": "0", "stretch": "6.0499e+03", "date": "2110-10-19.57", "dist": "0.701", "sigma_lov": "3.94727", "sigma_imp": "0.000", "ps": "-9.51"}, {"energy": "8.566e-03", "width": "0.0000e+00", "ip": "1.121e-09", "ts": "0", "stretch": "2.5161e+04", "date": "2110-10-19.50", "dist": "0.260", "sigma_lov": "-4.52484", "sigma_imp": "0.000", "ps": "-11.1"}, {"energy": "8.568e-03", "width": "3.6701e-04", "ip": "2.944e-09", "ts": "0", "stretch": "2.3473e+03", "date": "2110-10-19.61", "dist": "0.116", "sigma_lov": "-4.83212", "sigma_imp": "0.000", "ps": "-10.6"}, {"energy": "8.528e-03", "width": "0.0000e+00", "ip": "2.829e-07", "ts": "0", "stretch": "2.4014e+06", "date": "2110-10-19.73", "dist": "0.432", "sigma_lov": "0.34104", "sigma_imp": "0.000", "ps": "-8.65"}, {"energy": "8.534e-03", "width": "2.2222e-02", "ip": "5.344e-08", "ts": "0", "stretch": "3.1654e+06", "date": "2110-10-19.66", "dist": "0.856", "sigma_lov": "-1.33509", "sigma_imp": "0.000", "ps": "-9.38"}, {"energy": "8.538e-03", "width": "0.0000e+00", "ip": "1.031e-06", "ts": "0", "stretch": "3.7254e+05", "date": "2109-10-19.25", "dist": "0.556", "sigma_lov": "1.04577", "sigma_imp": "0.000", "ps": "-8.08"}, {"energy": "8.541e-03", "width": "0.0000e+00", "ip": "1.840e-06", "ts": "0", "stretch": "2.6269e+05", "date": "2109-10-19.29", "dist": "0.363", "sigma_lov": "0.92902", "sigma_imp": "0.000", "ps": "-7.83"}, {"energy": "8.558e-03", "width": "0.0000e+00", "ip": "1.570e-07", "ts": "0", "stretch": "2.4637e+06", "date": "2108-10-19.04", "dist": "0.341", "sigma_lov": "-1.15235", "sigma_imp": "0.000", "ps": "-8.90"}, {"energy": "8.556e-03", "width": "0.0000e+00", "ip": "1.434e-07", "ts": "0", "stretch": "2.6950e+06", "date": "2108-10-19.04", "dist": "0.488", "sigma_lov": "-1.08700", "sigma_imp": "0.000", "ps": "-8.94"}, {"energy": "8.552e-03", "width": "0.0000e+00", "ip": "1.878e-06", "ts": "0", "stretch": "4.1000e+05", "date": "2108-10-19.17", "dist": "0.127", "sigma_lov": "0.23500", "sigma_imp": "0.000", "ps": "-7.82"}, {"energy": "8.528e-03", "width": "3.0382e-04", "ip": "1.447e-07", "ts": "0", "stretch": "4.1608e+03", "date": "2108-10-19.00", "dist": "0.574", "sigma_lov": "3.74244", "sigma_imp": "0.000", "ps": "-8.93"}, {"energy": "8.554e-03", "width": "7.8568e-03", "ip": "8.975e-08", "ts": "0", "stretch": "1.3982e+06", "date": "2107-10-19.73", "dist": "0.089", "sigma_lov": "-1.92343", "sigma_imp": "0.000", "ps": "-9.14"}, {"energy": "8.540e-03", "width": "1.1111e-02", "ip": "2.789e-07", "ts": "0", "stretch": "1.3879e+06", "date": "2107-10-19.57", "dist": "0.327", "sigma_lov": "1.15571", "sigma_imp": "0.000", "ps": "-8.64"}, {"energy": "8.552e-03", "width": "1.5714e-02", "ip": "2.206e-07", "ts": "0", "stretch": "2.4861e+06", "date": "2107-10-19.58", "dist": "0.600", "sigma_lov": "-0.55052", "sigma_imp": "0.000", "ps": "-8.74"}, {"energy": "8.558e-03", "width": "0.0000e+00", "ip": "4.019e-07", "ts": "0", "stretch": "2.2240e+05", "date": "2107-10-19.75", "dist": "0.190", "sigma_lov": "-2.08583", "sigma_imp": "0.000", "ps": "-8.48"}, {"energy": "8.539e-03", "width": "2.2222e-02", "ip": "1.852e-07", "ts": "0", "stretch": "2.9943e+06", "date": "2107-10-19.67", "dist": "0.528", "sigma_lov": "0.63248", "sigma_imp": "0.000", "ps": "-8.82"}, {"energy": "8.538e-03", "width": "1.9642e-03", "ip": "1.366e-06", "ts": "0", "stretch": "3.5329e+05", "date": "2107-10-19.68", "dist": "0.525", "sigma_lov": "0.82740", "sigma_imp": "0.000", "ps": "-7.95"}, {"energy": "8.540e-03", "width": "3.9284e-03", "ip": "7.402e-07", "ts": "0", "stretch": "6.1732e+05", "date": "2107-10-19.57", "dist": "0.063", "sigma_lov": "1.05493", "sigma_imp": "0.000", "ps": "-8.22"}, {"energy": "8.551e-03", "width": "5.5556e-03", "ip": "1.139e-07", "ts": "0", "stretch": "5.6812e+05", "date": "2107-10-19.73", "dist": "0.796", "sigma_lov": "-2.00716", "sigma_imp": "0.000", "ps": "-9.03"}, {"energy": "8.539e-03", "width": "0.0000e+00", "ip": "1.355e-07", "ts": "0", "stretch": "2.4828e+06", "date": "2107-10-19.64", "dist": "0.396", "sigma_lov": "1.24917", "sigma_imp": "0.000", "ps": "-8.96"}, {"energy": "8.565e-03", "width": "0.0000e+00", "ip": "5.718e-07", "ts": "0", "stretch": "7.8627e+05", "date": "2106-10-19.48", "dist": "0.439", "sigma_lov": "-0.96748", "sigma_imp": "0.000", "ps": "-8.33"}, {"energy": "8.562e-03", "width": "0.0000e+00", "ip": "6.994e-07", "ts": "0", "stretch": "1.0328e+06", "date": "2106-10-19.53", "dist": "0.028", "sigma_lov": "-0.44604", "sigma_imp": "0.000", "ps": "-8.24"}, {"energy": "8.571e-03", "width": "0.0000e+00", "ip": "1.338e-07", "ts": "0", "stretch": "4.8469e+06", "date": "2106-10-19.23", "dist": "0.160", "sigma_lov": "-0.62516", "sigma_imp": "0.000", "ps": "-8.96"}, {"energy": "8.571e-03", "width": "0.0000e+00", "ip": "1.597e-06", "ts": "0", "stretch": "4.0991e+05", "date": "2106-10-19.32", "dist": "0.058", "sigma_lov": "-0.62681", "sigma_imp": "0.000", "ps": "-7.88"}, {"energy": "8.561e-03", "width": "0.0000e+00", "ip": "7.094e-07", "ts": "0", "stretch": "3.4045e+05", "date": "2106-10-19.38", "dist": "0.918", "sigma_lov": "-0.73516", "sigma_imp": "0.000", "ps": "-8.23"}, {"energy": "8.560e-03", "width": "0.0000e+00", "ip": "8.962e-09", "ts": "0", "stretch": "3.8807e+07", "date": "2106-10-19.23", "dist": "0.843", "sigma_lov": "-0.68772", "sigma_imp": "0.000", "ps": "-10.1"}, {"energy": "8.540e-03", "width": "0.0000e+00", "ip": "1.287e-07", "ts": "0", "stretch": "5.0238e+06", "date": "2105-10-19.21", "dist": "0.344", "sigma_lov": "0.54369", "sigma_imp": "0.000", "ps": "-8.97"}, {"energy": "8.546e-03", "width": "5.5556e-03", "ip": "6.097e-08", "ts": "0", "stretch": "9.1843e+05", "date": "2105-10-19.29", "dist": "0.895", "sigma_lov": "-1.92576", "sigma_imp": "0.000", "ps": "-9.29"}, {"energy": "8.532e-03", "width": "0.0000e+00", "ip": "4.444e-08", "ts": "0", "stretch": "1.9136e+06", "date": "2105-10-19.17", "dist": "0.978", "sigma_lov": "1.15866", "sigma_imp": "0.000", "ps": "-9.43"}, {"energy": "8.540e-03", "width": "1.7778e-01", "ip": "2.840e-08", "ts": "0", "stretch": "2.1483e+07", "date": "2105-10-19.17", "dist": "0.598", "sigma_lov": "-0.09963", "sigma_imp": "0.000", "ps": "-9.63"}, {"energy": "8.553e-03", "width": "0.0000e+00", "ip": "3.064e-07", "ts": "0", "stretch": "2.8755e+05", "date": "2105-10-19.28", "dist": "0.549", "sigma_lov": "-2.01423", "sigma_imp": "0.000", "ps": "-8.59"}, {"energy": "8.537e-03", "width": "0.0000e+00", "ip": "1.942e-06", "ts": "0", "stretch": "2.6892e+05", "date": "2105-10-19.23", "dist": "0.368", "sigma_lov": "0.83894", "sigma_imp": "0.000", "ps": "-7.79"}, {"energy": "8.539e-03", "width": "2.7778e-03", "ip": "1.446e-06", "ts": "0", "stretch": "3.4782e+05", "date": "2105-10-19.13", "dist": "0.061", "sigma_lov": "0.95924", "sigma_imp": "0.000", "ps": "-7.92"}, {"energy": "8.538e-03", "width": "0.0000e+00", "ip": "1.294e-07", "ts": "0", "stretch": "2.7512e+06", "date": "2105-10-19.22", "dist": "0.225", "sigma_lov": "1.25089", "sigma_imp": "0.000", "ps": "-8.97"}, {"energy": "8.551e-03", "width": "1.5714e-02", "ip": "6.959e-08", "ts": "0", "stretch": "2.1328e+06", "date": "2105-10-19.28", "dist": "0.215", "sigma_lov": "-1.82314", "sigma_imp": "0.000", "ps": "-9.24"}, {"energy": "8.539e-03", "width": "1.1111e-02", "ip": "2.483e-07", "ts": "0", "stretch": "1.4067e+06", "date": "2104-10-19.09", "dist": "0.509", "sigma_lov": "-1.16401", "sigma_imp": "0.000", "ps": "-8.68"}, {"energy": "8.512e-03", "width": "0.0000e+00", "ip": "3.128e-08", "ts": "0", "stretch": "9.2693e+04", "date": "2104-10-18.89", "dist": "0.619", "sigma_lov": "3.28203", "sigma_imp": "0.000", "ps": "-9.58"}, {"energy": "8.535e-03", "width": "0.0000e+00", "ip": "1.940e-07", "ts": "0", "stretch": "1.5921e+06", "date": "2104-10-19.09", "dist": "0.723", "sigma_lov": "-1.07721", "sigma_imp": "0.000", "ps": "-8.79"}, {"energy": "8.563e-03", "width": "1.5035e-04", "ip": "1.856e-08", "ts": "0", "stretch": "8.7292e+03", "date": "2104-10-19.01", "dist": "0.327", "sigma_lov": "-4.11425", "sigma_imp": "0.000", "ps": "-9.80"}, {"energy": "8.544e-03", "width": "0.0000e+00", "ip": "1.178e-07", "ts": "0", "stretch": "5.9502e+06", "date": "2103-10-19.79", "dist": "0.233", "sigma_lov": "0.45369", "sigma_imp": "0.000", "ps": "-9.00"}, {"energy": "8.541e-03", "width": "0.0000e+00", "ip": "1.474e-06", "ts": "0", "stretch": "2.2617e+05", "date": "2103-10-19.77", "dist": "0.798", "sigma_lov": "0.85669", "sigma_imp": "0.000", "ps": "-7.90"}, {"energy": "8.555e-03", "width": "0.0000e+00", "ip": "3.102e-07", "ts": "0", "stretch": "1.8565e+05", "date": "2103-10-19.91", "dist": "0.828", "sigma_lov": "-2.02762", "sigma_imp": "0.000", "ps": "-8.58"}, {"energy": "8.550e-03", "width": "2.7778e-03", "ip": "1.167e-06", "ts": "0", "stretch": "4.4333e+05", "date": "2102-10-19.40", "dist": "0.702", "sigma_lov": "-0.43273", "sigma_imp": "0.000", "ps": "-8.00"}, {"energy": "8.572e-03", "width": "9.8210e-04", "ip": "1.242e-09", "ts": "0", "stretch": "1.7626e+05", "date": "2102-10-19.33", "dist": "0.752", "sigma_lov": "-3.94986", "sigma_imp": "0.000", "ps": "-11.0"}, {"energy": "8.572e-03", "width": "1.2276e-04", "ip": "1.235e-08", "ts": "0", "stretch": "1.5700e+04", "date": "2102-10-19.39", "dist": "0.655", "sigma_lov": "-4.01490", "sigma_imp": "0.000", "ps": "-9.97"}, {"energy": "8.545e-03", "width": "0.0000e+00", "ip": "1.586e-06", "ts": "0", "stretch": "3.5591e+05", "date": "2102-10-19.42", "dist": "0.701", "sigma_lov": "0.12893", "sigma_imp": "0.000", "ps": "-7.86"}, {"energy": "8.547e-03", "width": "0.0000e+00", "ip": "3.746e-07", "ts": "0", "stretch": "6.5027e+05", "date": "2102-10-19.37", "dist": "0.916", "sigma_lov": "-0.74068", "sigma_imp": "0.000", "ps": "-8.49"}, {"energy": "8.552e-03", "width": "4.4445e-02", "ip": "6.404e-08", "ts": "0", "stretch": "7.2283e+06", "date": "2102-10-19.30", "dist": "0.644", "sigma_lov": "-0.74225", "sigma_imp": "0.000", "ps": "-9.26"}, {"energy": "8.557e-03", "width": "0.0000e+00", "ip": "1.095e-06", "ts": "0", "stretch": "5.7878e+05", "date": "2102-10-19.29", "dist": "0.266", "sigma_lov": "-0.62285", "sigma_imp": "0.000", "ps": "-8.02"}, {"energy": "8.549e-03", "width": "0.0000e+00", "ip": "4.816e-08", "ts": "0", "stretch": "1.5008e+07", "date": "2102-10-19.37", "dist": "0.276", "sigma_lov": "0.34485", "sigma_imp": "0.000", "ps": "-9.38"}, {"energy": "8.556e-03", "width": "0.0000e+00", "ip": "1.269e-07", "ts": "0", "stretch": "4.5750e+06", "date": "2102-10-19.22", "dist": "0.407", "sigma_lov": "-0.67573", "sigma_imp": "0.000", "ps": "-8.96"}, {"energy": "8.569e-03", "width": "2.2222e-02", "ip": "2.373e-07", "ts": "0", "stretch": "2.7186e+06", "date": "2101-10-19.01", "dist": "0.363", "sigma_lov": "-0.53340", "sigma_imp": "0.000", "ps": "-8.68"}, {"energy": "8.565e-03", "width": "0.0000e+00", "ip": "7.260e-08", "ts": "0", "stretch": "2.7921e+06", "date": "2101-10-19.09", "dist": "0.934", "sigma_lov": "-0.82368", "sigma_imp": "0.000", "ps": "-9.20"}, {"energy": "8.564e-03", "width": "1.5714e-02", "ip": "2.175e-07", "ts": "0", "stretch": "1.7698e+06", "date": "2101-10-19.03", "dist": "0.729", "sigma_lov": "-0.83685", "sigma_imp": "0.000", "ps": "-8.72"}, {"energy": "8.560e-03", "width": "0.0000e+00", "ip": "5.326e-07", "ts": "0", "stretch": "1.1495e+06", "date": "2101-10-19.03", "dist": "0.342", "sigma_lov": "0.63741", "sigma_imp": "0.000", "ps": "-8.33"}, {"energy": "8.557e-03", "width": "0.0000e+00", "ip": "3.684e-07", "ts": "0", "stretch": "1.1311e+06", "date": "2101-10-18.95", "dist": "0.542", "sigma_lov": "0.97603", "sigma_imp": "0.000", "ps": "-8.49"}, {"energy": "8.569e-03", "width": "0.0000e+00", "ip": "1.880e-07", "ts": "0", "stretch": "3.4962e+06", "date": "2101-10-18.96", "dist": "0.296", "sigma_lov": "-0.54520", "sigma_imp": "0.000", "ps": "-8.78"}, {"energy": "8.570e-03", "width": "1.1111e-02", "ip": "3.745e-08", "ts": "0", "stretch": "1.5767e+06", "date": "2101-10-19.13", "dist": "0.735", "sigma_lov": "-2.10733", "sigma_imp": "0.000", "ps": "-9.48"}, {"energy": "8.581e-03", "width": "0.0000e+00", "ip": "4.501e-09", "ts": "0", "stretch": "2.1255e+04", "date": "2100-10-18.87", "dist": "0.960", "sigma_lov": "-3.94321", "sigma_imp": "0.000", "ps": "-10.4"}, {"energy": "8.560e-03", "width": "0.0000e+00", "ip": "1.133e-06", "ts": "0", "stretch": "6.2487e+05", "date": "2100-10-18.88", "dist": "0.241", "sigma_lov": "-0.42460", "sigma_imp": "0.000", "ps": "-8.00"}, {"energy": "8.551e-03", "width": "0.0000e+00", "ip": "1.160e-06", "ts": "0", "stretch": "3.8914e+05", "date": "2100-10-18.91", "dist": "0.822", "sigma_lov": "0.10682", "sigma_imp": "0.000", "ps": "-7.99"}, {"energy": "8.563e-03", "width": "0.0000e+00", "ip": "5.073e-07", "ts": "0", "stretch": "8.2396e+05", "date": "2100-10-18.74", "dist": "0.772", "sigma_lov": "-0.62118", "sigma_imp": "0.000", "ps": "-8.35"}, {"energy": "8.564e-03", "width": "0.0000e+00", "ip": "6.775e-07", "ts": "0", "stretch": "8.6922e+05", "date": "2100-10-18.83", "dist": "0.237", "sigma_lov": "-0.74241", "sigma_imp": "0.000", "ps": "-8.22"}, {"energy": "8.540e-03", "width": "0.0000e+00", "ip": "3.516e-07", "ts": "0", "stretch": "3.6048e+05", "date": "2099-10-18.76", "dist": "0.532", "sigma_lov": "-1.83161", "sigma_imp": "0.000", "ps": "-8.50"}, {"energy": "8.538e-03", "width": "3.1427e-02", "ip": "2.159e-08", "ts": "0", "stretch": "3.6106e+06", "date": "2099-10-18.79", "dist": "0.895", "sigma_lov": "-1.73634", "sigma_imp": "0.000", "ps": "-9.71"}, {"energy": "8.524e-03", "width": "2.2222e-02", "ip": "1.217e-07", "ts": "0", "stretch": "2.5341e+06", "date": "2099-10-18.69", "dist": "0.729", "sigma_lov": "1.06948", "sigma_imp": "0.000", "ps": "-8.96"}, {"energy": "8.539e-03", "width": "0.0000e+00", "ip": "6.165e-07", "ts": "0", "stretch": "8.8542e+05", "date": "2099-10-18.75", "dist": "0.252", "sigma_lov": "-0.83399", "sigma_imp": "0.000", "ps": "-8.26"}, {"energy": "8.524e-03", "width": "0.0000e+00", "ip": "1.931e-07", "ts": "0", "stretch": "1.5788e+06", "date": "2099-10-18.66", "dist": "0.787", "sigma_lov": "0.97926", "sigma_imp": "0.000", "ps": "-8.76"}, {"energy": "8.550e-03", "width": "6.8042e-03", "ip": "1.355e-07", "ts": "0", "stretch": "6.8250e+05", "date": "2099-10-18.84", "dist": "0.345", "sigma_lov": "-2.04760", "sigma_imp": "0.000", "ps": "-8.92"}, {"energy": "8.541e-03", "width": "2.2222e-02", "ip": "1.903e-07", "ts": "0", "stretch": "3.5375e+06", "date": "2098-10-18.47", "dist": "0.529", "sigma_lov": "0.11068", "sigma_imp": "0.000", "ps": "-8.76"}, {"energy": "8.545e-03", "width": "2.2222e-02", "ip": "1.807e-07", "ts": "0", "stretch": "4.1509e+06", "date": "2098-10-18.44", "dist": "0.333", "sigma_lov": "-0.08492", "sigma_imp": "0.000", "ps": "-8.79"}, {"energy": "8.575e-03", "width": "0.0000e+00", "ip": "2.607e-09", "ts": "0", "stretch": "2.0047e+05", "date": "2098-10-18.43", "dist": "0.097", "sigma_lov": "-3.83193", "sigma_imp": "0.000", "ps": "-10.6"}, {"energy": "8.573e-03", "width": "1.7361e-04", "ip": "1.734e-08", "ts": "0", "stretch": "2.3420e+04", "date": "2098-10-18.51", "dist": "0.321", "sigma_lov": "-3.88461", "sigma_imp": "0.000", "ps": "-9.80"}, {"energy": "8.528e-03", "width": "0.0000e+00", "ip": "6.589e-08", "ts": "0", "stretch": "1.9173e+05", "date": "2098-10-18.36", "dist": "0.436", "sigma_lov": "2.84539", "sigma_imp": "0.000", "ps": "-9.22"}, {"energy": "8.545e-03", "width": "0.0000e+00", "ip": "1.761e-07", "ts": "0", "stretch": "4.3058e+06", "date": "2098-10-18.49", "dist": "0.280", "sigma_lov": "0.14081", "sigma_imp": "0.000", "ps": "-8.80"}, {"energy": "8.560e-03", "width": "1.1111e-02", "ip": "7.110e-08", "ts": "0", "stretch": "1.3109e+06", "date": "2097-10-18.33", "dist": "0.301", "sigma_lov": "-2.05148", "sigma_imp": "0.000", "ps": "-9.19"}, {"energy": "8.538e-03", "width": "0.0000e+00", "ip": "2.468e-07", "ts": "0", "stretch": "1.9784e+06", "date": "2097-10-18.17", "dist": "0.144", "sigma_lov": "0.98137", "sigma_imp": "0.000", "ps": "-8.65"}, {"energy": "8.535e-03", "width": "1.9642e-03", "ip": "1.320e-06", "ts": "0", "stretch": "3.0286e+05", "date": "2097-10-18.18", "dist": "0.730", "sigma_lov": "0.78847", "sigma_imp": "0.000", "ps": "-7.92"}, {"energy": "8.554e-03", "width": "0.0000e+00", "ip": "3.615e-07", "ts": "0", "stretch": "3.0123e+05", "date": "2097-10-18.38", "dist": "0.276", "sigma_lov": "-1.97799", "sigma_imp": "0.000", "ps": "-8.48"}, {"energy": "8.538e-03", "width": "0.0000e+00", "ip": "1.376e-06", "ts": "0", "stretch": "3.6974e+05", "date": "2097-10-18.24", "dist": "0.616", "sigma_lov": "0.65125", "sigma_imp": "0.000", "ps": "-7.90"}, {"energy": "8.536e-03", "width": "0.0000e+00", "ip": "1.069e-07", "ts": "0", "stretch": "4.6162e+06", "date": "2097-10-18.20", "dist": "0.728", "sigma_lov": "0.45527", "sigma_imp": "0.000", "ps": "-9.01"}, {"energy": "8.566e-03", "width": "1.9642e-03", "ip": "1.902e-09", "ts": "0", "stretch": "2.2641e+05", "date": "2096-10-17.84", "dist": "0.765", "sigma_lov": "-3.76823", "sigma_imp": "0.000", "ps": "-10.8"}, {"energy": "8.566e-03", "width": "1.2276e-04", "ip": "1.858e-08", "ts": "0", "stretch": "2.2499e+04", "date": "2096-10-17.91", "dist": "0.629", "sigma_lov": "-3.82589", "sigma_imp": "0.000", "ps": "-9.76"}, {"energy": "8.552e-03", "width": "0.0000e+00", "ip": "8.431e-07", "ts": "0", "stretch": "7.8029e+05", "date": "2096-10-17.81", "dist": "0.079", "sigma_lov": "-0.61689", "sigma_imp": "0.000", "ps": "-8.11"}, {"energy": "8.523e-03", "width": "2.7778e-03", "ip": "7.574e-10", "ts": "0", "stretch": "2.7075e+05", "date": "2096-10-17.78", "dist": "1.002", "sigma_lov": "2.72107", "sigma_imp": "0.827", "ps": "-11.2"}, {"energy": "8.546e-03", "width": "0.0000e+00", "ip": "4.770e-07", "ts": "0", "stretch": "8.9760e+05", "date": "2096-10-17.87", "dist": "0.706", "sigma_lov": "-0.74533", "sigma_imp": "0.000", "ps": "-8.35"}, {"energy": "8.557e-03", "width": "1.5714e-02", "ip": "2.445e-07", "ts": "0", "stretch": "2.1767e+06", "date": "2095-10-18.62", "dist": "0.124", "sigma_lov": "0.89185", "sigma_imp": "0.000", "ps": "-8.64"}, {"energy": "8.563e-03", "width": "0.0000e+00", "ip": "6.500e-07", "ts": "0", "stretch": "9.7640e+05", "date": "2095-10-18.59", "dist": "0.408", "sigma_lov": "-0.52618", "sigma_imp": "0.000", "ps": "-8.21"}, {"energy": "8.556e-03", "width": "0.0000e+00", "ip": "2.006e-07", "ts": "0", "stretch": "3.5771e+06", "date": "2095-10-18.61", "dist": "0.070", "sigma_lov": "0.45623", "sigma_imp": "0.000", "ps": "-8.72"}, {"energy": "8.553e-03", "width": "0.0000e+00", "ip": "7.821e-07", "ts": "0", "stretch": "6.2826e+05", "date": "2095-10-18.59", "dist": "0.531", "sigma_lov": "0.79916", "sigma_imp": "0.000", "ps": "-8.13"}, {"energy": "8.554e-03", "width": "0.0000e+00", "ip": "6.246e-07", "ts": "0", "stretch": "9.6208e+05", "date": "2095-10-18.68", "dist": "0.481", "sigma_lov": "0.55185", "sigma_imp": "0.000", "ps": "-8.23"}, {"energy": "8.568e-03", "width": "1.1111e-02", "ip": "9.021e-08", "ts": "0", "stretch": "1.6023e+06", "date": "2095-10-18.73", "dist": "0.574", "sigma_lov": "-1.73874", "sigma_imp": "0.000", "ps": "-9.07"}, {"energy": "8.553e-03", "width": "0.0000e+00", "ip": "6.450e-07", "ts": "0", "stretch": "9.8028e+05", "date": "2094-10-18.26", "dist": "0.291", "sigma_lov": "-0.61475", "sigma_imp": "0.000", "ps": "-8.21"}, {"energy": "8.551e-03", "width": "0.0000e+00", "ip": "5.863e-08", "ts": "0", "stretch": "9.2317e+06", "date": "2094-10-18.20", "dist": "0.524", "sigma_lov": "-0.67669", "sigma_imp": "0.000", "ps": "-9.25"}, {"energy": "8.553e-03", "width": "0.0000e+00", "ip": "6.837e-07", "ts": "0", "stretch": "8.8328e+05", "date": "2094-10-18.30", "dist": "0.026", "sigma_lov": "-0.74693", "sigma_imp": "0.000", "ps": "-8.19"}, {"energy": "8.540e-03", "width": "0.0000e+00", "ip": "8.821e-08", "ts": "0", "stretch": "2.9707e+06", "date": "2093-10-18.14", "dist": "0.795", "sigma_lov": "-1.10932", "sigma_imp": "0.000", "ps": "-9.07"}, {"energy": "8.538e-03", "width": "4.4445e-02", "ip": "1.207e-07", "ts": "0", "stretch": "6.1985e+06", "date": "2093-10-18.16", "dist": "0.018", "sigma_lov": "0.35503", "sigma_imp": "0.000", "ps": "-8.93"}, {"energy": "8.540e-03", "width": "0.0000e+00", "ip": "7.790e-08", "ts": "0", "stretch": "2.8523e+06", "date": "2093-10-18.14", "dist": "0.851", "sigma_lov": "-1.12779", "sigma_imp": "0.000", "ps": "-9.12"}, {"energy": "8.534e-03", "width": "0.0000e+00", "ip": "7.580e-08", "ts": "0", "stretch": "3.4482e+06", "date": "2093-10-18.26", "dist": "0.885", "sigma_lov": "-0.84120", "sigma_imp": "0.000", "ps": "-9.14"}, {"energy": "8.539e-03", "width": "2.7778e-03", "ip": "1.470e-06", "ts": "0", "stretch": "4.5417e+05", "date": "2093-10-18.23", "dist": "0.209", "sigma_lov": "0.55898", "sigma_imp": "0.000", "ps": "-7.85"}, {"energy": "8.539e-03", "width": "0.0000e+00", "ip": "2.851e-06", "ts": "0", "stretch": "2.1538e+05", "date": "2093-10-18.12", "dist": "0.173", "sigma_lov": "0.70275", "sigma_imp": "0.000", "ps": "-7.56"}, {"energy": "8.532e-03", "width": "0.0000e+00", "ip": "7.957e-08", "ts": "0", "stretch": "2.3167e+06", "date": "2093-10-18.20", "dist": "0.967", "sigma_lov": "0.45782", "sigma_imp": "0.000", "ps": "-9.12"}, {"energy": "8.536e-03", "width": "0.0000e+00", "ip": "4.555e-07", "ts": "0", "stretch": "1.1990e+06", "date": "2093-10-18.15", "dist": "0.328", "sigma_lov": "0.80356", "sigma_imp": "0.000", "ps": "-8.36"}, {"energy": "8.543e-03", "width": "0.0000e+00", "ip": "1.531e-07", "ts": "0", "stretch": "4.2051e+06", "date": "2092-10-17.92", "dist": "0.591", "sigma_lov": "0.03015", "sigma_imp": "0.000", "ps": "-8.83"}, {"energy": "8.550e-03", "width": "0.0000e+00", "ip": "3.469e-07", "ts": "0", "stretch": "2.1576e+06", "date": "2092-10-17.90", "dist": "0.228", "sigma_lov": "-0.27397", "sigma_imp": "0.000", "ps": "-8.47"}, {"energy": "8.533e-03", "width": "2.4552e-04", "ip": "1.044e-06", "ts": "0", "stretch": "2.5690e+04", "date": "2092-10-17.91", "dist": "0.041", "sigma_lov": "2.60721", "sigma_imp": "0.000", "ps": "-7.99"}, {"energy": "8.530e-03", "width": "0.0000e+00", "ip": "7.951e-08", "ts": "0", "stretch": "2.7822e+05", "date": "2092-10-17.85", "dist": "0.791", "sigma_lov": "2.49000", "sigma_imp": "0.000", "ps": "-9.11"}, {"energy": "8.573e-03", "width": "2.4552e-04", "ip": "4.300e-08", "ts": "0", "stretch": "2.0214e+04", "date": "2092-10-18.01", "dist": "0.079", "sigma_lov": "-3.69689", "sigma_imp": "0.000", "ps": "-9.38"}, {"energy": "8.550e-03", "width": "0.0000e+00", "ip": "4.164e-07", "ts": "0", "stretch": "1.8788e+06", "date": "2092-10-17.90", "dist": "0.049", "sigma_lov": "-0.19295", "sigma_imp": "0.000", "ps": "-8.39"}, {"energy": "8.545e-03", "width": "3.1427e-02", "ip": "1.029e-07", "ts": "0", "stretch": "5.6656e+06", "date": "2092-10-17.91", "dist": "0.619", "sigma_lov": "-0.38080", "sigma_imp": "0.000", "ps": "-9.00"}, {"energy": "8.531e-03", "width": "3.1427e-02", "ip": "1.475e-07", "ts": "0", "stretch": "4.6543e+06", "date": "2091-10-18.69", "dist": "0.398", "sigma_lov": "0.35584", "sigma_imp": "0.000", "ps": "-8.84"}, {"energy": "8.538e-03", "width": "0.0000e+00", "ip": "1.547e-07", "ts": "0", "stretch": "2.7211e+06", "date": "2091-10-18.70", "dist": "0.090", "sigma_lov": "-1.12875", "sigma_imp": "0.000", "ps": "-8.81"}, {"energy": "8.531e-03", "width": "0.0000e+00", "ip": "2.289e-07", "ts": "0", "stretch": "2.4426e+06", "date": "2091-10-18.68", "dist": "0.248", "sigma_lov": "0.80553", "sigma_imp": "0.000", "ps": "-8.65"}, {"energy": "8.529e-03", "width": "0.0000e+00", "ip": "2.921e-07", "ts": "0", "stretch": "1.3908e+06", "date": "2091-10-18.85", "dist": "0.680", "sigma_lov": "-0.85539", "sigma_imp": "0.000", "ps": "-8.54"}, {"energy": "8.539e-03", "width": "0.0000e+00", "ip": "8.939e-07", "ts": "0", "stretch": "7.2549e+05", "date": "2091-10-18.68", "dist": "0.372", "sigma_lov": "-0.51564", "sigma_imp": "0.000", "ps": "-8.05"}, {"energy": "8.526e-03", "width": "0.0000e+00", "ip": "1.722e-06", "ts": "0", "stretch": "1.1609e+05", "date": "2091-10-18.72", "dist": "0.955", "sigma_lov": "0.58052", "sigma_imp": "0.000", "ps": "-7.77"}, {"energy": "8.537e-03", "width": "1.5714e-02", "ip": "1.520e-07", "ts": "0", "stretch": "2.8420e+06", "date": "2091-10-18.70", "dist": "0.034", "sigma_lov": "-1.10841", "sigma_imp": "0.000", "ps": "-8.82"}, {"energy": "8.540e-03", "width": "0.0000e+00", "ip": "1.048e-07", "ts": "0", "stretch": "3.7784e+06", "date": "2087-10-18.62", "dist": "0.767", "sigma_lov": "0.71624", "sigma_imp": "0.000", "ps": "-8.96"}, {"energy": "8.549e-03", "width": "0.0000e+00", "ip": "4.085e-08", "ts": "0", "stretch": "2.8345e+06", "date": "2087-10-18.65", "dist": "0.962", "sigma_lov": "-1.13076", "sigma_imp": "0.000", "ps": "-9.37"}, {"energy": "8.556e-03", "width": "0.0000e+00", "ip": "2.722e-07", "ts": "0", "stretch": "5.7602e+05", "date": "2087-10-18.80", "dist": "0.640", "sigma_lov": "-1.65345", "sigma_imp": "0.000", "ps": "-8.54"}, {"energy": "8.540e-03", "width": "1.5714e-02", "ip": "3.309e-07", "ts": "0", "stretch": "1.2977e+06", "date": "2087-10-18.71", "dist": "0.818", "sigma_lov": "0.35955", "sigma_imp": "0.000", "ps": "-8.46"}, {"energy": "8.554e-03", "width": "2.2222e-02", "ip": "2.154e-07", "ts": "0", "stretch": "2.3371e+06", "date": "2087-10-18.76", "dist": "0.374", "sigma_lov": "-0.87873", "sigma_imp": "0.000", "ps": "-8.65"}, {"energy": "8.547e-03", "width": "1.1111e-02", "ip": "3.989e-07", "ts": "0", "stretch": "1.4687e+06", "date": "2087-10-18.65", "dist": "0.454", "sigma_lov": "0.62209", "sigma_imp": "0.000", "ps": "-8.38"}, {"energy": "8.547e-03", "width": "0.0000e+00", "ip": "5.629e-08", "ts": "0", "stretch": "2.9767e+06", "date": "2087-10-18.65", "dist": "0.922", "sigma_lov": "-1.10648", "sigma_imp": "0.000", "ps": "-9.23"}, {"energy": "8.535e-03", "width": "0.0000e+00", "ip": "9.015e-07", "ts": "0", "stretch": "5.1124e+05", "date": "2086-10-18.44", "dist": "0.640", "sigma_lov": "-0.75610", "sigma_imp": "0.000", "ps": "-8.02"}, {"energy": "8.537e-03", "width": "0.0000e+00", "ip": "1.890e-07", "ts": "0", "stretch": "3.3687e+06", "date": "2085-10-18.14", "dist": "0.249", "sigma_lov": "0.62363", "sigma_imp": "0.000", "ps": "-8.69"}, {"energy": "8.536e-03", "width": "0.0000e+00", "ip": "6.586e-07", "ts": "0", "stretch": "8.4050e+05", "date": "2085-10-18.18", "dist": "0.601", "sigma_lov": "0.53272", "sigma_imp": "0.000", "ps": "-8.15"}, {"energy": "8.537e-03", "width": "0.0000e+00", "ip": "2.310e-07", "ts": "0", "stretch": "1.1181e+06", "date": "2081-10-18.20", "dist": "0.934", "sigma_lov": "0.44177", "sigma_imp": "0.000", "ps": "-8.58"}, {"energy": "8.547e-03", "width": "0.0000e+00", "ip": "8.636e-07", "ts": "0", "stretch": "5.3621e+05", "date": "2079-10-18.57", "dist": "0.760", "sigma_lov": "-0.47718", "sigma_imp": "0.000", "ps": "-7.99"}, {"energy": "8.553e-03", "width": "0.0000e+00", "ip": "3.829e-07", "ts": "0", "stretch": "1.8315e+06", "date": "2079-10-18.67", "dist": "0.168", "sigma_lov": "-0.47997", "sigma_imp": "0.000", "ps": "-8.34"}]}