{"summary": {"energy": "4.672e-01", "darc": "1.2422 days", "ip": "3.4372582e-06", "h": "25.98", "nobs": "53", "mass": "1.36e+07", "v_inf": "12.83", "first_obs": "2009-May-12.38588", "method": "LOV", "pdate": "2017-04-12 21:03:07", "ndop": "0", "cdate": "2017-04-12 21:03:07", "ps_cum": "-6.00", "diameter": "0.0219999656121265", "ndel": "0", "v_imp": "17.00", "ps_max": "-6.49", "last_obs": "2009-May-13.62807", "fullname": "(2009 JL2)", "n_imp": "12", "ts_max": "0", "nsat": "0", "des": "2009 JL2"}, "signature": {"source": "NASA/JPL Sentry Data API", "version": "1.1"}, "data": [{"energy": "4.667e-01", "width": "0.0000e+00", "ip": "7.349e-08", "ts": "0", "stretch": "3.2502e+06", "date": "2116-05-14.31", "dist": "0.948", "sigma_lov": "-0.36055", "sigma_imp": "0.000", "ps": "-7.87"}, {"energy": "4.681e-01", "width": "4.9105e-04", "ip": "1.191e-08", "ts": "0", "stretch": "1.5807e+06", "date": "2116-05-14.31", "dist": "0.984", "sigma_lov": "-2.01583", "sigma_imp": "0.000", "ps": "-8.66"}, {"energy": "4.687e-01", "width": "3.8821e-04", "ip": "2.310e-08", "ts": "0", "stretch": "4.0236e+05", "date": "2113-05-14.56", "dist": "0.661", "sigma_lov": "-2.88623", "sigma_imp": "0.000", "ps": "-8.36"}, {"energy": "4.681e-01", "width": "4.9105e-04", "ip": "3.181e-08", "ts": "0", "stretch": "1.2026e+06", "date": "2113-05-14.56", "dist": "0.721", "sigma_lov": "-2.31117", "sigma_imp": "0.000", "ps": "-8.22"}, {"energy": "4.654e-01", "width": "4.9105e-04", "ip": "2.425e-07", "ts": "0", "stretch": "1.4476e+06", "date": "2113-05-14.56", "dist": "0.684", "sigma_lov": "1.00501", "sigma_imp": "0.000", "ps": "-7.34"}, {"energy": "4.680e-01", "width": "3.8821e-04", "ip": "2.077e-07", "ts": "0", "stretch": "2.6976e+05", "date": "2113-05-14.56", "dist": "0.807", "sigma_lov": "-2.06330", "sigma_imp": "0.000", "ps": "-7.41"}, {"energy": "4.620e-01", "width": "5.3949e-04", "ip": "1.182e-10", "ts": "0", "stretch": "5.3321e+04", "date": "2087-05-14.11", "dist": "0.146", "sigma_lov": "4.84550", "sigma_imp": "0.000", "ps": "-10.5"}, {"energy": "4.658e-01", "width": "1.5528e-03", "ip": "3.298e-07", "ts": "0", "stretch": "1.0560e+06", "date": "2085-05-13.61", "dist": "0.686", "sigma_lov": "1.01053", "sigma_imp": "0.000", "ps": "-7.06"}, {"energy": "4.669e-01", "width": "1.4833e-03", "ip": "8.885e-07", "ts": "0", "stretch": "4.3653e+05", "date": "2085-05-13.62", "dist": "0.852", "sigma_lov": "-0.38526", "sigma_imp": "0.000", "ps": "-6.63"}, {"energy": "4.682e-01", "width": "1.4477e-03", "ip": "8.680e-07", "ts": "0", "stretch": "9.9000e+04", "date": "2085-05-13.62", "dist": "0.255", "sigma_lov": "-2.09513", "sigma_imp": "0.000", "ps": "-6.64"}, {"energy": "4.674e-01", "width": "1.4171e-03", "ip": "7.116e-07", "ts": "0", "stretch": "1.5231e+05", "date": "2057-05-13.68", "dist": "0.427", "sigma_lov": "-1.94710", "sigma_imp": "0.000", "ps": "-6.49"}, {"energy": "4.661e-01", "width": "1.3962e-03", "ip": "4.873e-08", "ts": "0", "stretch": "3.4260e+03", "date": "2057-05-13.70", "dist": "1.003", "sigma_lov": "-0.33633", "sigma_imp": "2.403", "ps": "-7.66"}]}