{"summary":{"energy":"3.390e-01","darc":"3.7866 days","ip":"6.254e-06","h":"26.55","nobs":"34","mass":"6.21e+06","v_inf":"18.29","first_obs":"2009-Apr-22.32371","method":"LOV","pdate":"2017-04-09 14:54:23","ndop":"0","cdate":"2017-04-09 14:54:23","ps_cum":"-6.03","diameter":"1.7e-02","ndel":"0","v_imp":"21.42","ps_max":"-6.03","last_obs":"2009-Apr-26.110296","fullname":"(2009 HS44)","n_imp":"1","ts_max":"0","nsat":"0","des":"2009 HS44"},"signature":{"source":"NASA/JPL Sentry Data API","version":"1.1"},"data":[{"energy":"3.390e-01","width":"2.3611e-02","ip":"6.254e-06","ts":"0","stretch":"9.6671e+04","date":"2111-09-17.53","dist":"0.581","sigma_lov":"-0.37598","sigma_imp":"0.000","ps":"-6.03"}]}