{"summary": {"energy": "1.652e-02", "darc": ".32485 days", "ip": "3.95696e-08", "h": "28.25", "nobs": "21", "mass": "5.94e+05", "v_inf": "10.47", "first_obs": "2009-Mar-03.27933", "method": "LOV", "pdate": "2017-04-08 11:52:48", "ndop": "0", "cdate": "2017-04-08 11:52:48", "ps_cum": "-8.93", "diameter": "0.0076", "ndel": "0", "v_imp": "15.29", "ps_max": "-9.16", "last_obs": "2009-Mar-03.60418", "fullname": "(2009 EJ1)", "n_imp": "4", "ts_max": "0", "nsat": "0", "des": "2009 EJ1"}, "signature": {"source": "NASA/JPL Sentry Data API", "version": "1.1"}, "data": [{"energy": "1.662e-02", "width": "2.1344e-01", "ip": "2.329e-08", "ts": "0", "stretch": "2.1324e+06", "date": "2086-11-04.69", "dist": "1.101", "sigma_lov": "-1.30430", "sigma_imp": "0.471", "ps": "-9.38"}, {"energy": "1.586e-02", "width": "1.7592e-01", "ip": "2.530e-09", "ts": "0", "stretch": "7.0435e+05", "date": "2069-11-06.71", "dist": "0.570", "sigma_lov": "-3.42503", "sigma_imp": "0.000", "ps": "-10.2"}, {"energy": "1.647e-02", "width": "1.9116e-01", "ip": "1.361e-08", "ts": "0", "stretch": "6.6050e+06", "date": "2041-11-08.10", "dist": "0.753", "sigma_lov": "-1.81895", "sigma_imp": "0.000", "ps": "-9.16"}, {"energy": "1.662e-02", "width": "1.5831e-01", "ip": "1.396e-10", "ts": "0", "stretch": "2.0887e+06", "date": "2086-11-04.71", "dist": "1.433", "sigma_lov": "-1.30360", "sigma_imp": "2.733", "ps": "-11.6"}]}