{"summary": {"energy": "2.854e-02", "darc": "2.6511 days", "ip": "1.547e-09", "h": "27.86", "nobs": "21", "mass": "1.01e+06", "v_inf": "10.60", "first_obs": "2009-Mar-03.25773", "method": "LOV", "pdate": "2017-04-11 18:06:13", "ndop": "0", "cdate": "2017-04-11 18:06:13", "ps_cum": "-10.10", "diameter": "9.1e-03", "ndel": "0", "v_imp": "15.38", "ps_max": "-10.1", "last_obs": "2009-Mar-05.90881", "fullname": "(2009 EH1)", "n_imp": "1", "ts_max": "0", "nsat": "0", "des": "2009 EH1"}, "signature": {"source": "NASA/JPL Sentry Data API", "version": "1.1"}, "data": [{"energy": "2.854e-02", "width": "1.6648e+00", "ip": "1.547e-09", "ts": "0", "stretch": "1.0055e+07", "date": "2051-09-01.41", "dist": "0.930", "sigma_lov": "2.35527", "sigma_imp": "0.000", "ps": "-10.1"}]}