{"summary": {"energy": "8.303e-03", "darc": ".12466 days", "ip": "2.2344419e-05", "h": "28.60", "nobs": "10", "mass": "3.63e+05", "v_inf": "8.26", "first_obs": "2009-Nov-06.25793", "method": "LOV", "pdate": "2017-04-09 17:52:06", "ndop": "0", "cdate": "2017-04-09 17:52:06", "ps_cum": "-5.74", "diameter": "0.00639652615715808", "ndel": "0", "v_imp": "13.87", "ps_max": "-5.78", "last_obs": "2009-Nov-06.38259", "fullname": "(2009 VA)", "n_imp": "18", "ts_max": "0", "nsat": "0", "des": "2009 VA"}, "signature": {"source": "NASA/JPL Sentry Data API", "version": "1.1"}, "data": [{"energy": "1.013e-02", "width": "1.3029e-01", "ip": "3.185e-08", "ts": "0", "stretch": "9.4165e+05", "date": "2043-11-07.37", "dist": "0.616", "sigma_lov": "2.52931", "sigma_imp": "0.000", "ps": "-8.99"}, {"energy": "9.452e-03", "width": "1.1654e-01", "ip": "6.794e-08", "ts": "0", "stretch": "1.1905e+06", "date": "2043-11-07.35", "dist": "0.916", "sigma_lov": "1.57681", "sigma_imp": "0.000", "ps": "-8.69"}, {"energy": "8.151e-03", "width": "1.2571e-01", "ip": "4.543e-08", "ts": "0", "stretch": "1.1857e+07", "date": "2042-11-07.04", "dist": "0.881", "sigma_lov": "-0.78307", "sigma_imp": "0.000", "ps": "-8.90"}, {"energy": "1.063e-02", "width": "2.8596e-01", "ip": "9.010e-09", "ts": "0", "stretch": "6.1289e+05", "date": "2042-11-07.14", "dist": "0.042", "sigma_lov": "3.14112", "sigma_imp": "0.000", "ps": "-9.51"}, {"energy": "9.436e-03", "width": "1.4741e-01", "ip": "3.300e-08", "ts": "0", "stretch": "7.0624e+06", "date": "2037-11-06.81", "dist": "0.160", "sigma_lov": "1.55421", "sigma_imp": "0.000", "ps": "-8.89"}, {"energy": "8.324e-03", "width": "2.9866e-01", "ip": "3.064e-07", "ts": "0", "stretch": "1.0484e+06", "date": "2036-11-06.58", "dist": "0.860", "sigma_lov": "-0.41441", "sigma_imp": "0.000", "ps": "-7.95"}, {"energy": "7.908e-03", "width": "2.5868e-01", "ip": "2.356e-07", "ts": "0", "stretch": "1.3630e+06", "date": "2036-11-06.54", "dist": "0.120", "sigma_lov": "-1.31836", "sigma_imp": "0.000", "ps": "-8.08"}, {"energy": "9.408e-03", "width": "2.5068e-01", "ip": "1.236e-07", "ts": "0", "stretch": "1.6381e+06", "date": "2035-11-07.33", "dist": "0.781", "sigma_lov": "1.51329", "sigma_imp": "0.000", "ps": "-8.28"}, {"energy": "9.448e-03", "width": "2.3360e-01", "ip": "8.218e-08", "ts": "0", "stretch": "2.0897e+06", "date": "2033-11-06.82", "dist": "0.606", "sigma_lov": "1.56342", "sigma_imp": "0.000", "ps": "-8.40"}, {"energy": "7.513e-03", "width": "2.9938e-01", "ip": "2.336e-08", "ts": "0", "stretch": "2.0951e+06", "date": "2032-11-06.51", "dist": "0.601", "sigma_lov": "-2.33600", "sigma_imp": "0.000", "ps": "-9.00"}, {"energy": "1.166e-02", "width": "2.5899e-01", "ip": "2.614e-09", "ts": "0", "stretch": "2.8912e+04", "date": "2032-11-06.72", "dist": "0.539", "sigma_lov": "4.24702", "sigma_imp": "0.000", "ps": "-9.80"}, {"energy": "8.328e-03", "width": "1.9500e-01", "ip": "1.329e-07", "ts": "0", "stretch": "2.8974e+06", "date": "2030-11-07.03", "dist": "0.802", "sigma_lov": "-0.39201", "sigma_imp": "0.000", "ps": "-8.15"}, {"energy": "9.414e-03", "width": "2.3934e-01", "ip": "6.500e-10", "ts": "0", "stretch": "2.2479e+06", "date": "2030-11-07.07", "dist": "1.512", "sigma_lov": "1.52011", "sigma_imp": "2.141", "ps": "-10.4"}, {"energy": "1.062e-02", "width": "2.7837e-01", "ip": "1.415e-07", "ts": "0", "stretch": "2.7193e+04", "date": "2028-11-06.68", "dist": "0.688", "sigma_lov": "3.12266", "sigma_imp": "0.000", "ps": "-7.97"}, {"energy": "9.446e-03", "width": "1.6778e-01", "ip": "4.105e-09", "ts": "0", "stretch": "3.0279e+06", "date": "2028-11-06.55", "dist": "1.179", "sigma_lov": "1.55720", "sigma_imp": "1.064", "ps": "-9.55"}, {"energy": "7.518e-03", "width": "2.6205e-01", "ip": "1.576e-06", "ts": "0", "stretch": "3.2014e+04", "date": "2026-11-07.05", "dist": "0.186", "sigma_lov": "-2.32602", "sigma_imp": "0.000", "ps": "-6.96"}, {"energy": "8.330e-03", "width": "2.1173e-01", "ip": "1.950e-05", "ts": "0", "stretch": "2.8733e+04", "date": "2025-11-06.84", "dist": "0.584", "sigma_lov": "-0.39850", "sigma_imp": "0.000", "ps": "-5.78"}, {"energy": "1.001e-02", "width": "1.3944e-01", "ip": "2.828e-08", "ts": "0", "stretch": "6.9884e+05", "date": "2048-11-06.63", "dist": "0.900", "sigma_lov": "2.36469", "sigma_imp": "0.000", "ps": "-9.12"}]}