{"summary": {"energy": "1.076e+01", "darc": "2.9471 days", "ip": "1.15088e-08", "h": "24.09", "nobs": "22", "mass": "1.87e+08", "v_inf": "18.98", "first_obs": "2009-Nov-23.28123", "method": "LOV", "pdate": "2017-04-11 20:49:32", "ndop": "0", "cdate": "2017-04-11 20:49:32", "ps_cum": "-6.94", "diameter": "0.052", "ndel": "0", "v_imp": "22.01", "ps_max": "-7.10", "last_obs": "2009-Nov-26.22829", "fullname": "(2009 WZ53)", "n_imp": "8", "ts_max": "0", "nsat": "0", "des": "2009 WZ53"}, "signature": {"source": "NASA/JPL Sentry Data API", "version": "1.1"}, "data": [{"energy": "1.077e+01", "width": "1.7449e+00", "ip": "1.670e-10", "ts": "0", "stretch": "9.0285e+06", "date": "2081-05-22.82", "dist": "0.457", "sigma_lov": "-3.21980", "sigma_imp": "0.000", "ps": "-9.24"}, {"energy": "1.076e+01", "width": "1.7205e+00", "ip": "1.558e-10", "ts": "0", "stretch": "2.7136e+05", "date": "2025-05-22.68", "dist": "4.828", "sigma_lov": "-3.21526", "sigma_imp": "2.225", "ps": "-8.37"}, {"energy": "1.078e+01", "width": "1.7183e+00", "ip": "1.101e-09", "ts": "0", "stretch": "1.4110e+04", "date": "2020-05-22.42", "dist": "5.426", "sigma_lov": "-3.22497", "sigma_imp": "2.576", "ps": "-7.10"}, {"energy": "1.074e+01", "width": "1.6587e+00", "ip": "4.055e-09", "ts": "0", "stretch": "1.1136e+05", "date": "2084-05-22.59", "dist": "2.892", "sigma_lov": "-3.18624", "sigma_imp": "1.141", "ps": "-7.87"}, {"energy": "1.075e+01", "width": "1.7029e+00", "ip": "1.095e-09", "ts": "0", "stretch": "2.5056e+05", "date": "2089-05-22.85", "dist": "3.398", "sigma_lov": "-3.19731", "sigma_imp": "1.408", "ps": "-8.47"}, {"energy": "1.076e+01", "width": "1.7179e+00", "ip": "1.022e-09", "ts": "0", "stretch": "3.8585e+05", "date": "2094-05-23.10", "dist": "3.040", "sigma_lov": "-3.20272", "sigma_imp": "1.188", "ps": "-8.53"}, {"energy": "1.077e+01", "width": "1.7262e+00", "ip": "1.169e-09", "ts": "0", "stretch": "4.8705e+05", "date": "2099-05-23.37", "dist": "2.619", "sigma_lov": "-3.20614", "sigma_imp": "0.938", "ps": "-8.50"}, {"energy": "1.077e+01", "width": "1.7322e+00", "ip": "2.744e-09", "ts": "0", "stretch": "5.0965e+05", "date": "2104-05-23.64", "dist": "0.986", "sigma_lov": "-3.20866", "sigma_imp": "0.000", "ps": "-8.15"}]}