{"summary":{"energy":"8.794e-01","darc":"3.9159 days","ip":"2.85861e-06","h":"26.09","nobs":"27","mass":"1.16e+07","v_inf":"22.61","first_obs":"2009-Apr-27.29601","method":"LOV","pdate":"2017-04-08 13:22:02","ndop":"0","cdate":"2017-04-08 13:22:02","ps_cum":"-5.77","diameter":"0.02","ndel":"0","v_imp":"25.21","ps_max":"-6.10","last_obs":"2009-May-01.21192","fullname":"(2009 HW67)","n_imp":"4","ts_max":"0","nsat":"0","des":"2009 HW67"},"signature":{"source":"NASA/JPL Sentry Data API","version":"1.1"},"data":[{"energy":"8.878e-01","width":"6.9445e-03","ip":"1.637e-06","ts":"0","stretch":"2.8418e+05","date":"2079-04-24.59","dist":"0.529","sigma_lov":"-0.86673","sigma_imp":"0.000","ps":"-6.10"},{"energy":"8.680e-01","width":"7.2336e-03","ip":"1.045e-06","ts":"0","stretch":"1.1767e+05","date":"2058-04-23.96","dist":"0.159","sigma_lov":"-1.92754","sigma_imp":"0.000","ps":"-6.12"},{"energy":"8.773e-01","width":"0.0000e+00","ip":"9.661e-08","ts":"0","stretch":"2.7427e+06","date":"2058-04-24.15","dist":"0.356","sigma_lov":"-1.43851","sigma_imp":"0.000","ps":"-7.15"},{"energy":"8.577e-01","width":"7.2544e-03","ip":"8.000e-08","ts":"0","stretch":"6.4659e+04","date":"2046-04-24.25","dist":"0.737","sigma_lov":"-3.04851","sigma_imp":"0.000","ps":"-7.09"}]}