{"summary": {"energy": "3.453e-02", "darc": "4.9304 days", "ip": "3.2011694e-05", "h": "27.55", "nobs": "70", "mass": "1.57e+06", "v_inf": "7.78", "first_obs": "2010-Oct-11.34885", "method": "LOV", "pdate": "2017-04-14 13:30:22", "ndop": "0", "cdate": "2017-04-14 13:30:22", "ps_cum": "-6.07", "diameter": "0.01", "ndel": "0", "v_imp": "13.59", "ps_max": "-6.12", "last_obs": "2010-Oct-16.27929", "fullname": "(2010 TW54)", "n_imp": "16", "ts_max": "0", "nsat": "0", "des": "2010 TW54"}, "signature": {"source": "NASA/JPL Sentry Data API", "version": "1.1"}, "data": [{"energy": "3.433e-02", "width": "0.0000e+00", "ip": "1.709e-07", "ts": "0", "stretch": "1.3810e+06", "date": "2093-10-08.88", "dist": "0.417", "sigma_lov": "-1.49818", "sigma_imp": "0.000", "ps": "-8.30"}, {"energy": "3.439e-02", "width": "2.7778e-03", "ip": "2.692e-07", "ts": "0", "stretch": "6.4529e+05", "date": "2092-10-08.61", "dist": "0.740", "sigma_lov": "-1.50260", "sigma_imp": "0.000", "ps": "-8.10"}, {"energy": "3.448e-02", "width": "2.6644e-02", "ip": "2.779e-08", "ts": "0", "stretch": "1.2708e+06", "date": "2090-10-09.07", "dist": "0.981", "sigma_lov": "1.64581", "sigma_imp": "0.000", "ps": "-9.07"}, {"energy": "3.452e-02", "width": "4.3789e-02", "ip": "1.534e-06", "ts": "0", "stretch": "1.8940e+05", "date": "2088-10-08.64", "dist": "0.264", "sigma_lov": "1.39492", "sigma_imp": "0.000", "ps": "-7.32"}, {"energy": "3.455e-02", "width": "0.0000e+00", "ip": "3.514e-08", "ts": "0", "stretch": "3.2846e+06", "date": "2087-10-09.16", "dist": "0.752", "sigma_lov": "1.74372", "sigma_imp": "0.000", "ps": "-8.95"}, {"energy": "3.455e-02", "width": "1.1111e-02", "ip": "1.393e-08", "ts": "0", "stretch": "1.7636e+06", "date": "2081-10-08.60", "dist": "0.990", "sigma_lov": "1.80680", "sigma_imp": "0.000", "ps": "-9.31"}, {"energy": "3.457e-02", "width": "2.2222e-02", "ip": "1.500e-08", "ts": "0", "stretch": "2.2549e+06", "date": "2081-10-08.62", "dist": "0.619", "sigma_lov": "2.41618", "sigma_imp": "0.000", "ps": "-9.28"}, {"energy": "3.464e-02", "width": "1.6652e-03", "ip": "7.866e-09", "ts": "0", "stretch": "5.4335e+04", "date": "2074-10-09.21", "dist": "0.678", "sigma_lov": "3.80065", "sigma_imp": "0.000", "ps": "-9.51"}, {"energy": "3.458e-02", "width": "6.8042e-03", "ip": "2.358e-08", "ts": "0", "stretch": "6.5884e+05", "date": "2102-10-10.03", "dist": "0.354", "sigma_lov": "2.78257", "sigma_imp": "0.000", "ps": "-9.21"}, {"energy": "3.449e-02", "width": "3.1427e-02", "ip": "7.078e-09", "ts": "0", "stretch": "6.3885e+06", "date": "2115-10-10.11", "dist": "0.976", "sigma_lov": "1.73792", "sigma_imp": "0.000", "ps": "-9.79"}, {"energy": "3.454e-02", "width": "6.8042e-03", "ip": "3.893e-07", "ts": "0", "stretch": "6.7892e+05", "date": "2113-10-09.81", "dist": "0.027", "sigma_lov": "1.48632", "sigma_imp": "0.000", "ps": "-8.04"}, {"energy": "3.459e-02", "width": "1.4699e-02", "ip": "1.473e-08", "ts": "0", "stretch": "1.0648e+06", "date": "2113-10-09.85", "dist": "0.765", "sigma_lov": "2.64224", "sigma_imp": "0.000", "ps": "-9.46"}, {"energy": "3.453e-02", "width": "5.8557e-03", "ip": "2.912e-05", "ts": "0", "stretch": "1.6068e+04", "date": "2103-10-10.34", "dist": "0.209", "sigma_lov": "1.01138", "sigma_imp": "0.000", "ps": "-6.12"}, {"energy": "3.463e-02", "width": "1.6553e-02", "ip": "2.911e-07", "ts": "0", "stretch": "3.1831e+04", "date": "2103-10-10.38", "dist": "0.578", "sigma_lov": "2.91593", "sigma_imp": "0.000", "ps": "-8.12"}, {"energy": "3.453e-02", "width": "4.1574e-02", "ip": "2.359e-08", "ts": "0", "stretch": "1.4117e+06", "date": "2115-10-10.19", "dist": "0.833", "sigma_lov": "2.26983", "sigma_imp": "0.000", "ps": "-9.27"}, {"energy": "3.453e-02", "width": "3.9284e-02", "ip": "6.849e-08", "ts": "0", "stretch": "1.2788e+06", "date": "2115-10-10.18", "dist": "0.619", "sigma_lov": "1.98282", "sigma_imp": "0.000", "ps": "-8.80"}]}