{"summary": {"energy": "1.885e-01", "darc": ".06622 days", "ip": "1.449862e-07", "h": "26.38", "nobs": "12", "mass": "9.79e+06", "v_inf": "5.28", "first_obs": "2010-Nov-30.37333", "method": "LOV", "pdate": "2017-04-09 11:07:43", "ndop": "0", "cdate": "2017-04-09 11:07:43", "ps_cum": "-6.98", "diameter": "0.0183947617083557", "ndel": "0", "v_imp": "12.39", "ps_max": "-7.51", "last_obs": "2010-Nov-30.43955", "fullname": "(2010 WW8)", "n_imp": "84", "ts_max": "0", "nsat": "0", "des": "2010 WW8"}, "signature": {"source": "NASA/JPL Sentry Data API", "version": "1.1"}, "data": [{"energy": "5.563e-02", "width": "6.2247e+01", "ip": "1.002e-09", "ts": "0", "stretch": "1.2553e+05", "date": "2112-11-29.14", "dist": "179.014", "sigma_lov": "-0.20723", "sigma_imp": "2.860", "ps": "-10.5"}, {"energy": "3.041e-01", "width": "1.0008e+02", "ip": "3.388e-10", "ts": "0", "stretch": "1.3196e+06", "date": "2108-12-16.58", "dist": "190.623", "sigma_lov": "1.09492", "sigma_imp": "1.895", "ps": "-10.3"}, {"energy": "3.202e-01", "width": "1.0426e+02", "ip": "9.069e-10", "ts": "0", "stretch": "5.3990e+05", "date": "2102-12-16.77", "dist": "189.569", "sigma_lov": "1.12118", "sigma_imp": "1.809", "ps": "-9.85"}, {"energy": "2.296e-01", "width": "1.3826e+02", "ip": "1.123e-09", "ts": "0", "stretch": "7.3426e+05", "date": "2096-12-16.72", "dist": "198.398", "sigma_lov": "0.94699", "sigma_imp": "1.428", "ps": "-9.84"}, {"energy": "3.123e-01", "width": "1.0550e+02", "ip": "2.044e-10", "ts": "0", "stretch": "2.6264e+06", "date": "2089-12-15.63", "dist": "186.482", "sigma_lov": "1.10939", "sigma_imp": "1.758", "ps": "-10.4"}, {"energy": "2.312e-01", "width": "1.4104e+02", "ip": "7.807e-10", "ts": "0", "stretch": "1.0701e+06", "date": "2087-12-17.54", "dist": "198.706", "sigma_lov": "0.95154", "sigma_imp": "1.402", "ps": "-9.94"}, {"energy": "2.859e-01", "width": "1.2597e+02", "ip": "9.173e-10", "ts": "0", "stretch": "8.6280e+05", "date": "2087-12-16.30", "dist": "182.272", "sigma_lov": "1.06339", "sigma_imp": "1.439", "ps": "-9.80"}, {"energy": "3.184e-01", "width": "1.0720e+02", "ip": "5.204e-10", "ts": "0", "stretch": "9.7517e+05", "date": "2087-12-16.29", "dist": "191.263", "sigma_lov": "1.11922", "sigma_imp": "1.775", "ps": "-10.0"}, {"energy": "3.868e-01", "width": "9.5421e+01", "ip": "1.421e-10", "ts": "0", "stretch": "1.9851e+06", "date": "2087-12-15.65", "dist": "199.594", "sigma_lov": "1.21159", "sigma_imp": "2.081", "ps": "-10.5"}, {"energy": "3.713e-01", "width": "1.0140e+02", "ip": "2.736e-10", "ts": "0", "stretch": "1.2945e+06", "date": "2086-12-15.59", "dist": "198.725", "sigma_lov": "1.19389", "sigma_imp": "1.950", "ps": "-10.2"}, {"energy": "2.582e-01", "width": "1.1285e+02", "ip": "1.194e-09", "ts": "0", "stretch": "4.6685e+05", "date": "2085-12-16.89", "dist": "199.230", "sigma_lov": "1.01394", "sigma_imp": "1.757", "ps": "-9.71"}, {"energy": "3.943e-01", "width": "9.5910e+01", "ip": "1.524e-10", "ts": "0", "stretch": "2.0065e+06", "date": "2085-12-14.82", "dist": "196.162", "sigma_lov": "1.22023", "sigma_imp": "2.035", "ps": "-10.5"}, {"energy": "2.262e-01", "width": "1.4386e+02", "ip": "1.224e-09", "ts": "0", "stretch": "7.2161e+05", "date": "2084-12-16.67", "dist": "196.186", "sigma_lov": "0.93755", "sigma_imp": "1.357", "ps": "-9.74"}, {"energy": "3.277e-01", "width": "1.0688e+02", "ip": "3.537e-10", "ts": "0", "stretch": "1.3050e+06", "date": "2083-12-16.29", "dist": "195.427", "sigma_lov": "1.13483", "sigma_imp": "1.819", "ps": "-10.1"}, {"energy": "3.877e-01", "width": "9.5712e+01", "ip": "1.936e-10", "ts": "0", "stretch": "1.8120e+06", "date": "2079-12-15.13", "dist": "189.858", "sigma_lov": "1.21082", "sigma_imp": "1.973", "ps": "-10.3"}, {"energy": "4.308e-01", "width": "9.0369e+01", "ip": "1.070e-10", "ts": "0", "stretch": "2.5518e+06", "date": "2079-12-14.54", "dist": "190.382", "sigma_lov": "1.25628", "sigma_imp": "2.096", "ps": "-10.5"}, {"energy": "2.053e-01", "width": "1.4801e+02", "ip": "1.065e-09", "ts": "0", "stretch": "9.0878e+05", "date": "2078-12-16.72", "dist": "194.498", "sigma_lov": "0.87862", "sigma_imp": "1.307", "ps": "-9.79"}, {"energy": "2.603e-01", "width": "1.0689e+02", "ip": "8.741e-10", "ts": "0", "stretch": "6.5374e+05", "date": "2078-12-16.56", "dist": "190.397", "sigma_lov": "1.01566", "sigma_imp": "1.772", "ps": "-9.79"}, {"energy": "3.303e-01", "width": "1.0084e+02", "ip": "4.612e-10", "ts": "0", "stretch": "1.0846e+06", "date": "2078-12-15.36", "dist": "183.096", "sigma_lov": "1.13591", "sigma_imp": "1.806", "ps": "-9.99"}, {"energy": "1.944e-01", "width": "1.5001e+02", "ip": "2.856e-09", "ts": "0", "stretch": "3.4362e+05", "date": "2077-12-16.47", "dist": "197.138", "sigma_lov": "0.84740", "sigma_imp": "1.307", "ps": "-9.37"}, {"energy": "2.853e-01", "width": "1.0914e+02", "ip": "6.030e-10", "ts": "0", "stretch": "1.2774e+06", "date": "2077-12-15.15", "dist": "170.413", "sigma_lov": "1.06175", "sigma_imp": "1.552", "ps": "-9.92"}, {"energy": "2.880e-01", "width": "1.2230e+02", "ip": "9.361e-10", "ts": "0", "stretch": "8.5687e+05", "date": "2075-12-16.00", "dist": "177.989", "sigma_lov": "1.06713", "sigma_imp": "1.447", "ps": "-9.71"}, {"energy": "4.075e-01", "width": "8.9984e+01", "ip": "1.172e-10", "ts": "0", "stretch": "2.0465e+06", "date": "2075-12-15.21", "dist": "196.303", "sigma_lov": "1.23521", "sigma_imp": "2.170", "ps": "-10.5"}, {"energy": "5.384e-02", "width": "6.8568e+01", "ip": "2.589e-09", "ts": "0", "stretch": "1.0275e+05", "date": "2075-11-27.82", "dist": "175.637", "sigma_lov": "-0.24720", "sigma_imp": "2.547", "ps": "-9.85"}, {"energy": "2.091e-01", "width": "1.5037e+02", "ip": "4.192e-09", "ts": "0", "stretch": "2.2714e+05", "date": "2074-12-16.96", "dist": "196.338", "sigma_lov": "0.89217", "sigma_imp": "1.299", "ps": "-9.16"}, {"energy": "2.941e-01", "width": "1.2763e+02", "ip": "6.035e-10", "ts": "0", "stretch": "1.2735e+06", "date": "2073-12-15.67", "dist": "184.723", "sigma_lov": "1.07790", "sigma_imp": "1.440", "ps": "-9.88"}, {"energy": "2.608e-01", "width": "1.0365e+02", "ip": "1.681e-09", "ts": "0", "stretch": "3.0558e+05", "date": "2071-12-17.01", "dist": "192.321", "sigma_lov": "1.01794", "sigma_imp": "1.846", "ps": "-9.46"}, {"energy": "3.845e-01", "width": "9.7464e+01", "ip": "2.705e-10", "ts": "0", "stretch": "1.1464e+06", "date": "2071-12-15.74", "dist": "198.481", "sigma_lov": "1.21007", "sigma_imp": "2.026", "ps": "-10.1"}, {"energy": "5.061e-02", "width": "8.7682e+01", "ip": "4.815e-08", "ts": "0", "stretch": "1.9180e+04", "date": "2071-11-25.61", "dist": "164.726", "sigma_lov": "-0.33418", "sigma_imp": "1.867", "ps": "-8.57"}, {"energy": "3.671e-01", "width": "9.6729e+01", "ip": "3.021e-10", "ts": "0", "stretch": "1.2348e+06", "date": "2070-12-15.16", "dist": "189.765", "sigma_lov": "1.18673", "sigma_imp": "1.951", "ps": "-10.1"}, {"energy": "3.479e-01", "width": "1.0265e+02", "ip": "3.545e-10", "ts": "0", "stretch": "1.0616e+06", "date": "2069-12-15.74", "dist": "199.135", "sigma_lov": "1.16481", "sigma_imp": "1.930", "ps": "-10.0"}, {"energy": "3.313e-01", "width": "1.1274e+02", "ip": "5.621e-10", "ts": "0", "stretch": "9.8966e+05", "date": "2068-12-15.35", "dist": "190.459", "sigma_lov": "1.13901", "sigma_imp": "1.681", "ps": "-9.82"}, {"energy": "4.697e-01", "width": "9.6305e+01", "ip": "2.185e-10", "ts": "0", "stretch": "1.6626e+06", "date": "2067-12-13.88", "dist": "183.942", "sigma_lov": "1.29242", "sigma_imp": "1.900", "ps": "-10.1"}, {"energy": "2.994e-01", "width": "1.1855e+02", "ip": "2.769e-10", "ts": "0", "stretch": "2.7717e+06", "date": "2066-12-15.56", "dist": "176.766", "sigma_lov": "1.08796", "sigma_imp": "1.483", "ps": "-10.1"}, {"energy": "2.823e-01", "width": "1.1191e+02", "ip": "1.460e-09", "ts": "0", "stretch": "5.1481e+05", "date": "2065-12-15.42", "dist": "175.121", "sigma_lov": "1.05632", "sigma_imp": "1.556", "ps": "-9.44"}, {"energy": "2.882e-01", "width": "1.2223e+02", "ip": "1.555e-09", "ts": "0", "stretch": "5.2091e+05", "date": "2063-12-15.98", "dist": "177.041", "sigma_lov": "1.06791", "sigma_imp": "1.440", "ps": "-9.39"}, {"energy": "3.323e-01", "width": "1.0596e+02", "ip": "4.785e-10", "ts": "0", "stretch": "1.0997e+06", "date": "2063-12-15.86", "dist": "186.121", "sigma_lov": "1.14077", "sigma_imp": "1.747", "ps": "-9.85"}, {"energy": "3.844e-01", "width": "9.7967e+01", "ip": "2.618e-10", "ts": "0", "stretch": "1.4100e+06", "date": "2063-12-15.38", "dist": "190.731", "sigma_lov": "1.20911", "sigma_imp": "1.937", "ps": "-10.1"}, {"energy": "4.406e-01", "width": "8.4133e+01", "ip": "1.095e-10", "ts": "0", "stretch": "1.5440e+06", "date": "2063-12-14.99", "dist": "197.411", "sigma_lov": "1.26974", "sigma_imp": "2.335", "ps": "-10.4"}, {"energy": "2.135e-01", "width": "1.4979e+02", "ip": "3.848e-09", "ts": "0", "stretch": "2.4859e+05", "date": "2061-12-16.58", "dist": "194.239", "sigma_lov": "0.90429", "sigma_imp": "1.290", "ps": "-9.08"}, {"energy": "2.131e-01", "width": "1.5154e+02", "ip": "4.190e-09", "ts": "0", "stretch": "2.2654e+05", "date": "2061-12-16.54", "dist": "196.211", "sigma_lov": "0.90265", "sigma_imp": "1.288", "ps": "-9.04"}, {"energy": "2.153e-01", "width": "1.4853e+02", "ip": "7.519e-10", "ts": "0", "stretch": "1.2845e+06", "date": "2061-12-16.53", "dist": "191.941", "sigma_lov": "0.90929", "sigma_imp": "1.286", "ps": "-9.78"}, {"energy": "3.442e-01", "width": "1.0558e+02", "ip": "8.285e-10", "ts": "0", "stretch": "6.6178e+05", "date": "2061-12-14.96", "dist": "182.066", "sigma_lov": "1.15663", "sigma_imp": "1.715", "ps": "-9.58"}, {"energy": "2.779e-01", "width": "1.0912e+02", "ip": "1.546e-09", "ts": "0", "stretch": "4.8087e+05", "date": "2060-12-15.12", "dist": "173.854", "sigma_lov": "1.04780", "sigma_imp": "1.584", "ps": "-9.37"}, {"energy": "3.768e-01", "width": "9.2912e+01", "ip": "4.048e-10", "ts": "0", "stretch": "8.3051e+05", "date": "2060-12-14.57", "dist": "188.292", "sigma_lov": "1.19940", "sigma_imp": "2.016", "ps": "-9.85"}, {"energy": "3.040e-01", "width": "1.2369e+02", "ip": "9.119e-10", "ts": "0", "stretch": "7.8325e+05", "date": "2059-12-16.22", "dist": "186.084", "sigma_lov": "1.09666", "sigma_imp": "1.496", "ps": "-9.56"}, {"energy": "3.054e-01", "width": "1.2227e+02", "ip": "1.831e-10", "ts": "0", "stretch": "3.8760e+06", "date": "2059-12-16.16", "dist": "185.194", "sigma_lov": "1.09911", "sigma_imp": "1.506", "ps": "-10.3"}, {"energy": "4.126e-01", "width": "1.0162e+02", "ip": "2.893e-10", "ts": "0", "stretch": "1.1992e+06", "date": "2059-12-15.29", "dist": "197.110", "sigma_lov": "1.24141", "sigma_imp": "1.930", "ps": "-9.95"}, {"energy": "3.335e-01", "width": "1.0497e+02", "ip": "4.779e-10", "ts": "0", "stretch": "1.1031e+06", "date": "2058-12-15.49", "dist": "184.699", "sigma_lov": "1.14262", "sigma_imp": "1.750", "ps": "-9.80"}, {"energy": "2.638e-01", "width": "1.1731e+02", "ip": "1.072e-09", "ts": "0", "stretch": "6.3214e+05", "date": "2057-12-16.37", "dist": "190.221", "sigma_lov": "1.02364", "sigma_imp": "1.613", "ps": "-9.52"}, {"energy": "3.126e-01", "width": "1.2025e+02", "ip": "6.020e-10", "ts": "0", "stretch": "1.0096e+06", "date": "2057-12-16.05", "dist": "194.197", "sigma_lov": "1.11225", "sigma_imp": "1.607", "ps": "-9.71"}, {"energy": "4.061e-01", "width": "1.0635e+02", "ip": "3.527e-10", "ts": "0", "stretch": "1.1650e+06", "date": "2056-12-14.50", "dist": "194.662", "sigma_lov": "1.23432", "sigma_imp": "1.821", "ps": "-9.84"}, {"energy": "3.851e-01", "width": "1.0029e+02", "ip": "3.389e-10", "ts": "0", "stretch": "1.4479e+06", "date": "2055-12-14.73", "dist": "178.789", "sigma_lov": "1.20760", "sigma_imp": "1.773", "ps": "-9.87"}, {"energy": "3.611e-01", "width": "9.6998e+01", "ip": "4.067e-10", "ts": "0", "stretch": "1.1636e+06", "date": "2054-12-14.78", "dist": "178.544", "sigma_lov": "1.17796", "sigma_imp": "1.830", "ps": "-9.80"}, {"energy": "3.341e-01", "width": "1.0720e+02", "ip": "4.734e-10", "ts": "0", "stretch": "1.0819e+06", "date": "2053-12-15.47", "dist": "188.958", "sigma_lov": "1.14477", "sigma_imp": "1.753", "ps": "-9.75"}, {"energy": "2.108e-01", "width": "1.5476e+02", "ip": "2.509e-09", "ts": "0", "stretch": "3.8535e+05", "date": "2052-12-16.36", "dist": "196.247", "sigma_lov": "0.89682", "sigma_imp": "1.262", "ps": "-9.17"}, {"energy": "3.489e-01", "width": "1.0520e+02", "ip": "5.077e-10", "ts": "0", "stretch": "9.9681e+05", "date": "2051-12-15.60", "dist": "185.948", "sigma_lov": "1.16388", "sigma_imp": "1.758", "ps": "-9.68"}, {"energy": "1.985e-01", "width": "1.5563e+02", "ip": "3.031e-09", "ts": "0", "stretch": "3.3305e+05", "date": "2047-12-16.80", "dist": "195.322", "sigma_lov": "0.86005", "sigma_imp": "1.249", "ps": "-9.04"}, {"energy": "3.708e-01", "width": "1.1089e+02", "ip": "5.303e-10", "ts": "0", "stretch": "1.0749e+06", "date": "2044-12-14.38", "dist": "182.734", "sigma_lov": "1.19166", "sigma_imp": "1.639", "ps": "-9.54"}, {"energy": "2.683e-01", "width": "1.1964e+02", "ip": "1.451e-09", "ts": "0", "stretch": "5.8377e+05", "date": "2043-12-15.97", "dist": "174.617", "sigma_lov": "1.03005", "sigma_imp": "1.451", "ps": "-9.20"}, {"energy": "3.404e-01", "width": "1.0781e+02", "ip": "6.486e-10", "ts": "0", "stretch": "9.6745e+05", "date": "2043-12-15.19", "dist": "176.388", "sigma_lov": "1.15037", "sigma_imp": "1.627", "ps": "-9.47"}, {"energy": "3.093e-01", "width": "1.1491e+02", "ip": "1.018e-09", "ts": "0", "stretch": "7.4544e+05", "date": "2042-12-15.18", "dist": "173.296", "sigma_lov": "1.10402", "sigma_imp": "1.499", "ps": "-9.29"}, {"energy": "3.563e-01", "width": "1.0693e+02", "ip": "5.196e-10", "ts": "0", "stretch": "9.3602e+05", "date": "2041-12-15.21", "dist": "189.618", "sigma_lov": "1.17529", "sigma_imp": "1.764", "ps": "-9.51"}, {"energy": "4.161e-01", "width": "1.0368e+02", "ip": "3.471e-10", "ts": "0", "stretch": "1.2602e+06", "date": "2040-12-14.04", "dist": "186.953", "sigma_lov": "1.24412", "sigma_imp": "1.794", "ps": "-9.62"}, {"energy": "8.711e-01", "width": "1.6816e+02", "ip": "1.069e-10", "ts": "0", "stretch": "5.7646e+06", "date": "2040-12-08.33", "dist": "156.835", "sigma_lov": "1.50917", "sigma_imp": "0.927", "ps": "-9.87"}, {"energy": "3.781e-01", "width": "1.0268e+02", "ip": "4.468e-10", "ts": "0", "stretch": "1.0164e+06", "date": "2039-12-15.25", "dist": "186.470", "sigma_lov": "1.20245", "sigma_imp": "1.806", "ps": "-9.52"}, {"energy": "6.352e-01", "width": "9.0547e+01", "ip": "1.881e-10", "ts": "0", "stretch": "2.5034e+06", "date": "2039-12-11.34", "dist": "155.450", "sigma_lov": "1.40556", "sigma_imp": "1.706", "ps": "-9.72"}, {"energy": "4.060e-01", "width": "9.9338e+01", "ip": "4.194e-10", "ts": "0", "stretch": "1.1086e+06", "date": "2037-12-13.97", "dist": "178.950", "sigma_lov": "1.23202", "sigma_imp": "1.791", "ps": "-9.48"}, {"energy": "2.346e-01", "width": "1.4452e+02", "ip": "2.564e-09", "ts": "0", "stretch": "3.5571e+05", "date": "2035-12-16.92", "dist": "190.994", "sigma_lov": "0.95891", "sigma_imp": "1.315", "ps": "-8.84"}, {"energy": "7.982e-01", "width": "5.7645e+01", "ip": "1.155e-10", "ts": "0", "stretch": "2.9013e+06", "date": "2035-12-09.03", "dist": "119.749", "sigma_lov": "1.48013", "sigma_imp": "2.060", "ps": "-9.76"}, {"energy": "2.446e-01", "width": "1.4124e+02", "ip": "2.356e-09", "ts": "0", "stretch": "3.6837e+05", "date": "2033-12-16.47", "dist": "191.789", "sigma_lov": "0.98343", "sigma_imp": "1.351", "ps": "-8.82"}, {"energy": "3.450e-01", "width": "1.1502e+02", "ip": "7.903e-10", "ts": "0", "stretch": "7.1595e+05", "date": "2033-12-15.38", "dist": "190.083", "sigma_lov": "1.16030", "sigma_imp": "1.644", "ps": "-9.17"}, {"energy": "8.445e-01", "width": "1.2162e+02", "ip": "2.813e-10", "ts": "0", "stretch": "2.9924e+06", "date": "2032-12-07.53", "dist": "117.499", "sigma_lov": "1.49586", "sigma_imp": "0.958", "ps": "-9.28"}, {"energy": "3.760e-01", "width": "1.0315e+02", "ip": "7.576e-10", "ts": "0", "stretch": "7.8326e+05", "date": "2031-12-14.46", "dist": "171.598", "sigma_lov": "1.19686", "sigma_imp": "1.654", "ps": "-9.10"}, {"energy": "4.084e-01", "width": "1.0960e+02", "ip": "5.493e-10", "ts": "0", "stretch": "7.9919e+05", "date": "2029-12-14.77", "dist": "194.441", "sigma_lov": "1.23850", "sigma_imp": "1.765", "ps": "-9.15"}, {"energy": "1.866e-01", "width": "1.6444e+02", "ip": "7.177e-09", "ts": "0", "stretch": "1.4828e+05", "date": "2025-12-15.92", "dist": "196.315", "sigma_lov": "0.82096", "sigma_imp": "1.188", "ps": "-8.14"}, {"energy": "4.430e-01", "width": "9.6647e+01", "ip": "4.154e-10", "ts": "0", "stretch": "6.6961e+05", "date": "2024-12-14.31", "dist": "198.589", "sigma_lov": "1.27409", "sigma_imp": "2.044", "ps": "-9.03"}, {"energy": "3.644e-01", "width": "1.1197e+02", "ip": "1.344e-09", "ts": "0", "stretch": "4.6059e+05", "date": "2023-12-14.99", "dist": "178.781", "sigma_lov": "1.18434", "sigma_imp": "1.588", "ps": "-8.52"}, {"energy": "2.844e-01", "width": "1.2532e+02", "ip": "2.996e-09", "ts": "0", "stretch": "2.6349e+05", "date": "2022-12-15.92", "dist": "182.033", "sigma_lov": "1.06301", "sigma_imp": "1.445", "ps": "-8.19"}, {"energy": "2.076e-01", "width": "1.6145e+02", "ip": "7.779e-09", "ts": "0", "stretch": "1.2782e+05", "date": "2021-12-16.33", "dist": "196.715", "sigma_lov": "0.88729", "sigma_imp": "1.212", "ps": "-7.80"}, {"energy": "8.187e-01", "width": "1.4978e+02", "ip": "4.296e-10", "ts": "0", "stretch": "1.4472e+06", "date": "2021-12-09.73", "dist": "158.985", "sigma_lov": "1.49455", "sigma_imp": "1.055", "ps": "-8.58"}, {"energy": "6.764e-01", "width": "6.2634e+01", "ip": "1.322e-10", "ts": "0", "stretch": "9.5094e+05", "date": "2020-12-10.59", "dist": "156.614", "sigma_lov": "1.43131", "sigma_imp": "2.484", "ps": "-9.06"}, {"energy": "2.271e-01", "width": "1.4889e+02", "ip": "8.062e-09", "ts": "0", "stretch": "1.2738e+05", "date": "2019-12-16.45", "dist": "181.634", "sigma_lov": "0.93848", "sigma_imp": "1.213", "ps": "-7.51"}, {"energy": "3.916e-01", "width": "9.7450e+01", "ip": "1.425e-09", "ts": "0", "stretch": "3.1721e+05", "date": "2018-12-14.43", "dist": "179.040", "sigma_lov": "1.21769", "sigma_imp": "1.827", "ps": "-7.87"}]}