{"summary": {"energy": "6.369e-01", "darc": "13.056 days", "ip": "3.0383e-09", "h": "25.35", "nobs": "71", "mass": "3.28e+07", "v_inf": "6.25", "first_obs": "2010-Dec-01.09924", "method": "LOV", "pdate": "2017-04-07 17:03:29", "ndop": "0", "cdate": "2017-04-07 17:03:29", "ps_cum": "-8.99", "diameter": "0.029", "ndel": "0", "v_imp": "12.77", "ps_max": "-9.16", "last_obs": "2010-Dec-14.15479", "fullname": "(2010 XU)", "n_imp": "2", "ts_max": "0", "nsat": "0", "des": "2010 XU"}, "signature": {"source": "NASA/JPL Sentry Data API", "version": "1.1"}, "data": [{"energy": "6.364e-01", "width": "5.9998e-01", "ip": "2.128e-09", "ts": "0", "stretch": "4.0832e+05", "date": "2088-11-04.84", "dist": "1.943", "sigma_lov": "2.62046", "sigma_imp": "1.572", "ps": "-9.16"}, {"energy": "6.381e-01", "width": "7.5792e+01", "ip": "9.103e-10", "ts": "0", "stretch": "4.5301e+04", "date": "2081-12-01.15", "dist": "112.080", "sigma_lov": "2.82163", "sigma_imp": "1.466", "ps": "-9.48"}]}