{"summary": {"energy": "2.442e+02", "darc": "2.7122 days", "ip": "8.94648000000001e-08", "h": "21.61", "nobs": "21", "mass": "5.74e+09", "v_inf": "15.25", "first_obs": "2010-May-04.53905", "method": "LOV", "pdate": "2017-04-07 22:17:45", "ndop": "0", "cdate": "2017-04-07 22:17:45", "ps_cum": "-4.87", "diameter": "0.160522115960691", "ndel": "0", "v_imp": "18.89", "ps_max": "-5.29", "last_obs": "2010-May-07.25122", "fullname": "(2010 JA43)", "n_imp": "107", "ts_max": "0", "nsat": "0", "des": "2010 JA43"}, "signature": {"source": "NASA/JPL Sentry Data API", "version": "1.1"}, "data": [{"energy": "2.628e+02", "width": "1.5110e+02", "ip": "1.768e-10", "ts": "0", "stretch": "2.9372e+06", "date": "2117-01-09.21", "dist": "163.764", "sigma_lov": "-1.59242", "sigma_imp": "1.077", "ps": "-8.29"}, {"energy": "2.290e+02", "width": "1.2493e+02", "ip": "2.621e-10", "ts": "0", "stretch": "2.6464e+06", "date": "2117-01-08.02", "dist": "67.921", "sigma_lov": "-1.79361", "sigma_imp": "0.536", "ps": "-8.17"}, {"energy": "2.606e+02", "width": "1.3803e+02", "ip": "1.094e-10", "ts": "0", "stretch": "5.2152e+06", "date": "2116-01-09.90", "dist": "146.511", "sigma_lov": "-1.60536", "sigma_imp": "1.054", "ps": "-8.50"}, {"energy": "2.595e+02", "width": "1.4469e+02", "ip": "2.233e-10", "ts": "0", "stretch": "2.6455e+06", "date": "2116-01-09.87", "dist": "140.543", "sigma_lov": "-1.61127", "sigma_imp": "0.964", "ps": "-8.19"}, {"energy": "2.628e+02", "width": "1.5219e+02", "ip": "2.084e-09", "ts": "0", "stretch": "2.4511e+05", "date": "2113-01-09.21", "dist": "166.161", "sigma_lov": "-1.59265", "sigma_imp": "1.085", "ps": "-7.20"}, {"energy": "2.627e+02", "width": "1.5396e+02", "ip": "1.089e-09", "ts": "0", "stretch": "4.7259e+05", "date": "2113-01-09.20", "dist": "165.237", "sigma_lov": "-1.59321", "sigma_imp": "1.067", "ps": "-7.49"}, {"energy": "2.604e+02", "width": "1.3499e+02", "ip": "1.211e-10", "ts": "0", "stretch": "4.5902e+06", "date": "2112-01-09.88", "dist": "149.386", "sigma_lov": "-1.60474", "sigma_imp": "1.099", "ps": "-8.44"}, {"energy": "2.583e+02", "width": "1.4479e+02", "ip": "2.259e-10", "ts": "0", "stretch": "2.6755e+06", "date": "2112-01-09.82", "dist": "135.713", "sigma_lov": "-1.61660", "sigma_imp": "0.930", "ps": "-8.17"}, {"energy": "2.678e+02", "width": "1.5059e+02", "ip": "3.398e-10", "ts": "0", "stretch": "1.2418e+06", "date": "2109-01-09.36", "dist": "195.404", "sigma_lov": "-1.56483", "sigma_imp": "1.291", "ps": "-7.97"}, {"energy": "2.679e+02", "width": "1.5370e+02", "ip": "2.674e-10", "ts": "0", "stretch": "1.5960e+06", "date": "2109-01-09.36", "dist": "195.687", "sigma_lov": "-1.56455", "sigma_imp": "1.267", "ps": "-8.07"}, {"energy": "2.626e+02", "width": "1.5536e+02", "ip": "5.377e-10", "ts": "0", "stretch": "9.8309e+05", "date": "2109-01-09.18", "dist": "161.418", "sigma_lov": "-1.59369", "sigma_imp": "1.033", "ps": "-7.77"}, {"energy": "2.625e+02", "width": "1.6217e+02", "ip": "2.080e-10", "ts": "0", "stretch": "2.5555e+06", "date": "2109-01-09.17", "dist": "160.579", "sigma_lov": "-1.59426", "sigma_imp": "0.984", "ps": "-8.19"}, {"energy": "2.625e+02", "width": "1.5034e+02", "ip": "3.577e-10", "ts": "0", "stretch": "1.4784e+06", "date": "2109-01-09.17", "dist": "160.726", "sigma_lov": "-1.59410", "sigma_imp": "1.062", "ps": "-7.95"}, {"energy": "2.153e+02", "width": "1.1550e+02", "ip": "1.044e-10", "ts": "0", "stretch": "2.4396e+06", "date": "2109-01-07.45", "dist": "167.832", "sigma_lov": "-1.88724", "sigma_imp": "1.444", "ps": "-8.55"}, {"energy": "2.587e+02", "width": "1.4508e+02", "ip": "2.208e-10", "ts": "0", "stretch": "2.7312e+06", "date": "2108-01-09.82", "dist": "136.369", "sigma_lov": "-1.61517", "sigma_imp": "0.933", "ps": "-8.16"}, {"energy": "2.229e+02", "width": "1.2055e+02", "ip": "1.399e-10", "ts": "0", "stretch": "3.6304e+06", "date": "2106-01-08.01", "dist": "110.671", "sigma_lov": "-1.83403", "sigma_imp": "0.910", "ps": "-8.40"}, {"energy": "2.681e+02", "width": "1.5200e+02", "ip": "1.915e-10", "ts": "0", "stretch": "2.1988e+06", "date": "2105-01-09.37", "dist": "196.553", "sigma_lov": "-1.56382", "sigma_imp": "1.287", "ps": "-8.20"}, {"energy": "2.577e+02", "width": "1.4489e+02", "ip": "2.999e-10", "ts": "0", "stretch": "2.0809e+06", "date": "2104-01-09.77", "dist": "129.502", "sigma_lov": "-1.62108", "sigma_imp": "0.887", "ps": "-8.01"}, {"energy": "2.326e+02", "width": "1.2837e+02", "ip": "1.679e-10", "ts": "0", "stretch": "4.5741e+06", "date": "2103-01-08.61", "dist": "43.530", "sigma_lov": "-1.77180", "sigma_imp": "0.331", "ps": "-8.29"}, {"energy": "2.321e+02", "width": "1.2687e+02", "ip": "1.947e-10", "ts": "0", "stretch": "3.9329e+06", "date": "2103-01-08.60", "dist": "46.503", "sigma_lov": "-1.77464", "sigma_imp": "0.359", "ps": "-8.23"}, {"energy": "2.680e+02", "width": "1.5202e+02", "ip": "1.161e-09", "ts": "0", "stretch": "3.5546e+05", "date": "2101-01-09.36", "dist": "198.986", "sigma_lov": "-1.56358", "sigma_imp": "1.302", "ps": "-7.39"}, {"energy": "2.682e+02", "width": "1.5333e+02", "ip": "1.021e-09", "ts": "0", "stretch": "4.0468e+05", "date": "2101-01-09.36", "dist": "199.617", "sigma_lov": "-1.56290", "sigma_imp": "1.295", "ps": "-7.45"}, {"energy": "2.682e+02", "width": "1.5166e+02", "ip": "3.205e-10", "ts": "0", "stretch": "1.2767e+06", "date": "2101-01-09.36", "dist": "199.917", "sigma_lov": "-1.56261", "sigma_imp": "1.312", "ps": "-7.95"}, {"energy": "2.233e+02", "width": "1.2096e+02", "ip": "2.364e-10", "ts": "0", "stretch": "2.2091e+06", "date": "2101-01-07.75", "dist": "107.528", "sigma_lov": "-1.83150", "sigma_imp": "0.881", "ps": "-8.15"}, {"energy": "2.580e+02", "width": "1.4546e+02", "ip": "1.733e-10", "ts": "0", "stretch": "3.5643e+06", "date": "2100-01-08.77", "dist": "131.577", "sigma_lov": "-1.61909", "sigma_imp": "0.898", "ps": "-8.23"}, {"energy": "2.295e+02", "width": "1.2579e+02", "ip": "2.874e-10", "ts": "0", "stretch": "2.4522e+06", "date": "2099-01-07.49", "dist": "64.035", "sigma_lov": "-1.79087", "sigma_imp": "0.501", "ps": "-8.04"}, {"energy": "2.183e+02", "width": "1.1750e+02", "ip": "1.685e-10", "ts": "0", "stretch": "2.0303e+06", "date": "2098-01-06.79", "dist": "147.061", "sigma_lov": "-1.86608", "sigma_imp": "1.243", "ps": "-8.29"}, {"energy": "2.685e+02", "width": "1.5267e+02", "ip": "7.831e-10", "ts": "0", "stretch": "5.3722e+05", "date": "2097-01-08.36", "dist": "197.276", "sigma_lov": "-1.56234", "sigma_imp": "1.286", "ps": "-7.54"}, {"energy": "2.567e+02", "width": "1.4443e+02", "ip": "2.756e-10", "ts": "0", "stretch": "2.3364e+06", "date": "2096-01-08.71", "dist": "123.049", "sigma_lov": "-1.62631", "sigma_imp": "0.845", "ps": "-8.01"}, {"energy": "2.409e+02", "width": "1.3397e+02", "ip": "3.314e-10", "ts": "0", "stretch": "2.5583e+06", "date": "2096-01-08.15", "dist": "17.035", "sigma_lov": "-1.71895", "sigma_imp": "0.120", "ps": "-7.95"}, {"energy": "2.312e+02", "width": "1.2755e+02", "ip": "3.810e-10", "ts": "0", "stretch": "1.9518e+06", "date": "2094-01-07.29", "dist": "51.436", "sigma_lov": "-1.78007", "sigma_imp": "0.395", "ps": "-7.89"}, {"energy": "2.686e+02", "width": "1.5293e+02", "ip": "5.868e-10", "ts": "0", "stretch": "7.1388e+05", "date": "2093-01-08.35", "dist": "198.163", "sigma_lov": "-1.56106", "sigma_imp": "1.289", "ps": "-7.64"}, {"energy": "2.350e+02", "width": "1.2971e+02", "ip": "3.646e-10", "ts": "0", "stretch": "2.2258e+06", "date": "2093-01-07.18", "dist": "26.558", "sigma_lov": "-1.75542", "sigma_imp": "0.197", "ps": "-7.90"}, {"energy": "2.573e+02", "width": "1.4522e+02", "ip": "1.487e-10", "ts": "0", "stretch": "4.3295e+06", "date": "2092-01-08.72", "dist": "123.602", "sigma_lov": "-1.62342", "sigma_imp": "0.844", "ps": "-8.25"}, {"energy": "2.248e+02", "width": "1.2448e+02", "ip": "2.952e-10", "ts": "0", "stretch": "1.8725e+06", "date": "2092-01-07.53", "dist": "100.509", "sigma_lov": "-1.82246", "sigma_imp": "0.799", "ps": "-8.00"}, {"energy": "2.240e+02", "width": "1.2068e+02", "ip": "3.075e-10", "ts": "0", "stretch": "1.7279e+06", "date": "2092-01-07.50", "dist": "106.200", "sigma_lov": "-1.82763", "sigma_imp": "0.872", "ps": "-7.98"}, {"energy": "2.307e+02", "width": "1.2687e+02", "ip": "2.395e-10", "ts": "0", "stretch": "3.0590e+06", "date": "2090-01-07.25", "dist": "55.748", "sigma_lov": "-1.78291", "sigma_imp": "0.432", "ps": "-8.07"}, {"energy": "2.157e+02", "width": "1.1822e+02", "ip": "1.406e-10", "ts": "0", "stretch": "1.9528e+06", "date": "2089-01-06.41", "dist": "164.077", "sigma_lov": "-1.88426", "sigma_imp": "1.379", "ps": "-8.32"}, {"energy": "2.556e+02", "width": "1.4449e+02", "ip": "2.436e-10", "ts": "0", "stretch": "2.7405e+06", "date": "2088-01-08.65", "dist": "114.959", "sigma_lov": "-1.63235", "sigma_imp": "0.789", "ps": "-8.01"}, {"energy": "2.201e+02", "width": "1.1962e+02", "ip": "1.598e-10", "ts": "0", "stretch": "2.5869e+06", "date": "2088-01-07.34", "dist": "130.933", "sigma_lov": "-1.85358", "sigma_imp": "1.086", "ps": "-8.25"}, {"energy": "2.414e+02", "width": "1.3456e+02", "ip": "2.850e-10", "ts": "0", "stretch": "2.9777e+06", "date": "2087-01-07.89", "dist": "16.418", "sigma_lov": "-1.71626", "sigma_imp": "0.115", "ps": "-7.96"}, {"energy": "2.475e+02", "width": "1.3936e+02", "ip": "2.093e-10", "ts": "0", "stretch": "3.8498e+06", "date": "2086-01-07.86", "dist": "57.739", "sigma_lov": "-1.68001", "sigma_imp": "0.407", "ps": "-8.08"}, {"energy": "2.405e+02", "width": "1.3358e+02", "ip": "3.268e-10", "ts": "0", "stretch": "2.5954e+06", "date": "2083-01-07.85", "dist": "13.212", "sigma_lov": "-1.72228", "sigma_imp": "0.091", "ps": "-7.88"}, {"energy": "2.221e+02", "width": "1.2075e+02", "ip": "1.532e-10", "ts": "0", "stretch": "3.1313e+06", "date": "2083-01-07.15", "dist": "116.564", "sigma_lov": "-1.84009", "sigma_imp": "0.957", "ps": "-8.23"}, {"energy": "2.498e+02", "width": "1.4001e+02", "ip": "3.068e-10", "ts": "0", "stretch": "2.5487e+06", "date": "2081-01-07.68", "dist": "72.320", "sigma_lov": "-1.66657", "sigma_imp": "0.509", "ps": "-7.88"}, {"energy": "2.302e+02", "width": "1.2655e+02", "ip": "2.299e-10", "ts": "0", "stretch": "3.0867e+06", "date": "2081-01-06.96", "dist": "62.929", "sigma_lov": "-1.78698", "sigma_imp": "0.489", "ps": "-8.03"}, {"energy": "2.112e+02", "width": "1.1623e+02", "ip": "1.315e-10", "ts": "0", "stretch": "1.1912e+06", "date": "2081-01-06.21", "dist": "199.988", "sigma_lov": "-1.91649", "sigma_imp": "1.712", "ps": "-8.30"}, {"energy": "2.286e+02", "width": "1.2525e+02", "ip": "9.421e-10", "ts": "0", "stretch": "7.2393e+05", "date": "2077-01-06.89", "dist": "70.275", "sigma_lov": "-1.79616", "sigma_imp": "0.553", "ps": "-7.39"}, {"energy": "2.285e+02", "width": "1.2488e+02", "ip": "1.785e-09", "ts": "0", "stretch": "3.8039e+05", "date": "2077-01-06.88", "dist": "71.266", "sigma_lov": "-1.79716", "sigma_imp": "0.563", "ps": "-7.11"}, {"energy": "2.154e+02", "width": "1.1223e+02", "ip": "2.157e-10", "ts": "0", "stretch": "1.1454e+06", "date": "2076-01-07.11", "dist": "167.724", "sigma_lov": "-1.88628", "sigma_imp": "1.486", "ps": "-8.05"}, {"energy": "2.154e+02", "width": "1.2075e+02", "ip": "1.812e-10", "ts": "0", "stretch": "1.4787e+06", "date": "2076-01-07.11", "dist": "167.540", "sigma_lov": "-1.88611", "sigma_imp": "1.379", "ps": "-8.12"}, {"energy": "2.426e+02", "width": "1.3463e+02", "ip": "2.887e-10", "ts": "0", "stretch": "2.9511e+06", "date": "2074-01-07.65", "dist": "24.175", "sigma_lov": "-1.70856", "sigma_imp": "0.172", "ps": "-7.86"}, {"energy": "2.250e+02", "width": "1.2295e+02", "ip": "1.044e-10", "ts": "0", "stretch": "5.3880e+06", "date": "2074-01-06.98", "dist": "99.151", "sigma_lov": "-1.82036", "sigma_imp": "0.798", "ps": "-8.33"}, {"energy": "2.608e+02", "width": "2.1846e+02", "ip": "5.961e-09", "ts": "0", "stretch": "8.4311e+04", "date": "2071-01-08.53", "dist": "149.753", "sigma_lov": "-1.60265", "sigma_imp": "0.681", "ps": "-6.50"}, {"energy": "2.607e+02", "width": "9.2464e+01", "ip": "4.750e-09", "ts": "0", "stretch": "8.6712e+04", "date": "2071-01-08.52", "dist": "148.660", "sigma_lov": "-1.60355", "sigma_imp": "1.597", "ps": "-6.60"}, {"energy": "2.361e+02", "width": "1.2943e+02", "ip": "3.038e-10", "ts": "0", "stretch": "2.7353e+06", "date": "2071-01-07.65", "dist": "19.496", "sigma_lov": "-1.74859", "sigma_imp": "0.143", "ps": "-7.83"}, {"energy": "2.147e+02", "width": "1.1747e+02", "ip": "4.512e-10", "ts": "0", "stretch": "5.4580e+05", "date": "2071-01-06.82", "dist": "171.535", "sigma_lov": "-1.89057", "sigma_imp": "1.452", "ps": "-7.69"}, {"energy": "2.289e+02", "width": "1.2529e+02", "ip": "1.122e-09", "ts": "0", "stretch": "6.0405e+05", "date": "2068-01-07.63", "dist": "71.938", "sigma_lov": "-1.79516", "sigma_imp": "0.566", "ps": "-7.24"}, {"energy": "2.292e+02", "width": "1.2565e+02", "ip": "2.671e-10", "ts": "0", "stretch": "2.5707e+06", "date": "2068-01-07.63", "dist": "69.550", "sigma_lov": "-1.79287", "sigma_imp": "0.546", "ps": "-7.87"}, {"energy": "2.618e+02", "width": "1.2496e+02", "ip": "7.158e-10", "ts": "0", "stretch": "7.2123e+05", "date": "2067-01-08.55", "dist": "155.521", "sigma_lov": "-1.59787", "sigma_imp": "1.237", "ps": "-7.38"}, {"energy": "2.617e+02", "width": "1.8334e+02", "ip": "1.032e-09", "ts": "0", "stretch": "5.1755e+05", "date": "2067-01-08.54", "dist": "154.820", "sigma_lov": "-1.59844", "sigma_imp": "0.839", "ps": "-7.23"}, {"energy": "2.598e+02", "width": "1.4471e+02", "ip": "1.016e-09", "ts": "0", "stretch": "5.7905e+05", "date": "2067-01-08.48", "dist": "141.458", "sigma_lov": "-1.60962", "sigma_imp": "0.971", "ps": "-7.24"}, {"energy": "2.400e+02", "width": "1.3345e+02", "ip": "4.122e-10", "ts": "0", "stretch": "2.0570e+06", "date": "2066-01-07.53", "dist": "9.966", "sigma_lov": "-1.72429", "sigma_imp": "0.067", "ps": "-7.65"}, {"energy": "2.396e+02", "width": "1.3284e+02", "ip": "1.511e-09", "ts": "0", "stretch": "5.6182e+05", "date": "2066-01-07.52", "dist": "7.726", "sigma_lov": "-1.72663", "sigma_imp": "0.051", "ps": "-7.08"}, {"energy": "2.460e+02", "width": "1.3794e+02", "ip": "5.463e-10", "ts": "0", "stretch": "1.5052e+06", "date": "2065-01-07.49", "dist": "48.231", "sigma_lov": "-1.68856", "sigma_imp": "0.342", "ps": "-7.51"}, {"energy": "2.456e+02", "width": "1.3716e+02", "ip": "1.592e-09", "ts": "0", "stretch": "5.2001e+05", "date": "2065-01-07.48", "dist": "46.044", "sigma_lov": "-1.69068", "sigma_imp": "0.328", "ps": "-7.04"}, {"energy": "2.524e+02", "width": "1.4320e+02", "ip": "1.173e-09", "ts": "0", "stretch": "6.3106e+05", "date": "2064-01-08.46", "dist": "88.405", "sigma_lov": "-1.65172", "sigma_imp": "0.610", "ps": "-7.16"}, {"energy": "2.521e+02", "width": "1.4146e+02", "ip": "2.119e-09", "ts": "0", "stretch": "3.5339e+05", "date": "2064-01-08.45", "dist": "86.939", "sigma_lov": "-1.65314", "sigma_imp": "0.608", "ps": "-6.90"}, {"energy": "2.588e+02", "width": "1.4521e+02", "ip": "9.120e-10", "ts": "0", "stretch": "6.6946e+05", "date": "2063-01-08.44", "dist": "134.810", "sigma_lov": "-1.61380", "sigma_imp": "0.922", "ps": "-7.25"}, {"energy": "2.133e+02", "width": "1.1431e+02", "ip": "2.396e-10", "ts": "0", "stretch": "8.0591e+05", "date": "2062-01-06.48", "dist": "185.448", "sigma_lov": "-1.90155", "sigma_imp": "1.614", "ps": "-7.89"}, {"energy": "2.130e+02", "width": "1.1366e+02", "ip": "4.862e-10", "ts": "0", "stretch": "3.8096e+05", "date": "2062-01-06.47", "dist": "187.419", "sigma_lov": "-1.90353", "sigma_imp": "1.640", "ps": "-7.58"}, {"energy": "2.184e+02", "width": "1.1796e+02", "ip": "1.754e-10", "ts": "0", "stretch": "1.9918e+06", "date": "2061-01-06.44", "dist": "145.525", "sigma_lov": "-1.86451", "sigma_imp": "1.225", "ps": "-8.00"}, {"energy": "2.181e+02", "width": "1.1750e+02", "ip": "6.402e-10", "ts": "0", "stretch": "5.2502e+05", "date": "2061-01-06.43", "dist": "148.443", "sigma_lov": "-1.86762", "sigma_imp": "1.255", "ps": "-7.44"}, {"energy": "2.582e+02", "width": "1.4547e+02", "ip": "8.789e-10", "ts": "0", "stretch": "7.0056e+05", "date": "2059-01-08.41", "dist": "132.360", "sigma_lov": "-1.61800", "sigma_imp": "0.903", "ps": "-7.22"}, {"energy": "2.294e+02", "width": "1.2595e+02", "ip": "1.088e-09", "ts": "0", "stretch": "6.3855e+05", "date": "2059-01-07.36", "dist": "66.638", "sigma_lov": "-1.79226", "sigma_imp": "0.521", "ps": "-7.17"}, {"energy": "2.366e+02", "width": "1.3299e+02", "ip": "7.327e-10", "ts": "0", "stretch": "1.1132e+06", "date": "2058-01-07.38", "dist": "17.207", "sigma_lov": "-1.74538", "sigma_imp": "0.122", "ps": "-7.32"}, {"energy": "2.360e+02", "width": "1.3001e+02", "ip": "1.900e-09", "ts": "0", "stretch": "4.3355e+05", "date": "2058-01-07.36", "dist": "21.735", "sigma_lov": "-1.74953", "sigma_imp": "0.159", "ps": "-6.91"}, {"energy": "2.433e+02", "width": "1.3705e+02", "ip": "4.584e-10", "ts": "0", "stretch": "1.8332e+06", "date": "2057-01-07.37", "dist": "26.175", "sigma_lov": "-1.70496", "sigma_imp": "0.184", "ps": "-7.51"}, {"energy": "2.425e+02", "width": "1.3508e+02", "ip": "1.631e-09", "ts": "0", "stretch": "5.2157e+05", "date": "2057-01-07.35", "dist": "21.224", "sigma_lov": "-1.70949", "sigma_imp": "0.150", "ps": "-6.96"}, {"energy": "2.152e+02", "width": "1.1687e+02", "ip": "3.963e-10", "ts": "0", "stretch": "6.1326e+05", "date": "2057-01-06.29", "dist": "172.465", "sigma_lov": "-1.88824", "sigma_imp": "1.467", "ps": "-7.61"}, {"energy": "2.147e+02", "width": "1.1439e+02", "ip": "6.986e-10", "ts": "0", "stretch": "3.2301e+05", "date": "2057-01-06.28", "dist": "175.634", "sigma_lov": "-1.89136", "sigma_imp": "1.527", "ps": "-7.37"}, {"energy": "2.504e+02", "width": "1.4162e+02", "ip": "2.450e-10", "ts": "0", "stretch": "3.1405e+06", "date": "2056-01-08.37", "dist": "75.963", "sigma_lov": "-1.66317", "sigma_imp": "0.529", "ps": "-7.76"}, {"energy": "2.497e+02", "width": "1.4033e+02", "ip": "1.287e-09", "ts": "0", "stretch": "6.0844e+05", "date": "2056-01-08.35", "dist": "71.011", "sigma_lov": "-1.66765", "sigma_imp": "0.499", "ps": "-7.04"}, {"energy": "2.572e+02", "width": "1.4543e+02", "ip": "8.978e-10", "ts": "0", "stretch": "7.0966e+05", "date": "2055-01-08.36", "dist": "125.552", "sigma_lov": "-1.62250", "sigma_imp": "0.856", "ps": "-7.17"}, {"energy": "2.410e+02", "width": "1.3483e+02", "ip": "1.437e-10", "ts": "0", "stretch": "5.8817e+06", "date": "2053-01-07.28", "dist": "14.625", "sigma_lov": "-1.71819", "sigma_imp": "0.101", "ps": "-7.97"}, {"energy": "2.402e+02", "width": "1.3384e+02", "ip": "1.368e-09", "ts": "0", "stretch": "6.1890e+05", "date": "2053-01-07.25", "dist": "9.212", "sigma_lov": "-1.72344", "sigma_imp": "0.061", "ps": "-6.99"}, {"energy": "2.566e+02", "width": "1.4512e+02", "ip": "9.620e-10", "ts": "0", "stretch": "6.8988e+05", "date": "2051-01-08.32", "dist": "117.135", "sigma_lov": "-1.62759", "sigma_imp": "0.800", "ps": "-7.09"}, {"energy": "2.232e+02", "width": "1.2153e+02", "ip": "9.142e-10", "ts": "0", "stretch": "5.4228e+05", "date": "2051-01-07.10", "dist": "113.960", "sigma_lov": "-1.83298", "sigma_imp": "0.929", "ps": "-7.17"}, {"energy": "2.299e+02", "width": "1.2647e+02", "ip": "1.180e-09", "ts": "0", "stretch": "5.9545e+05", "date": "2050-01-07.11", "dist": "65.027", "sigma_lov": "-1.78805", "sigma_imp": "0.506", "ps": "-7.03"}, {"energy": "2.462e+02", "width": "1.3813e+02", "ip": "1.371e-09", "ts": "0", "stretch": "5.9717e+05", "date": "2048-01-08.20", "dist": "50.060", "sigma_lov": "-1.68746", "sigma_imp": "0.355", "ps": "-6.91"}, {"energy": "2.553e+02", "width": "1.4442e+02", "ip": "1.046e-09", "ts": "0", "stretch": "6.4660e+05", "date": "2047-01-08.28", "dist": "112.286", "sigma_lov": "-1.63354", "sigma_imp": "0.771", "ps": "-7.01"}, {"energy": "2.185e+02", "width": "1.1816e+02", "ip": "6.658e-10", "ts": "0", "stretch": "5.3261e+05", "date": "2047-01-06.91", "dist": "144.348", "sigma_lov": "-1.86368", "sigma_imp": "1.213", "ps": "-7.26"}, {"energy": "2.350e+02", "width": "1.3032e+02", "ip": "1.466e-09", "ts": "0", "stretch": "5.4537e+05", "date": "2045-01-07.03", "dist": "31.239", "sigma_lov": "-1.75686", "sigma_imp": "0.232", "ps": "-6.86"}, {"energy": "2.542e+02", "width": "1.4380e+02", "ip": "1.188e-09", "ts": "0", "stretch": "5.9091e+05", "date": "2043-01-08.22", "dist": "103.090", "sigma_lov": "-1.64078", "sigma_imp": "0.710", "ps": "-6.89"}, {"energy": "2.135e+02", "width": "1.1466e+02", "ip": "4.106e-10", "ts": "0", "stretch": "4.8651e+05", "date": "2043-01-06.68", "dist": "183.562", "sigma_lov": "-1.90012", "sigma_imp": "1.592", "ps": "-7.41"}, {"energy": "2.219e+02", "width": "1.2084e+02", "ip": "9.396e-10", "ts": "0", "stretch": "4.9262e+05", "date": "2042-01-06.77", "dist": "120.687", "sigma_lov": "-1.84131", "sigma_imp": "0.990", "ps": "-7.02"}, {"energy": "2.309e+02", "width": "1.2739e+02", "ip": "1.430e-09", "ts": "0", "stretch": "5.0966e+05", "date": "2041-01-06.87", "dist": "57.001", "sigma_lov": "-1.78158", "sigma_imp": "0.440", "ps": "-6.81"}, {"energy": "2.413e+02", "width": "1.3497e+02", "ip": "1.657e-09", "ts": "0", "stretch": "5.1060e+05", "date": "2040-01-08.00", "dist": "13.611", "sigma_lov": "-1.71757", "sigma_imp": "0.093", "ps": "-6.71"}, {"energy": "2.525e+02", "width": "1.4278e+02", "ip": "1.426e-09", "ts": "0", "stretch": "5.1963e+05", "date": "2039-01-08.15", "dist": "89.233", "sigma_lov": "-1.64997", "sigma_imp": "0.618", "ps": "-6.74"}, {"energy": "2.505e+02", "width": "1.4154e+02", "ip": "1.682e-09", "ts": "0", "stretch": "4.5745e+05", "date": "2035-01-08.06", "dist": "76.547", "sigma_lov": "-1.66215", "sigma_imp": "0.534", "ps": "-6.58"}, {"energy": "2.199e+02", "width": "1.1962e+02", "ip": "1.005e-09", "ts": "0", "stretch": "3.8059e+05", "date": "2033-01-06.42", "dist": "138.891", "sigma_lov": "-1.85498", "sigma_imp": "1.153", "ps": "-6.80"}, {"energy": "2.328e+02", "width": "1.2928e+02", "ip": "1.992e-09", "ts": "0", "stretch": "3.8253e+05", "date": "2032-01-07.66", "dist": "45.341", "sigma_lov": "-1.76994", "sigma_imp": "0.343", "ps": "-6.45"}, {"energy": "2.477e+02", "width": "1.3968e+02", "ip": "2.070e-09", "ts": "0", "stretch": "3.8776e+05", "date": "2031-01-07.95", "dist": "59.114", "sigma_lov": "-1.67872", "sigma_imp": "0.416", "ps": "-6.38"}, {"energy": "2.436e+02", "width": "1.3713e+02", "ip": "2.677e-09", "ts": "0", "stretch": "3.1389e+05", "date": "2027-01-07.79", "dist": "27.826", "sigma_lov": "-1.70314", "sigma_imp": "0.196", "ps": "-6.13"}, {"energy": "2.156e+02", "width": "1.1709e+02", "ip": "1.088e-09", "ts": "0", "stretch": "2.3570e+05", "date": "2024-01-06.96", "dist": "168.762", "sigma_lov": "-1.88544", "sigma_imp": "1.433", "ps": "-6.40"}, {"energy": "2.371e+02", "width": "1.3307e+02", "ip": "3.470e-09", "ts": "0", "stretch": "2.3641e+05", "date": "2023-01-07.55", "dist": "15.311", "sigma_lov": "-1.74274", "sigma_imp": "0.108", "ps": "-5.80"}, {"energy": "2.252e+02", "width": "1.2483e+02", "ip": "3.567e-09", "ts": "0", "stretch": "1.5753e+05", "date": "2019-01-07.08", "dist": "98.742", "sigma_lov": "-1.81922", "sigma_imp": "0.783", "ps": "-5.29"}]}