{"summary": {"energy": "1.520e-01", "darc": "1.0144 days", "ip": "1.14103115e-05", "h": "26.26", "nobs": "11", "mass": "9.63e+06", "v_inf": "2.92", "first_obs": "2010-Oct-17.45081", "method": "LOV", "pdate": "2017-04-06 23:20:36", "ndop": "0", "cdate": "2017-04-06 23:20:36", "ps_cum": "-5.35", "diameter": "0.0190073017813756", "ndel": "0", "v_imp": "11.52", "ps_max": "-5.74", "last_obs": "2010-Oct-18.46516", "fullname": "(2010 UJ)", "n_imp": "111", "ts_max": "0", "nsat": "0", "des": "2010 UJ"}, "signature": {"source": "NASA/JPL Sentry Data API", "version": "1.1"}, "data": [{"energy": "1.273e-01", "width": "1.4552e+01", "ip": "4.507e-09", "ts": "0", "stretch": "1.6887e+06", "date": "2109-11-20.51", "dist": "2.974", "sigma_lov": "-1.72698", "sigma_imp": "0.136", "ps": "-9.51"}, {"energy": "1.273e-01", "width": "6.5730e+00", "ip": "9.688e-09", "ts": "0", "stretch": "1.4492e+06", "date": "2109-11-20.50", "dist": "4.183", "sigma_lov": "-1.72684", "sigma_imp": "0.484", "ps": "-9.17"}, {"energy": "1.134e-01", "width": "6.0872e-01", "ip": "2.447e-09", "ts": "0", "stretch": "2.1003e+06", "date": "2100-11-14.84", "dist": "1.214", "sigma_lov": "-2.71643", "sigma_imp": "0.351", "ps": "-9.77"}, {"energy": "1.541e-01", "width": "6.9033e-01", "ip": "1.537e-08", "ts": "0", "stretch": "1.2249e+07", "date": "2098-12-22.03", "dist": "1.281", "sigma_lov": "-0.28470", "sigma_imp": "0.407", "ps": "-8.85"}, {"energy": "1.323e-01", "width": "1.3655e+00", "ip": "5.853e-08", "ts": "0", "stretch": "4.8023e+05", "date": "2093-11-15.77", "dist": "2.536", "sigma_lov": "-1.40719", "sigma_imp": "1.125", "ps": "-8.30"}, {"energy": "2.103e-01", "width": "7.0045e-01", "ip": "2.648e-10", "ts": "0", "stretch": "1.0193e+06", "date": "2092-09-07.52", "dist": "2.946", "sigma_lov": "1.71035", "sigma_imp": "2.778", "ps": "-10.5"}, {"energy": "2.132e-01", "width": "2.2237e+00", "ip": "2.150e-07", "ts": "0", "stretch": "7.5580e+04", "date": "2089-09-11.02", "dist": "3.232", "sigma_lov": "1.78953", "sigma_imp": "1.004", "ps": "-7.54"}, {"energy": "2.122e-01", "width": "1.1644e+00", "ip": "9.017e-08", "ts": "0", "stretch": "1.0525e+05", "date": "2089-09-09.80", "dist": "2.647", "sigma_lov": "1.76237", "sigma_imp": "1.414", "ps": "-7.92"}, {"energy": "1.137e-01", "width": "7.4426e-01", "ip": "1.816e-08", "ts": "0", "stretch": "3.6604e+05", "date": "2088-11-13.92", "dist": "1.136", "sigma_lov": "-2.70602", "sigma_imp": "0.183", "ps": "-8.83"}, {"energy": "2.133e-01", "width": "1.7824e+00", "ip": "8.550e-08", "ts": "0", "stretch": "1.0263e+05", "date": "2088-09-11.23", "dist": "3.528", "sigma_lov": "1.79766", "sigma_imp": "1.418", "ps": "-7.94"}, {"energy": "2.118e-01", "width": "6.8011e-01", "ip": "4.628e-09", "ts": "0", "stretch": "1.7064e+05", "date": "2088-09-09.39", "dist": "2.626", "sigma_lov": "1.75706", "sigma_imp": "2.391", "ps": "-9.20"}, {"energy": "2.137e-01", "width": "1.6515e+00", "ip": "4.904e-08", "ts": "0", "stretch": "1.2114e+05", "date": "2087-09-12.26", "dist": "3.672", "sigma_lov": "1.80440", "sigma_imp": "1.618", "ps": "-8.17"}, {"energy": "2.140e-01", "width": "1.6425e+00", "ip": "3.341e-08", "ts": "0", "stretch": "1.3968e+05", "date": "2086-09-12.20", "dist": "3.838", "sigma_lov": "1.81042", "sigma_imp": "1.728", "ps": "-8.33"}, {"energy": "1.036e-01", "width": "5.5236e-01", "ip": "1.627e-08", "ts": "0", "stretch": "3.2613e+04", "date": "2085-11-07.81", "dist": "0.951", "sigma_lov": "-3.57839", "sigma_imp": "0.000", "ps": "-8.89"}, {"energy": "1.033e-01", "width": "5.6051e-01", "ip": "5.395e-09", "ts": "0", "stretch": "1.8868e+05", "date": "2085-11-07.17", "dist": "0.490", "sigma_lov": "-3.54683", "sigma_imp": "0.000", "ps": "-9.37"}, {"energy": "2.140e-01", "width": "1.7632e+00", "ip": "3.917e-08", "ts": "0", "stretch": "1.5799e+05", "date": "2085-09-11.93", "dist": "3.793", "sigma_lov": "1.81586", "sigma_imp": "1.584", "ps": "-8.26"}, {"energy": "2.144e-01", "width": "1.8910e+00", "ip": "4.773e-08", "ts": "0", "stretch": "1.8052e+05", "date": "2084-09-11.45", "dist": "3.646", "sigma_lov": "1.82077", "sigma_imp": "1.399", "ps": "-8.16"}, {"energy": "2.144e-01", "width": "2.2150e+00", "ip": "8.935e-08", "ts": "0", "stretch": "1.6400e+05", "date": "2083-09-11.55", "dist": "3.287", "sigma_lov": "1.82560", "sigma_imp": "1.032", "ps": "-7.88"}, {"energy": "2.146e-01", "width": "1.3272e+00", "ip": "3.672e-08", "ts": "0", "stretch": "3.9174e+05", "date": "2083-09-09.22", "dist": "2.482", "sigma_lov": "1.83049", "sigma_imp": "1.117", "ps": "-8.27"}, {"energy": "1.205e-01", "width": "1.0871e+00", "ip": "1.681e-10", "ts": "0", "stretch": "9.0028e+05", "date": "2081-11-19.05", "dist": "3.984", "sigma_lov": "-2.15017", "sigma_imp": "2.745", "ps": "-10.8"}, {"energy": "1.183e-01", "width": "6.4186e-01", "ip": "5.353e-09", "ts": "0", "stretch": "3.2904e+05", "date": "2079-11-18.93", "dist": "2.004", "sigma_lov": "-2.35796", "sigma_imp": "1.564", "ps": "-9.29"}, {"energy": "1.418e-01", "width": "1.8323e+00", "ip": "2.624e-09", "ts": "0", "stretch": "9.7865e+05", "date": "2078-11-24.45", "dist": "5.529", "sigma_lov": "-0.88229", "sigma_imp": "2.472", "ps": "-9.53"}, {"energy": "1.182e-01", "width": "8.5631e-01", "ip": "1.534e-07", "ts": "0", "stretch": "2.0460e+05", "date": "2076-11-09.73", "dist": "0.168", "sigma_lov": "-2.35055", "sigma_imp": "0.000", "ps": "-7.81"}, {"energy": "1.158e-01", "width": "1.0984e+01", "ip": "1.306e-08", "ts": "0", "stretch": "6.8899e+04", "date": "2075-11-13.09", "dist": "13.388", "sigma_lov": "-2.52687", "sigma_imp": "1.128", "ps": "-8.88"}, {"energy": "1.158e-01", "width": "1.0895e+01", "ip": "1.543e-08", "ts": "0", "stretch": "6.5872e+04", "date": "2075-11-13.13", "dist": "12.232", "sigma_lov": "-2.52634", "sigma_imp": "1.031", "ps": "-8.81"}, {"energy": "1.155e-01", "width": "5.6724e-01", "ip": "2.759e-10", "ts": "0", "stretch": "2.0593e+06", "date": "2073-11-12.44", "dist": "2.025", "sigma_lov": "-2.57708", "sigma_imp": "1.808", "ps": "-10.5"}, {"energy": "1.378e-01", "width": "1.4453e+00", "ip": "6.890e-10", "ts": "0", "stretch": "6.0552e+05", "date": "2071-12-02.00", "dist": "5.315", "sigma_lov": "-1.08703", "sigma_imp": "2.986", "ps": "-10.1"}, {"energy": "1.384e-01", "width": "4.2359e+00", "ip": "4.624e-09", "ts": "0", "stretch": "1.4329e+07", "date": "2071-11-29.18", "dist": "0.961", "sigma_lov": "-1.04637", "sigma_imp": "0.000", "ps": "-9.24"}, {"energy": "1.385e-01", "width": "1.0759e+01", "ip": "1.370e-08", "ts": "0", "stretch": "1.8420e+06", "date": "2071-11-30.20", "dist": "3.881", "sigma_lov": "-1.04607", "sigma_imp": "0.268", "ps": "-8.76"}, {"energy": "1.284e-01", "width": "1.5515e+00", "ip": "3.525e-07", "ts": "0", "stretch": "1.9742e+05", "date": "2069-11-14.78", "dist": "0.838", "sigma_lov": "-1.64664", "sigma_imp": "0.000", "ps": "-7.36"}, {"energy": "2.152e-01", "width": "7.2822e+00", "ip": "1.925e-08", "ts": "0", "stretch": "4.2125e+05", "date": "2069-09-16.03", "dist": "6.823", "sigma_lov": "1.84425", "sigma_imp": "0.800", "ps": "-8.45"}, {"energy": "1.256e-01", "width": "9.2032e-01", "ip": "8.768e-07", "ts": "0", "stretch": "4.7287e+04", "date": "2068-11-12.15", "dist": "1.318", "sigma_lov": "-1.82656", "sigma_imp": "0.346", "ps": "-6.97"}, {"energy": "1.256e-01", "width": "6.4465e-01", "ip": "1.640e-10", "ts": "0", "stretch": "6.0245e+04", "date": "2068-11-12.51", "dist": "3.342", "sigma_lov": "-1.83242", "sigma_imp": "3.633", "ps": "-10.7"}, {"energy": "2.087e-01", "width": "5.7023e+00", "ip": "4.146e-08", "ts": "0", "stretch": "4.1863e+05", "date": "2067-08-31.81", "dist": "3.810", "sigma_lov": "1.67180", "sigma_imp": "0.493", "ps": "-8.11"}, {"energy": "1.205e-01", "width": "8.5969e-01", "ip": "5.851e-08", "ts": "0", "stretch": "2.4423e+05", "date": "2066-11-19.46", "dist": "1.564", "sigma_lov": "-2.16767", "sigma_imp": "0.656", "ps": "-8.14"}, {"energy": "2.089e-01", "width": "3.8837e+00", "ip": "1.386e-07", "ts": "0", "stretch": "1.3447e+05", "date": "2066-09-01.56", "dist": "4.026", "sigma_lov": "1.67255", "sigma_imp": "0.779", "ps": "-7.57"}, {"energy": "2.087e-01", "width": "5.0399e+00", "ip": "4.669e-08", "ts": "0", "stretch": "1.8496e+05", "date": "2066-09-01.40", "dist": "7.332", "sigma_lov": "1.66833", "sigma_imp": "1.256", "ps": "-8.05"}, {"energy": "2.087e-01", "width": "3.1081e+00", "ip": "7.993e-10", "ts": "0", "stretch": "1.6528e+06", "date": "2066-08-31.70", "dist": "8.212", "sigma_lov": "1.66711", "sigma_imp": "2.320", "ps": "-9.81"}, {"energy": "2.086e-01", "width": "3.0456e+00", "ip": "1.152e-09", "ts": "0", "stretch": "3.9126e+05", "date": "2065-09-01.48", "dist": "9.257", "sigma_lov": "1.66688", "sigma_imp": "2.711", "ps": "-9.65"}, {"energy": "2.994e-01", "width": "4.7219e-01", "ip": "2.371e-08", "ts": "0", "stretch": "5.4750e+04", "date": "2064-09-23.72", "dist": "0.400", "sigma_lov": "3.51002", "sigma_imp": "0.000", "ps": "-8.20"}, {"energy": "2.991e-01", "width": "4.9664e-01", "ip": "1.750e-08", "ts": "0", "stretch": "8.5333e+04", "date": "2064-09-23.62", "dist": "0.071", "sigma_lov": "3.50016", "sigma_imp": "0.000", "ps": "-8.33"}, {"energy": "2.089e-01", "width": "9.9151e-01", "ip": "2.208e-08", "ts": "0", "stretch": "1.4932e+06", "date": "2064-09-01.27", "dist": "1.735", "sigma_lov": "1.67802", "sigma_imp": "0.741", "ps": "-8.35"}, {"energy": "2.088e-01", "width": "1.2695e+00", "ip": "5.321e-08", "ts": "0", "stretch": "2.5698e+05", "date": "2064-09-01.97", "dist": "2.653", "sigma_lov": "1.67664", "sigma_imp": "1.302", "ps": "-7.97"}, {"energy": "2.090e-01", "width": "9.7800e-01", "ip": "4.111e-08", "ts": "0", "stretch": "2.7795e+05", "date": "2063-09-03.12", "dist": "2.348", "sigma_lov": "1.67831", "sigma_imp": "1.378", "ps": "-8.07"}, {"energy": "1.042e-01", "width": "7.5029e-01", "ip": "1.675e-10", "ts": "0", "stretch": "3.3655e+04", "date": "2062-11-08.02", "dist": "2.928", "sigma_lov": "-3.46979", "sigma_imp": "2.570", "ps": "-10.7"}, {"energy": "1.052e-01", "width": "1.8844e+00", "ip": "1.897e-08", "ts": "0", "stretch": "2.6890e+04", "date": "2062-11-07.84", "dist": "1.838", "sigma_lov": "-3.40506", "sigma_imp": "0.444", "ps": "-8.64"}, {"energy": "2.090e-01", "width": "7.5579e-01", "ip": "3.358e-08", "ts": "0", "stretch": "2.9568e+05", "date": "2062-09-03.29", "dist": "2.068", "sigma_lov": "1.67996", "sigma_imp": "1.413", "ps": "-8.15"}, {"energy": "2.198e-01", "width": "3.6967e+00", "ip": "2.751e-09", "ts": "0", "stretch": "5.9458e+06", "date": "2062-02-20.29", "dist": "2.215", "sigma_lov": "1.96548", "sigma_imp": "0.329", "ps": "-9.22"}, {"energy": "1.417e-01", "width": "1.5176e+00", "ip": "2.025e-10", "ts": "0", "stretch": "2.3332e+05", "date": "2061-11-25.26", "dist": "6.527", "sigma_lov": "-0.88353", "sigma_imp": "3.642", "ps": "-10.5"}, {"energy": "1.249e-01", "width": "1.0707e+00", "ip": "1.146e-07", "ts": "0", "stretch": "2.3918e+05", "date": "2061-11-17.08", "dist": "1.646", "sigma_lov": "-1.88682", "sigma_imp": "0.604", "ps": "-7.79"}, {"energy": "1.929e-01", "width": "4.0312e+00", "ip": "9.481e-08", "ts": "0", "stretch": "1.7057e+05", "date": "2061-09-08.10", "dist": "6.548", "sigma_lov": "1.20994", "sigma_imp": "1.376", "ps": "-7.72"}, {"energy": "1.929e-01", "width": "3.6249e+00", "ip": "8.000e-08", "ts": "0", "stretch": "1.7526e+05", "date": "2061-09-07.79", "dist": "6.435", "sigma_lov": "1.21003", "sigma_imp": "1.499", "ps": "-7.79"}, {"energy": "2.090e-01", "width": "6.3205e-01", "ip": "3.754e-08", "ts": "0", "stretch": "2.8308e+05", "date": "2061-09-03.43", "dist": "1.851", "sigma_lov": "1.68164", "sigma_imp": "1.346", "ps": "-8.09"}, {"energy": "2.494e-01", "width": "4.8647e-01", "ip": "1.240e-09", "ts": "0", "stretch": "2.3343e+05", "date": "2060-09-16.37", "dist": "1.970", "sigma_lov": "2.63772", "sigma_imp": "1.993", "ps": "-9.50"}, {"energy": "2.093e-01", "width": "5.2640e-01", "ip": "2.903e-08", "ts": "0", "stretch": "2.7876e+05", "date": "2060-09-03.65", "dist": "1.762", "sigma_lov": "1.68341", "sigma_imp": "1.447", "ps": "-8.20"}, {"energy": "1.203e-01", "width": "8.6831e-01", "ip": "2.227e-07", "ts": "0", "stretch": "1.5705e+05", "date": "2059-11-20.06", "dist": "0.795", "sigma_lov": "-2.16969", "sigma_imp": "0.000", "ps": "-7.49"}, {"energy": "1.207e-01", "width": "8.7423e-01", "ip": "1.402e-07", "ts": "0", "stretch": "2.1086e+05", "date": "2059-11-20.32", "dist": "1.029", "sigma_lov": "-2.15162", "sigma_imp": "0.034", "ps": "-7.69"}, {"energy": "2.494e-01", "width": "5.3651e-01", "ip": "3.860e-08", "ts": "0", "stretch": "2.0872e+05", "date": "2059-09-17.65", "dist": "1.060", "sigma_lov": "2.63231", "sigma_imp": "0.112", "ps": "-8.00"}, {"energy": "2.092e-01", "width": "4.3086e-01", "ip": "2.564e-08", "ts": "0", "stretch": "2.6818e+05", "date": "2059-09-04.88", "dist": "1.640", "sigma_lov": "1.68531", "sigma_imp": "1.484", "ps": "-8.24"}, {"energy": "2.574e-01", "width": "5.5311e-01", "ip": "5.642e-09", "ts": "0", "stretch": "9.5476e+04", "date": "2058-09-18.53", "dist": "1.864", "sigma_lov": "2.79629", "sigma_imp": "1.563", "ps": "-8.81"}, {"energy": "2.093e-01", "width": "3.5617e-01", "ip": "1.864e-08", "ts": "0", "stretch": "2.5231e+05", "date": "2058-09-05.09", "dist": "1.578", "sigma_lov": "1.68735", "sigma_imp": "1.622", "ps": "-8.37"}, {"energy": "2.590e-01", "width": "9.6697e-01", "ip": "1.068e-08", "ts": "0", "stretch": "4.4056e+05", "date": "2057-09-19.79", "dist": "1.197", "sigma_lov": "2.82591", "sigma_imp": "0.204", "ps": "-8.53"}, {"energy": "2.581e-01", "width": "6.0591e-01", "ip": "7.602e-08", "ts": "0", "stretch": "6.7710e+04", "date": "2057-09-18.96", "dist": "1.067", "sigma_lov": "2.81008", "sigma_imp": "0.110", "ps": "-7.67"}, {"energy": "2.487e-01", "width": "7.6253e-01", "ip": "3.232e-08", "ts": "0", "stretch": "1.2559e+05", "date": "2057-09-18.98", "dist": "1.578", "sigma_lov": "2.62355", "sigma_imp": "0.758", "ps": "-8.06"}, {"energy": "2.095e-01", "width": "2.9642e-01", "ip": "4.750e-09", "ts": "0", "stretch": "2.3731e+05", "date": "2057-09-05.43", "dist": "1.644", "sigma_lov": "1.68960", "sigma_imp": "2.174", "ps": "-8.95"}, {"energy": "2.593e-01", "width": "8.4362e-01", "ip": "2.489e-07", "ts": "0", "stretch": "3.7261e+04", "date": "2056-09-19.68", "dist": "0.188", "sigma_lov": "2.82435", "sigma_imp": "0.000", "ps": "-7.15"}, {"energy": "2.094e-01", "width": "2.4029e-01", "ip": "2.420e-10", "ts": "0", "stretch": "2.1618e+05", "date": "2056-09-05.81", "dist": "1.753", "sigma_lov": "1.69212", "sigma_imp": "3.133", "ps": "-10.2"}, {"energy": "1.312e-01", "width": "2.0032e+00", "ip": "1.846e-08", "ts": "0", "stretch": "1.7425e+05", "date": "2055-11-18.19", "dist": "5.236", "sigma_lov": "-1.48902", "sigma_imp": "2.115", "ps": "-8.50"}, {"energy": "1.339e-01", "width": "9.3555e-01", "ip": "4.987e-08", "ts": "0", "stretch": "6.8551e+05", "date": "2054-11-29.57", "dist": "1.999", "sigma_lov": "-1.31400", "sigma_imp": "1.068", "ps": "-8.05"}, {"energy": "9.736e-02", "width": "4.7391e-01", "ip": "1.915e-09", "ts": "0", "stretch": "6.2729e+04", "date": "2054-11-07.46", "dist": "0.192", "sigma_lov": "-4.16058", "sigma_imp": "0.000", "ps": "-9.58"}, {"energy": "1.449e-01", "width": "2.2811e+00", "ip": "1.508e-08", "ts": "0", "stretch": "6.6627e+04", "date": "2052-11-23.05", "dist": "7.460", "sigma_lov": "-0.71551", "sigma_imp": "2.832", "ps": "-8.52"}, {"energy": "1.593e-01", "width": "1.4352e+00", "ip": "3.709e-08", "ts": "0", "stretch": "2.8977e+06", "date": "2051-11-27.12", "dist": "2.275", "sigma_lov": "-0.04020", "sigma_imp": "0.889", "ps": "-8.09"}, {"energy": "1.635e-01", "width": "1.5134e+01", "ip": "2.751e-09", "ts": "0", "stretch": "2.1440e+05", "date": "2051-08-24.77", "dist": "42.905", "sigma_lov": "0.14791", "sigma_imp": "2.769", "ps": "-9.20"}, {"energy": "1.632e-01", "width": "2.0145e+01", "ip": "7.241e-09", "ts": "0", "stretch": "2.0522e+05", "date": "2051-08-24.93", "dist": "47.723", "sigma_lov": "0.14755", "sigma_imp": "2.319", "ps": "-8.78"}, {"energy": "1.594e-01", "width": "1.1412e+00", "ip": "3.774e-07", "ts": "0", "stretch": "6.4516e+05", "date": "2049-11-30.62", "dist": "1.249", "sigma_lov": "-0.02893", "sigma_imp": "0.218", "ps": "-7.05"}, {"energy": "1.341e-01", "width": "7.6615e-01", "ip": "1.394e-07", "ts": "0", "stretch": "2.3706e+05", "date": "2049-11-17.01", "dist": "1.816", "sigma_lov": "-1.30819", "sigma_imp": "1.065", "ps": "-7.54"}, {"energy": "1.146e-01", "width": "7.1143e-01", "ip": "4.087e-08", "ts": "0", "stretch": "1.0680e+05", "date": "2049-11-16.06", "dist": "1.491", "sigma_lov": "-2.62756", "sigma_imp": "0.691", "ps": "-8.13"}, {"energy": "1.802e-01", "width": "1.5336e+01", "ip": "3.983e-10", "ts": "0", "stretch": "2.5304e+05", "date": "2049-09-25.40", "dist": "50.743", "sigma_lov": "0.78842", "sigma_imp": "3.244", "ps": "-9.98"}, {"energy": "1.273e-01", "width": "1.3918e+00", "ip": "7.739e-10", "ts": "0", "stretch": "4.6905e+04", "date": "2048-11-22.36", "dist": "5.760", "sigma_lov": "-1.72436", "sigma_imp": "3.420", "ps": "-9.80"}, {"energy": "1.531e-01", "width": "8.7438e-01", "ip": "2.295e-08", "ts": "0", "stretch": "6.7406e+05", "date": "2047-12-23.44", "dist": "2.621", "sigma_lov": "-0.32250", "sigma_imp": "1.854", "ps": "-8.26"}, {"energy": "1.222e-01", "width": "8.7523e-01", "ip": "3.387e-10", "ts": "0", "stretch": "5.8160e+05", "date": "2047-11-19.91", "dist": "3.362", "sigma_lov": "-2.05705", "sigma_imp": "2.699", "ps": "-10.2"}, {"energy": "1.358e-01", "width": "7.9039e-01", "ip": "1.216e-06", "ts": "0", "stretch": "1.8701e+05", "date": "2046-12-02.20", "dist": "0.470", "sigma_lov": "-1.20455", "sigma_imp": "0.000", "ps": "-6.56"}, {"energy": "1.357e-01", "width": "8.8351e-01", "ip": "1.950e-07", "ts": "0", "stretch": "4.1914e+05", "date": "2046-12-02.32", "dist": "1.497", "sigma_lov": "-1.20543", "sigma_imp": "0.563", "ps": "-7.35"}, {"energy": "1.448e-01", "width": "1.2133e+00", "ip": "5.727e-07", "ts": "0", "stretch": "3.3633e+05", "date": "2044-11-23.39", "dist": "1.214", "sigma_lov": "-0.71708", "sigma_imp": "0.176", "ps": "-6.83"}, {"energy": "1.398e-01", "width": "1.0888e+00", "ip": "1.400e-08", "ts": "0", "stretch": "3.1860e+05", "date": "2043-11-20.22", "dist": "3.398", "sigma_lov": "-0.99028", "sigma_imp": "2.202", "ps": "-8.44"}, {"energy": "1.451e-01", "width": "8.4246e-01", "ip": "1.687e-10", "ts": "0", "stretch": "2.9717e+06", "date": "2042-12-14.48", "dist": "3.512", "sigma_lov": "-0.70385", "sigma_imp": "2.981", "ps": "-10.3"}, {"energy": "1.109e-01", "width": "5.6377e-01", "ip": "2.032e-08", "ts": "0", "stretch": "7.0165e+04", "date": "2042-11-12.73", "dist": "1.468", "sigma_lov": "-2.93148", "sigma_imp": "0.829", "ps": "-8.34"}, {"energy": "1.355e-01", "width": "3.6899e+00", "ip": "5.457e-10", "ts": "0", "stretch": "1.8458e+05", "date": "2041-11-19.92", "dist": "13.375", "sigma_lov": "-1.22155", "sigma_imp": "3.354", "ps": "-9.83"}, {"energy": "1.355e-01", "width": "4.2884e+00", "ip": "7.555e-08", "ts": "0", "stretch": "1.4585e+05", "date": "2041-11-19.93", "dist": "7.742", "sigma_lov": "-1.22283", "sigma_imp": "1.572", "ps": "-7.68"}, {"energy": "1.355e-01", "width": "1.0511e+00", "ip": "8.262e-08", "ts": "0", "stretch": "1.4683e+05", "date": "2041-11-19.35", "dist": "2.761", "sigma_lov": "-1.22601", "sigma_imp": "1.676", "ps": "-7.65"}, {"energy": "2.727e-01", "width": "1.1709e+00", "ip": "7.705e-09", "ts": "0", "stretch": "1.7639e+04", "date": "2041-09-24.10", "dist": "3.240", "sigma_lov": "3.07737", "sigma_imp": "1.913", "ps": "-8.43"}, {"energy": "2.728e-01", "width": "1.3108e+00", "ip": "1.192e-10", "ts": "0", "stretch": "2.5856e+04", "date": "2041-09-25.19", "dist": "5.196", "sigma_lov": "3.07984", "sigma_imp": "3.201", "ps": "-10.2"}, {"energy": "1.331e-01", "width": "8.9120e-01", "ip": "7.713e-08", "ts": "0", "stretch": "2.0049e+06", "date": "2040-11-26.20", "dist": "0.697", "sigma_lov": "-1.35784", "sigma_imp": "0.000", "ps": "-7.66"}, {"energy": "1.086e-01", "width": "1.8744e+00", "ip": "3.180e-07", "ts": "0", "stretch": "4.0870e+03", "date": "2040-11-04.93", "dist": "1.785", "sigma_lov": "-3.12549", "sigma_imp": "0.419", "ps": "-7.12"}, {"energy": "2.738e-01", "width": "4.2025e-01", "ip": "1.538e-09", "ts": "0", "stretch": "3.5202e+04", "date": "2040-09-23.19", "dist": "1.886", "sigma_lov": "3.09837", "sigma_imp": "2.109", "ps": "-9.11"}, {"energy": "2.753e-01", "width": "3.4832e-01", "ip": "1.363e-08", "ts": "0", "stretch": "3.9432e+04", "date": "2039-09-23.73", "dist": "1.334", "sigma_lov": "3.12158", "sigma_imp": "0.959", "ps": "-8.14"}, {"energy": "1.709e-01", "width": "1.0268e+00", "ip": "5.935e-08", "ts": "0", "stretch": "2.2654e+06", "date": "2039-01-21.99", "dist": "1.690", "sigma_lov": "0.43746", "sigma_imp": "0.672", "ps": "-7.66"}, {"energy": "2.764e-01", "width": "3.3738e-01", "ip": "7.797e-08", "ts": "0", "stretch": "3.9521e+04", "date": "2038-09-23.29", "dist": "0.761", "sigma_lov": "3.14646", "sigma_imp": "0.000", "ps": "-7.36"}, {"energy": "2.785e-01", "width": "3.9059e-01", "ip": "1.277e-07", "ts": "0", "stretch": "3.7273e+04", "date": "2037-09-22.78", "dist": "0.090", "sigma_lov": "3.17294", "sigma_imp": "0.000", "ps": "-7.13"}, {"energy": "1.140e-01", "width": "9.3447e-01", "ip": "5.700e-09", "ts": "0", "stretch": "1.0600e+05", "date": "2036-11-15.63", "dist": "2.641", "sigma_lov": "-2.66588", "sigma_imp": "1.756", "ps": "-8.77"}, {"energy": "2.799e-01", "width": "5.1390e-01", "ip": "9.510e-08", "ts": "0", "stretch": "2.9428e+04", "date": "2036-09-22.16", "dist": "0.669", "sigma_lov": "3.20097", "sigma_imp": "0.000", "ps": "-7.23"}, {"energy": "1.245e-01", "width": "9.2692e-01", "ip": "1.340e-07", "ts": "0", "stretch": "1.7624e+05", "date": "2033-11-22.10", "dist": "1.624", "sigma_lov": "-1.91389", "sigma_imp": "0.674", "ps": "-7.29"}, {"energy": "1.528e-01", "width": "1.0662e+00", "ip": "1.001e-06", "ts": "0", "stretch": "3.8502e+05", "date": "2029-11-27.31", "dist": "0.324", "sigma_lov": "-0.33201", "sigma_imp": "0.000", "ps": "-6.23"}, {"energy": "1.822e-01", "width": "4.3854e-01", "ip": "1.050e-07", "ts": "0", "stretch": "1.2174e+06", "date": "2029-02-06.27", "dist": "1.153", "sigma_lov": "0.84776", "sigma_imp": "0.349", "ps": "-7.12"}, {"energy": "1.747e-01", "width": "1.0130e+00", "ip": "1.967e-08", "ts": "0", "stretch": "3.8327e+05", "date": "2026-01-23.34", "dist": "3.142", "sigma_lov": "0.58771", "sigma_imp": "2.115", "ps": "-7.73"}, {"energy": "1.245e-01", "width": "8.2355e-01", "ip": "3.033e-07", "ts": "0", "stretch": "8.6202e+04", "date": "2025-11-22.53", "dist": "1.485", "sigma_lov": "-1.91117", "sigma_imp": "0.589", "ps": "-6.65"}, {"energy": "3.153e-01", "width": "1.4113e-01", "ip": "1.479e-10", "ts": "0", "stretch": "3.7155e+04", "date": "2025-09-26.87", "dist": "1.276", "sigma_lov": "3.73840", "sigma_imp": "1.952", "ps": "-9.64"}, {"energy": "1.239e-01", "width": "1.1984e+00", "ip": "2.181e-06", "ts": "0", "stretch": "2.6732e+04", "date": "2024-11-13.57", "dist": "0.129", "sigma_lov": "-1.94240", "sigma_imp": "0.000", "ps": "-5.74"}, {"energy": "3.215e-01", "width": "1.0441e-01", "ip": "1.265e-08", "ts": "0", "stretch": "3.6351e+04", "date": "2024-09-26.76", "dist": "0.520", "sigma_lov": "3.82343", "sigma_imp": "0.000", "ps": "-7.64"}, {"energy": "3.291e-01", "width": "9.2085e-02", "ip": "9.822e-09", "ts": "0", "stretch": "3.5904e+04", "date": "2023-09-27.84", "dist": "0.321", "sigma_lov": "3.92020", "sigma_imp": "0.000", "ps": "-7.68"}, {"energy": "3.382e-01", "width": "8.5110e-02", "ip": "6.903e-09", "ts": "0", "stretch": "3.3155e+04", "date": "2022-09-27.99", "dist": "0.309", "sigma_lov": "4.03048", "sigma_imp": "0.000", "ps": "-7.75"}]}