{"summary": {"energy": "5.702e-03", "darc": ".92164 days", "ip": "2.4874e-07", "h": "29.59", "nobs": "13", "mass": "9.37e+04", "v_inf": "19.67", "first_obs": "2010-Dec-01.34575", "method": "LOV", "pdate": "2017-04-07 19:10:04", "ndop": "0", "cdate": "2017-04-07 19:10:04", "ps_cum": "-7.95", "diameter": "0.0041", "ndel": "0", "v_imp": "22.61", "ps_max": "-8.20", "last_obs": "2010-Dec-02.267391", "fullname": "(2010 XB)", "n_imp": "2", "ts_max": "0", "nsat": "0", "des": "2010 XB"}, "signature": {"source": "NASA/JPL Sentry Data API", "version": "1.1"}, "data": [{"energy": "5.688e-03", "width": "0.0000e+00", "ip": "1.504e-07", "ts": "0", "stretch": "3.3853e+06", "date": "2029-11-30.43", "dist": "0.051", "sigma_lov": "-0.94656", "sigma_imp": "0.000", "ps": "-8.20"}, {"energy": "5.724e-03", "width": "1.1111e-02", "ip": "9.834e-08", "ts": "0", "stretch": "5.0299e+06", "date": "2027-12-01.17", "dist": "0.284", "sigma_lov": "-0.93402", "sigma_imp": "0.000", "ps": "-8.31"}]}