{"summary": {"energy": "2.012e-01", "darc": "34.114 days", "ip": "7.52814e-05", "h": "26.29", "nobs": "60", "mass": "8.92e+06", "v_inf": "8.07", "first_obs": "2010-May-15.30867", "method": "LOV", "pdate": "2017-04-07 17:02:43", "ndop": "0", "cdate": "2017-04-07 17:02:43", "ps_cum": "-5.02", "diameter": "0.019", "ndel": "0", "v_imp": "13.76", "ps_max": "-5.19", "last_obs": "2010-Jun-18.42252", "fullname": "(2010 JH110)", "n_imp": "5", "ts_max": "0", "nsat": "0", "des": "2010 JH110"}, "signature": {"source": "NASA/JPL Sentry Data API", "version": "1.1"}, "data": [{"energy": "1.956e-01", "width": "8.5052e-04", "ip": "3.880e-08", "ts": "0", "stretch": "7.0155e+04", "date": "2102-05-31.51", "dist": "0.980", "sigma_lov": "-2.84965", "sigma_imp": "0.000", "ps": "-8.39"}, {"energy": "2.017e-01", "width": "1.7448e-03", "ip": "1.876e-05", "ts": "0", "stretch": "3.4068e+04", "date": "2092-06-03.95", "dist": "0.476", "sigma_lov": "-0.43238", "sigma_imp": "0.000", "ps": "-5.64"}, {"energy": "2.011e-01", "width": "1.6972e-03", "ip": "5.242e-05", "ts": "0", "stretch": "7.7944e+03", "date": "2092-06-03.72", "dist": "0.589", "sigma_lov": "-0.95559", "sigma_imp": "0.000", "ps": "-5.19"}, {"energy": "1.991e-01", "width": "0.0000e+00", "ip": "4.316e-07", "ts": "0", "stretch": "9.6237e+05", "date": "2071-06-01.44", "dist": "0.842", "sigma_lov": "0.26513", "sigma_imp": "0.000", "ps": "-7.14"}, {"energy": "1.995e-01", "width": "1.7010e-03", "ip": "3.631e-06", "ts": "0", "stretch": "2.1867e+05", "date": "2071-06-01.84", "dist": "0.015", "sigma_lov": "0.09840", "sigma_imp": "0.000", "ps": "-6.21"}]}