{"summary": {"energy": "2.843e+02", "darc": "4.1684 days", "ip": "2.8304e-08", "h": "21.99", "nobs": "36", "mass": "3.40e+09", "v_inf": "24.03", "first_obs": "2010-Feb-04.71842", "method": "LOV", "pdate": "2017-04-07 11:53:43", "ndop": "0", "cdate": "2017-04-07 11:53:43", "ps_cum": "-4.89", "diameter": "0.14", "ndel": "0", "v_imp": "26.49", "ps_max": "-4.97", "last_obs": "2010-Feb-08.88683", "fullname": "(2010 CA55)", "n_imp": "4", "ts_max": "0", "nsat": "0", "des": "2010 CA55"}, "signature": {"source": "NASA/JPL Sentry Data API", "version": "1.1"}, "data": [{"energy": "2.837e+02", "width": "5.7564e+00", "ip": "1.742e-09", "ts": "0", "stretch": "3.7345e+06", "date": "2074-07-09.06", "dist": "0.103", "sigma_lov": "-2.29354", "sigma_imp": "0.000", "ps": "-7.03"}, {"energy": "2.847e+02", "width": "5.2482e+00", "ip": "7.866e-09", "ts": "0", "stretch": "5.0349e+05", "date": "2034-07-08.97", "dist": "5.768", "sigma_lov": "-2.28896", "sigma_imp": "0.908", "ps": "-5.85"}, {"energy": "2.844e+02", "width": "5.7316e+00", "ip": "3.816e-09", "ts": "0", "stretch": "1.6627e+06", "date": "2034-07-08.95", "dist": "1.512", "sigma_lov": "-2.29131", "sigma_imp": "0.089", "ps": "-6.17"}, {"energy": "2.841e+02", "width": "5.7182e+00", "ip": "1.488e-08", "ts": "0", "stretch": "3.2622e+05", "date": "2021-07-08.67", "dist": "4.463", "sigma_lov": "-2.29231", "sigma_imp": "0.606", "ps": "-4.97"}]}