{"summary": {"energy": "1.210e-01", "darc": ".11834 days", "ip": "1.449284e-07", "h": "26.78", "nobs": "15", "mass": "4.93e+06", "v_inf": "8.25", "first_obs": "2010-Dec-02.24919", "method": "LOV", "pdate": "2017-04-08 11:10:00", "ndop": "0", "cdate": "2017-04-08 11:10:00", "ps_cum": "-7.46", "diameter": "0.0152084111878693", "ndel": "0", "v_imp": "13.95", "ps_max": "-7.91", "last_obs": "2010-Dec-02.36753", "fullname": "(2010 XP)", "n_imp": "73", "ts_max": "0", "nsat": "0", "des": "2010 XP"}, "signature": {"source": "NASA/JPL Sentry Data API", "version": "1.1"}, "data": [{"energy": "2.242e-01", "width": "9.5956e+01", "ip": "1.684e-10", "ts": "0", "stretch": "6.4957e+06", "date": "2116-11-30.01", "dist": "34.980", "sigma_lov": "1.73054", "sigma_imp": "0.354", "ps": "-10.8"}, {"energy": "5.087e-02", "width": "3.2597e+01", "ip": "4.059e-10", "ts": "0", "stretch": "3.7647e+05", "date": "2116-10-18.93", "dist": "50.398", "sigma_lov": "-2.61629", "sigma_imp": "1.515", "ps": "-10.9"}, {"energy": "5.081e-02", "width": "2.2519e+01", "ip": "3.676e-10", "ts": "0", "stretch": "1.3597e+05", "date": "2114-10-24.26", "dist": "53.593", "sigma_lov": "-2.55876", "sigma_imp": "2.335", "ps": "-10.9"}, {"energy": "1.677e-01", "width": "1.0257e+02", "ip": "7.719e-09", "ts": "0", "stretch": "1.2024e+05", "date": "2112-12-20.32", "dist": "94.349", "sigma_lov": "1.57344", "sigma_imp": "0.910", "ps": "-9.19"}, {"energy": "1.664e-01", "width": "1.0813e+02", "ip": "5.880e-09", "ts": "0", "stretch": "1.2310e+05", "date": "2112-12-21.20", "dist": "120.534", "sigma_lov": "1.57198", "sigma_imp": "1.105", "ps": "-9.31"}, {"energy": "1.350e-01", "width": "6.4935e+01", "ip": "1.616e-08", "ts": "0", "stretch": "2.6256e+05", "date": "2112-12-06.68", "dist": "34.007", "sigma_lov": "0.95888", "sigma_imp": "0.508", "ps": "-8.95"}, {"energy": "1.543e-01", "width": "5.0462e+01", "ip": "6.677e-10", "ts": "0", "stretch": "1.2101e+06", "date": "2108-11-24.47", "dist": "101.840", "sigma_lov": "0.97086", "sigma_imp": "1.998", "ps": "-10.3"}, {"energy": "1.889e-01", "width": "2.4549e+01", "ip": "2.140e-09", "ts": "0", "stretch": "2.3288e+06", "date": "2105-12-05.04", "dist": "11.898", "sigma_lov": "1.60800", "sigma_imp": "0.444", "ps": "-9.67"}, {"energy": "2.921e-01", "width": "3.5983e+01", "ip": "3.169e-10", "ts": "0", "stretch": "6.0093e+06", "date": "2104-10-31.01", "dist": "53.770", "sigma_lov": "1.32124", "sigma_imp": "1.467", "ps": "-10.3"}, {"energy": "2.995e-01", "width": "1.3234e+02", "ip": "3.881e-10", "ts": "0", "stretch": "3.8452e+06", "date": "2104-10-30.06", "dist": "41.104", "sigma_lov": "1.32847", "sigma_imp": "0.303", "ps": "-10.2"}, {"energy": "1.610e-01", "width": "5.0270e+01", "ip": "3.070e-09", "ts": "0", "stretch": "8.8493e+05", "date": "2102-12-02.40", "dist": "53.415", "sigma_lov": "1.21215", "sigma_imp": "1.043", "ps": "-9.56"}, {"energy": "2.259e-01", "width": "2.7984e+02", "ip": "5.294e-10", "ts": "0", "stretch": "1.4393e+06", "date": "2099-11-13.16", "dist": "2.489", "sigma_lov": "1.30676", "sigma_imp": "0.005", "ps": "-10.2"}, {"energy": "2.069e-01", "width": "6.0109e+01", "ip": "7.274e-10", "ts": "0", "stretch": "2.5963e+06", "date": "2098-11-29.19", "dist": "35.965", "sigma_lov": "1.61626", "sigma_imp": "0.582", "ps": "-10.1"}, {"energy": "2.146e-01", "width": "1.2992e+02", "ip": "1.372e-09", "ts": "0", "stretch": "1.1720e+06", "date": "2094-11-15.59", "dist": "33.027", "sigma_lov": "1.29794", "sigma_imp": "0.247", "ps": "-9.76"}, {"energy": "2.148e-01", "width": "1.3613e+02", "ip": "4.495e-10", "ts": "0", "stretch": "3.2289e+06", "date": "2094-11-15.62", "dist": "55.405", "sigma_lov": "1.30179", "sigma_imp": "0.400", "ps": "-10.2"}, {"energy": "1.813e-01", "width": "3.9833e+01", "ip": "2.724e-09", "ts": "0", "stretch": "1.2361e+06", "date": "2092-12-10.04", "dist": "10.407", "sigma_lov": "1.60242", "sigma_imp": "0.236", "ps": "-9.51"}, {"energy": "1.786e-01", "width": "1.2451e+02", "ip": "3.129e-10", "ts": "0", "stretch": "1.0582e+06", "date": "2093-01-05.40", "dist": "194.088", "sigma_lov": "1.60184", "sigma_imp": "1.551", "ps": "-10.5"}, {"energy": "5.086e-02", "width": "6.6639e+01", "ip": "7.496e-10", "ts": "0", "stretch": "1.2227e+05", "date": "2092-10-02.76", "dist": "32.558", "sigma_lov": "-2.93141", "sigma_imp": "0.474", "ps": "-10.5"}, {"energy": "5.086e-02", "width": "2.5425e+01", "ip": "1.542e-10", "ts": "0", "stretch": "6.1215e+05", "date": "2090-10-19.25", "dist": "50.515", "sigma_lov": "-2.59776", "sigma_imp": "1.947", "ps": "-11.2"}, {"energy": "2.117e-01", "width": "1.2117e+02", "ip": "1.554e-09", "ts": "0", "stretch": "1.0374e+06", "date": "2089-11-15.87", "dist": "55.899", "sigma_lov": "1.29211", "sigma_imp": "0.453", "ps": "-9.69"}, {"energy": "5.122e-02", "width": "2.8703e+01", "ip": "3.905e-10", "ts": "0", "stretch": "3.2454e+05", "date": "2088-11-01.30", "dist": "54.573", "sigma_lov": "-2.49956", "sigma_imp": "1.866", "ps": "-10.8"}, {"energy": "5.113e-02", "width": "3.7062e+01", "ip": "1.590e-10", "ts": "0", "stretch": "1.0126e+06", "date": "2088-10-14.91", "dist": "50.817", "sigma_lov": "-2.64469", "sigma_imp": "1.344", "ps": "-11.2"}, {"energy": "5.116e-02", "width": "2.4166e+01", "ip": "1.355e-10", "ts": "0", "stretch": "4.8891e+05", "date": "2088-10-20.91", "dist": "54.277", "sigma_lov": "-2.54182", "sigma_imp": "2.205", "ps": "-11.2"}, {"energy": "5.101e-02", "width": "3.2619e+01", "ip": "2.137e-10", "ts": "0", "stretch": "5.8733e+05", "date": "2086-10-21.53", "dist": "56.147", "sigma_lov": "-2.58150", "sigma_imp": "1.691", "ps": "-11.0"}, {"energy": "2.290e-01", "width": "1.0822e+02", "ip": "1.528e-10", "ts": "0", "stretch": "4.7698e+06", "date": "2084-12-06.65", "dist": "27.499", "sigma_lov": "1.90666", "sigma_imp": "0.245", "ps": "-10.6"}, {"energy": "5.264e-02", "width": "7.2013e+01", "ip": "2.852e-10", "ts": "0", "stretch": "1.1179e+04", "date": "2082-09-05.31", "dist": "56.380", "sigma_lov": "-3.84694", "sigma_imp": "0.769", "ps": "-10.9"}, {"energy": "5.106e-02", "width": "2.7349e+01", "ip": "1.438e-09", "ts": "0", "stretch": "6.8987e+04", "date": "2081-10-20.74", "dist": "53.719", "sigma_lov": "-2.56749", "sigma_imp": "1.928", "ps": "-10.2"}, {"energy": "5.093e-02", "width": "1.7845e+01", "ip": "1.488e-10", "ts": "0", "stretch": "8.2444e+04", "date": "2081-11-04.09", "dist": "53.189", "sigma_lov": "-2.57008", "sigma_imp": "2.925", "ps": "-11.1"}, {"energy": "2.464e-01", "width": "2.5668e+03", "ip": "1.169e-10", "ts": "0", "stretch": "6.7354e+05", "date": "2080-02-16.29", "dist": "118.828", "sigma_lov": "1.34672", "sigma_imp": "0.046", "ps": "-10.7"}, {"energy": "2.362e-01", "width": "1.1541e+02", "ip": "5.663e-10", "ts": "0", "stretch": "2.0063e+06", "date": "2079-11-13.88", "dist": "108.070", "sigma_lov": "1.34291", "sigma_imp": "0.928", "ps": "-10.0"}, {"energy": "5.091e-02", "width": "6.7995e+01", "ip": "1.754e-10", "ts": "0", "stretch": "4.9929e+05", "date": "2078-10-02.87", "dist": "32.690", "sigma_lov": "-2.94138", "sigma_imp": "0.466", "ps": "-11.1"}, {"energy": "5.087e-02", "width": "5.4617e+01", "ip": "7.908e-10", "ts": "0", "stretch": "1.7614e+05", "date": "2078-10-08.27", "dist": "41.517", "sigma_lov": "-2.79513", "sigma_imp": "0.742", "ps": "-10.4"}, {"energy": "5.088e-02", "width": "5.6763e+01", "ip": "1.748e-09", "ts": "0", "stretch": "7.6406e+04", "date": "2078-10-07.85", "dist": "40.747", "sigma_lov": "-2.80758", "sigma_imp": "0.700", "ps": "-10.1"}, {"energy": "5.121e-02", "width": "3.2673e+01", "ip": "2.630e-10", "ts": "0", "stretch": "5.6643e+05", "date": "2076-10-16.60", "dist": "51.723", "sigma_lov": "-2.60292", "sigma_imp": "1.552", "ps": "-10.9"}, {"energy": "5.119e-02", "width": "4.5140e+01", "ip": "1.764e-10", "ts": "0", "stretch": "9.4160e+05", "date": "2076-10-12.47", "dist": "49.308", "sigma_lov": "-2.68800", "sigma_imp": "1.070", "ps": "-11.0"}, {"energy": "1.477e-01", "width": "1.2515e+02", "ip": "1.971e-09", "ts": "0", "stretch": "5.8218e+05", "date": "2075-01-02.21", "dist": "118.033", "sigma_lov": "1.26814", "sigma_imp": "0.935", "ps": "-9.61"}, {"energy": "1.470e-01", "width": "2.3295e+02", "ip": "3.993e-09", "ts": "0", "stretch": "2.1111e+05", "date": "2074-12-29.12", "dist": "119.706", "sigma_lov": "1.26822", "sigma_imp": "0.510", "ps": "-9.30"}, {"energy": "1.620e-01", "width": "8.4468e+01", "ip": "2.334e-09", "ts": "0", "stretch": "6.2311e+05", "date": "2073-11-25.18", "dist": "105.536", "sigma_lov": "1.11756", "sigma_imp": "1.238", "ps": "-9.49"}, {"energy": "1.819e-01", "width": "2.9646e+03", "ip": "1.246e-10", "ts": "0", "stretch": "3.0496e+05", "date": "2071-12-23.51", "dist": "93.101", "sigma_lov": "1.72801", "sigma_imp": "0.031", "ps": "-10.7"}, {"energy": "2.064e-01", "width": "2.8886e+02", "ip": "2.812e-10", "ts": "0", "stretch": "1.3771e+06", "date": "2071-12-04.33", "dist": "42.796", "sigma_lov": "1.72582", "sigma_imp": "0.145", "ps": "-10.3"}, {"energy": "5.104e-02", "width": "6.9194e+01", "ip": "1.038e-10", "ts": "0", "stretch": "8.1823e+05", "date": "2071-10-02.59", "dist": "33.120", "sigma_lov": "-2.94625", "sigma_imp": "0.464", "ps": "-11.2"}, {"energy": "5.109e-02", "width": "5.2896e+01", "ip": "4.361e-10", "ts": "0", "stretch": "3.3898e+05", "date": "2071-10-09.17", "dist": "43.110", "sigma_lov": "-2.76965", "sigma_imp": "0.796", "ps": "-10.6"}, {"energy": "5.109e-02", "width": "5.5394e+01", "ip": "1.349e-09", "ts": "0", "stretch": "1.0355e+05", "date": "2071-10-08.45", "dist": "42.281", "sigma_lov": "-2.78824", "sigma_imp": "0.745", "ps": "-10.1"}, {"energy": "5.100e-02", "width": "3.5965e+01", "ip": "1.750e-09", "ts": "0", "stretch": "9.3098e+04", "date": "2069-10-15.72", "dist": "50.417", "sigma_lov": "-2.63550", "sigma_imp": "1.374", "ps": "-9.99"}, {"energy": "5.096e-02", "width": "7.7475e+01", "ip": "1.414e-10", "ts": "0", "stretch": "4.9052e+05", "date": "2068-09-29.33", "dist": "32.220", "sigma_lov": "-2.98597", "sigma_imp": "0.403", "ps": "-11.1"}, {"energy": "2.062e-01", "width": "2.2168e+02", "ip": "1.776e-10", "ts": "0", "stretch": "1.7765e+06", "date": "2066-12-18.19", "dist": "122.051", "sigma_lov": "1.90720", "sigma_imp": "0.546", "ps": "-10.5"}, {"energy": "5.112e-02", "width": "5.2595e+01", "ip": "1.575e-09", "ts": "0", "stretch": "9.4923e+04", "date": "2064-10-08.27", "dist": "43.460", "sigma_lov": "-2.76425", "sigma_imp": "0.807", "ps": "-9.99"}, {"energy": "1.572e-01", "width": "5.8914e+01", "ip": "2.928e-09", "ts": "0", "stretch": "6.3736e+05", "date": "2059-11-29.51", "dist": "77.244", "sigma_lov": "1.14579", "sigma_imp": "1.294", "ps": "-9.28"}, {"energy": "1.683e-01", "width": "4.5574e+01", "ip": "2.129e-09", "ts": "0", "stretch": "1.9093e+06", "date": "2058-12-03.47", "dist": "22.091", "sigma_lov": "1.32454", "sigma_imp": "0.463", "ps": "-9.39"}, {"energy": "2.193e-01", "width": "2.5537e+02", "ip": "3.886e-10", "ts": "0", "stretch": "7.8088e+05", "date": "2057-12-11.62", "dist": "78.235", "sigma_lov": "1.90831", "sigma_imp": "0.302", "ps": "-10.0"}, {"energy": "1.976e-01", "width": "5.0412e+02", "ip": "3.464e-10", "ts": "0", "stretch": "4.4053e+05", "date": "2057-12-24.28", "dist": "181.481", "sigma_lov": "1.90281", "sigma_imp": "0.358", "ps": "-10.1"}, {"energy": "5.108e-02", "width": "4.8569e+01", "ip": "1.895e-09", "ts": "0", "stretch": "8.4425e+04", "date": "2057-10-10.14", "dist": "45.190", "sigma_lov": "-2.73517", "sigma_imp": "0.910", "ps": "-9.84"}, {"energy": "5.100e-02", "width": "2.5877e+01", "ip": "5.291e-09", "ts": "0", "stretch": "1.7045e+04", "date": "2055-10-31.91", "dist": "53.954", "sigma_lov": "-2.53058", "sigma_imp": "2.046", "ps": "-9.37"}, {"energy": "5.094e-02", "width": "1.7119e+01", "ip": "4.795e-10", "ts": "0", "stretch": "1.6644e+04", "date": "2055-10-25.08", "dist": "54.181", "sigma_lov": "-2.53315", "sigma_imp": "3.107", "ps": "-10.4"}, {"energy": "5.093e-02", "width": "2.6954e+01", "ip": "4.244e-10", "ts": "0", "stretch": "2.2396e+05", "date": "2055-10-20.99", "dist": "53.401", "sigma_lov": "-2.57681", "sigma_imp": "1.944", "ps": "-10.5"}, {"energy": "1.719e-01", "width": "5.4393e+02", "ip": "2.870e-10", "ts": "0", "stretch": "1.0492e+06", "date": "2051-12-21.09", "dist": "134.942", "sigma_lov": "1.47456", "sigma_imp": "0.246", "ps": "-10.2"}, {"energy": "1.604e-01", "width": "1.0322e+03", "ip": "2.293e-09", "ts": "0", "stretch": "7.2513e+04", "date": "2051-12-08.98", "dist": "44.689", "sigma_lov": "1.46321", "sigma_imp": "0.042", "ps": "-9.29"}, {"energy": "1.617e-01", "width": "3.3076e+02", "ip": "3.262e-09", "ts": "0", "stretch": "1.6390e+05", "date": "2051-12-15.47", "dist": "22.576", "sigma_lov": "1.44152", "sigma_imp": "0.065", "ps": "-9.14"}, {"energy": "5.097e-02", "width": "4.3582e+01", "ip": "1.333e-09", "ts": "0", "stretch": "1.2036e+05", "date": "2050-10-12.21", "dist": "48.996", "sigma_lov": "-2.70078", "sigma_imp": "1.101", "ps": "-9.91"}, {"energy": "2.859e-01", "width": "5.5006e+01", "ip": "1.953e-10", "ts": "0", "stretch": "3.2692e+06", "date": "2045-12-08.21", "dist": "0.324", "sigma_lov": "2.30677", "sigma_imp": "0.000", "ps": "-10.1"}, {"energy": "1.998e-01", "width": "9.5994e+01", "ip": "1.139e-09", "ts": "0", "stretch": "1.2264e+06", "date": "2045-12-04.06", "dist": "11.418", "sigma_lov": "1.61931", "sigma_imp": "0.109", "ps": "-9.44"}, {"energy": "2.587e-01", "width": "5.3258e+01", "ip": "1.871e-10", "ts": "0", "stretch": "2.1035e+06", "date": "2045-11-24.68", "dist": "90.332", "sigma_lov": "1.86383", "sigma_imp": "1.677", "ps": "-10.1"}, {"energy": "5.101e-02", "width": "3.9951e+01", "ip": "2.696e-09", "ts": "0", "stretch": "6.3120e+04", "date": "2043-10-14.65", "dist": "49.556", "sigma_lov": "-2.65983", "sigma_imp": "1.215", "ps": "-9.50"}, {"energy": "1.709e-01", "width": "1.3892e+02", "ip": "2.766e-09", "ts": "0", "stretch": "4.7783e+05", "date": "2042-11-29.84", "dist": "77.075", "sigma_lov": "1.30343", "sigma_imp": "0.548", "ps": "-9.06"}, {"energy": "2.319e-01", "width": "3.4373e+02", "ip": "5.239e-10", "ts": "0", "stretch": "1.1100e+06", "date": "2042-11-11.03", "dist": "66.855", "sigma_lov": "1.34131", "sigma_imp": "0.192", "ps": "-9.67"}, {"energy": "2.168e-01", "width": "7.9022e+01", "ip": "1.027e-10", "ts": "0", "stretch": "7.3710e+06", "date": "2039-11-06.31", "dist": "113.833", "sigma_lov": "1.47506", "sigma_imp": "1.428", "ps": "-10.4"}, {"energy": "5.110e-02", "width": "3.1553e+01", "ip": "3.233e-09", "ts": "0", "stretch": "4.2824e+04", "date": "2036-10-17.24", "dist": "52.532", "sigma_lov": "-2.59344", "sigma_imp": "1.633", "ps": "-9.29"}, {"energy": "1.887e-01", "width": "4.9272e+01", "ip": "1.381e-09", "ts": "0", "stretch": "8.1699e+05", "date": "2033-12-15.21", "dist": "58.523", "sigma_lov": "1.72852", "sigma_imp": "1.167", "ps": "-9.14"}, {"energy": "2.077e-01", "width": "4.9773e+02", "ip": "1.072e-10", "ts": "0", "stretch": "3.1552e+06", "date": "2033-11-07.93", "dist": "24.310", "sigma_lov": "1.47640", "sigma_imp": "0.047", "ps": "-10.2"}, {"energy": "5.135e-02", "width": "4.0324e+01", "ip": "2.624e-08", "ts": "0", "stretch": "8.4345e+03", "date": "2029-10-30.73", "dist": "55.611", "sigma_lov": "-2.48289", "sigma_imp": "1.354", "ps": "-8.19"}, {"energy": "1.503e-01", "width": "5.5788e+01", "ip": "1.645e-08", "ts": "0", "stretch": "2.2736e+05", "date": "2026-12-13.32", "dist": "18.741", "sigma_lov": "1.27977", "sigma_imp": "0.318", "ps": "-7.91"}, {"energy": "5.122e-02", "width": "8.2356e+01", "ip": "3.507e-10", "ts": "0", "stretch": "1.4295e+05", "date": "2024-09-25.30", "dist": "19.357", "sigma_lov": "-3.09236", "sigma_imp": "0.223", "ps": "-9.84"}, {"energy": "1.804e-01", "width": "5.3044e+01", "ip": "1.646e-09", "ts": "0", "stretch": "5.2197e+05", "date": "2021-11-25.89", "dist": "92.774", "sigma_lov": "1.31702", "sigma_imp": "1.730", "ps": "-8.52"}]}