{"summary": {"energy": "9.005e-03", "darc": "3.1100 days", "ip": "0.050481103371", "h": "28.37", "nobs": "316", "mass": "5.04e+05", "v_inf": "5.10", "first_obs": "2010-Sep-05.40477", "method": "LOV", "pdate": "2017-04-08 12:26:05", "ndop": "0", "cdate": "2017-04-08 12:26:05", "ps_cum": "-3.30", "diameter": "0.00720000000000001", "ndel": "0", "v_imp": "12.26", "ps_max": "-3.32", "last_obs": "2010-Sep-08.514787", "fullname": "(2010 RF12)", "n_imp": "63", "ts_max": "0", "nsat": "0", "des": "2010 RF12"}, "signature": {"source": "NASA/JPL Sentry Data API", "version": "1.1"}, "data": [{"energy": "9.021e-03", "width": "2.5159e-03", "ip": "2.614e-09", "ts": "0", "stretch": "3.5577e+04", "date": "2117-03-04.11", "dist": "0.389", "sigma_lov": "-4.23709", "sigma_imp": "0.000", "ps": "-10.7"}, {"energy": "9.009e-03", "width": "1.6516e-03", "ip": "8.079e-06", "ts": "0", "stretch": "3.0370e+04", "date": "2117-03-04.09", "dist": "0.353", "sigma_lov": "1.49203", "sigma_imp": "0.000", "ps": "-7.21"}, {"energy": "9.005e-03", "width": "0.0000e+00", "ip": "8.000e-07", "ts": "0", "stretch": "7.9828e+05", "date": "2114-09-06.51", "dist": "0.748", "sigma_lov": "-0.42906", "sigma_imp": "0.000", "ps": "-8.20"}, {"energy": "9.002e-03", "width": "1.3889e-03", "ip": "8.517e-07", "ts": "0", "stretch": "2.9011e+05", "date": "2116-09-06.17", "dist": "0.926", "sigma_lov": "-0.63480", "sigma_imp": "0.000", "ps": "-8.18"}, {"energy": "9.017e-03", "width": "0.0000e+00", "ip": "1.425e-07", "ts": "0", "stretch": "2.9901e+05", "date": "2112-09-05.99", "dist": "0.885", "sigma_lov": "-2.27590", "sigma_imp": "0.000", "ps": "-8.94"}, {"energy": "9.004e-03", "width": "3.9284e-03", "ip": "3.612e-08", "ts": "0", "stretch": "8.8631e+05", "date": "2114-09-06.56", "dist": "0.923", "sigma_lov": "-2.48445", "sigma_imp": "0.000", "ps": "-9.54"}, {"energy": "9.011e-03", "width": "0.0000e+00", "ip": "1.732e-09", "ts": "0", "stretch": "2.7301e+04", "date": "2114-09-06.63", "dist": "0.824", "sigma_lov": "-4.28189", "sigma_imp": "0.000", "ps": "-10.9"}, {"energy": "9.004e-03", "width": "8.5052e-04", "ip": "6.611e-07", "ts": "0", "stretch": "1.1527e+06", "date": "2114-09-06.51", "dist": "0.480", "sigma_lov": "-0.30100", "sigma_imp": "0.000", "ps": "-8.28"}, {"energy": "8.996e-03", "width": "2.4552e-04", "ip": "5.630e-06", "ts": "0", "stretch": "2.3334e+04", "date": "2114-09-06.64", "dist": "0.874", "sigma_lov": "1.54342", "sigma_imp": "0.000", "ps": "-7.35"}, {"energy": "9.028e-03", "width": "3.2480e-04", "ip": "1.915e-09", "ts": "0", "stretch": "2.1366e+04", "date": "2113-09-06.19", "dist": "0.342", "sigma_lov": "-4.43128", "sigma_imp": "0.000", "ps": "-10.8"}, {"energy": "9.015e-03", "width": "2.1263e-04", "ip": "9.418e-06", "ts": "0", "stretch": "1.8144e+04", "date": "2113-09-06.19", "dist": "0.362", "sigma_lov": "1.71531", "sigma_imp": "0.000", "ps": "-7.12"}, {"energy": "9.006e-03", "width": "0.0000e+00", "ip": "2.500e-06", "ts": "0", "stretch": "2.5487e+05", "date": "2112-09-05.78", "dist": "0.670", "sigma_lov": "0.29005", "sigma_imp": "0.000", "ps": "-7.70"}, {"energy": "9.008e-03", "width": "2.1263e-04", "ip": "8.642e-06", "ts": "0", "stretch": "1.3557e+04", "date": "2112-09-05.86", "dist": "0.158", "sigma_lov": "1.95264", "sigma_imp": "0.000", "ps": "-7.16"}, {"energy": "9.015e-03", "width": "0.0000e+00", "ip": "1.601e-08", "ts": "0", "stretch": "2.8605e+05", "date": "2112-09-05.78", "dist": "0.822", "sigma_lov": "-3.15840", "sigma_imp": "0.000", "ps": "-9.89"}, {"energy": "9.023e-03", "width": "2.6042e-04", "ip": "1.060e-09", "ts": "0", "stretch": "1.6106e+04", "date": "2112-09-05.85", "dist": "0.136", "sigma_lov": "-4.63570", "sigma_imp": "0.000", "ps": "-11.1"}, {"energy": "9.007e-03", "width": "1.6286e-03", "ip": "1.559e-06", "ts": "0", "stretch": "6.9651e+04", "date": "2111-09-06.73", "dist": "0.612", "sigma_lov": "-1.88716", "sigma_imp": "0.000", "ps": "-7.90"}, {"energy": "9.008e-03", "width": "1.5912e-03", "ip": "6.085e-06", "ts": "0", "stretch": "6.1014e+04", "date": "2111-09-06.73", "dist": "0.597", "sigma_lov": "-1.04736", "sigma_imp": "0.000", "ps": "-7.30"}, {"energy": "9.004e-03", "width": "1.8919e-04", "ip": "6.116e-06", "ts": "0", "stretch": "8.8677e+03", "date": "2111-09-06.48", "dist": "0.268", "sigma_lov": "2.30318", "sigma_imp": "0.000", "ps": "-7.30"}, {"energy": "8.993e-03", "width": "0.0000e+00", "ip": "1.723e-06", "ts": "0", "stretch": "3.0924e+05", "date": "2111-09-06.42", "dist": "0.918", "sigma_lov": "0.27982", "sigma_imp": "0.000", "ps": "-7.85"}, {"energy": "9.004e-03", "width": "3.9284e-03", "ip": "1.333e-08", "ts": "0", "stretch": "6.4319e+05", "date": "2111-09-06.59", "dist": "0.804", "sigma_lov": "-2.88403", "sigma_imp": "0.000", "ps": "-9.96"}, {"energy": "9.008e-03", "width": "2.2967e-04", "ip": "4.572e-07", "ts": "0", "stretch": "4.2630e+03", "date": "2110-09-05.96", "dist": "0.979", "sigma_lov": "2.97590", "sigma_imp": "0.000", "ps": "-8.42"}, {"energy": "9.002e-03", "width": "2.4056e-03", "ip": "8.769e-07", "ts": "0", "stretch": "7.8850e+05", "date": "2109-09-06.19", "dist": "0.527", "sigma_lov": "-0.36970", "sigma_imp": "0.000", "ps": "-8.14"}, {"energy": "9.009e-03", "width": "0.0000e+00", "ip": "1.322e-08", "ts": "0", "stretch": "5.6564e+05", "date": "2109-09-06.41", "dist": "0.711", "sigma_lov": "-2.94280", "sigma_imp": "0.000", "ps": "-9.96"}, {"energy": "9.002e-03", "width": "1.3889e-03", "ip": "3.174e-07", "ts": "0", "stretch": "1.6312e+05", "date": "2109-09-06.27", "dist": "0.744", "sigma_lov": "-2.16355", "sigma_imp": "0.000", "ps": "-8.58"}, {"energy": "9.006e-03", "width": "1.9642e-03", "ip": "2.877e-06", "ts": "0", "stretch": "2.4589e+05", "date": "2109-09-05.46", "dist": "0.408", "sigma_lov": "0.25570", "sigma_imp": "0.000", "ps": "-7.62"}, {"energy": "9.007e-03", "width": "0.0000e+00", "ip": "2.013e-08", "ts": "0", "stretch": "2.7588e+05", "date": "2109-09-05.46", "dist": "0.777", "sigma_lov": "-3.12674", "sigma_imp": "0.000", "ps": "-9.78"}, {"energy": "8.998e-03", "width": "2.7778e-03", "ip": "6.810e-08", "ts": "0", "stretch": "5.3995e+05", "date": "2108-09-06.14", "dist": "0.228", "sigma_lov": "-2.47071", "sigma_imp": "0.000", "ps": "-9.24"}, {"energy": "8.997e-03", "width": "0.0000e+00", "ip": "1.965e-06", "ts": "0", "stretch": "3.8246e+05", "date": "2108-09-05.88", "dist": "0.245", "sigma_lov": "-0.25641", "sigma_imp": "0.000", "ps": "-7.78"}, {"energy": "9.008e-03", "width": "9.8210e-04", "ip": "2.557e-06", "ts": "0", "stretch": "1.9304e+05", "date": "2108-09-05.97", "dist": "0.794", "sigma_lov": "-0.66816", "sigma_imp": "0.000", "ps": "-7.67"}, {"energy": "9.014e-03", "width": "0.0000e+00", "ip": "9.408e-07", "ts": "0", "stretch": "7.6633e+05", "date": "2107-09-06.69", "dist": "0.603", "sigma_lov": "-0.30532", "sigma_imp": "0.000", "ps": "-8.10"}, {"energy": "9.008e-03", "width": "0.0000e+00", "ip": "1.424e-06", "ts": "0", "stretch": "4.3794e+05", "date": "2107-09-06.56", "dist": "0.665", "sigma_lov": "-0.05818", "sigma_imp": "0.000", "ps": "-7.92"}, {"energy": "9.008e-03", "width": "1.9642e-03", "ip": "1.188e-07", "ts": "0", "stretch": "3.4250e+05", "date": "2106-09-06.36", "dist": "0.529", "sigma_lov": "-2.39834", "sigma_imp": "0.000", "ps": "-8.99"}, {"energy": "9.014e-03", "width": "2.2868e-03", "ip": "1.108e-05", "ts": "0", "stretch": "3.2609e+04", "date": "2106-09-06.44", "dist": "0.500", "sigma_lov": "-1.16798", "sigma_imp": "0.000", "ps": "-7.02"}, {"energy": "9.017e-03", "width": "2.2029e-03", "ip": "3.962e-06", "ts": "0", "stretch": "3.7805e+04", "date": "2106-09-06.44", "dist": "0.550", "sigma_lov": "-1.76859", "sigma_imp": "0.000", "ps": "-7.47"}, {"energy": "9.015e-03", "width": "0.0000e+00", "ip": "8.175e-08", "ts": "0", "stretch": "4.1637e+05", "date": "2105-09-06.02", "dist": "0.564", "sigma_lov": "-2.45717", "sigma_imp": "0.000", "ps": "-9.15"}, {"energy": "9.003e-03", "width": "7.2503e-03", "ip": "8.655e-08", "ts": "0", "stretch": "1.8200e+05", "date": "2104-09-05.88", "dist": "0.648", "sigma_lov": "-2.80147", "sigma_imp": "0.000", "ps": "-9.12"}, {"energy": "9.014e-03", "width": "0.0000e+00", "ip": "1.651e-08", "ts": "0", "stretch": "5.5531e+05", "date": "2104-09-05.94", "dist": "0.659", "sigma_lov": "-2.93724", "sigma_imp": "0.000", "ps": "-9.84"}, {"energy": "9.000e-03", "width": "4.6065e-03", "ip": "5.666e-06", "ts": "0", "stretch": "9.0484e+04", "date": "2104-09-05.93", "dist": "0.860", "sigma_lov": "-0.07997", "sigma_imp": "0.000", "ps": "-7.30"}, {"energy": "9.001e-03", "width": "1.5476e-02", "ip": "7.630e-06", "ts": "0", "stretch": "1.0098e+05", "date": "2104-09-05.82", "dist": "0.537", "sigma_lov": "-0.09081", "sigma_imp": "0.000", "ps": "-7.17"}, {"energy": "9.010e-03", "width": "9.8210e-04", "ip": "4.292e-06", "ts": "0", "stretch": "1.1720e+05", "date": "2104-09-05.93", "dist": "0.652", "sigma_lov": "-0.71316", "sigma_imp": "0.000", "ps": "-7.42"}, {"energy": "9.015e-03", "width": "1.2028e-03", "ip": "4.317e-07", "ts": "0", "stretch": "1.3068e+05", "date": "2104-09-05.95", "dist": "0.930", "sigma_lov": "-2.21218", "sigma_imp": "0.000", "ps": "-8.42"}, {"energy": "9.009e-03", "width": "2.7778e-03", "ip": "1.369e-06", "ts": "0", "stretch": "4.9730e+05", "date": "2104-09-05.94", "dist": "0.548", "sigma_lov": "0.05122", "sigma_imp": "0.000", "ps": "-7.92"}, {"energy": "8.997e-03", "width": "2.7778e-03", "ip": "1.580e-06", "ts": "0", "stretch": "4.1795e+05", "date": "2103-09-06.31", "dist": "0.568", "sigma_lov": "-0.03677", "sigma_imp": "0.000", "ps": "-7.85"}, {"energy": "9.011e-03", "width": "0.0000e+00", "ip": "2.179e-08", "ts": "0", "stretch": "2.9874e+05", "date": "2103-09-06.70", "dist": "0.749", "sigma_lov": "-3.03164", "sigma_imp": "0.000", "ps": "-9.71"}, {"energy": "9.015e-03", "width": "0.0000e+00", "ip": "1.439e-07", "ts": "0", "stretch": "2.5625e+05", "date": "2102-09-06.36", "dist": "0.493", "sigma_lov": "-2.42861", "sigma_imp": "0.000", "ps": "-8.89"}, {"energy": "9.025e-03", "width": "0.0000e+00", "ip": "1.816e-06", "ts": "0", "stretch": "3.6134e+05", "date": "2102-09-06.32", "dist": "0.611", "sigma_lov": "0.00928", "sigma_imp": "0.000", "ps": "-7.79"}, {"energy": "9.010e-03", "width": "3.1824e-03", "ip": "2.333e-06", "ts": "0", "stretch": "3.3690e+05", "date": "2102-09-06.34", "dist": "0.463", "sigma_lov": "-0.10144", "sigma_imp": "0.000", "ps": "-7.68"}, {"energy": "8.999e-03", "width": "0.0000e+00", "ip": "2.711e-06", "ts": "0", "stretch": "2.6644e+05", "date": "2101-09-06.06", "dist": "0.799", "sigma_lov": "0.10142", "sigma_imp": "0.000", "ps": "-7.61"}, {"energy": "9.009e-03", "width": "2.7778e-03", "ip": "2.864e-08", "ts": "0", "stretch": "2.9794e+05", "date": "2101-09-06.06", "dist": "0.531", "sigma_lov": "-2.98391", "sigma_imp": "0.000", "ps": "-9.58"}, {"energy": "9.012e-03", "width": "1.4525e-03", "ip": "1.416e-05", "ts": "0", "stretch": "3.6591e+04", "date": "2100-09-05.80", "dist": "0.298", "sigma_lov": "-0.88140", "sigma_imp": "0.000", "ps": "-6.88"}, {"energy": "9.017e-03", "width": "1.6470e-03", "ip": "2.279e-06", "ts": "0", "stretch": "4.1147e+04", "date": "2100-09-05.80", "dist": "0.446", "sigma_lov": "-2.04920", "sigma_imp": "0.000", "ps": "-7.68"}, {"energy": "9.009e-03", "width": "1.3889e-03", "ip": "2.685e-06", "ts": "0", "stretch": "2.6002e+05", "date": "2100-09-05.78", "dist": "0.489", "sigma_lov": "0.06942", "sigma_imp": "0.000", "ps": "-7.61"}, {"energy": "9.025e-03", "width": "1.3889e-03", "ip": "2.584e-06", "ts": "0", "stretch": "2.5329e+05", "date": "2099-09-05.94", "dist": "0.611", "sigma_lov": "0.03127", "sigma_imp": "0.000", "ps": "-7.62"}, {"energy": "9.020e-03", "width": "1.4316e-03", "ip": "5.278e-07", "ts": "0", "stretch": "9.3327e+04", "date": "2099-09-05.55", "dist": "0.579", "sigma_lov": "-2.33226", "sigma_imp": "0.000", "ps": "-8.31"}, {"energy": "9.020e-03", "width": "1.2028e-03", "ip": "7.454e-06", "ts": "0", "stretch": "8.4046e+04", "date": "2099-09-05.54", "dist": "0.377", "sigma_lov": "-0.58835", "sigma_imp": "0.000", "ps": "-7.16"}, {"energy": "9.008e-03", "width": "1.3889e-03", "ip": "1.647e-07", "ts": "0", "stretch": "1.6649e+05", "date": "2098-09-05.25", "dist": "0.602", "sigma_lov": "-2.51051", "sigma_imp": "0.000", "ps": "-8.81"}, {"energy": "9.001e-03", "width": "0.0000e+00", "ip": "1.127e-06", "ts": "0", "stretch": "6.9490e+05", "date": "2098-09-05.29", "dist": "0.885", "sigma_lov": "-0.12196", "sigma_imp": "0.000", "ps": "-7.97"}, {"energy": "9.008e-03", "width": "1.0980e-03", "ip": "3.893e-06", "ts": "0", "stretch": "1.4997e+05", "date": "2098-09-05.24", "dist": "0.731", "sigma_lov": "-0.40164", "sigma_imp": "0.000", "ps": "-7.43"}, {"energy": "9.005e-03", "width": "0.0000e+00", "ip": "3.541e-06", "ts": "0", "stretch": "1.9188e+05", "date": "2098-09-05.34", "dist": "0.545", "sigma_lov": "-0.01629", "sigma_imp": "0.000", "ps": "-7.48"}, {"energy": "9.026e-03", "width": "5.4036e-04", "ip": "2.424e-07", "ts": "0", "stretch": "8.9966e+03", "date": "2096-09-04.91", "dist": "0.384", "sigma_lov": "-3.41262", "sigma_imp": "0.000", "ps": "-8.63"}, {"energy": "9.017e-03", "width": "2.6755e-04", "ip": "7.828e-05", "ts": "0", "stretch": "7.9528e+03", "date": "2096-09-04.91", "dist": "0.400", "sigma_lov": "0.56764", "sigma_imp": "0.000", "ps": "-6.12"}, {"energy": "9.005e-03", "width": "4.9888e-04", "ip": "4.921e-02", "ts": "0", "stretch": "1.4388e+01", "date": "2095-09-05.99", "dist": "0.438", "sigma_lov": "-0.15581", "sigma_imp": "0.000", "ps": "-3.32"}, {"energy": "9.011e-03", "width": "7.1853e-04", "ip": "1.047e-03", "ts": "0", "stretch": "1.5985e+01", "date": "2095-09-05.99", "dist": "0.428", "sigma_lov": "-2.74327", "sigma_imp": "0.000", "ps": "-4.99"}]}