{"summary": {"energy": "1.712e-02", "darc": "5.2215 days", "ip": "4.542771e-05", "h": "28.00", "nobs": "43", "mass": "8.43e+05", "v_inf": "6.82", "first_obs": "2010-Feb-15.32692", "method": "LOV", "pdate": "2017-04-09 12:33:05", "ndop": "0", "cdate": "2017-04-09 12:33:05", "ps_cum": "-6.18", "diameter": "0.0085", "ndel": "0", "v_imp": "13.06", "ps_max": "-6.23", "last_obs": "2010-Feb-20.548374", "fullname": "(2010 CS19)", "n_imp": "7", "ts_max": "0", "nsat": "0", "des": "2010 CS19"}, "signature": {"source": "NASA/JPL Sentry Data API", "version": "1.1"}, "data": [{"energy": "1.727e-02", "width": "1.0702e-03", "ip": "9.191e-08", "ts": "0", "stretch": "3.5539e+04", "date": "2116-02-13.64", "dist": "0.268", "sigma_lov": "3.30551", "sigma_imp": "0.000", "ps": "-8.92"}, {"energy": "1.727e-02", "width": "1.5234e-03", "ip": "1.329e-07", "ts": "0", "stretch": "2.2310e+04", "date": "2116-02-13.66", "dist": "0.329", "sigma_lov": "3.32861", "sigma_imp": "0.000", "ps": "-8.76"}, {"energy": "1.714e-02", "width": "2.4056e-03", "ip": "3.421e-06", "ts": "0", "stretch": "1.9179e+05", "date": "2116-02-13.81", "dist": "0.564", "sigma_lov": "0.08966", "sigma_imp": "0.000", "ps": "-7.35"}, {"energy": "1.711e-02", "width": "0.0000e+00", "ip": "6.280e-07", "ts": "0", "stretch": "6.6648e+05", "date": "2104-02-13.67", "dist": "0.403", "sigma_lov": "-1.05511", "sigma_imp": "0.000", "ps": "-8.03"}, {"energy": "1.726e-02", "width": "1.2028e-03", "ip": "4.436e-07", "ts": "0", "stretch": "5.9694e+04", "date": "2104-02-13.52", "dist": "0.289", "sigma_lov": "2.59353", "sigma_imp": "0.000", "ps": "-8.18"}, {"energy": "1.712e-02", "width": "1.3780e-03", "ip": "3.988e-05", "ts": "0", "stretch": "7.6916e+03", "date": "2104-02-13.66", "dist": "0.887", "sigma_lov": "-0.60189", "sigma_imp": "0.000", "ps": "-6.23"}, {"energy": "1.712e-02", "width": "0.0000e+00", "ip": "8.303e-07", "ts": "0", "stretch": "7.0752e+05", "date": "2104-02-13.48", "dist": "0.217", "sigma_lov": "-0.75114", "sigma_imp": "0.000", "ps": "-7.91"}]}