{"summary": {"energy": "4.249e-03", "darc": ".09268 days", "ip": "2.4057e-07", "h": "29.59", "nobs": "16", "mass": "9.30e+04", "v_inf": "16.11", "first_obs": "2010-Oct-17.3016", "method": "LOV", "pdate": "2017-04-10 17:29:34", "ndop": "0", "cdate": "2017-04-10 17:29:34", "ps_cum": "-8.27", "diameter": "0.0041", "ndel": "0", "v_imp": "19.59", "ps_max": "-8.41", "last_obs": "2010-Oct-17.39428", "fullname": "(2010 UE)", "n_imp": "2", "ts_max": "0", "nsat": "0", "des": "2010 UE"}, "signature": {"source": "NASA/JPL Sentry Data API", "version": "1.1"}, "data": [{"energy": "4.202e-03", "width": "3.5137e-02", "ip": "9.827e-08", "ts": "0", "stretch": "1.7339e+06", "date": "2044-10-13.25", "dist": "0.668", "sigma_lov": "-1.57858", "sigma_imp": "0.000", "ps": "-8.83"}, {"energy": "4.282e-03", "width": "2.3815e-02", "ip": "1.423e-07", "ts": "0", "stretch": "4.7388e+05", "date": "2032-10-14.45", "dist": "0.462", "sigma_lov": "-2.16817", "sigma_imp": "0.000", "ps": "-8.41"}]}