{"summary": {"energy": "3.583e+00", "darc": "1.8940 days", "ip": "2.195e-09", "h": "24.71", "nobs": "37", "mass": "7.94e+07", "v_inf": "15.97", "first_obs": "2010-Oct-30.24107", "method": "LOV", "pdate": "2017-04-11 15:30:58", "ndop": "0", "cdate": "2017-04-11 15:30:58", "ps_cum": "-8.67", "diameter": "3.9e-02", "ndel": "0", "v_imp": "19.47", "ps_max": "-8.67", "last_obs": "2010-Nov-01.13505", "fullname": "(2010 UZ7)", "n_imp": "1", "ts_max": "0", "nsat": "0", "des": "2010 UZ7"}, "signature": {"source": "NASA/JPL Sentry Data API", "version": "1.1"}, "data": [{"energy": "3.583e+00", "width": "1.1307e+00", "ip": "2.195e-09", "ts": "0", "stretch": "2.8495e+05", "date": "2111-10-17.76", "dist": "1.255", "sigma_lov": "3.45264", "sigma_imp": "0.225", "ps": "-8.67"}]}