{"summary": {"energy": "7.893e-02", "darc": "14.713 days", "ip": "0.000519135811", "h": "26.85", "nobs": "79", "mass": "4.11e+06", "v_inf": "6.08", "first_obs": "2010-Oct-17.49652", "method": "LOV", "pdate": "2017-04-15 13:01:40", "ndop": "0", "cdate": "2017-04-15 13:01:40", "ps_cum": "-4.37", "diameter": "0.014", "ndel": "0", "v_imp": "12.70", "ps_max": "-4.38", "last_obs": "2010-Nov-01.2099", "fullname": "(2010 UK)", "n_imp": "43", "ts_max": "0", "nsat": "0", "des": "2010 UK"}, "signature": {"source": "NASA/JPL Sentry Data API", "version": "1.1"}, "data": [{"energy": "7.942e-02", "width": "0.0000e+00", "ip": "4.888e-08", "ts": "0", "stretch": "3.8421e+05", "date": "2104-10-15.83", "dist": "0.073", "sigma_lov": "2.74003", "sigma_imp": "0.000", "ps": "-8.61"}, {"energy": "7.943e-02", "width": "6.0141e-04", "ip": "5.445e-08", "ts": "0", "stretch": "1.9031e+05", "date": "2103-10-16.56", "dist": "0.703", "sigma_lov": "2.83320", "sigma_imp": "0.000", "ps": "-8.56"}, {"energy": "7.938e-02", "width": "0.0000e+00", "ip": "2.604e-08", "ts": "0", "stretch": "5.1693e+05", "date": "2103-10-16.44", "dist": "0.581", "sigma_lov": "2.78714", "sigma_imp": "0.000", "ps": "-8.88"}, {"energy": "7.966e-02", "width": "2.4534e-04", "ip": "2.501e-09", "ts": "0", "stretch": "1.4164e+03", "date": "2102-10-16.30", "dist": "0.682", "sigma_lov": "4.90388", "sigma_imp": "0.000", "ps": "-9.89"}, {"energy": "7.935e-02", "width": "0.0000e+00", "ip": "1.421e-07", "ts": "0", "stretch": "3.7548e+06", "date": "2112-10-15.55", "dist": "0.237", "sigma_lov": "0.89962", "sigma_imp": "0.000", "ps": "-8.18"}, {"energy": "7.945e-02", "width": "4.9105e-04", "ip": "2.283e-07", "ts": "0", "stretch": "1.7068e+05", "date": "2099-10-15.51", "dist": "0.640", "sigma_lov": "2.34990", "sigma_imp": "0.000", "ps": "-7.91"}, {"energy": "7.915e-02", "width": "0.0000e+00", "ip": "2.265e-08", "ts": "0", "stretch": "1.9386e+06", "date": "2097-10-15.19", "dist": "0.907", "sigma_lov": "-2.07672", "sigma_imp": "0.000", "ps": "-8.91"}, {"energy": "7.912e-02", "width": "8.8525e-04", "ip": "6.497e-08", "ts": "0", "stretch": "5.7931e+04", "date": "2097-10-15.04", "dist": "0.254", "sigma_lov": "-3.26058", "sigma_imp": "0.000", "ps": "-8.45"}, {"energy": "7.950e-02", "width": "1.0980e-03", "ip": "4.384e-08", "ts": "0", "stretch": "2.8206e+05", "date": "2096-10-14.96", "dist": "0.511", "sigma_lov": "2.83660", "sigma_imp": "0.000", "ps": "-8.62"}, {"energy": "7.948e-02", "width": "0.0000e+00", "ip": "7.301e-08", "ts": "0", "stretch": "1.7395e+05", "date": "2096-10-14.94", "dist": "0.644", "sigma_lov": "2.78563", "sigma_imp": "0.000", "ps": "-8.39"}, {"energy": "7.954e-02", "width": "1.0980e-03", "ip": "6.960e-09", "ts": "0", "stretch": "2.1356e+05", "date": "2094-10-15.43", "dist": "0.063", "sigma_lov": "3.54745", "sigma_imp": "0.000", "ps": "-9.40"}, {"energy": "7.908e-02", "width": "9.8210e-04", "ip": "1.595e-08", "ts": "0", "stretch": "2.7708e+05", "date": "2091-10-15.45", "dist": "0.778", "sigma_lov": "-3.07374", "sigma_imp": "0.000", "ps": "-9.03"}, {"energy": "7.915e-02", "width": "0.0000e+00", "ip": "3.008e-07", "ts": "0", "stretch": "7.9424e+05", "date": "2089-10-15.13", "dist": "0.285", "sigma_lov": "-1.52363", "sigma_imp": "0.000", "ps": "-7.74"}, {"energy": "7.907e-02", "width": "0.0000e+00", "ip": "8.880e-08", "ts": "0", "stretch": "1.6714e+06", "date": "2085-10-15.25", "dist": "0.566", "sigma_lov": "-1.72334", "sigma_imp": "0.000", "ps": "-8.25"}, {"energy": "7.893e-02", "width": "2.7778e-03", "ip": "5.605e-08", "ts": "0", "stretch": "1.1288e+06", "date": "2082-10-15.63", "dist": "0.531", "sigma_lov": "-2.17710", "sigma_imp": "0.000", "ps": "-8.43"}, {"energy": "7.930e-02", "width": "6.9445e-04", "ip": "9.399e-08", "ts": "0", "stretch": "1.8567e+05", "date": "2082-10-15.60", "dist": "0.128", "sigma_lov": "2.76441", "sigma_imp": "0.000", "ps": "-8.20"}, {"energy": "7.907e-02", "width": "3.5261e-04", "ip": "8.486e-06", "ts": "0", "stretch": "2.0549e+04", "date": "2081-10-15.36", "dist": "0.233", "sigma_lov": "-1.72561", "sigma_imp": "0.000", "ps": "-6.24"}, {"energy": "7.895e-02", "width": "3.4722e-04", "ip": "7.529e-07", "ts": "0", "stretch": "6.5508e+04", "date": "2079-10-15.92", "dist": "0.366", "sigma_lov": "-2.32644", "sigma_imp": "0.000", "ps": "-7.28"}, {"energy": "7.929e-02", "width": "0.0000e+00", "ip": "2.002e-08", "ts": "0", "stretch": "6.2684e+05", "date": "2079-10-15.96", "dist": "0.369", "sigma_lov": "2.85895", "sigma_imp": "0.000", "ps": "-8.85"}, {"energy": "7.899e-02", "width": "2.7451e-04", "ip": "3.311e-06", "ts": "0", "stretch": "4.0974e+04", "date": "2077-10-15.56", "dist": "0.049", "sigma_lov": "-1.87949", "sigma_imp": "0.000", "ps": "-6.62"}, {"energy": "7.885e-02", "width": "9.8210e-04", "ip": "5.953e-08", "ts": "0", "stretch": "7.5158e+05", "date": "2073-10-15.44", "dist": "0.813", "sigma_lov": "-2.16329", "sigma_imp": "0.000", "ps": "-8.34"}, {"energy": "7.885e-02", "width": "3.4722e-04", "ip": "3.469e-07", "ts": "0", "stretch": "1.8068e+05", "date": "2071-10-15.93", "dist": "0.496", "sigma_lov": "-2.18998", "sigma_imp": "0.000", "ps": "-7.56"}, {"energy": "7.893e-02", "width": "6.7240e-04", "ip": "1.579e-07", "ts": "0", "stretch": "4.9927e+05", "date": "2070-10-15.63", "dist": "0.055", "sigma_lov": "-2.14853", "sigma_imp": "0.000", "ps": "-7.89"}, {"energy": "7.891e-02", "width": "0.0000e+00", "ip": "1.078e-07", "ts": "0", "stretch": "7.1507e+05", "date": "2069-10-15.42", "dist": "0.449", "sigma_lov": "-2.10742", "sigma_imp": "0.000", "ps": "-8.05"}, {"energy": "7.890e-02", "width": "3.9816e-04", "ip": "4.864e-04", "ts": "0", "stretch": "1.6850e+02", "date": "2068-10-15.43", "dist": "0.025", "sigma_lov": "-2.13092", "sigma_imp": "0.000", "ps": "-4.38"}, {"energy": "7.938e-02", "width": "0.0000e+00", "ip": "1.297e-07", "ts": "0", "stretch": "1.7625e+06", "date": "2116-10-15.49", "dist": "0.105", "sigma_lov": "1.58320", "sigma_imp": "0.000", "ps": "-8.24"}, {"energy": "7.950e-02", "width": "2.4552e-04", "ip": "1.009e-06", "ts": "0", "stretch": "2.7767e+04", "date": "2115-10-16.27", "dist": "0.675", "sigma_lov": "2.46996", "sigma_imp": "0.000", "ps": "-7.35"}, {"energy": "7.954e-02", "width": "2.3373e-04", "ip": "9.861e-08", "ts": "0", "stretch": "1.5020e+04", "date": "2099-10-15.53", "dist": "0.769", "sigma_lov": "3.42038", "sigma_imp": "0.000", "ps": "-8.28"}, {"energy": "7.952e-02", "width": "2.4166e-04", "ip": "2.532e-06", "ts": "0", "stretch": "1.5102e+04", "date": "2115-10-16.25", "dist": "0.026", "sigma_lov": "2.46721", "sigma_imp": "0.000", "ps": "-6.95"}, {"energy": "7.943e-02", "width": "9.8210e-04", "ip": "7.515e-07", "ts": "0", "stretch": "4.5171e+05", "date": "2112-10-15.46", "dist": "0.805", "sigma_lov": "0.82527", "sigma_imp": "0.000", "ps": "-7.46"}, {"energy": "7.936e-02", "width": "0.0000e+00", "ip": "2.057e-07", "ts": "0", "stretch": "1.9542e+06", "date": "2108-10-15.60", "dist": "0.742", "sigma_lov": "0.77231", "sigma_imp": "0.000", "ps": "-8.01"}, {"energy": "7.955e-02", "width": "2.3773e-04", "ip": "3.759e-08", "ts": "0", "stretch": "1.8806e+04", "date": "2107-10-16.51", "dist": "0.791", "sigma_lov": "3.61813", "sigma_imp": "0.000", "ps": "-8.74"}, {"energy": "7.945e-02", "width": "4.2526e-04", "ip": "4.904e-08", "ts": "0", "stretch": "1.0588e+05", "date": "2107-10-16.54", "dist": "0.953", "sigma_lov": "2.77372", "sigma_imp": "0.000", "ps": "-8.62"}, {"energy": "7.937e-02", "width": "0.0000e+00", "ip": "1.320e-07", "ts": "0", "stretch": "4.7582e+05", "date": "2105-10-15.97", "dist": "0.236", "sigma_lov": "2.24493", "sigma_imp": "0.000", "ps": "-8.18"}, {"energy": "7.944e-02", "width": "0.0000e+00", "ip": "3.435e-08", "ts": "0", "stretch": "5.2826e+05", "date": "2104-10-15.84", "dist": "0.040", "sigma_lov": "2.75307", "sigma_imp": "0.000", "ps": "-8.76"}, {"energy": "7.945e-02", "width": "6.0141e-04", "ip": "9.072e-08", "ts": "0", "stretch": "1.6114e+05", "date": "2104-10-15.83", "dist": "0.608", "sigma_lov": "2.74784", "sigma_imp": "0.000", "ps": "-8.34"}, {"energy": "7.954e-02", "width": "0.0000e+00", "ip": "2.503e-08", "ts": "0", "stretch": "1.1440e+05", "date": "2099-10-15.52", "dist": "0.039", "sigma_lov": "3.35780", "sigma_imp": "0.000", "ps": "-8.87"}, {"energy": "7.945e-02", "width": "4.2526e-04", "ip": "1.848e-07", "ts": "0", "stretch": "1.0258e+05", "date": "2112-10-15.73", "dist": "0.233", "sigma_lov": "2.72703", "sigma_imp": "0.000", "ps": "-8.07"}, {"energy": "7.955e-02", "width": "0.0000e+00", "ip": "7.353e-08", "ts": "0", "stretch": "7.2830e+05", "date": "2115-10-16.19", "dist": "0.401", "sigma_lov": "2.28888", "sigma_imp": "0.000", "ps": "-8.48"}, {"energy": "7.945e-02", "width": "0.0000e+00", "ip": "1.940e-07", "ts": "0", "stretch": "3.0170e+05", "date": "2114-10-15.93", "dist": "0.244", "sigma_lov": "2.27569", "sigma_imp": "0.000", "ps": "-8.06"}, {"energy": "7.933e-02", "width": "4.2526e-04", "ip": "5.037e-07", "ts": "0", "stretch": "9.7954e+04", "date": "2114-10-15.99", "dist": "0.580", "sigma_lov": "2.27328", "sigma_imp": "0.000", "ps": "-7.64"}, {"energy": "7.955e-02", "width": "0.0000e+00", "ip": "1.732e-07", "ts": "0", "stretch": "3.2046e+06", "date": "2113-10-15.73", "dist": "0.296", "sigma_lov": "0.80025", "sigma_imp": "0.000", "ps": "-8.10"}, {"energy": "7.960e-02", "width": "3.6281e-04", "ip": "1.200e-05", "ts": "0", "stretch": "6.5322e+03", "date": "2113-10-15.80", "dist": "0.059", "sigma_lov": "2.15586", "sigma_imp": "0.000", "ps": "-6.26"}]}