{"summary": {"energy": "1.198e-01", "darc": "2.0600 days", "ip": "2.509e-09", "h": "27.29", "nobs": "49", "mass": "2.24e+06", "v_inf": "18.03", "first_obs": "2010-Sep-28.30637", "method": "LOV", "pdate": "2017-04-23 06:37:16", "ndop": "0", "cdate": "2017-04-23 06:37:16", "ps_cum": "-9.64", "diameter": "1.2e-02", "ndel": "0", "v_imp": "21.20", "ps_max": "-9.64", "last_obs": "2010-Sep-30.36632", "fullname": "(2010 SK13)", "n_imp": "1", "ts_max": "0", "nsat": "0", "des": "2010 SK13"}, "signature": {"source": "NASA/JPL Sentry Data API", "version": "1.1"}, "data": [{"energy": "1.198e-01", "width": "8.2753e-03", "ip": "2.509e-09", "ts": "0", "stretch": "1.8747e+05", "date": "2084-02-24.94", "dist": "0.868", "sigma_lov": "3.67104", "sigma_imp": "0.000", "ps": "-9.64"}]}