{"summary": {"energy": "9.685e-01", "darc": ".72773 days", "ip": "4.67743380000001e-06", "h": "25.25", "nobs": "7", "mass": "6.06e+07", "v_inf": "1.80", "first_obs": "2010-Jun-23.95574", "method": "LOV", "pdate": "2017-04-07 01:41:30", "ndop": "0", "cdate": "2017-04-07 01:41:30", "ps_cum": "-5.28", "diameter": "0.0315454482755052", "ndel": "0", "v_imp": "11.31", "ps_max": "-6.57", "last_obs": "2010-Jun-24.68347", "fullname": "(2010 MZ112)", "n_imp": "193", "ts_max": "0", "nsat": "0", "des": "2010 MZ112"}, "signature": {"source": "NASA/JPL Sentry Data API", "version": "1.1"}, "data": [{"energy": "1.485e+01", "width": "4.5477e+02", "ip": "9.295e-10", "ts": "0", "stretch": "6.2177e+05", "date": "2108-02-12.97", "dist": "129.677", "sigma_lov": "1.11100", "sigma_imp": "0.283", "ps": "-8.53"}, {"energy": "1.498e+01", "width": "5.9629e+02", "ip": "1.228e-10", "ts": "0", "stretch": "3.6508e+06", "date": "2108-02-12.78", "dist": "134.690", "sigma_lov": "1.10904", "sigma_imp": "0.224", "ps": "-9.41"}, {"energy": "1.246e+01", "width": "7.8037e+02", "ip": "3.273e-10", "ts": "0", "stretch": "1.0191e+06", "date": "2107-02-13.17", "dist": "106.573", "sigma_lov": "1.14956", "sigma_imp": "0.135", "ps": "-9.04"}, {"energy": "1.245e+01", "width": "6.7711e+02", "ip": "3.237e-10", "ts": "0", "stretch": "1.1837e+06", "date": "2107-02-13.17", "dist": "106.486", "sigma_lov": "1.14983", "sigma_imp": "0.156", "ps": "-9.04"}, {"energy": "2.225e+00", "width": "6.9496e+01", "ip": "1.418e-09", "ts": "0", "stretch": "1.5295e+06", "date": "2102-02-15.01", "dist": "11.675", "sigma_lov": "1.59793", "sigma_imp": "0.154", "ps": "-8.98"}, {"energy": "6.961e-01", "width": "1.2917e+02", "ip": "9.744e-10", "ts": "0", "stretch": "6.3538e+05", "date": "2101-02-13.38", "dist": "5.919", "sigma_lov": "2.02894", "sigma_imp": "0.038", "ps": "-9.54"}, {"energy": "3.125e+00", "width": "1.4632e+02", "ip": "7.841e-10", "ts": "0", "stretch": "1.5158e+06", "date": "2099-02-14.82", "dist": "13.306", "sigma_lov": "1.49637", "sigma_imp": "0.084", "ps": "-9.10"}, {"energy": "2.978e+00", "width": "9.8974e+01", "ip": "1.621e-09", "ts": "0", "stretch": "1.0323e+06", "date": "2099-02-14.03", "dist": "26.319", "sigma_lov": "1.51014", "sigma_imp": "0.256", "ps": "-8.80"}, {"energy": "1.277e+01", "width": "7.3500e+02", "ip": "1.288e-10", "ts": "0", "stretch": "2.7648e+06", "date": "2099-02-12.40", "dist": "100.071", "sigma_lov": "1.14417", "sigma_imp": "0.135", "ps": "-9.40"}, {"energy": "3.582e+00", "width": "3.8181e+02", "ip": "7.828e-10", "ts": "0", "stretch": "6.1285e+05", "date": "2098-02-14.53", "dist": "16.865", "sigma_lov": "1.45788", "sigma_imp": "0.042", "ps": "-9.05"}, {"energy": "3.589e+00", "width": "1.2950e+02", "ip": "2.587e-09", "ts": "0", "stretch": "5.4228e+05", "date": "2098-02-14.46", "dist": "17.967", "sigma_lov": "1.45742", "sigma_imp": "0.131", "ps": "-8.53"}, {"energy": "5.937e+00", "width": "2.8470e+02", "ip": "5.837e-10", "ts": "0", "stretch": "1.2802e+06", "date": "2096-02-14.19", "dist": "46.447", "sigma_lov": "1.32471", "sigma_imp": "0.160", "ps": "-8.99"}, {"energy": "3.070e+00", "width": "1.0761e+02", "ip": "5.896e-10", "ts": "0", "stretch": "2.6627e+06", "date": "2096-02-14.22", "dist": "25.054", "sigma_lov": "1.50103", "sigma_imp": "0.224", "ps": "-9.21"}, {"energy": "3.930e+00", "width": "1.4127e+02", "ip": "2.519e-09", "ts": "0", "stretch": "5.1781e+05", "date": "2095-02-14.16", "dist": "32.769", "sigma_lov": "1.43232", "sigma_imp": "0.225", "ps": "-8.49"}, {"energy": "4.026e+00", "width": "2.1643e+02", "ip": "1.954e-09", "ts": "0", "stretch": "4.4709e+05", "date": "2095-02-14.20", "dist": "29.767", "sigma_lov": "1.42576", "sigma_imp": "0.133", "ps": "-8.59"}, {"energy": "1.007e+01", "width": "4.7155e+02", "ip": "7.000e-10", "ts": "0", "stretch": "7.4370e+05", "date": "2095-02-12.97", "dist": "80.892", "sigma_lov": "1.19821", "sigma_imp": "0.169", "ps": "-8.72"}, {"energy": "1.023e+01", "width": "5.2783e+02", "ip": "4.163e-10", "ts": "0", "stretch": "1.1246e+06", "date": "2095-02-12.91", "dist": "82.438", "sigma_lov": "1.19450", "sigma_imp": "0.154", "ps": "-8.94"}, {"energy": "5.509e+00", "width": "2.8848e+02", "ip": "4.810e-10", "ts": "0", "stretch": "1.5035e+06", "date": "2094-02-13.74", "dist": "41.839", "sigma_lov": "1.34366", "sigma_imp": "0.142", "ps": "-9.09"}, {"energy": "4.712e+00", "width": "3.7167e+02", "ip": "1.072e-09", "ts": "0", "stretch": "5.0217e+05", "date": "2094-02-14.12", "dist": "30.466", "sigma_lov": "1.38401", "sigma_imp": "0.079", "ps": "-8.79"}, {"energy": "4.723e+00", "width": "2.7158e+02", "ip": "1.479e-09", "ts": "0", "stretch": "4.9715e+05", "date": "2094-02-14.05", "dist": "31.956", "sigma_lov": "1.38322", "sigma_imp": "0.114", "ps": "-8.65"}, {"energy": "1.142e+00", "width": "1.5738e+02", "ip": "1.143e-09", "ts": "0", "stretch": "6.1276e+05", "date": "2093-02-14.61", "dist": "7.314", "sigma_lov": "1.82711", "sigma_imp": "0.040", "ps": "-9.25"}, {"energy": "1.466e+01", "width": "4.3245e+02", "ip": "2.655e-10", "ts": "0", "stretch": "2.2665e+06", "date": "2092-02-12.00", "dist": "133.858", "sigma_lov": "1.11357", "sigma_imp": "0.307", "ps": "-8.99"}, {"energy": "5.667e+00", "width": "2.6481e+02", "ip": "6.159e-10", "ts": "0", "stretch": "1.2857e+06", "date": "2091-02-13.88", "dist": "44.833", "sigma_lov": "1.33612", "sigma_imp": "0.166", "ps": "-8.95"}, {"energy": "6.579e+00", "width": "3.8339e+02", "ip": "4.005e-10", "ts": "0", "stretch": "1.4335e+06", "date": "2090-02-13.48", "dist": "51.966", "sigma_lov": "1.29922", "sigma_imp": "0.133", "ps": "-9.08"}, {"energy": "6.652e+00", "width": "3.4441e+02", "ip": "9.045e-10", "ts": "0", "stretch": "7.0613e+05", "date": "2090-02-13.40", "dist": "55.025", "sigma_lov": "1.29670", "sigma_imp": "0.157", "ps": "-8.72"}, {"energy": "3.033e-01", "width": "2.8862e+01", "ip": "1.688e-09", "ts": "0", "stretch": "7.5923e+05", "date": "2089-02-04.57", "dist": "0.680", "sigma_lov": "2.44561", "sigma_imp": "0.000", "ps": "-9.52"}, {"energy": "1.647e+00", "width": "2.7453e+01", "ip": "3.289e-08", "ts": "0", "stretch": "1.4178e+05", "date": "2088-02-14.71", "dist": "7.917", "sigma_lov": "1.69647", "sigma_imp": "0.252", "ps": "-7.64"}, {"energy": "2.145e+01", "width": "6.9034e+02", "ip": "2.437e-10", "ts": "0", "stretch": "1.6958e+06", "date": "2088-02-10.89", "dist": "197.711", "sigma_lov": "1.03050", "sigma_imp": "0.285", "ps": "-8.88"}, {"energy": "1.566e+00", "width": "5.6585e+01", "ip": "3.815e-09", "ts": "0", "stretch": "5.8020e+05", "date": "2087-02-13.87", "dist": "16.006", "sigma_lov": "1.71310", "sigma_imp": "0.265", "ps": "-8.58"}, {"energy": "8.939e+00", "width": "4.0052e+02", "ip": "2.614e-10", "ts": "0", "stretch": "2.2695e+06", "date": "2087-02-13.25", "dist": "73.003", "sigma_lov": "1.22574", "sigma_imp": "0.180", "ps": "-9.14"}, {"energy": "1.766e+01", "width": "5.4448e+02", "ip": "2.904e-10", "ts": "0", "stretch": "1.7235e+06", "date": "2087-02-11.26", "dist": "161.952", "sigma_lov": "1.07272", "sigma_imp": "0.296", "ps": "-8.86"}, {"energy": "2.968e-01", "width": "2.6058e+01", "ip": "3.027e-09", "ts": "0", "stretch": "4.5735e+05", "date": "2087-02-06.36", "dist": "0.755", "sigma_lov": "2.45767", "sigma_imp": "0.000", "ps": "-9.26"}, {"energy": "1.081e+01", "width": "4.3546e+01", "ip": "1.049e-09", "ts": "0", "stretch": "4.9383e+05", "date": "2086-02-12.33", "dist": "95.799", "sigma_lov": "1.18196", "sigma_imp": "2.177", "ps": "-8.47"}, {"energy": "1.240e+01", "width": "7.2319e+02", "ip": "2.588e-10", "ts": "0", "stretch": "1.3870e+06", "date": "2086-02-12.12", "dist": "105.358", "sigma_lov": "1.15088", "sigma_imp": "0.144", "ps": "-9.03"}, {"energy": "1.347e+01", "width": "6.5695e+01", "ip": "5.176e-10", "ts": "0", "stretch": "1.4777e+06", "date": "2085-02-11.56", "dist": "120.155", "sigma_lov": "1.13241", "sigma_imp": "1.814", "ps": "-8.69"}, {"energy": "1.359e+01", "width": "1.8686e+02", "ip": "1.980e-09", "ts": "0", "stretch": "5.9225e+05", "date": "2085-02-11.65", "dist": "118.851", "sigma_lov": "1.13017", "sigma_imp": "0.631", "ps": "-8.11"}, {"energy": "1.366e+01", "width": "3.2363e+02", "ip": "2.900e-10", "ts": "0", "stretch": "2.6771e+06", "date": "2085-02-11.60", "dist": "118.134", "sigma_lov": "1.12902", "sigma_imp": "0.362", "ps": "-8.94"}, {"energy": "2.613e-01", "width": "7.1314e+01", "ip": "4.470e-09", "ts": "0", "stretch": "9.6683e+04", "date": "2085-02-04.73", "dist": "0.233", "sigma_lov": "2.53338", "sigma_imp": "0.000", "ps": "-9.12"}, {"energy": "1.593e+00", "width": "1.2953e+02", "ip": "1.470e-09", "ts": "0", "stretch": "6.8558e+05", "date": "2084-02-14.07", "dist": "14.479", "sigma_lov": "1.70751", "sigma_imp": "0.104", "ps": "-8.97"}, {"energy": "2.562e+00", "width": "1.6077e+02", "ip": "6.483e-10", "ts": "0", "stretch": "1.5470e+06", "date": "2084-02-15.25", "dist": "14.423", "sigma_lov": "1.55470", "sigma_imp": "0.083", "ps": "-9.16"}, {"energy": "1.973e+00", "width": "1.6460e+01", "ip": "6.443e-09", "ts": "0", "stretch": "9.6151e+05", "date": "2083-02-14.54", "dist": "13.815", "sigma_lov": "1.63662", "sigma_imp": "0.779", "ps": "-8.25"}, {"energy": "6.306e+00", "width": "2.7719e+02", "ip": "3.621e-10", "ts": "0", "stretch": "2.1553e+06", "date": "2083-02-14.08", "dist": "46.713", "sigma_lov": "1.30981", "sigma_imp": "0.165", "ps": "-9.10"}, {"energy": "1.282e+01", "width": "7.1963e+02", "ip": "1.155e-09", "ts": "0", "stretch": "3.1485e+05", "date": "2083-02-12.44", "dist": "104.977", "sigma_lov": "1.14342", "sigma_imp": "0.144", "ps": "-8.35"}, {"energy": "1.329e+01", "width": "3.8207e+02", "ip": "1.258e-09", "ts": "0", "stretch": "5.3211e+05", "date": "2083-02-12.30", "dist": "110.806", "sigma_lov": "1.13539", "sigma_imp": "0.287", "ps": "-8.30"}, {"energy": "3.274e-01", "width": "4.0827e+02", "ip": "1.000e-08", "ts": "0", "stretch": "9.6833e+03", "date": "2082-07-10.18", "dist": "87.129", "sigma_lov": "2.40127", "sigma_imp": "0.211", "ps": "-8.68"}, {"energy": "1.932e+00", "width": "9.1860e+01", "ip": "1.942e-09", "ts": "0", "stretch": "7.9237e+05", "date": "2082-02-14.01", "dist": "16.778", "sigma_lov": "1.64309", "sigma_imp": "0.172", "ps": "-8.77"}, {"energy": "2.347e+00", "width": "8.3458e+01", "ip": "5.335e-09", "ts": "0", "stretch": "3.4003e+05", "date": "2081-02-14.08", "dist": "20.817", "sigma_lov": "1.58178", "sigma_imp": "0.237", "ps": "-8.26"}, {"energy": "2.448e+00", "width": "1.3299e+01", "ip": "7.245e-09", "ts": "0", "stretch": "7.0695e+05", "date": "2080-02-14.97", "dist": "17.319", "sigma_lov": "1.56860", "sigma_imp": "1.227", "ps": "-8.10"}, {"energy": "2.376e+00", "width": "9.1457e+01", "ip": "2.910e-09", "ts": "0", "stretch": "5.7687e+05", "date": "2080-02-14.83", "dist": "19.699", "sigma_lov": "1.57736", "sigma_imp": "0.204", "ps": "-8.51"}, {"energy": "3.648e-01", "width": "2.3485e+02", "ip": "8.004e-09", "ts": "0", "stretch": "2.4158e+04", "date": "2080-02-09.19", "dist": "2.240", "sigma_lov": "2.34275", "sigma_imp": "0.005", "ps": "-8.72"}, {"energy": "3.673e-01", "width": "2.4349e+02", "ip": "7.136e-09", "ts": "0", "stretch": "2.6326e+04", "date": "2080-02-09.86", "dist": "0.656", "sigma_lov": "2.33898", "sigma_imp": "0.000", "ps": "-8.77"}, {"energy": "3.717e-01", "width": "2.1104e+02", "ip": "4.799e-09", "ts": "0", "stretch": "4.5641e+04", "date": "2080-02-11.70", "dist": "4.627", "sigma_lov": "2.33347", "sigma_imp": "0.017", "ps": "-8.94"}, {"energy": "2.955e+00", "width": "1.0672e+02", "ip": "6.739e-09", "ts": "0", "stretch": "2.3175e+05", "date": "2078-02-14.51", "dist": "24.434", "sigma_lov": "1.51232", "sigma_imp": "0.220", "ps": "-8.06"}, {"energy": "4.251e+00", "width": "2.5210e+02", "ip": "1.346e-09", "ts": "0", "stretch": "5.6776e+05", "date": "2078-02-14.25", "dist": "33.759", "sigma_lov": "1.41081", "sigma_imp": "0.130", "ps": "-8.63"}, {"energy": "4.089e-01", "width": "4.0629e+01", "ip": "9.511e-09", "ts": "0", "stretch": "1.3075e+05", "date": "2078-02-09.60", "dist": "4.900", "sigma_lov": "2.28335", "sigma_imp": "0.096", "ps": "-8.59"}, {"energy": "4.762e-01", "width": "4.4498e+02", "ip": "2.163e-09", "ts": "0", "stretch": "6.0395e+04", "date": "2077-07-29.94", "dist": "76.884", "sigma_lov": "2.20376", "sigma_imp": "0.171", "ps": "-9.18"}, {"energy": "4.798e-01", "width": "1.1168e+02", "ip": "3.216e-09", "ts": "0", "stretch": "1.1309e+05", "date": "2077-07-19.49", "dist": "97.223", "sigma_lov": "2.20068", "sigma_imp": "0.862", "ps": "-9.01"}, {"energy": "3.043e+00", "width": "1.6627e+02", "ip": "5.565e-09", "ts": "0", "stretch": "1.8486e+05", "date": "2077-02-14.16", "dist": "24.498", "sigma_lov": "1.50408", "sigma_imp": "0.141", "ps": "-8.12"}, {"energy": "3.096e+00", "width": "4.0447e+01", "ip": "1.325e-08", "ts": "0", "stretch": "2.7450e+05", "date": "2077-02-14.21", "dist": "23.437", "sigma_lov": "1.49910", "sigma_imp": "0.555", "ps": "-7.74"}, {"energy": "5.308e-01", "width": "1.3755e+02", "ip": "1.150e-09", "ts": "0", "stretch": "4.0754e+05", "date": "2076-02-09.03", "dist": "10.883", "sigma_lov": "2.15283", "sigma_imp": "0.072", "ps": "-9.41"}, {"energy": "5.368e-01", "width": "3.2644e+01", "ip": "1.297e-10", "ts": "0", "stretch": "6.5306e+04", "date": "2075-07-19.96", "dist": "107.969", "sigma_lov": "2.14511", "sigma_imp": "3.277", "ps": "-10.3"}, {"energy": "3.870e+00", "width": "1.4777e+02", "ip": "8.968e-09", "ts": "0", "stretch": "1.3884e+05", "date": "2075-02-14.66", "dist": "32.032", "sigma_lov": "1.43627", "sigma_imp": "0.210", "ps": "-7.82"}, {"energy": "5.899e+00", "width": "3.1446e+02", "ip": "1.406e-09", "ts": "0", "stretch": "4.8011e+05", "date": "2075-02-13.94", "dist": "52.379", "sigma_lov": "1.32644", "sigma_imp": "0.163", "ps": "-8.48"}, {"energy": "5.296e-01", "width": "6.8241e+01", "ip": "1.472e-08", "ts": "0", "stretch": "6.4081e+04", "date": "2075-02-11.87", "dist": "4.659", "sigma_lov": "2.15405", "sigma_imp": "0.054", "ps": "-8.29"}, {"energy": "5.358e-01", "width": "6.0921e+01", "ip": "1.567e-08", "ts": "0", "stretch": "6.8172e+04", "date": "2075-02-12.18", "dist": "0.984", "sigma_lov": "2.14905", "sigma_imp": "0.000", "ps": "-8.26"}, {"energy": "6.359e-01", "width": "6.0709e+01", "ip": "2.138e-09", "ts": "0", "stretch": "5.7040e+05", "date": "2074-02-15.69", "dist": "8.687", "sigma_lov": "2.06917", "sigma_imp": "0.127", "ps": "-9.06"}, {"energy": "4.067e+00", "width": "2.8036e+02", "ip": "1.815e-09", "ts": "0", "stretch": "3.7398e+05", "date": "2074-02-14.31", "dist": "32.160", "sigma_lov": "1.42277", "sigma_imp": "0.111", "ps": "-8.49"}, {"energy": "9.924e+00", "width": "4.4210e+02", "ip": "2.378e-10", "ts": "0", "stretch": "2.3118e+06", "date": "2074-02-12.65", "dist": "90.916", "sigma_lov": "1.20154", "sigma_imp": "0.203", "ps": "-9.06"}, {"energy": "3.519e+00", "width": "1.2481e+02", "ip": "1.192e-09", "ts": "0", "stretch": "1.1957e+06", "date": "2073-02-14.31", "dist": "27.393", "sigma_lov": "1.46279", "sigma_imp": "0.211", "ps": "-8.71"}, {"energy": "4.115e+00", "width": "2.8147e+02", "ip": "3.954e-10", "ts": "0", "stretch": "1.7162e+06", "date": "2073-02-13.97", "dist": "32.684", "sigma_lov": "1.41961", "sigma_imp": "0.113", "ps": "-9.14"}, {"energy": "7.012e-01", "width": "3.5849e+01", "ip": "2.343e-10", "ts": "0", "stretch": "2.1380e+04", "date": "2072-07-20.80", "dist": "125.318", "sigma_lov": "2.02358", "sigma_imp": "3.468", "ps": "-9.97"}, {"energy": "5.556e+00", "width": "2.4584e+02", "ip": "4.340e-09", "ts": "0", "stretch": "1.9488e+05", "date": "2072-02-14.52", "dist": "45.420", "sigma_lov": "1.34097", "sigma_imp": "0.181", "ps": "-7.98"}, {"energy": "9.383e+00", "width": "4.3567e+02", "ip": "8.131e-10", "ts": "0", "stretch": "6.7690e+05", "date": "2072-02-13.25", "dist": "88.094", "sigma_lov": "1.21421", "sigma_imp": "0.200", "ps": "-8.53"}, {"energy": "7.207e-01", "width": "4.5318e+02", "ip": "6.994e-09", "ts": "0", "stretch": "2.5012e+04", "date": "2071-07-25.59", "dist": "126.743", "sigma_lov": "2.01132", "sigma_imp": "0.277", "ps": "-8.48"}, {"energy": "7.294e-01", "width": "8.9555e+01", "ip": "3.740e-09", "ts": "0", "stretch": "2.4605e+05", "date": "2071-02-16.74", "dist": "9.448", "sigma_lov": "2.00822", "sigma_imp": "0.094", "ps": "-8.75"}, {"energy": "7.141e-01", "width": "2.9296e+01", "ip": "2.044e-08", "ts": "0", "stretch": "1.3579e+05", "date": "2071-02-14.48", "dist": "2.219", "sigma_lov": "2.01786", "sigma_imp": "0.042", "ps": "-8.01"}, {"energy": "6.915e-01", "width": "3.1965e+01", "ip": "1.524e-08", "ts": "0", "stretch": "1.5984e+05", "date": "2071-02-13.33", "dist": "6.909", "sigma_lov": "2.03139", "sigma_imp": "0.185", "ps": "-8.15"}, {"energy": "1.003e+00", "width": "7.6317e+01", "ip": "1.541e-09", "ts": "0", "stretch": "8.6559e+05", "date": "2069-02-16.07", "dist": "6.630", "sigma_lov": "1.87731", "sigma_imp": "0.074", "ps": "-9.00"}, {"energy": "8.300e-01", "width": "2.8347e+01", "ip": "2.315e-08", "ts": "0", "stretch": "1.3733e+05", "date": "2069-02-14.74", "dist": "2.907", "sigma_lov": "1.95346", "sigma_imp": "0.067", "ps": "-7.89"}, {"energy": "8.889e+00", "width": "4.2223e+02", "ip": "7.605e-10", "ts": "0", "stretch": "7.3918e+05", "date": "2069-02-12.83", "dist": "76.566", "sigma_lov": "1.22699", "sigma_imp": "0.179", "ps": "-8.55"}, {"energy": "1.424e+01", "width": "4.1935e+02", "ip": "8.785e-10", "ts": "0", "stretch": "7.0102e+05", "date": "2069-02-11.48", "dist": "131.135", "sigma_lov": "1.11981", "sigma_imp": "0.310", "ps": "-8.33"}, {"energy": "1.473e+01", "width": "4.6052e+02", "ip": "1.362e-09", "ts": "0", "stretch": "4.1726e+05", "date": "2069-02-11.38", "dist": "135.880", "sigma_lov": "1.11209", "sigma_imp": "0.293", "ps": "-8.12"}, {"energy": "9.311e-01", "width": "1.2134e+02", "ip": "5.712e-09", "ts": "0", "stretch": "6.0751e+04", "date": "2068-07-24.97", "dist": "157.794", "sigma_lov": "1.90352", "sigma_imp": "1.292", "ps": "-8.46"}, {"energy": "9.555e-01", "width": "6.4035e+01", "ip": "1.355e-09", "ts": "0", "stretch": "7.0940e+04", "date": "2068-07-24.02", "dist": "151.093", "sigma_lov": "1.89408", "sigma_imp": "2.344", "ps": "-9.07"}, {"energy": "9.832e-01", "width": "2.3090e+02", "ip": "6.772e-10", "ts": "0", "stretch": "5.6802e+05", "date": "2068-08-02.20", "dist": "118.946", "sigma_lov": "1.88203", "sigma_imp": "0.511", "ps": "-9.36"}, {"energy": "1.174e+00", "width": "1.7368e+02", "ip": "1.594e-09", "ts": "0", "stretch": "2.7775e+05", "date": "2067-07-26.16", "dist": "151.249", "sigma_lov": "1.81502", "sigma_imp": "0.865", "ps": "-8.92"}, {"energy": "7.891e-01", "width": "2.7158e+01", "ip": "1.043e-08", "ts": "0", "stretch": "2.9772e+05", "date": "2068-02-14.20", "dist": "7.431", "sigma_lov": "1.97460", "sigma_imp": "0.237", "ps": "-8.25"}, {"energy": "1.739e+01", "width": "5.3430e+02", "ip": "5.797e-09", "ts": "0", "stretch": "8.7579e+04", "date": "2068-02-11.67", "dist": "160.471", "sigma_lov": "1.07619", "sigma_imp": "0.298", "ps": "-7.43"}, {"energy": "9.281e-01", "width": "3.4767e+01", "ip": "1.494e-08", "ts": "0", "stretch": "1.8264e+05", "date": "2067-02-14.49", "dist": "7.918", "sigma_lov": "1.90802", "sigma_imp": "0.199", "ps": "-8.03"}, {"energy": "1.184e+00", "width": "8.6114e+01", "ip": "1.581e-09", "ts": "0", "stretch": "8.2510e+05", "date": "2067-02-16.52", "dist": "4.961", "sigma_lov": "1.81384", "sigma_imp": "0.046", "ps": "-8.92"}, {"energy": "9.726e-01", "width": "3.2009e+01", "ip": "2.542e-08", "ts": "0", "stretch": "1.2260e+05", "date": "2067-02-15.80", "dist": "3.254", "sigma_lov": "1.88926", "sigma_imp": "0.070", "ps": "-7.78"}, {"energy": "9.894e-01", "width": "1.2070e+02", "ip": "5.420e-09", "ts": "0", "stretch": "1.5452e+05", "date": "2067-02-17.03", "dist": "7.850", "sigma_lov": "1.88280", "sigma_imp": "0.057", "ps": "-8.44"}, {"energy": "6.406e+00", "width": "2.9261e+02", "ip": "6.261e-10", "ts": "0", "stretch": "1.1845e+06", "date": "2067-02-14.05", "dist": "52.115", "sigma_lov": "1.30562", "sigma_imp": "0.175", "ps": "-8.73"}, {"energy": "1.129e+00", "width": "8.2194e+01", "ip": "2.272e-09", "ts": "0", "stretch": "7.7185e+04", "date": "2066-07-25.64", "dist": "165.737", "sigma_lov": "1.82847", "sigma_imp": "2.004", "ps": "-8.77"}, {"energy": "1.059e+01", "width": "5.1249e+02", "ip": "3.910e-10", "ts": "0", "stretch": "1.2389e+06", "date": "2066-02-12.69", "dist": "93.103", "sigma_lov": "1.18635", "sigma_imp": "0.180", "ps": "-8.75"}, {"energy": "1.069e+01", "width": "5.6992e+02", "ip": "2.962e-10", "ts": "0", "stretch": "1.4785e+06", "date": "2066-02-12.59", "dist": "94.577", "sigma_lov": "1.18421", "sigma_imp": "0.164", "ps": "-8.87"}, {"energy": "1.091e+01", "width": "5.7931e+02", "ip": "1.143e-09", "ts": "0", "stretch": "3.7879e+05", "date": "2066-02-12.53", "dist": "96.908", "sigma_lov": "1.17973", "sigma_imp": "0.166", "ps": "-8.28"}, {"energy": "1.118e+01", "width": "5.3569e+02", "ip": "2.361e-09", "ts": "0", "stretch": "1.9884e+05", "date": "2066-02-12.54", "dist": "98.670", "sigma_lov": "1.17426", "sigma_imp": "0.182", "ps": "-7.95"}, {"energy": "1.256e+01", "width": "7.4822e+02", "ip": "3.032e-09", "ts": "0", "stretch": "1.1484e+05", "date": "2066-02-12.30", "dist": "107.347", "sigma_lov": "1.14793", "sigma_imp": "0.142", "ps": "-7.81"}, {"energy": "1.338e+01", "width": "1.0976e+02", "ip": "4.164e-09", "ts": "0", "stretch": "3.2965e+05", "date": "2066-02-12.05", "dist": "117.477", "sigma_lov": "1.13385", "sigma_imp": "1.061", "ps": "-7.65"}, {"energy": "1.086e+00", "width": "3.9197e+01", "ip": "1.409e-08", "ts": "0", "stretch": "1.8893e+05", "date": "2065-02-14.39", "dist": "9.101", "sigma_lov": "1.84611", "sigma_imp": "0.207", "ps": "-7.98"}, {"energy": "1.353e+00", "width": "8.0211e+01", "ip": "1.716e-09", "ts": "0", "stretch": "6.4686e+04", "date": "2064-07-25.76", "dist": "183.374", "sigma_lov": "1.76204", "sigma_imp": "2.274", "ps": "-8.81"}, {"energy": "1.376e+00", "width": "3.0729e+02", "ip": "3.829e-09", "ts": "0", "stretch": "8.7501e+04", "date": "2064-07-27.04", "dist": "181.755", "sigma_lov": "1.75556", "sigma_imp": "0.588", "ps": "-8.46"}, {"energy": "8.970e-01", "width": "1.1059e+02", "ip": "4.136e-10", "ts": "0", "stretch": "4.8107e+05", "date": "2064-07-24.87", "dist": "189.610", "sigma_lov": "1.91924", "sigma_imp": "1.705", "ps": "-9.57"}, {"energy": "1.707e+00", "width": "1.1527e+02", "ip": "9.362e-10", "ts": "0", "stretch": "1.2580e+06", "date": "2064-02-16.17", "dist": "2.135", "sigma_lov": "1.68427", "sigma_imp": "0.010", "ps": "-8.99"}, {"energy": "1.402e+00", "width": "1.0777e+02", "ip": "2.906e-09", "ts": "0", "stretch": "3.9316e+05", "date": "2064-02-16.86", "dist": "3.507", "sigma_lov": "1.75248", "sigma_imp": "0.023", "ps": "-8.57"}, {"energy": "1.676e+00", "width": "2.4660e+02", "ip": "1.717e-09", "ts": "0", "stretch": "2.3609e+05", "date": "2063-07-26.81", "dist": "191.633", "sigma_lov": "1.68742", "sigma_imp": "0.773", "ps": "-8.73"}, {"energy": "1.698e+00", "width": "1.1500e+02", "ip": "1.509e-09", "ts": "0", "stretch": "7.8106e+05", "date": "2063-02-16.11", "dist": "0.578", "sigma_lov": "1.68574", "sigma_imp": "0.000", "ps": "-8.78"}, {"energy": "1.284e+00", "width": "4.5554e+01", "ip": "1.337e-08", "ts": "0", "stretch": "1.8863e+05", "date": "2063-02-15.25", "dist": "9.979", "sigma_lov": "1.78389", "sigma_imp": "0.197", "ps": "-7.93"}, {"energy": "1.687e+00", "width": "1.2478e+02", "ip": "3.151e-09", "ts": "0", "stretch": "3.4324e+05", "date": "2062-02-16.04", "dist": "0.292", "sigma_lov": "1.68859", "sigma_imp": "0.000", "ps": "-8.45"}, {"energy": "1.530e+00", "width": "5.4283e+01", "ip": "1.231e-08", "ts": "0", "stretch": "1.8851e+05", "date": "2061-02-15.00", "dist": "11.354", "sigma_lov": "1.72153", "sigma_imp": "0.191", "ps": "-7.88"}, {"energy": "2.055e+00", "width": "1.5156e+02", "ip": "3.414e-09", "ts": "0", "stretch": "2.8513e+05", "date": "2060-02-16.47", "dist": "4.595", "sigma_lov": "1.62370", "sigma_imp": "0.024", "ps": "-8.33"}, {"energy": "1.841e+00", "width": "6.6112e+01", "ip": "1.098e-08", "ts": "0", "stretch": "1.8992e+05", "date": "2059-02-15.64", "dist": "13.322", "sigma_lov": "1.65866", "sigma_imp": "0.186", "ps": "-7.85"}, {"energy": "2.538e+00", "width": "1.9555e+02", "ip": "4.149e-09", "ts": "0", "stretch": "1.9843e+05", "date": "2058-02-15.73", "dist": "11.106", "sigma_lov": "1.55773", "sigma_imp": "0.052", "ps": "-8.15"}, {"energy": "2.249e+00", "width": "8.2659e+01", "ip": "9.251e-09", "ts": "0", "stretch": "1.9677e+05", "date": "2057-02-15.13", "dist": "16.562", "sigma_lov": "1.59469", "sigma_imp": "0.188", "ps": "-7.83"}, {"energy": "6.184e+00", "width": "2.8309e+02", "ip": "4.024e-10", "ts": "0", "stretch": "1.8775e+06", "date": "2057-02-13.44", "dist": "56.406", "sigma_lov": "1.31459", "sigma_imp": "0.196", "ps": "-8.84"}, {"energy": "2.202e+00", "width": "8.0015e+01", "ip": "3.583e-09", "ts": "0", "stretch": "5.2147e+05", "date": "2056-02-15.91", "dist": "15.132", "sigma_lov": "1.60103", "sigma_imp": "0.177", "ps": "-8.24"}, {"energy": "3.200e+00", "width": "2.4922e+02", "ip": "5.716e-09", "ts": "0", "stretch": "1.2325e+05", "date": "2056-02-15.82", "dist": "19.745", "sigma_lov": "1.48955", "sigma_imp": "0.075", "ps": "-7.91"}, {"energy": "4.336e+00", "width": "2.4520e+02", "ip": "5.673e-10", "ts": "0", "stretch": "1.3930e+06", "date": "2056-02-15.07", "dist": "34.013", "sigma_lov": "1.40554", "sigma_imp": "0.135", "ps": "-8.80"}, {"energy": "2.788e+00", "width": "1.0490e+02", "ip": "7.344e-09", "ts": "0", "stretch": "2.1334e+05", "date": "2055-02-15.61", "dist": "19.999", "sigma_lov": "1.52924", "sigma_imp": "0.181", "ps": "-7.83"}, {"energy": "4.296e+00", "width": "2.5154e+02", "ip": "1.084e-09", "ts": "0", "stretch": "7.0924e+05", "date": "2055-02-14.97", "dist": "32.185", "sigma_lov": "1.40802", "sigma_imp": "0.124", "ps": "-8.51"}, {"energy": "4.161e+00", "width": "2.8380e+02", "ip": "9.360e-09", "ts": "0", "stretch": "7.2150e+04", "date": "2054-02-14.77", "dist": "32.405", "sigma_lov": "1.41703", "sigma_imp": "0.111", "ps": "-7.58"}, {"energy": "6.076e+00", "width": "3.1260e+02", "ip": "4.679e-10", "ts": "0", "stretch": "1.4629e+06", "date": "2054-02-13.89", "dist": "53.057", "sigma_lov": "1.31890", "sigma_imp": "0.167", "ps": "-8.75"}, {"energy": "2.706e+00", "width": "1.0446e+02", "ip": "1.183e-09", "ts": "0", "stretch": "1.3159e+06", "date": "2053-02-14.99", "dist": "19.541", "sigma_lov": "1.53805", "sigma_imp": "0.177", "ps": "-8.61"}, {"energy": "3.540e+00", "width": "1.3879e+02", "ip": "5.250e-09", "ts": "0", "stretch": "2.4614e+05", "date": "2053-02-14.88", "dist": "26.571", "sigma_lov": "1.46081", "sigma_imp": "0.184", "ps": "-7.87"}, {"energy": "3.465e+00", "width": "1.3665e+02", "ip": "1.641e-09", "ts": "0", "stretch": "7.9380e+05", "date": "2052-02-15.57", "dist": "25.983", "sigma_lov": "1.46678", "sigma_imp": "0.183", "ps": "-8.37"}, {"energy": "5.745e+00", "width": "3.0837e+02", "ip": "6.953e-09", "ts": "0", "stretch": "9.8278e+04", "date": "2052-02-14.59", "dist": "50.568", "sigma_lov": "1.33272", "sigma_imp": "0.161", "ps": "-7.57"}, {"energy": "4.662e+00", "width": "1.8846e+02", "ip": "3.371e-09", "ts": "0", "stretch": "3.0947e+05", "date": "2051-02-15.00", "dist": "35.865", "sigma_lov": "1.38656", "sigma_imp": "0.185", "ps": "-7.94"}, {"energy": "9.821e+00", "width": "4.6861e+02", "ip": "6.904e-10", "ts": "0", "stretch": "7.5096e+05", "date": "2051-02-13.07", "dist": "91.350", "sigma_lov": "1.20371", "sigma_imp": "0.193", "ps": "-8.37"}, {"energy": "4.556e+00", "width": "1.8713e+02", "ip": "1.027e-09", "ts": "0", "stretch": "1.0167e+06", "date": "2050-02-14.72", "dist": "35.296", "sigma_lov": "1.39222", "sigma_imp": "0.183", "ps": "-8.46"}, {"energy": "9.089e+00", "width": "4.3644e+02", "ip": "4.319e-09", "ts": "0", "stretch": "1.2636e+05", "date": "2050-02-13.09", "dist": "84.371", "sigma_lov": "1.22186", "sigma_imp": "0.191", "ps": "-7.59"}, {"energy": "2.434e-01", "width": "6.0934e+00", "ip": "3.630e-08", "ts": "0", "stretch": "4.1901e+04", "date": "2050-02-09.03", "dist": "9.089", "sigma_lov": "2.57685", "sigma_imp": "1.328", "ps": "-7.92"}, {"energy": "2.674e-01", "width": "4.2802e+01", "ip": "1.851e-08", "ts": "0", "stretch": "9.9794e+03", "date": "2049-08-05.06", "dist": "71.486", "sigma_lov": "2.51725", "sigma_imp": "1.647", "ps": "-8.18"}, {"energy": "2.473e-01", "width": "8.2515e+00", "ip": "4.782e-07", "ts": "0", "stretch": "7.1669e+03", "date": "2049-02-13.02", "dist": "1.396", "sigma_lov": "2.56613", "sigma_imp": "0.048", "ps": "-6.79"}, {"energy": "2.717e-01", "width": "7.2352e+00", "ip": "4.139e-08", "ts": "0", "stretch": "5.3413e+04", "date": "2049-02-09.62", "dist": "8.609", "sigma_lov": "2.50920", "sigma_imp": "1.052", "ps": "-7.82"}, {"energy": "4.490e+00", "width": "2.0817e+02", "ip": "7.810e-10", "ts": "0", "stretch": "1.1980e+06", "date": "2048-02-15.08", "dist": "36.940", "sigma_lov": "1.39630", "sigma_imp": "0.173", "ps": "-8.55"}, {"energy": "1.053e+01", "width": "5.6580e+02", "ip": "1.111e-10", "ts": "0", "stretch": "3.9546e+06", "date": "2048-02-13.30", "dist": "93.625", "sigma_lov": "1.18786", "sigma_imp": "0.164", "ps": "-9.10"}, {"energy": "3.398e+00", "width": "1.7885e+02", "ip": "7.662e-10", "ts": "0", "stretch": "1.2979e+06", "date": "2048-02-15.35", "dist": "27.598", "sigma_lov": "1.47250", "sigma_imp": "0.149", "ps": "-8.66"}, {"energy": "2.767e-01", "width": "9.3066e+00", "ip": "4.440e-07", "ts": "0", "stretch": "7.9512e+03", "date": "2048-02-14.44", "dist": "0.962", "sigma_lov": "2.49985", "sigma_imp": "0.000", "ps": "-6.77"}, {"energy": "6.364e+00", "width": "2.7642e+02", "ip": "7.128e-10", "ts": "0", "stretch": "1.0975e+06", "date": "2048-02-14.61", "dist": "52.008", "sigma_lov": "1.30719", "sigma_imp": "0.185", "ps": "-8.47"}, {"energy": "1.377e+01", "width": "3.2068e+02", "ip": "3.031e-08", "ts": "0", "stretch": "2.5648e+04", "date": "2048-02-12.57", "dist": "125.344", "sigma_lov": "1.12714", "sigma_imp": "0.388", "ps": "-6.57"}, {"energy": "3.096e-01", "width": "1.0439e+01", "ip": "4.075e-07", "ts": "0", "stretch": "8.8509e+03", "date": "2047-02-14.75", "dist": "0.900", "sigma_lov": "2.43460", "sigma_imp": "0.000", "ps": "-6.75"}, {"energy": "3.430e-01", "width": "1.0122e+01", "ip": "3.617e-08", "ts": "0", "stretch": "8.4151e+04", "date": "2047-02-11.54", "dist": "8.096", "sigma_lov": "2.37721", "sigma_imp": "0.701", "ps": "-7.77"}, {"energy": "3.797e-01", "width": "6.9344e+01", "ip": "2.090e-08", "ts": "0", "stretch": "1.6949e+04", "date": "2046-08-05.81", "dist": "79.614", "sigma_lov": "2.31963", "sigma_imp": "1.134", "ps": "-7.96"}, {"energy": "3.470e-01", "width": "1.1698e+01", "ip": "3.719e-07", "ts": "0", "stretch": "9.8621e+03", "date": "2046-02-14.98", "dist": "0.837", "sigma_lov": "2.36998", "sigma_imp": "0.000", "ps": "-6.73"}, {"energy": "3.869e-01", "width": "1.1616e+01", "ip": "3.191e-08", "ts": "0", "stretch": "1.0409e+05", "date": "2046-02-11.92", "dist": "7.725", "sigma_lov": "2.31239", "sigma_imp": "0.579", "ps": "-7.76"}, {"energy": "4.291e-01", "width": "7.9323e+01", "ip": "1.947e-08", "ts": "0", "stretch": "1.9843e+04", "date": "2045-08-05.01", "dist": "83.973", "sigma_lov": "2.25506", "sigma_imp": "1.046", "ps": "-7.93"}, {"energy": "3.911e-01", "width": "1.3678e+01", "ip": "3.307e-07", "ts": "0", "stretch": "1.0757e+04", "date": "2045-02-15.15", "dist": "0.657", "sigma_lov": "2.30602", "sigma_imp": "0.000", "ps": "-6.73"}, {"energy": "4.688e-01", "width": "4.2260e+01", "ip": "2.105e-08", "ts": "0", "stretch": "5.3958e+03", "date": "2044-07-21.03", "dist": "94.413", "sigma_lov": "2.21125", "sigma_imp": "2.210", "ps": "-7.85"}, {"energy": "4.886e-01", "width": "9.0948e+01", "ip": "1.736e-08", "ts": "0", "stretch": "2.3700e+04", "date": "2044-08-05.23", "dist": "89.022", "sigma_lov": "2.19069", "sigma_imp": "0.968", "ps": "-7.92"}, {"energy": "4.418e-01", "width": "1.5564e+01", "ip": "2.989e-07", "ts": "0", "stretch": "1.1790e+04", "date": "2044-02-16.24", "dist": "0.836", "sigma_lov": "2.24248", "sigma_imp": "0.000", "ps": "-6.71"}, {"energy": "6.488e-01", "width": "6.9553e+01", "ip": "3.911e-09", "ts": "0", "stretch": "1.5437e+05", "date": "2043-07-31.64", "dist": "75.908", "sigma_lov": "2.05846", "sigma_imp": "1.077", "ps": "-8.46"}, {"energy": "5.574e-01", "width": "1.0328e+02", "ip": "1.544e-08", "ts": "0", "stretch": "2.8021e+04", "date": "2043-08-05.36", "dist": "94.224", "sigma_lov": "2.12657", "sigma_imp": "0.903", "ps": "-7.91"}, {"energy": "5.023e-01", "width": "1.7520e+01", "ip": "2.710e-07", "ts": "0", "stretch": "1.2975e+04", "date": "2043-02-16.30", "dist": "0.836", "sigma_lov": "2.17915", "sigma_imp": "0.000", "ps": "-6.70"}, {"energy": "6.098e-01", "width": "6.8672e+01", "ip": "3.722e-08", "ts": "0", "stretch": "7.4017e+03", "date": "2042-07-24.67", "dist": "112.706", "sigma_lov": "2.08557", "sigma_imp": "1.627", "ps": "-7.48"}, {"energy": "6.403e-01", "width": "1.1976e+02", "ip": "1.316e-08", "ts": "0", "stretch": "3.3300e+04", "date": "2042-08-05.18", "dist": "102.349", "sigma_lov": "2.06271", "sigma_imp": "0.846", "ps": "-7.92"}, {"energy": "7.399e-01", "width": "1.3862e+02", "ip": "1.116e-08", "ts": "0", "stretch": "3.9560e+04", "date": "2041-08-05.27", "dist": "110.628", "sigma_lov": "1.99911", "sigma_imp": "0.791", "ps": "-7.92"}, {"energy": "7.548e-01", "width": "2.6457e+01", "ip": "1.012e-08", "ts": "0", "stretch": "3.0285e+05", "date": "2041-02-13.88", "dist": "7.991", "sigma_lov": "1.99375", "sigma_imp": "0.264", "ps": "-7.95"}, {"energy": "6.582e-01", "width": "2.4555e+01", "ip": "2.035e-07", "ts": "0", "stretch": "1.5346e+04", "date": "2041-02-16.21", "dist": "1.686", "sigma_lov": "2.05307", "sigma_imp": "0.028", "ps": "-6.69"}, {"energy": "8.128e-01", "width": "1.0334e+02", "ip": "3.722e-08", "ts": "0", "stretch": "9.7333e+03", "date": "2040-07-25.94", "dist": "136.661", "sigma_lov": "1.95937", "sigma_imp": "1.313", "ps": "-7.35"}, {"energy": "7.613e-01", "width": "2.8352e+01", "ip": "1.786e-07", "ts": "0", "stretch": "1.6809e+04", "date": "2040-02-17.12", "dist": "1.950", "sigma_lov": "1.99036", "sigma_imp": "0.033", "ps": "-6.68"}, {"energy": "8.770e-01", "width": "3.1331e+01", "ip": "7.715e-09", "ts": "0", "stretch": "3.7577e+05", "date": "2040-02-14.95", "dist": "8.115", "sigma_lov": "1.93085", "sigma_imp": "0.227", "ps": "-7.99"}, {"energy": "1.202e+00", "width": "1.5294e+02", "ip": "1.390e-09", "ts": "0", "stretch": "4.2052e+05", "date": "2039-08-04.16", "dist": "106.485", "sigma_lov": "1.80582", "sigma_imp": "0.690", "ps": "-8.62"}, {"energy": "1.437e+00", "width": "1.5259e+02", "ip": "9.340e-10", "ts": "0", "stretch": "6.8651e+05", "date": "2039-08-04.81", "dist": "107.094", "sigma_lov": "1.74151", "sigma_imp": "0.695", "ps": "-8.73"}, {"energy": "9.467e-01", "width": "1.2653e+02", "ip": "3.519e-08", "ts": "0", "stretch": "1.0925e+04", "date": "2039-07-27.80", "dist": "151.000", "sigma_lov": "1.89667", "sigma_imp": "1.186", "ps": "-7.30"}, {"energy": "1.007e+00", "width": "1.8919e+02", "ip": "7.458e-09", "ts": "0", "stretch": "5.6924e+04", "date": "2039-08-05.63", "dist": "133.272", "sigma_lov": "1.87241", "sigma_imp": "0.699", "ps": "-7.95"}, {"energy": "8.841e-01", "width": "3.3706e+01", "ip": "1.530e-07", "ts": "0", "stretch": "1.8242e+04", "date": "2039-02-17.01", "dist": "2.522", "sigma_lov": "1.92791", "sigma_imp": "0.045", "ps": "-6.67"}, {"energy": "1.116e+00", "width": "1.5370e+02", "ip": "3.207e-08", "ts": "0", "stretch": "1.2185e+04", "date": "2038-07-27.83", "dist": "168.261", "sigma_lov": "1.83291", "sigma_imp": "1.088", "ps": "-7.26"}, {"energy": "1.189e+00", "width": "2.2478e+02", "ip": "6.093e-09", "ts": "0", "stretch": "6.6603e+04", "date": "2038-08-05.53", "dist": "148.237", "sigma_lov": "1.80881", "sigma_imp": "0.655", "ps": "-7.96"}, {"energy": "2.118e+00", "width": "2.3971e+02", "ip": "4.177e-10", "ts": "0", "stretch": "1.2727e+06", "date": "2037-08-05.82", "dist": "136.899", "sigma_lov": "1.61197", "sigma_imp": "0.567", "ps": "-8.90"}, {"energy": "1.728e+00", "width": "2.2840e+02", "ip": "7.788e-10", "ts": "0", "stretch": "6.4626e+05", "date": "2037-08-04.40", "dist": "135.233", "sigma_lov": "1.67796", "sigma_imp": "0.588", "ps": "-8.70"}, {"energy": "1.327e+00", "width": "1.8678e+02", "ip": "2.850e-08", "ts": "0", "stretch": "1.3618e+04", "date": "2037-07-28.26", "dist": "188.059", "sigma_lov": "1.76857", "sigma_imp": "1.001", "ps": "-7.23"}, {"energy": "1.417e+00", "width": "2.6926e+02", "ip": "4.910e-09", "ts": "0", "stretch": "7.7707e+04", "date": "2037-08-05.05", "dist": "167.021", "sigma_lov": "1.74497", "sigma_imp": "0.617", "ps": "-7.97"}, {"energy": "1.221e+00", "width": "4.8338e+01", "ip": "1.092e-07", "ts": "0", "stretch": "2.1558e+04", "date": "2037-02-16.59", "dist": "5.104", "sigma_lov": "1.80229", "sigma_imp": "0.085", "ps": "-6.67"}, {"energy": "1.447e+00", "width": "5.6429e+01", "ip": "3.046e-09", "ts": "0", "stretch": "7.1362e+05", "date": "2037-02-14.75", "dist": "11.599", "sigma_lov": "1.74093", "sigma_imp": "0.188", "ps": "-8.16"}, {"energy": "2.109e+00", "width": "2.8359e+02", "ip": "5.925e-10", "ts": "0", "stretch": "7.6826e+05", "date": "2036-08-04.65", "dist": "154.983", "sigma_lov": "1.61251", "sigma_imp": "0.543", "ps": "-8.73"}, {"energy": "1.705e+00", "width": "3.2864e+02", "ip": "3.828e-09", "ts": "0", "stretch": "9.1786e+04", "date": "2036-08-05.32", "dist": "190.005", "sigma_lov": "1.68057", "sigma_imp": "0.575", "ps": "-7.99"}, {"energy": "1.455e+00", "width": "5.8657e+01", "ip": "9.033e-08", "ts": "0", "stretch": "2.3532e+04", "date": "2036-02-17.29", "dist": "7.098", "sigma_lov": "1.73905", "sigma_imp": "0.104", "ps": "-6.67"}, {"energy": "2.622e+00", "width": "3.5242e+02", "ip": "4.813e-10", "ts": "0", "stretch": "8.4666e+05", "date": "2035-08-05.73", "dist": "181.187", "sigma_lov": "1.54534", "sigma_imp": "0.511", "ps": "-8.72"}, {"energy": "1.754e+00", "width": "7.1692e+01", "ip": "7.365e-08", "ts": "0", "stretch": "2.5810e+04", "date": "2035-02-16.90", "dist": "9.624", "sigma_lov": "1.67522", "sigma_imp": "0.120", "ps": "-6.67"}, {"energy": "2.135e+00", "width": "9.1992e+01", "ip": "1.867e-09", "ts": "0", "stretch": "8.5813e+05", "date": "2035-02-15.24", "dist": "17.672", "sigma_lov": "1.61131", "sigma_imp": "0.181", "ps": "-8.19"}, {"energy": "2.142e+00", "width": "9.0117e+01", "ip": "5.900e-08", "ts": "0", "stretch": "2.7981e+04", "date": "2034-02-16.44", "dist": "13.107", "sigma_lov": "1.61017", "sigma_imp": "0.134", "ps": "-6.67"}, {"energy": "2.661e+00", "width": "1.1466e+02", "ip": "4.617e-08", "ts": "0", "stretch": "3.0648e+04", "date": "2033-02-15.85", "dist": "18.214", "sigma_lov": "1.54342", "sigma_imp": "0.150", "ps": "-6.67"}, {"energy": "3.385e+00", "width": "1.4982e+02", "ip": "3.551e-08", "ts": "0", "stretch": "3.3317e+04", "date": "2032-02-16.20", "dist": "25.039", "sigma_lov": "1.47373", "sigma_imp": "0.160", "ps": "-6.68"}, {"energy": "4.458e+00", "width": "2.0427e+02", "ip": "2.640e-08", "ts": "0", "stretch": "3.6059e+04", "date": "2031-02-15.42", "dist": "35.405", "sigma_lov": "1.39814", "sigma_imp": "0.168", "ps": "-6.68"}, {"energy": "6.251e+00", "width": "2.9695e+02", "ip": "1.827e-08", "ts": "0", "stretch": "3.9689e+04", "date": "2030-02-14.36", "dist": "53.903", "sigma_lov": "1.31176", "sigma_imp": "0.178", "ps": "-6.69"}, {"energy": "1.043e+01", "width": "5.1108e+02", "ip": "1.076e-08", "ts": "0", "stretch": "4.4887e+04", "date": "2029-02-12.69", "dist": "97.275", "sigma_lov": "1.18978", "sigma_imp": "0.188", "ps": "-6.70"}, {"energy": "1.379e+00", "width": "7.4175e+02", "ip": "1.376e-09", "ts": "0", "stretch": "1.1967e+05", "date": "2117-02-16.52", "dist": "19.949", "sigma_lov": "1.75794", "sigma_imp": "0.026", "ps": "-9.23"}, {"energy": "1.263e+01", "width": "7.5687e+02", "ip": "1.978e-10", "ts": "0", "stretch": "1.7452e+06", "date": "2116-02-13.50", "dist": "100.890", "sigma_lov": "1.14667", "sigma_imp": "0.132", "ps": "-9.29"}, {"energy": "1.272e+01", "width": "7.4804e+02", "ip": "5.458e-10", "ts": "0", "stretch": "6.4046e+05", "date": "2116-02-13.49", "dist": "101.673", "sigma_lov": "1.14531", "sigma_imp": "0.135", "ps": "-8.85"}, {"energy": "1.333e+01", "width": "2.2574e+02", "ip": "1.055e-09", "ts": "0", "stretch": "9.9638e+05", "date": "2116-02-13.31", "dist": "109.474", "sigma_lov": "1.13454", "sigma_imp": "0.481", "ps": "-8.55"}, {"energy": "8.502e+00", "width": "3.5533e+02", "ip": "2.696e-09", "ts": "0", "stretch": "2.4359e+05", "date": "2110-02-13.75", "dist": "73.926", "sigma_lov": "1.23744", "sigma_imp": "0.205", "ps": "-8.27"}, {"energy": "1.724e+01", "width": "5.1346e+02", "ip": "1.005e-10", "ts": "0", "stretch": "5.2487e+06", "date": "2109-02-11.78", "dist": "154.617", "sigma_lov": "1.07786", "sigma_imp": "0.299", "ps": "-9.45"}]}