{"summary": {"energy": "3.173e+01", "darc": "1.0847 days", "ip": "2.783641e-07", "h": "22.50", "nobs": "18", "mass": "1.67e+09", "v_inf": "5.98", "first_obs": "2010-Dec-14.13028", "method": "LOV", "pdate": "2017-04-07 20:52:51", "ndop": "0", "cdate": "2017-04-07 20:52:51", "ps_cum": "-5.16", "diameter": "0.11", "ndel": "0", "v_imp": "12.65", "ps_max": "-5.96", "last_obs": "2010-Dec-15.21496", "fullname": "(2010 XB73)", "n_imp": "50", "ts_max": "0", "nsat": "0", "des": "2010 XB73"}, "signature": {"source": "NASA/JPL Sentry Data API", "version": "1.1"}, "data": [{"energy": "3.180e+01", "width": "3.6583e+01", "ip": "1.254e-08", "ts": "0", "stretch": "3.6586e+05", "date": "2110-05-30.27", "dist": "25.712", "sigma_lov": "-1.29751", "sigma_imp": "0.676", "ps": "-7.15"}, {"energy": "3.154e+01", "width": "7.7793e+01", "ip": "2.348e-10", "ts": "0", "stretch": "4.3450e+06", "date": "2107-06-09.50", "dist": "114.325", "sigma_lov": "-1.23120", "sigma_imp": "1.457", "ps": "-8.86"}, {"energy": "3.191e+01", "width": "5.6296e+01", "ip": "1.639e-10", "ts": "0", "stretch": "8.8305e+06", "date": "2095-05-26.19", "dist": "77.022", "sigma_lov": "-1.32338", "sigma_imp": "1.350", "ps": "-8.95"}, {"energy": "3.193e+01", "width": "4.1800e+01", "ip": "1.113e-10", "ts": "0", "stretch": "4.0554e+06", "date": "2095-05-25.41", "dist": "91.369", "sigma_lov": "-1.33100", "sigma_imp": "2.162", "ps": "-9.12"}, {"energy": "3.161e+01", "width": "3.5154e+01", "ip": "1.162e-10", "ts": "0", "stretch": "3.5395e+06", "date": "2094-06-05.98", "dist": "82.698", "sigma_lov": "-1.24445", "sigma_imp": "2.324", "ps": "-9.10"}, {"energy": "3.164e+01", "width": "3.8622e+01", "ip": "1.576e-09", "ts": "0", "stretch": "9.4611e+05", "date": "2083-06-05.17", "dist": "64.054", "sigma_lov": "-1.25200", "sigma_imp": "1.633", "ps": "-7.90"}, {"energy": "3.171e+01", "width": "4.5071e+01", "ip": "4.702e-10", "ts": "0", "stretch": "8.1848e+06", "date": "2078-06-02.46", "dist": "31.976", "sigma_lov": "-1.26884", "sigma_imp": "0.687", "ps": "-8.39"}, {"energy": "3.183e+01", "width": "2.7279e+01", "ip": "2.821e-10", "ts": "0", "stretch": "1.4359e+06", "date": "2077-05-26.66", "dist": "66.213", "sigma_lov": "-1.31473", "sigma_imp": "2.391", "ps": "-8.60"}, {"energy": "3.184e+01", "width": "6.1323e+01", "ip": "8.907e-10", "ts": "0", "stretch": "2.0459e+06", "date": "2077-05-26.50", "dist": "68.787", "sigma_lov": "-1.31631", "sigma_imp": "1.105", "ps": "-8.10"}, {"energy": "3.158e+01", "width": "3.5974e+01", "ip": "1.801e-10", "ts": "0", "stretch": "4.6354e+06", "date": "2076-06-05.07", "dist": "72.536", "sigma_lov": "-1.24687", "sigma_imp": "1.989", "ps": "-8.79"}, {"energy": "3.189e+01", "width": "5.5380e+01", "ip": "6.297e-10", "ts": "0", "stretch": "2.6917e+06", "date": "2076-05-26.00", "dist": "70.079", "sigma_lov": "-1.31853", "sigma_imp": "1.247", "ps": "-8.25"}, {"energy": "3.189e+01", "width": "5.8631e+01", "ip": "4.625e-10", "ts": "0", "stretch": "3.5533e+06", "date": "2076-05-25.85", "dist": "72.990", "sigma_lov": "-1.31817", "sigma_imp": "1.228", "ps": "-8.38"}, {"energy": "3.179e+01", "width": "3.5092e+01", "ip": "2.889e-09", "ts": "0", "stretch": "1.5932e+06", "date": "2074-05-29.40", "dist": "26.548", "sigma_lov": "-1.29681", "sigma_imp": "0.728", "ps": "-7.57"}, {"energy": "3.167e+01", "width": "4.5324e+01", "ip": "8.338e-10", "ts": "0", "stretch": "4.4354e+06", "date": "2071-06-02.86", "dist": "34.201", "sigma_lov": "-1.26924", "sigma_imp": "0.733", "ps": "-8.09"}, {"energy": "3.164e+01", "width": "3.7278e+01", "ip": "6.392e-10", "ts": "0", "stretch": "3.0138e+06", "date": "2069-06-04.16", "dist": "56.501", "sigma_lov": "-1.25643", "sigma_imp": "1.489", "ps": "-8.19"}, {"energy": "3.181e+01", "width": "4.0762e+01", "ip": "6.934e-09", "ts": "0", "stretch": "6.3433e+05", "date": "2067-05-29.82", "dist": "24.643", "sigma_lov": "-1.29618", "sigma_imp": "0.580", "ps": "-7.13"}, {"energy": "3.154e+01", "width": "5.1174e+01", "ip": "6.804e-10", "ts": "0", "stretch": "7.4821e+05", "date": "2061-06-08.01", "dist": "107.218", "sigma_lov": "-1.23068", "sigma_imp": "2.076", "ps": "-8.09"}, {"energy": "3.154e+01", "width": "3.0708e+01", "ip": "1.091e-10", "ts": "0", "stretch": "2.5973e+05", "date": "2061-06-07.67", "dist": "102.698", "sigma_lov": "-1.23296", "sigma_imp": "3.312", "ps": "-8.89"}, {"energy": "3.179e+01", "width": "4.9439e+01", "ip": "8.288e-10", "ts": "0", "stretch": "4.6355e+06", "date": "2060-05-29.00", "dist": "24.834", "sigma_lov": "-1.29525", "sigma_imp": "0.482", "ps": "-7.99"}, {"energy": "3.165e+01", "width": "5.1391e+01", "ip": "1.135e-09", "ts": "0", "stretch": "2.5386e+06", "date": "2057-06-03.35", "dist": "47.088", "sigma_lov": "-1.26078", "sigma_imp": "0.897", "ps": "-7.83"}, {"energy": "3.167e+01", "width": "3.1900e+01", "ip": "9.282e-09", "ts": "0", "stretch": "3.6256e+05", "date": "2057-06-02.84", "dist": "38.747", "sigma_lov": "-1.26348", "sigma_imp": "1.183", "ps": "-6.91"}, {"energy": "3.167e+01", "width": "4.4095e+01", "ip": "1.201e-08", "ts": "0", "stretch": "3.0978e+05", "date": "2057-06-02.66", "dist": "34.804", "sigma_lov": "-1.26481", "sigma_imp": "0.767", "ps": "-6.80"}, {"energy": "3.166e+01", "width": "3.8113e+01", "ip": "5.503e-09", "ts": "0", "stretch": "3.7064e+05", "date": "2056-06-03.97", "dist": "55.764", "sigma_lov": "-1.25572", "sigma_imp": "1.437", "ps": "-7.13"}, {"energy": "3.188e+01", "width": "4.2377e+01", "ip": "1.763e-10", "ts": "0", "stretch": "1.7251e+06", "date": "2056-05-24.38", "dist": "99.757", "sigma_lov": "-1.33025", "sigma_imp": "2.330", "ps": "-8.62"}, {"energy": "3.187e+01", "width": "6.3707e+01", "ip": "1.285e-08", "ts": "0", "stretch": "1.5958e+05", "date": "2054-05-27.14", "dist": "62.320", "sigma_lov": "-1.31193", "sigma_imp": "0.963", "ps": "-6.74"}, {"energy": "3.185e+01", "width": "2.7143e+01", "ip": "5.145e-09", "ts": "0", "stretch": "9.3598e+04", "date": "2054-05-27.08", "dist": "64.011", "sigma_lov": "-1.31249", "sigma_imp": "2.321", "ps": "-7.13"}, {"energy": "3.188e+01", "width": "5.4479e+01", "ip": "4.438e-09", "ts": "0", "stretch": "3.4531e+05", "date": "2054-05-26.50", "dist": "73.866", "sigma_lov": "-1.31737", "sigma_imp": "1.338", "ps": "-7.20"}, {"energy": "3.158e+01", "width": "3.8830e+01", "ip": "3.832e-09", "ts": "0", "stretch": "2.8450e+05", "date": "2049-06-05.38", "dist": "71.395", "sigma_lov": "-1.24604", "sigma_imp": "1.813", "ps": "-7.20"}, {"energy": "3.158e+01", "width": "3.9686e+01", "ip": "1.504e-09", "ts": "0", "stretch": "9.1151e+05", "date": "2049-06-05.12", "dist": "67.262", "sigma_lov": "-1.24846", "sigma_imp": "1.670", "ps": "-7.61"}, {"energy": "3.186e+01", "width": "6.0903e+01", "ip": "7.657e-10", "ts": "0", "stretch": "1.6150e+06", "date": "2048-05-25.13", "dist": "86.732", "sigma_lov": "-1.32367", "sigma_imp": "1.408", "ps": "-7.88"}, {"energy": "3.187e+01", "width": "4.2814e+01", "ip": "1.676e-09", "ts": "0", "stretch": "1.9647e+05", "date": "2048-05-24.46", "dist": "99.171", "sigma_lov": "-1.32932", "sigma_imp": "2.293", "ps": "-7.54"}, {"energy": "3.189e+01", "width": "4.7030e+01", "ip": "2.906e-10", "ts": "0", "stretch": "1.1064e+06", "date": "2048-05-23.97", "dist": "107.356", "sigma_lov": "-1.33462", "sigma_imp": "2.261", "ps": "-8.30"}, {"energy": "3.151e+01", "width": "4.2574e+01", "ip": "1.981e-10", "ts": "0", "stretch": "6.6009e+05", "date": "2047-06-09.31", "dist": "116.510", "sigma_lov": "-1.22550", "sigma_imp": "2.713", "ps": "-8.46"}, {"energy": "3.169e+01", "width": "4.0606e+01", "ip": "5.594e-08", "ts": "0", "stretch": "8.8944e+04", "date": "2044-06-01.39", "dist": "17.485", "sigma_lov": "-1.27334", "sigma_imp": "0.406", "ps": "-5.96"}, {"energy": "3.168e+01", "width": "4.3377e+01", "ip": "4.425e-08", "ts": "0", "stretch": "1.0591e+05", "date": "2044-06-01.43", "dist": "18.082", "sigma_lov": "-1.27295", "sigma_imp": "0.394", "ps": "-6.06"}, {"energy": "3.182e+01", "width": "4.4244e+01", "ip": "5.023e-09", "ts": "0", "stretch": "3.7301e+05", "date": "2039-05-27.72", "dist": "60.556", "sigma_lov": "-1.30963", "sigma_imp": "1.346", "ps": "-6.92"}, {"energy": "3.185e+01", "width": "5.3542e+01", "ip": "6.289e-10", "ts": "0", "stretch": "2.0799e+06", "date": "2039-05-26.51", "dist": "79.146", "sigma_lov": "-1.31925", "sigma_imp": "1.460", "ps": "-7.82"}, {"energy": "3.179e+01", "width": "4.4008e+01", "ip": "1.335e-08", "ts": "0", "stretch": "3.2656e+05", "date": "2038-05-29.94", "dist": "21.815", "sigma_lov": "-1.28985", "sigma_imp": "0.473", "ps": "-6.47"}, {"energy": "3.180e+01", "width": "4.5254e+01", "ip": "3.031e-09", "ts": "0", "stretch": "1.3141e+06", "date": "2038-05-29.61", "dist": "27.317", "sigma_lov": "-1.29259", "sigma_imp": "0.582", "ps": "-7.12"}, {"energy": "3.172e+01", "width": "4.2033e+01", "ip": "1.261e-08", "ts": "0", "stretch": "3.6875e+05", "date": "2037-06-01.92", "dist": "21.278", "sigma_lov": "-1.27128", "sigma_imp": "0.482", "ps": "-6.48"}, {"energy": "3.159e+01", "width": "4.0056e+01", "ip": "3.920e-09", "ts": "0", "stretch": "4.0357e+05", "date": "2036-06-04.73", "dist": "64.148", "sigma_lov": "-1.24960", "sigma_imp": "1.576", "ps": "-6.97"}, {"energy": "3.194e+01", "width": "4.8458e+01", "ip": "3.567e-10", "ts": "0", "stretch": "7.0269e+05", "date": "2033-05-23.82", "dist": "115.095", "sigma_lov": "-1.33735", "sigma_imp": "2.355", "ps": "-7.93"}, {"energy": "3.194e+01", "width": "4.6763e+01", "ip": "6.209e-10", "ts": "0", "stretch": "2.6297e+05", "date": "2033-05-23.55", "dist": "119.791", "sigma_lov": "-1.34012", "sigma_imp": "2.540", "ps": "-7.69"}, {"energy": "3.176e+01", "width": "4.4869e+01", "ip": "1.167e-08", "ts": "0", "stretch": "3.3653e+05", "date": "2031-05-29.85", "dist": "28.598", "sigma_lov": "-1.29348", "sigma_imp": "0.615", "ps": "-6.36"}, {"energy": "3.167e+01", "width": "4.2498e+01", "ip": "1.170e-08", "ts": "0", "stretch": "3.5669e+05", "date": "2030-06-02.71", "dist": "28.879", "sigma_lov": "-1.26714", "sigma_imp": "0.656", "ps": "-6.33"}, {"energy": "3.152e+01", "width": "4.7422e+01", "ip": "6.234e-10", "ts": "0", "stretch": "6.5159e+05", "date": "2029-06-08.19", "dist": "105.995", "sigma_lov": "-1.22976", "sigma_imp": "2.214", "ps": "-7.57"}, {"energy": "3.156e+01", "width": "3.7244e+01", "ip": "1.140e-09", "ts": "0", "stretch": "2.3207e+05", "date": "2029-06-07.24", "dist": "93.631", "sigma_lov": "-1.23627", "sigma_imp": "2.487", "ps": "-7.31"}, {"energy": "3.191e+01", "width": "4.8513e+01", "ip": "9.727e-10", "ts": "0", "stretch": "2.8211e+05", "date": "2025-05-23.97", "dist": "113.371", "sigma_lov": "-1.33604", "sigma_imp": "2.316", "ps": "-7.20"}, {"energy": "3.182e+01", "width": "4.6569e+01", "ip": "1.143e-08", "ts": "0", "stretch": "2.7104e+05", "date": "2024-05-28.33", "dist": "41.410", "sigma_lov": "-1.30008", "sigma_imp": "0.868", "ps": "-6.07"}, {"energy": "3.166e+01", "width": "4.3232e+01", "ip": "1.172e-08", "ts": "0", "stretch": "2.5219e+05", "date": "2023-06-04.21", "dist": "46.160", "sigma_lov": "-1.25853", "sigma_imp": "1.045", "ps": "-6.00"}]}