{"summary": {"energy": "1.860e-01", "darc": "1.5938 days", "ip": "5.66785799e-05", "h": "26.78", "nobs": "62", "mass": "4.52e+06", "v_inf": "14.87", "first_obs": "2010-May-15.59303", "method": "LOV", "pdate": "2017-04-11 10:16:22", "ndop": "0", "cdate": "2017-04-11 10:16:22", "ps_cum": "-5.19", "diameter": "0.015", "ndel": "0", "v_imp": "18.58", "ps_max": "-5.87", "last_obs": "2010-May-17.18681", "fullname": "(2010 JL88)", "n_imp": "82", "ts_max": "0", "nsat": "0", "des": "2010 JL88"}, "signature": {"source": "NASA/JPL Sentry Data API", "version": "1.1"}, "data": [{"energy": "1.855e-01", "width": "7.8568e-03", "ip": "1.197e-07", "ts": "0", "stretch": "1.5639e+06", "date": "2116-11-06.54", "dist": "0.924", "sigma_lov": "0.98958", "sigma_imp": "0.000", "ps": "-7.98"}, {"energy": "1.851e-01", "width": "1.3889e-02", "ip": "1.093e-07", "ts": "0", "stretch": "7.7550e+05", "date": "2116-05-18.50", "dist": "0.924", "sigma_lov": "1.60009", "sigma_imp": "0.000", "ps": "-8.02"}, {"energy": "1.853e-01", "width": "0.0000e+00", "ip": "2.275e-08", "ts": "0", "stretch": "5.2396e+06", "date": "2116-05-17.21", "dist": "0.973", "sigma_lov": "0.92593", "sigma_imp": "0.000", "ps": "-8.70"}, {"energy": "1.860e-01", "width": "4.4445e-02", "ip": "4.479e-08", "ts": "0", "stretch": "1.6410e+07", "date": "2115-05-21.58", "dist": "0.092", "sigma_lov": "0.39406", "sigma_imp": "0.000", "ps": "-8.40"}, {"energy": "1.859e-01", "width": "0.0000e+00", "ip": "1.120e-07", "ts": "0", "stretch": "5.5974e+06", "date": "2115-05-21.62", "dist": "0.529", "sigma_lov": "0.39335", "sigma_imp": "0.000", "ps": "-8.00"}, {"energy": "1.860e-01", "width": "1.1111e-02", "ip": "1.758e-07", "ts": "0", "stretch": "4.1441e+06", "date": "2115-05-21.61", "dist": "0.154", "sigma_lov": "0.39736", "sigma_imp": "0.000", "ps": "-7.81"}, {"energy": "1.860e-01", "width": "6.2854e-02", "ip": "5.051e-08", "ts": "0", "stretch": "1.4057e+07", "date": "2115-05-21.58", "dist": "0.266", "sigma_lov": "0.39644", "sigma_imp": "0.000", "ps": "-8.35"}, {"energy": "1.860e-01", "width": "0.0000e+00", "ip": "4.166e-07", "ts": "0", "stretch": "8.8250e+05", "date": "2114-05-16.90", "dist": "0.572", "sigma_lov": "-1.07540", "sigma_imp": "0.000", "ps": "-7.43"}, {"energy": "1.860e-01", "width": "7.8568e-03", "ip": "3.101e-07", "ts": "0", "stretch": "1.1108e+06", "date": "2114-05-16.91", "dist": "0.601", "sigma_lov": "-1.11129", "sigma_imp": "0.000", "ps": "-7.56"}, {"energy": "1.850e-01", "width": "2.7778e-03", "ip": "2.998e-07", "ts": "0", "stretch": "6.2910e+05", "date": "2113-05-18.91", "dist": "0.327", "sigma_lov": "1.66567", "sigma_imp": "0.000", "ps": "-7.57"}, {"energy": "1.851e-01", "width": "0.0000e+00", "ip": "4.030e-07", "ts": "0", "stretch": "6.3556e+05", "date": "2113-05-18.88", "dist": "0.049", "sigma_lov": "1.50759", "sigma_imp": "0.000", "ps": "-7.44"}, {"energy": "1.853e-01", "width": "1.5714e-02", "ip": "2.445e-08", "ts": "0", "stretch": "4.2816e+06", "date": "2113-05-18.23", "dist": "0.936", "sigma_lov": "1.39841", "sigma_imp": "0.000", "ps": "-8.66"}, {"energy": "1.863e-01", "width": "0.0000e+00", "ip": "5.995e-08", "ts": "0", "stretch": "4.3898e+06", "date": "2111-11-07.15", "dist": "0.775", "sigma_lov": "-1.14161", "sigma_imp": "0.000", "ps": "-8.26"}, {"energy": "1.865e-01", "width": "0.0000e+00", "ip": "8.894e-08", "ts": "0", "stretch": "5.1270e+06", "date": "2111-11-07.21", "dist": "0.274", "sigma_lov": "-1.02461", "sigma_imp": "0.000", "ps": "-8.09"}, {"energy": "1.864e-01", "width": "0.0000e+00", "ip": "4.128e-07", "ts": "0", "stretch": "6.0537e+05", "date": "2111-05-20.46", "dist": "0.487", "sigma_lov": "-1.43410", "sigma_imp": "0.000", "ps": "-7.42"}, {"energy": "1.867e-01", "width": "3.1057e-03", "ip": "7.302e-07", "ts": "0", "stretch": "2.9266e+05", "date": "2109-05-19.26", "dist": "0.727", "sigma_lov": "-1.37398", "sigma_imp": "0.000", "ps": "-7.16"}, {"energy": "1.868e-01", "width": "2.3805e-03", "ip": "2.254e-06", "ts": "0", "stretch": "1.3140e+05", "date": "2109-05-19.29", "dist": "0.291", "sigma_lov": "-1.37777", "sigma_imp": "0.000", "ps": "-6.67"}, {"energy": "1.863e-01", "width": "2.4056e-03", "ip": "3.475e-06", "ts": "0", "stretch": "1.0968e+05", "date": "2109-05-16.53", "dist": "0.534", "sigma_lov": "-1.07013", "sigma_imp": "0.000", "ps": "-6.48"}, {"energy": "1.863e-01", "width": "1.6652e-03", "ip": "4.850e-06", "ts": "0", "stretch": "9.2584e+04", "date": "2109-05-16.54", "dist": "0.037", "sigma_lov": "-1.07320", "sigma_imp": "0.000", "ps": "-6.34"}, {"energy": "1.864e-01", "width": "7.6704e-03", "ip": "3.519e-06", "ts": "0", "stretch": "1.2187e+05", "date": "2109-05-16.56", "dist": "0.080", "sigma_lov": "-1.11299", "sigma_imp": "0.000", "ps": "-6.48"}, {"energy": "1.863e-01", "width": "7.6861e-03", "ip": "2.496e-06", "ts": "0", "stretch": "1.5001e+05", "date": "2109-05-16.55", "dist": "0.488", "sigma_lov": "-1.11540", "sigma_imp": "0.000", "ps": "-6.63"}, {"energy": "1.860e-01", "width": "0.0000e+00", "ip": "1.745e-07", "ts": "0", "stretch": "2.0870e+06", "date": "2108-05-17.98", "dist": "0.647", "sigma_lov": "-1.01507", "sigma_imp": "0.000", "ps": "-7.78"}, {"energy": "1.851e-01", "width": "1.2028e-03", "ip": "6.147e-07", "ts": "0", "stretch": "2.5576e+05", "date": "2108-05-18.36", "dist": "0.284", "sigma_lov": "1.78005", "sigma_imp": "0.000", "ps": "-7.23"}, {"energy": "1.859e-01", "width": "1.1111e-02", "ip": "1.545e-07", "ts": "0", "stretch": "3.1239e+06", "date": "2108-05-17.66", "dist": "0.202", "sigma_lov": "-0.98299", "sigma_imp": "0.000", "ps": "-7.83"}, {"energy": "1.850e-01", "width": "3.1427e-02", "ip": "5.258e-08", "ts": "0", "stretch": "5.6029e+06", "date": "2107-11-06.60", "dist": "0.851", "sigma_lov": "0.83033", "sigma_imp": "0.000", "ps": "-8.30"}, {"energy": "1.855e-01", "width": "0.0000e+00", "ip": "7.225e-08", "ts": "0", "stretch": "5.0778e+06", "date": "2106-05-18.14", "dist": "0.685", "sigma_lov": "0.96061", "sigma_imp": "0.000", "ps": "-8.15"}, {"energy": "1.850e-01", "width": "3.9284e-03", "ip": "1.090e-07", "ts": "0", "stretch": "1.1121e+06", "date": "2105-05-19.24", "dist": "0.191", "sigma_lov": "1.93292", "sigma_imp": "0.000", "ps": "-7.97"}, {"energy": "1.850e-01", "width": "1.9642e-03", "ip": "1.678e-07", "ts": "0", "stretch": "6.6957e+05", "date": "2105-05-19.17", "dist": "0.418", "sigma_lov": "1.93220", "sigma_imp": "0.000", "ps": "-7.78"}, {"energy": "1.856e-01", "width": "0.0000e+00", "ip": "2.559e-07", "ts": "0", "stretch": "1.9385e+06", "date": "2104-11-05.70", "dist": "0.421", "sigma_lov": "0.86959", "sigma_imp": "0.000", "ps": "-7.60"}, {"energy": "1.856e-01", "width": "5.5556e-03", "ip": "7.069e-07", "ts": "0", "stretch": "7.6288e+05", "date": "2104-11-05.75", "dist": "0.171", "sigma_lov": "0.86836", "sigma_imp": "0.000", "ps": "-7.16"}, {"energy": "1.856e-01", "width": "0.0000e+00", "ip": "2.524e-07", "ts": "0", "stretch": "1.8029e+06", "date": "2104-11-05.72", "dist": "0.557", "sigma_lov": "0.86782", "sigma_imp": "0.000", "ps": "-7.60"}, {"energy": "1.852e-01", "width": "3.1586e-03", "ip": "4.423e-07", "ts": "0", "stretch": "4.9186e+04", "date": "2103-11-06.72", "dist": "0.127", "sigma_lov": "2.68300", "sigma_imp": "0.000", "ps": "-7.35"}, {"energy": "1.862e-01", "width": "5.4433e-02", "ip": "5.051e-08", "ts": "0", "stretch": "9.8550e+06", "date": "2103-11-08.04", "dist": "0.772", "sigma_lov": "-0.13610", "sigma_imp": "0.000", "ps": "-8.30"}, {"energy": "1.855e-01", "width": "4.4445e-02", "ip": "1.994e-08", "ts": "0", "stretch": "1.6383e+07", "date": "2103-05-19.00", "dist": "0.069", "sigma_lov": "1.33470", "sigma_imp": "0.000", "ps": "-8.70"}, {"energy": "1.860e-01", "width": "7.5676e-04", "ip": "7.945e-06", "ts": "0", "stretch": "5.7384e+04", "date": "2103-05-18.38", "dist": "0.376", "sigma_lov": "-0.98472", "sigma_imp": "0.000", "ps": "-6.10"}, {"energy": "1.861e-01", "width": "7.1498e-03", "ip": "2.495e-06", "ts": "0", "stretch": "1.5564e+05", "date": "2103-05-18.46", "dist": "0.308", "sigma_lov": "-1.15941", "sigma_imp": "0.000", "ps": "-6.60"}, {"energy": "1.853e-01", "width": "0.0000e+00", "ip": "8.621e-09", "ts": "0", "stretch": "3.5526e+07", "date": "2102-11-06.25", "dist": "0.856", "sigma_lov": "0.77657", "sigma_imp": "0.000", "ps": "-9.06"}, {"energy": "1.862e-01", "width": "0.0000e+00", "ip": "7.038e-09", "ts": "0", "stretch": "2.4152e+07", "date": "2102-05-19.43", "dist": "0.831", "sigma_lov": "-1.39852", "sigma_imp": "0.000", "ps": "-9.14"}, {"energy": "1.863e-01", "width": "1.0758e-02", "ip": "7.239e-10", "ts": "0", "stretch": "7.1861e+05", "date": "2102-05-16.57", "dist": "1.021", "sigma_lov": "-1.50608", "sigma_imp": "1.961", "ps": "-10.1"}, {"energy": "1.863e-01", "width": "0.0000e+00", "ip": "2.974e-08", "ts": "0", "stretch": "4.7880e+06", "date": "2097-05-17.62", "dist": "0.905", "sigma_lov": "-1.32113", "sigma_imp": "0.000", "ps": "-8.49"}, {"energy": "1.864e-01", "width": "3.1427e-02", "ip": "3.176e-08", "ts": "0", "stretch": "9.1887e+06", "date": "2097-05-17.65", "dist": "0.454", "sigma_lov": "-1.33586", "sigma_imp": "0.000", "ps": "-8.46"}, {"energy": "1.853e-01", "width": "0.0000e+00", "ip": "1.406e-08", "ts": "0", "stretch": "6.6168e+06", "date": "2096-05-17.24", "dist": "0.836", "sigma_lov": "1.76170", "sigma_imp": "0.000", "ps": "-8.81"}, {"energy": "1.855e-01", "width": "0.0000e+00", "ip": "2.017e-08", "ts": "0", "stretch": "1.4360e+07", "date": "2096-05-17.17", "dist": "0.135", "sigma_lov": "1.41842", "sigma_imp": "0.000", "ps": "-8.66"}, {"energy": "1.856e-01", "width": "0.0000e+00", "ip": "2.758e-07", "ts": "0", "stretch": "1.8072e+06", "date": "2096-05-17.07", "dist": "0.114", "sigma_lov": "0.96372", "sigma_imp": "0.000", "ps": "-7.52"}, {"energy": "1.861e-01", "width": "1.5714e-02", "ip": "2.865e-08", "ts": "0", "stretch": "4.1513e+06", "date": "2096-05-16.17", "dist": "0.965", "sigma_lov": "-1.03650", "sigma_imp": "0.000", "ps": "-8.50"}, {"energy": "1.859e-01", "width": "3.6747e-03", "ip": "3.102e-06", "ts": "0", "stretch": "2.5593e+05", "date": "2093-11-05.58", "dist": "0.084", "sigma_lov": "-0.05663", "sigma_imp": "0.000", "ps": "-6.45"}, {"energy": "1.854e-01", "width": "2.7778e-03", "ip": "2.905e-07", "ts": "0", "stretch": "8.2027e+05", "date": "2091-05-17.85", "dist": "0.579", "sigma_lov": "1.41821", "sigma_imp": "0.000", "ps": "-7.47"}, {"energy": "1.844e-01", "width": "0.0000e+00", "ip": "9.930e-08", "ts": "0", "stretch": "9.3378e+04", "date": "2091-05-17.93", "dist": "0.610", "sigma_lov": "2.90790", "sigma_imp": "0.000", "ps": "-7.94"}, {"energy": "1.844e-01", "width": "1.0123e-03", "ip": "1.377e-07", "ts": "0", "stretch": "8.1742e+04", "date": "2091-05-17.99", "dist": "0.669", "sigma_lov": "2.81788", "sigma_imp": "0.000", "ps": "-7.80"}, {"energy": "1.861e-01", "width": "2.2222e-02", "ip": "6.698e-08", "ts": "0", "stretch": "6.5179e+06", "date": "2091-05-16.90", "dist": "0.361", "sigma_lov": "-1.03446", "sigma_imp": "0.000", "ps": "-8.11"}, {"energy": "1.860e-01", "width": "0.0000e+00", "ip": "1.047e-07", "ts": "0", "stretch": "9.5008e+05", "date": "2091-05-16.86", "dist": "0.977", "sigma_lov": "-1.03616", "sigma_imp": "0.000", "ps": "-7.91"}, {"energy": "1.858e-01", "width": "6.2854e-02", "ip": "5.837e-08", "ts": "0", "stretch": "1.2680e+07", "date": "2091-05-17.54", "dist": "0.473", "sigma_lov": "0.06768", "sigma_imp": "0.000", "ps": "-8.17"}, {"energy": "1.852e-01", "width": "1.9245e-02", "ip": "3.463e-08", "ts": "0", "stretch": "3.6871e+06", "date": "2088-05-17.25", "dist": "0.412", "sigma_lov": "1.86619", "sigma_imp": "0.000", "ps": "-8.38"}, {"energy": "1.856e-01", "width": "0.0000e+00", "ip": "1.307e-08", "ts": "0", "stretch": "3.4754e+07", "date": "2086-05-18.57", "dist": "0.798", "sigma_lov": "0.35181", "sigma_imp": "0.000", "ps": "-8.79"}, {"energy": "1.861e-01", "width": "4.8113e-03", "ip": "5.720e-07", "ts": "0", "stretch": "7.7165e+05", "date": "2086-05-16.62", "dist": "0.333", "sigma_lov": "-1.03416", "sigma_imp": "0.000", "ps": "-7.14"}, {"energy": "1.862e-01", "width": "0.0000e+00", "ip": "2.854e-07", "ts": "0", "stretch": "1.4655e+06", "date": "2086-05-16.66", "dist": "0.015", "sigma_lov": "-1.13792", "sigma_imp": "0.000", "ps": "-7.45"}, {"energy": "1.857e-01", "width": "7.8568e-03", "ip": "3.354e-07", "ts": "0", "stretch": "1.4136e+06", "date": "2085-11-05.06", "dist": "0.694", "sigma_lov": "0.62005", "sigma_imp": "0.000", "ps": "-7.37"}, {"energy": "1.866e-01", "width": "8.8889e-02", "ip": "2.306e-09", "ts": "0", "stretch": "2.4980e+07", "date": "2083-05-18.75", "dist": "0.126", "sigma_lov": "-2.29064", "sigma_imp": "0.000", "ps": "-9.52"}, {"energy": "1.867e-01", "width": "1.2571e-01", "ip": "1.331e-09", "ts": "0", "stretch": "4.1832e+07", "date": "2083-05-18.70", "dist": "0.106", "sigma_lov": "-2.30512", "sigma_imp": "0.000", "ps": "-9.76"}, {"energy": "1.858e-01", "width": "4.2063e-03", "ip": "1.021e-05", "ts": "0", "stretch": "5.9798e+04", "date": "2082-05-18.89", "dist": "0.353", "sigma_lov": "0.63381", "sigma_imp": "0.000", "ps": "-5.87"}, {"energy": "1.869e-01", "width": "1.5714e-02", "ip": "1.163e-08", "ts": "0", "stretch": "3.7585e+06", "date": "2082-05-17.76", "dist": "0.172", "sigma_lov": "-2.40666", "sigma_imp": "0.000", "ps": "-8.81"}, {"energy": "1.859e-01", "width": "0.0000e+00", "ip": "5.553e-08", "ts": "0", "stretch": "7.5897e+06", "date": "2081-11-04.94", "dist": "0.200", "sigma_lov": "1.11206", "sigma_imp": "0.000", "ps": "-8.13"}, {"energy": "1.859e-01", "width": "6.8042e-03", "ip": "2.257e-07", "ts": "0", "stretch": "1.1085e+06", "date": "2081-05-16.41", "dist": "0.800", "sigma_lov": "-1.14043", "sigma_imp": "0.000", "ps": "-7.51"}, {"energy": "1.855e-01", "width": "0.0000e+00", "ip": "3.205e-08", "ts": "0", "stretch": "1.5225e+07", "date": "2079-05-16.57", "dist": "0.342", "sigma_lov": "0.92722", "sigma_imp": "0.000", "ps": "-8.35"}, {"energy": "1.851e-01", "width": "1.5714e-02", "ip": "6.404e-08", "ts": "0", "stretch": "4.2169e+06", "date": "2078-05-17.52", "dist": "0.159", "sigma_lov": "1.46400", "sigma_imp": "0.000", "ps": "-8.04"}, {"energy": "1.849e-01", "width": "4.2809e-03", "ip": "2.097e-07", "ts": "0", "stretch": "1.5800e+05", "date": "2076-11-04.91", "dist": "0.139", "sigma_lov": "2.52037", "sigma_imp": "0.000", "ps": "-7.52"}, {"energy": "1.849e-01", "width": "0.0000e+00", "ip": "1.620e-08", "ts": "0", "stretch": "2.0984e+06", "date": "2076-11-05.10", "dist": "0.125", "sigma_lov": "2.51095", "sigma_imp": "0.000", "ps": "-8.63"}, {"energy": "1.856e-01", "width": "0.0000e+00", "ip": "1.538e-07", "ts": "0", "stretch": "2.8128e+06", "date": "2076-11-04.33", "dist": "0.447", "sigma_lov": "1.00124", "sigma_imp": "0.000", "ps": "-7.65"}, {"energy": "1.864e-01", "width": "0.0000e+00", "ip": "2.926e-07", "ts": "0", "stretch": "8.3464e+05", "date": "2075-05-19.21", "dist": "0.507", "sigma_lov": "-1.44099", "sigma_imp": "0.000", "ps": "-7.36"}, {"energy": "1.859e-01", "width": "2.2222e-02", "ip": "8.365e-08", "ts": "0", "stretch": "6.3462e+06", "date": "2074-05-16.31", "dist": "0.251", "sigma_lov": "0.86590", "sigma_imp": "0.000", "ps": "-7.90"}, {"energy": "1.853e-01", "width": "3.5410e-03", "ip": "2.543e-06", "ts": "0", "stretch": "2.1792e+05", "date": "2070-05-18.89", "dist": "0.512", "sigma_lov": "0.65198", "sigma_imp": "0.000", "ps": "-6.38"}, {"energy": "1.854e-01", "width": "0.0000e+00", "ip": "4.891e-07", "ts": "0", "stretch": "1.3084e+06", "date": "2070-05-18.88", "dist": "0.139", "sigma_lov": "0.64943", "sigma_imp": "0.000", "ps": "-7.10"}, {"energy": "1.854e-01", "width": "0.0000e+00", "ip": "9.571e-07", "ts": "0", "stretch": "5.7342e+05", "date": "2067-05-16.30", "dist": "0.221", "sigma_lov": "0.83579", "sigma_imp": "0.000", "ps": "-6.78"}, {"energy": "1.855e-01", "width": "6.2113e-03", "ip": "4.618e-07", "ts": "0", "stretch": "9.0867e+05", "date": "2064-11-04.46", "dist": "0.217", "sigma_lov": "1.11252", "sigma_imp": "0.000", "ps": "-7.08"}, {"energy": "1.853e-01", "width": "0.0000e+00", "ip": "1.952e-08", "ts": "0", "stretch": "2.2622e+07", "date": "2062-05-16.16", "dist": "0.628", "sigma_lov": "0.82670", "sigma_imp": "0.000", "ps": "-8.43"}, {"energy": "1.855e-01", "width": "2.4056e-03", "ip": "1.256e-06", "ts": "0", "stretch": "4.3105e+05", "date": "2062-05-15.99", "dist": "0.270", "sigma_lov": "0.83713", "sigma_imp": "0.000", "ps": "-6.62"}, {"energy": "1.849e-01", "width": "4.3921e-03", "ip": "4.135e-08", "ts": "0", "stretch": "7.3001e+05", "date": "2061-05-18.08", "dist": "0.109", "sigma_lov": "2.55856", "sigma_imp": "0.000", "ps": "-8.09"}, {"energy": "1.844e-01", "width": "2.4056e-03", "ip": "2.778e-08", "ts": "0", "stretch": "4.4711e+05", "date": "2059-05-16.92", "dist": "0.891", "sigma_lov": "2.59891", "sigma_imp": "0.000", "ps": "-8.24"}, {"energy": "1.852e-01", "width": "1.5714e-02", "ip": "1.297e-07", "ts": "0", "stretch": "3.2924e+06", "date": "2059-05-16.73", "dist": "0.008", "sigma_lov": "1.11840", "sigma_imp": "0.000", "ps": "-7.57"}, {"energy": "1.853e-01", "width": "0.0000e+00", "ip": "2.925e-07", "ts": "0", "stretch": "8.7397e+05", "date": "2057-05-15.78", "dist": "0.890", "sigma_lov": "0.83938", "sigma_imp": "0.000", "ps": "-7.20"}, {"energy": "1.856e-01", "width": "0.0000e+00", "ip": "7.484e-08", "ts": "0", "stretch": "6.4097e+06", "date": "2049-05-16.95", "dist": "0.122", "sigma_lov": "1.00173", "sigma_imp": "0.000", "ps": "-7.69"}, {"energy": "1.845e-01", "width": "0.0000e+00", "ip": "2.277e-08", "ts": "0", "stretch": "6.4162e+05", "date": "2049-05-17.14", "dist": "0.533", "sigma_lov": "2.77100", "sigma_imp": "0.000", "ps": "-8.21"}]}