{"summary": {"energy": "3.379e-02", "darc": "3.1004 days", "ip": "6.4577877e-05", "h": "27.73", "nobs": "24", "mass": "1.21e+06", "v_inf": "10.50", "first_obs": "2011-Mar-27.26132", "method": "LOV", "pdate": "2017-04-13 13:53:24", "ndop": "0", "cdate": "2017-04-13 13:53:24", "ps_cum": "-5.65", "diameter": "0.0096", "ndel": "0", "v_imp": "15.31", "ps_max": "-5.79", "last_obs": "2011-Mar-30.36173", "fullname": "(2011 FQ6)", "n_imp": "30", "ts_max": "0", "nsat": "0", "des": "2011 FQ6"}, "signature": {"source": "NASA/JPL Sentry Data API", "version": "1.1"}, "data": [{"energy": "3.334e-02", "width": "7.7331e-03", "ip": "5.326e-07", "ts": "0", "stretch": "3.3963e+05", "date": "2103-03-24.91", "dist": "0.529", "sigma_lov": "-1.62479", "sigma_imp": "0.000", "ps": "-7.87"}, {"energy": "3.393e-02", "width": "9.7933e-03", "ip": "5.493e-07", "ts": "0", "stretch": "6.3186e+04", "date": "2102-03-24.52", "dist": "0.939", "sigma_lov": "2.03197", "sigma_imp": "0.000", "ps": "-7.84"}, {"energy": "3.372e-02", "width": "1.1111e-02", "ip": "2.560e-07", "ts": "0", "stretch": "1.8452e+06", "date": "2098-03-23.58", "dist": "0.143", "sigma_lov": "1.01359", "sigma_imp": "0.000", "ps": "-8.15"}, {"energy": "3.379e-02", "width": "1.5714e-02", "ip": "1.118e-07", "ts": "0", "stretch": "3.8620e+06", "date": "2094-03-23.58", "dist": "0.436", "sigma_lov": "1.00813", "sigma_imp": "0.000", "ps": "-8.49"}, {"energy": "3.343e-02", "width": "0.0000e+00", "ip": "2.044e-07", "ts": "0", "stretch": "1.0575e+06", "date": "2089-03-23.43", "dist": "0.862", "sigma_lov": "-1.11989", "sigma_imp": "0.000", "ps": "-8.20"}, {"energy": "3.390e-02", "width": "1.3608e-02", "ip": "2.486e-08", "ts": "0", "stretch": "1.5443e+06", "date": "2087-03-23.90", "dist": "0.564", "sigma_lov": "2.38456", "sigma_imp": "0.000", "ps": "-9.10"}, {"energy": "3.410e-02", "width": "1.2389e-02", "ip": "5.409e-08", "ts": "0", "stretch": "8.9972e+04", "date": "2086-03-23.62", "dist": "0.261", "sigma_lov": "3.18209", "sigma_imp": "0.000", "ps": "-8.76"}, {"energy": "3.404e-02", "width": "0.0000e+00", "ip": "3.477e-09", "ts": "0", "stretch": "5.3244e+05", "date": "2082-03-23.71", "dist": "0.723", "sigma_lov": "3.37470", "sigma_imp": "0.000", "ps": "-9.92"}, {"energy": "3.377e-02", "width": "0.0000e+00", "ip": "3.746e-07", "ts": "0", "stretch": "7.0142e+05", "date": "2076-03-23.19", "dist": "0.032", "sigma_lov": "1.48990", "sigma_imp": "0.000", "ps": "-7.85"}, {"energy": "3.383e-02", "width": "2.3840e-03", "ip": "4.242e-05", "ts": "0", "stretch": "6.0873e+03", "date": "2075-03-23.98", "dist": "0.150", "sigma_lov": "1.49429", "sigma_imp": "0.000", "ps": "-5.79"}, {"energy": "3.327e-02", "width": "7.8568e-03", "ip": "5.510e-08", "ts": "0", "stretch": "1.4345e+06", "date": "2074-03-23.66", "dist": "0.907", "sigma_lov": "-1.70094", "sigma_imp": "0.000", "ps": "-8.67"}, {"energy": "3.385e-02", "width": "2.4056e-03", "ip": "8.587e-07", "ts": "0", "stretch": "9.1667e+04", "date": "2071-03-24.05", "dist": "0.142", "sigma_lov": "2.14731", "sigma_imp": "0.000", "ps": "-7.45"}, {"energy": "3.389e-02", "width": "2.1960e-03", "ip": "1.263e-07", "ts": "0", "stretch": "1.4192e+05", "date": "2070-03-23.69", "dist": "0.964", "sigma_lov": "2.22577", "sigma_imp": "0.000", "ps": "-8.28"}, {"energy": "3.386e-02", "width": "5.9739e-03", "ip": "5.418e-09", "ts": "0", "stretch": "1.7699e+05", "date": "2068-03-23.28", "dist": "1.004", "sigma_lov": "2.31412", "sigma_imp": "0.735", "ps": "-9.63"}, {"energy": "3.339e-02", "width": "5.8926e-03", "ip": "7.222e-07", "ts": "0", "stretch": "4.7072e+05", "date": "2064-03-23.26", "dist": "0.156", "sigma_lov": "-1.29664", "sigma_imp": "0.000", "ps": "-7.47"}, {"energy": "3.395e-02", "width": "5.8926e-03", "ip": "1.171e-07", "ts": "0", "stretch": "2.7313e+05", "date": "2064-03-23.25", "dist": "0.664", "sigma_lov": "2.41905", "sigma_imp": "0.000", "ps": "-8.26"}, {"energy": "3.389e-02", "width": "0.0000e+00", "ip": "3.451e-08", "ts": "0", "stretch": "6.5349e+05", "date": "2063-03-24.05", "dist": "0.815", "sigma_lov": "2.45734", "sigma_imp": "0.000", "ps": "-8.78"}, {"energy": "3.337e-02", "width": "5.5556e-03", "ip": "3.074e-07", "ts": "0", "stretch": "1.0931e+06", "date": "2062-03-23.81", "dist": "0.285", "sigma_lov": "-1.28235", "sigma_imp": "0.000", "ps": "-7.82"}, {"energy": "3.332e-02", "width": "6.8042e-03", "ip": "3.349e-07", "ts": "0", "stretch": "9.6522e+05", "date": "2060-03-23.37", "dist": "0.414", "sigma_lov": "-1.27209", "sigma_imp": "0.000", "ps": "-7.77"}, {"energy": "3.340e-02", "width": "0.0000e+00", "ip": "5.326e-08", "ts": "0", "stretch": "6.6847e+06", "date": "2059-03-24.07", "dist": "0.278", "sigma_lov": "-1.23829", "sigma_imp": "0.000", "ps": "-8.55"}, {"energy": "3.338e-02", "width": "0.0000e+00", "ip": "1.747e-07", "ts": "0", "stretch": "1.9981e+06", "date": "2059-03-24.01", "dist": "0.212", "sigma_lov": "-1.26759", "sigma_imp": "0.000", "ps": "-8.04"}, {"energy": "3.392e-02", "width": "4.8113e-03", "ip": "3.157e-08", "ts": "0", "stretch": "7.4707e+05", "date": "2058-03-23.80", "dist": "0.717", "sigma_lov": "2.51361", "sigma_imp": "0.000", "ps": "-8.77"}, {"energy": "3.394e-02", "width": "6.8042e-03", "ip": "3.851e-08", "ts": "0", "stretch": "8.3776e+05", "date": "2056-03-23.34", "dist": "0.034", "sigma_lov": "2.53254", "sigma_imp": "0.000", "ps": "-8.66"}, {"energy": "3.337e-02", "width": "0.0000e+00", "ip": "1.561e-07", "ts": "0", "stretch": "2.2731e+06", "date": "2056-03-23.40", "dist": "0.196", "sigma_lov": "-1.25728", "sigma_imp": "0.000", "ps": "-8.06"}, {"energy": "3.390e-02", "width": "0.0000e+00", "ip": "1.955e-08", "ts": "0", "stretch": "1.0716e+06", "date": "2055-03-24.07", "dist": "0.749", "sigma_lov": "2.54079", "sigma_imp": "0.000", "ps": "-8.94"}, {"energy": "3.391e-02", "width": "7.8568e-03", "ip": "9.112e-09", "ts": "0", "stretch": "1.1450e+06", "date": "2054-03-23.83", "dist": "0.942", "sigma_lov": "2.54847", "sigma_imp": "0.000", "ps": "-9.26"}, {"energy": "3.336e-02", "width": "1.5714e-02", "ip": "8.046e-08", "ts": "0", "stretch": "3.4595e+06", "date": "2054-03-23.84", "dist": "0.645", "sigma_lov": "-1.25188", "sigma_imp": "0.000", "ps": "-8.32"}, {"energy": "3.341e-02", "width": "1.5714e-02", "ip": "8.906e-08", "ts": "0", "stretch": "3.7619e+06", "date": "2053-03-23.60", "dist": "0.399", "sigma_lov": "-1.24950", "sigma_imp": "0.000", "ps": "-8.26"}, {"energy": "3.376e-02", "width": "3.4022e-02", "ip": "1.656e-05", "ts": "0", "stretch": "2.8017e+04", "date": "2114-03-24.51", "dist": "0.478", "sigma_lov": "0.90668", "sigma_imp": "0.000", "ps": "-6.42"}, {"energy": "3.378e-02", "width": "3.5137e-02", "ip": "2.728e-07", "ts": "0", "stretch": "1.7674e+06", "date": "2115-03-24.75", "dist": "0.407", "sigma_lov": "0.90796", "sigma_imp": "0.000", "ps": "-8.21"}]}