{"summary": {"energy": "6.581e-02", "darc": "14.967 days", "ip": "2.68409e-05", "h": "27.00", "nobs": "74", "mass": "3.31e+06", "v_inf": "6.54", "first_obs": "2011-Feb-23.39905", "method": "LOV", "pdate": "2017-04-06 18:37:48", "ndop": "0", "cdate": "2017-04-06 18:37:48", "ps_cum": "-5.84", "diameter": "0.013", "ndel": "0", "v_imp": "12.92", "ps_max": "-6.15", "last_obs": "2011-Mar-10.3663", "fullname": "(2011 DS)", "n_imp": "16", "ts_max": "0", "nsat": "0", "des": "2011 DS"}, "signature": {"source": "NASA/JPL Sentry Data API", "version": "1.1"}, "data": [{"energy": "6.590e-02", "width": "1.3889e-03", "ip": "1.887e-06", "ts": "0", "stretch": "2.6239e+05", "date": "2108-02-26.00", "dist": "0.193", "sigma_lov": "0.95738", "sigma_imp": "0.000", "ps": "-7.10"}, {"energy": "6.545e-02", "width": "0.0000e+00", "ip": "3.713e-07", "ts": "0", "stretch": "5.9677e+05", "date": "2103-02-25.70", "dist": "0.948", "sigma_lov": "-0.52111", "sigma_imp": "0.000", "ps": "-7.79"}, {"energy": "6.566e-02", "width": "1.1111e-02", "ip": "4.723e-07", "ts": "0", "stretch": "1.6639e+06", "date": "2102-08-27.85", "dist": "0.071", "sigma_lov": "-0.15906", "sigma_imp": "0.000", "ps": "-7.68"}, {"energy": "6.588e-02", "width": "0.0000e+00", "ip": "1.289e-07", "ts": "0", "stretch": "4.6440e+06", "date": "2098-02-16.06", "dist": "0.330", "sigma_lov": "0.75768", "sigma_imp": "0.000", "ps": "-8.22"}, {"energy": "6.618e-02", "width": "0.0000e+00", "ip": "1.410e-08", "ts": "0", "stretch": "1.2154e+06", "date": "2094-02-24.97", "dist": "0.966", "sigma_lov": "2.23191", "sigma_imp": "0.000", "ps": "-9.16"}, {"energy": "6.576e-02", "width": "0.0000e+00", "ip": "2.621e-07", "ts": "0", "stretch": "9.1030e+05", "date": "2083-02-15.95", "dist": "0.917", "sigma_lov": "0.76226", "sigma_imp": "0.000", "ps": "-7.82"}, {"energy": "6.582e-02", "width": "2.3032e-03", "ip": "2.133e-06", "ts": "0", "stretch": "1.9004e+05", "date": "2083-02-16.16", "dist": "0.735", "sigma_lov": "0.75864", "sigma_imp": "0.000", "ps": "-6.91"}, {"energy": "6.584e-02", "width": "0.0000e+00", "ip": "1.239e-07", "ts": "0", "stretch": "3.2463e+06", "date": "2081-02-23.83", "dist": "0.620", "sigma_lov": "0.94106", "sigma_imp": "0.000", "ps": "-8.13"}, {"energy": "6.591e-02", "width": "0.0000e+00", "ip": "1.249e-06", "ts": "0", "stretch": "3.8948e+05", "date": "2080-02-25.85", "dist": "0.255", "sigma_lov": "0.96074", "sigma_imp": "0.000", "ps": "-7.12"}, {"energy": "6.591e-02", "width": "1.0271e-03", "ip": "1.175e-05", "ts": "0", "stretch": "3.4424e+04", "date": "2080-02-24.75", "dist": "0.614", "sigma_lov": "0.94186", "sigma_imp": "0.000", "ps": "-6.15"}, {"energy": "6.595e-02", "width": "1.9642e-03", "ip": "1.896e-06", "ts": "0", "stretch": "2.5786e+05", "date": "2080-02-23.65", "dist": "0.349", "sigma_lov": "0.92170", "sigma_imp": "0.000", "ps": "-6.94"}, {"energy": "6.597e-02", "width": "0.0000e+00", "ip": "3.225e-07", "ts": "0", "stretch": "9.1728e+05", "date": "2074-02-25.91", "dist": "0.246", "sigma_lov": "1.38635", "sigma_imp": "0.000", "ps": "-7.67"}, {"energy": "6.591e-02", "width": "0.0000e+00", "ip": "1.452e-07", "ts": "0", "stretch": "3.8661e+06", "date": "2065-02-16.73", "dist": "0.395", "sigma_lov": "0.73141", "sigma_imp": "0.000", "ps": "-7.94"}, {"energy": "6.550e-02", "width": "1.1516e-03", "ip": "3.101e-06", "ts": "0", "stretch": "7.0679e+04", "date": "2116-02-25.58", "dist": "0.096", "sigma_lov": "-1.60427", "sigma_imp": "0.000", "ps": "-6.93"}, {"energy": "6.550e-02", "width": "1.0980e-03", "ip": "2.306e-06", "ts": "0", "stretch": "9.4916e+04", "date": "2116-02-25.45", "dist": "0.114", "sigma_lov": "-1.60395", "sigma_imp": "0.000", "ps": "-7.06"}, {"energy": "6.589e-02", "width": "0.0000e+00", "ip": "6.786e-07", "ts": "0", "stretch": "7.3608e+05", "date": "2108-02-26.24", "dist": "0.134", "sigma_lov": "0.95928", "sigma_imp": "0.000", "ps": "-7.55"}]}