{"summary": {"energy": "5.519e+01", "darc": "22.188 days", "ip": "6.683e-07", "h": "23.00", "nobs": "35", "mass": "8.36e+08", "v_inf": "20.75", "first_obs": "2011-Dec-08.19806", "method": "LOV", "pdate": "2017-04-13 12:24:06", "ndop": "0", "cdate": "2017-04-13 12:24:06", "ps_cum": "-4.86", "diameter": "8.5e-02", "ndel": "0", "v_imp": "23.55", "ps_max": "-4.86", "last_obs": "2011-Dec-30.386484", "fullname": "(2011 XC2)", "n_imp": "1", "ts_max": "0", "nsat": "0", "des": "2011 XC2"}, "signature": {"source": "NASA/JPL Sentry Data API", "version": "1.1"}, "data": [{"energy": "5.519e+01", "width": "2.2233e-03", "ip": "6.683e-07", "ts": "0", "stretch": "1.2414e+04", "date": "2056-12-02.41", "dist": "0.354", "sigma_lov": "-3.00594", "sigma_imp": "0.000", "ps": "-4.86"}]}