{"summary": {"energy": "1.888e+00", "darc": "2.8476 days", "ip": "1.552e-08", "h": "25.08", "nobs": "37", "mass": "4.71e+07", "v_inf": "14.57", "first_obs": "2011-Sep-30.41481", "method": "LOV", "pdate": "2017-04-11 08:20:02", "ndop": "0", "cdate": "2017-04-11 08:20:02", "ps_cum": "-7.98", "diameter": "3.3e-02", "ndel": "0", "v_imp": "18.35", "ps_max": "-7.98", "last_obs": "2011-Oct-03.26239", "fullname": "(2011 SE191)", "n_imp": "1", "ts_max": "0", "nsat": "0", "des": "2011 SE191"}, "signature": {"source": "NASA/JPL Sentry Data API", "version": "1.1"}, "data": [{"energy": "1.888e+00", "width": "2.4533e-01", "ip": "1.552e-08", "ts": "0", "stretch": "2.5532e+06", "date": "2098-09-23.23", "dist": "1.283", "sigma_lov": "0.35986", "sigma_imp": "1.154", "ps": "-7.98"}]}