{"summary": {"energy": "2.163e+03", "darc": "2.0159 days", "ip": "9.922e-10", "h": "20.43", "nobs": "9", "mass": "2.92e+10", "v_inf": "22.33", "first_obs": "2011-May-30.340411", "method": "LOV", "pdate": "2017-04-08 09:46:33", "ndop": "0", "cdate": "2017-04-08 09:46:33", "ps_cum": "-5.92", "diameter": "0.28", "ndel": "0", "v_imp": "24.95", "ps_max": "-6.35", "last_obs": "2011-Jun-01.356316", "fullname": "(2011 KF36)", "n_imp": "6", "ts_max": "0", "nsat": "0", "des": "2011 KF36"}, "signature": {"source": "NASA/JPL Sentry Data API", "version": "1.1"}, "data": [{"energy": "2.141e+03", "width": "8.7932e+02", "ip": "2.148e-10", "ts": "0", "stretch": "3.2997e+05", "date": "2106-10-27.39", "dist": "114.523", "sigma_lov": "2.03643", "sigma_imp": "0.129", "ps": "-7.43"}, {"energy": "2.144e+03", "width": "8.8110e+02", "ip": "1.056e-10", "ts": "0", "stretch": "6.6108e+05", "date": "2102-10-27.45", "dist": "103.379", "sigma_lov": "2.04352", "sigma_imp": "0.116", "ps": "-7.72"}, {"energy": "2.172e+03", "width": "9.1140e+02", "ip": "2.038e-10", "ts": "0", "stretch": "2.8167e+05", "date": "2039-10-27.25", "dist": "0.378", "sigma_lov": "2.12462", "sigma_imp": "0.000", "ps": "-6.85"}, {"energy": "2.154e+03", "width": "9.0314e+02", "ip": "1.532e-10", "ts": "0", "stretch": "4.1531e+05", "date": "2026-10-26.70", "dist": "107.532", "sigma_lov": "2.07663", "sigma_imp": "0.118", "ps": "-6.61"}, {"energy": "2.169e+03", "width": "9.1116e+02", "ip": "1.581e-10", "ts": "0", "stretch": "3.6008e+05", "date": "2024-10-26.53", "dist": "20.518", "sigma_lov": "2.12858", "sigma_imp": "0.021", "ps": "-6.49"}, {"energy": "2.196e+03", "width": "9.2154e+02", "ip": "1.567e-10", "ts": "0", "stretch": "3.0596e+05", "date": "2022-10-27.52", "dist": "129.118", "sigma_lov": "2.19822", "sigma_imp": "0.139", "ps": "-6.35"}]}