{"summary": {"energy": "2.231e+00", "darc": "21.769 days", "ip": "3.0924e-07", "h": "25.28", "nobs": "47", "mass": "3.60e+07", "v_inf": "19.92", "first_obs": "2011-Aug-30.7015", "method": "LOV", "pdate": "2017-04-11 10:39:57", "ndop": "0", "cdate": "2017-04-11 10:39:57", "ps_cum": "-6.41", "diameter": "0.03", "ndel": "0", "v_imp": "22.83", "ps_max": "-6.55", "last_obs": "2011-Sep-21.470845", "fullname": "(2011 QF48)", "n_imp": "2", "ts_max": "0", "nsat": "0", "des": "2011 QF48"}, "signature": {"source": "NASA/JPL Sentry Data API", "version": "1.1"}, "data": [{"energy": "2.227e+00", "width": "6.8042e-03", "ip": "2.241e-07", "ts": "0", "stretch": "6.6498e+05", "date": "2067-08-27.00", "dist": "0.839", "sigma_lov": "-1.46491", "sigma_imp": "0.000", "ps": "-6.55"}, {"energy": "2.240e+00", "width": "0.0000e+00", "ip": "8.514e-08", "ts": "0", "stretch": "5.0943e+06", "date": "2067-08-27.03", "dist": "0.390", "sigma_lov": "1.02798", "sigma_imp": "0.000", "ps": "-6.97"}]}