{"summary": {"energy": "1.236e-02", "darc": ".93688 days", "ip": "4.5030993e-06", "h": "28.98", "nobs": "14", "mass": "2.17e+05", "v_inf": "18.83", "first_obs": "2011-Dec-31.38732", "method": "LOV", "pdate": "2017-04-09 08:08:46", "ndop": "0", "cdate": "2017-04-09 08:08:46", "ps_cum": "-6.60", "diameter": "0.00540000309342501", "ndel": "0", "v_imp": "21.88", "ps_max": "-6.62", "last_obs": "2012-Jan-01.3242", "fullname": "(2011 YC63)", "n_imp": "4", "ts_max": "0", "nsat": "0", "des": "2011 YC63"}, "signature": {"source": "NASA/JPL Sentry Data API", "version": "1.1"}, "data": [{"energy": "1.278e-02", "width": "5.2062e-02", "ip": "1.393e-10", "ts": "0", "stretch": "5.1090e+04", "date": "2048-12-29.47", "dist": "0.999", "sigma_lov": "4.38622", "sigma_imp": "0.000", "ps": "-11.3"}, {"energy": "1.216e-02", "width": "4.0445e-02", "ip": "2.096e-08", "ts": "0", "stretch": "7.6558e+06", "date": "2047-12-30.19", "dist": "0.971", "sigma_lov": "0.32293", "sigma_imp": "0.000", "ps": "-9.18"}, {"energy": "1.167e-02", "width": "3.9277e-02", "ip": "1.590e-07", "ts": "0", "stretch": "2.3455e+04", "date": "2039-12-30.29", "dist": "0.844", "sigma_lov": "-3.07677", "sigma_imp": "0.000", "ps": "-8.18"}, {"energy": "1.239e-02", "width": "3.8280e-02", "ip": "4.323e-06", "ts": "0", "stretch": "1.3075e+04", "date": "2034-12-30.06", "dist": "0.894", "sigma_lov": "1.90799", "sigma_imp": "0.000", "ps": "-6.62"}]}