{"summary": {"energy": "1.030e-01", "darc": "9.0560 days", "ip": "3.307358e-05", "h": "26.91", "nobs": "39", "mass": "3.75e+06", "v_inf": "10.31", "first_obs": "2011-Mar-01.38036", "method": "LOV", "pdate": "2017-04-09 17:20:24", "ndop": "0", "cdate": "2017-04-09 17:20:24", "ps_cum": "-5.52", "diameter": "0.014", "ndel": "0", "v_imp": "15.18", "ps_max": "-5.60", "last_obs": "2011-Mar-10.43633", "fullname": "(2011 EB)", "n_imp": "4", "ts_max": "0", "nsat": "0", "des": "2011 EB"}, "signature": {"source": "NASA/JPL Sentry Data API", "version": "1.1"}, "data": [{"energy": "1.041e-01", "width": "3.0666e-03", "ip": "1.262e-06", "ts": "0", "stretch": "7.5062e+04", "date": "2077-02-27.57", "dist": "0.838", "sigma_lov": "1.74655", "sigma_imp": "0.000", "ps": "-6.94"}, {"energy": "1.030e-01", "width": "2.6330e-03", "ip": "2.807e-05", "ts": "0", "stretch": "2.7812e+04", "date": "2077-02-27.32", "dist": "0.019", "sigma_lov": "-0.20881", "sigma_imp": "0.000", "ps": "-5.60"}, {"energy": "1.030e-01", "width": "3.6747e-03", "ip": "3.706e-06", "ts": "0", "stretch": "1.8257e+05", "date": "2070-02-27.71", "dist": "0.016", "sigma_lov": "-0.57438", "sigma_imp": "0.000", "ps": "-6.42"}, {"energy": "1.028e-01", "width": "0.0000e+00", "ip": "3.558e-08", "ts": "0", "stretch": "2.9101e+06", "date": "2110-02-28.00", "dist": "0.386", "sigma_lov": "1.98089", "sigma_imp": "0.000", "ps": "-8.68"}]}