{"summary": {"energy": "7.563e-02", "darc": ".27315 days", "ip": "4.884e-09", "h": "27.86", "nobs": "34", "mass": "1.02e+06", "v_inf": "22.30", "first_obs": "2011-Sep-27.24019", "method": "LOV", "pdate": "2017-04-22 05:53:20", "ndop": "0", "cdate": "2017-04-22 05:53:20", "ps_cum": "-9.66", "diameter": "9.1e-03", "ndel": "0", "v_imp": "24.93", "ps_max": "-9.66", "last_obs": "2011-Sep-27.51334", "fullname": "(2011 SC108)", "n_imp": "1", "ts_max": "0", "nsat": "0", "des": "2011 SC108"}, "signature": {"source": "NASA/JPL Sentry Data API", "version": "1.1"}, "data": [{"energy": "7.563e-02", "width": "1.2448e-01", "ip": "4.884e-09", "ts": "0", "stretch": "1.1561e+06", "date": "2111-09-22.79", "dist": "0.126", "sigma_lov": "-3.14075", "sigma_imp": "0.000", "ps": "-9.66"}]}