{"summary": {"energy": "3.961e+00", "darc": "1.0974 days", "ip": "5.003112e-07", "h": "24.67", "nobs": "11", "mass": "8.31e+07", "v_inf": "16.62", "first_obs": "2011-Feb-11.24048", "method": "LOV", "pdate": "2017-04-09 23:55:02", "ndop": "0", "cdate": "2017-04-09 23:55:02", "ps_cum": "-5.56", "diameter": "0.0390593150822928", "ndel": "0", "v_imp": "20.01", "ps_max": "-5.74", "last_obs": "2011-Feb-12.33793", "fullname": "(2011 CW46)", "n_imp": "100", "ts_max": "0", "nsat": "0", "des": "2011 CW46"}, "signature": {"source": "NASA/JPL Sentry Data API", "version": "1.1"}, "data": [{"energy": "3.976e+00", "width": "2.2315e+01", "ip": "5.984e-08", "ts": "0", "stretch": "2.3647e+04", "date": "2055-08-15.60", "dist": "2.885", "sigma_lov": "2.34703", "sigma_imp": "0.084", "ps": "-6.80"}, {"energy": "3.943e+00", "width": "2.4957e+01", "ip": "9.523e-09", "ts": "0", "stretch": "1.3131e+05", "date": "2055-08-15.57", "dist": "19.999", "sigma_lov": "2.21517", "sigma_imp": "0.761", "ps": "-7.61"}, {"energy": "4.036e+00", "width": "2.2504e+01", "ip": "7.786e-09", "ts": "0", "stretch": "1.0517e+04", "date": "2054-08-15.40", "dist": "47.680", "sigma_lov": "2.59248", "sigma_imp": "2.074", "ps": "-7.67"}, {"energy": "4.032e+00", "width": "2.3543e+01", "ip": "7.539e-09", "ts": "0", "stretch": "1.5015e+04", "date": "2054-08-15.40", "dist": "45.940", "sigma_lov": "2.58152", "sigma_imp": "1.909", "ps": "-7.69"}, {"energy": "3.932e+00", "width": "2.4363e+01", "ip": "4.004e-10", "ts": "0", "stretch": "1.8077e+06", "date": "2046-08-15.27", "dist": "34.162", "sigma_lov": "2.17367", "sigma_imp": "1.361", "ps": "-8.87"}, {"energy": "4.004e+00", "width": "2.3652e+01", "ip": "3.995e-10", "ts": "0", "stretch": "1.4002e+06", "date": "2044-08-14.84", "dist": "26.088", "sigma_lov": "2.45947", "sigma_imp": "1.061", "ps": "-8.83"}, {"energy": "4.026e+00", "width": "2.3195e+01", "ip": "6.451e-09", "ts": "0", "stretch": "2.6158e+04", "date": "2043-08-15.61", "dist": "41.301", "sigma_lov": "2.55583", "sigma_imp": "1.737", "ps": "-7.60"}, {"energy": "4.006e+00", "width": "2.3584e+01", "ip": "2.951e-09", "ts": "0", "stretch": "1.6759e+05", "date": "2043-08-15.59", "dist": "27.656", "sigma_lov": "2.47855", "sigma_imp": "1.130", "ps": "-7.95"}, {"energy": "3.934e+00", "width": "2.4181e+01", "ip": "9.931e-10", "ts": "0", "stretch": "9.1881e+05", "date": "2034-08-15.24", "dist": "29.612", "sigma_lov": "2.17788", "sigma_imp": "1.183", "ps": "-8.24"}, {"energy": "3.929e+00", "width": "2.4656e+01", "ip": "4.641e-09", "ts": "0", "stretch": "1.8221e+05", "date": "2033-08-14.99", "dist": "31.979", "sigma_lov": "2.16188", "sigma_imp": "1.256", "ps": "-7.55"}, {"energy": "3.888e+00", "width": "2.3137e+01", "ip": "3.979e-09", "ts": "0", "stretch": "1.9890e+04", "date": "2033-08-14.96", "dist": "62.248", "sigma_lov": "1.99633", "sigma_imp": "2.647", "ps": "-7.62"}, {"energy": "4.003e+00", "width": "2.3691e+01", "ip": "2.717e-08", "ts": "0", "stretch": "2.1382e+04", "date": "2032-08-14.81", "dist": "24.992", "sigma_lov": "2.46453", "sigma_imp": "1.013", "ps": "-6.75"}, {"energy": "3.935e+00", "width": "2.5005e+01", "ip": "2.051e-09", "ts": "0", "stretch": "4.8414e+05", "date": "2032-08-14.74", "dist": "27.381", "sigma_lov": "2.19267", "sigma_imp": "1.055", "ps": "-7.88"}, {"energy": "3.933e+00", "width": "2.4852e+01", "ip": "7.909e-08", "ts": "0", "stretch": "1.1247e+04", "date": "2021-08-14.96", "dist": "30.244", "sigma_lov": "2.18130", "sigma_imp": "1.177", "ps": "-5.74"}, {"energy": "4.023e+00", "width": "2.3152e+01", "ip": "7.410e-10", "ts": "0", "stretch": "2.1957e+05", "date": "2077-08-15.22", "dist": "42.350", "sigma_lov": "2.53642", "sigma_imp": "1.786", "ps": "-8.90"}, {"energy": "3.940e+00", "width": "2.4933e+01", "ip": "1.801e-09", "ts": "0", "stretch": "6.5991e+05", "date": "2077-08-15.14", "dist": "22.522", "sigma_lov": "2.19918", "sigma_imp": "0.863", "ps": "-8.53"}, {"energy": "3.879e+00", "width": "2.4341e+01", "ip": "1.398e-10", "ts": "0", "stretch": "4.0160e+05", "date": "2070-08-15.30", "dist": "68.681", "sigma_lov": "1.96140", "sigma_imp": "2.781", "ps": "-9.59"}, {"energy": "3.930e+00", "width": "2.4316e+01", "ip": "6.544e-10", "ts": "0", "stretch": "1.4192e+06", "date": "2070-08-15.35", "dist": "29.641", "sigma_lov": "2.17031", "sigma_imp": "1.178", "ps": "-8.91"}, {"energy": "3.899e+00", "width": "2.3850e+01", "ip": "1.054e-08", "ts": "0", "stretch": "2.6518e+04", "date": "2068-08-14.82", "dist": "50.396", "sigma_lov": "2.04286", "sigma_imp": "2.071", "ps": "-7.69"}, {"energy": "4.001e+00", "width": "2.3677e+01", "ip": "4.453e-10", "ts": "0", "stretch": "1.1771e+06", "date": "2067-08-15.66", "dist": "27.684", "sigma_lov": "2.45494", "sigma_imp": "1.127", "ps": "-9.05"}, {"energy": "3.890e+00", "width": "2.3032e+01", "ip": "1.028e-10", "ts": "0", "stretch": "1.1654e+06", "date": "2067-08-15.56", "dist": "58.209", "sigma_lov": "2.00370", "sigma_imp": "2.484", "ps": "-9.69"}, {"energy": "3.973e+00", "width": "2.2125e+01", "ip": "1.298e-09", "ts": "0", "stretch": "1.1125e+06", "date": "2067-08-15.63", "dist": "3.160", "sigma_lov": "2.34111", "sigma_imp": "0.098", "ps": "-8.59"}, {"energy": "4.026e+00", "width": "2.3554e+01", "ip": "3.288e-10", "ts": "0", "stretch": "6.9575e+05", "date": "2066-08-15.42", "dist": "37.828", "sigma_lov": "2.54639", "sigma_imp": "1.564", "ps": "-9.17"}, {"energy": "3.978e+00", "width": "2.2247e+01", "ip": "2.682e-09", "ts": "0", "stretch": "5.1521e+05", "date": "2066-08-15.38", "dist": "3.997", "sigma_lov": "2.35518", "sigma_imp": "0.135", "ps": "-8.26"}, {"energy": "3.943e+00", "width": "2.4738e+01", "ip": "5.711e-10", "ts": "0", "stretch": "2.1549e+06", "date": "2066-08-15.35", "dist": "20.682", "sigma_lov": "2.21351", "sigma_imp": "0.796", "ps": "-8.94"}, {"energy": "3.940e+00", "width": "2.5331e+01", "ip": "2.081e-09", "ts": "0", "stretch": "5.3869e+05", "date": "2066-08-15.35", "dist": "23.849", "sigma_lov": "2.20264", "sigma_imp": "0.902", "ps": "-8.38"}, {"energy": "3.933e+00", "width": "2.4942e+01", "ip": "4.133e-10", "ts": "0", "stretch": "2.3118e+06", "date": "2058-08-15.32", "dist": "29.217", "sigma_lov": "2.17177", "sigma_imp": "1.131", "ps": "-9.00"}, {"energy": "3.892e+00", "width": "2.3777e+01", "ip": "2.365e-10", "ts": "0", "stretch": "4.3512e+05", "date": "2056-08-14.77", "dist": "61.108", "sigma_lov": "2.00941", "sigma_imp": "2.528", "ps": "-9.23"}, {"energy": "4.000e+00", "width": "2.4076e+01", "ip": "4.552e-09", "ts": "0", "stretch": "1.6616e+05", "date": "2055-08-15.62", "dist": "19.450", "sigma_lov": "2.44420", "sigma_imp": "0.766", "ps": "-7.92"}, {"energy": "3.943e+00", "width": "2.5745e+01", "ip": "1.010e-08", "ts": "0", "stretch": "1.2309e+05", "date": "2078-08-15.39", "dist": "19.231", "sigma_lov": "2.22279", "sigma_imp": "0.708", "ps": "-7.78"}, {"energy": "3.948e+00", "width": "2.6111e+01", "ip": "8.468e-08", "ts": "0", "stretch": "1.5752e+04", "date": "2078-08-15.39", "dist": "14.321", "sigma_lov": "2.24245", "sigma_imp": "0.510", "ps": "-6.86"}, {"energy": "4.003e+00", "width": "2.3521e+01", "ip": "3.092e-10", "ts": "0", "stretch": "1.7964e+06", "date": "2079-08-15.70", "dist": "26.360", "sigma_lov": "2.45667", "sigma_imp": "1.078", "ps": "-9.30"}, {"energy": "3.899e+00", "width": "2.3227e+01", "ip": "2.121e-10", "ts": "0", "stretch": "1.1750e+06", "date": "2079-08-15.60", "dist": "50.665", "sigma_lov": "2.04020", "sigma_imp": "2.138", "ps": "-9.47"}, {"energy": "3.916e+00", "width": "3.1221e+01", "ip": "1.619e-08", "ts": "0", "stretch": "4.7805e+04", "date": "2080-08-14.87", "dist": "39.951", "sigma_lov": "2.10311", "sigma_imp": "1.248", "ps": "-7.60"}, {"energy": "3.926e+00", "width": "2.5393e+01", "ip": "6.153e-09", "ts": "0", "stretch": "1.3595e+05", "date": "2080-08-14.88", "dist": "33.337", "sigma_lov": "2.14366", "sigma_imp": "1.273", "ps": "-8.01"}, {"energy": "3.930e+00", "width": "2.4753e+01", "ip": "6.601e-10", "ts": "0", "stretch": "1.3472e+06", "date": "2080-08-14.88", "dist": "31.179", "sigma_lov": "2.15893", "sigma_imp": "1.219", "ps": "-8.98"}, {"energy": "3.931e+00", "width": "2.4735e+01", "ip": "6.574e-10", "ts": "0", "stretch": "1.4880e+06", "date": "2082-08-15.39", "dist": "28.774", "sigma_lov": "2.16907", "sigma_imp": "1.123", "ps": "-9.00"}, {"energy": "3.939e+00", "width": "2.5024e+01", "ip": "1.693e-09", "ts": "0", "stretch": "6.8015e+05", "date": "2088-08-14.92", "dist": "23.516", "sigma_lov": "2.19678", "sigma_imp": "0.900", "ps": "-8.63"}, {"energy": "3.939e+00", "width": "2.4758e+01", "ip": "5.604e-10", "ts": "0", "stretch": "2.0674e+06", "date": "2088-08-14.92", "dist": "23.285", "sigma_lov": "2.19850", "sigma_imp": "0.900", "ps": "-9.11"}, {"energy": "4.010e+00", "width": "2.3629e+01", "ip": "3.886e-10", "ts": "0", "stretch": "1.1359e+06", "date": "2088-08-14.98", "dist": "29.723", "sigma_lov": "2.48182", "sigma_imp": "1.216", "ps": "-9.26"}, {"energy": "4.016e+00", "width": "2.3307e+01", "ip": "4.886e-09", "ts": "0", "stretch": "6.2594e+04", "date": "2088-08-14.99", "dist": "34.726", "sigma_lov": "2.50667", "sigma_imp": "1.447", "ps": "-8.16"}, {"energy": "3.995e+00", "width": "2.3536e+01", "ip": "4.071e-08", "ts": "0", "stretch": "1.7708e+04", "date": "2089-08-15.22", "dist": "21.676", "sigma_lov": "2.43316", "sigma_imp": "0.878", "ps": "-7.25"}, {"energy": "3.996e+00", "width": "2.4732e+01", "ip": "2.689e-08", "ts": "0", "stretch": "2.5873e+04", "date": "2089-08-15.22", "dist": "22.219", "sigma_lov": "2.43577", "sigma_imp": "0.858", "ps": "-7.43"}, {"energy": "3.944e+00", "width": "2.6130e+01", "ip": "1.008e-09", "ts": "0", "stretch": "1.2719e+06", "date": "2089-08-15.17", "dist": "17.660", "sigma_lov": "2.22489", "sigma_imp": "0.638", "ps": "-8.86"}, {"energy": "3.945e+00", "width": "2.4895e+01", "ip": "2.845e-09", "ts": "0", "stretch": "4.7897e+05", "date": "2089-08-15.17", "dist": "15.679", "sigma_lov": "2.23273", "sigma_imp": "0.590", "ps": "-8.41"}, {"energy": "3.888e+00", "width": "2.4320e+01", "ip": "1.713e-10", "ts": "0", "stretch": "1.0243e+06", "date": "2089-08-15.12", "dist": "57.186", "sigma_lov": "2.00018", "sigma_imp": "2.310", "ps": "-9.63"}, {"energy": "3.890e+00", "width": "2.3303e+01", "ip": "2.120e-10", "ts": "0", "stretch": "7.5584e+05", "date": "2090-08-15.38", "dist": "56.002", "sigma_lov": "2.00566", "sigma_imp": "2.360", "ps": "-9.54"}, {"energy": "4.001e+00", "width": "2.3806e+01", "ip": "9.351e-10", "ts": "0", "stretch": "5.5594e+05", "date": "2090-08-15.48", "dist": "27.992", "sigma_lov": "2.45294", "sigma_imp": "1.134", "ps": "-8.89"}, {"energy": "4.002e+00", "width": "2.3857e+01", "ip": "2.873e-10", "ts": "0", "stretch": "1.7877e+06", "date": "2090-08-15.48", "dist": "28.187", "sigma_lov": "2.45422", "sigma_imp": "1.140", "ps": "-9.40"}, {"energy": "3.952e+00", "width": "2.7936e+01", "ip": "4.591e-09", "ts": "0", "stretch": "2.9031e+05", "date": "2090-08-15.43", "dist": "9.182", "sigma_lov": "2.25565", "sigma_imp": "0.293", "ps": "-8.20"}, {"energy": "3.971e+00", "width": "2.2189e+01", "ip": "2.214e-09", "ts": "0", "stretch": "6.3771e+05", "date": "2090-08-15.46", "dist": "6.741", "sigma_lov": "2.33421", "sigma_imp": "0.259", "ps": "-8.52"}, {"energy": "3.894e+00", "width": "2.3549e+01", "ip": "2.638e-10", "ts": "0", "stretch": "5.7067e+05", "date": "2091-08-15.63", "dist": "56.982", "sigma_lov": "2.01164", "sigma_imp": "2.377", "ps": "-9.45"}, {"energy": "3.895e+00", "width": "2.3426e+01", "ip": "8.250e-10", "ts": "0", "stretch": "1.8753e+05", "date": "2091-08-15.63", "dist": "56.404", "sigma_lov": "2.01494", "sigma_imp": "2.365", "ps": "-8.96"}, {"energy": "3.898e+00", "width": "2.3558e+01", "ip": "5.404e-10", "ts": "0", "stretch": "3.5261e+05", "date": "2091-08-15.63", "dist": "54.257", "sigma_lov": "2.03091", "sigma_imp": "2.261", "ps": "-9.14"}, {"energy": "3.924e+00", "width": "2.4978e+01", "ip": "2.849e-09", "ts": "0", "stretch": "3.3953e+05", "date": "2092-08-14.92", "dist": "30.075", "sigma_lov": "2.14732", "sigma_imp": "1.164", "ps": "-8.42"}, {"energy": "3.926e+00", "width": "2.4456e+01", "ip": "3.107e-10", "ts": "0", "stretch": "3.3165e+06", "date": "2092-08-14.92", "dist": "28.073", "sigma_lov": "2.15853", "sigma_imp": "1.107", "ps": "-9.39"}, {"energy": "3.902e+00", "width": "2.4694e+01", "ip": "1.536e-10", "ts": "0", "stretch": "1.6378e+06", "date": "2093-08-15.15", "dist": "52.916", "sigma_lov": "2.04611", "sigma_imp": "2.102", "ps": "-9.70"}, {"energy": "3.930e+00", "width": "2.4570e+01", "ip": "6.451e-10", "ts": "0", "stretch": "1.5416e+06", "date": "2094-08-15.42", "dist": "28.588", "sigma_lov": "2.16449", "sigma_imp": "1.123", "ps": "-9.08"}, {"energy": "3.931e+00", "width": "2.4546e+01", "ip": "1.764e-09", "ts": "0", "stretch": "5.7861e+05", "date": "2094-08-15.42", "dist": "27.858", "sigma_lov": "2.16816", "sigma_imp": "1.094", "ps": "-8.64"}, {"energy": "3.882e+00", "width": "2.2888e+01", "ip": "1.186e-10", "ts": "0", "stretch": "6.7030e+05", "date": "2094-08-15.38", "dist": "62.076", "sigma_lov": "1.96984", "sigma_imp": "2.669", "ps": "-9.82"}, {"energy": "3.886e+00", "width": "2.2707e+01", "ip": "1.410e-10", "ts": "0", "stretch": "7.1516e+05", "date": "2095-08-15.64", "dist": "59.268", "sigma_lov": "1.99073", "sigma_imp": "2.566", "ps": "-9.75"}, {"energy": "3.935e+00", "width": "2.5039e+01", "ip": "1.255e-09", "ts": "0", "stretch": "9.6776e+05", "date": "2097-08-15.18", "dist": "22.445", "sigma_lov": "2.19019", "sigma_imp": "0.856", "ps": "-8.81"}, {"energy": "3.935e+00", "width": "2.5059e+01", "ip": "6.131e-10", "ts": "0", "stretch": "1.9675e+06", "date": "2097-08-15.18", "dist": "22.652", "sigma_lov": "2.18993", "sigma_imp": "0.864", "ps": "-9.12"}, {"energy": "4.005e+00", "width": "2.3593e+01", "ip": "2.099e-10", "ts": "0", "stretch": "1.9445e+06", "date": "2097-08-15.25", "dist": "31.559", "sigma_lov": "2.47231", "sigma_imp": "1.295", "ps": "-9.58"}, {"energy": "3.938e+00", "width": "2.4892e+01", "ip": "4.689e-10", "ts": "0", "stretch": "2.4181e+06", "date": "2099-08-15.69", "dist": "24.078", "sigma_lov": "2.19416", "sigma_imp": "0.927", "ps": "-9.25"}, {"energy": "3.938e+00", "width": "2.4933e+01", "ip": "1.980e-09", "ts": "0", "stretch": "5.7733e+05", "date": "2099-08-15.70", "dist": "23.778", "sigma_lov": "2.19581", "sigma_imp": "0.914", "ps": "-8.62"}, {"energy": "4.015e+00", "width": "2.3419e+01", "ip": "1.063e-09", "ts": "0", "stretch": "3.2365e+05", "date": "2099-08-15.77", "dist": "33.149", "sigma_lov": "2.50091", "sigma_imp": "1.373", "ps": "-8.88"}, {"energy": "3.939e+00", "width": "2.5082e+01", "ip": "4.200e-09", "ts": "0", "stretch": "3.0826e+05", "date": "2100-08-15.96", "dist": "19.296", "sigma_lov": "2.20852", "sigma_imp": "0.729", "ps": "-8.30"}, {"energy": "3.979e+00", "width": "2.2855e+01", "ip": "4.350e-09", "ts": "0", "stretch": "2.8276e+05", "date": "2100-08-15.99", "dist": "8.827", "sigma_lov": "2.36829", "sigma_imp": "0.342", "ps": "-8.28"}, {"energy": "4.022e+00", "width": "2.3534e+01", "ip": "1.306e-10", "ts": "0", "stretch": "1.3597e+06", "date": "2100-08-16.03", "dist": "41.618", "sigma_lov": "2.53855", "sigma_imp": "1.726", "ps": "-9.80"}, {"energy": "4.023e+00", "width": "2.3487e+01", "ip": "3.733e-10", "ts": "0", "stretch": "4.2941e+05", "date": "2100-08-16.03", "dist": "42.742", "sigma_lov": "2.54337", "sigma_imp": "1.777", "ps": "-9.34"}, {"energy": "3.994e+00", "width": "2.4376e+01", "ip": "1.359e-09", "ts": "0", "stretch": "5.7023e+05", "date": "2100-08-16.00", "dist": "19.910", "sigma_lov": "2.42606", "sigma_imp": "0.776", "ps": "-8.78"}, {"energy": "4.026e+00", "width": "2.3329e+01", "ip": "1.002e-10", "ts": "0", "stretch": "1.2762e+06", "date": "2101-08-16.29", "dist": "45.163", "sigma_lov": "2.54918", "sigma_imp": "1.893", "ps": "-9.92"}, {"energy": "3.898e+00", "width": "2.2897e+01", "ip": "1.760e-10", "ts": "0", "stretch": "1.5620e+06", "date": "2102-08-16.42", "dist": "49.139", "sigma_lov": "2.03632", "sigma_imp": "2.102", "ps": "-9.69"}, {"energy": "3.973e+00", "width": "2.1978e+01", "ip": "1.291e-09", "ts": "0", "stretch": "1.1339e+06", "date": "2102-08-16.48", "dist": "3.506", "sigma_lov": "2.33724", "sigma_imp": "0.114", "ps": "-8.82"}, {"energy": "3.914e+00", "width": "2.9888e+01", "ip": "2.898e-10", "ts": "0", "stretch": "2.6960e+06", "date": "2103-08-16.68", "dist": "38.878", "sigma_lov": "2.10655", "sigma_imp": "1.267", "ps": "-9.48"}, {"energy": "3.923e+00", "width": "2.5893e+01", "ip": "3.176e-10", "ts": "0", "stretch": "2.7655e+06", "date": "2103-08-16.69", "dist": "32.714", "sigma_lov": "2.14150", "sigma_imp": "1.225", "ps": "-9.44"}, {"energy": "3.914e+00", "width": "3.4234e+01", "ip": "4.044e-10", "ts": "0", "stretch": "1.8513e+06", "date": "2105-08-16.18", "dist": "42.440", "sigma_lov": "2.09912", "sigma_imp": "1.210", "ps": "-9.34"}, {"energy": "3.901e+00", "width": "2.5026e+01", "ip": "1.865e-10", "ts": "0", "stretch": "2.2960e+06", "date": "2105-08-16.18", "dist": "46.774", "sigma_lov": "2.04801", "sigma_imp": "1.829", "ps": "-9.68"}, {"energy": "3.873e+00", "width": "2.2343e+01", "ip": "1.015e-10", "ts": "0", "stretch": "4.7561e+05", "date": "2106-08-16.41", "dist": "65.282", "sigma_lov": "1.93558", "sigma_imp": "2.877", "ps": "-9.95"}, {"energy": "3.882e+00", "width": "2.3071e+01", "ip": "2.076e-10", "ts": "0", "stretch": "5.1473e+05", "date": "2106-08-16.42", "dist": "59.881", "sigma_lov": "1.97273", "sigma_imp": "2.552", "ps": "-9.64"}, {"energy": "3.885e+00", "width": "2.2943e+01", "ip": "1.822e-10", "ts": "0", "stretch": "6.6568e+05", "date": "2106-08-16.42", "dist": "58.254", "sigma_lov": "1.98482", "sigma_imp": "2.496", "ps": "-9.70"}, {"energy": "3.885e+00", "width": "2.2922e+01", "ip": "3.376e-10", "ts": "0", "stretch": "3.5561e+05", "date": "2106-08-16.42", "dist": "58.310", "sigma_lov": "1.98426", "sigma_imp": "2.500", "ps": "-9.43"}, {"energy": "3.882e+00", "width": "2.3824e+01", "ip": "1.622e-10", "ts": "0", "stretch": "5.9606e+05", "date": "2107-08-16.67", "dist": "62.626", "sigma_lov": "1.96328", "sigma_imp": "2.587", "ps": "-9.75"}, {"energy": "3.882e+00", "width": "2.3502e+01", "ip": "2.687e-10", "ts": "0", "stretch": "3.3515e+05", "date": "2107-08-16.67", "dist": "62.512", "sigma_lov": "1.96426", "sigma_imp": "2.617", "ps": "-9.53"}, {"energy": "3.878e+00", "width": "2.1523e+01", "ip": "1.406e-10", "ts": "0", "stretch": "2.5805e+05", "date": "2107-08-16.67", "dist": "65.064", "sigma_lov": "1.94695", "sigma_imp": "2.977", "ps": "-9.81"}, {"energy": "3.878e+00", "width": "2.8098e+01", "ip": "5.034e-10", "ts": "0", "stretch": "4.4292e+05", "date": "2108-08-15.92", "dist": "62.361", "sigma_lov": "1.95848", "sigma_imp": "2.184", "ps": "-9.26"}, {"energy": "4.006e+00", "width": "2.3515e+01", "ip": "1.998e-10", "ts": "0", "stretch": "1.8277e+06", "date": "2108-08-16.04", "dist": "33.251", "sigma_lov": "2.47607", "sigma_imp": "1.372", "ps": "-9.66"}, {"energy": "3.939e+00", "width": "2.4553e+01", "ip": "9.883e-10", "ts": "0", "stretch": "1.3757e+06", "date": "2111-08-16.74", "dist": "17.753", "sigma_lov": "2.21169", "sigma_imp": "0.682", "ps": "-8.98"}, {"energy": "3.977e+00", "width": "2.2189e+01", "ip": "2.865e-09", "ts": "0", "stretch": "4.4512e+05", "date": "2111-08-16.77", "dist": "8.989", "sigma_lov": "2.36227", "sigma_imp": "0.360", "ps": "-8.51"}, {"energy": "4.015e+00", "width": "2.3393e+01", "ip": "2.771e-10", "ts": "0", "stretch": "1.1087e+06", "date": "2111-08-16.80", "dist": "34.530", "sigma_lov": "2.51161", "sigma_imp": "1.433", "ps": "-9.53"}, {"energy": "3.962e+00", "width": "2.2373e+01", "ip": "9.656e-09", "ts": "0", "stretch": "1.6436e+05", "date": "2113-08-16.26", "dist": "0.082", "sigma_lov": "2.30013", "sigma_imp": "0.000", "ps": "-8.00"}, {"energy": "3.971e+00", "width": "2.2295e+01", "ip": "5.916e-09", "ts": "0", "stretch": "2.4357e+05", "date": "2113-08-16.27", "dist": "5.405", "sigma_lov": "2.33067", "sigma_imp": "0.198", "ps": "-8.21"}, {"energy": "3.942e+00", "width": "2.5256e+01", "ip": "8.060e-10", "ts": "0", "stretch": "1.7782e+06", "date": "2113-08-16.24", "dist": "14.589", "sigma_lov": "2.21777", "sigma_imp": "0.538", "ps": "-9.08"}, {"energy": "3.942e+00", "width": "2.5290e+01", "ip": "2.526e-10", "ts": "0", "stretch": "5.6353e+06", "date": "2113-08-16.24", "dist": "14.881", "sigma_lov": "2.21743", "sigma_imp": "0.549", "ps": "-9.58"}, {"energy": "3.943e+00", "width": "2.5372e+01", "ip": "5.372e-10", "ts": "0", "stretch": "2.6130e+06", "date": "2113-08-16.24", "dist": "15.109", "sigma_lov": "2.22042", "sigma_imp": "0.556", "ps": "-9.25"}, {"energy": "3.971e+00", "width": "2.1693e+01", "ip": "2.337e-10", "ts": "0", "stretch": "6.0794e+06", "date": "2114-08-16.52", "dist": "7.167", "sigma_lov": "2.33758", "sigma_imp": "0.284", "ps": "-9.62"}, {"energy": "3.972e+00", "width": "2.2324e+01", "ip": "7.398e-10", "ts": "0", "stretch": "1.8592e+06", "date": "2114-08-16.52", "dist": "7.450", "sigma_lov": "2.33877", "sigma_imp": "0.289", "ps": "-9.12"}, {"energy": "3.924e+00", "width": "2.5166e+01", "ip": "2.916e-09", "ts": "0", "stretch": "3.4309e+05", "date": "2115-08-16.73", "dist": "29.906", "sigma_lov": "2.13692", "sigma_imp": "1.149", "ps": "-8.53"}, {"energy": "3.917e+00", "width": "2.8336e+01", "ip": "8.859e-10", "ts": "0", "stretch": "1.0153e+06", "date": "2115-08-16.72", "dist": "34.764", "sigma_lov": "2.10925", "sigma_imp": "1.192", "ps": "-9.05"}]}