{"summary": {"energy": "8.262e-02", "darc": ".09906 days", "ip": "0.0003317672405", "h": "26.92", "nobs": "17", "mass": "3.81e+06", "v_inf": "7.54", "first_obs": "2011-Mar-15.40337", "method": "LOV", "pdate": "2017-04-10 15:36:27", "ndop": "0", "cdate": "2017-04-10 15:36:27", "ps_cum": "-4.48", "diameter": "0.0139051877263331", "ndel": "0", "v_imp": "13.46", "ps_max": "-5.45", "last_obs": "2011-Mar-15.50243", "fullname": "(2011 EB74)", "n_imp": "423", "ts_max": "0", "nsat": "0", "des": "2011 EB74"}, "signature": {"source": "NASA/JPL Sentry Data API", "version": "1.1"}, "data": [{"energy": "8.706e-02", "width": "2.1631e-01", "ip": "1.133e-05", "ts": "0", "stretch": "6.5727e+04", "date": "2093-03-16.34", "dist": "0.229", "sigma_lov": "0.16808", "sigma_imp": "0.000", "ps": "-6.15"}, {"energy": "8.703e-02", "width": "2.3576e-01", "ip": "2.946e-06", "ts": "0", "stretch": "2.5866e+05", "date": "2093-03-16.33", "dist": "0.069", "sigma_lov": "0.16573", "sigma_imp": "0.000", "ps": "-6.74"}, {"energy": "1.270e-01", "width": "7.4418e-01", "ip": "1.187e-07", "ts": "0", "stretch": "6.8270e+05", "date": "2092-03-16.14", "dist": "0.686", "sigma_lov": "1.81008", "sigma_imp": "0.000", "ps": "-7.99"}, {"energy": "7.481e-02", "width": "8.3408e-01", "ip": "8.392e-08", "ts": "0", "stretch": "1.2956e+06", "date": "2092-03-15.91", "dist": "1.645", "sigma_lov": "-0.53421", "sigma_imp": "0.773", "ps": "-8.33"}, {"energy": "7.572e-02", "width": "2.4293e-01", "ip": "9.246e-07", "ts": "0", "stretch": "7.4659e+05", "date": "2092-03-15.91", "dist": "0.014", "sigma_lov": "-0.47576", "sigma_imp": "0.000", "ps": "-7.28"}, {"energy": "1.393e-01", "width": "1.8822e+00", "ip": "1.729e-08", "ts": "0", "stretch": "1.3038e+06", "date": "2092-03-16.15", "dist": "0.660", "sigma_lov": "2.17931", "sigma_imp": "0.000", "ps": "-8.80"}, {"energy": "6.447e-02", "width": "6.4817e-01", "ip": "1.281e-07", "ts": "0", "stretch": "1.1386e+06", "date": "2092-03-15.88", "dist": "0.935", "sigma_lov": "-1.27097", "sigma_imp": "0.000", "ps": "-8.20"}, {"energy": "1.178e-01", "width": "6.5739e-01", "ip": "9.282e-09", "ts": "0", "stretch": "2.4301e+05", "date": "2091-03-16.88", "dist": "2.417", "sigma_lov": "1.49757", "sigma_imp": "2.156", "ps": "-9.12"}, {"energy": "5.070e-02", "width": "7.2521e-01", "ip": "5.662e-09", "ts": "0", "stretch": "1.8112e+06", "date": "2091-03-16.56", "dist": "1.108", "sigma_lov": "-2.54791", "sigma_imp": "0.149", "ps": "-9.63"}, {"energy": "7.221e-02", "width": "1.3967e-01", "ip": "4.031e-07", "ts": "0", "stretch": "1.5084e+06", "date": "2091-03-16.65", "dist": "0.110", "sigma_lov": "-0.71475", "sigma_imp": "0.000", "ps": "-7.65"}, {"energy": "7.715e-02", "width": "4.9740e-01", "ip": "8.695e-08", "ts": "0", "stretch": "2.6060e+06", "date": "2091-03-16.62", "dist": "1.065", "sigma_lov": "-0.39095", "sigma_imp": "0.132", "ps": "-8.30"}, {"energy": "5.354e-02", "width": "5.4135e-01", "ip": "1.312e-10", "ts": "0", "stretch": "2.0357e+05", "date": "2091-03-16.62", "dist": "2.687", "sigma_lov": "-2.25180", "sigma_imp": "3.116", "ps": "-11.2"}, {"energy": "7.209e-02", "width": "5.7778e-01", "ip": "8.761e-08", "ts": "0", "stretch": "3.7104e+06", "date": "2091-03-16.63", "dist": "0.735", "sigma_lov": "-0.72143", "sigma_imp": "0.000", "ps": "-8.32"}, {"energy": "1.478e-01", "width": "2.1094e+00", "ip": "3.615e-10", "ts": "0", "stretch": "2.9313e+05", "date": "2089-03-16.58", "dist": "6.710", "sigma_lov": "2.40428", "sigma_imp": "2.707", "ps": "-10.4"}, {"energy": "1.176e-01", "width": "3.2686e-01", "ip": "1.218e-10", "ts": "0", "stretch": "1.1515e+05", "date": "2089-03-16.41", "dist": "2.179", "sigma_lov": "1.49147", "sigma_imp": "3.608", "ps": "-11.0"}, {"energy": "1.175e-01", "width": "7.7214e-01", "ip": "1.775e-10", "ts": "0", "stretch": "6.0826e+04", "date": "2089-03-16.44", "dist": "3.910", "sigma_lov": "1.48865", "sigma_imp": "3.769", "ps": "-10.8"}, {"energy": "1.359e-01", "width": "2.0665e+01", "ip": "7.084e-08", "ts": "0", "stretch": "3.8779e+04", "date": "2089-03-16.41", "dist": "2.252", "sigma_lov": "2.08289", "sigma_imp": "0.061", "ps": "-8.18"}, {"energy": "6.280e-02", "width": "2.6481e-01", "ip": "3.012e-08", "ts": "0", "stretch": "2.9511e+06", "date": "2089-03-16.10", "dist": "0.979", "sigma_lov": "-1.40684", "sigma_imp": "0.000", "ps": "-8.82"}, {"energy": "4.390e-02", "width": "1.8273e+00", "ip": "4.411e-10", "ts": "0", "stretch": "2.2953e+04", "date": "2089-03-16.11", "dist": "5.711", "sigma_lov": "-3.35221", "sigma_imp": "2.578", "ps": "-10.8"}, {"energy": "4.265e-02", "width": "2.5429e-01", "ip": "3.624e-09", "ts": "0", "stretch": "2.7293e+05", "date": "2089-03-15.99", "dist": "0.720", "sigma_lov": "-3.51777", "sigma_imp": "0.000", "ps": "-9.87"}, {"energy": "5.607e-02", "width": "6.5454e-01", "ip": "1.355e-10", "ts": "0", "stretch": "5.2760e+05", "date": "2088-03-15.89", "dist": "2.968", "sigma_lov": "-2.00255", "sigma_imp": "3.007", "ps": "-11.2"}, {"energy": "1.026e-01", "width": "3.1233e-01", "ip": "6.867e-07", "ts": "0", "stretch": "5.2832e+05", "date": "2087-03-16.77", "dist": "0.603", "sigma_lov": "0.92066", "sigma_imp": "0.000", "ps": "-7.28"}, {"energy": "5.254e-02", "width": "1.9189e-01", "ip": "7.861e-08", "ts": "0", "stretch": "5.9541e+05", "date": "2087-03-16.57", "dist": "0.344", "sigma_lov": "-2.34430", "sigma_imp": "0.000", "ps": "-8.45"}, {"energy": "8.837e-02", "width": "6.8638e-01", "ip": "2.062e-07", "ts": "0", "stretch": "1.7300e+06", "date": "2087-03-16.80", "dist": "0.838", "sigma_lov": "0.24278", "sigma_imp": "0.000", "ps": "-7.85"}, {"energy": "5.598e-02", "width": "6.5939e-01", "ip": "4.716e-07", "ts": "0", "stretch": "1.5204e+05", "date": "2087-03-16.60", "dist": "0.381", "sigma_lov": "-2.00665", "sigma_imp": "0.000", "ps": "-7.65"}, {"energy": "5.596e-02", "width": "1.2212e+00", "ip": "9.427e-09", "ts": "0", "stretch": "3.3923e+06", "date": "2087-03-16.62", "dist": "1.259", "sigma_lov": "-2.00958", "sigma_imp": "0.212", "ps": "-9.35"}, {"energy": "8.114e-02", "width": "3.8586e-01", "ip": "1.686e-08", "ts": "0", "stretch": "1.1593e+06", "date": "2087-03-16.74", "dist": "1.629", "sigma_lov": "-0.14729", "sigma_imp": "1.631", "ps": "-8.97"}, {"energy": "5.277e-02", "width": "4.2201e-01", "ip": "1.826e-07", "ts": "0", "stretch": "2.6339e+05", "date": "2087-03-16.60", "dist": "0.038", "sigma_lov": "-2.32121", "sigma_imp": "0.000", "ps": "-8.08"}, {"energy": "1.526e-01", "width": "1.5574e+00", "ip": "6.883e-10", "ts": "0", "stretch": "4.2092e+05", "date": "2086-03-16.76", "dist": "4.486", "sigma_lov": "2.52780", "sigma_imp": "2.238", "ps": "-10.1"}, {"energy": "1.492e-01", "width": "1.8770e+00", "ip": "1.177e-09", "ts": "0", "stretch": "7.0812e+05", "date": "2086-03-16.76", "dist": "4.557", "sigma_lov": "2.44191", "sigma_imp": "1.895", "ps": "-9.91"}, {"energy": "1.492e-01", "width": "4.0049e+00", "ip": "1.419e-09", "ts": "0", "stretch": "7.0699e+05", "date": "2086-03-16.80", "dist": "7.727", "sigma_lov": "2.44268", "sigma_imp": "1.680", "ps": "-9.82"}, {"energy": "1.280e-01", "width": "1.6549e+00", "ip": "3.330e-08", "ts": "0", "stretch": "1.2361e+06", "date": "2086-03-16.68", "dist": "1.250", "sigma_lov": "1.83742", "sigma_imp": "0.151", "ps": "-8.51"}, {"energy": "5.898e-02", "width": "4.6041e-01", "ip": "1.266e-09", "ts": "0", "stretch": "1.0780e+06", "date": "2086-03-16.34", "dist": "1.988", "sigma_lov": "-1.73468", "sigma_imp": "2.146", "ps": "-10.2"}, {"energy": "4.359e-02", "width": "1.4027e-02", "ip": "1.087e-08", "ts": "0", "stretch": "1.9131e+05", "date": "2086-03-16.25", "dist": "0.559", "sigma_lov": "-3.39487", "sigma_imp": "0.000", "ps": "-9.37"}, {"energy": "1.226e-01", "width": "2.6373e+00", "ip": "3.171e-08", "ts": "0", "stretch": "2.1626e+05", "date": "2085-03-16.50", "dist": "5.266", "sigma_lov": "1.65991", "sigma_imp": "1.618", "ps": "-8.54"}, {"energy": "1.254e-01", "width": "2.2553e+00", "ip": "3.723e-09", "ts": "0", "stretch": "4.6168e+06", "date": "2085-03-16.40", "dist": "3.250", "sigma_lov": "1.75713", "sigma_imp": "0.998", "ps": "-9.46"}, {"energy": "1.564e-01", "width": "1.7589e+00", "ip": "1.863e-08", "ts": "0", "stretch": "4.6380e+05", "date": "2085-03-16.44", "dist": "0.297", "sigma_lov": "2.62313", "sigma_imp": "0.000", "ps": "-8.68"}, {"energy": "5.410e-02", "width": "8.9722e-01", "ip": "1.073e-09", "ts": "0", "stretch": "1.4641e+05", "date": "2085-03-16.18", "dist": "3.403", "sigma_lov": "-2.19557", "sigma_imp": "2.678", "ps": "-10.3"}, {"energy": "5.403e-02", "width": "1.0593e+00", "ip": "1.620e-09", "ts": "0", "stretch": "8.0022e+05", "date": "2085-03-16.16", "dist": "3.035", "sigma_lov": "-2.20284", "sigma_imp": "1.921", "ps": "-10.1"}, {"energy": "5.578e-02", "width": "7.4762e-01", "ip": "1.227e-07", "ts": "0", "stretch": "5.1143e+04", "date": "2085-03-16.15", "dist": "1.980", "sigma_lov": "-2.03044", "sigma_imp": "1.311", "ps": "-8.22"}, {"energy": "7.620e-02", "width": "1.6630e-01", "ip": "1.106e-07", "ts": "0", "stretch": "5.6387e+06", "date": "2085-03-16.25", "dist": "0.458", "sigma_lov": "-0.45645", "sigma_imp": "0.000", "ps": "-8.16"}, {"energy": "7.004e-02", "width": "2.8632e-01", "ip": "1.549e-09", "ts": "0", "stretch": "3.7204e+06", "date": "2085-03-16.14", "dist": "1.556", "sigma_lov": "-0.86302", "sigma_imp": "1.942", "ps": "-10.0"}, {"energy": "5.895e-02", "width": "7.2649e-01", "ip": "1.245e-07", "ts": "0", "stretch": "7.3945e+05", "date": "2084-03-15.88", "dist": "0.698", "sigma_lov": "-1.73678", "sigma_imp": "0.000", "ps": "-8.19"}, {"energy": "6.587e-02", "width": "7.9451e-01", "ip": "2.772e-09", "ts": "0", "stretch": "1.4761e+06", "date": "2084-03-15.85", "dist": "2.689", "sigma_lov": "-1.16264", "sigma_imp": "2.126", "ps": "-9.81"}, {"energy": "5.412e-02", "width": "8.4137e-01", "ip": "3.297e-08", "ts": "0", "stretch": "1.2954e+06", "date": "2084-03-15.84", "dist": "0.404", "sigma_lov": "-2.18672", "sigma_imp": "0.000", "ps": "-8.80"}, {"energy": "1.159e-01", "width": "2.2412e+00", "ip": "7.391e-08", "ts": "0", "stretch": "9.8641e+05", "date": "2083-03-16.83", "dist": "0.851", "sigma_lov": "1.43190", "sigma_imp": "0.000", "ps": "-8.18"}, {"energy": "5.678e-02", "width": "8.9105e-01", "ip": "3.496e-10", "ts": "0", "stretch": "8.8613e+05", "date": "2083-03-16.69", "dist": "3.342", "sigma_lov": "-1.93974", "sigma_imp": "2.628", "ps": "-10.7"}, {"energy": "1.162e-01", "width": "9.2970e-01", "ip": "1.359e-07", "ts": "0", "stretch": "1.1819e+06", "date": "2083-03-16.84", "dist": "0.293", "sigma_lov": "1.43959", "sigma_imp": "0.000", "ps": "-7.91"}, {"energy": "4.470e-02", "width": "3.1411e-01", "ip": "2.525e-08", "ts": "0", "stretch": "1.4772e+05", "date": "2083-03-16.52", "dist": "0.113", "sigma_lov": "-3.25624", "sigma_imp": "0.000", "ps": "-8.97"}, {"energy": "5.392e-02", "width": "3.4292e-01", "ip": "5.469e-08", "ts": "0", "stretch": "6.0890e+05", "date": "2083-03-16.63", "dist": "0.818", "sigma_lov": "-2.21255", "sigma_imp": "0.000", "ps": "-8.57"}, {"energy": "1.276e-01", "width": "1.1912e+00", "ip": "2.619e-10", "ts": "0", "stretch": "1.0878e+06", "date": "2083-03-16.86", "dist": "4.282", "sigma_lov": "1.82548", "sigma_imp": "2.755", "ps": "-10.6"}, {"energy": "6.076e-02", "width": "5.1831e-01", "ip": "1.070e-08", "ts": "0", "stretch": "1.7716e+07", "date": "2083-03-16.61", "dist": "0.094", "sigma_lov": "-1.57928", "sigma_imp": "0.000", "ps": "-9.24"}, {"energy": "6.078e-02", "width": "1.7778e-01", "ip": "2.211e-08", "ts": "0", "stretch": "7.1700e+06", "date": "2083-03-16.63", "dist": "0.673", "sigma_lov": "-1.57865", "sigma_imp": "0.000", "ps": "-8.92"}, {"energy": "7.119e-02", "width": "7.0615e-01", "ip": "3.228e-07", "ts": "0", "stretch": "1.2803e+06", "date": "2083-03-16.64", "dist": "0.130", "sigma_lov": "-0.78270", "sigma_imp": "0.000", "ps": "-7.71"}, {"energy": "5.896e-02", "width": "6.0803e-01", "ip": "1.777e-07", "ts": "0", "stretch": "7.5798e+05", "date": "2083-03-16.62", "dist": "0.117", "sigma_lov": "-1.73939", "sigma_imp": "0.000", "ps": "-8.03"}, {"energy": "6.999e-02", "width": "5.2752e-01", "ip": "1.476e-07", "ts": "0", "stretch": "1.6679e+06", "date": "2083-03-16.63", "dist": "0.862", "sigma_lov": "-0.86641", "sigma_imp": "0.000", "ps": "-8.05"}, {"energy": "5.522e-02", "width": "7.0820e-01", "ip": "3.634e-08", "ts": "0", "stretch": "8.9647e+05", "date": "2083-03-16.63", "dist": "1.044", "sigma_lov": "-2.08425", "sigma_imp": "0.062", "ps": "-8.74"}, {"energy": "6.412e-02", "width": "3.4211e-01", "ip": "1.109e-09", "ts": "0", "stretch": "2.4760e+06", "date": "2083-03-16.62", "dist": "1.711", "sigma_lov": "-1.30699", "sigma_imp": "2.077", "ps": "-10.2"}, {"energy": "9.362e-02", "width": "1.2571e-01", "ip": "4.136e-08", "ts": "0", "stretch": "1.4329e+07", "date": "2082-03-16.63", "dist": "0.520", "sigma_lov": "0.49734", "sigma_imp": "0.000", "ps": "-8.50"}, {"energy": "9.365e-02", "width": "3.7326e-01", "ip": "2.045e-09", "ts": "0", "stretch": "9.2487e+05", "date": "2082-03-16.70", "dist": "1.930", "sigma_lov": "0.49585", "sigma_imp": "2.490", "ps": "-9.80"}, {"energy": "5.822e-02", "width": "7.8007e-01", "ip": "5.478e-10", "ts": "0", "stretch": "1.1475e+05", "date": "2082-03-16.44", "dist": "3.476", "sigma_lov": "-1.80471", "sigma_imp": "3.174", "ps": "-10.5"}, {"energy": "6.869e-02", "width": "8.3713e+00", "ip": "2.708e-08", "ts": "0", "stretch": "1.3185e+06", "date": "2082-03-16.37", "dist": "2.794", "sigma_lov": "-0.95654", "sigma_imp": "0.214", "ps": "-8.79"}, {"energy": "6.869e-02", "width": "6.5064e+00", "ip": "3.228e-08", "ts": "0", "stretch": "1.3655e+06", "date": "2082-03-16.37", "dist": "2.845", "sigma_lov": "-0.95714", "sigma_imp": "0.283", "ps": "-8.71"}, {"energy": "1.750e-01", "width": "1.8841e+00", "ip": "4.938e-10", "ts": "0", "stretch": "1.1140e+06", "date": "2081-03-16.54", "dist": "3.399", "sigma_lov": "3.04150", "sigma_imp": "1.273", "ps": "-10.2"}, {"energy": "1.793e-01", "width": "4.3647e+00", "ip": "5.137e-09", "ts": "0", "stretch": "8.8793e+04", "date": "2081-03-16.55", "dist": "4.891", "sigma_lov": "3.13035", "sigma_imp": "0.892", "ps": "-9.17"}, {"energy": "1.384e-01", "width": "8.3232e-01", "ip": "2.030e-07", "ts": "0", "stretch": "2.0283e+05", "date": "2081-03-16.46", "dist": "0.633", "sigma_lov": "2.15033", "sigma_imp": "0.000", "ps": "-7.66"}, {"energy": "1.353e-01", "width": "4.5403e+00", "ip": "2.220e-08", "ts": "0", "stretch": "4.6501e+05", "date": "2081-03-16.41", "dist": "3.095", "sigma_lov": "2.06458", "sigma_imp": "0.461", "ps": "-8.63"}, {"energy": "1.099e-01", "width": "3.6507e-01", "ip": "7.653e-10", "ts": "0", "stretch": "5.1414e+05", "date": "2081-03-16.40", "dist": "2.022", "sigma_lov": "1.20931", "sigma_imp": "2.799", "ps": "-10.2"}, {"energy": "9.108e-02", "width": "8.7842e-03", "ip": "2.932e-06", "ts": "0", "stretch": "2.4888e+05", "date": "2081-03-16.39", "dist": "0.192", "sigma_lov": "0.37500", "sigma_imp": "0.000", "ps": "-6.65"}, {"energy": "1.104e-01", "width": "4.8343e-01", "ip": "2.308e-09", "ts": "0", "stretch": "5.8697e+05", "date": "2081-03-16.40", "dist": "2.174", "sigma_lov": "1.22506", "sigma_imp": "2.429", "ps": "-9.69"}, {"energy": "1.069e-01", "width": "7.2056e-01", "ip": "3.223e-07", "ts": "0", "stretch": "7.4942e+05", "date": "2081-03-16.37", "dist": "0.641", "sigma_lov": "1.08888", "sigma_imp": "0.000", "ps": "-7.55"}, {"energy": "1.391e-01", "width": "1.1313e+00", "ip": "1.869e-09", "ts": "0", "stretch": "8.8380e+05", "date": "2081-03-16.41", "dist": "3.095", "sigma_lov": "2.17374", "sigma_imp": "1.852", "ps": "-9.70"}, {"energy": "5.656e-02", "width": "8.6555e-01", "ip": "1.416e-07", "ts": "0", "stretch": "2.2080e+05", "date": "2081-03-16.16", "dist": "1.325", "sigma_lov": "-1.95352", "sigma_imp": "0.376", "ps": "-8.13"}, {"energy": "5.644e-02", "width": "1.1323e+00", "ip": "1.636e-08", "ts": "0", "stretch": "3.4867e+06", "date": "2081-03-16.10", "dist": "0.275", "sigma_lov": "-1.96441", "sigma_imp": "0.000", "ps": "-9.07"}, {"energy": "5.864e-02", "width": "8.1767e-01", "ip": "1.895e-06", "ts": "0", "stretch": "5.0938e+04", "date": "2081-03-16.12", "dist": "0.494", "sigma_lov": "-1.76043", "sigma_imp": "0.000", "ps": "-6.99"}, {"energy": "1.349e-01", "width": "3.7301e+00", "ip": "4.436e-09", "ts": "0", "stretch": "2.8823e+06", "date": "2081-03-16.39", "dist": "2.558", "sigma_lov": "2.05416", "sigma_imp": "0.418", "ps": "-9.33"}, {"energy": "1.815e-01", "width": "4.5849e+00", "ip": "6.347e-10", "ts": "0", "stretch": "5.4676e+05", "date": "2080-03-16.37", "dist": "5.586", "sigma_lov": "3.16566", "sigma_imp": "1.000", "ps": "-10.1"}, {"energy": "7.593e-02", "width": "0.0000e+00", "ip": "6.044e-07", "ts": "0", "stretch": "1.1774e+06", "date": "2080-03-15.95", "dist": "0.099", "sigma_lov": "-0.46807", "sigma_imp": "0.000", "ps": "-7.39"}, {"energy": "6.017e-02", "width": "4.7428e-01", "ip": "2.749e-09", "ts": "0", "stretch": "1.6192e+06", "date": "2080-03-15.90", "dist": "1.826", "sigma_lov": "-1.63250", "sigma_imp": "1.741", "ps": "-9.81"}, {"energy": "4.584e-02", "width": "5.6859e-01", "ip": "2.775e-10", "ts": "0", "stretch": "2.0825e+05", "date": "2080-03-15.83", "dist": "2.200", "sigma_lov": "-3.11314", "sigma_imp": "2.111", "ps": "-10.9"}, {"energy": "1.173e-01", "width": "2.5107e+00", "ip": "1.375e-07", "ts": "0", "stretch": "1.6370e+05", "date": "2079-03-16.93", "dist": "3.732", "sigma_lov": "1.48189", "sigma_imp": "1.088", "ps": "-7.88"}, {"energy": "7.690e-02", "width": "2.6247e-01", "ip": "1.862e-07", "ts": "0", "stretch": "1.0966e+06", "date": "2079-03-16.66", "dist": "0.999", "sigma_lov": "-0.40520", "sigma_imp": "0.000", "ps": "-7.89"}, {"energy": "1.068e-01", "width": "7.3435e-01", "ip": "1.245e-09", "ts": "0", "stretch": "3.1318e+06", "date": "2079-03-16.82", "dist": "2.591", "sigma_lov": "1.08546", "sigma_imp": "2.166", "ps": "-9.95"}, {"energy": "5.798e-02", "width": "3.9954e-01", "ip": "5.690e-08", "ts": "0", "stretch": "1.0087e+06", "date": "2079-03-16.62", "dist": "0.935", "sigma_lov": "-1.82360", "sigma_imp": "0.000", "ps": "-8.50"}, {"energy": "7.040e-02", "width": "2.7080e-01", "ip": "2.906e-07", "ts": "0", "stretch": "1.8538e+06", "date": "2079-03-16.68", "dist": "0.083", "sigma_lov": "-0.83495", "sigma_imp": "0.000", "ps": "-7.73"}, {"energy": "6.226e-02", "width": "3.2799e-01", "ip": "6.815e-08", "ts": "0", "stretch": "5.1141e+05", "date": "2079-03-16.63", "dist": "1.233", "sigma_lov": "-1.45389", "sigma_imp": "0.709", "ps": "-8.40"}, {"energy": "6.225e-02", "width": "3.7892e-01", "ip": "6.370e-07", "ts": "0", "stretch": "1.4761e+05", "date": "2079-03-16.63", "dist": "0.976", "sigma_lov": "-1.45482", "sigma_imp": "0.000", "ps": "-7.43"}, {"energy": "6.224e-02", "width": "2.1088e-01", "ip": "6.374e-09", "ts": "0", "stretch": "2.5864e+05", "date": "2079-03-16.62", "dist": "1.445", "sigma_lov": "-1.45574", "sigma_imp": "2.108", "ps": "-9.43"}, {"energy": "7.181e-02", "width": "4.5637e-01", "ip": "6.452e-08", "ts": "0", "stretch": "7.9792e+05", "date": "2079-03-16.68", "dist": "1.475", "sigma_lov": "-0.73772", "sigma_imp": "1.040", "ps": "-8.37"}, {"energy": "6.645e-02", "width": "4.6614e-01", "ip": "2.091e-10", "ts": "0", "stretch": "7.5215e+06", "date": "2079-03-16.69", "dist": "2.125", "sigma_lov": "-1.12400", "sigma_imp": "2.413", "ps": "-10.9"}, {"energy": "6.053e-02", "width": "3.3573e-01", "ip": "2.010e-07", "ts": "0", "stretch": "1.0113e+06", "date": "2079-03-16.62", "dist": "0.189", "sigma_lov": "-1.59803", "sigma_imp": "0.000", "ps": "-7.94"}, {"energy": "7.088e-02", "width": "3.7450e-01", "ip": "5.551e-08", "ts": "0", "stretch": "4.0189e+06", "date": "2079-03-16.66", "dist": "0.923", "sigma_lov": "-0.80154", "sigma_imp": "0.000", "ps": "-8.44"}, {"energy": "1.529e-01", "width": "1.5219e+00", "ip": "1.461e-10", "ts": "0", "stretch": "2.6308e+04", "date": "2078-03-16.84", "dist": "6.421", "sigma_lov": "2.53450", "sigma_imp": "3.562", "ps": "-10.7"}, {"energy": "9.985e-02", "width": "2.2662e-01", "ip": "1.600e-07", "ts": "0", "stretch": "3.2004e+06", "date": "2078-03-16.58", "dist": "0.407", "sigma_lov": "0.78680", "sigma_imp": "0.000", "ps": "-7.86"}, {"energy": "1.501e-01", "width": "1.2410e+00", "ip": "1.721e-09", "ts": "0", "stretch": "3.4173e+05", "date": "2078-03-16.76", "dist": "3.492", "sigma_lov": "2.46518", "sigma_imp": "2.008", "ps": "-9.69"}, {"energy": "9.862e-02", "width": "1.2571e-01", "ip": "7.346e-08", "ts": "0", "stretch": "3.9215e+06", "date": "2078-03-16.59", "dist": "0.850", "sigma_lov": "0.73259", "sigma_imp": "0.000", "ps": "-8.20"}, {"energy": "9.943e-02", "width": "2.8284e-01", "ip": "2.624e-07", "ts": "0", "stretch": "2.0153e+06", "date": "2078-03-16.58", "dist": "0.326", "sigma_lov": "0.76833", "sigma_imp": "0.000", "ps": "-7.64"}, {"energy": "7.175e-02", "width": "4.2409e-01", "ip": "2.302e-10", "ts": "0", "stretch": "3.1329e+05", "date": "2078-03-16.47", "dist": "2.456", "sigma_lov": "-0.74338", "sigma_imp": "3.432", "ps": "-10.8"}, {"energy": "7.725e-02", "width": "1.1560e+00", "ip": "8.144e-07", "ts": "0", "stretch": "3.6074e+05", "date": "2078-03-16.42", "dist": "0.850", "sigma_lov": "-0.38277", "sigma_imp": "0.000", "ps": "-7.24"}, {"energy": "7.708e-02", "width": "3.4222e-01", "ip": "3.175e-07", "ts": "0", "stretch": "1.4359e+05", "date": "2078-03-16.44", "dist": "1.394", "sigma_lov": "-0.39250", "sigma_imp": "1.151", "ps": "-7.65"}, {"energy": "6.172e-02", "width": "6.4595e-02", "ip": "1.387e-06", "ts": "0", "stretch": "1.7970e+05", "date": "2078-03-16.37", "dist": "0.289", "sigma_lov": "-1.49502", "sigma_imp": "0.000", "ps": "-7.09"}, {"energy": "6.166e-02", "width": "4.7150e-01", "ip": "1.386e-06", "ts": "0", "stretch": "1.5967e+05", "date": "2078-03-16.37", "dist": "0.097", "sigma_lov": "-1.50159", "sigma_imp": "0.000", "ps": "-7.09"}, {"energy": "1.497e-01", "width": "1.5732e+00", "ip": "7.309e-10", "ts": "0", "stretch": "2.7263e+06", "date": "2078-03-16.75", "dist": "3.312", "sigma_lov": "2.45478", "sigma_imp": "1.469", "ps": "-10.1"}, {"energy": "6.113e-02", "width": "1.8593e-01", "ip": "1.063e-07", "ts": "0", "stretch": "2.0430e+06", "date": "2078-03-16.37", "dist": "0.391", "sigma_lov": "-1.54407", "sigma_imp": "0.000", "ps": "-8.21"}, {"energy": "7.771e-02", "width": "4.7868e-01", "ip": "2.443e-08", "ts": "0", "stretch": "6.2867e+06", "date": "2078-03-16.45", "dist": "1.222", "sigma_lov": "-0.35386", "sigma_imp": "0.464", "ps": "-8.76"}, {"energy": "1.571e-01", "width": "7.0851e-01", "ip": "6.137e-10", "ts": "0", "stretch": "8.4732e+04", "date": "2077-03-16.55", "dist": "2.886", "sigma_lov": "2.63567", "sigma_imp": "2.662", "ps": "-10.1"}, {"energy": "1.607e-01", "width": "7.5645e+01", "ip": "1.877e-08", "ts": "0", "stretch": "8.7059e+03", "date": "2077-03-16.53", "dist": "1.236", "sigma_lov": "2.72016", "sigma_imp": "0.003", "ps": "-8.62"}, {"energy": "1.606e-01", "width": "1.0411e+02", "ip": "1.923e-08", "ts": "0", "stretch": "6.1963e+03", "date": "2077-03-16.52", "dist": "0.961", "sigma_lov": "2.71883", "sigma_imp": "0.000", "ps": "-8.61"}, {"energy": "1.594e-01", "width": "2.2825e+00", "ip": "9.899e-09", "ts": "0", "stretch": "1.8397e+05", "date": "2077-03-16.47", "dist": "3.544", "sigma_lov": "2.68950", "sigma_imp": "1.114", "ps": "-8.90"}, {"energy": "1.005e-01", "width": "1.7638e-01", "ip": "1.970e-08", "ts": "0", "stretch": "1.2619e+06", "date": "2077-03-16.40", "dist": "1.208", "sigma_lov": "0.81253", "sigma_imp": "1.181", "ps": "-8.76"}, {"energy": "1.331e-01", "width": "8.7094e-01", "ip": "9.398e-10", "ts": "0", "stretch": "2.5809e+07", "date": "2077-03-16.43", "dist": "1.458", "sigma_lov": "1.99143", "sigma_imp": "0.526", "ps": "-9.98"}, {"energy": "1.019e-01", "width": "4.0643e-01", "ip": "9.136e-08", "ts": "0", "stretch": "1.3483e+06", "date": "2077-03-16.38", "dist": "1.137", "sigma_lov": "0.87262", "sigma_imp": "0.338", "ps": "-8.09"}, {"energy": "9.158e-02", "width": "0.0000e+00", "ip": "1.020e-07", "ts": "0", "stretch": "7.0329e+06", "date": "2077-03-16.32", "dist": "0.311", "sigma_lov": "0.40030", "sigma_imp": "0.000", "ps": "-8.08"}, {"energy": "1.649e-01", "width": "7.9303e-01", "ip": "3.165e-09", "ts": "0", "stretch": "6.5183e+05", "date": "2077-03-16.54", "dist": "1.679", "sigma_lov": "2.81814", "sigma_imp": "0.857", "ps": "-9.38"}, {"energy": "6.219e-02", "width": "3.3757e-01", "ip": "3.309e-08", "ts": "0", "stretch": "1.3902e+05", "date": "2077-03-16.17", "dist": "1.599", "sigma_lov": "-1.46380", "sigma_imp": "1.776", "ps": "-8.70"}, {"energy": "6.215e-02", "width": "3.0330e-01", "ip": "2.578e-08", "ts": "0", "stretch": "7.1130e+04", "date": "2077-03-16.18", "dist": "1.645", "sigma_lov": "-1.46716", "sigma_imp": "2.126", "ps": "-8.81"}, {"energy": "6.200e-02", "width": "2.0333e-01", "ip": "7.447e-07", "ts": "0", "stretch": "1.2775e+05", "date": "2077-03-16.13", "dist": "0.919", "sigma_lov": "-1.47873", "sigma_imp": "0.000", "ps": "-7.35"}, {"energy": "5.951e-02", "width": "3.1717e-01", "ip": "3.812e-07", "ts": "0", "stretch": "2.5809e+05", "date": "2077-03-16.16", "dist": "0.786", "sigma_lov": "-1.69237", "sigma_imp": "0.000", "ps": "-7.65"}, {"energy": "3.858e-02", "width": "2.6638e-01", "ip": "7.901e-10", "ts": "0", "stretch": "7.3437e+04", "date": "2076-03-15.78", "dist": "0.946", "sigma_lov": "-4.10926", "sigma_imp": "0.000", "ps": "-10.5"}, {"energy": "1.634e-01", "width": "8.5082e-01", "ip": "4.334e-08", "ts": "0", "stretch": "2.8175e+04", "date": "2076-03-16.28", "dist": "2.045", "sigma_lov": "2.78947", "sigma_imp": "1.228", "ps": "-8.24"}, {"energy": "1.624e-01", "width": "9.3526e-01", "ip": "1.070e-09", "ts": "0", "stretch": "2.4701e+04", "date": "2076-03-16.31", "dist": "3.619", "sigma_lov": "2.76467", "sigma_imp": "2.800", "ps": "-9.85"}, {"energy": "1.281e-01", "width": "1.5544e+00", "ip": "6.207e-08", "ts": "0", "stretch": "2.9813e+05", "date": "2076-03-16.24", "dist": "2.435", "sigma_lov": "1.84171", "sigma_imp": "0.923", "ps": "-8.17"}, {"energy": "1.226e-01", "width": "2.7217e-02", "ip": "1.069e-06", "ts": "0", "stretch": "1.4442e+05", "date": "2076-03-16.17", "dist": "0.633", "sigma_lov": "1.66427", "sigma_imp": "0.000", "ps": "-6.95"}, {"energy": "1.225e-01", "width": "1.8693e+00", "ip": "1.573e-10", "ts": "0", "stretch": "8.4633e+05", "date": "2076-03-16.29", "dist": "6.804", "sigma_lov": "1.65780", "sigma_imp": "3.105", "ps": "-10.8"}, {"energy": "6.382e-02", "width": "4.2164e-01", "ip": "1.753e-07", "ts": "0", "stretch": "1.4044e+06", "date": "2076-03-15.90", "dist": "0.479", "sigma_lov": "-1.32171", "sigma_imp": "0.000", "ps": "-7.96"}, {"energy": "1.025e-01", "width": "6.2589e-01", "ip": "4.419e-07", "ts": "0", "stretch": "8.6288e+05", "date": "2076-03-16.00", "dist": "0.263", "sigma_lov": "0.91506", "sigma_imp": "0.000", "ps": "-7.39"}, {"energy": "6.636e-02", "width": "1.2958e-01", "ip": "2.566e-07", "ts": "0", "stretch": "1.3213e+06", "date": "2075-03-16.65", "dist": "0.573", "sigma_lov": "-1.12922", "sigma_imp": "0.000", "ps": "-7.77"}, {"energy": "6.636e-02", "width": "6.5382e-02", "ip": "5.978e-07", "ts": "0", "stretch": "3.9680e+05", "date": "2075-03-16.65", "dist": "0.817", "sigma_lov": "-1.13004", "sigma_imp": "0.000", "ps": "-7.41"}, {"energy": "6.113e-02", "width": "1.5275e-01", "ip": "1.231e-10", "ts": "0", "stretch": "1.3337e+06", "date": "2075-03-16.63", "dist": "1.427", "sigma_lov": "-1.55139", "sigma_imp": "2.797", "ps": "-11.1"}, {"energy": "6.385e-02", "width": "3.3734e-01", "ip": "1.423e-07", "ts": "0", "stretch": "5.0204e+05", "date": "2075-03-16.68", "dist": "1.106", "sigma_lov": "-1.32672", "sigma_imp": "0.315", "ps": "-8.04"}, {"energy": "5.929e-02", "width": "6.4041e-01", "ip": "6.430e-08", "ts": "0", "stretch": "1.1807e+06", "date": "2075-03-16.66", "dist": "0.934", "sigma_lov": "-1.70957", "sigma_imp": "0.000", "ps": "-8.41"}, {"energy": "6.436e-02", "width": "5.9015e-01", "ip": "1.715e-07", "ts": "0", "stretch": "9.5322e+05", "date": "2075-03-16.64", "dist": "0.831", "sigma_lov": "-1.28652", "sigma_imp": "0.000", "ps": "-7.96"}, {"energy": "6.045e-02", "width": "5.3102e-01", "ip": "1.863e-09", "ts": "0", "stretch": "2.4116e+06", "date": "2075-03-16.59", "dist": "1.942", "sigma_lov": "-1.60743", "sigma_imp": "1.774", "ps": "-9.94"}, {"energy": "6.304e-02", "width": "5.0881e-01", "ip": "1.695e-07", "ts": "0", "stretch": "1.3662e+06", "date": "2075-03-16.65", "dist": "0.339", "sigma_lov": "-1.39412", "sigma_imp": "0.000", "ps": "-7.97"}, {"energy": "6.028e-02", "width": "0.0000e+00", "ip": "9.019e-08", "ts": "0", "stretch": "1.7558e+06", "date": "2075-03-16.60", "dist": "0.675", "sigma_lov": "-1.62078", "sigma_imp": "0.000", "ps": "-8.26"}, {"energy": "1.690e-01", "width": "5.0136e-01", "ip": "1.361e-06", "ts": "0", "stretch": "5.6555e+03", "date": "2074-03-16.80", "dist": "0.551", "sigma_lov": "2.90759", "sigma_imp": "0.000", "ps": "-6.72"}, {"energy": "1.688e-01", "width": "6.0161e-01", "ip": "7.916e-07", "ts": "0", "stretch": "8.9520e+03", "date": "2074-03-16.80", "dist": "0.600", "sigma_lov": "2.90287", "sigma_imp": "0.000", "ps": "-6.95"}, {"energy": "1.398e-01", "width": "1.2360e+00", "ip": "1.498e-08", "ts": "0", "stretch": "1.5534e+06", "date": "2074-03-16.72", "dist": "1.177", "sigma_lov": "2.18671", "sigma_imp": "0.144", "ps": "-8.74"}, {"energy": "6.604e-02", "width": "2.1999e-01", "ip": "1.459e-07", "ts": "0", "stretch": "2.2910e+06", "date": "2074-03-16.39", "dist": "0.510", "sigma_lov": "-1.15286", "sigma_imp": "0.000", "ps": "-8.01"}, {"energy": "8.121e-02", "width": "5.3519e-01", "ip": "6.354e-08", "ts": "0", "stretch": "3.7009e+06", "date": "2074-03-16.50", "dist": "1.096", "sigma_lov": "-0.14677", "sigma_imp": "0.179", "ps": "-8.30"}, {"energy": "3.919e-02", "width": "5.2118e-01", "ip": "2.211e-09", "ts": "0", "stretch": "4.1934e+04", "date": "2074-03-16.29", "dist": "0.966", "sigma_lov": "-4.02164", "sigma_imp": "0.000", "ps": "-10.0"}, {"energy": "1.749e-01", "width": "7.1261e-01", "ip": "2.229e-09", "ts": "0", "stretch": "1.2237e+05", "date": "2073-03-16.55", "dist": "2.132", "sigma_lov": "3.03965", "sigma_imp": "1.588", "ps": "-9.48"}, {"energy": "1.047e-01", "width": "1.4534e-01", "ip": "2.018e-07", "ts": "0", "stretch": "1.3962e+05", "date": "2073-03-16.40", "dist": "1.140", "sigma_lov": "1.00171", "sigma_imp": "0.962", "ps": "-7.70"}, {"energy": "6.281e-02", "width": "3.1753e-01", "ip": "8.606e-07", "ts": "0", "stretch": "3.2226e+05", "date": "2073-03-16.16", "dist": "0.129", "sigma_lov": "-1.40585", "sigma_imp": "0.000", "ps": "-7.25"}, {"energy": "4.884e-02", "width": "5.6158e-01", "ip": "2.045e-10", "ts": "0", "stretch": "6.2163e+05", "date": "2073-03-16.12", "dist": "2.243", "sigma_lov": "-2.75053", "sigma_imp": "2.213", "ps": "-11.0"}, {"energy": "6.623e-02", "width": "2.6775e-01", "ip": "6.532e-07", "ts": "0", "stretch": "2.3768e+05", "date": "2073-03-16.18", "dist": "0.917", "sigma_lov": "-1.13651", "sigma_imp": "0.000", "ps": "-7.35"}, {"energy": "6.617e-02", "width": "4.0916e-01", "ip": "1.348e-06", "ts": "0", "stretch": "1.0603e+05", "date": "2073-03-16.18", "dist": "0.982", "sigma_lov": "-1.13971", "sigma_imp": "0.000", "ps": "-7.04"}, {"energy": "6.609e-02", "width": "4.1038e-01", "ip": "1.111e-07", "ts": "0", "stretch": "2.3895e+05", "date": "2073-03-16.13", "dist": "1.481", "sigma_lov": "-1.14748", "sigma_imp": "1.171", "ps": "-8.12"}, {"energy": "4.076e-02", "width": "9.7258e-01", "ip": "1.826e-10", "ts": "0", "stretch": "2.0967e+05", "date": "2071-03-16.52", "dist": "2.307", "sigma_lov": "-3.78648", "sigma_imp": "1.344", "ps": "-11.1"}, {"energy": "1.044e-01", "width": "7.5996e-01", "ip": "6.662e-08", "ts": "0", "stretch": "2.1826e+06", "date": "2071-03-16.87", "dist": "1.194", "sigma_lov": "0.98910", "sigma_imp": "0.256", "ps": "-8.17"}, {"energy": "1.105e-01", "width": "3.8490e-02", "ip": "1.275e-07", "ts": "0", "stretch": "1.8561e+06", "date": "2071-03-16.86", "dist": "0.773", "sigma_lov": "1.22970", "sigma_imp": "0.000", "ps": "-7.87"}, {"energy": "1.098e-01", "width": "2.1717e-01", "ip": "2.127e-07", "ts": "0", "stretch": "1.4211e+06", "date": "2071-03-16.86", "dist": "0.555", "sigma_lov": "1.20362", "sigma_imp": "0.000", "ps": "-7.65"}, {"energy": "1.404e-01", "width": "6.5391e-01", "ip": "3.290e-08", "ts": "0", "stretch": "1.0225e+06", "date": "2071-03-16.97", "dist": "0.800", "sigma_lov": "2.20776", "sigma_imp": "0.000", "ps": "-8.37"}, {"energy": "6.501e-02", "width": "3.8490e-02", "ip": "2.035e-07", "ts": "0", "stretch": "1.8226e+06", "date": "2071-03-16.68", "dist": "0.076", "sigma_lov": "-1.23482", "sigma_imp": "0.000", "ps": "-7.85"}, {"energy": "6.836e-02", "width": "2.2440e-01", "ip": "9.717e-07", "ts": "0", "stretch": "4.7827e+05", "date": "2071-03-16.70", "dist": "0.230", "sigma_lov": "-0.98270", "sigma_imp": "0.000", "ps": "-7.15"}, {"energy": "7.130e-02", "width": "1.6025e-01", "ip": "4.385e-07", "ts": "0", "stretch": "1.2415e+06", "date": "2071-03-16.69", "dist": "0.357", "sigma_lov": "-0.77050", "sigma_imp": "0.000", "ps": "-7.48"}, {"energy": "6.411e-02", "width": "2.2433e+00", "ip": "7.753e-07", "ts": "0", "stretch": "1.1817e+05", "date": "2071-03-16.64", "dist": "0.424", "sigma_lov": "-1.30207", "sigma_imp": "0.000", "ps": "-7.27"}, {"energy": "6.410e-02", "width": "1.8561e+00", "ip": "8.818e-07", "ts": "0", "stretch": "1.2369e+05", "date": "2071-03-16.64", "dist": "0.384", "sigma_lov": "-1.30296", "sigma_imp": "0.000", "ps": "-7.22"}, {"energy": "5.066e-02", "width": "4.8707e-01", "ip": "3.650e-08", "ts": "0", "stretch": "3.6496e+05", "date": "2071-03-16.62", "dist": "0.886", "sigma_lov": "-2.54917", "sigma_imp": "0.000", "ps": "-8.68"}, {"energy": "7.021e-02", "width": "0.0000e+00", "ip": "2.477e-07", "ts": "0", "stretch": "2.2285e+06", "date": "2071-03-16.69", "dist": "0.128", "sigma_lov": "-0.84895", "sigma_imp": "0.000", "ps": "-7.74"}, {"energy": "5.353e-02", "width": "4.8215e-01", "ip": "7.307e-08", "ts": "0", "stretch": "5.1528e+05", "date": "2071-03-16.62", "dist": "0.667", "sigma_lov": "-2.24760", "sigma_imp": "0.000", "ps": "-8.36"}, {"energy": "5.347e-02", "width": "9.0602e-01", "ip": "1.598e-08", "ts": "0", "stretch": "9.8882e+05", "date": "2071-03-16.66", "dist": "1.382", "sigma_lov": "-2.25437", "sigma_imp": "0.422", "ps": "-9.02"}, {"energy": "7.018e-02", "width": "2.4520e-01", "ip": "4.198e-07", "ts": "0", "stretch": "1.0400e+06", "date": "2070-03-16.44", "dist": "0.532", "sigma_lov": "-0.85189", "sigma_imp": "0.000", "ps": "-7.50"}, {"energy": "4.042e-02", "width": "3.1299e-01", "ip": "3.470e-10", "ts": "0", "stretch": "5.0569e+04", "date": "2070-03-16.31", "dist": "1.448", "sigma_lov": "-3.83709", "sigma_imp": "1.431", "ps": "-10.8"}, {"energy": "7.100e-02", "width": "3.2050e-01", "ip": "5.350e-08", "ts": "0", "stretch": "2.9543e+06", "date": "2070-03-16.41", "dist": "1.030", "sigma_lov": "-0.79486", "sigma_imp": "0.095", "ps": "-8.39"}, {"energy": "5.609e-02", "width": "3.9969e-01", "ip": "1.299e-08", "ts": "0", "stretch": "1.7709e+06", "date": "2070-03-16.37", "dist": "1.153", "sigma_lov": "-1.99900", "sigma_imp": "0.382", "ps": "-9.09"}, {"energy": "5.607e-02", "width": "9.2803e-01", "ip": "4.624e-09", "ts": "0", "stretch": "4.0018e+06", "date": "2070-03-16.41", "dist": "1.671", "sigma_lov": "-2.00055", "sigma_imp": "0.723", "ps": "-9.54"}, {"energy": "6.595e-02", "width": "8.4970e-01", "ip": "2.217e-08", "ts": "0", "stretch": "2.3166e+06", "date": "2070-03-16.44", "dist": "1.782", "sigma_lov": "-1.16078", "sigma_imp": "0.920", "ps": "-8.80"}, {"energy": "6.959e-02", "width": "0.0000e+00", "ip": "1.358e-07", "ts": "0", "stretch": "3.7308e+06", "date": "2070-03-16.42", "dist": "0.322", "sigma_lov": "-0.89375", "sigma_imp": "0.000", "ps": "-7.99"}, {"energy": "1.580e-01", "width": "1.6667e-01", "ip": "1.609e-08", "ts": "0", "stretch": "7.7936e+05", "date": "2069-03-16.53", "dist": "0.800", "sigma_lov": "2.65607", "sigma_imp": "0.000", "ps": "-8.63"}, {"energy": "1.199e-01", "width": "4.6430e-01", "ip": "2.046e-07", "ts": "0", "stretch": "3.1668e+05", "date": "2069-03-16.45", "dist": "1.094", "sigma_lov": "1.56751", "sigma_imp": "0.202", "ps": "-7.62"}, {"energy": "1.189e-01", "width": "7.3839e-01", "ip": "2.138e-07", "ts": "0", "stretch": "6.7992e+05", "date": "2069-03-16.42", "dist": "0.518", "sigma_lov": "1.53373", "sigma_imp": "0.000", "ps": "-7.60"}, {"energy": "1.170e-01", "width": "1.1627e+00", "ip": "1.454e-08", "ts": "0", "stretch": "9.3759e+05", "date": "2069-03-16.45", "dist": "2.710", "sigma_lov": "1.46766", "sigma_imp": "1.471", "ps": "-8.78"}, {"energy": "1.214e-01", "width": "8.0418e-01", "ip": "2.679e-07", "ts": "0", "stretch": "5.2451e+05", "date": "2069-03-16.43", "dist": "0.066", "sigma_lov": "1.61806", "sigma_imp": "0.000", "ps": "-7.50"}, {"energy": "1.128e-01", "width": "3.3553e-01", "ip": "7.611e-07", "ts": "0", "stretch": "3.0096e+05", "date": "2069-03-16.40", "dist": "0.607", "sigma_lov": "1.31539", "sigma_imp": "0.000", "ps": "-7.07"}, {"energy": "8.683e-02", "width": "2.6294e-01", "ip": "1.378e-07", "ts": "0", "stretch": "5.4535e+06", "date": "2069-03-16.34", "dist": "0.130", "sigma_lov": "0.15280", "sigma_imp": "0.000", "ps": "-7.90"}, {"energy": "7.128e-02", "width": "2.9295e-01", "ip": "1.013e-09", "ts": "0", "stretch": "2.3221e+05", "date": "2069-03-16.22", "dist": "1.894", "sigma_lov": "-0.77778", "sigma_imp": "3.052", "ps": "-10.1"}, {"energy": "7.124e-02", "width": "4.1148e-01", "ip": "1.191e-10", "ts": "0", "stretch": "1.2037e+05", "date": "2069-03-16.24", "dist": "2.575", "sigma_lov": "-0.78035", "sigma_imp": "3.828", "ps": "-11.0"}, {"energy": "7.111e-02", "width": "6.5032e-01", "ip": "5.692e-07", "ts": "0", "stretch": "3.6543e+05", "date": "2069-03-16.16", "dist": "1.034", "sigma_lov": "-0.79046", "sigma_imp": "0.053", "ps": "-7.36"}, {"energy": "7.004e-02", "width": "4.3436e-01", "ip": "1.637e-06", "ts": "0", "stretch": "1.4065e+05", "date": "2069-03-16.20", "dist": "0.893", "sigma_lov": "-0.86438", "sigma_imp": "0.000", "ps": "-6.90"}, {"energy": "6.971e-02", "width": "2.3813e-01", "ip": "1.058e-06", "ts": "0", "stretch": "3.8120e+05", "date": "2069-03-16.19", "dist": "0.579", "sigma_lov": "-0.88980", "sigma_imp": "0.000", "ps": "-7.09"}, {"energy": "6.684e-02", "width": "1.1059e-01", "ip": "3.872e-06", "ts": "0", "stretch": "8.0342e+04", "date": "2069-03-16.19", "dist": "0.683", "sigma_lov": "-1.09869", "sigma_imp": "0.000", "ps": "-6.54"}, {"energy": "6.681e-02", "width": "9.5314e-01", "ip": "2.095e-06", "ts": "0", "stretch": "1.2019e+05", "date": "2069-03-16.16", "dist": "0.051", "sigma_lov": "-1.09967", "sigma_imp": "0.000", "ps": "-6.81"}, {"energy": "5.341e-02", "width": "6.5109e-01", "ip": "1.610e-08", "ts": "0", "stretch": "2.0633e+05", "date": "2069-03-16.14", "dist": "1.884", "sigma_lov": "-2.26407", "sigma_imp": "1.357", "ps": "-9.00"}, {"energy": "2.124e-01", "width": "2.9508e+00", "ip": "1.818e-08", "ts": "0", "stretch": "8.5698e+03", "date": "2068-03-16.28", "dist": "0.516", "sigma_lov": "3.73170", "sigma_imp": "0.000", "ps": "-8.46"}, {"energy": "1.641e-01", "width": "1.3415e+00", "ip": "1.163e-08", "ts": "0", "stretch": "1.6368e+05", "date": "2068-03-16.23", "dist": "2.295", "sigma_lov": "2.80382", "sigma_imp": "0.965", "ps": "-8.75"}, {"energy": "1.187e-01", "width": "1.1428e+00", "ip": "1.343e-08", "ts": "0", "stretch": "1.6153e+06", "date": "2068-03-16.22", "dist": "2.338", "sigma_lov": "1.52721", "sigma_imp": "1.171", "ps": "-8.80"}, {"energy": "1.210e-01", "width": "1.0868e+00", "ip": "5.878e-10", "ts": "0", "stretch": "7.0071e+05", "date": "2068-03-16.24", "dist": "3.987", "sigma_lov": "1.60720", "sigma_imp": "2.748", "ps": "-10.1"}, {"energy": "8.853e-02", "width": "3.0354e-01", "ip": "2.046e-06", "ts": "0", "stretch": "8.7277e+04", "date": "2068-03-16.11", "dist": "1.067", "sigma_lov": "0.25017", "sigma_imp": "0.222", "ps": "-6.72"}, {"energy": "8.849e-02", "width": "9.9066e-01", "ip": "3.111e-06", "ts": "0", "stretch": "9.3793e+04", "date": "2068-03-16.11", "dist": "1.000", "sigma_lov": "0.24865", "sigma_imp": "0.000", "ps": "-6.53"}, {"energy": "8.741e-02", "width": "1.8190e-01", "ip": "2.536e-07", "ts": "0", "stretch": "2.8809e+06", "date": "2068-03-16.08", "dist": "0.304", "sigma_lov": "0.18991", "sigma_imp": "0.000", "ps": "-7.63"}, {"energy": "5.492e-02", "width": "3.8618e-01", "ip": "6.927e-08", "ts": "0", "stretch": "7.2607e+05", "date": "2068-03-15.90", "dist": "0.699", "sigma_lov": "-2.11226", "sigma_imp": "0.000", "ps": "-8.35"}, {"energy": "5.170e-02", "width": "8.0615e-01", "ip": "4.714e-09", "ts": "0", "stretch": "4.3952e+06", "date": "2068-03-15.86", "dist": "0.684", "sigma_lov": "-2.44026", "sigma_imp": "0.000", "ps": "-9.54"}, {"energy": "6.865e-02", "width": "1.9626e+00", "ip": "1.384e-07", "ts": "0", "stretch": "2.5085e+05", "date": "2068-03-15.87", "dist": "3.515", "sigma_lov": "-0.95534", "sigma_imp": "1.282", "ps": "-7.97"}, {"energy": "6.862e-02", "width": "9.0446e-01", "ip": "8.627e-09", "ts": "0", "stretch": "2.2343e+05", "date": "2068-03-15.87", "dist": "3.255", "sigma_lov": "-0.95844", "sigma_imp": "2.494", "ps": "-9.18"}, {"energy": "5.597e-02", "width": "1.1098e+00", "ip": "2.717e-09", "ts": "0", "stretch": "1.3499e+06", "date": "2068-03-15.86", "dist": "2.827", "sigma_lov": "-2.01005", "sigma_imp": "1.646", "ps": "-9.75"}, {"energy": "5.175e-02", "width": "7.6433e-01", "ip": "3.861e-10", "ts": "0", "stretch": "1.6346e+06", "date": "2068-03-15.94", "dist": "2.497", "sigma_lov": "-2.43085", "sigma_imp": "1.959", "ps": "-10.6"}, {"energy": "1.227e-01", "width": "8.7377e-01", "ip": "1.901e-10", "ts": "0", "stretch": "7.6518e+05", "date": "2067-03-16.96", "dist": "3.633", "sigma_lov": "1.66604", "sigma_imp": "3.014", "ps": "-10.6"}, {"energy": "1.331e-01", "width": "8.0921e-01", "ip": "4.867e-08", "ts": "0", "stretch": "8.3274e+05", "date": "2067-03-16.92", "dist": "1.034", "sigma_lov": "1.99161", "sigma_imp": "0.042", "ps": "-8.19"}, {"energy": "7.090e-02", "width": "6.5131e-01", "ip": "1.328e-07", "ts": "0", "stretch": "9.8888e+05", "date": "2067-03-16.67", "dist": "1.299", "sigma_lov": "-0.80346", "sigma_imp": "0.459", "ps": "-7.97"}, {"energy": "6.954e-02", "width": "2.7126e-01", "ip": "8.463e-08", "ts": "0", "stretch": "2.2127e+06", "date": "2067-03-16.68", "dist": "0.935", "sigma_lov": "-0.89890", "sigma_imp": "0.000", "ps": "-8.17"}, {"energy": "6.859e-02", "width": "4.4445e-02", "ip": "2.220e-07", "ts": "0", "stretch": "2.2269e+06", "date": "2067-03-16.66", "dist": "0.154", "sigma_lov": "-0.96502", "sigma_imp": "0.000", "ps": "-7.76"}, {"energy": "5.425e-02", "width": "4.8988e-01", "ip": "1.603e-06", "ts": "0", "stretch": "3.3385e+04", "date": "2067-03-16.67", "dist": "0.450", "sigma_lov": "-2.18156", "sigma_imp": "0.000", "ps": "-6.98"}, {"energy": "5.399e-02", "width": "9.6758e-01", "ip": "7.612e-08", "ts": "0", "stretch": "5.1509e+05", "date": "2067-03-16.64", "dist": "0.245", "sigma_lov": "-2.20433", "sigma_imp": "0.000", "ps": "-8.31"}, {"energy": "7.046e-02", "width": "5.1199e-01", "ip": "7.057e-07", "ts": "0", "stretch": "5.0806e+05", "date": "2067-03-16.69", "dist": "0.588", "sigma_lov": "-0.83099", "sigma_imp": "0.000", "ps": "-7.25"}, {"energy": "7.444e-02", "width": "3.9284e-02", "ip": "6.278e-07", "ts": "0", "stretch": "9.0503e+05", "date": "2067-03-16.73", "dist": "0.549", "sigma_lov": "-0.56317", "sigma_imp": "0.000", "ps": "-7.28"}, {"energy": "7.782e-02", "width": "5.5210e-01", "ip": "1.305e-07", "ts": "0", "stretch": "9.9693e+05", "date": "2067-03-16.71", "dist": "1.345", "sigma_lov": "-0.35091", "sigma_imp": "0.625", "ps": "-7.95"}, {"energy": "1.730e-01", "width": "1.0192e+00", "ip": "1.487e-07", "ts": "0", "stretch": "3.1205e+04", "date": "2066-03-16.83", "dist": "0.447", "sigma_lov": "2.99055", "sigma_imp": "0.000", "ps": "-7.60"}, {"energy": "7.598e-02", "width": "6.0858e-02", "ip": "4.054e-07", "ts": "0", "stretch": "1.6814e+06", "date": "2066-03-16.47", "dist": "0.300", "sigma_lov": "-0.46582", "sigma_imp": "0.000", "ps": "-7.45"}, {"energy": "1.005e-01", "width": "2.1999e-01", "ip": "4.236e-09", "ts": "0", "stretch": "2.2606e+06", "date": "2066-03-16.60", "dist": "1.373", "sigma_lov": "0.81513", "sigma_imp": "1.693", "ps": "-9.34"}, {"energy": "8.628e-02", "width": "4.8687e-01", "ip": "8.093e-09", "ts": "0", "stretch": "9.0478e+06", "date": "2066-03-16.49", "dist": "1.488", "sigma_lov": "0.13056", "sigma_imp": "1.003", "ps": "-9.11"}, {"energy": "8.626e-02", "width": "2.7126e-01", "ip": "2.681e-07", "ts": "0", "stretch": "2.7726e+06", "date": "2066-03-16.51", "dist": "0.187", "sigma_lov": "0.13087", "sigma_imp": "0.000", "ps": "-7.59"}, {"energy": "7.233e-02", "width": "1.5219e-01", "ip": "2.512e-05", "ts": "0", "stretch": "1.8321e+04", "date": "2066-03-16.51", "dist": "0.637", "sigma_lov": "-0.70778", "sigma_imp": "0.000", "ps": "-5.68"}, {"energy": "7.205e-02", "width": "4.8174e-01", "ip": "3.447e-06", "ts": "0", "stretch": "1.0875e+05", "date": "2066-03-16.46", "dist": "0.638", "sigma_lov": "-0.72323", "sigma_imp": "0.000", "ps": "-6.54"}, {"energy": "5.598e-02", "width": "1.0080e+00", "ip": "6.721e-08", "ts": "0", "stretch": "5.7627e+05", "date": "2066-03-16.40", "dist": "1.020", "sigma_lov": "-2.01600", "sigma_imp": "0.020", "ps": "-8.34"}, {"energy": "5.531e-02", "width": "4.2908e-01", "ip": "2.734e-06", "ts": "0", "stretch": "2.9923e+04", "date": "2066-03-16.43", "dist": "0.032", "sigma_lov": "-2.07781", "sigma_imp": "0.000", "ps": "-6.74"}, {"energy": "6.664e-02", "width": "1.3654e-01", "ip": "1.941e-07", "ts": "0", "stretch": "1.4371e+06", "date": "2066-03-16.43", "dist": "0.730", "sigma_lov": "-1.11038", "sigma_imp": "0.000", "ps": "-7.82"}, {"energy": "4.201e-02", "width": "6.4309e-01", "ip": "1.672e-08", "ts": "0", "stretch": "4.9649e+04", "date": "2066-03-16.33", "dist": "0.245", "sigma_lov": "-3.61708", "sigma_imp": "0.000", "ps": "-9.04"}, {"energy": "1.785e-01", "width": "2.2060e+00", "ip": "8.779e-09", "ts": "0", "stretch": "1.9709e+05", "date": "2065-03-16.54", "dist": "0.223", "sigma_lov": "3.11282", "sigma_imp": "0.000", "ps": "-8.81"}, {"energy": "9.843e-02", "width": "7.7879e-02", "ip": "3.149e-05", "ts": "0", "stretch": "1.9324e+04", "date": "2065-03-16.40", "dist": "0.062", "sigma_lov": "0.72904", "sigma_imp": "0.000", "ps": "-5.47"}, {"energy": "7.766e-02", "width": "5.5634e-01", "ip": "4.019e-09", "ts": "0", "stretch": "1.2799e+06", "date": "2065-03-16.19", "dist": "2.234", "sigma_lov": "-0.35458", "sigma_imp": "2.219", "ps": "-9.44"}, {"energy": "7.758e-02", "width": "2.6826e-01", "ip": "8.598e-07", "ts": "0", "stretch": "2.0418e+05", "date": "2065-03-16.25", "dist": "1.044", "sigma_lov": "-0.35903", "sigma_imp": "0.162", "ps": "-7.11"}, {"energy": "7.745e-02", "width": "9.4678e-01", "ip": "3.760e-07", "ts": "0", "stretch": "7.3497e+05", "date": "2065-03-16.22", "dist": "1.029", "sigma_lov": "-0.36655", "sigma_imp": "0.031", "ps": "-7.47"}, {"energy": "7.577e-02", "width": "3.7738e-01", "ip": "5.144e-07", "ts": "0", "stretch": "2.7115e+05", "date": "2065-03-16.25", "dist": "1.163", "sigma_lov": "-0.47348", "sigma_imp": "0.431", "ps": "-7.34"}, {"energy": "7.181e-02", "width": "3.7689e-01", "ip": "3.027e-07", "ts": "0", "stretch": "3.1124e+05", "date": "2065-03-16.22", "dist": "1.228", "sigma_lov": "-0.73470", "sigma_imp": "0.605", "ps": "-7.59"}, {"energy": "7.177e-02", "width": "1.6121e-01", "ip": "2.159e-06", "ts": "0", "stretch": "1.6196e+05", "date": "2065-03-16.23", "dist": "0.773", "sigma_lov": "-0.74008", "sigma_imp": "0.000", "ps": "-6.74"}, {"energy": "7.164e-02", "width": "6.5207e-01", "ip": "1.004e-07", "ts": "0", "stretch": "1.8280e+06", "date": "2065-03-16.20", "dist": "1.137", "sigma_lov": "-0.74572", "sigma_imp": "0.209", "ps": "-8.07"}, {"energy": "5.381e-02", "width": "3.3857e-01", "ip": "3.367e-08", "ts": "0", "stretch": "7.0330e+05", "date": "2065-03-16.14", "dist": "0.955", "sigma_lov": "-2.21861", "sigma_imp": "0.000", "ps": "-8.65"}, {"energy": "5.891e-02", "width": "1.8576e-01", "ip": "1.018e-10", "ts": "0", "stretch": "1.0458e+06", "date": "2065-03-16.14", "dist": "1.532", "sigma_lov": "-1.73845", "sigma_imp": "2.864", "ps": "-11.1"}, {"energy": "1.888e-01", "width": "3.0598e+00", "ip": "1.268e-08", "ts": "0", "stretch": "4.2371e+04", "date": "2064-03-16.36", "dist": "2.069", "sigma_lov": "3.31115", "sigma_imp": "0.349", "ps": "-8.62"}, {"energy": "1.369e-01", "width": "1.6013e+00", "ip": "8.387e-07", "ts": "0", "stretch": "1.4327e+04", "date": "2064-03-16.17", "dist": "2.366", "sigma_lov": "2.10628", "sigma_imp": "0.853", "ps": "-6.92"}, {"energy": "1.350e-01", "width": "2.9122e+00", "ip": "1.239e-07", "ts": "0", "stretch": "1.6602e+05", "date": "2064-03-16.16", "dist": "0.116", "sigma_lov": "2.05235", "sigma_imp": "0.000", "ps": "-7.75"}, {"energy": "5.671e-02", "width": "4.4839e-01", "ip": "1.228e-09", "ts": "0", "stretch": "5.3501e+04", "date": "2064-03-15.92", "dist": "2.353", "sigma_lov": "-1.94477", "sigma_imp": "3.017", "ps": "-10.1"}, {"energy": "1.438e-01", "width": "2.6805e-01", "ip": "5.869e-08", "ts": "0", "stretch": "9.0805e+05", "date": "2063-03-16.96", "dist": "0.197", "sigma_lov": "2.29902", "sigma_imp": "0.000", "ps": "-8.04"}, {"energy": "1.053e-01", "width": "6.4087e-01", "ip": "3.082e-10", "ts": "0", "stretch": "4.4287e+04", "date": "2063-03-16.97", "dist": "3.458", "sigma_lov": "1.01838", "sigma_imp": "3.836", "ps": "-10.4"}, {"energy": "4.432e-02", "width": "5.3812e-01", "ip": "1.008e-09", "ts": "0", "stretch": "2.8462e+05", "date": "2063-03-16.55", "dist": "1.580", "sigma_lov": "-3.30473", "sigma_imp": "1.077", "ps": "-10.2"}, {"energy": "7.613e-02", "width": "1.9500e-01", "ip": "5.633e-07", "ts": "0", "stretch": "1.1624e+06", "date": "2063-03-16.75", "dist": "0.355", "sigma_lov": "-0.45405", "sigma_imp": "0.000", "ps": "-7.28"}, {"energy": "9.753e-02", "width": "5.4728e-01", "ip": "1.352e-09", "ts": "0", "stretch": "1.5981e+06", "date": "2063-03-16.89", "dist": "2.348", "sigma_lov": "0.68689", "sigma_imp": "2.464", "ps": "-9.82"}, {"energy": "8.614e-02", "width": "1.9405e-01", "ip": "3.687e-07", "ts": "0", "stretch": "1.3083e+06", "date": "2063-03-16.79", "dist": "0.736", "sigma_lov": "0.12739", "sigma_imp": "0.000", "ps": "-7.42"}, {"energy": "5.806e-02", "width": "2.4620e-01", "ip": "2.129e-06", "ts": "0", "stretch": "3.0984e+04", "date": "2063-03-16.69", "dist": "0.865", "sigma_lov": "-1.81798", "sigma_imp": "0.000", "ps": "-6.80"}, {"energy": "1.113e-01", "width": "6.4326e-01", "ip": "1.090e-06", "ts": "0", "stretch": "2.1646e+05", "date": "2062-03-16.66", "dist": "0.456", "sigma_lov": "1.25823", "sigma_imp": "0.000", "ps": "-6.86"}, {"energy": "1.106e-01", "width": "1.8994e-01", "ip": "1.116e-05", "ts": "0", "stretch": "2.2004e+04", "date": "2062-03-16.68", "dist": "0.696", "sigma_lov": "1.23355", "sigma_imp": "0.000", "ps": "-5.85"}, {"energy": "1.097e-01", "width": "2.6378e-02", "ip": "2.646e-05", "ts": "0", "stretch": "1.3787e+04", "date": "2062-03-16.68", "dist": "0.348", "sigma_lov": "1.19808", "sigma_imp": "0.000", "ps": "-5.47"}, {"energy": "1.092e-01", "width": "1.8846e-02", "ip": "1.258e-05", "ts": "0", "stretch": "3.1137e+04", "date": "2062-03-16.67", "dist": "0.187", "sigma_lov": "1.17794", "sigma_imp": "0.000", "ps": "-5.80"}, {"energy": "6.224e-02", "width": "4.0062e-02", "ip": "2.177e-07", "ts": "0", "stretch": "1.2025e+06", "date": "2062-03-16.42", "dist": "0.330", "sigma_lov": "-1.45305", "sigma_imp": "0.000", "ps": "-7.76"}, {"energy": "5.784e-02", "width": "9.4282e-02", "ip": "2.827e-08", "ts": "0", "stretch": "1.1990e+06", "date": "2062-03-16.40", "dist": "0.973", "sigma_lov": "-1.83616", "sigma_imp": "0.000", "ps": "-8.67"}, {"energy": "1.493e-01", "width": "2.3618e+00", "ip": "2.639e-08", "ts": "0", "stretch": "2.3162e+05", "date": "2061-03-16.52", "dist": "2.530", "sigma_lov": "2.43873", "sigma_imp": "0.648", "ps": "-8.36"}, {"energy": "4.548e-02", "width": "6.6023e-01", "ip": "1.074e-08", "ts": "0", "stretch": "3.1619e+05", "date": "2061-03-16.08", "dist": "0.501", "sigma_lov": "-3.15985", "sigma_imp": "0.000", "ps": "-9.16"}, {"energy": "1.222e-01", "width": "3.4245e+00", "ip": "1.914e-08", "ts": "0", "stretch": "1.9581e+06", "date": "2061-03-16.45", "dist": "0.010", "sigma_lov": "1.64262", "sigma_imp": "0.000", "ps": "-8.57"}, {"energy": "1.046e-01", "width": "3.7713e-01", "ip": "2.138e-08", "ts": "0", "stretch": "2.4155e+06", "date": "2061-03-16.42", "dist": "1.325", "sigma_lov": "0.98806", "sigma_imp": "0.861", "ps": "-8.57"}, {"energy": "6.023e-02", "width": "1.4273e-01", "ip": "9.957e-06", "ts": "0", "stretch": "1.8525e+04", "date": "2061-03-16.20", "dist": "0.469", "sigma_lov": "-1.62628", "sigma_imp": "0.000", "ps": "-6.10"}, {"energy": "1.089e-01", "width": "3.6107e-01", "ip": "7.206e-08", "ts": "0", "stretch": "4.5098e+06", "date": "2061-03-16.39", "dist": "0.427", "sigma_lov": "1.16183", "sigma_imp": "0.000", "ps": "-8.03"}, {"energy": "6.646e-02", "width": "3.8490e-01", "ip": "4.380e-08", "ts": "0", "stretch": "4.6150e+06", "date": "2061-03-16.17", "dist": "0.825", "sigma_lov": "-1.12469", "sigma_imp": "0.000", "ps": "-8.42"}, {"energy": "1.583e-01", "width": "5.0834e-01", "ip": "2.552e-09", "ts": "0", "stretch": "1.4915e+05", "date": "2060-03-16.27", "dist": "1.942", "sigma_lov": "2.66754", "sigma_imp": "1.853", "ps": "-9.34"}, {"energy": "1.645e-01", "width": "1.3933e+00", "ip": "3.390e-10", "ts": "0", "stretch": "2.8172e+06", "date": "2060-03-16.25", "dist": "2.894", "sigma_lov": "2.81442", "sigma_imp": "1.359", "ps": "-10.2"}, {"energy": "1.643e-01", "width": "1.0115e+00", "ip": "2.407e-08", "ts": "0", "stretch": "2.5841e+05", "date": "2060-03-16.30", "dist": "0.910", "sigma_lov": "2.80788", "sigma_imp": "0.000", "ps": "-8.36"}, {"energy": "4.483e-02", "width": "4.2422e-01", "ip": "1.133e-09", "ts": "0", "stretch": "1.9046e+04", "date": "2060-03-15.85", "dist": "1.969", "sigma_lov": "-3.23687", "sigma_imp": "2.285", "ps": "-10.1"}, {"energy": "6.461e-02", "width": "6.9425e-01", "ip": "6.213e-09", "ts": "0", "stretch": "2.0980e+06", "date": "2060-03-15.95", "dist": "2.085", "sigma_lov": "-1.26467", "sigma_imp": "1.562", "ps": "-9.27"}, {"energy": "4.626e-02", "width": "8.7431e-01", "ip": "6.817e-09", "ts": "0", "stretch": "6.6729e+05", "date": "2059-03-16.50", "dist": "0.116", "sigma_lov": "-3.05853", "sigma_imp": "0.000", "ps": "-9.33"}, {"energy": "2.251e-01", "width": "1.2052e+00", "ip": "7.668e-09", "ts": "0", "stretch": "2.1575e+04", "date": "2059-03-17.12", "dist": "0.385", "sigma_lov": "3.92469", "sigma_imp": "0.000", "ps": "-8.73"}, {"energy": "1.211e-01", "width": "7.1303e-01", "ip": "3.212e-08", "ts": "0", "stretch": "3.3459e+04", "date": "2059-03-16.94", "dist": "2.693", "sigma_lov": "1.61220", "sigma_imp": "2.374", "ps": "-8.33"}, {"energy": "1.201e-01", "width": "3.3507e-01", "ip": "2.289e-10", "ts": "0", "stretch": "2.3379e+04", "date": "2059-03-16.94", "dist": "2.279", "sigma_lov": "1.57658", "sigma_imp": "3.816", "ps": "-10.5"}, {"energy": "6.458e-02", "width": "5.0486e-01", "ip": "9.166e-09", "ts": "0", "stretch": "8.5766e+05", "date": "2059-03-16.70", "dist": "1.876", "sigma_lov": "-1.26781", "sigma_imp": "1.734", "ps": "-9.09"}, {"energy": "5.922e-02", "width": "5.1033e-01", "ip": "8.618e-08", "ts": "0", "stretch": "7.6413e+05", "date": "2059-03-16.68", "dist": "0.990", "sigma_lov": "-1.71567", "sigma_imp": "0.000", "ps": "-8.15"}, {"energy": "4.673e-02", "width": "6.0305e-01", "ip": "2.704e-09", "ts": "0", "stretch": "3.4918e+05", "date": "2059-03-16.63", "dist": "1.581", "sigma_lov": "-3.00088", "sigma_imp": "0.964", "ps": "-9.73"}, {"energy": "1.233e-01", "width": "5.5493e-02", "ip": "3.486e-06", "ts": "0", "stretch": "4.2453e+04", "date": "2058-03-16.74", "dist": "0.647", "sigma_lov": "1.67876", "sigma_imp": "0.000", "ps": "-6.27"}, {"energy": "1.126e-01", "width": "1.1843e+00", "ip": "9.638e-09", "ts": "0", "stretch": "7.0121e+05", "date": "2058-03-16.66", "dist": "3.249", "sigma_lov": "1.30432", "sigma_imp": "1.899", "ps": "-8.86"}, {"energy": "6.406e-02", "width": "1.9113e-01", "ip": "2.403e-06", "ts": "0", "stretch": "1.1934e+04", "date": "2058-03-16.48", "dist": "1.154", "sigma_lov": "-1.31359", "sigma_imp": "0.807", "ps": "-6.66"}, {"energy": "6.300e-02", "width": "2.4877e-01", "ip": "3.351e-07", "ts": "0", "stretch": "4.9291e+04", "date": "2058-03-16.48", "dist": "1.283", "sigma_lov": "-1.39824", "sigma_imp": "1.137", "ps": "-7.52"}, {"energy": "4.625e-02", "width": "1.1836e+00", "ip": "6.064e-07", "ts": "0", "stretch": "3.2025e+03", "date": "2058-03-16.42", "dist": "1.418", "sigma_lov": "-3.06429", "sigma_imp": "0.353", "ps": "-7.37"}, {"energy": "6.091e-02", "width": "4.2919e-01", "ip": "8.469e-09", "ts": "0", "stretch": "2.8917e+06", "date": "2058-03-16.45", "dist": "1.384", "sigma_lov": "-1.57051", "sigma_imp": "0.895", "ps": "-9.13"}, {"energy": "9.697e-02", "width": "1.8743e-01", "ip": "2.008e-06", "ts": "0", "stretch": "3.1178e+05", "date": "2057-03-16.44", "dist": "0.120", "sigma_lov": "0.65785", "sigma_imp": "0.000", "ps": "-6.59"}, {"energy": "9.345e-02", "width": "1.5215e-02", "ip": "2.226e-06", "ts": "0", "stretch": "3.0910e+05", "date": "2057-03-16.42", "dist": "0.227", "sigma_lov": "0.49259", "sigma_imp": "0.000", "ps": "-6.55"}, {"energy": "1.328e-01", "width": "1.6143e+00", "ip": "1.247e-08", "ts": "0", "stretch": "6.1954e+05", "date": "2057-03-16.55", "dist": "3.094", "sigma_lov": "1.98572", "sigma_imp": "1.297", "ps": "-8.68"}, {"energy": "6.908e-02", "width": "3.9127e-01", "ip": "3.188e-09", "ts": "0", "stretch": "2.9533e+06", "date": "2057-03-16.20", "dist": "1.693", "sigma_lov": "-0.92615", "sigma_imp": "1.772", "ps": "-9.50"}, {"energy": "6.596e-02", "width": "4.2774e-01", "ip": "6.498e-07", "ts": "0", "stretch": "2.8027e+04", "date": "2057-03-16.21", "dist": "1.587", "sigma_lov": "-1.15706", "sigma_imp": "1.372", "ps": "-7.21"}, {"energy": "6.563e-02", "width": "8.4523e-02", "ip": "2.215e-05", "ts": "0", "stretch": "1.6660e+04", "date": "2057-03-16.24", "dist": "0.352", "sigma_lov": "-1.18391", "sigma_imp": "0.000", "ps": "-5.68"}, {"energy": "6.502e-02", "width": "1.4192e-01", "ip": "3.960e-06", "ts": "0", "stretch": "5.9763e+04", "date": "2057-03-16.25", "dist": "0.738", "sigma_lov": "-1.23185", "sigma_imp": "0.000", "ps": "-6.43"}, {"energy": "2.501e-01", "width": "3.5812e-01", "ip": "1.495e-10", "ts": "0", "stretch": "2.3678e+05", "date": "2057-03-16.66", "dist": "0.893", "sigma_lov": "4.27387", "sigma_imp": "0.000", "ps": "-10.4"}, {"energy": "4.967e-02", "width": "4.1366e-01", "ip": "1.038e-08", "ts": "0", "stretch": "1.2159e+06", "date": "2056-03-15.85", "dist": "0.746", "sigma_lov": "-2.65887", "sigma_imp": "0.000", "ps": "-9.09"}, {"energy": "1.349e-01", "width": "5.3409e-01", "ip": "8.133e-09", "ts": "0", "stretch": "6.2978e+04", "date": "2055-03-16.96", "dist": "2.235", "sigma_lov": "2.04615", "sigma_imp": "2.313", "ps": "-8.84"}, {"energy": "6.886e-02", "width": "3.8559e-01", "ip": "3.896e-09", "ts": "0", "stretch": "3.0361e+04", "date": "2055-03-16.73", "dist": "2.250", "sigma_lov": "-0.94808", "sigma_imp": "3.241", "ps": "-9.40"}, {"energy": "6.853e-02", "width": "3.0699e-02", "ip": "3.065e-05", "ts": "0", "stretch": "1.3321e+04", "date": "2055-03-16.76", "dist": "0.572", "sigma_lov": "-0.97029", "sigma_imp": "0.000", "ps": "-5.50"}, {"energy": "9.375e-02", "width": "5.6613e-01", "ip": "2.021e-07", "ts": "0", "stretch": "2.4117e+06", "date": "2055-03-16.88", "dist": "0.438", "sigma_lov": "0.50664", "sigma_imp": "0.000", "ps": "-7.57"}, {"energy": "6.475e-02", "width": "3.8490e-02", "ip": "8.582e-08", "ts": "0", "stretch": "3.0186e+06", "date": "2055-03-16.70", "dist": "0.698", "sigma_lov": "-1.25535", "sigma_imp": "0.000", "ps": "-8.07"}, {"energy": "1.427e-01", "width": "9.1748e-01", "ip": "3.710e-09", "ts": "0", "stretch": "1.5811e+05", "date": "2054-03-16.82", "dist": "2.984", "sigma_lov": "2.26817", "sigma_imp": "2.162", "ps": "-9.15"}, {"energy": "7.091e-02", "width": "3.1933e-01", "ip": "1.047e-07", "ts": "0", "stretch": "3.3480e+04", "date": "2054-03-16.49", "dist": "1.695", "sigma_lov": "-0.79826", "sigma_imp": "2.176", "ps": "-7.94"}, {"energy": "7.023e-02", "width": "2.5085e-01", "ip": "3.284e-05", "ts": "0", "stretch": "1.3182e+04", "date": "2054-03-16.51", "dist": "0.544", "sigma_lov": "-0.84271", "sigma_imp": "0.000", "ps": "-5.45"}, {"energy": "6.950e-02", "width": "4.4466e-03", "ip": "6.522e-06", "ts": "0", "stretch": "5.3548e+04", "date": "2054-03-16.50", "dist": "0.757", "sigma_lov": "-0.89613", "sigma_imp": "0.000", "ps": "-6.16"}, {"energy": "5.147e-02", "width": "3.6278e-01", "ip": "1.140e-08", "ts": "0", "stretch": "1.5030e+06", "date": "2054-03-16.40", "dist": "0.860", "sigma_lov": "-2.45935", "sigma_imp": "0.000", "ps": "-9.02"}, {"energy": "9.769e-02", "width": "3.1427e-02", "ip": "1.220e-07", "ts": "0", "stretch": "4.0932e+06", "date": "2054-03-16.62", "dist": "0.603", "sigma_lov": "0.69481", "sigma_imp": "0.000", "ps": "-7.77"}, {"energy": "1.540e-01", "width": "5.7989e-01", "ip": "4.602e-08", "ts": "0", "stretch": "1.1168e+05", "date": "2053-03-16.55", "dist": "1.379", "sigma_lov": "2.55677", "sigma_imp": "0.654", "ps": "-8.02"}, {"energy": "1.497e-01", "width": "6.4390e-01", "ip": "2.589e-09", "ts": "0", "stretch": "1.4991e+05", "date": "2053-03-16.53", "dist": "2.357", "sigma_lov": "2.44961", "sigma_imp": "2.107", "ps": "-9.28"}, {"energy": "5.152e-02", "width": "2.9871e-01", "ip": "5.244e-08", "ts": "0", "stretch": "5.2696e+05", "date": "2053-03-16.18", "dist": "0.582", "sigma_lov": "-2.46330", "sigma_imp": "0.000", "ps": "-8.34"}, {"energy": "3.502e-02", "width": "9.4438e-01", "ip": "2.996e-10", "ts": "0", "stretch": "2.2448e+04", "date": "2052-03-15.82", "dist": "0.539", "sigma_lov": "-4.69473", "sigma_imp": "0.000", "ps": "-10.7"}, {"energy": "1.088e-01", "width": "5.7534e-01", "ip": "5.500e-09", "ts": "0", "stretch": "3.7872e+04", "date": "2052-03-16.24", "dist": "2.765", "sigma_lov": "1.15992", "sigma_imp": "3.068", "ps": "-9.05"}, {"energy": "1.580e-01", "width": "6.0659e-01", "ip": "2.837e-07", "ts": "0", "stretch": "5.4194e+04", "date": "2052-03-16.30", "dist": "0.465", "sigma_lov": "2.66074", "sigma_imp": "0.000", "ps": "-7.21"}, {"energy": "1.647e-01", "width": "1.6092e+00", "ip": "5.012e-09", "ts": "0", "stretch": "8.9447e+05", "date": "2052-03-16.27", "dist": "1.144", "sigma_lov": "2.81484", "sigma_imp": "0.089", "ps": "-8.95"}, {"energy": "5.134e-02", "width": "6.5635e-01", "ip": "3.370e-07", "ts": "0", "stretch": "6.8312e+04", "date": "2052-03-15.94", "dist": "0.509", "sigma_lov": "-2.48012", "sigma_imp": "0.000", "ps": "-7.52"}, {"energy": "7.749e-02", "width": "5.4829e-01", "ip": "6.016e-08", "ts": "0", "stretch": "9.4821e+04", "date": "2051-03-16.77", "dist": "2.193", "sigma_lov": "-0.36988", "sigma_imp": "2.176", "ps": "-8.12"}, {"energy": "5.358e-02", "width": "6.0564e-01", "ip": "8.726e-09", "ts": "0", "stretch": "5.7811e+05", "date": "2051-03-16.67", "dist": "1.693", "sigma_lov": "-2.24456", "sigma_imp": "1.144", "ps": "-9.08"}, {"energy": "4.985e-02", "width": "3.8518e-01", "ip": "1.050e-09", "ts": "0", "stretch": "6.3394e+05", "date": "2051-03-16.69", "dist": "1.613", "sigma_lov": "-2.63809", "sigma_imp": "1.591", "ps": "-10.0"}, {"energy": "1.069e-01", "width": "4.4445e-01", "ip": "7.065e-08", "ts": "0", "stretch": "3.7297e+06", "date": "2051-03-16.91", "dist": "0.672", "sigma_lov": "1.08476", "sigma_imp": "0.000", "ps": "-7.94"}, {"energy": "1.170e-01", "width": "3.4711e-01", "ip": "3.518e-06", "ts": "0", "stretch": "6.9572e+04", "date": "2050-03-16.72", "dist": "0.235", "sigma_lov": "1.46303", "sigma_imp": "0.000", "ps": "-6.19"}, {"energy": "5.615e-02", "width": "4.8049e-01", "ip": "1.490e-08", "ts": "0", "stretch": "1.6525e+06", "date": "2050-03-16.43", "dist": "1.184", "sigma_lov": "-1.99801", "sigma_imp": "0.383", "ps": "-8.82"}, {"energy": "7.472e-02", "width": "3.4427e-01", "ip": "8.121e-08", "ts": "0", "stretch": "1.8512e+06", "date": "2050-03-16.52", "dist": "1.106", "sigma_lov": "-0.55095", "sigma_imp": "0.309", "ps": "-7.99"}, {"energy": "7.173e-02", "width": "2.4646e-01", "ip": "1.023e-08", "ts": "0", "stretch": "1.6189e+06", "date": "2050-03-16.52", "dist": "1.367", "sigma_lov": "-0.75231", "sigma_imp": "1.489", "ps": "-8.90"}, {"energy": "5.184e-02", "width": "4.7436e-01", "ip": "5.936e-10", "ts": "0", "stretch": "1.4014e+05", "date": "2050-03-16.50", "dist": "2.245", "sigma_lov": "-2.42864", "sigma_imp": "2.625", "ps": "-10.2"}, {"energy": "5.164e-02", "width": "4.9874e-01", "ip": "2.902e-08", "ts": "0", "stretch": "6.8302e+05", "date": "2049-03-16.16", "dist": "0.806", "sigma_lov": "-2.44085", "sigma_imp": "0.000", "ps": "-8.55"}, {"energy": "1.918e-01", "width": "2.9096e+00", "ip": "1.454e-09", "ts": "0", "stretch": "6.0567e+04", "date": "2048-03-16.28", "dist": "5.747", "sigma_lov": "3.36648", "sigma_imp": "1.632", "ps": "-9.38"}, {"energy": "1.330e-01", "width": "1.2312e+00", "ip": "3.883e-07", "ts": "0", "stretch": "1.1762e+05", "date": "2048-03-16.25", "dist": "0.678", "sigma_lov": "1.98856", "sigma_imp": "0.000", "ps": "-7.08"}, {"energy": "1.344e-01", "width": "1.6897e+00", "ip": "1.718e-08", "ts": "0", "stretch": "3.7400e+05", "date": "2046-03-16.71", "dist": "3.265", "sigma_lov": "2.03587", "sigma_imp": "1.341", "ps": "-8.40"}, {"energy": "5.776e-02", "width": "1.1855e-01", "ip": "3.796e-06", "ts": "0", "stretch": "3.7977e+04", "date": "2046-03-16.49", "dist": "0.133", "sigma_lov": "-1.84123", "sigma_imp": "0.000", "ps": "-6.35"}, {"energy": "3.780e-02", "width": "7.1940e-01", "ip": "2.138e-09", "ts": "0", "stretch": "3.2566e+04", "date": "2045-03-16.09", "dist": "0.233", "sigma_lov": "-4.23367", "sigma_imp": "0.000", "ps": "-9.73"}, {"energy": "1.651e-01", "width": "1.0062e+00", "ip": "5.493e-10", "ts": "0", "stretch": "3.3776e+05", "date": "2044-03-16.30", "dist": "3.087", "sigma_lov": "2.82061", "sigma_imp": "2.074", "ps": "-9.79"}, {"energy": "1.560e-01", "width": "1.8470e+00", "ip": "1.803e-09", "ts": "0", "stretch": "1.0969e+05", "date": "2044-03-16.25", "dist": "5.258", "sigma_lov": "2.61035", "sigma_imp": "2.306", "ps": "-9.30"}, {"energy": "9.150e-02", "width": "4.1336e-01", "ip": "3.970e-08", "ts": "0", "stretch": "2.9482e+06", "date": "2044-03-16.12", "dist": "1.253", "sigma_lov": "0.39685", "sigma_imp": "0.613", "ps": "-8.14"}, {"energy": "8.654e-02", "width": "1.6330e-01", "ip": "3.816e-08", "ts": "0", "stretch": "2.4147e+06", "date": "2044-03-16.09", "dist": "1.089", "sigma_lov": "0.14267", "sigma_imp": "0.545", "ps": "-8.18"}, {"energy": "3.842e-02", "width": "3.7670e-01", "ip": "3.849e-09", "ts": "0", "stretch": "2.8451e+04", "date": "2044-03-15.87", "dist": "0.487", "sigma_lov": "-4.15047", "sigma_imp": "0.000", "ps": "-9.45"}, {"energy": "3.890e-02", "width": "1.9225e-01", "ip": "6.450e-09", "ts": "0", "stretch": "2.4260e+04", "date": "2043-03-16.63", "dist": "0.592", "sigma_lov": "-4.06614", "sigma_imp": "0.000", "ps": "-9.21"}, {"energy": "1.220e-01", "width": "1.2119e+00", "ip": "1.499e-07", "ts": "0", "stretch": "2.9832e+05", "date": "2040-03-16.26", "dist": "1.664", "sigma_lov": "1.63812", "sigma_imp": "0.548", "ps": "-7.39"}, {"energy": "1.226e-01", "width": "7.9560e-01", "ip": "1.217e-10", "ts": "0", "stretch": "4.3308e+05", "date": "2039-03-16.97", "dist": "3.622", "sigma_lov": "1.65648", "sigma_imp": "3.296", "ps": "-10.5"}, {"energy": "1.335e-01", "width": "3.1939e-01", "ip": "6.149e-08", "ts": "0", "stretch": "6.0312e+05", "date": "2039-03-17.00", "dist": "0.954", "sigma_lov": "2.00090", "sigma_imp": "0.000", "ps": "-7.73"}, {"energy": "1.344e-01", "width": "3.4543e-01", "ip": "1.544e-07", "ts": "0", "stretch": "5.8243e+05", "date": "2037-03-16.54", "dist": "0.279", "sigma_lov": "2.02732", "sigma_imp": "0.000", "ps": "-7.29"}, {"energy": "7.168e-02", "width": "2.6247e-01", "ip": "3.218e-07", "ts": "0", "stretch": "1.7426e+06", "date": "2037-03-16.27", "dist": "0.223", "sigma_lov": "-0.75443", "sigma_imp": "0.000", "ps": "-7.18"}, {"energy": "1.491e-01", "width": "1.3603e+00", "ip": "8.292e-09", "ts": "0", "stretch": "5.9048e+05", "date": "2036-03-16.33", "dist": "2.340", "sigma_lov": "2.43116", "sigma_imp": "0.985", "ps": "-8.50"}, {"energy": "4.691e-02", "width": "4.1836e-01", "ip": "3.471e-07", "ts": "0", "stretch": "2.1547e+04", "date": "2034-03-16.46", "dist": "0.356", "sigma_lov": "-2.98578", "sigma_imp": "0.000", "ps": "-7.23"}, {"energy": "4.814e-02", "width": "1.8814e-01", "ip": "6.205e-07", "ts": "0", "stretch": "2.0395e+04", "date": "2033-03-16.21", "dist": "0.445", "sigma_lov": "-2.82952", "sigma_imp": "0.000", "ps": "-6.94"}, {"energy": "9.752e-02", "width": "3.1564e-01", "ip": "6.019e-08", "ts": "0", "stretch": "7.2167e+05", "date": "2032-03-16.15", "dist": "1.338", "sigma_lov": "0.68395", "sigma_imp": "1.071", "ps": "-7.68"}, {"energy": "8.718e-02", "width": "3.1714e-01", "ip": "2.739e-06", "ts": "0", "stretch": "1.7703e+05", "date": "2093-03-16.35", "dist": "0.686", "sigma_lov": "0.17186", "sigma_imp": "0.000", "ps": "-6.77"}, {"energy": "1.629e-01", "width": "4.0819e+00", "ip": "1.571e-08", "ts": "0", "stretch": "1.2797e+05", "date": "2093-03-16.50", "dist": "2.901", "sigma_lov": "2.77608", "sigma_imp": "0.466", "ps": "-8.79"}, {"energy": "1.631e-01", "width": "1.9096e+00", "ip": "1.572e-08", "ts": "0", "stretch": "1.3603e+05", "date": "2093-03-16.49", "dist": "2.667", "sigma_lov": "2.77956", "sigma_imp": "0.873", "ps": "-8.79"}, {"energy": "5.938e-02", "width": "6.7449e-01", "ip": "2.858e-07", "ts": "0", "stretch": "2.0369e+05", "date": "2094-03-16.32", "dist": "1.132", "sigma_lov": "-1.70172", "sigma_imp": "0.196", "ps": "-7.89"}, {"energy": "5.938e-02", "width": "7.0419e-01", "ip": "8.060e-07", "ts": "0", "stretch": "1.3965e+05", "date": "2094-03-16.33", "dist": "0.534", "sigma_lov": "-1.69864", "sigma_imp": "0.000", "ps": "-7.44"}, {"energy": "5.946e-02", "width": "4.9340e-01", "ip": "2.717e-07", "ts": "0", "stretch": "5.5024e+05", "date": "2094-03-16.33", "dist": "0.310", "sigma_lov": "-1.69447", "sigma_imp": "0.000", "ps": "-7.91"}, {"energy": "1.159e-01", "width": "1.8794e+00", "ip": "7.545e-08", "ts": "0", "stretch": "1.1998e+06", "date": "2094-03-16.60", "dist": "0.394", "sigma_lov": "1.43018", "sigma_imp": "0.000", "ps": "-8.23"}, {"energy": "9.075e-02", "width": "7.4121e-02", "ip": "2.356e-09", "ts": "0", "stretch": "4.4911e+05", "date": "2094-03-16.62", "dist": "1.181", "sigma_lov": "0.35420", "sigma_imp": "2.446", "ps": "-9.82"}, {"energy": "6.124e-02", "width": "4.9591e-01", "ip": "2.388e-09", "ts": "0", "stretch": "1.2085e+06", "date": "2095-03-16.61", "dist": "1.988", "sigma_lov": "-1.53658", "sigma_imp": "1.993", "ps": "-9.96"}, {"energy": "6.136e-02", "width": "5.4674e-01", "ip": "1.676e-09", "ts": "0", "stretch": "7.4928e+05", "date": "2095-03-16.62", "dist": "2.273", "sigma_lov": "-1.52627", "sigma_imp": "2.328", "ps": "-10.1"}, {"energy": "6.400e-02", "width": "1.7778e-01", "ip": "1.152e-08", "ts": "0", "stretch": "1.3048e+07", "date": "2095-03-16.58", "dist": "0.859", "sigma_lov": "-1.30714", "sigma_imp": "0.000", "ps": "-9.26"}, {"energy": "7.661e-02", "width": "1.2571e-01", "ip": "1.413e-08", "ts": "0", "stretch": "1.3345e+07", "date": "2095-03-16.61", "dist": "0.967", "sigma_lov": "-0.41665", "sigma_imp": "0.000", "ps": "-9.11"}, {"energy": "6.161e-02", "width": "5.3368e-01", "ip": "1.291e-07", "ts": "0", "stretch": "1.5418e+06", "date": "2095-03-16.59", "dist": "0.288", "sigma_lov": "-1.50363", "sigma_imp": "0.000", "ps": "-8.23"}, {"energy": "1.401e-01", "width": "2.1115e+00", "ip": "3.990e-10", "ts": "0", "stretch": "5.5888e+06", "date": "2095-03-16.96", "dist": "4.561", "sigma_lov": "2.20394", "sigma_imp": "1.686", "ps": "-10.5"}, {"energy": "1.259e-01", "width": "2.0130e+00", "ip": "4.579e-08", "ts": "0", "stretch": "2.4159e+05", "date": "2095-03-16.92", "dist": "3.595", "sigma_lov": "1.77802", "sigma_imp": "1.289", "ps": "-8.43"}, {"energy": "1.261e-01", "width": "7.6409e-01", "ip": "3.126e-07", "ts": "0", "stretch": "3.1970e+05", "date": "2095-03-16.85", "dist": "0.405", "sigma_lov": "1.78551", "sigma_imp": "0.000", "ps": "-7.59"}, {"energy": "1.261e-01", "width": "4.2292e-01", "ip": "1.756e-07", "ts": "0", "stretch": "6.5190e+05", "date": "2095-03-16.85", "dist": "0.524", "sigma_lov": "1.78711", "sigma_imp": "0.000", "ps": "-7.84"}, {"energy": "7.447e-02", "width": "5.7607e-01", "ip": "1.969e-08", "ts": "0", "stretch": "1.0496e+07", "date": "2096-03-15.85", "dist": "1.105", "sigma_lov": "-0.56215", "sigma_imp": "0.182", "ps": "-8.98"}, {"energy": "6.055e-02", "width": "4.4887e-01", "ip": "3.221e-08", "ts": "0", "stretch": "5.8609e+06", "date": "2096-03-15.81", "dist": "0.211", "sigma_lov": "-1.59761", "sigma_imp": "0.000", "ps": "-8.84"}, {"energy": "6.700e-02", "width": "4.2746e-01", "ip": "1.920e-07", "ts": "0", "stretch": "1.5537e+06", "date": "2096-03-15.84", "dist": "0.575", "sigma_lov": "-1.08314", "sigma_imp": "0.000", "ps": "-8.03"}, {"energy": "6.699e-02", "width": "1.8873e-01", "ip": "2.948e-07", "ts": "0", "stretch": "8.6190e+05", "date": "2096-03-15.86", "dist": "0.766", "sigma_lov": "-1.08328", "sigma_imp": "0.000", "ps": "-7.84"}, {"energy": "7.357e-02", "width": "2.6574e-01", "ip": "6.671e-08", "ts": "0", "stretch": "1.1495e+06", "date": "2096-03-15.90", "dist": "1.186", "sigma_lov": "-0.61985", "sigma_imp": "0.700", "ps": "-8.46"}, {"energy": "7.364e-02", "width": "8.0124e-02", "ip": "1.658e-07", "ts": "0", "stretch": "1.4226e+06", "date": "2096-03-15.91", "dist": "0.916", "sigma_lov": "-0.61602", "sigma_imp": "0.000", "ps": "-8.06"}, {"energy": "6.134e-02", "width": "3.9503e-01", "ip": "1.011e-07", "ts": "0", "stretch": "1.9968e+06", "date": "2096-03-15.81", "dist": "0.357", "sigma_lov": "-1.53428", "sigma_imp": "0.000", "ps": "-8.34"}, {"energy": "7.432e-02", "width": "6.6815e-01", "ip": "1.384e-09", "ts": "0", "stretch": "1.3215e+06", "date": "2096-03-15.92", "dist": "2.719", "sigma_lov": "-0.57248", "sigma_imp": "2.572", "ps": "-10.1"}, {"energy": "6.140e-02", "width": "5.3171e-01", "ip": "1.047e-07", "ts": "0", "stretch": "1.6156e+06", "date": "2096-03-15.82", "dist": "0.493", "sigma_lov": "-1.52958", "sigma_imp": "0.000", "ps": "-8.32"}, {"energy": "1.442e-01", "width": "2.7528e+00", "ip": "6.738e-09", "ts": "0", "stretch": "6.1491e+04", "date": "2096-03-16.25", "dist": "7.289", "sigma_lov": "2.31196", "sigma_imp": "2.285", "ps": "-9.22"}, {"energy": "6.221e-02", "width": "8.4108e-01", "ip": "5.019e-09", "ts": "0", "stretch": "1.7800e+06", "date": "2097-03-16.05", "dist": "2.384", "sigma_lov": "-1.45672", "sigma_imp": "1.646", "ps": "-9.64"}, {"energy": "5.871e-02", "width": "7.9163e-01", "ip": "6.869e-08", "ts": "0", "stretch": "1.3355e+06", "date": "2097-03-16.04", "dist": "0.619", "sigma_lov": "-1.75627", "sigma_imp": "0.000", "ps": "-8.53"}, {"energy": "1.360e-01", "width": "8.6881e+00", "ip": "7.112e-09", "ts": "0", "stretch": "9.0905e+05", "date": "2097-03-16.34", "dist": "1.047", "sigma_lov": "2.08670", "sigma_imp": "0.005", "ps": "-9.22"}, {"energy": "6.066e-02", "width": "3.9312e-01", "ip": "7.961e-10", "ts": "0", "stretch": "3.5280e+05", "date": "2097-03-16.14", "dist": "2.082", "sigma_lov": "-1.58502", "sigma_imp": "2.751", "ps": "-10.5"}, {"energy": "1.363e-01", "width": "3.6000e+00", "ip": "5.691e-09", "ts": "0", "stretch": "1.3199e+06", "date": "2097-03-16.40", "dist": "4.348", "sigma_lov": "2.09371", "sigma_imp": "0.930", "ps": "-9.32"}, {"energy": "1.379e-01", "width": "1.1444e+00", "ip": "3.112e-08", "ts": "0", "stretch": "8.8216e+05", "date": "2097-03-16.38", "dist": "1.095", "sigma_lov": "2.14246", "sigma_imp": "0.083", "ps": "-8.58"}, {"energy": "8.883e-02", "width": "1.6025e-01", "ip": "1.961e-07", "ts": "0", "stretch": "3.2213e+06", "date": "2098-03-16.53", "dist": "0.536", "sigma_lov": "0.26605", "sigma_imp": "0.000", "ps": "-7.93"}, {"energy": "5.880e-02", "width": "9.0791e-01", "ip": "1.926e-07", "ts": "0", "stretch": "5.3009e+05", "date": "2098-03-16.34", "dist": "0.174", "sigma_lov": "-1.74991", "sigma_imp": "0.000", "ps": "-8.08"}, {"energy": "1.028e-01", "width": "3.7596e-01", "ip": "1.028e-06", "ts": "0", "stretch": "4.5607e+05", "date": "2098-03-16.53", "dist": "0.156", "sigma_lov": "0.92424", "sigma_imp": "0.000", "ps": "-7.16"}, {"energy": "1.171e-01", "width": "9.3882e+00", "ip": "8.499e-08", "ts": "0", "stretch": "1.1975e+05", "date": "2098-03-16.73", "dist": "9.987", "sigma_lov": "1.47594", "sigma_imp": "0.957", "ps": "-8.20"}, {"energy": "1.996e-01", "width": "6.4328e+00", "ip": "1.289e-09", "ts": "0", "stretch": "8.4578e+04", "date": "2098-03-16.81", "dist": "5.640", "sigma_lov": "3.51698", "sigma_imp": "0.721", "ps": "-9.83"}, {"energy": "4.853e-02", "width": "3.2996e+00", "ip": "6.772e-10", "ts": "0", "stretch": "3.5190e+04", "date": "2099-03-16.68", "dist": "10.389", "sigma_lov": "-2.79292", "sigma_imp": "2.846", "ps": "-10.6"}, {"energy": "5.662e-02", "width": "1.0416e+00", "ip": "7.901e-08", "ts": "0", "stretch": "6.6000e+05", "date": "2099-03-16.57", "dist": "0.736", "sigma_lov": "-1.95587", "sigma_imp": "0.000", "ps": "-8.49"}, {"energy": "5.862e-02", "width": "1.2593e+00", "ip": "3.563e-08", "ts": "0", "stretch": "1.0326e+06", "date": "2100-03-16.84", "dist": "1.661", "sigma_lov": "-1.76487", "sigma_imp": "0.525", "ps": "-8.83"}, {"energy": "5.413e-02", "width": "9.0650e-01", "ip": "2.324e-09", "ts": "0", "stretch": "1.4827e+07", "date": "2100-03-16.76", "dist": "0.732", "sigma_lov": "-2.18648", "sigma_imp": "0.000", "ps": "-10.0"}, {"energy": "5.386e-02", "width": "8.2911e-01", "ip": "2.180e-08", "ts": "0", "stretch": "1.9012e+06", "date": "2100-03-16.80", "dist": "0.360", "sigma_lov": "-2.21169", "sigma_imp": "0.000", "ps": "-9.07"}, {"energy": "5.828e-02", "width": "1.0647e+00", "ip": "2.857e-09", "ts": "0", "stretch": "9.7442e+04", "date": "2100-03-16.89", "dist": "3.949", "sigma_lov": "-1.79479", "sigma_imp": "2.769", "ps": "-9.93"}, {"energy": "8.733e-02", "width": "1.2571e-01", "ip": "7.832e-08", "ts": "0", "stretch": "9.6887e+06", "date": "2101-03-17.25", "dist": "0.215", "sigma_lov": "0.18706", "sigma_imp": "0.000", "ps": "-8.35"}, {"energy": "1.270e-01", "width": "5.0714e-01", "ip": "6.315e-08", "ts": "0", "stretch": "6.8252e+05", "date": "2101-03-17.37", "dist": "1.114", "sigma_lov": "1.81120", "sigma_imp": "0.225", "ps": "-8.32"}, {"energy": "1.273e-01", "width": "2.2181e-01", "ip": "4.001e-07", "ts": "0", "stretch": "3.6835e+05", "date": "2101-03-17.36", "dist": "0.091", "sigma_lov": "1.82105", "sigma_imp": "0.000", "ps": "-7.51"}, {"energy": "1.396e-01", "width": "3.1373e+00", "ip": "4.591e-08", "ts": "0", "stretch": "7.2402e+04", "date": "2101-03-17.48", "dist": "5.454", "sigma_lov": "2.18361", "sigma_imp": "1.420", "ps": "-8.42"}, {"energy": "1.504e-01", "width": "3.9808e+00", "ip": "4.051e-10", "ts": "0", "stretch": "3.0223e+05", "date": "2101-03-17.55", "dist": "11.157", "sigma_lov": "2.47322", "sigma_imp": "2.552", "ps": "-10.5"}, {"energy": "1.504e-01", "width": "4.3350e+00", "ip": "6.674e-10", "ts": "0", "stretch": "3.1679e+05", "date": "2101-03-17.55", "dist": "11.098", "sigma_lov": "2.47417", "sigma_imp": "2.329", "ps": "-10.2"}, {"energy": "1.867e-01", "width": "5.7098e+00", "ip": "2.248e-10", "ts": "0", "stretch": "3.4042e+05", "date": "2101-03-17.60", "dist": "10.456", "sigma_lov": "3.27857", "sigma_imp": "1.656", "ps": "-10.6"}, {"energy": "1.867e-01", "width": "9.6043e+00", "ip": "9.928e-10", "ts": "0", "stretch": "1.4453e+05", "date": "2101-03-17.58", "dist": "9.899", "sigma_lov": "3.27496", "sigma_imp": "0.927", "ps": "-9.99"}, {"energy": "5.412e-02", "width": "1.1136e+00", "ip": "8.819e-10", "ts": "0", "stretch": "2.2218e+06", "date": "2102-03-17.36", "dist": "2.956", "sigma_lov": "-2.19377", "sigma_imp": "1.756", "ps": "-10.5"}, {"energy": "5.584e-02", "width": "1.0656e+00", "ip": "2.006e-08", "ts": "0", "stretch": "1.2983e+06", "date": "2102-03-17.31", "dist": "1.437", "sigma_lov": "-2.02622", "sigma_imp": "0.410", "ps": "-9.11"}, {"energy": "1.587e-01", "width": "1.6200e+00", "ip": "4.430e-10", "ts": "0", "stretch": "1.1398e+06", "date": "2102-03-17.73", "dist": "4.003", "sigma_lov": "2.67661", "sigma_imp": "1.854", "ps": "-10.4"}, {"energy": "5.586e-02", "width": "1.3445e+00", "ip": "3.568e-10", "ts": "0", "stretch": "3.1317e+05", "date": "2103-03-17.65", "dist": "4.953", "sigma_lov": "-2.01970", "sigma_imp": "2.940", "ps": "-10.9"}, {"energy": "7.037e-02", "width": "1.7916e-01", "ip": "3.485e-07", "ts": "0", "stretch": "1.3467e+06", "date": "2103-03-17.63", "dist": "0.505", "sigma_lov": "-0.83659", "sigma_imp": "0.000", "ps": "-7.79"}, {"energy": "7.214e-02", "width": "1.5714e-02", "ip": "3.267e-07", "ts": "0", "stretch": "1.8889e+06", "date": "2103-03-17.63", "dist": "0.077", "sigma_lov": "-0.71372", "sigma_imp": "0.000", "ps": "-7.81"}, {"energy": "1.599e-01", "width": "1.1278e+01", "ip": "1.370e-09", "ts": "0", "stretch": "6.6293e+05", "date": "2103-03-18.02", "dist": "7.439", "sigma_lov": "2.70929", "sigma_imp": "0.571", "ps": "-9.91"}, {"energy": "7.018e-02", "width": "1.6985e+00", "ip": "3.973e-08", "ts": "0", "stretch": "2.7907e+06", "date": "2104-03-16.72", "dist": "1.920", "sigma_lov": "-0.83378", "sigma_imp": "0.542", "ps": "-8.74"}, {"energy": "6.273e-02", "width": "3.6889e-01", "ip": "6.541e-08", "ts": "0", "stretch": "6.7336e+05", "date": "2104-03-16.75", "dist": "1.228", "sigma_lov": "-1.41707", "sigma_imp": "0.618", "ps": "-8.56"}, {"energy": "6.271e-02", "width": "1.5356e-01", "ip": "1.746e-07", "ts": "0", "stretch": "9.0801e+05", "date": "2104-03-16.76", "dist": "0.800", "sigma_lov": "-1.41581", "sigma_imp": "0.000", "ps": "-8.14"}, {"energy": "5.402e-02", "width": "2.2348e+00", "ip": "2.125e-07", "ts": "0", "stretch": "2.4176e+04", "date": "2104-03-16.86", "dist": "3.733", "sigma_lov": "-2.20090", "sigma_imp": "1.223", "ps": "-8.10"}, {"energy": "5.289e-02", "width": "5.6383e-02", "ip": "6.451e-08", "ts": "0", "stretch": "7.8265e+05", "date": "2104-03-16.78", "dist": "0.384", "sigma_lov": "-2.31446", "sigma_imp": "0.000", "ps": "-8.63"}, {"energy": "8.840e-02", "width": "3.2196e+00", "ip": "7.574e-08", "ts": "0", "stretch": "5.8051e+05", "date": "2104-03-17.09", "dist": "5.092", "sigma_lov": "0.23938", "sigma_imp": "1.271", "ps": "-8.38"}, {"energy": "1.299e-01", "width": "1.1042e+01", "ip": "9.214e-08", "ts": "0", "stretch": "1.3191e+04", "date": "2104-03-17.45", "dist": "21.142", "sigma_lov": "1.89071", "sigma_imp": "1.824", "ps": "-8.16"}, {"energy": "1.311e-01", "width": "1.1484e+01", "ip": "6.303e-08", "ts": "0", "stretch": "7.0530e+03", "date": "2104-03-17.53", "dist": "26.847", "sigma_lov": "1.92657", "sigma_imp": "2.251", "ps": "-8.32"}, {"energy": "1.442e-01", "width": "7.3125e+00", "ip": "5.363e-09", "ts": "0", "stretch": "7.4007e+05", "date": "2105-03-17.42", "dist": "4.195", "sigma_lov": "2.31531", "sigma_imp": "0.437", "ps": "-9.36"}, {"energy": "1.181e-01", "width": "5.1760e+00", "ip": "1.218e-08", "ts": "0", "stretch": "2.2634e+06", "date": "2105-03-17.36", "dist": "2.426", "sigma_lov": "1.51032", "sigma_imp": "0.275", "ps": "-9.08"}, {"energy": "1.182e-01", "width": "2.2873e+00", "ip": "7.193e-10", "ts": "0", "stretch": "3.2841e+06", "date": "2105-03-17.42", "dist": "6.073", "sigma_lov": "1.50974", "sigma_imp": "2.218", "ps": "-10.3"}, {"energy": "1.159e-01", "width": "1.7303e+00", "ip": "2.644e-08", "ts": "0", "stretch": "7.2506e+05", "date": "2105-03-17.40", "dist": "3.275", "sigma_lov": "1.42919", "sigma_imp": "1.315", "ps": "-8.75"}, {"energy": "5.276e-02", "width": "8.2560e-01", "ip": "4.260e-09", "ts": "0", "stretch": "1.5412e+06", "date": "2106-03-17.32", "dist": "1.774", "sigma_lov": "-2.32275", "sigma_imp": "0.937", "ps": "-9.82"}, {"energy": "9.024e-02", "width": "2.5916e-01", "ip": "2.449e-10", "ts": "0", "stretch": "8.0697e+05", "date": "2106-03-17.66", "dist": "1.818", "sigma_lov": "0.33177", "sigma_imp": "3.156", "ps": "-10.9"}, {"energy": "2.380e-01", "width": "1.3025e+01", "ip": "1.586e-10", "ts": "0", "stretch": "3.4983e+04", "date": "2106-03-18.09", "dist": "12.054", "sigma_lov": "4.10206", "sigma_imp": "0.849", "ps": "-10.7"}, {"energy": "6.394e-02", "width": "1.5948e+00", "ip": "2.135e-08", "ts": "0", "stretch": "3.8434e+06", "date": "2108-03-16.67", "dist": "1.586", "sigma_lov": "-1.29930", "sigma_imp": "0.368", "ps": "-9.06"}, {"energy": "6.194e-02", "width": "3.2050e-01", "ip": "9.591e-10", "ts": "0", "stretch": "3.2560e+06", "date": "2108-03-16.82", "dist": "1.615", "sigma_lov": "-1.47688", "sigma_imp": "1.920", "ps": "-10.4"}, {"energy": "7.688e-02", "width": "3.2242e-01", "ip": "2.552e-09", "ts": "0", "stretch": "1.8266e+06", "date": "2108-03-16.86", "dist": "1.696", "sigma_lov": "-0.40237", "sigma_imp": "2.160", "ps": "-9.92"}, {"energy": "1.171e-01", "width": "5.8495e+00", "ip": "2.794e-10", "ts": "0", "stretch": "1.6084e+06", "date": "2108-03-17.29", "dist": "16.929", "sigma_lov": "1.47409", "sigma_imp": "2.723", "ps": "-10.7"}, {"energy": "1.506e-01", "width": "9.0767e+00", "ip": "1.728e-08", "ts": "0", "stretch": "3.6640e+04", "date": "2109-03-17.61", "dist": "15.179", "sigma_lov": "2.47801", "sigma_imp": "1.562", "ps": "-8.86"}, {"energy": "8.876e-02", "width": "7.6981e-02", "ip": "2.368e-07", "ts": "0", "stretch": "3.2093e+06", "date": "2111-03-17.73", "dist": "0.142", "sigma_lov": "0.26627", "sigma_imp": "0.000", "ps": "-7.92"}, {"energy": "1.603e-01", "width": "1.1305e+01", "ip": "2.361e-10", "ts": "0", "stretch": "1.4441e+06", "date": "2112-03-17.40", "dist": "17.455", "sigma_lov": "2.71095", "sigma_imp": "1.456", "ps": "-10.7"}, {"energy": "1.298e-01", "width": "1.1205e+01", "ip": "2.953e-10", "ts": "0", "stretch": "2.6164e+06", "date": "2112-03-17.44", "dist": "23.915", "sigma_lov": "1.88778", "sigma_imp": "2.045", "ps": "-10.7"}, {"energy": "1.755e-01", "width": "6.8637e+00", "ip": "1.746e-09", "ts": "0", "stretch": "5.4305e+04", "date": "2112-03-17.40", "dist": "13.737", "sigma_lov": "3.04932", "sigma_imp": "1.856", "ps": "-9.82"}, {"energy": "8.782e-02", "width": "6.3858e-01", "ip": "5.305e-07", "ts": "0", "stretch": "7.8587e+05", "date": "2113-03-17.17", "dist": "0.706", "sigma_lov": "0.21599", "sigma_imp": "0.000", "ps": "-7.58"}, {"energy": "1.282e-01", "width": "2.6180e+00", "ip": "1.352e-10", "ts": "0", "stretch": "1.9680e+06", "date": "2113-03-17.50", "dist": "8.308", "sigma_lov": "1.84289", "sigma_imp": "2.791", "ps": "-11.0"}, {"energy": "1.294e-01", "width": "8.9131e+00", "ip": "5.316e-09", "ts": "0", "stretch": "2.4564e+05", "date": "2113-03-17.62", "dist": "17.830", "sigma_lov": "1.87819", "sigma_imp": "1.888", "ps": "-9.44"}, {"energy": "1.126e-01", "width": "2.2730e-01", "ip": "3.049e-08", "ts": "0", "stretch": "1.0768e+06", "date": "2115-03-17.76", "dist": "1.175", "sigma_lov": "1.31393", "sigma_imp": "0.771", "ps": "-8.74"}, {"energy": "1.127e-01", "width": "1.1820e+00", "ip": "8.208e-08", "ts": "0", "stretch": "9.0842e+05", "date": "2115-03-17.77", "dist": "1.617", "sigma_lov": "1.31438", "sigma_imp": "0.522", "ps": "-8.31"}, {"energy": "1.300e-01", "width": "1.2102e+01", "ip": "1.231e-09", "ts": "0", "stretch": "1.6729e+06", "date": "2115-03-18.07", "dist": "18.781", "sigma_lov": "1.89504", "sigma_imp": "1.469", "ps": "-10.1"}, {"energy": "1.308e-01", "width": "1.0140e+01", "ip": "8.003e-10", "ts": "0", "stretch": "7.6915e+05", "date": "2115-03-18.13", "dist": "22.869", "sigma_lov": "1.92096", "sigma_imp": "2.157", "ps": "-10.3"}, {"energy": "7.187e-02", "width": "1.6125e+00", "ip": "1.601e-08", "ts": "0", "stretch": "1.7689e+06", "date": "2116-03-16.76", "dist": "3.453", "sigma_lov": "-0.71654", "sigma_imp": "1.521", "ps": "-9.18"}, {"energy": "7.181e-02", "width": "1.0858e-01", "ip": "6.649e-07", "ts": "0", "stretch": "6.7241e+05", "date": "2116-03-16.82", "dist": "0.663", "sigma_lov": "-0.73359", "sigma_imp": "0.000", "ps": "-7.56"}, {"energy": "7.179e-02", "width": "4.5311e-01", "ip": "5.456e-10", "ts": "0", "stretch": "1.5095e+06", "date": "2116-03-16.85", "dist": "2.243", "sigma_lov": "-0.73374", "sigma_imp": "2.743", "ps": "-10.7"}, {"energy": "5.653e-02", "width": "1.2448e+00", "ip": "7.022e-08", "ts": "0", "stretch": "7.7891e+05", "date": "2116-03-16.76", "dist": "0.073", "sigma_lov": "-1.95714", "sigma_imp": "0.000", "ps": "-8.62"}]}