{"summary": {"energy": "2.970e-02", "darc": "1.0252 days", "ip": "6.5221e-07", "h": "27.67", "nobs": "15", "mass": "1.33e+06", "v_inf": "7.99", "first_obs": "2011-Mar-28.31043", "method": "LOV", "pdate": "2017-04-10 00:33:47", "ndop": "0", "cdate": "2017-04-10 00:33:47", "ps_cum": "-7.86", "diameter": "0.0099", "ndel": "0", "v_imp": "13.71", "ps_max": "-8.04", "last_obs": "2011-Mar-29.33567", "fullname": "(2011 FQ16)", "n_imp": "4", "ts_max": "0", "nsat": "0", "des": "2011 FQ16"}, "signature": {"source": "NASA/JPL Sentry Data API", "version": "1.1"}, "data": [{"energy": "2.981e-02", "width": "7.2116e-01", "ip": "4.422e-07", "ts": "0", "stretch": "7.6539e+05", "date": "2114-03-27.17", "dist": "0.160", "sigma_lov": "-0.98780", "sigma_imp": "0.000", "ps": "-8.04"}, {"energy": "2.951e-02", "width": "7.9784e-01", "ip": "2.654e-08", "ts": "0", "stretch": "2.7835e+06", "date": "2108-03-25.30", "dist": "1.626", "sigma_lov": "-1.00215", "sigma_imp": "0.785", "ps": "-9.24"}, {"energy": "2.962e-02", "width": "6.7522e-01", "ip": "3.207e-08", "ts": "0", "stretch": "9.1847e+05", "date": "2105-03-26.30", "dist": "1.877", "sigma_lov": "-1.00601", "sigma_imp": "1.298", "ps": "-9.14"}, {"energy": "2.944e-02", "width": "7.7858e-01", "ip": "1.514e-07", "ts": "0", "stretch": "1.9697e+06", "date": "2105-03-25.46", "dist": "0.296", "sigma_lov": "-1.03156", "sigma_imp": "0.000", "ps": "-8.47"}]}