{"summary": {"energy": "1.327e-03", "darc": "1.0662 days", "ip": "0.0010224429432", "h": "29.69", "nobs": "17", "mass": "8.11e+04", "v_inf": "3.65", "first_obs": "2011-Jan-13.33014", "method": "LOV", "pdate": "2017-04-08 23:53:28", "ndop": "0", "cdate": "2017-04-08 23:53:28", "ps_cum": "-5.41", "diameter": "0.0039", "ndel": "0", "v_imp": "11.73", "ps_max": "-5.81", "last_obs": "2011-Jan-14.39637", "fullname": "(2011 AM37)", "n_imp": "123", "ts_max": "0", "nsat": "0", "des": "2011 AM37"}, "signature": {"source": "NASA/JPL Sentry Data API", "version": "1.1"}, "data": [{"energy": "1.322e-03", "width": "5.5556e-03", "ip": "9.952e-08", "ts": "0", "stretch": "2.5341e+06", "date": "2113-01-09.78", "dist": "0.939", "sigma_lov": "-0.41720", "sigma_imp": "0.000", "ps": "-9.76"}, {"energy": "1.331e-03", "width": "1.3279e-03", "ip": "6.128e-06", "ts": "0", "stretch": "7.2569e+04", "date": "2108-01-11.14", "dist": "0.486", "sigma_lov": "0.94855", "sigma_imp": "0.000", "ps": "-7.95"}, {"energy": "1.316e-03", "width": "5.5556e-03", "ip": "7.684e-08", "ts": "0", "stretch": "2.2956e+06", "date": "2108-01-11.30", "dist": "0.700", "sigma_lov": "-1.53208", "sigma_imp": "0.000", "ps": "-9.85"}, {"energy": "1.332e-03", "width": "4.8611e-03", "ip": "1.100e-06", "ts": "0", "stretch": "5.2651e+05", "date": "2106-01-10.56", "dist": "0.238", "sigma_lov": "0.76347", "sigma_imp": "0.000", "ps": "-8.68"}, {"energy": "1.323e-03", "width": "3.9590e-03", "ip": "1.440e-06", "ts": "0", "stretch": "4.1010e+05", "date": "2103-01-10.81", "dist": "0.045", "sigma_lov": "-0.77421", "sigma_imp": "0.000", "ps": "-8.55"}, {"energy": "1.320e-03", "width": "0.0000e+00", "ip": "1.570e-07", "ts": "0", "stretch": "2.6841e+06", "date": "2102-01-10.50", "dist": "0.695", "sigma_lov": "-0.78576", "sigma_imp": "0.000", "ps": "-9.51"}, {"energy": "1.320e-03", "width": "6.7329e-03", "ip": "5.452e-07", "ts": "0", "stretch": "7.6311e+05", "date": "2099-01-09.63", "dist": "0.286", "sigma_lov": "-1.10350", "sigma_imp": "0.000", "ps": "-8.96"}, {"energy": "1.327e-03", "width": "0.0000e+00", "ip": "5.367e-07", "ts": "0", "stretch": "1.4088e+06", "date": "2099-01-09.64", "dist": "0.302", "sigma_lov": "0.10909", "sigma_imp": "0.000", "ps": "-8.96"}, {"energy": "1.320e-03", "width": "0.0000e+00", "ip": "2.856e-07", "ts": "0", "stretch": "1.4713e+06", "date": "2099-01-09.78", "dist": "0.080", "sigma_lov": "-1.12978", "sigma_imp": "0.000", "ps": "-9.24"}, {"energy": "1.328e-03", "width": "3.9284e-03", "ip": "3.192e-07", "ts": "0", "stretch": "2.3711e+06", "date": "2099-01-09.45", "dist": "0.160", "sigma_lov": "0.28251", "sigma_imp": "0.000", "ps": "-9.19"}, {"energy": "1.322e-03", "width": "3.9284e-03", "ip": "1.596e-07", "ts": "0", "stretch": "1.8457e+06", "date": "2096-01-09.80", "dist": "0.898", "sigma_lov": "-0.59419", "sigma_imp": "0.000", "ps": "-9.47"}, {"energy": "1.326e-03", "width": "7.8568e-03", "ip": "1.796e-07", "ts": "0", "stretch": "2.9369e+06", "date": "2096-01-10.06", "dist": "0.749", "sigma_lov": "0.04659", "sigma_imp": "0.000", "ps": "-9.42"}, {"energy": "1.321e-03", "width": "5.5556e-03", "ip": "1.477e-07", "ts": "0", "stretch": "2.9610e+06", "date": "2095-01-09.44", "dist": "0.104", "sigma_lov": "-1.09198", "sigma_imp": "0.000", "ps": "-9.50"}, {"energy": "1.330e-03", "width": "2.9463e-03", "ip": "3.035e-07", "ts": "0", "stretch": "4.7732e+05", "date": "2093-01-09.82", "dist": "0.968", "sigma_lov": "0.81045", "sigma_imp": "0.000", "ps": "-9.18"}, {"energy": "1.326e-03", "width": "5.5556e-03", "ip": "5.800e-07", "ts": "0", "stretch": "1.3555e+06", "date": "2092-01-10.24", "dist": "0.146", "sigma_lov": "-0.08899", "sigma_imp": "0.000", "ps": "-8.89"}, {"energy": "1.333e-03", "width": "4.6065e-03", "ip": "3.189e-07", "ts": "0", "stretch": "8.4671e+05", "date": "2092-01-10.10", "dist": "0.576", "sigma_lov": "1.32872", "sigma_imp": "0.000", "ps": "-9.15"}, {"energy": "1.324e-03", "width": "3.0108e-03", "ip": "8.088e-06", "ts": "0", "stretch": "6.5893e+04", "date": "2092-01-10.10", "dist": "0.740", "sigma_lov": "-0.11129", "sigma_imp": "0.000", "ps": "-7.75"}, {"energy": "1.326e-03", "width": "6.0541e-03", "ip": "5.636e-07", "ts": "0", "stretch": "5.8438e+05", "date": "2091-01-09.76", "dist": "0.904", "sigma_lov": "0.25370", "sigma_imp": "0.000", "ps": "-8.90"}, {"energy": "1.324e-03", "width": "5.5556e-03", "ip": "4.163e-07", "ts": "0", "stretch": "1.4648e+06", "date": "2091-01-09.68", "dist": "0.637", "sigma_lov": "-0.13335", "sigma_imp": "0.000", "ps": "-9.03"}, {"energy": "1.324e-03", "width": "6.5145e-03", "ip": "4.160e-07", "ts": "0", "stretch": "1.3667e+06", "date": "2091-01-09.70", "dist": "0.695", "sigma_lov": "-0.13397", "sigma_imp": "0.000", "ps": "-9.03"}, {"energy": "1.326e-03", "width": "2.2233e-03", "ip": "2.323e-06", "ts": "0", "stretch": "2.7907e+05", "date": "2090-01-09.51", "dist": "0.571", "sigma_lov": "-0.14210", "sigma_imp": "0.000", "ps": "-8.28"}, {"energy": "1.325e-03", "width": "0.0000e+00", "ip": "1.046e-06", "ts": "0", "stretch": "6.3250e+05", "date": "2090-01-09.62", "dist": "0.477", "sigma_lov": "-0.34172", "sigma_imp": "0.000", "ps": "-8.62"}, {"energy": "1.325e-03", "width": "6.0141e-04", "ip": "3.604e-06", "ts": "0", "stretch": "2.0342e+05", "date": "2089-01-09.70", "dist": "0.370", "sigma_lov": "-0.14853", "sigma_imp": "0.000", "ps": "-8.08"}, {"energy": "1.320e-03", "width": "6.6041e-03", "ip": "5.143e-06", "ts": "0", "stretch": "6.9982e+04", "date": "2088-01-09.97", "dist": "0.625", "sigma_lov": "-1.04800", "sigma_imp": "0.000", "ps": "-7.92"}, {"energy": "1.326e-03", "width": "8.7842e-03", "ip": "2.259e-07", "ts": "0", "stretch": "2.9393e+06", "date": "2087-01-09.72", "dist": "0.551", "sigma_lov": "-0.07893", "sigma_imp": "0.000", "ps": "-9.27"}, {"energy": "1.324e-03", "width": "1.7778e-01", "ip": "2.983e-09", "ts": "0", "stretch": "9.2460e+07", "date": "2087-01-09.22", "dist": "0.928", "sigma_lov": "-0.39293", "sigma_imp": "0.000", "ps": "-11.1"}, {"energy": "1.323e-03", "width": "4.8113e-03", "ip": "6.612e-07", "ts": "0", "stretch": "8.8817e+05", "date": "2087-01-09.86", "dist": "0.304", "sigma_lov": "-0.71842", "sigma_imp": "0.000", "ps": "-8.80"}, {"energy": "1.330e-03", "width": "2.2029e-03", "ip": "8.743e-06", "ts": "0", "stretch": "6.9745e+04", "date": "2086-01-10.23", "dist": "0.220", "sigma_lov": "0.69870", "sigma_imp": "0.000", "ps": "-7.67"}, {"energy": "1.317e-03", "width": "2.2636e-03", "ip": "1.123e-06", "ts": "0", "stretch": "1.3875e+05", "date": "2086-01-10.02", "dist": "0.885", "sigma_lov": "-1.31930", "sigma_imp": "0.000", "ps": "-8.57"}, {"energy": "1.325e-03", "width": "7.6073e-03", "ip": "1.465e-07", "ts": "0", "stretch": "1.5492e+06", "date": "2086-01-09.66", "dist": "0.958", "sigma_lov": "-0.02901", "sigma_imp": "0.000", "ps": "-9.45"}, {"energy": "1.332e-03", "width": "4.8113e-03", "ip": "6.022e-08", "ts": "0", "stretch": "2.3975e+06", "date": "2086-01-09.85", "dist": "0.877", "sigma_lov": "1.39816", "sigma_imp": "0.000", "ps": "-9.83"}, {"energy": "1.323e-03", "width": "0.0000e+00", "ip": "1.926e-07", "ts": "0", "stretch": "3.6228e+06", "date": "2086-01-09.37", "dist": "0.125", "sigma_lov": "-0.50271", "sigma_imp": "0.000", "ps": "-9.33"}, {"energy": "1.326e-03", "width": "1.0842e-03", "ip": "6.940e-06", "ts": "0", "stretch": "8.4390e+04", "date": "2084-01-10.38", "dist": "0.675", "sigma_lov": "0.10689", "sigma_imp": "0.000", "ps": "-7.76"}, {"energy": "1.324e-03", "width": "6.7329e-03", "ip": "1.058e-06", "ts": "0", "stretch": "6.6191e+05", "date": "2084-01-10.03", "dist": "0.065", "sigma_lov": "-0.50727", "sigma_imp": "0.000", "ps": "-8.58"}, {"energy": "1.322e-03", "width": "7.6073e-03", "ip": "2.879e-07", "ts": "0", "stretch": "1.3552e+06", "date": "2084-01-09.75", "dist": "0.833", "sigma_lov": "-0.49642", "sigma_imp": "0.000", "ps": "-9.15"}, {"energy": "1.316e-03", "width": "1.9642e-03", "ip": "1.718e-07", "ts": "0", "stretch": "7.1349e+05", "date": "2084-01-10.68", "dist": "0.834", "sigma_lov": "-1.59934", "sigma_imp": "0.000", "ps": "-9.37"}, {"energy": "1.333e-03", "width": "5.6203e-03", "ip": "8.990e-07", "ts": "0", "stretch": "3.2204e+05", "date": "2083-01-10.16", "dist": "0.360", "sigma_lov": "1.37446", "sigma_imp": "0.000", "ps": "-8.64"}, {"energy": "1.335e-03", "width": "6.1332e-03", "ip": "3.584e-07", "ts": "0", "stretch": "7.9126e+05", "date": "2082-01-09.81", "dist": "0.365", "sigma_lov": "1.38803", "sigma_imp": "0.000", "ps": "-9.03"}, {"energy": "1.327e-03", "width": "5.5556e-03", "ip": "2.299e-07", "ts": "0", "stretch": "2.3609e+06", "date": "2082-01-09.69", "dist": "0.709", "sigma_lov": "0.26813", "sigma_imp": "0.000", "ps": "-9.23"}, {"energy": "1.324e-03", "width": "4.9044e-03", "ip": "4.148e-06", "ts": "0", "stretch": "1.7532e+05", "date": "2081-01-08.93", "dist": "0.192", "sigma_lov": "-0.38458", "sigma_imp": "0.000", "ps": "-7.97"}, {"energy": "1.316e-03", "width": "9.8210e-04", "ip": "2.190e-07", "ts": "0", "stretch": "5.9953e+05", "date": "2081-01-09.76", "dist": "0.776", "sigma_lov": "-1.63969", "sigma_imp": "0.000", "ps": "-9.25"}, {"energy": "1.334e-03", "width": "4.8113e-03", "ip": "1.096e-07", "ts": "0", "stretch": "2.4350e+06", "date": "2080-01-10.15", "dist": "0.457", "sigma_lov": "1.39907", "sigma_imp": "0.000", "ps": "-9.54"}, {"energy": "1.334e-03", "width": "5.8102e-03", "ip": "5.030e-07", "ts": "0", "stretch": "5.6114e+05", "date": "2080-01-10.24", "dist": "0.109", "sigma_lov": "1.43773", "sigma_imp": "0.000", "ps": "-8.87"}, {"energy": "1.326e-03", "width": "6.8042e-03", "ip": "5.756e-07", "ts": "0", "stretch": "1.2829e+06", "date": "2080-01-10.34", "dist": "0.377", "sigma_lov": "-0.04162", "sigma_imp": "0.000", "ps": "-8.82"}, {"energy": "1.319e-03", "width": "4.3921e-03", "ip": "8.837e-08", "ts": "0", "stretch": "1.5331e+06", "date": "2079-01-10.12", "dist": "0.916", "sigma_lov": "-1.31021", "sigma_imp": "0.000", "ps": "-9.63"}, {"energy": "1.330e-03", "width": "1.9642e-03", "ip": "6.988e-07", "ts": "0", "stretch": "6.6241e+05", "date": "2079-01-10.33", "dist": "0.708", "sigma_lov": "0.62610", "sigma_imp": "0.000", "ps": "-8.72"}, {"energy": "1.324e-03", "width": "5.3792e-03", "ip": "7.555e-07", "ts": "0", "stretch": "8.1733e+05", "date": "2078-01-09.75", "dist": "0.614", "sigma_lov": "-0.19699", "sigma_imp": "0.000", "ps": "-8.69"}, {"energy": "1.319e-03", "width": "3.9590e-03", "ip": "1.114e-06", "ts": "0", "stretch": "3.0492e+05", "date": "2078-01-10.27", "dist": "0.133", "sigma_lov": "-1.29998", "sigma_imp": "0.000", "ps": "-8.52"}, {"energy": "1.318e-03", "width": "9.8210e-04", "ip": "2.609e-07", "ts": "0", "stretch": "8.0346e+05", "date": "2077-01-09.72", "dist": "0.316", "sigma_lov": "-1.60298", "sigma_imp": "0.000", "ps": "-9.14"}, {"energy": "1.324e-03", "width": "1.7817e-02", "ip": "2.522e-04", "ts": "0", "stretch": "2.6707e+03", "date": "2077-01-08.96", "dist": "0.441", "sigma_lov": "-0.34890", "sigma_imp": "0.000", "ps": "-6.15"}, {"energy": "1.327e-03", "width": "7.8568e-03", "ip": "6.116e-07", "ts": "0", "stretch": "8.5235e+05", "date": "2077-01-09.26", "dist": "0.734", "sigma_lov": "0.27743", "sigma_imp": "0.000", "ps": "-8.77"}, {"energy": "1.325e-03", "width": "6.2113e-03", "ip": "5.940e-08", "ts": "0", "stretch": "9.7143e+05", "date": "2077-01-09.60", "dist": "0.997", "sigma_lov": "-0.13933", "sigma_imp": "0.000", "ps": "-9.78"}, {"energy": "1.328e-03", "width": "2.4056e-03", "ip": "4.789e-07", "ts": "0", "stretch": "1.0142e+06", "date": "2077-01-10.06", "dist": "0.732", "sigma_lov": "0.47459", "sigma_imp": "0.000", "ps": "-8.87"}, {"energy": "1.324e-03", "width": "2.0246e-03", "ip": "4.675e-07", "ts": "0", "stretch": "3.6181e+05", "date": "2076-01-10.27", "dist": "0.971", "sigma_lov": "-0.47300", "sigma_imp": "0.000", "ps": "-8.88"}, {"energy": "1.322e-03", "width": "6.2113e-03", "ip": "2.587e-07", "ts": "0", "stretch": "1.9228e+06", "date": "2076-01-09.68", "dist": "0.684", "sigma_lov": "-0.56111", "sigma_imp": "0.000", "ps": "-9.14"}, {"energy": "1.328e-03", "width": "0.0000e+00", "ip": "4.059e-07", "ts": "0", "stretch": "1.5786e+06", "date": "2075-01-10.63", "dist": "0.431", "sigma_lov": "0.48268", "sigma_imp": "0.000", "ps": "-8.93"}, {"energy": "1.324e-03", "width": "6.3789e-03", "ip": "1.616e-06", "ts": "0", "stretch": "4.7981e+05", "date": "2075-01-09.78", "dist": "0.038", "sigma_lov": "-0.23574", "sigma_imp": "0.000", "ps": "-8.33"}, {"energy": "1.323e-03", "width": "8.6954e-03", "ip": "7.466e-06", "ts": "0", "stretch": "9.1662e+04", "date": "2075-01-09.57", "dist": "0.094", "sigma_lov": "-0.54619", "sigma_imp": "0.000", "ps": "-7.67"}, {"energy": "1.318e-03", "width": "1.9642e-03", "ip": "2.869e-07", "ts": "0", "stretch": "7.3142e+05", "date": "2073-01-09.58", "dist": "0.057", "sigma_lov": "-1.63378", "sigma_imp": "0.000", "ps": "-9.07"}, {"energy": "1.334e-03", "width": "5.8926e-03", "ip": "1.878e-07", "ts": "0", "stretch": "1.4135e+06", "date": "2073-01-09.33", "dist": "0.396", "sigma_lov": "1.42532", "sigma_imp": "0.000", "ps": "-9.25"}, {"energy": "1.324e-03", "width": "7.3494e-03", "ip": "3.898e-07", "ts": "0", "stretch": "1.6899e+06", "date": "2073-01-09.37", "dist": "0.543", "sigma_lov": "-0.18342", "sigma_imp": "0.000", "ps": "-8.93"}, {"energy": "1.324e-03", "width": "5.5961e-03", "ip": "2.898e-06", "ts": "0", "stretch": "1.2771e+05", "date": "2073-01-09.77", "dist": "0.885", "sigma_lov": "-0.06781", "sigma_imp": "0.000", "ps": "-8.06"}, {"energy": "1.326e-03", "width": "1.1483e-03", "ip": "1.429e-05", "ts": "0", "stretch": "5.2387e+04", "date": "2073-01-09.91", "dist": "0.340", "sigma_lov": "-0.07325", "sigma_imp": "0.000", "ps": "-7.37"}, {"energy": "1.325e-03", "width": "6.9445e-03", "ip": "8.749e-07", "ts": "0", "stretch": "8.6169e+05", "date": "2072-01-10.27", "dist": "0.312", "sigma_lov": "-0.10397", "sigma_imp": "0.000", "ps": "-8.58"}, {"energy": "1.320e-03", "width": "7.5755e-03", "ip": "6.579e-07", "ts": "0", "stretch": "4.0370e+05", "date": "2072-01-10.25", "dist": "0.880", "sigma_lov": "-0.84262", "sigma_imp": "0.000", "ps": "-8.70"}, {"energy": "1.307e-03", "width": "5.6267e-03", "ip": "6.708e-08", "ts": "0", "stretch": "3.8152e+04", "date": "2072-01-10.19", "dist": "0.720", "sigma_lov": "-3.28037", "sigma_imp": "0.000", "ps": "-9.70"}, {"energy": "1.317e-03", "width": "1.0560e-03", "ip": "2.455e-06", "ts": "0", "stretch": "8.1460e+04", "date": "2072-01-10.43", "dist": "0.144", "sigma_lov": "-1.65780", "sigma_imp": "0.000", "ps": "-8.13"}, {"energy": "1.323e-03", "width": "9.0011e-03", "ip": "5.155e-07", "ts": "0", "stretch": "1.2635e+06", "date": "2072-01-09.70", "dist": "0.475", "sigma_lov": "-0.38704", "sigma_imp": "0.000", "ps": "-8.81"}, {"energy": "1.321e-03", "width": "5.3342e-03", "ip": "1.109e-06", "ts": "0", "stretch": "4.9020e+05", "date": "2072-01-10.08", "dist": "0.361", "sigma_lov": "-0.79233", "sigma_imp": "0.000", "ps": "-8.47"}, {"energy": "1.332e-03", "width": "6.2113e-03", "ip": "2.503e-07", "ts": "0", "stretch": "6.1582e+05", "date": "2072-01-10.08", "dist": "0.843", "sigma_lov": "1.43102", "sigma_imp": "0.000", "ps": "-9.12"}, {"energy": "1.328e-03", "width": "7.8568e-03", "ip": "1.335e-07", "ts": "0", "stretch": "5.9265e+06", "date": "2071-01-09.66", "dist": "0.095", "sigma_lov": "0.08761", "sigma_imp": "0.000", "ps": "-9.38"}, {"energy": "1.335e-03", "width": "6.3029e-03", "ip": "2.355e-06", "ts": "0", "stretch": "1.0555e+05", "date": "2071-01-09.95", "dist": "0.442", "sigma_lov": "1.45439", "sigma_imp": "0.000", "ps": "-8.14"}, {"energy": "1.321e-03", "width": "2.9981e-03", "ip": "1.361e-05", "ts": "0", "stretch": "2.4553e+04", "date": "2071-01-10.77", "dist": "0.181", "sigma_lov": "-1.30702", "sigma_imp": "0.000", "ps": "-7.38"}, {"energy": "1.317e-03", "width": "1.4104e-03", "ip": "1.453e-06", "ts": "0", "stretch": "9.9361e+04", "date": "2071-01-10.34", "dist": "0.773", "sigma_lov": "-1.58413", "sigma_imp": "0.000", "ps": "-8.35"}, {"energy": "1.326e-03", "width": "5.8926e-03", "ip": "4.230e-07", "ts": "0", "stretch": "1.8378e+06", "date": "2071-01-09.85", "dist": "0.097", "sigma_lov": "-0.20657", "sigma_imp": "0.000", "ps": "-8.88"}, {"energy": "1.308e-03", "width": "6.1901e-03", "ip": "8.230e-09", "ts": "0", "stretch": "6.6810e+04", "date": "2071-01-10.05", "dist": "0.972", "sigma_lov": "-3.41214", "sigma_imp": "0.000", "ps": "-10.6"}, {"energy": "1.331e-03", "width": "0.0000e+00", "ip": "2.672e-07", "ts": "0", "stretch": "2.5543e+06", "date": "2071-01-10.64", "dist": "0.150", "sigma_lov": "0.53807", "sigma_imp": "0.000", "ps": "-9.08"}, {"energy": "1.324e-03", "width": "7.8568e-03", "ip": "6.838e-08", "ts": "0", "stretch": "1.0720e+07", "date": "2070-01-09.56", "dist": "0.330", "sigma_lov": "-0.23348", "sigma_imp": "0.000", "ps": "-9.67"}, {"energy": "1.327e-03", "width": "5.5556e-03", "ip": "2.647e-07", "ts": "0", "stretch": "2.9068e+06", "date": "2070-01-09.50", "dist": "0.249", "sigma_lov": "0.09209", "sigma_imp": "0.000", "ps": "-9.08"}, {"energy": "1.324e-03", "width": "6.2113e-03", "ip": "7.211e-07", "ts": "0", "stretch": "8.6365e+05", "date": "2070-01-09.82", "dist": "0.613", "sigma_lov": "-0.15376", "sigma_imp": "0.000", "ps": "-8.64"}, {"energy": "1.317e-03", "width": "1.9642e-03", "ip": "2.207e-07", "ts": "0", "stretch": "9.6902e+05", "date": "2070-01-09.84", "dist": "0.208", "sigma_lov": "-1.60936", "sigma_imp": "0.000", "ps": "-9.16"}, {"energy": "1.327e-03", "width": "0.0000e+00", "ip": "2.025e-07", "ts": "0", "stretch": "2.5375e+06", "date": "2070-01-10.08", "dist": "0.693", "sigma_lov": "0.47619", "sigma_imp": "0.000", "ps": "-9.19"}, {"energy": "1.324e-03", "width": "4.4271e-03", "ip": "1.111e-05", "ts": "0", "stretch": "6.4603e+04", "date": "2069-01-09.50", "dist": "0.177", "sigma_lov": "-0.42393", "sigma_imp": "0.000", "ps": "-7.45"}, {"energy": "1.322e-03", "width": "1.1375e-02", "ip": "7.657e-06", "ts": "0", "stretch": "4.2882e+04", "date": "2069-01-09.64", "dist": "0.892", "sigma_lov": "-0.42464", "sigma_imp": "0.000", "ps": "-7.61"}, {"energy": "1.326e-03", "width": "7.0735e-03", "ip": "2.772e-06", "ts": "0", "stretch": "2.8322e+05", "date": "2069-01-09.48", "dist": "0.055", "sigma_lov": "-0.17101", "sigma_imp": "0.000", "ps": "-8.05"}, {"energy": "1.324e-03", "width": "4.9927e-03", "ip": "1.395e-06", "ts": "0", "stretch": "1.5977e+05", "date": "2069-01-09.66", "dist": "0.959", "sigma_lov": "-0.17348", "sigma_imp": "0.000", "ps": "-8.35"}, {"energy": "1.331e-03", "width": "1.9642e-03", "ip": "2.012e-06", "ts": "0", "stretch": "3.4355e+05", "date": "2068-01-11.10", "dist": "0.146", "sigma_lov": "0.51544", "sigma_imp": "0.000", "ps": "-8.18"}, {"energy": "1.325e-03", "width": "6.5053e-03", "ip": "3.075e-06", "ts": "0", "stretch": "2.3173e+05", "date": "2068-01-10.21", "dist": "0.139", "sigma_lov": "-0.45484", "sigma_imp": "0.000", "ps": "-8.00"}, {"energy": "1.334e-03", "width": "6.8042e-03", "ip": "1.325e-07", "ts": "0", "stretch": "1.8798e+06", "date": "2068-01-09.95", "dist": "0.547", "sigma_lov": "1.40433", "sigma_imp": "0.000", "ps": "-9.36"}, {"energy": "1.329e-03", "width": "2.7778e-03", "ip": "8.179e-07", "ts": "0", "stretch": "8.2395e+05", "date": "2067-01-10.72", "dist": "0.239", "sigma_lov": "0.52835", "sigma_imp": "0.000", "ps": "-8.56"}, {"energy": "1.328e-03", "width": "2.7778e-03", "ip": "3.490e-07", "ts": "0", "stretch": "1.4295e+06", "date": "2067-01-10.71", "dist": "0.679", "sigma_lov": "0.56612", "sigma_imp": "0.000", "ps": "-8.93"}, {"energy": "1.323e-03", "width": "7.7952e-03", "ip": "1.251e-06", "ts": "0", "stretch": "5.6450e+05", "date": "2067-01-09.83", "dist": "0.045", "sigma_lov": "-0.49252", "sigma_imp": "0.000", "ps": "-8.38"}, {"energy": "1.325e-03", "width": "7.3821e-03", "ip": "5.490e-07", "ts": "0", "stretch": "5.0560e+05", "date": "2067-01-10.17", "dist": "0.937", "sigma_lov": "0.05119", "sigma_imp": "0.000", "ps": "-8.74"}, {"energy": "1.326e-03", "width": "7.2409e-03", "ip": "1.345e-05", "ts": "0", "stretch": "5.8188e+04", "date": "2067-01-10.18", "dist": "0.191", "sigma_lov": "-0.02433", "sigma_imp": "0.000", "ps": "-7.35"}, {"energy": "1.325e-03", "width": "6.1745e-03", "ip": "1.766e-05", "ts": "0", "stretch": "3.8091e+04", "date": "2067-01-10.38", "dist": "0.537", "sigma_lov": "-0.03211", "sigma_imp": "0.000", "ps": "-7.23"}, {"energy": "1.327e-03", "width": "1.9642e-03", "ip": "8.793e-07", "ts": "0", "stretch": "9.0449e+05", "date": "2067-01-10.21", "dist": "0.056", "sigma_lov": "0.05784", "sigma_imp": "0.000", "ps": "-8.53"}, {"energy": "1.323e-03", "width": "5.5556e-03", "ip": "3.781e-07", "ts": "0", "stretch": "1.8511e+06", "date": "2067-01-09.92", "dist": "0.422", "sigma_lov": "-0.25679", "sigma_imp": "0.000", "ps": "-8.90"}, {"energy": "1.325e-03", "width": "7.3494e-03", "ip": "3.264e-08", "ts": "0", "stretch": "2.7128e+06", "date": "2066-01-09.76", "dist": "0.992", "sigma_lov": "-0.20165", "sigma_imp": "0.000", "ps": "-9.95"}, {"energy": "1.329e-03", "width": "9.8210e-04", "ip": "2.708e-07", "ts": "0", "stretch": "6.1166e+05", "date": "2065-01-10.08", "dist": "0.970", "sigma_lov": "0.57536", "sigma_imp": "0.000", "ps": "-9.02"}, {"energy": "1.322e-03", "width": "7.7486e-03", "ip": "9.345e-07", "ts": "0", "stretch": "2.9396e+05", "date": "2065-01-09.48", "dist": "0.910", "sigma_lov": "-0.60380", "sigma_imp": "0.000", "ps": "-8.49"}, {"energy": "1.323e-03", "width": "8.0606e-03", "ip": "2.105e-05", "ts": "0", "stretch": "2.8290e+04", "date": "2065-01-09.48", "dist": "0.271", "sigma_lov": "-0.71322", "sigma_imp": "0.000", "ps": "-7.14"}, {"energy": "1.316e-03", "width": "1.1114e-03", "ip": "6.288e-05", "ts": "0", "stretch": "3.0169e+03", "date": "2064-01-11.01", "dist": "0.472", "sigma_lov": "-1.61944", "sigma_imp": "0.000", "ps": "-6.65"}, {"energy": "1.308e-03", "width": "5.9419e-03", "ip": "1.687e-06", "ts": "0", "stretch": "1.7053e+03", "date": "2064-01-10.74", "dist": "0.046", "sigma_lov": "-3.35482", "sigma_imp": "0.000", "ps": "-8.23"}, {"energy": "1.324e-03", "width": "6.2113e-03", "ip": "2.346e-07", "ts": "0", "stretch": "3.0434e+06", "date": "2064-01-10.16", "dist": "0.401", "sigma_lov": "-0.21639", "sigma_imp": "0.000", "ps": "-9.08"}, {"energy": "1.320e-03", "width": "7.8568e-03", "ip": "1.307e-07", "ts": "0", "stretch": "2.1659e+06", "date": "2064-01-10.01", "dist": "0.864", "sigma_lov": "-0.83782", "sigma_imp": "0.000", "ps": "-9.33"}, {"energy": "1.326e-03", "width": "8.9068e-03", "ip": "1.959e-07", "ts": "0", "stretch": "3.8318e+06", "date": "2063-01-09.94", "dist": "0.245", "sigma_lov": "-0.24603", "sigma_imp": "0.000", "ps": "-9.15"}, {"energy": "1.325e-03", "width": "7.1329e-03", "ip": "3.467e-06", "ts": "0", "stretch": "2.0965e+05", "date": "2063-01-10.18", "dist": "0.202", "sigma_lov": "-0.38022", "sigma_imp": "0.000", "ps": "-7.90"}, {"energy": "1.336e-03", "width": "6.2932e-03", "ip": "1.484e-04", "ts": "0", "stretch": "1.9840e+03", "date": "2063-01-10.54", "dist": "0.029", "sigma_lov": "1.41189", "sigma_imp": "0.000", "ps": "-6.27"}, {"energy": "1.325e-03", "width": "3.6747e-03", "ip": "2.147e-07", "ts": "0", "stretch": "1.1449e+06", "date": "2063-01-10.15", "dist": "0.950", "sigma_lov": "-0.17798", "sigma_imp": "0.000", "ps": "-9.11"}, {"energy": "1.328e-03", "width": "7.8841e-03", "ip": "2.964e-05", "ts": "0", "stretch": "2.5697e+04", "date": "2062-01-10.04", "dist": "0.137", "sigma_lov": "0.27200", "sigma_imp": "0.000", "ps": "-6.96"}, {"energy": "1.328e-03", "width": "1.7010e-03", "ip": "7.910e-07", "ts": "0", "stretch": "4.0850e+05", "date": "2061-01-10.19", "dist": "0.886", "sigma_lov": "0.52286", "sigma_imp": "0.000", "ps": "-8.52"}, {"energy": "1.324e-03", "width": "8.0986e-03", "ip": "1.433e-06", "ts": "0", "stretch": "4.8783e+05", "date": "2061-01-09.38", "dist": "0.304", "sigma_lov": "-0.40938", "sigma_imp": "0.000", "ps": "-8.26"}, {"energy": "1.327e-03", "width": "1.2276e-03", "ip": "3.907e-06", "ts": "0", "stretch": "1.9805e+05", "date": "2060-01-10.66", "dist": "0.237", "sigma_lov": "-0.05992", "sigma_imp": "0.000", "ps": "-7.82"}, {"energy": "1.305e-03", "width": "7.1903e-03", "ip": "8.193e-09", "ts": "0", "stretch": "5.1057e+04", "date": "2057-01-09.48", "dist": "0.605", "sigma_lov": "-3.82871", "sigma_imp": "0.000", "ps": "-10.5"}, {"energy": "1.325e-03", "width": "7.8568e-03", "ip": "3.057e-07", "ts": "0", "stretch": "2.3293e+06", "date": "2057-01-09.35", "dist": "0.321", "sigma_lov": "-0.34486", "sigma_imp": "0.000", "ps": "-8.89"}, {"energy": "1.305e-03", "width": "7.3031e-03", "ip": "9.269e-09", "ts": "0", "stretch": "8.1924e+04", "date": "2056-01-10.30", "dist": "0.163", "sigma_lov": "-3.72770", "sigma_imp": "0.000", "ps": "-10.4"}, {"energy": "1.330e-03", "width": "1.1743e-03", "ip": "1.905e-05", "ts": "0", "stretch": "3.7007e+04", "date": "2055-01-10.87", "dist": "0.134", "sigma_lov": "0.47883", "sigma_imp": "0.000", "ps": "-7.08"}, {"energy": "1.325e-03", "width": "4.8238e-03", "ip": "7.435e-07", "ts": "0", "stretch": "3.5217e+05", "date": "2055-01-10.62", "dist": "0.942", "sigma_lov": "-0.19604", "sigma_imp": "0.000", "ps": "-8.49"}, {"energy": "1.328e-03", "width": "1.2028e-03", "ip": "7.603e-07", "ts": "0", "stretch": "5.5453e+05", "date": "2054-01-10.31", "dist": "0.793", "sigma_lov": "0.53477", "sigma_imp": "0.000", "ps": "-8.46"}, {"energy": "1.328e-03", "width": "1.0770e-03", "ip": "2.864e-04", "ts": "0", "stretch": "2.0740e+03", "date": "2048-01-11.42", "dist": "0.499", "sigma_lov": "0.55098", "sigma_imp": "0.000", "ps": "-5.81"}, {"energy": "1.324e-03", "width": "1.9642e-03", "ip": "3.042e-07", "ts": "0", "stretch": "1.1779e+06", "date": "2044-01-10.87", "dist": "0.883", "sigma_lov": "-0.29995", "sigma_imp": "0.000", "ps": "-8.72"}, {"energy": "1.299e-03", "width": "2.2473e-03", "ip": "2.182e-10", "ts": "0", "stretch": "8.7151e+03", "date": "2041-01-10.38", "dist": "0.812", "sigma_lov": "-4.98344", "sigma_imp": "0.000", "ps": "-11.8"}, {"energy": "1.331e-03", "width": "1.4577e-03", "ip": "5.281e-06", "ts": "0", "stretch": "1.0131e+05", "date": "2108-01-11.13", "dist": "0.080", "sigma_lov": "0.89060", "sigma_imp": "0.000", "ps": "-8.01"}]}