{"summary": {"energy": "9.898e-01", "darc": ".44921 days", "ip": "4.112966e-07", "h": "25.12", "nobs": "9", "mass": "4.57e+07", "v_inf": "7.61", "first_obs": "2011-Jan-13.2805", "method": "LOV", "pdate": "2017-04-09 21:23:58", "ndop": "0", "cdate": "2017-04-09 21:23:58", "ps_cum": "-6.66", "diameter": "0.0321495944775619", "ndel": "0", "v_imp": "13.51", "ps_max": "-8.03", "last_obs": "2011-Jan-13.72971", "fullname": "(2011 AZ36)", "n_imp": "176", "ts_max": "0", "nsat": "0", "des": "2011 AZ36"}, "signature": {"source": "NASA/JPL Sentry Data API", "version": "1.1"}, "data": [{"energy": "9.224e-01", "width": "1.8413e+01", "ip": "1.278e-10", "ts": "0", "stretch": "3.0326e+06", "date": "2103-12-23.51", "dist": "35.489", "sigma_lov": "-2.19211", "sigma_imp": "1.873", "ps": "-10.3"}, {"energy": "9.222e-01", "width": "1.8138e+01", "ip": "1.971e-10", "ts": "0", "stretch": "2.6111e+06", "date": "2103-12-23.55", "dist": "32.302", "sigma_lov": "-2.19338", "sigma_imp": "1.726", "ps": "-10.1"}, {"energy": "9.334e-01", "width": "2.3677e+01", "ip": "3.192e-10", "ts": "0", "stretch": "2.7825e+06", "date": "2102-12-22.91", "dist": "33.365", "sigma_lov": "-2.09035", "sigma_imp": "1.367", "ps": "-9.93"}, {"energy": "9.333e-01", "width": "2.4131e+01", "ip": "6.431e-10", "ts": "0", "stretch": "1.6792e+06", "date": "2102-12-22.98", "dist": "30.035", "sigma_lov": "-2.09219", "sigma_imp": "1.203", "ps": "-9.63"}, {"energy": "1.000e+00", "width": "1.1042e+02", "ip": "1.091e-08", "ts": "0", "stretch": "1.5529e+05", "date": "2102-12-18.38", "dist": "24.903", "sigma_lov": "-1.38686", "sigma_imp": "0.216", "ps": "-8.37"}, {"energy": "9.333e-01", "width": "6.1986e+01", "ip": "8.160e-10", "ts": "0", "stretch": "9.2721e+05", "date": "2102-12-16.35", "dist": "82.446", "sigma_lov": "-1.72513", "sigma_imp": "1.314", "ps": "-9.52"}, {"energy": "9.351e-01", "width": "8.7163e+01", "ip": "5.227e-09", "ts": "0", "stretch": "1.2173e+05", "date": "2101-12-13.46", "dist": "117.820", "sigma_lov": "-1.60660", "sigma_imp": "1.340", "ps": "-8.71"}, {"energy": "9.367e-01", "width": "1.9014e+01", "ip": "6.065e-09", "ts": "0", "stretch": "2.3953e+05", "date": "2100-12-24.78", "dist": "16.795", "sigma_lov": "-2.24315", "sigma_imp": "0.831", "ps": "-8.64"}, {"energy": "9.089e-01", "width": "1.9117e+01", "ip": "2.594e-10", "ts": "0", "stretch": "6.9475e+05", "date": "2099-12-26.02", "dist": "28.205", "sigma_lov": "-2.79489", "sigma_imp": "1.423", "ps": "-10.0"}, {"energy": "9.166e-01", "width": "2.5058e+01", "ip": "2.381e-10", "ts": "0", "stretch": "8.3086e+05", "date": "2099-12-20.59", "dist": "54.466", "sigma_lov": "-2.12669", "sigma_imp": "2.134", "ps": "-10.0"}, {"energy": "9.169e-01", "width": "2.3218e+01", "ip": "1.481e-10", "ts": "0", "stretch": "7.8504e+05", "date": "2099-12-20.61", "dist": "56.538", "sigma_lov": "-2.12920", "sigma_imp": "2.392", "ps": "-10.3"}, {"energy": "9.852e-01", "width": "1.4680e+02", "ip": "1.086e-08", "ts": "0", "stretch": "1.1059e+05", "date": "2099-12-14.63", "dist": "63.503", "sigma_lov": "-1.38011", "sigma_imp": "0.426", "ps": "-8.36"}, {"energy": "9.196e-01", "width": "7.2332e+01", "ip": "2.096e-09", "ts": "0", "stretch": "2.2917e+05", "date": "2099-12-13.75", "dist": "109.949", "sigma_lov": "-1.74210", "sigma_imp": "1.506", "ps": "-9.10"}, {"energy": "9.076e-01", "width": "9.2890e+00", "ip": "6.312e-10", "ts": "0", "stretch": "7.7567e+05", "date": "2098-12-27.60", "dist": "5.309", "sigma_lov": "-3.01800", "sigma_imp": "0.464", "ps": "-9.62"}, {"energy": "9.115e-01", "width": "1.4299e+01", "ip": "2.464e-10", "ts": "0", "stretch": "1.9857e+05", "date": "2098-12-22.95", "dist": "39.354", "sigma_lov": "-2.36633", "sigma_imp": "2.682", "ps": "-10.0"}, {"energy": "9.115e-01", "width": "1.4144e+01", "ip": "2.863e-10", "ts": "0", "stretch": "1.6040e+05", "date": "2098-12-22.97", "dist": "39.293", "sigma_lov": "-2.36767", "sigma_imp": "2.707", "ps": "-9.96"}, {"energy": "9.117e-01", "width": "1.4348e+01", "ip": "1.384e-10", "ts": "0", "stretch": "4.7026e+05", "date": "2098-12-22.99", "dist": "37.907", "sigma_lov": "-2.36965", "sigma_imp": "2.572", "ps": "-10.3"}, {"energy": "9.303e-01", "width": "9.2927e+01", "ip": "4.089e-09", "ts": "0", "stretch": "1.2116e+05", "date": "2098-12-11.92", "dist": "137.341", "sigma_lov": "-1.61131", "sigma_imp": "1.467", "ps": "-8.80"}, {"energy": "9.222e-01", "width": "1.2939e+01", "ip": "1.713e-09", "ts": "0", "stretch": "2.5240e+05", "date": "2097-12-28.07", "dist": "7.914", "sigma_lov": "-2.94039", "sigma_imp": "0.534", "ps": "-9.18"}, {"energy": "9.414e-01", "width": "3.1931e+01", "ip": "3.624e-09", "ts": "0", "stretch": "3.5345e+05", "date": "2097-12-19.77", "dist": "38.347", "sigma_lov": "-1.89181", "sigma_imp": "1.170", "ps": "-8.85"}, {"energy": "9.417e-01", "width": "2.8917e+01", "ip": "4.358e-09", "ts": "0", "stretch": "2.6425e+05", "date": "2097-12-19.81", "dist": "39.313", "sigma_lov": "-1.89324", "sigma_imp": "1.325", "ps": "-8.77"}, {"energy": "9.231e-01", "width": "2.2673e+01", "ip": "2.833e-10", "ts": "0", "stretch": "1.3230e+06", "date": "2096-12-20.94", "dist": "42.754", "sigma_lov": "-2.14788", "sigma_imp": "1.842", "ps": "-9.95"}, {"energy": "9.231e-01", "width": "2.2260e+01", "ip": "2.581e-10", "ts": "0", "stretch": "1.0702e+06", "date": "2096-12-20.99", "dist": "45.550", "sigma_lov": "-2.15173", "sigma_imp": "2.001", "ps": "-9.99"}, {"energy": "9.323e-01", "width": "1.4441e+01", "ip": "1.966e-09", "ts": "0", "stretch": "2.6090e+05", "date": "2096-12-27.68", "dist": "9.001", "sigma_lov": "-2.84036", "sigma_imp": "0.554", "ps": "-9.11"}, {"energy": "9.320e-01", "width": "1.5264e+01", "ip": "2.219e-09", "ts": "0", "stretch": "2.2464e+05", "date": "2096-12-27.67", "dist": "8.900", "sigma_lov": "-2.83952", "sigma_imp": "0.518", "ps": "-9.06"}, {"energy": "9.869e-01", "width": "1.5201e+02", "ip": "1.420e-08", "ts": "0", "stretch": "8.3384e+04", "date": "2096-12-13.93", "dist": "62.458", "sigma_lov": "-1.37184", "sigma_imp": "0.404", "ps": "-8.23"}, {"energy": "9.229e-01", "width": "2.4716e+01", "ip": "7.861e-10", "ts": "0", "stretch": "4.3727e+05", "date": "2096-12-20.85", "dist": "46.938", "sigma_lov": "-2.13614", "sigma_imp": "1.859", "ps": "-9.51"}, {"energy": "9.034e-01", "width": "1.3051e+01", "ip": "3.237e-10", "ts": "0", "stretch": "6.3033e+05", "date": "2095-12-27.70", "dist": "13.458", "sigma_lov": "-3.07340", "sigma_imp": "0.955", "ps": "-9.90"}, {"energy": "9.040e-01", "width": "1.3625e+01", "ip": "3.997e-10", "ts": "0", "stretch": "5.1405e+05", "date": "2095-12-27.82", "dist": "13.152", "sigma_lov": "-3.07846", "sigma_imp": "0.892", "ps": "-9.81"}, {"energy": "9.165e-01", "width": "1.7602e+01", "ip": "2.295e-10", "ts": "0", "stretch": "1.1381e+06", "date": "2095-12-23.98", "dist": "33.799", "sigma_lov": "-2.39089", "sigma_imp": "1.863", "ps": "-10.0"}, {"energy": "9.162e-01", "width": "1.4981e+01", "ip": "1.176e-10", "ts": "0", "stretch": "1.7089e+06", "date": "2095-12-23.92", "dist": "31.836", "sigma_lov": "-2.39500", "sigma_imp": "2.058", "ps": "-10.3"}, {"energy": "9.166e-01", "width": "1.5252e+01", "ip": "1.092e-10", "ts": "0", "stretch": "1.2790e+06", "date": "2095-12-23.98", "dist": "34.732", "sigma_lov": "-2.39986", "sigma_imp": "2.212", "ps": "-10.4"}, {"energy": "9.183e-01", "width": "2.7395e+01", "ip": "4.720e-10", "ts": "0", "stretch": "5.4474e+05", "date": "2095-12-19.58", "dist": "57.707", "sigma_lov": "-2.02613", "sigma_imp": "2.070", "ps": "-9.73"}, {"energy": "9.184e-01", "width": "2.9011e+01", "ip": "1.708e-09", "ts": "0", "stretch": "1.6324e+05", "date": "2095-12-19.65", "dist": "59.056", "sigma_lov": "-2.03011", "sigma_imp": "2.001", "ps": "-9.17"}, {"energy": "9.319e-01", "width": "8.9161e+01", "ip": "4.464e-09", "ts": "0", "stretch": "1.2026e+05", "date": "2095-12-12.46", "dist": "128.861", "sigma_lov": "-1.61680", "sigma_imp": "1.434", "ps": "-8.75"}, {"energy": "9.416e-01", "width": "3.1463e+01", "ip": "9.712e-10", "ts": "0", "stretch": "1.0440e+06", "date": "2094-12-19.81", "dist": "44.321", "sigma_lov": "-1.87986", "sigma_imp": "1.377", "ps": "-9.40"}, {"energy": "9.414e-01", "width": "2.7185e+01", "ip": "7.784e-10", "ts": "0", "stretch": "1.1391e+06", "date": "2094-12-19.89", "dist": "43.238", "sigma_lov": "-1.88401", "sigma_imp": "1.554", "ps": "-9.50"}, {"energy": "9.250e-01", "width": "1.3879e+01", "ip": "1.875e-10", "ts": "0", "stretch": "3.5591e+06", "date": "2093-12-25.13", "dist": "17.467", "sigma_lov": "-2.53388", "sigma_imp": "1.186", "ps": "-10.1"}, {"energy": "9.246e-01", "width": "2.1562e+01", "ip": "7.264e-10", "ts": "0", "stretch": "6.0578e+05", "date": "2093-12-21.65", "dist": "38.755", "sigma_lov": "-2.17222", "sigma_imp": "1.751", "ps": "-9.53"}, {"energy": "9.250e-01", "width": "2.3292e+01", "ip": "2.406e-09", "ts": "0", "stretch": "1.9356e+05", "date": "2093-12-21.78", "dist": "39.879", "sigma_lov": "-2.17940", "sigma_imp": "1.669", "ps": "-9.01"}, {"energy": "9.239e-01", "width": "6.3847e+01", "ip": "1.233e-09", "ts": "0", "stretch": "4.8452e+05", "date": "2093-12-14.58", "dist": "91.352", "sigma_lov": "-1.76390", "sigma_imp": "1.415", "ps": "-9.30"}, {"energy": "9.847e-01", "width": "1.8011e+02", "ip": "2.184e-08", "ts": "0", "stretch": "4.5811e+04", "date": "2093-12-13.16", "dist": "80.708", "sigma_lov": "-1.35934", "sigma_imp": "0.443", "ps": "-8.03"}, {"energy": "9.273e-01", "width": "9.5194e+01", "ip": "3.449e-09", "ts": "0", "stretch": "1.3129e+05", "date": "2092-12-11.06", "dist": "143.739", "sigma_lov": "-1.62239", "sigma_imp": "1.499", "ps": "-8.84"}, {"energy": "9.261e-01", "width": "1.1678e+01", "ip": "4.777e-10", "ts": "0", "stretch": "6.5242e+05", "date": "2091-12-23.98", "dist": "24.817", "sigma_lov": "-2.31458", "sigma_imp": "2.039", "ps": "-9.70"}, {"energy": "9.258e-01", "width": "1.2828e+01", "ip": "9.704e-10", "ts": "0", "stretch": "3.0679e+05", "date": "2091-12-24.10", "dist": "26.809", "sigma_lov": "-2.32557", "sigma_imp": "2.012", "ps": "-9.39"}, {"energy": "9.242e-01", "width": "1.1100e+01", "ip": "6.290e-10", "ts": "0", "stretch": "7.8098e+05", "date": "2090-12-28.26", "dist": "7.577", "sigma_lov": "-2.93342", "sigma_imp": "0.593", "ps": "-9.57"}, {"energy": "9.309e-01", "width": "5.6544e+01", "ip": "1.005e-09", "ts": "0", "stretch": "6.7019e+05", "date": "2090-12-15.67", "dist": "81.615", "sigma_lov": "-1.75460", "sigma_imp": "1.426", "ps": "-9.37"}, {"energy": "9.380e-01", "width": "1.5911e+01", "ip": "9.323e-10", "ts": "0", "stretch": "4.6699e+05", "date": "2089-12-28.43", "dist": "12.231", "sigma_lov": "-2.82833", "sigma_imp": "0.706", "ps": "-9.39"}, {"energy": "9.291e-01", "width": "1.0688e+01", "ip": "1.487e-09", "ts": "0", "stretch": "1.0120e+06", "date": "2089-12-25.24", "dist": "9.657", "sigma_lov": "-2.46591", "sigma_imp": "0.810", "ps": "-9.19"}, {"energy": "9.296e-01", "width": "2.1487e+01", "ip": "6.090e-10", "ts": "0", "stretch": "9.0181e+05", "date": "2089-12-21.04", "dist": "38.528", "sigma_lov": "-2.07270", "sigma_imp": "1.747", "ps": "-9.58"}, {"energy": "9.297e-01", "width": "2.3266e+01", "ip": "2.642e-09", "ts": "0", "stretch": "2.4130e+05", "date": "2089-12-21.10", "dist": "38.521", "sigma_lov": "-2.07665", "sigma_imp": "1.613", "ps": "-8.94"}, {"energy": "9.378e-01", "width": "7.2825e+01", "ip": "5.356e-09", "ts": "0", "stretch": "1.2776e+05", "date": "2089-12-13.29", "dist": "102.199", "sigma_lov": "-1.62881", "sigma_imp": "1.390", "ps": "-8.63"}, {"energy": "9.374e-01", "width": "3.1153e+01", "ip": "2.367e-09", "ts": "0", "stretch": "3.4160e+05", "date": "2088-12-19.47", "dist": "47.086", "sigma_lov": "-1.92548", "sigma_imp": "1.479", "ps": "-8.98"}, {"energy": "9.371e-01", "width": "2.9823e+01", "ip": "1.614e-09", "ts": "0", "stretch": "5.1451e+05", "date": "2088-12-19.57", "dist": "45.173", "sigma_lov": "-1.93169", "sigma_imp": "1.481", "ps": "-9.15"}, {"energy": "9.370e-01", "width": "3.0023e+01", "ip": "7.196e-10", "ts": "0", "stretch": "1.2563e+06", "date": "2088-12-19.57", "dist": "43.537", "sigma_lov": "-1.93378", "sigma_imp": "1.417", "ps": "-9.50"}, {"energy": "9.382e-01", "width": "2.8229e+01", "ip": "8.783e-10", "ts": "0", "stretch": "9.6667e+05", "date": "2088-12-19.73", "dist": "43.031", "sigma_lov": "-1.94106", "sigma_imp": "1.489", "ps": "-9.41"}, {"energy": "9.141e-01", "width": "2.0445e+01", "ip": "1.856e-10", "ts": "0", "stretch": "5.6093e+05", "date": "2087-12-21.61", "dist": "50.159", "sigma_lov": "-2.21853", "sigma_imp": "2.404", "ps": "-10.1"}, {"energy": "9.176e-01", "width": "6.2125e+01", "ip": "2.139e-09", "ts": "0", "stretch": "1.8102e+05", "date": "2087-12-14.29", "dist": "105.613", "sigma_lov": "-1.78657", "sigma_imp": "1.684", "ps": "-9.03"}, {"energy": "9.813e-01", "width": "2.0937e+02", "ip": "1.966e-08", "ts": "0", "stretch": "4.1398e+04", "date": "2087-12-11.94", "dist": "133.678", "sigma_lov": "-1.32378", "sigma_imp": "0.634", "ps": "-8.04"}, {"energy": "9.318e-01", "width": "7.7699e+01", "ip": "4.294e-09", "ts": "0", "stretch": "1.2728e+05", "date": "2086-12-12.74", "dist": "117.062", "sigma_lov": "-1.63482", "sigma_imp": "1.494", "ps": "-8.71"}, {"energy": "9.359e-01", "width": "1.3071e+01", "ip": "1.171e-09", "ts": "0", "stretch": "1.2442e+06", "date": "2085-12-24.82", "dist": "12.655", "sigma_lov": "-2.37071", "sigma_imp": "0.892", "ps": "-9.27"}, {"energy": "9.357e-01", "width": "1.4641e+01", "ip": "1.888e-09", "ts": "0", "stretch": "6.2314e+05", "date": "2085-12-24.85", "dist": "15.454", "sigma_lov": "-2.37591", "sigma_imp": "0.987", "ps": "-9.06"}, {"energy": "3.358e+00", "width": "6.8834e+01", "ip": "1.641e-10", "ts": "0", "stretch": "9.1427e+05", "date": "2085-02-27.68", "dist": "104.764", "sigma_lov": "2.33741", "sigma_imp": "1.507", "ps": "-9.67"}, {"energy": "3.335e+00", "width": "5.8391e+01", "ip": "3.456e-10", "ts": "0", "stretch": "4.4420e+05", "date": "2085-02-26.70", "dist": "94.327", "sigma_lov": "2.33525", "sigma_imp": "1.598", "ps": "-9.35"}, {"energy": "3.273e+00", "width": "6.3571e+01", "ip": "1.198e-10", "ts": "0", "stretch": "2.5226e+06", "date": "2085-02-24.20", "dist": "66.977", "sigma_lov": "2.32993", "sigma_imp": "1.038", "ps": "-9.82"}, {"energy": "9.071e-01", "width": "1.1848e+01", "ip": "3.853e-10", "ts": "0", "stretch": "3.4964e+05", "date": "2084-12-28.81", "dist": "0.114", "sigma_lov": "-3.39695", "sigma_imp": "0.000", "ps": "-9.76"}, {"energy": "9.838e-01", "width": "2.0960e+02", "ip": "1.806e-08", "ts": "0", "stretch": "4.5360e+04", "date": "2084-12-11.07", "dist": "138.086", "sigma_lov": "-1.30786", "sigma_imp": "0.654", "ps": "-8.06"}, {"energy": "9.222e-01", "width": "1.8588e+01", "ip": "1.738e-10", "ts": "0", "stretch": "1.5329e+06", "date": "2084-12-22.00", "dist": "38.099", "sigma_lov": "-2.24747", "sigma_imp": "1.996", "ps": "-10.1"}, {"energy": "9.178e-01", "width": "1.1839e+01", "ip": "1.406e-10", "ts": "0", "stretch": "7.3439e+05", "date": "2083-12-24.98", "dist": "28.124", "sigma_lov": "-2.53330", "sigma_imp": "2.291", "ps": "-10.2"}, {"energy": "9.169e-01", "width": "1.3922e+01", "ip": "3.129e-10", "ts": "0", "stretch": "4.9236e+05", "date": "2083-12-25.11", "dist": "29.284", "sigma_lov": "-2.55132", "sigma_imp": "2.032", "ps": "-9.84"}, {"energy": "9.322e-01", "width": "7.4172e+01", "ip": "4.480e-09", "ts": "0", "stretch": "1.2869e+05", "date": "2083-12-13.32", "dist": "110.842", "sigma_lov": "-1.64173", "sigma_imp": "1.481", "ps": "-8.67"}, {"energy": "9.408e-01", "width": "2.5803e+01", "ip": "1.871e-09", "ts": "0", "stretch": "5.3376e+05", "date": "2082-12-20.92", "dist": "37.778", "sigma_lov": "-1.95019", "sigma_imp": "1.425", "ps": "-9.04"}, {"energy": "9.406e-01", "width": "2.4705e+01", "ip": "1.241e-09", "ts": "0", "stretch": "1.0517e+06", "date": "2082-12-21.18", "dist": "31.430", "sigma_lov": "-1.96985", "sigma_imp": "1.232", "ps": "-9.22"}, {"energy": "9.407e-01", "width": "2.2090e+01", "ip": "6.868e-10", "ts": "0", "stretch": "1.4733e+06", "date": "2082-12-21.15", "dist": "33.797", "sigma_lov": "-1.97250", "sigma_imp": "1.485", "ps": "-9.48"}, {"energy": "9.372e-01", "width": "1.1843e+01", "ip": "1.487e-10", "ts": "0", "stretch": "2.4341e+05", "date": "2081-12-29.81", "dist": "25.408", "sigma_lov": "-3.09284", "sigma_imp": "2.061", "ps": "-10.1"}, {"energy": "9.211e-01", "width": "5.4539e+01", "ip": "5.762e-10", "ts": "0", "stretch": "7.9972e+05", "date": "2081-12-14.93", "dist": "89.290", "sigma_lov": "-1.82040", "sigma_imp": "1.619", "ps": "-9.56"}, {"energy": "9.222e-01", "width": "5.5098e+01", "ip": "3.906e-09", "ts": "0", "stretch": "1.0415e+05", "date": "2081-12-14.75", "dist": "94.897", "sigma_lov": "-1.80459", "sigma_imp": "1.704", "ps": "-8.72"}, {"energy": "3.164e+00", "width": "4.9938e+01", "ip": "2.612e-09", "ts": "0", "stretch": "2.5684e+05", "date": "2081-02-18.39", "dist": "7.859", "sigma_lov": "2.32394", "sigma_imp": "0.137", "ps": "-8.47"}, {"energy": "3.129e+00", "width": "6.9230e+01", "ip": "8.588e-10", "ts": "0", "stretch": "5.5948e+05", "date": "2081-02-16.30", "dist": "16.374", "sigma_lov": "2.32034", "sigma_imp": "0.222", "ps": "-8.95"}, {"energy": "9.157e-01", "width": "2.7472e+01", "ip": "1.042e-10", "ts": "0", "stretch": "1.8938e+06", "date": "2080-12-19.64", "dist": "58.662", "sigma_lov": "-2.12316", "sigma_imp": "2.099", "ps": "-10.3"}, {"energy": "9.263e-01", "width": "8.1398e+01", "ip": "3.958e-09", "ts": "0", "stretch": "1.2104e+05", "date": "2080-12-11.79", "dist": "125.934", "sigma_lov": "-1.64909", "sigma_imp": "1.535", "ps": "-8.71"}, {"energy": "9.346e-01", "width": "2.2182e+01", "ip": "3.211e-10", "ts": "0", "stretch": "1.8399e+06", "date": "2079-12-21.14", "dist": "40.278", "sigma_lov": "-2.00084", "sigma_imp": "1.771", "ps": "-9.79"}, {"energy": "9.345e-01", "width": "2.4632e+01", "ip": "1.289e-09", "ts": "0", "stretch": "4.6004e+05", "date": "2079-12-20.89", "dist": "43.853", "sigma_lov": "-1.97835", "sigma_imp": "1.740", "ps": "-9.19"}, {"energy": "9.343e-01", "width": "2.3621e+01", "ip": "7.952e-10", "ts": "0", "stretch": "1.0645e+06", "date": "2079-12-21.14", "dist": "37.179", "sigma_lov": "-1.99436", "sigma_imp": "1.532", "ps": "-9.40"}, {"energy": "9.322e-01", "width": "1.4453e+01", "ip": "6.968e-10", "ts": "0", "stretch": "1.1419e+06", "date": "2078-12-24.16", "dist": "21.535", "sigma_lov": "-2.31242", "sigma_imp": "1.421", "ps": "-9.45"}, {"energy": "9.334e-01", "width": "5.9633e+00", "ip": "2.240e-09", "ts": "0", "stretch": "9.9013e+05", "date": "2077-12-26.49", "dist": "4.128", "sigma_lov": "-2.60955", "sigma_imp": "0.525", "ps": "-8.93"}, {"energy": "9.332e-01", "width": "1.1723e+01", "ip": "2.731e-10", "ts": "0", "stretch": "9.0115e+05", "date": "2077-12-28.99", "dist": "12.465", "sigma_lov": "-3.03596", "sigma_imp": "0.978", "ps": "-9.85"}, {"energy": "9.334e-01", "width": "1.8326e+01", "ip": "5.562e-10", "ts": "0", "stretch": "8.0169e+05", "date": "2077-12-22.37", "dist": "34.729", "sigma_lov": "-2.15810", "sigma_imp": "1.840", "ps": "-9.54"}, {"energy": "9.327e-01", "width": "1.6342e+01", "ip": "4.863e-10", "ts": "0", "stretch": "1.0936e+06", "date": "2077-12-22.45", "dist": "30.197", "sigma_lov": "-2.17058", "sigma_imp": "1.787", "ps": "-9.60"}, {"energy": "9.387e-01", "width": "5.9154e+01", "ip": "5.064e-09", "ts": "0", "stretch": "1.4626e+05", "date": "2077-12-14.46", "dist": "86.392", "sigma_lov": "-1.65754", "sigma_imp": "1.444", "ps": "-8.58"}, {"energy": "9.166e-01", "width": "5.1471e+01", "ip": "9.764e-10", "ts": "0", "stretch": "2.7541e+05", "date": "2075-12-14.97", "dist": "100.845", "sigma_lov": "-1.82997", "sigma_imp": "1.940", "ps": "-9.29"}, {"energy": "9.159e-01", "width": "5.0284e+01", "ip": "3.641e-09", "ts": "0", "stretch": "7.0986e+04", "date": "2075-12-15.16", "dist": "99.667", "sigma_lov": "-1.83991", "sigma_imp": "1.962", "ps": "-8.71"}, {"energy": "9.152e-01", "width": "4.8425e+01", "ip": "1.794e-09", "ts": "0", "stretch": "1.3706e+05", "date": "2075-12-15.30", "dist": "97.755", "sigma_lov": "-1.84758", "sigma_imp": "1.998", "ps": "-9.02"}, {"energy": "9.150e-01", "width": "4.8775e+01", "ip": "4.335e-10", "ts": "0", "stretch": "6.5448e+05", "date": "2075-12-15.34", "dist": "94.558", "sigma_lov": "-1.85205", "sigma_imp": "1.918", "ps": "-9.64"}, {"energy": "9.337e-01", "width": "6.2742e+01", "ip": "4.549e-09", "ts": "0", "stretch": "1.2988e+05", "date": "2074-12-13.99", "dist": "98.020", "sigma_lov": "-1.66556", "sigma_imp": "1.546", "ps": "-8.60"}, {"energy": "9.366e-01", "width": "1.1201e+01", "ip": "1.523e-09", "ts": "0", "stretch": "1.0713e+06", "date": "2073-12-26.21", "dist": "5.498", "sigma_lov": "-2.53019", "sigma_imp": "0.402", "ps": "-9.07"}, {"energy": "9.386e-01", "width": "2.1357e+01", "ip": "3.629e-10", "ts": "0", "stretch": "2.0429e+06", "date": "2073-12-21.39", "dist": "35.486", "sigma_lov": "-2.04010", "sigma_imp": "1.615", "ps": "-9.69"}, {"energy": "9.230e-01", "width": "1.6262e+01", "ip": "1.322e-10", "ts": "0", "stretch": "1.0728e+06", "date": "2071-12-22.61", "dist": "39.266", "sigma_lov": "-2.22542", "sigma_imp": "2.353", "ps": "-10.1"}, {"energy": "9.345e-01", "width": "5.9921e+01", "ip": "4.569e-09", "ts": "0", "stretch": "1.3197e+05", "date": "2071-12-14.56", "dist": "93.994", "sigma_lov": "-1.67497", "sigma_imp": "1.552", "ps": "-8.58"}, {"energy": "9.403e-01", "width": "2.2540e+01", "ip": "5.630e-10", "ts": "0", "stretch": "1.3485e+06", "date": "2070-12-21.85", "dist": "36.276", "sigma_lov": "-2.04378", "sigma_imp": "1.565", "ps": "-9.48"}, {"energy": "9.402e-01", "width": "2.1074e+01", "ip": "2.132e-09", "ts": "0", "stretch": "5.0880e+05", "date": "2070-12-22.32", "dist": "29.084", "sigma_lov": "-2.06972", "sigma_imp": "1.333", "ps": "-8.90"}, {"energy": "9.310e-01", "width": "1.2700e+01", "ip": "1.096e-09", "ts": "0", "stretch": "5.0972e+05", "date": "2069-12-28.10", "dist": "1.133", "sigma_lov": "-2.92163", "sigma_imp": "0.010", "ps": "-9.18"}, {"energy": "9.181e-01", "width": "4.5116e+01", "ip": "5.993e-10", "ts": "0", "stretch": "4.4597e+05", "date": "2069-12-15.59", "dist": "90.129", "sigma_lov": "-1.86366", "sigma_imp": "1.976", "ps": "-9.45"}, {"energy": "9.176e-01", "width": "4.3586e+01", "ip": "3.343e-09", "ts": "0", "stretch": "7.7200e+04", "date": "2069-12-15.89", "dist": "88.003", "sigma_lov": "-1.87787", "sigma_imp": "1.996", "ps": "-8.70"}, {"energy": "9.171e-01", "width": "4.1708e+01", "ip": "2.020e-09", "ts": "0", "stretch": "1.2019e+05", "date": "2069-12-16.01", "dist": "86.079", "sigma_lov": "-1.88514", "sigma_imp": "2.040", "ps": "-8.92"}, {"energy": "9.169e-01", "width": "4.2019e+01", "ip": "6.464e-10", "ts": "0", "stretch": "4.3515e+05", "date": "2069-12-16.05", "dist": "83.370", "sigma_lov": "-1.88887", "sigma_imp": "1.960", "ps": "-9.42"}, {"energy": "9.287e-01", "width": "6.6820e+01", "ip": "3.924e-09", "ts": "0", "stretch": "1.2084e+05", "date": "2068-12-12.81", "dist": "109.587", "sigma_lov": "-1.68500", "sigma_imp": "1.625", "ps": "-8.62"}, {"energy": "9.316e-01", "width": "1.2324e+01", "ip": "4.081e-10", "ts": "0", "stretch": "1.4866e+06", "date": "2066-12-25.24", "dist": "18.869", "sigma_lov": "-2.46743", "sigma_imp": "1.450", "ps": "-9.59"}, {"energy": "9.348e-01", "width": "1.1710e+01", "ip": "8.093e-10", "ts": "0", "stretch": "7.5350e+05", "date": "2065-12-24.17", "dist": "20.908", "sigma_lov": "-2.30973", "sigma_imp": "1.700", "ps": "-9.28"}, {"energy": "9.421e-01", "width": "4.7987e+01", "ip": "5.249e-09", "ts": "0", "stretch": "1.4079e+05", "date": "2065-12-15.69", "dist": "74.706", "sigma_lov": "-1.69710", "sigma_imp": "1.536", "ps": "-8.47"}, {"energy": "9.303e-01", "width": "2.3365e+01", "ip": "1.236e-10", "ts": "0", "stretch": "1.7558e+06", "date": "2064-12-20.49", "dist": "51.409", "sigma_lov": "-2.08814", "sigma_imp": "2.157", "ps": "-10.1"}, {"energy": "9.310e-01", "width": "2.2733e+01", "ip": "2.128e-09", "ts": "0", "stretch": "1.2142e+05", "date": "2064-12-20.99", "dist": "47.837", "sigma_lov": "-2.11654", "sigma_imp": "2.060", "ps": "-8.85"}, {"energy": "9.131e-01", "width": "3.7901e+01", "ip": "1.076e-09", "ts": "0", "stretch": "1.1763e+05", "date": "2063-12-16.61", "dist": "89.864", "sigma_lov": "-1.92026", "sigma_imp": "2.345", "ps": "-9.15"}, {"energy": "9.141e-01", "width": "4.0400e+01", "ip": "1.744e-10", "ts": "0", "stretch": "8.6684e+05", "date": "2063-12-16.23", "dist": "92.252", "sigma_lov": "-1.90044", "sigma_imp": "2.259", "ps": "-9.94"}, {"energy": "9.278e-01", "width": "1.0737e+01", "ip": "1.632e-09", "ts": "0", "stretch": "3.6019e+05", "date": "2062-12-28.18", "dist": "6.231", "sigma_lov": "-2.90521", "sigma_imp": "0.487", "ps": "-8.95"}, {"energy": "9.373e-01", "width": "4.9063e+01", "ip": "4.166e-09", "ts": "0", "stretch": "1.3757e+05", "date": "2062-12-15.35", "dist": "82.816", "sigma_lov": "-1.70849", "sigma_imp": "1.668", "ps": "-8.54"}, {"energy": "3.163e+00", "width": "9.7955e+01", "ip": "1.156e-09", "ts": "0", "stretch": "2.8888e+05", "date": "2062-02-17.52", "dist": "1.066", "sigma_lov": "2.33953", "sigma_imp": "0.001", "ps": "-8.67"}, {"energy": "9.226e-01", "width": "7.8598e+00", "ip": "6.218e-10", "ts": "0", "stretch": "4.5900e+05", "date": "2061-12-29.46", "dist": "1.832", "sigma_lov": "-3.28621", "sigma_imp": "0.106", "ps": "-9.36"}, {"energy": "9.373e-01", "width": "1.9785e+01", "ip": "3.236e-09", "ts": "0", "stretch": "1.4718e+05", "date": "2061-12-22.47", "dist": "36.042", "sigma_lov": "-2.15507", "sigma_imp": "1.771", "ps": "-8.64"}, {"energy": "9.374e-01", "width": "4.6298e+01", "ip": "4.046e-09", "ts": "0", "stretch": "1.3954e+05", "date": "2059-12-15.94", "dist": "79.515", "sigma_lov": "-1.72180", "sigma_imp": "1.696", "ps": "-8.52"}, {"energy": "3.077e+00", "width": "8.7903e+01", "ip": "8.105e-10", "ts": "0", "stretch": "2.4433e+05", "date": "2058-02-13.19", "dist": "100.648", "sigma_lov": "2.32899", "sigma_imp": "1.134", "ps": "-8.79"}, {"energy": "9.191e-01", "width": "6.9651e+00", "ip": "2.163e-10", "ts": "0", "stretch": "1.3095e+06", "date": "2057-12-28.78", "dist": "5.717", "sigma_lov": "-3.23069", "sigma_imp": "0.677", "ps": "-9.78"}, {"energy": "9.167e-01", "width": "3.2538e+01", "ip": "7.505e-10", "ts": "0", "stretch": "1.4197e+05", "date": "2057-12-17.41", "dist": "80.109", "sigma_lov": "-1.97431", "sigma_imp": "2.431", "ps": "-9.24"}, {"energy": "9.291e-01", "width": "5.1299e+01", "ip": "3.114e-09", "ts": "0", "stretch": "1.3241e+05", "date": "2056-12-14.15", "dist": "93.557", "sigma_lov": "-1.73548", "sigma_imp": "1.804", "ps": "-8.61"}, {"energy": "9.285e-01", "width": "1.1122e+01", "ip": "1.320e-09", "ts": "0", "stretch": "3.3865e+05", "date": "2055-12-28.14", "dist": "10.641", "sigma_lov": "-2.88786", "sigma_imp": "0.867", "ps": "-8.97"}, {"energy": "9.376e-01", "width": "1.4918e+01", "ip": "1.929e-09", "ts": "0", "stretch": "2.2510e+05", "date": "2055-12-23.96", "dist": "28.817", "sigma_lov": "-2.23258", "sigma_imp": "1.865", "ps": "-8.80"}, {"energy": "9.388e-01", "width": "9.0965e+00", "ip": "1.532e-09", "ts": "0", "stretch": "2.6082e+05", "date": "2053-12-25.83", "dist": "17.284", "sigma_lov": "-2.50437", "sigma_imp": "1.790", "ps": "-8.88"}, {"energy": "9.338e-01", "width": "6.5014e+00", "ip": "1.143e-09", "ts": "0", "stretch": "2.9241e+05", "date": "2053-12-29.62", "dist": "6.123", "sigma_lov": "-3.16701", "sigma_imp": "0.788", "ps": "-9.01"}, {"energy": "9.432e-01", "width": "3.8105e+01", "ip": "4.395e-09", "ts": "0", "stretch": "1.5883e+05", "date": "2053-12-17.06", "dist": "63.908", "sigma_lov": "-1.75132", "sigma_imp": "1.651", "ps": "-8.42"}, {"energy": "9.146e-01", "width": "2.6127e+01", "ip": "1.655e-10", "ts": "0", "stretch": "1.5423e+05", "date": "2051-12-18.64", "dist": "78.776", "sigma_lov": "-2.04157", "sigma_imp": "2.977", "ps": "-9.83"}, {"energy": "9.163e-01", "width": "5.3489e+00", "ip": "1.865e-10", "ts": "0", "stretch": "4.5230e+05", "date": "2050-12-29.11", "dist": "9.869", "sigma_lov": "-3.26818", "sigma_imp": "1.658", "ps": "-9.76"}, {"energy": "9.377e-01", "width": "3.7014e+01", "ip": "4.360e-09", "ts": "0", "stretch": "1.1148e+05", "date": "2050-12-16.99", "dist": "69.492", "sigma_lov": "-1.77140", "sigma_imp": "1.850", "ps": "-8.39"}, {"energy": "9.361e-01", "width": "8.7453e+00", "ip": "1.486e-09", "ts": "0", "stretch": "3.3757e+05", "date": "2049-12-29.21", "dist": "0.618", "sigma_lov": "-3.08259", "sigma_imp": "0.000", "ps": "-8.84"}, {"energy": "9.371e-01", "width": "3.4036e+01", "ip": "3.818e-09", "ts": "0", "stretch": "1.1471e+05", "date": "2047-12-17.71", "dist": "66.433", "sigma_lov": "-1.79711", "sigma_imp": "1.922", "ps": "-8.40"}, {"energy": "9.376e-01", "width": "1.1842e+01", "ip": "1.147e-09", "ts": "0", "stretch": "2.5285e+05", "date": "2046-12-25.16", "dist": "24.324", "sigma_lov": "-2.40254", "sigma_imp": "1.970", "ps": "-8.91"}, {"energy": "9.179e-01", "width": "2.1623e+01", "ip": "1.056e-10", "ts": "0", "stretch": "1.5662e+05", "date": "2045-12-19.73", "dist": "68.246", "sigma_lov": "-2.13244", "sigma_imp": "3.110", "ps": "-9.94"}, {"energy": "9.280e-01", "width": "3.5861e+01", "ip": "2.277e-09", "ts": "0", "stretch": "1.0986e+05", "date": "2044-12-16.13", "dist": "77.957", "sigma_lov": "-1.82472", "sigma_imp": "2.146", "ps": "-8.59"}, {"energy": "9.350e-01", "width": "9.2052e+00", "ip": "6.823e-10", "ts": "0", "stretch": "2.4383e+05", "date": "2043-12-25.90", "dist": "21.547", "sigma_lov": "-2.47702", "sigma_imp": "2.232", "ps": "-9.09"}, {"energy": "9.398e-01", "width": "7.3052e+00", "ip": "1.136e-09", "ts": "0", "stretch": "3.5231e+05", "date": "2042-12-29.84", "dist": "6.131", "sigma_lov": "-3.10121", "sigma_imp": "0.702", "ps": "-8.85"}, {"energy": "9.416e-01", "width": "2.8009e+01", "ip": "4.141e-09", "ts": "0", "stretch": "1.1771e+05", "date": "2041-12-18.88", "dist": "54.306", "sigma_lov": "-1.85926", "sigma_imp": "1.903", "ps": "-8.27"}, {"energy": "3.854e+00", "width": "4.0232e+01", "ip": "7.530e-10", "ts": "0", "stretch": "3.2473e+05", "date": "2040-02-11.34", "dist": "24.759", "sigma_lov": "2.73951", "sigma_imp": "0.591", "ps": "-8.49"}, {"energy": "9.372e-01", "width": "2.5600e+01", "ip": "2.388e-09", "ts": "0", "stretch": "1.1067e+05", "date": "2038-12-19.17", "dist": "57.370", "sigma_lov": "-1.89726", "sigma_imp": "2.202", "ps": "-8.46"}, {"energy": "9.364e-01", "width": "2.2506e+01", "ip": "1.613e-09", "ts": "0", "stretch": "1.0679e+05", "date": "2035-12-20.00", "dist": "54.927", "sigma_lov": "-1.94441", "sigma_imp": "2.396", "ps": "-8.56"}, {"energy": "9.267e-01", "width": "2.1901e+01", "ip": "3.940e-10", "ts": "0", "stretch": "9.6335e+04", "date": "2032-12-18.81", "dist": "64.987", "sigma_lov": "-2.00357", "sigma_imp": "2.922", "ps": "-9.10"}, {"energy": "9.419e-01", "width": "1.7499e+01", "ip": "1.752e-09", "ts": "0", "stretch": "1.0021e+05", "date": "2029-12-21.76", "dist": "42.360", "sigma_lov": "-2.08472", "sigma_imp": "2.364", "ps": "-8.36"}, {"energy": "9.385e-01", "width": "1.3270e+01", "ip": "3.440e-10", "ts": "0", "stretch": "9.3544e+04", "date": "2026-12-22.84", "dist": "40.643", "sigma_lov": "-2.18663", "sigma_imp": "2.987", "ps": "-8.95"}, {"energy": "9.120e-01", "width": "2.1016e+01", "ip": "3.435e-10", "ts": "0", "stretch": "1.1586e+06", "date": "2116-12-26.79", "dist": "14.746", "sigma_lov": "-2.77847", "sigma_imp": "0.654", "ps": "-9.97"}, {"energy": "9.129e-01", "width": "2.2084e+01", "ip": "4.088e-10", "ts": "0", "stretch": "4.2937e+05", "date": "2116-12-21.97", "dist": "48.258", "sigma_lov": "-2.22855", "sigma_imp": "2.140", "ps": "-9.90"}, {"energy": "9.256e-01", "width": "1.1540e+02", "ip": "3.577e-09", "ts": "0", "stretch": "1.1345e+05", "date": "2116-12-11.41", "dist": "172.334", "sigma_lov": "-1.58615", "sigma_imp": "1.485", "ps": "-8.95"}, {"energy": "9.306e-01", "width": "3.1491e+01", "ip": "3.958e-10", "ts": "0", "stretch": "1.2927e+06", "date": "2115-12-18.80", "dist": "59.451", "sigma_lov": "-1.82206", "sigma_imp": "1.856", "ps": "-9.90"}, {"energy": "1.015e+00", "width": "8.4880e+01", "ip": "6.929e-09", "ts": "0", "stretch": "3.0962e+05", "date": "2114-12-22.34", "dist": "16.371", "sigma_lov": "-1.41096", "sigma_imp": "0.181", "ps": "-8.62"}, {"energy": "9.322e-01", "width": "2.6429e+01", "ip": "1.128e-09", "ts": "0", "stretch": "1.0723e+06", "date": "2114-12-22.45", "dist": "30.907", "sigma_lov": "-2.03698", "sigma_imp": "1.132", "ps": "-9.44"}, {"energy": "9.348e-01", "width": "6.4375e+01", "ip": "1.054e-09", "ts": "0", "stretch": "8.8143e+05", "date": "2114-12-16.64", "dist": "73.522", "sigma_lov": "-1.71869", "sigma_imp": "1.127", "ps": "-9.47"}, {"energy": "9.330e-01", "width": "9.8818e+01", "ip": "5.056e-09", "ts": "0", "stretch": "1.1539e+05", "date": "2113-12-12.84", "dist": "132.632", "sigma_lov": "-1.59022", "sigma_imp": "1.332", "ps": "-8.78"}, {"energy": "9.284e-01", "width": "1.8845e+01", "ip": "8.151e-10", "ts": "0", "stretch": "1.2298e+06", "date": "2113-12-24.16", "dist": "23.216", "sigma_lov": "-2.24832", "sigma_imp": "1.179", "ps": "-9.58"}, {"energy": "9.254e-01", "width": "1.2086e+01", "ip": "1.326e-10", "ts": "0", "stretch": "7.6136e+05", "date": "2112-12-29.42", "dist": "20.903", "sigma_lov": "-3.01338", "sigma_imp": "1.647", "ps": "-10.4"}, {"energy": "9.410e-01", "width": "2.9071e+01", "ip": "1.243e-09", "ts": "0", "stretch": "1.1350e+06", "date": "2112-12-20.14", "dist": "36.736", "sigma_lov": "-1.84884", "sigma_imp": "1.229", "ps": "-9.38"}, {"energy": "9.373e-01", "width": "2.2999e+01", "ip": "2.079e-09", "ts": "0", "stretch": "8.4483e+05", "date": "2112-12-24.16", "dist": "13.733", "sigma_lov": "-2.16663", "sigma_imp": "0.554", "ps": "-9.16"}, {"energy": "9.175e-01", "width": "3.0478e+01", "ip": "5.530e-10", "ts": "0", "stretch": "6.3215e+05", "date": "2111-12-20.84", "dist": "56.974", "sigma_lov": "-2.05431", "sigma_imp": "1.837", "ps": "-9.74"}, {"energy": "9.178e-01", "width": "2.9194e+01", "ip": "5.960e-10", "ts": "0", "stretch": "4.7068e+05", "date": "2111-12-20.89", "dist": "58.471", "sigma_lov": "-2.05673", "sigma_imp": "1.969", "ps": "-9.71"}, {"energy": "1.000e+00", "width": "1.1028e+02", "ip": "1.431e-08", "ts": "0", "stretch": "1.1706e+05", "date": "2111-12-19.48", "dist": "16.864", "sigma_lov": "-1.40569", "sigma_imp": "0.144", "ps": "-8.30"}, {"energy": "9.183e-01", "width": "2.2377e+01", "ip": "7.134e-10", "ts": "0", "stretch": "6.0947e+05", "date": "2109-12-27.51", "dist": "10.747", "sigma_lov": "-2.77109", "sigma_imp": "0.436", "ps": "-9.62"}, {"energy": "9.349e-01", "width": "1.7764e+01", "ip": "1.151e-08", "ts": "0", "stretch": "1.3413e+05", "date": "2109-12-24.18", "dist": "18.604", "sigma_lov": "-2.17452", "sigma_imp": "0.991", "ps": "-8.41"}, {"energy": "9.349e-01", "width": "1.8232e+01", "ip": "1.061e-08", "ts": "0", "stretch": "1.4394e+05", "date": "2109-12-24.20", "dist": "18.779", "sigma_lov": "-2.17565", "sigma_imp": "0.975", "ps": "-8.44"}, {"energy": "1.003e+00", "width": "1.0201e+02", "ip": "9.748e-09", "ts": "0", "stretch": "1.8763e+05", "date": "2108-12-18.79", "dist": "15.611", "sigma_lov": "-1.39845", "sigma_imp": "0.143", "ps": "-8.45"}, {"energy": "9.281e-01", "width": "7.0615e+01", "ip": "1.512e-09", "ts": "0", "stretch": "4.6128e+05", "date": "2108-12-15.13", "dist": "90.701", "sigma_lov": "-1.73145", "sigma_imp": "1.270", "ps": "-9.29"}, {"energy": "9.281e-01", "width": "6.8582e+01", "ip": "1.291e-09", "ts": "0", "stretch": "5.4027e+05", "date": "2108-12-15.12", "dist": "89.534", "sigma_lov": "-1.73248", "sigma_imp": "1.291", "ps": "-9.35"}, {"energy": "9.290e-01", "width": "1.0040e+02", "ip": "3.585e-09", "ts": "0", "stretch": "1.4117e+05", "date": "2107-12-12.96", "dist": "143.050", "sigma_lov": "-1.59777", "sigma_imp": "1.415", "ps": "-8.91"}, {"energy": "9.177e-01", "width": "3.4382e+01", "ip": "4.009e-10", "ts": "0", "stretch": "8.8905e+05", "date": "2107-12-19.28", "dist": "65.418", "sigma_lov": "-1.95268", "sigma_imp": "1.874", "ps": "-9.86"}, {"energy": "9.276e-01", "width": "1.0655e+01", "ip": "2.311e-09", "ts": "0", "stretch": "8.3230e+05", "date": "2106-12-27.01", "dist": "3.149", "sigma_lov": "-2.51501", "sigma_imp": "0.202", "ps": "-9.09"}, {"energy": "9.277e-01", "width": "1.1123e+01", "ip": "3.587e-09", "ts": "0", "stretch": "4.8625e+05", "date": "2106-12-27.06", "dist": "4.630", "sigma_lov": "-2.51974", "sigma_imp": "0.326", "ps": "-8.90"}, {"energy": "9.993e-01", "width": "1.1171e+02", "ip": "1.014e-08", "ts": "0", "stretch": "1.6362e+05", "date": "2105-12-18.11", "dist": "25.667", "sigma_lov": "-1.39308", "sigma_imp": "0.221", "ps": "-8.42"}, {"energy": "9.150e-01", "width": "9.0573e+00", "ip": "2.501e-10", "ts": "0", "stretch": "3.0985e+06", "date": "2104-12-26.18", "dist": "11.559", "sigma_lov": "-2.63304", "sigma_imp": "1.166", "ps": "-10.1"}, {"energy": "9.103e-01", "width": "3.4911e+01", "ip": "4.891e-10", "ts": "0", "stretch": "5.0816e+05", "date": "2104-12-18.31", "dist": "71.337", "sigma_lov": "-1.98715", "sigma_imp": "2.015", "ps": "-9.76"}, {"energy": "9.258e-01", "width": "1.0629e+02", "ip": "3.276e-09", "ts": "0", "stretch": "1.3205e+05", "date": "2104-12-11.72", "dist": "158.305", "sigma_lov": "-1.60162", "sigma_imp": "1.480", "ps": "-8.93"}, {"energy": "9.333e-01", "width": "3.7370e+01", "ip": "1.150e-09", "ts": "0", "stretch": "6.4242e+05", "date": "2103-12-19.50", "dist": "58.009", "sigma_lov": "-1.84304", "sigma_imp": "1.526", "ps": "-9.38"}]}