{"summary": {"energy": "8.220e-04", "darc": ".94712 days", "ip": "5.4183e-07", "h": "30.32", "nobs": "16", "mass": "3.39e+04", "v_inf": "8.91", "first_obs": "2011-Feb-07.3744", "method": "LOV", "pdate": "2017-04-08 19:59:02", "ndop": "0", "cdate": "2017-04-08 19:59:02", "ps_cum": "-8.87", "diameter": "0.0029", "ndel": "0", "v_imp": "14.27", "ps_max": "-9.10", "last_obs": "2011-Feb-08.321518", "fullname": "(2011 CA7)", "n_imp": "3", "ts_max": "0", "nsat": "0", "des": "2011 CA7"}, "signature": {"source": "NASA/JPL Sentry Data API", "version": "1.1"}, "data": [{"energy": "8.249e-04", "width": "2.3459e-01", "ip": "1.343e-08", "ts": "0", "stretch": "1.0956e+06", "date": "2064-02-20.47", "dist": "1.390", "sigma_lov": "0.05590", "sigma_imp": "1.663", "ps": "-10.5"}, {"energy": "8.229e-04", "width": "1.8426e-01", "ip": "2.161e-07", "ts": "0", "stretch": "2.4882e+06", "date": "2064-02-20.52", "dist": "0.649", "sigma_lov": "0.33487", "sigma_imp": "0.000", "ps": "-9.28"}, {"energy": "8.213e-04", "width": "1.4824e-01", "ip": "3.123e-07", "ts": "0", "stretch": "1.9500e+06", "date": "2062-02-19.73", "dist": "0.390", "sigma_lov": "0.58628", "sigma_imp": "0.000", "ps": "-9.10"}]}