{"summary": {"energy": "2.435e-03", "darc": "1.0493 days", "ip": "5.69068e-06", "h": "29.67", "nobs": "13", "mass": "8.40e+04", "v_inf": "10.92", "first_obs": "2011-Dec-29.27153", "method": "LOV", "pdate": "2017-04-10 08:54:01", "ndop": "0", "cdate": "2017-04-10 08:54:01", "ps_cum": "-6.94", "diameter": "0.00392360983221689", "ndel": "0", "v_imp": "15.61", "ps_max": "-7.00", "last_obs": "2011-Dec-30.32086", "fullname": "(2011 YC40)", "n_imp": "7", "ts_max": "0", "nsat": "0", "des": "2011 YC40"}, "signature": {"source": "NASA/JPL Sentry Data API", "version": "1.1"}, "data": [{"energy": "2.484e-03", "width": "0.0000e+00", "ip": "1.376e-07", "ts": "0", "stretch": "3.3977e+06", "date": "2050-12-28.07", "dist": "0.753", "sigma_lov": "-0.48061", "sigma_imp": "0.000", "ps": "-8.95"}, {"energy": "2.486e-03", "width": "1.9245e-02", "ip": "7.995e-08", "ts": "0", "stretch": "2.4954e+06", "date": "2049-12-27.82", "dist": "0.958", "sigma_lov": "-0.45471", "sigma_imp": "0.000", "ps": "-9.17"}, {"energy": "2.481e-03", "width": "1.6667e-02", "ip": "3.561e-07", "ts": "0", "stretch": "1.9765e+06", "date": "2045-12-27.79", "dist": "0.130", "sigma_lov": "-0.48288", "sigma_imp": "0.000", "ps": "-8.47"}, {"energy": "2.642e-03", "width": "1.6667e-02", "ip": "1.551e-08", "ts": "0", "stretch": "8.8392e+05", "date": "2044-12-27.52", "dist": "0.285", "sigma_lov": "2.83602", "sigma_imp": "0.000", "ps": "-9.79"}, {"energy": "2.445e-03", "width": "1.5200e-02", "ip": "7.544e-07", "ts": "0", "stretch": "1.5197e+04", "date": "2040-12-27.59", "dist": "1.009", "sigma_lov": "-1.30868", "sigma_imp": "0.604", "ps": "-8.06"}, {"energy": "2.424e-03", "width": "1.6667e-02", "ip": "2.612e-08", "ts": "0", "stretch": "2.0173e+06", "date": "2033-12-27.73", "dist": "0.933", "sigma_lov": "-1.83502", "sigma_imp": "0.000", "ps": "-9.38"}, {"energy": "2.426e-03", "width": "1.6643e-02", "ip": "4.321e-06", "ts": "0", "stretch": "1.1411e+04", "date": "2028-12-27.51", "dist": "0.943", "sigma_lov": "-1.83008", "sigma_imp": "0.000", "ps": "-7.00"}]}