{"summary": {"energy": "6.444e-03", "darc": "36.816 days", "ip": "7.413e-06", "h": "28.48", "nobs": "89", "mass": "4.30e+05", "v_inf": "1.32", "first_obs": "2011-Oct-18.41958", "method": "LOV", "pdate": "2017-04-13 14:53:07", "ndop": "0", "cdate": "2017-04-13 14:53:07", "ps_cum": "-7.35", "diameter": "6.8e-03", "ndel": "0", "v_imp": "11.22", "ps_max": "-7.35", "last_obs": "2011-Nov-24.235388", "fullname": "(2011 UD21)", "n_imp": "1", "ts_max": "0", "nsat": "0", "des": "2011 UD21"}, "signature": {"source": "NASA/JPL Sentry Data API", "version": "1.1"}, "data": [{"energy": "6.444e-03", "width": "1.0980e-03", "ip": "7.413e-06", "ts": "0", "stretch": "7.2299e+04", "date": "2116-03-02.45", "dist": "0.030", "sigma_lov": "0.89152", "sigma_imp": "0.000", "ps": "-7.35"}]}