{"summary": {"energy": "3.681e+00", "darc": "4.0330 days", "ip": "1.150e-06", "h": "24.84", "nobs": "25", "mass": "6.63e+07", "v_inf": "18.50", "first_obs": "2011-Jan-30.35537", "method": "LOV", "pdate": "2017-04-09 16:00:30", "ndop": "0", "cdate": "2017-04-09 16:00:30", "ps_cum": "-5.78", "diameter": "3.7e-02", "ndel": "0", "v_imp": "21.60", "ps_max": "-5.78", "last_obs": "2011-Feb-03.38834", "fullname": "(2011 BF40)", "n_imp": "1", "ts_max": "0", "nsat": "0", "des": "2011 BF40"}, "signature": {"source": "NASA/JPL Sentry Data API", "version": "1.1"}, "data": [{"energy": "3.681e+00", "width": "3.6722e-01", "ip": "1.150e-06", "ts": "0", "stretch": "1.0500e+05", "date": "2083-06-27.50", "dist": "0.726", "sigma_lov": "1.62789", "sigma_imp": "0.000", "ps": "-5.78"}]}