{"summary": {"energy": "1.153e-01", "darc": "1.1168 days", "ip": "3.002e-08", "h": "27.10", "nobs": "24", "mass": "2.92e+06", "v_inf": "14.41", "first_obs": "2011-Oct-22.26207", "method": "LOV", "pdate": "2017-04-10 13:09:09", "ndop": "0", "cdate": "2017-04-10 13:09:09", "ps_cum": "-8.73", "diameter": "1.3e-02", "ndel": "0", "v_imp": "18.21", "ps_max": "-8.73", "last_obs": "2011-Oct-23.37892", "fullname": "(2011 UA64)", "n_imp": "1", "ts_max": "0", "nsat": "0", "des": "2011 UA64"}, "signature": {"source": "NASA/JPL Sentry Data API", "version": "1.1"}, "data": [{"energy": "1.153e-01", "width": "4.3603e-01", "ip": "3.002e-08", "ts": "0", "stretch": "7.5665e+06", "date": "2113-10-20.25", "dist": "0.973", "sigma_lov": "-0.67023", "sigma_imp": "0.000", "ps": "-8.73"}]}