{"summary": {"energy": "3.874e-01", "darc": ".17442 days", "ip": "4.86436e-08", "h": "26.46", "nobs": "12", "mass": "7.33e+06", "v_inf": "17.66", "first_obs": "2011-Feb-25.19028", "method": "LOV", "pdate": "2017-04-07 21:29:41", "ndop": "0", "cdate": "2017-04-07 21:29:41", "ps_cum": "-7.66", "diameter": "0.0173526157603467", "ndel": "0", "v_imp": "20.88", "ps_max": "-8.32", "last_obs": "2011-Feb-25.3647", "fullname": "(2011 DX4)", "n_imp": "24", "ts_max": "0", "nsat": "0", "des": "2011 DX4"}, "signature": {"source": "NASA/JPL Sentry Data API", "version": "1.1"}, "data": [{"energy": "1.840e-01", "width": "1.8117e+01", "ip": "1.038e-10", "ts": "0", "stretch": "5.6452e+06", "date": "2097-02-20.07", "dist": "34.478", "sigma_lov": "-2.02169", "sigma_imp": "1.848", "ps": "-11.0"}, {"energy": "3.897e-01", "width": "1.8374e+02", "ip": "5.347e-09", "ts": "0", "stretch": "4.8022e+05", "date": "2095-02-19.50", "dist": "61.760", "sigma_lov": "-0.05599", "sigma_imp": "0.331", "ps": "-8.97"}, {"energy": "3.031e-01", "width": "6.4593e+01", "ip": "5.441e-10", "ts": "0", "stretch": "6.3711e+05", "date": "2094-09-11.56", "dist": "155.740", "sigma_lov": "-0.63179", "sigma_imp": "2.396", "ps": "-10.0"}, {"energy": "3.616e-01", "width": "3.2302e+01", "ip": "2.433e-09", "ts": "0", "stretch": "1.0079e+06", "date": "2094-02-19.67", "dist": "61.531", "sigma_lov": "-0.23885", "sigma_imp": "1.874", "ps": "-9.33"}, {"energy": "1.900e-01", "width": "1.7767e+01", "ip": "6.223e-10", "ts": "0", "stretch": "4.9373e+05", "date": "2090-02-20.29", "dist": "41.079", "sigma_lov": "-1.92194", "sigma_imp": "2.256", "ps": "-10.1"}, {"energy": "2.332e-01", "width": "9.1840e+01", "ip": "1.394e-09", "ts": "0", "stretch": "6.5394e+05", "date": "2089-09-07.18", "dist": "121.522", "sigma_lov": "-1.35039", "sigma_imp": "1.312", "ps": "-9.70"}, {"energy": "3.859e-01", "width": "2.9169e+01", "ip": "5.916e-10", "ts": "0", "stretch": "3.5427e+06", "date": "2089-02-19.24", "dist": "59.754", "sigma_lov": "-0.08627", "sigma_imp": "2.014", "ps": "-9.89"}, {"energy": "3.151e-01", "width": "3.9546e+01", "ip": "3.738e-09", "ts": "0", "stretch": "1.3249e+06", "date": "2084-02-20.20", "dist": "49.302", "sigma_lov": "-0.56632", "sigma_imp": "1.221", "ps": "-9.13"}, {"energy": "3.229e-01", "width": "2.1303e+01", "ip": "3.573e-09", "ts": "0", "stretch": "9.3483e+05", "date": "2080-02-20.22", "dist": "40.667", "sigma_lov": "-0.50695", "sigma_imp": "1.862", "ps": "-9.12"}, {"energy": "2.511e-01", "width": "3.9615e+01", "ip": "3.001e-09", "ts": "0", "stretch": "1.1595e+06", "date": "2079-02-20.34", "dist": "44.480", "sigma_lov": "-1.14756", "sigma_imp": "1.098", "ps": "-9.27"}, {"energy": "1.799e-01", "width": "1.9762e+01", "ip": "2.067e-09", "ts": "0", "stretch": "1.4557e+05", "date": "2073-02-19.99", "dist": "41.909", "sigma_lov": "-2.09053", "sigma_imp": "2.070", "ps": "-9.50"}, {"energy": "6.454e-01", "width": "1.1355e+01", "ip": "2.099e-10", "ts": "0", "stretch": "1.0903e+07", "date": "2058-02-15.29", "dist": "24.682", "sigma_lov": "1.09381", "sigma_imp": "2.086", "ps": "-9.92"}, {"energy": "3.124e-01", "width": "1.4440e+01", "ip": "3.916e-10", "ts": "0", "stretch": "3.6562e+06", "date": "2057-02-18.81", "dist": "35.532", "sigma_lov": "-0.56813", "sigma_imp": "2.391", "ps": "-9.89"}, {"energy": "1.730e-01", "width": "1.1658e+01", "ip": "2.387e-10", "ts": "0", "stretch": "1.6501e+06", "date": "2055-02-20.27", "dist": "24.717", "sigma_lov": "-2.21212", "sigma_imp": "2.034", "ps": "-10.3"}, {"energy": "6.580e-01", "width": "6.1903e+01", "ip": "3.906e-09", "ts": "0", "stretch": "9.5391e+05", "date": "2054-02-16.31", "dist": "36.588", "sigma_lov": "1.09436", "sigma_imp": "0.575", "ps": "-8.60"}, {"energy": "6.579e-01", "width": "7.4858e+01", "ip": "4.158e-09", "ts": "0", "stretch": "7.7994e+05", "date": "2054-02-16.30", "dist": "37.209", "sigma_lov": "1.09439", "sigma_imp": "0.484", "ps": "-8.57"}, {"energy": "3.760e-01", "width": "4.0808e+01", "ip": "9.110e-09", "ts": "0", "stretch": "7.2748e+05", "date": "2048-02-19.76", "dist": "44.831", "sigma_lov": "-0.14914", "sigma_imp": "1.074", "ps": "-8.35"}, {"energy": "2.358e-01", "width": "4.4705e+01", "ip": "7.991e-10", "ts": "0", "stretch": "4.0950e+06", "date": "2043-02-20.37", "dist": "37.673", "sigma_lov": "-1.32236", "sigma_imp": "0.820", "ps": "-9.49"}, {"energy": "1.939e-01", "width": "3.2249e+01", "ip": "3.681e-10", "ts": "0", "stretch": "6.7418e+04", "date": "2034-09-04.61", "dist": "98.888", "sigma_lov": "-1.86416", "sigma_imp": "3.035", "ps": "-9.72"}, {"energy": "1.006e+00", "width": "9.9690e+01", "ip": "1.890e-10", "ts": "0", "stretch": "1.0198e+06", "date": "2031-02-25.27", "dist": "197.745", "sigma_lov": "1.60718", "sigma_imp": "1.974", "ps": "-9.34"}, {"energy": "3.091e-01", "width": "1.0404e+01", "ip": "5.073e-10", "ts": "0", "stretch": "4.4747e+05", "date": "2023-02-19.49", "dist": "33.489", "sigma_lov": "-0.60938", "sigma_imp": "3.123", "ps": "-8.95"}, {"energy": "3.087e-01", "width": "1.0747e+01", "ip": "2.141e-09", "ts": "0", "stretch": "4.0767e+04", "date": "2023-02-19.46", "dist": "37.547", "sigma_lov": "-0.61254", "sigma_imp": "3.401", "ps": "-8.32"}, {"energy": "3.928e-01", "width": "5.0784e+01", "ip": "2.820e-09", "ts": "0", "stretch": "1.1036e+06", "date": "2114-02-20.93", "dist": "77.028", "sigma_lov": "-0.05555", "sigma_imp": "1.497", "ps": "-9.34"}, {"energy": "4.171e-01", "width": "7.2813e+01", "ip": "3.901e-10", "ts": "0", "stretch": "1.1903e+07", "date": "2098-02-19.37", "dist": "63.967", "sigma_lov": "0.10301", "sigma_imp": "0.865", "ps": "-10.1"}]}