{"summary": {"energy": "1.446e-01", "darc": "23.330 days", "ip": "1.475e-08", "h": "26.51", "nobs": "30", "mass": "6.54e+06", "v_inf": "7.84", "first_obs": "2012-Dec-20.20945", "method": "LOV", "pdate": "2017-04-10 22:25:49", "ndop": "0", "cdate": "2017-04-10 22:25:49", "ps_cum": "-8.76", "diameter": "1.7e-02", "ndel": "0", "v_imp": "13.62", "ps_max": "-8.76", "last_obs": "2013-Jan-12.53922", "fullname": "(2012 YR1)", "n_imp": "1", "ts_max": "0", "nsat": "0", "des": "2012 YR1"}, "signature": {"source": "NASA/JPL Sentry Data API", "version": "1.1"}, "data": [{"energy": "1.446e-01", "width": "9.5610e-04", "ip": "1.475e-08", "ts": "0", "stretch": "3.0920e+03", "date": "2077-12-13.00", "dist": "0.540", "sigma_lov": "4.39352", "sigma_imp": "0.000", "ps": "-8.76"}]}