{"summary": {"energy": "8.180e-02", "darc": "2.0613 days", "ip": "1.339e-09", "h": "27.25", "nobs": "7", "mass": "2.37e+06", "v_inf": "12.89", "first_obs": "2012-Feb-13.31124", "method": "LOV", "pdate": "2017-04-11 09:07:51", "ndop": "0", "cdate": "2017-04-11 09:07:51", "ps_cum": "-10.15", "diameter": "0.012", "ndel": "0", "v_imp": "17.04", "ps_max": "-10.4", "last_obs": "2012-Feb-15.372533", "fullname": "(2012 CQ46)", "n_imp": "2", "ts_max": "0", "nsat": "0", "des": "2012 CQ46"}, "signature": {"source": "NASA/JPL Sentry Data API", "version": "1.1"}, "data": [{"energy": "7.985e-02", "width": "2.9776e+02", "ip": "7.523e-10", "ts": "0", "stretch": "4.5801e+05", "date": "2107-08-04.50", "dist": "140.715", "sigma_lov": "-1.71565", "sigma_imp": "0.469", "ps": "-10.4"}, {"energy": "8.429e-02", "width": "7.4261e+01", "ip": "5.867e-10", "ts": "0", "stretch": "6.6724e+05", "date": "2098-02-06.04", "dist": "113.247", "sigma_lov": "1.83434", "sigma_imp": "1.512", "ps": "-10.5"}]}