{"summary": {"energy": "5.571e-01", "darc": "5.0846 days", "ip": "3.30796631e-05", "h": "25.85", "nobs": "12", "mass": "1.64e+07", "v_inf": "12.70", "first_obs": "2012-Jan-24.36724", "method": "LOV", "pdate": "2017-04-09 00:21:26", "ndop": "0", "cdate": "2017-04-09 00:21:26", "ps_cum": "-4.59", "diameter": "0.0229381352496302", "ndel": "0", "v_imp": "16.90", "ps_max": "-5.09", "last_obs": "2012-Jan-29.451872", "fullname": "(2012 BA77)", "n_imp": "29", "ts_max": "0", "nsat": "0", "des": "2012 BA77"}, "signature": {"source": "NASA/JPL Sentry Data API", "version": "1.1"}, "data": [{"energy": "5.601e-01", "width": "3.3994e-01", "ip": "1.608e-06", "ts": "0", "stretch": "4.2194e+05", "date": "2065-10-09.82", "dist": "0.101", "sigma_lov": "-0.41732", "sigma_imp": "0.000", "ps": "-6.16"}, {"energy": "5.099e-01", "width": "3.2839e-01", "ip": "6.945e-10", "ts": "0", "stretch": "1.3595e+06", "date": "2072-10-09.81", "dist": "1.530", "sigma_lov": "-2.45475", "sigma_imp": "1.614", "ps": "-9.61"}, {"energy": "5.613e-01", "width": "3.4030e-01", "ip": "1.162e-05", "ts": "0", "stretch": "5.6942e+04", "date": "2065-10-09.82", "dist": "0.273", "sigma_lov": "-0.35960", "sigma_imp": "0.000", "ps": "-5.30"}, {"energy": "5.114e-01", "width": "3.2456e-01", "ip": "6.629e-10", "ts": "0", "stretch": "9.3228e+05", "date": "2065-10-09.04", "dist": "1.506", "sigma_lov": "-2.66448", "sigma_imp": "1.560", "ps": "-9.57"}, {"energy": "5.104e-01", "width": "3.2732e-01", "ip": "9.928e-10", "ts": "0", "stretch": "5.2728e+05", "date": "2062-10-10.26", "dist": "1.617", "sigma_lov": "-2.44049", "sigma_imp": "1.884", "ps": "-9.37"}, {"energy": "5.589e-01", "width": "3.4139e-01", "ip": "8.059e-08", "ts": "0", "stretch": "7.9494e+06", "date": "2061-10-09.90", "dist": "0.279", "sigma_lov": "-0.43325", "sigma_imp": "0.000", "ps": "-7.42"}, {"energy": "5.517e-01", "width": "3.3928e-01", "ip": "3.198e-06", "ts": "0", "stretch": "7.6551e+04", "date": "2061-10-10.04", "dist": "0.924", "sigma_lov": "-0.64522", "sigma_imp": "0.000", "ps": "-5.83"}, {"energy": "5.504e-01", "width": "3.3899e-01", "ip": "5.097e-07", "ts": "0", "stretch": "6.2747e+05", "date": "2061-10-10.06", "dist": "0.789", "sigma_lov": "-0.69674", "sigma_imp": "0.000", "ps": "-6.63"}, {"energy": "4.804e-01", "width": "3.1906e-01", "ip": "4.654e-10", "ts": "0", "stretch": "1.0083e+05", "date": "2054-10-10.93", "dist": "1.524", "sigma_lov": "-3.44795", "sigma_imp": "1.642", "ps": "-9.64"}, {"energy": "5.566e-01", "width": "3.3795e-01", "ip": "2.377e-06", "ts": "0", "stretch": "8.2989e+04", "date": "2054-10-10.00", "dist": "1.021", "sigma_lov": "-0.54587", "sigma_imp": "0.063", "ps": "-5.88"}, {"energy": "5.599e-01", "width": "3.3775e-01", "ip": "6.319e-08", "ts": "0", "stretch": "2.1257e+06", "date": "2054-10-09.92", "dist": "1.148", "sigma_lov": "-0.43585", "sigma_imp": "0.439", "ps": "-7.45"}, {"energy": "5.085e-01", "width": "3.2523e-01", "ip": "6.441e-09", "ts": "0", "stretch": "8.9026e+04", "date": "2052-10-10.31", "dist": "1.657", "sigma_lov": "-2.25650", "sigma_imp": "2.020", "ps": "-8.45"}, {"energy": "4.942e-01", "width": "3.2303e-01", "ip": "1.352e-07", "ts": "0", "stretch": "8.8415e+04", "date": "2048-10-10.18", "dist": "0.247", "sigma_lov": "-2.86501", "sigma_imp": "0.000", "ps": "-7.09"}, {"energy": "6.030e-01", "width": "3.4283e-01", "ip": "6.224e-09", "ts": "0", "stretch": "3.0201e+06", "date": "2045-10-09.89", "dist": "1.386", "sigma_lov": "1.42341", "sigma_imp": "1.125", "ps": "-8.31"}, {"energy": "5.027e-01", "width": "3.2466e-01", "ip": "1.860e-08", "ts": "0", "stretch": "1.0595e+06", "date": "2045-10-10.25", "dist": "0.684", "sigma_lov": "-2.53832", "sigma_imp": "0.000", "ps": "-7.90"}, {"energy": "5.042e-01", "width": "3.2446e-01", "ip": "5.337e-07", "ts": "0", "stretch": "6.8544e+04", "date": "2045-10-10.33", "dist": "0.204", "sigma_lov": "-2.44835", "sigma_imp": "0.000", "ps": "-6.44"}, {"energy": "5.239e-01", "width": "3.2584e-01", "ip": "4.914e-08", "ts": "0", "stretch": "2.6105e+06", "date": "2042-10-10.45", "dist": "0.617", "sigma_lov": "-1.69698", "sigma_imp": "0.000", "ps": "-7.42"}, {"energy": "5.173e-01", "width": "3.2553e-01", "ip": "1.382e-06", "ts": "0", "stretch": "7.4098e+04", "date": "2042-10-10.45", "dist": "0.143", "sigma_lov": "-1.99037", "sigma_imp": "0.000", "ps": "-5.97"}, {"energy": "4.528e-01", "width": "3.1250e-01", "ip": "3.270e-10", "ts": "0", "stretch": "5.9056e+04", "date": "2040-10-10.52", "dist": "0.036", "sigma_lov": "-4.60218", "sigma_imp": "0.000", "ps": "-9.61"}, {"energy": "5.838e-01", "width": "4.5735e-01", "ip": "7.647e-06", "ts": "0", "stretch": "7.1363e+04", "date": "2037-10-09.83", "dist": "0.010", "sigma_lov": "0.69686", "sigma_imp": "0.000", "ps": "-5.09"}, {"energy": "5.114e-01", "width": "3.2362e-01", "ip": "1.169e-06", "ts": "0", "stretch": "5.8554e+04", "date": "2035-10-10.74", "dist": "0.051", "sigma_lov": "-2.18983", "sigma_imp": "0.000", "ps": "-5.91"}, {"energy": "5.546e-01", "width": "3.2964e-01", "ip": "1.574e-09", "ts": "0", "stretch": "5.0332e+04", "date": "2029-10-09.74", "dist": "2.129", "sigma_lov": "-0.42993", "sigma_imp": "3.425", "ps": "-8.58"}, {"energy": "4.971e-01", "width": "3.2025e-01", "ip": "4.395e-10", "ts": "0", "stretch": "4.1753e+04", "date": "2028-10-10.48", "dist": "1.945", "sigma_lov": "-2.54538", "sigma_imp": "2.952", "ps": "-9.14"}, {"energy": "5.215e-01", "width": "3.2390e-01", "ip": "9.278e-08", "ts": "0", "stretch": "9.4680e+05", "date": "2025-10-10.14", "dist": "0.849", "sigma_lov": "-1.68067", "sigma_imp": "0.000", "ps": "-6.67"}, {"energy": "5.264e-01", "width": "3.2423e-01", "ip": "2.398e-06", "ts": "0", "stretch": "3.3399e+04", "date": "2025-10-10.07", "dist": "0.995", "sigma_lov": "-1.49441", "sigma_imp": "0.000", "ps": "-5.25"}, {"energy": "4.948e-01", "width": "3.3046e-01", "ip": "5.185e-08", "ts": "0", "stretch": "1.5623e+05", "date": "2088-10-10.21", "dist": "0.189", "sigma_lov": "-3.00287", "sigma_imp": "0.000", "ps": "-7.86"}, {"energy": "4.942e-01", "width": "3.3079e-01", "ip": "9.293e-08", "ts": "0", "stretch": "7.3979e+04", "date": "2088-10-10.26", "dist": "0.461", "sigma_lov": "-3.01008", "sigma_imp": "0.000", "ps": "-7.61"}, {"energy": "4.954e-01", "width": "3.3032e-01", "ip": "3.335e-08", "ts": "0", "stretch": "1.1470e+05", "date": "2078-10-10.53", "dist": "0.876", "sigma_lov": "-2.99600", "sigma_imp": "0.000", "ps": "-7.99"}, {"energy": "4.697e-01", "width": "3.2107e-01", "ip": "1.812e-09", "ts": "0", "stretch": "1.0489e+05", "date": "2073-10-10.66", "dist": "0.183", "sigma_lov": "-4.06781", "sigma_imp": "0.000", "ps": "-9.23"}]}