{"summary": {"energy": "7.346e-01", "darc": "4.1465 days", "ip": "1.2104498e-05", "h": "25.83", "nobs": "43", "mass": "1.67e+07", "v_inf": "15.65", "first_obs": "2012-Sep-22.26616", "method": "LOV", "pdate": "2017-04-11 22:37:52", "ndop": "0", "cdate": "2017-04-11 22:37:52", "ps_cum": "-5.10", "diameter": "0.023", "ndel": "0", "v_imp": "19.21", "ps_max": "-5.47", "last_obs": "2012-Sep-26.412676", "fullname": "(2012 SY49)", "n_imp": "23", "ts_max": "0", "nsat": "0", "des": "2012 SY49"}, "signature": {"source": "NASA/JPL Sentry Data API", "version": "1.1"}, "data": [{"energy": "7.388e-01", "width": "0.0000e+00", "ip": "1.481e-07", "ts": "0", "stretch": "1.3975e+06", "date": "2084-09-29.05", "dist": "0.417", "sigma_lov": "-1.58361", "sigma_imp": "0.000", "ps": "-7.24"}, {"energy": "7.361e-01", "width": "0.0000e+00", "ip": "1.126e-07", "ts": "0", "stretch": "8.1921e+05", "date": "2082-09-29.58", "dist": "0.951", "sigma_lov": "-1.40545", "sigma_imp": "0.000", "ps": "-7.35"}, {"energy": "7.333e-01", "width": "2.2222e-02", "ip": "1.595e-07", "ts": "0", "stretch": "4.2614e+06", "date": "2082-09-29.60", "dist": "0.314", "sigma_lov": "-0.46454", "sigma_imp": "0.000", "ps": "-7.20"}, {"energy": "7.380e-01", "width": "0.0000e+00", "ip": "1.444e-07", "ts": "0", "stretch": "7.4312e+05", "date": "2080-09-28.85", "dist": "0.342", "sigma_lov": "-1.97175", "sigma_imp": "0.000", "ps": "-7.23"}, {"energy": "7.288e-01", "width": "4.8113e-03", "ip": "3.528e-07", "ts": "0", "stretch": "5.1155e+05", "date": "2078-09-29.66", "dist": "0.279", "sigma_lov": "1.70044", "sigma_imp": "0.000", "ps": "-6.83"}, {"energy": "7.253e-01", "width": "0.0000e+00", "ip": "1.218e-07", "ts": "0", "stretch": "8.3092e+05", "date": "2074-09-29.39", "dist": "0.327", "sigma_lov": "2.00412", "sigma_imp": "0.000", "ps": "-7.26"}, {"energy": "7.214e-01", "width": "3.2294e-03", "ip": "7.475e-09", "ts": "0", "stretch": "4.4257e+04", "date": "2074-09-29.56", "dist": "1.000", "sigma_lov": "3.00375", "sigma_imp": "0.000", "ps": "-8.48"}, {"energy": "7.222e-01", "width": "3.9284e-03", "ip": "1.710e-08", "ts": "0", "stretch": "4.7557e+05", "date": "2074-09-29.61", "dist": "0.618", "sigma_lov": "2.94783", "sigma_imp": "0.000", "ps": "-8.12"}, {"energy": "7.268e-01", "width": "1.5714e-02", "ip": "4.413e-08", "ts": "0", "stretch": "2.7875e+06", "date": "2072-09-28.43", "dist": "0.030", "sigma_lov": "1.93336", "sigma_imp": "0.000", "ps": "-7.69"}, {"energy": "7.424e-01", "width": "9.8317e-03", "ip": "1.563e-07", "ts": "0", "stretch": "2.1795e+04", "date": "2065-09-29.02", "dist": "0.854", "sigma_lov": "-3.09937", "sigma_imp": "0.000", "ps": "-7.07"}, {"energy": "7.316e-01", "width": "0.0000e+00", "ip": "5.590e-07", "ts": "0", "stretch": "1.1597e+06", "date": "2063-09-30.15", "dist": "0.568", "sigma_lov": "-0.16254", "sigma_imp": "0.000", "ps": "-6.51"}, {"energy": "7.290e-01", "width": "9.8210e-04", "ip": "9.498e-07", "ts": "0", "stretch": "1.4755e+05", "date": "2063-09-30.00", "dist": "0.974", "sigma_lov": "0.71325", "sigma_imp": "0.000", "ps": "-6.28"}, {"energy": "7.253e-01", "width": "7.8568e-03", "ip": "1.095e-07", "ts": "0", "stretch": "9.4671e+05", "date": "2057-09-28.57", "dist": "0.543", "sigma_lov": "1.93190", "sigma_imp": "0.000", "ps": "-7.16"}, {"energy": "7.261e-01", "width": "0.0000e+00", "ip": "8.998e-08", "ts": "0", "stretch": "1.2404e+06", "date": "2057-09-28.41", "dist": "0.323", "sigma_lov": "1.95533", "sigma_imp": "0.000", "ps": "-7.24"}, {"energy": "7.345e-01", "width": "2.3032e-03", "ip": "4.077e-06", "ts": "0", "stretch": "1.5346e+05", "date": "2048-09-28.77", "dist": "0.537", "sigma_lov": "-0.38225", "sigma_imp": "0.000", "ps": "-5.47"}, {"energy": "7.427e-01", "width": "4.0798e-03", "ip": "1.126e-06", "ts": "0", "stretch": "3.5358e+03", "date": "2048-09-28.68", "dist": "0.914", "sigma_lov": "-2.96598", "sigma_imp": "0.000", "ps": "-6.03"}, {"energy": "7.340e-01", "width": "0.0000e+00", "ip": "6.279e-07", "ts": "0", "stretch": "1.2110e+06", "date": "2042-09-29.17", "dist": "0.051", "sigma_lov": "-0.30579", "sigma_imp": "0.000", "ps": "-6.19"}, {"energy": "7.339e-01", "width": "2.7217e-02", "ip": "2.080e-07", "ts": "0", "stretch": "3.5792e+06", "date": "2040-09-28.74", "dist": "0.192", "sigma_lov": "-0.31622", "sigma_imp": "0.000", "ps": "-6.64"}, {"energy": "7.347e-01", "width": "1.9245e-02", "ip": "1.267e-07", "ts": "0", "stretch": "2.2496e+06", "date": "2031-09-29.32", "dist": "0.924", "sigma_lov": "-0.33327", "sigma_imp": "0.000", "ps": "-6.64"}, {"energy": "7.258e-01", "width": "0.0000e+00", "ip": "2.513e-09", "ts": "0", "stretch": "4.1351e+07", "date": "2087-09-29.21", "dist": "0.532", "sigma_lov": "1.93651", "sigma_imp": "0.000", "ps": "-9.04"}, {"energy": "7.351e-01", "width": "1.7347e-02", "ip": "1.489e-06", "ts": "0", "stretch": "4.8487e+05", "date": "2090-09-29.60", "dist": "0.252", "sigma_lov": "-0.36623", "sigma_imp": "0.000", "ps": "-6.28"}, {"energy": "7.349e-01", "width": "6.8042e-03", "ip": "8.368e-07", "ts": "0", "stretch": "7.6922e+05", "date": "2090-09-29.66", "dist": "0.506", "sigma_lov": "-0.36633", "sigma_imp": "0.000", "ps": "-6.53"}, {"energy": "7.370e-01", "width": "0.0000e+00", "ip": "6.381e-07", "ts": "0", "stretch": "6.9213e+05", "date": "2114-09-30.52", "dist": "0.223", "sigma_lov": "-1.06394", "sigma_imp": "0.000", "ps": "-6.77"}]}