{"summary": {"energy": "3.502e-01", "darc": "2.9426 days", "ip": "3.815e-07", "h": "26.35", "nobs": "31", "mass": "8.23e+06", "v_inf": "15.28", "first_obs": "2012-Nov-14.17815", "method": "LOV", "pdate": "2017-04-13 10:42:43", "ndop": "0", "cdate": "2017-04-13 10:42:43", "ps_cum": "-6.53", "diameter": "1.8e-02", "ndel": "0", "v_imp": "18.91", "ps_max": "-6.53", "last_obs": "2012-Nov-17.120718", "fullname": "(2012 VE77)", "n_imp": "1", "ts_max": "0", "nsat": "0", "des": "2012 VE77"}, "signature": {"source": "NASA/JPL Sentry Data API", "version": "1.1"}, "data": [{"energy": "3.502e-01", "width": "8.1374e-04", "ip": "3.815e-07", "ts": "0", "stretch": "7.6749e+03", "date": "2035-11-18.07", "dist": "0.298", "sigma_lov": "3.33714", "sigma_imp": "0.000", "ps": "-6.53"}]}