{"summary": {"energy": "4.828e+01", "darc": "19.603 days", "ip": "6.492389e-06", "h": "23.10", "nobs": "41", "mass": "7.30e+08", "v_inf": "20.76", "first_obs": "2012-Aug-17.44423", "method": "LOV", "pdate": "2017-04-08 03:29:53", "ndop": "0", "cdate": "2017-04-08 03:29:53", "ps_cum": "-3.81", "diameter": "0.081", "ndel": "0", "v_imp": "23.57", "ps_max": "-3.95", "last_obs": "2012-Sep-06.04738", "fullname": "(2012 QD8)", "n_imp": "4", "ts_max": "0", "nsat": "0", "des": "2012 QD8"}, "signature": {"source": "NASA/JPL Sentry Data API", "version": "1.1"}, "data": [{"energy": "4.811e+01", "width": "6.1584e-01", "ip": "6.469e-09", "ts": "0", "stretch": "8.0926e+07", "date": "2105-09-09.30", "dist": "0.662", "sigma_lov": "0.50607", "sigma_imp": "0.000", "ps": "-7.27"}, {"energy": "4.855e+01", "width": "1.4604e-02", "ip": "1.882e-06", "ts": "0", "stretch": "3.3600e+03", "date": "2050-03-08.68", "dist": "0.075", "sigma_lov": "-3.10852", "sigma_imp": "0.000", "ps": "-4.37"}, {"energy": "4.817e+01", "width": "1.4829e-02", "ip": "4.585e-06", "ts": "0", "stretch": "1.6798e+05", "date": "2047-03-08.97", "dist": "0.249", "sigma_lov": "0.07979", "sigma_imp": "0.000", "ps": "-3.95"}, {"energy": "4.857e+01", "width": "2.2222e-02", "ip": "1.892e-08", "ts": "0", "stretch": "2.1198e+06", "date": "2042-03-08.65", "dist": "0.620", "sigma_lov": "-2.34310", "sigma_imp": "0.000", "ps": "-6.25"}]}