{"summary": {"energy": "7.622e-03", "darc": "4.3819 days", "ip": "0.000111831175", "h": "28.46", "nobs": "44", "mass": "4.45e+05", "v_inf": "4.45", "first_obs": "2012-Nov-12.23058", "method": "LOV", "pdate": "2017-04-10 20:19:21", "ndop": "0", "cdate": "2017-04-10 20:19:21", "ps_cum": "-5.56", "diameter": "0.0069", "ndel": "0", "v_imp": "12.00", "ps_max": "-5.70", "last_obs": "2012-Nov-16.612447", "fullname": "(2012 VJ38)", "n_imp": "27", "ts_max": "0", "nsat": "0", "des": "2012 VJ38"}, "signature": {"source": "NASA/JPL Sentry Data API", "version": "1.1"}, "data": [{"energy": "7.625e-03", "width": "9.4595e-05", "ip": "5.450e-05", "ts": "0", "stretch": "3.8936e+03", "date": "2077-11-14.65", "dist": "0.934", "sigma_lov": "-0.76624", "sigma_imp": "0.000", "ps": "-6.22"}, {"energy": "7.632e-03", "width": "1.5528e-03", "ip": "1.697e-07", "ts": "0", "stretch": "1.8370e+05", "date": "2076-11-14.64", "dist": "0.064", "sigma_lov": "-2.54587", "sigma_imp": "0.000", "ps": "-8.72"}, {"energy": "7.623e-03", "width": "1.9642e-03", "ip": "3.405e-07", "ts": "0", "stretch": "3.6430e+05", "date": "2072-11-13.95", "dist": "0.969", "sigma_lov": "-0.96254", "sigma_imp": "0.000", "ps": "-8.38"}, {"energy": "7.613e-03", "width": "1.9642e-03", "ip": "9.477e-08", "ts": "0", "stretch": "4.1701e+05", "date": "2069-11-14.52", "dist": "0.773", "sigma_lov": "-2.25899", "sigma_imp": "0.000", "ps": "-8.92"}, {"energy": "7.618e-03", "width": "1.2276e-04", "ip": "3.122e-07", "ts": "0", "stretch": "1.6539e+04", "date": "2068-11-15.03", "dist": "0.985", "sigma_lov": "-2.55656", "sigma_imp": "0.000", "ps": "-8.39"}, {"energy": "7.616e-03", "width": "1.9642e-03", "ip": "5.579e-08", "ts": "0", "stretch": "4.2695e+05", "date": "2068-11-14.31", "dist": "0.902", "sigma_lov": "-2.31114", "sigma_imp": "0.000", "ps": "-9.14"}, {"energy": "7.621e-03", "width": "2.7778e-03", "ip": "4.014e-07", "ts": "0", "stretch": "7.3109e+05", "date": "2061-11-14.03", "dist": "0.805", "sigma_lov": "-0.97935", "sigma_imp": "0.000", "ps": "-8.22"}, {"energy": "7.628e-03", "width": "1.2028e-03", "ip": "5.020e-08", "ts": "0", "stretch": "1.8185e+05", "date": "2059-11-15.02", "dist": "0.199", "sigma_lov": "-2.98376", "sigma_imp": "0.000", "ps": "-9.10"}, {"energy": "7.631e-03", "width": "6.0141e-04", "ip": "1.037e-08", "ts": "0", "stretch": "9.0778e+04", "date": "2057-11-14.80", "dist": "0.296", "sigma_lov": "-3.66018", "sigma_imp": "0.000", "ps": "-9.76"}, {"energy": "7.609e-03", "width": "8.1200e-05", "ip": "1.810e-09", "ts": "0", "stretch": "7.8121e+03", "date": "2056-11-14.76", "dist": "0.953", "sigma_lov": "-4.41448", "sigma_imp": "0.000", "ps": "-10.5"}, {"energy": "7.625e-03", "width": "3.4722e-04", "ip": "5.402e-09", "ts": "0", "stretch": "5.3799e+04", "date": "2054-11-14.97", "dist": "0.942", "sigma_lov": "-3.69597", "sigma_imp": "0.000", "ps": "-10.0"}, {"energy": "7.637e-03", "width": "0.0000e+00", "ip": "9.273e-09", "ts": "0", "stretch": "9.8324e+04", "date": "2054-11-14.56", "dist": "0.996", "sigma_lov": "-2.96778", "sigma_imp": "0.000", "ps": "-9.78"}, {"energy": "7.619e-03", "width": "1.5035e-04", "ip": "1.341e-08", "ts": "0", "stretch": "2.1967e+04", "date": "2048-11-14.29", "dist": "0.777", "sigma_lov": "-3.85805", "sigma_imp": "0.000", "ps": "-9.54"}, {"energy": "7.610e-03", "width": "8.6806e-05", "ip": "1.496e-08", "ts": "0", "stretch": "9.1262e+03", "date": "2045-11-14.82", "dist": "0.627", "sigma_lov": "-4.10512", "sigma_imp": "0.000", "ps": "-9.45"}, {"energy": "7.613e-03", "width": "1.5035e-04", "ip": "5.005e-08", "ts": "0", "stretch": "2.3211e+04", "date": "2034-11-14.71", "dist": "0.717", "sigma_lov": "-3.51358", "sigma_imp": "0.000", "ps": "-8.72"}, {"energy": "7.619e-03", "width": "7.6598e-05", "ip": "4.347e-05", "ts": "0", "stretch": "6.8779e+01", "date": "2031-11-15.45", "dist": "0.688", "sigma_lov": "-3.24582", "sigma_imp": "0.000", "ps": "-5.70"}, {"energy": "7.631e-03", "width": "7.8568e-03", "ip": "9.056e-08", "ts": "0", "stretch": "1.3257e+06", "date": "2078-11-14.38", "dist": "0.971", "sigma_lov": "-0.97209", "sigma_imp": "0.000", "ps": "-9.00"}, {"energy": "7.628e-03", "width": "6.9445e-04", "ip": "1.175e-07", "ts": "0", "stretch": "1.0307e+05", "date": "2078-11-14.80", "dist": "0.637", "sigma_lov": "-2.80273", "sigma_imp": "0.000", "ps": "-8.89"}, {"energy": "7.619e-03", "width": "1.1111e-02", "ip": "1.238e-07", "ts": "0", "stretch": "1.4515e+06", "date": "2080-11-14.02", "dist": "0.958", "sigma_lov": "-0.77074", "sigma_imp": "0.000", "ps": "-8.88"}, {"energy": "7.630e-03", "width": "0.0000e+00", "ip": "5.399e-07", "ts": "0", "stretch": "1.5050e+05", "date": "2082-11-14.38", "dist": "0.828", "sigma_lov": "-1.84663", "sigma_imp": "0.000", "ps": "-8.26"}, {"energy": "7.642e-03", "width": "2.4552e-04", "ip": "1.707e-07", "ts": "0", "stretch": "5.4706e+04", "date": "2082-11-14.62", "dist": "0.152", "sigma_lov": "-2.97906", "sigma_imp": "0.000", "ps": "-8.76"}, {"energy": "7.616e-03", "width": "0.0000e+00", "ip": "9.348e-08", "ts": "0", "stretch": "4.1012e+05", "date": "2085-11-14.62", "dist": "0.812", "sigma_lov": "-2.23488", "sigma_imp": "0.000", "ps": "-9.04"}, {"energy": "7.626e-03", "width": "0.0000e+00", "ip": "4.343e-06", "ts": "0", "stretch": "1.1509e+05", "date": "2088-11-14.24", "dist": "0.511", "sigma_lov": "-0.79507", "sigma_imp": "0.000", "ps": "-7.39"}, {"energy": "7.627e-03", "width": "2.2222e-02", "ip": "2.077e-07", "ts": "0", "stretch": "3.2820e+06", "date": "2106-01-06.68", "dist": "0.226", "sigma_lov": "0.51314", "sigma_imp": "0.000", "ps": "-8.80"}, {"energy": "7.620e-03", "width": "4.2526e-04", "ip": "6.389e-06", "ts": "0", "stretch": "6.0346e+04", "date": "2107-11-16.45", "dist": "0.737", "sigma_lov": "-0.81832", "sigma_imp": "0.000", "ps": "-7.32"}, {"energy": "7.644e-03", "width": "0.0000e+00", "ip": "1.158e-07", "ts": "0", "stretch": "4.9619e+06", "date": "2108-11-14.83", "dist": "0.267", "sigma_lov": "-0.77728", "sigma_imp": "0.000", "ps": "-9.07"}, {"energy": "7.635e-03", "width": "0.0000e+00", "ip": "1.399e-07", "ts": "0", "stretch": "7.4563e+05", "date": "2111-11-16.04", "dist": "0.704", "sigma_lov": "-1.84020", "sigma_imp": "0.000", "ps": "-9.00"}]}