{"summary": {"energy": "2.850e-03", "darc": ".13009 days", "ip": "1.7665e-09", "h": "29.14", "nobs": "17", "mass": "1.74e+05", "v_inf": "3.70", "first_obs": "2012-Mar-17.30111", "method": "LOV", "pdate": "2017-04-10 07:03:02", "ndop": "0", "cdate": "2017-04-10 07:03:02", "ps_cum": "-11.17", "diameter": "0.00503302009623549", "ndel": "0", "v_imp": "11.74", "ps_max": "-11.4", "last_obs": "2012-Mar-17.4312", "fullname": "(2012 FN)", "n_imp": "3", "ts_max": "0", "nsat": "0", "des": "2012 FN"}, "signature": {"source": "NASA/JPL Sentry Data API", "version": "1.1"}, "data": [{"energy": "2.944e-03", "width": "3.7221e+01", "ip": "5.833e-10", "ts": "0", "stretch": "3.0453e+05", "date": "2113-03-08.15", "dist": "83.737", "sigma_lov": "-1.89473", "sigma_imp": "2.223", "ps": "-11.7"}, {"energy": "2.803e-03", "width": "4.1970e+01", "ip": "2.715e-10", "ts": "0", "stretch": "1.4428e+06", "date": "2100-03-07.85", "dist": "88.445", "sigma_lov": "-1.54549", "sigma_imp": "2.083", "ps": "-12.0"}, {"energy": "2.804e-03", "width": "3.2869e+01", "ip": "9.117e-10", "ts": "0", "stretch": "1.1416e+05", "date": "2089-03-07.25", "dist": "90.495", "sigma_lov": "-1.54599", "sigma_imp": "2.723", "ps": "-11.4"}]}