{"summary": {"energy": "2.270e-02", "darc": "8.0991 days", "ip": "4.848e-07", "h": "27.82", "nobs": "26", "mass": "1.07e+06", "v_inf": "7.31", "first_obs": "2012-Oct-08.19843", "method": "LOV", "pdate": "2017-04-13 07:36:48", "ndop": "0", "cdate": "2017-04-13 07:36:48", "ps_cum": "-7.87", "diameter": "0.0092", "ndel": "0", "v_imp": "13.33", "ps_max": "-8.09", "last_obs": "2012-Oct-16.297488", "fullname": "(2012 TP20)", "n_imp": "2", "ts_max": "0", "nsat": "0", "des": "2012 TP20"}, "signature": {"source": "NASA/JPL Sentry Data API", "version": "1.1"}, "data": [{"energy": "2.272e-02", "width": "1.3608e-02", "ip": "3.133e-07", "ts": "0", "stretch": "1.7297e+06", "date": "2079-10-02.55", "dist": "0.063", "sigma_lov": "-0.87755", "sigma_imp": "0.000", "ps": "-8.09"}, {"energy": "2.267e-02", "width": "1.1111e-02", "ip": "1.715e-07", "ts": "0", "stretch": "2.0863e+06", "date": "2069-10-02.37", "dist": "0.674", "sigma_lov": "-0.99932", "sigma_imp": "0.000", "ps": "-8.28"}]}