{"summary": {"energy": "1.757e+00", "darc": "14.838 days", "ip": "5.968e-08", "h": "25.40", "nobs": "26", "mass": "3.04e+07", "v_inf": "18.99", "first_obs": "2013-Sep-09.46134", "method": "LOV", "pdate": "2017-04-12 13:01:41", "ndop": "0", "cdate": "2017-04-12 13:01:41", "ps_cum": "-7.05", "diameter": "0.028", "ndel": "0", "v_imp": "22.02", "ps_max": "-7.13", "last_obs": "2013-Sep-24.29896", "fullname": "(2013 RR43)", "n_imp": "2", "ts_max": "0", "nsat": "0", "des": "2013 RR43"}, "signature": {"source": "NASA/JPL Sentry Data API", "version": "1.1"}, "data": [{"energy": "1.766e+00", "width": "3.1427e-02", "ip": "1.244e-08", "ts": "0", "stretch": "4.7215e+06", "date": "2057-09-08.32", "dist": "0.363", "sigma_lov": "-2.25096", "sigma_imp": "0.000", "ps": "-7.79"}, {"energy": "1.754e+00", "width": "1.2028e-03", "ip": "4.724e-08", "ts": "0", "stretch": "1.7336e+05", "date": "2050-09-08.75", "dist": "0.875", "sigma_lov": "-2.77380", "sigma_imp": "0.000", "ps": "-7.13"}]}