{"summary": {"energy": "1.108e-01", "darc": "1.2298 days", "ip": "2.409e-06", "h": "27.30", "nobs": "88", "mass": "2.20e+06", "v_inf": "17.26", "first_obs": "2013-Aug-07.9199", "method": "LOV", "pdate": "2017-04-12 18:03:51", "ndop": "0", "cdate": "2017-04-12 18:03:51", "ps_cum": "-6.76", "diameter": "1.2e-02", "ndel": "0", "v_imp": "20.55", "ps_max": "-6.76", "last_obs": "2013-Aug-09.149675", "fullname": "(2013 PS13)", "n_imp": "1", "ts_max": "0", "nsat": "0", "des": "2013 PS13"}, "signature": {"source": "NASA/JPL Sentry Data API", "version": "1.1"}, "data": [{"energy": "1.108e-01", "width": "3.4021e-03", "ip": "2.409e-06", "ts": "0", "stretch": "2.4334e+05", "date": "2096-08-12.39", "dist": "0.448", "sigma_lov": "-0.62750", "sigma_imp": "0.000", "ps": "-6.76"}]}