{"summary": {"energy": "1.564e-01", "darc": "20.994 days", "ip": "2.60436e-06", "h": "26.54", "nobs": "34", "mass": "6.32e+06", "v_inf": "9.16", "first_obs": "2013-Oct-12.39906", "method": "LOV", "pdate": "2017-04-12 00:43:30", "ndop": "0", "cdate": "2017-04-12 00:43:30", "ps_cum": "-6.68", "diameter": "0.017", "ndel": "0", "v_imp": "14.42", "ps_max": "-7.04", "last_obs": "2013-Nov-02.392943", "fullname": "(2013 TV132)", "n_imp": "6", "ts_max": "0", "nsat": "0", "des": "2013 TV132"}, "signature": {"source": "NASA/JPL Sentry Data API", "version": "1.1"}, "data": [{"energy": "1.564e-01", "width": "0.0000e+00", "ip": "1.136e-06", "ts": "0", "stretch": "5.0770e+05", "date": "2111-10-05.06", "dist": "0.347", "sigma_lov": "-0.72281", "sigma_imp": "0.000", "ps": "-7.04"}, {"energy": "1.564e-01", "width": "2.7778e-03", "ip": "1.086e-06", "ts": "0", "stretch": "5.2273e+05", "date": "2111-10-05.05", "dist": "0.125", "sigma_lov": "-0.81597", "sigma_imp": "0.000", "ps": "-7.06"}, {"energy": "1.538e-01", "width": "2.1183e-03", "ip": "1.063e-07", "ts": "0", "stretch": "1.1724e+04", "date": "2103-10-04.60", "dist": "0.259", "sigma_lov": "-3.58922", "sigma_imp": "0.000", "ps": "-8.04"}, {"energy": "1.572e-01", "width": "0.0000e+00", "ip": "9.956e-08", "ts": "0", "stretch": "5.0874e+06", "date": "2099-10-03.57", "dist": "0.504", "sigma_lov": "0.78587", "sigma_imp": "0.000", "ps": "-8.04"}, {"energy": "1.567e-01", "width": "0.0000e+00", "ip": "9.394e-08", "ts": "0", "stretch": "3.4707e+06", "date": "2115-10-04.47", "dist": "0.824", "sigma_lov": "0.81086", "sigma_imp": "0.000", "ps": "-8.14"}, {"energy": "1.582e-01", "width": "4.8113e-03", "ip": "8.256e-08", "ts": "0", "stretch": "7.3583e+05", "date": "2111-10-05.00", "dist": "0.920", "sigma_lov": "1.81167", "sigma_imp": "0.000", "ps": "-8.18"}]}