{"summary": {"energy": "6.112e-02", "darc": "5.7288 days", "ip": "3.936231e-05", "h": "27.01", "nobs": "36", "mass": "3.28e+06", "v_inf": "5.68", "first_obs": "2013-Sep-09.38097", "method": "LOV", "pdate": "2017-04-06 17:36:45", "ndop": "0", "cdate": "2017-04-06 17:36:45", "ps_cum": "-5.70", "diameter": "0.013", "ndel": "0", "v_imp": "12.51", "ps_max": "-6.18", "last_obs": "2013-Sep-15.109813", "fullname": "(2013 RS43)", "n_imp": "42", "ts_max": "0", "nsat": "0", "des": "2013 RS43"}, "signature": {"source": "NASA/JPL Sentry Data API", "version": "1.1"}, "data": [{"energy": "6.107e-02", "width": "0.0000e+00", "ip": "1.203e-07", "ts": "0", "stretch": "2.4204e+06", "date": "2110-09-19.13", "dist": "0.267", "sigma_lov": "1.39219", "sigma_imp": "0.000", "ps": "-8.34"}, {"energy": "6.133e-02", "width": "7.7642e-04", "ip": "1.547e-06", "ts": "0", "stretch": "1.5641e+05", "date": "2108-09-18.27", "dist": "0.947", "sigma_lov": "-0.33801", "sigma_imp": "0.000", "ps": "-7.22"}, {"energy": "6.084e-02", "width": "4.9105e-04", "ip": "1.156e-07", "ts": "0", "stretch": "2.0336e+05", "date": "2108-09-17.37", "dist": "0.573", "sigma_lov": "2.57883", "sigma_imp": "0.000", "ps": "-8.35"}, {"energy": "6.086e-02", "width": "0.0000e+00", "ip": "1.452e-07", "ts": "0", "stretch": "1.4635e+05", "date": "2108-09-17.42", "dist": "0.140", "sigma_lov": "2.68917", "sigma_imp": "0.000", "ps": "-8.25"}, {"energy": "6.145e-02", "width": "3.9284e-03", "ip": "4.514e-07", "ts": "0", "stretch": "1.7553e+06", "date": "2106-09-17.93", "dist": "0.076", "sigma_lov": "-0.09493", "sigma_imp": "0.000", "ps": "-7.74"}, {"energy": "6.155e-02", "width": "1.9642e-03", "ip": "1.319e-07", "ts": "0", "stretch": "1.1844e+06", "date": "2106-09-17.88", "dist": "0.959", "sigma_lov": "-0.85776", "sigma_imp": "0.000", "ps": "-8.28"}, {"energy": "6.126e-02", "width": "1.5528e-03", "ip": "1.362e-06", "ts": "0", "stretch": "5.2451e+05", "date": "2103-09-18.51", "dist": "0.379", "sigma_lov": "-0.26071", "sigma_imp": "0.000", "ps": "-7.25"}, {"energy": "6.089e-02", "width": "0.0000e+00", "ip": "7.904e-08", "ts": "0", "stretch": "3.6443e+05", "date": "2101-09-17.35", "dist": "0.210", "sigma_lov": "2.56853", "sigma_imp": "0.000", "ps": "-8.48"}, {"energy": "6.162e-02", "width": "0.0000e+00", "ip": "3.907e-07", "ts": "0", "stretch": "8.8826e+05", "date": "2100-09-17.81", "dist": "0.666", "sigma_lov": "-1.04354", "sigma_imp": "0.000", "ps": "-7.77"}, {"energy": "6.113e-02", "width": "4.8113e-03", "ip": "2.679e-07", "ts": "0", "stretch": "1.4605e+06", "date": "2098-09-17.90", "dist": "0.583", "sigma_lov": "1.00231", "sigma_imp": "0.000", "ps": "-7.93"}, {"energy": "6.123e-02", "width": "0.0000e+00", "ip": "4.539e-07", "ts": "0", "stretch": "1.0644e+06", "date": "2097-09-16.99", "dist": "0.794", "sigma_lov": "-0.08363", "sigma_imp": "0.000", "ps": "-7.70"}, {"energy": "6.130e-02", "width": "0.0000e+00", "ip": "2.805e-07", "ts": "0", "stretch": "2.6565e+06", "date": "2097-09-16.96", "dist": "0.347", "sigma_lov": "-0.09551", "sigma_imp": "0.000", "ps": "-7.90"}, {"energy": "6.081e-02", "width": "0.0000e+00", "ip": "1.411e-07", "ts": "0", "stretch": "2.2094e+05", "date": "2097-09-16.49", "dist": "0.396", "sigma_lov": "2.51264", "sigma_imp": "0.000", "ps": "-8.21"}, {"energy": "6.076e-02", "width": "0.0000e+00", "ip": "9.192e-08", "ts": "0", "stretch": "2.1846e+05", "date": "2097-09-16.49", "dist": "0.834", "sigma_lov": "2.48532", "sigma_imp": "0.000", "ps": "-8.39"}, {"energy": "6.146e-02", "width": "7.0522e-04", "ip": "4.385e-06", "ts": "0", "stretch": "5.0366e+04", "date": "2096-09-17.21", "dist": "0.390", "sigma_lov": "-1.55550", "sigma_imp": "0.000", "ps": "-6.70"}, {"energy": "6.118e-02", "width": "1.7010e-03", "ip": "1.268e-06", "ts": "0", "stretch": "5.5204e+05", "date": "2096-09-16.13", "dist": "0.445", "sigma_lov": "0.19766", "sigma_imp": "0.000", "ps": "-7.24"}, {"energy": "6.080e-02", "width": "2.4056e-03", "ip": "4.455e-08", "ts": "0", "stretch": "5.9006e+05", "date": "2094-09-16.47", "dist": "0.488", "sigma_lov": "2.55988", "sigma_imp": "0.000", "ps": "-8.69"}, {"energy": "6.082e-02", "width": "6.4960e-04", "ip": "1.325e-07", "ts": "0", "stretch": "1.0533e+05", "date": "2094-09-16.81", "dist": "0.404", "sigma_lov": "2.81323", "sigma_imp": "0.000", "ps": "-8.22"}, {"energy": "6.134e-02", "width": "0.0000e+00", "ip": "8.028e-08", "ts": "0", "stretch": "8.6835e+06", "date": "2091-09-17.33", "dist": "0.526", "sigma_lov": "-0.26127", "sigma_imp": "0.000", "ps": "-8.41"}, {"energy": "6.090e-02", "width": "0.0000e+00", "ip": "5.044e-08", "ts": "0", "stretch": "6.2746e+05", "date": "2090-09-16.61", "dist": "0.266", "sigma_lov": "2.52593", "sigma_imp": "0.000", "ps": "-8.61"}, {"energy": "6.099e-02", "width": "1.9642e-03", "ip": "1.048e-07", "ts": "0", "stretch": "4.9286e+05", "date": "2089-09-17.17", "dist": "0.912", "sigma_lov": "1.91978", "sigma_imp": "0.000", "ps": "-8.29"}, {"energy": "6.189e-02", "width": "5.3599e-04", "ip": "1.264e-06", "ts": "0", "stretch": "7.7827e+03", "date": "2089-09-17.46", "dist": "0.257", "sigma_lov": "-2.96026", "sigma_imp": "0.000", "ps": "-7.20"}, {"energy": "6.089e-02", "width": "0.0000e+00", "ip": "4.147e-08", "ts": "0", "stretch": "3.4153e+05", "date": "2087-09-16.88", "dist": "0.457", "sigma_lov": "2.79803", "sigma_imp": "0.000", "ps": "-8.68"}, {"energy": "6.147e-02", "width": "0.0000e+00", "ip": "1.892e-07", "ts": "0", "stretch": "1.0264e+06", "date": "2084-09-16.87", "dist": "0.922", "sigma_lov": "-0.96987", "sigma_imp": "0.000", "ps": "-8.00"}, {"energy": "6.092e-02", "width": "8.5052e-04", "ip": "6.828e-07", "ts": "0", "stretch": "1.9277e+05", "date": "2080-09-16.97", "dist": "0.058", "sigma_lov": "1.89666", "sigma_imp": "0.000", "ps": "-7.42"}, {"energy": "6.079e-02", "width": "2.8212e-04", "ip": "8.799e-06", "ts": "0", "stretch": "3.4168e+03", "date": "2078-09-16.76", "dist": "0.300", "sigma_lov": "2.54202", "sigma_imp": "0.000", "ps": "-6.29"}, {"energy": "6.101e-02", "width": "3.8024e-04", "ip": "1.058e-05", "ts": "0", "stretch": "1.1177e+04", "date": "2073-09-17.44", "dist": "0.396", "sigma_lov": "1.90910", "sigma_imp": "0.000", "ps": "-6.18"}, {"energy": "6.143e-02", "width": "5.5556e-03", "ip": "1.279e-07", "ts": "0", "stretch": "1.9705e+06", "date": "2116-09-18.01", "dist": "0.833", "sigma_lov": "-1.06299", "sigma_imp": "0.000", "ps": "-8.34"}, {"energy": "6.078e-02", "width": "4.2526e-04", "ip": "2.296e-07", "ts": "0", "stretch": "1.0391e+05", "date": "2115-09-18.21", "dist": "0.500", "sigma_lov": "2.59440", "sigma_imp": "0.000", "ps": "-8.08"}, {"energy": "6.120e-02", "width": "0.0000e+00", "ip": "1.165e-06", "ts": "0", "stretch": "5.7612e+05", "date": "2115-09-18.38", "dist": "0.536", "sigma_lov": "-0.09378", "sigma_imp": "0.000", "ps": "-7.37"}, {"energy": "6.127e-02", "width": "9.8210e-04", "ip": "1.686e-06", "ts": "0", "stretch": "4.6723e+05", "date": "2115-09-18.35", "dist": "0.130", "sigma_lov": "-0.09426", "sigma_imp": "0.000", "ps": "-7.21"}, {"energy": "6.135e-02", "width": "0.0000e+00", "ip": "8.261e-07", "ts": "0", "stretch": "3.0761e+05", "date": "2115-09-18.29", "dist": "0.889", "sigma_lov": "-0.85875", "sigma_imp": "0.000", "ps": "-7.52"}, {"energy": "6.074e-02", "width": "3.4722e-04", "ip": "1.287e-07", "ts": "0", "stretch": "7.0913e+04", "date": "2115-09-18.23", "dist": "0.895", "sigma_lov": "2.70614", "sigma_imp": "0.000", "ps": "-8.33"}, {"energy": "6.078e-02", "width": "6.9445e-04", "ip": "7.396e-08", "ts": "0", "stretch": "3.3768e+05", "date": "2115-09-18.18", "dist": "0.172", "sigma_lov": "2.62635", "sigma_imp": "0.000", "ps": "-8.57"}, {"energy": "6.116e-02", "width": "2.7778e-03", "ip": "3.281e-07", "ts": "0", "stretch": "1.4422e+06", "date": "2114-09-19.18", "dist": "0.172", "sigma_lov": "1.00563", "sigma_imp": "0.000", "ps": "-7.92"}, {"energy": "6.189e-02", "width": "0.0000e+00", "ip": "2.065e-08", "ts": "0", "stretch": "4.5345e+05", "date": "2114-09-18.77", "dist": "0.265", "sigma_lov": "-2.97633", "sigma_imp": "0.000", "ps": "-9.12"}, {"energy": "6.143e-02", "width": "5.5556e-03", "ip": "1.248e-07", "ts": "0", "stretch": "2.3572e+06", "date": "2112-09-17.96", "dist": "0.885", "sigma_lov": "-0.69316", "sigma_imp": "0.000", "ps": "-8.33"}, {"energy": "6.134e-02", "width": "0.0000e+00", "ip": "2.346e-07", "ts": "0", "stretch": "2.7475e+06", "date": "2112-09-18.00", "dist": "0.557", "sigma_lov": "-0.23812", "sigma_imp": "0.000", "ps": "-8.06"}, {"energy": "6.146e-02", "width": "5.5556e-03", "ip": "2.429e-07", "ts": "0", "stretch": "3.0093e+06", "date": "2111-09-18.12", "dist": "0.399", "sigma_lov": "-0.04517", "sigma_imp": "0.000", "ps": "-8.04"}, {"energy": "6.096e-02", "width": "1.9642e-03", "ip": "1.259e-07", "ts": "0", "stretch": "8.1573e+05", "date": "2110-09-18.84", "dist": "0.714", "sigma_lov": "1.83972", "sigma_imp": "0.000", "ps": "-8.32"}, {"energy": "6.151e-02", "width": "0.0000e+00", "ip": "5.664e-07", "ts": "0", "stretch": "2.4881e+05", "date": "2110-09-17.62", "dist": "0.791", "sigma_lov": "-1.58082", "sigma_imp": "0.000", "ps": "-7.66"}, {"energy": "6.108e-02", "width": "0.0000e+00", "ip": "2.812e-07", "ts": "0", "stretch": "1.2905e+06", "date": "2110-09-17.86", "dist": "0.743", "sigma_lov": "0.87612", "sigma_imp": "0.000", "ps": "-7.97"}]}