{"summary": {"energy": "5.580e-02", "darc": "1.0048 days", "ip": "3.3682014e-06", "h": "27.39", "nobs": "6", "mass": "1.95e+06", "v_inf": "10.73", "first_obs": "2013-Jul-14.49054", "method": "LOV", "pdate": "2017-04-09 13:47:09", "ndop": "0", "cdate": "2017-04-09 13:47:09", "ps_cum": "-6.81", "diameter": "0.011", "ndel": "0", "v_imp": "15.48", "ps_max": "-7.17", "last_obs": "2013-Jul-15.495357", "fullname": "(2013 NE24)", "n_imp": "9", "ts_max": "0", "nsat": "0", "des": "2013 NE24"}, "signature": {"source": "NASA/JPL Sentry Data API", "version": "1.1"}, "data": [{"energy": "7.748e-02", "width": "2.4712e-01", "ip": "8.499e-10", "ts": "0", "stretch": "3.2394e+05", "date": "2112-07-28.41", "dist": "1.229", "sigma_lov": "-3.29710", "sigma_imp": "0.926", "ps": "-10.4"}, {"energy": "5.134e-02", "width": "7.3812e+00", "ip": "4.446e-10", "ts": "0", "stretch": "5.8014e+05", "date": "2099-05-27.02", "dist": "11.903", "sigma_lov": "2.92425", "sigma_imp": "1.477", "ps": "-10.8"}, {"energy": "6.075e-02", "width": "4.3662e-01", "ip": "1.457e-06", "ts": "0", "stretch": "4.7649e+04", "date": "2093-07-11.60", "dist": "0.133", "sigma_lov": "-2.14706", "sigma_imp": "0.000", "ps": "-7.17"}, {"energy": "5.860e-02", "width": "4.2973e+00", "ip": "4.890e-10", "ts": "0", "stretch": "1.5477e+06", "date": "2091-07-08.98", "dist": "11.857", "sigma_lov": "-1.59554", "sigma_imp": "2.526", "ps": "-10.6"}, {"energy": "5.194e-02", "width": "7.2572e-01", "ip": "8.540e-07", "ts": "0", "stretch": "5.6523e+04", "date": "2086-06-29.99", "dist": "1.067", "sigma_lov": "-1.87258", "sigma_imp": "0.092", "ps": "-7.41"}, {"energy": "5.200e-02", "width": "6.4771e-01", "ip": "1.050e-06", "ts": "0", "stretch": "9.5944e+04", "date": "2086-06-30.06", "dist": "0.065", "sigma_lov": "-1.88479", "sigma_imp": "0.000", "ps": "-7.32"}, {"energy": "6.765e-02", "width": "2.0716e-01", "ip": "3.832e-09", "ts": "0", "stretch": "1.3646e+05", "date": "2082-07-18.12", "dist": "1.513", "sigma_lov": "-1.53460", "sigma_imp": "2.476", "ps": "-9.64"}, {"energy": "6.100e-02", "width": "4.0717e-01", "ip": "5.429e-10", "ts": "0", "stretch": "4.7417e+04", "date": "2059-07-12.36", "dist": "2.264", "sigma_lov": "-2.22856", "sigma_imp": "3.105", "ps": "-10.3"}, {"energy": "6.104e-02", "width": "3.4361e-01", "ip": "1.043e-09", "ts": "0", "stretch": "5.9266e+04", "date": "2059-07-12.39", "dist": "1.969", "sigma_lov": "-2.23171", "sigma_imp": "2.819", "ps": "-10.1"}]}