{"summary": {"energy": "1.155e-01", "darc": "8.9719 days", "ip": "2.78875577e-05", "h": "26.97", "nobs": "13", "mass": "3.50e+06", "v_inf": "12.37", "first_obs": "2013-Mar-05.41619", "method": "LOV", "pdate": "2017-04-09 06:14:53", "ndop": "0", "cdate": "2017-04-09 06:14:53", "ps_cum": "-5.10", "diameter": "0.0139999958153381", "ndel": "0", "v_imp": "16.65", "ps_max": "-5.10", "last_obs": "2013-Mar-14.38805", "fullname": "(2013 EV27)", "n_imp": "5", "ts_max": "0", "nsat": "0", "des": "2013 EV27"}, "signature": {"source": "NASA/JPL Sentry Data API", "version": "1.1"}, "data": [{"energy": "1.068e-01", "width": "4.6666e-03", "ip": "1.167e-10", "ts": "0", "stretch": "2.1113e+04", "date": "2075-02-28.84", "dist": "0.796", "sigma_lov": "-4.93364", "sigma_imp": "0.000", "ps": "-10.9"}, {"energy": "1.203e-01", "width": "4.3921e-03", "ip": "2.002e-08", "ts": "0", "stretch": "4.7045e+05", "date": "2070-02-28.52", "dist": "0.804", "sigma_lov": "2.79850", "sigma_imp": "0.000", "ps": "-8.63"}, {"energy": "1.149e-01", "width": "0.0000e+00", "ip": "1.466e-07", "ts": "0", "stretch": "4.4259e+06", "date": "2063-02-28.80", "dist": "0.554", "sigma_lov": "-0.21727", "sigma_imp": "0.000", "ps": "-7.72"}, {"energy": "1.082e-01", "width": "4.1194e-03", "ip": "8.210e-10", "ts": "0", "stretch": "4.0753e+04", "date": "2059-02-28.96", "dist": "0.510", "sigma_lov": "-4.45340", "sigma_imp": "0.000", "ps": "-9.96"}, {"energy": "1.155e-01", "width": "4.3116e-03", "ip": "2.772e-05", "ts": "0", "stretch": "1.8687e+04", "date": "2038-02-28.99", "dist": "0.659", "sigma_lov": "-0.54165", "sigma_imp": "0.000", "ps": "-5.10"}]}