{"summary": {"energy": "6.804e-01", "darc": "24.061 days", "ip": "2.979e-06", "h": "25.69", "nobs": "40", "mass": "2.03e+07", "v_inf": "12.56", "first_obs": "2013-Nov-28.411", "method": "LOV", "pdate": "2017-04-15 10:25:31", "ndop": "0", "cdate": "2017-04-15 10:25:31", "ps_cum": "-6.11", "diameter": "2.5e-02", "ndel": "0", "v_imp": "16.79", "ps_max": "-6.11", "last_obs": "2013-Dec-22.471507", "fullname": "(2013 WZ44)", "n_imp": "1", "ts_max": "0", "nsat": "0", "des": "2013 WZ44"}, "signature": {"source": "NASA/JPL Sentry Data API", "version": "1.1"}, "data": [{"energy": "6.804e-01", "width": "4.2170e-03", "ip": "2.979e-06", "ts": "0", "stretch": "7.4208e+04", "date": "2111-11-26.37", "dist": "0.446", "sigma_lov": "1.53265", "sigma_imp": "0.000", "ps": "-6.11"}]}