{"summary": {"energy": "1.471e-01", "darc": "9.9136 days", "ip": "4.917e-05", "h": "27.52", "nobs": "23", "mass": "1.62e+06", "v_inf": "25.30", "first_obs": "2013-Oct-02.389801", "method": "LOV", "pdate": "2017-04-11 11:57:41", "ndop": "0", "cdate": "2017-04-11 11:57:41", "ps_cum": "-4.43", "diameter": "1.1e-02", "ndel": "0", "v_imp": "27.64", "ps_max": "-4.43", "last_obs": "2013-Oct-12.30343", "fullname": "(2013 TP4)", "n_imp": "1", "ts_max": "0", "nsat": "0", "des": "2013 TP4"}, "signature": {"source": "NASA/JPL Sentry Data API", "version": "1.1"}, "data": [{"energy": "1.471e-01", "width": "8.7562e-04", "ip": "4.917e-05", "ts": "0", "stretch": "8.4013e+03", "date": "2026-10-01.33", "dist": "0.370", "sigma_lov": "1.07963", "sigma_imp": "0.000", "ps": "-4.43"}]}