{"summary": {"energy": "1.750e-04", "darc": ".16022 days", "ip": "7.46688874e-05", "h": "31.45", "nobs": "11", "mass": "7.18e+03", "v_inf": "8.95", "first_obs": "2013-Dec-23.21048", "method": "LOV", "pdate": "2017-04-08 08:53:54", "ndop": "0", "cdate": "2017-04-08 08:53:54", "ps_cum": "-6.59", "diameter": "0.00174116942634396", "ndel": "0", "v_imp": "14.29", "ps_max": "-7.02", "last_obs": "2013-Dec-23.3707", "fullname": "(2013 YB)", "n_imp": "27", "ts_max": "0", "nsat": "0", "des": "2013 YB"}, "signature": {"source": "NASA/JPL Sentry Data API", "version": "1.1"}, "data": [{"energy": "1.381e-04", "width": "7.5895e-03", "ip": "1.581e-08", "ts": "0", "stretch": "1.0244e+06", "date": "2063-12-24.06", "dist": "0.254", "sigma_lov": "2.78546", "sigma_imp": "0.000", "ps": "-11.0"}, {"energy": "1.385e-04", "width": "5.3359e-01", "ip": "8.604e-10", "ts": "0", "stretch": "1.7221e+05", "date": "2054-12-23.74", "dist": "2.136", "sigma_lov": "2.77360", "sigma_imp": "2.129", "ps": "-12.2"}, {"energy": "1.490e-04", "width": "5.5502e-02", "ip": "1.680e-06", "ts": "0", "stretch": "6.7626e+04", "date": "2046-12-23.98", "dist": "0.547", "sigma_lov": "1.88434", "sigma_imp": "0.000", "ps": "-8.79"}, {"energy": "1.401e-04", "width": "8.7193e-03", "ip": "1.750e-07", "ts": "0", "stretch": "4.5271e+04", "date": "2044-12-23.30", "dist": "0.958", "sigma_lov": "2.59428", "sigma_imp": "0.000", "ps": "-9.76"}, {"energy": "2.330e-04", "width": "6.4354e-03", "ip": "1.178e-07", "ts": "0", "stretch": "8.2185e+04", "date": "2038-12-23.96", "dist": "0.820", "sigma_lov": "-2.78254", "sigma_imp": "0.000", "ps": "-9.65"}, {"energy": "1.997e-04", "width": "6.6998e-03", "ip": "4.202e-06", "ts": "0", "stretch": "7.2324e+04", "date": "2038-12-23.92", "dist": "0.494", "sigma_lov": "-1.28771", "sigma_imp": "0.000", "ps": "-8.15"}, {"energy": "1.700e-04", "width": "6.5145e-03", "ip": "7.977e-08", "ts": "0", "stretch": "3.7672e+06", "date": "2038-12-23.86", "dist": "0.913", "sigma_lov": "0.40118", "sigma_imp": "0.000", "ps": "-9.93"}, {"energy": "1.751e-04", "width": "4.8113e-03", "ip": "2.598e-07", "ts": "0", "stretch": "3.0605e+06", "date": "2038-12-23.82", "dist": "0.022", "sigma_lov": "0.07961", "sigma_imp": "0.000", "ps": "-9.40"}, {"energy": "2.636e-04", "width": "6.4977e-03", "ip": "2.110e-09", "ts": "0", "stretch": "9.6018e+04", "date": "2036-12-23.48", "dist": "0.863", "sigma_lov": "-3.90602", "sigma_imp": "0.000", "ps": "-11.3"}, {"energy": "2.221e-04", "width": "4.9451e-03", "ip": "4.448e-07", "ts": "0", "stretch": "7.9096e+04", "date": "2036-12-23.44", "dist": "0.715", "sigma_lov": "-2.35613", "sigma_imp": "0.000", "ps": "-9.05"}, {"energy": "2.242e-04", "width": "5.1990e-03", "ip": "1.219e-07", "ts": "0", "stretch": "1.3013e+05", "date": "2033-12-23.73", "dist": "0.931", "sigma_lov": "-2.41749", "sigma_imp": "0.000", "ps": "-9.53"}, {"energy": "1.611e-04", "width": "5.3028e-03", "ip": "1.005e-05", "ts": "0", "stretch": "4.8011e+04", "date": "2032-12-23.31", "dist": "0.021", "sigma_lov": "1.00446", "sigma_imp": "0.000", "ps": "-7.71"}, {"energy": "1.967e-04", "width": "3.7330e-03", "ip": "6.600e-06", "ts": "0", "stretch": "6.4537e+04", "date": "2032-12-23.30", "dist": "0.100", "sigma_lov": "-1.11862", "sigma_imp": "0.000", "ps": "-7.82"}, {"energy": "1.328e-04", "width": "5.6320e-03", "ip": "9.077e-08", "ts": "0", "stretch": "4.1760e+04", "date": "2032-12-23.29", "dist": "0.089", "sigma_lov": "3.27641", "sigma_imp": "0.000", "ps": "-9.82"}, {"energy": "2.414e-04", "width": "1.9604e-02", "ip": "4.190e-08", "ts": "0", "stretch": "7.2252e+04", "date": "2032-12-23.26", "dist": "0.890", "sigma_lov": "-3.10025", "sigma_imp": "0.000", "ps": "-9.94"}, {"energy": "1.697e-04", "width": "6.5196e-03", "ip": "8.411e-06", "ts": "0", "stretch": "5.5078e+04", "date": "2031-12-24.14", "dist": "0.777", "sigma_lov": "0.40300", "sigma_imp": "0.000", "ps": "-7.74"}, {"energy": "1.749e-04", "width": "6.5145e-03", "ip": "7.808e-08", "ts": "0", "stretch": "5.7876e+06", "date": "2031-12-24.14", "dist": "0.823", "sigma_lov": "0.07760", "sigma_imp": "0.000", "ps": "-9.76"}, {"energy": "1.451e-04", "width": "6.0127e-03", "ip": "1.728e-06", "ts": "0", "stretch": "4.2010e+04", "date": "2030-12-23.80", "dist": "0.172", "sigma_lov": "2.18707", "sigma_imp": "0.000", "ps": "-8.45"}, {"energy": "1.177e-04", "width": "7.2649e-03", "ip": "2.370e-10", "ts": "0", "stretch": "3.3194e+04", "date": "2030-12-23.79", "dist": "0.280", "sigma_lov": "4.80315", "sigma_imp": "0.000", "ps": "-12.4"}, {"energy": "2.302e-04", "width": "9.5561e-03", "ip": "2.165e-07", "ts": "0", "stretch": "4.8966e+04", "date": "2027-12-24.22", "dist": "0.888", "sigma_lov": "-2.66719", "sigma_imp": "0.000", "ps": "-9.08"}, {"energy": "1.347e-04", "width": "3.4482e-02", "ip": "1.521e-07", "ts": "0", "stretch": "3.9777e+04", "date": "2027-12-23.81", "dist": "0.489", "sigma_lov": "3.08663", "sigma_imp": "0.000", "ps": "-9.42"}, {"energy": "2.572e-04", "width": "4.3386e-03", "ip": "1.602e-08", "ts": "0", "stretch": "5.4213e+04", "date": "2026-12-23.88", "dist": "0.411", "sigma_lov": "-3.67694", "sigma_imp": "0.000", "ps": "-10.1"}, {"energy": "2.366e-04", "width": "4.0268e-03", "ip": "2.453e-07", "ts": "0", "stretch": "4.4432e+04", "date": "2024-12-23.39", "dist": "0.317", "sigma_lov": "-2.91856", "sigma_imp": "0.000", "ps": "-8.88"}, {"energy": "1.668e-04", "width": "5.3512e-03", "ip": "2.032e-05", "ts": "0", "stretch": "3.1583e+04", "date": "2024-12-23.38", "dist": "0.253", "sigma_lov": "0.60845", "sigma_imp": "0.000", "ps": "-7.08"}, {"energy": "1.847e-04", "width": "2.8521e-03", "ip": "1.879e-05", "ts": "0", "stretch": "3.2394e+04", "date": "2023-12-24.13", "dist": "0.501", "sigma_lov": "-0.50365", "sigma_imp": "0.000", "ps": "-7.02"}, {"energy": "1.384e-04", "width": "3.8358e-03", "ip": "7.714e-07", "ts": "0", "stretch": "2.2873e+04", "date": "2022-12-23.80", "dist": "0.204", "sigma_lov": "2.75887", "sigma_imp": "0.000", "ps": "-8.43"}, {"energy": "1.278e-04", "width": "3.2429e-03", "ip": "5.773e-08", "ts": "0", "stretch": "1.1920e+04", "date": "2018-12-23.78", "dist": "0.273", "sigma_lov": "3.75400", "sigma_imp": "0.000", "ps": "-9.06"}]}