{"summary": {"energy": "1.147e-02", "darc": "1.3411 days", "ip": "6.48554e-06", "h": "28.50", "nobs": "18", "mass": "4.20e+05", "v_inf": "10.27", "first_obs": "2013-Apr-09.45225", "method": "LOV", "pdate": "2017-04-12 22:39:50", "ndop": "0", "cdate": "2017-04-12 22:39:50", "ps_cum": "-7.03", "diameter": "0.00678978188400657", "ndel": "0", "v_imp": "15.15", "ps_max": "-7.50", "last_obs": "2013-Apr-10.79339", "fullname": "(2013 GW38)", "n_imp": "14", "ts_max": "0", "nsat": "0", "des": "2013 GW38"}, "signature": {"source": "NASA/JPL Sentry Data API", "version": "1.1"}, "data": [{"energy": "1.151e-02", "width": "2.7778e-03", "ip": "1.397e-07", "ts": "0", "stretch": "9.0598e+05", "date": "2113-04-08.62", "dist": "0.725", "sigma_lov": "1.71444", "sigma_imp": "0.000", "ps": "-8.87"}, {"energy": "1.142e-02", "width": "3.9284e-03", "ip": "4.318e-07", "ts": "0", "stretch": "1.6804e+06", "date": "2109-04-08.53", "dist": "0.277", "sigma_lov": "-0.33191", "sigma_imp": "0.000", "ps": "-8.36"}, {"energy": "1.131e-02", "width": "3.8490e-02", "ip": "3.933e-08", "ts": "0", "stretch": "1.0050e+07", "date": "2109-04-08.09", "dist": "0.589", "sigma_lov": "-0.98779", "sigma_imp": "0.000", "ps": "-9.40"}, {"energy": "1.133e-02", "width": "6.8042e-03", "ip": "2.430e-07", "ts": "0", "stretch": "1.9287e+06", "date": "2109-04-08.05", "dist": "0.029", "sigma_lov": "-1.03100", "sigma_imp": "0.000", "ps": "-8.61"}, {"energy": "1.153e-02", "width": "0.0000e+00", "ip": "6.141e-08", "ts": "0", "stretch": "2.8264e+06", "date": "2104-04-08.32", "dist": "0.715", "sigma_lov": "1.52839", "sigma_imp": "0.000", "ps": "-9.18"}, {"energy": "1.146e-02", "width": "3.7073e-03", "ip": "1.823e-06", "ts": "0", "stretch": "1.6225e+05", "date": "2104-04-08.24", "dist": "0.914", "sigma_lov": "-0.42896", "sigma_imp": "0.000", "ps": "-7.71"}, {"energy": "1.145e-02", "width": "4.3921e-03", "ip": "1.937e-07", "ts": "0", "stretch": "9.8268e+05", "date": "2104-04-08.23", "dist": "0.960", "sigma_lov": "-0.55366", "sigma_imp": "0.000", "ps": "-8.68"}, {"energy": "1.143e-02", "width": "7.8568e-03", "ip": "3.304e-07", "ts": "0", "stretch": "1.7730e+06", "date": "2098-04-07.45", "dist": "0.580", "sigma_lov": "0.45616", "sigma_imp": "0.000", "ps": "-8.42"}, {"energy": "1.140e-02", "width": "4.3921e-03", "ip": "3.292e-07", "ts": "0", "stretch": "9.5120e+05", "date": "2073-04-07.38", "dist": "0.835", "sigma_lov": "-0.82332", "sigma_imp": "0.000", "ps": "-8.26"}, {"energy": "1.146e-02", "width": "7.8568e-03", "ip": "1.606e-07", "ts": "0", "stretch": "3.6075e+06", "date": "2073-04-07.67", "dist": "0.182", "sigma_lov": "-0.77831", "sigma_imp": "0.000", "ps": "-8.57"}, {"energy": "1.154e-02", "width": "1.3821e-03", "ip": "1.773e-06", "ts": "0", "stretch": "2.0661e+04", "date": "2070-04-08.00", "dist": "0.977", "sigma_lov": "1.75228", "sigma_imp": "0.000", "ps": "-7.50"}, {"energy": "1.150e-02", "width": "5.5556e-03", "ip": "1.670e-07", "ts": "0", "stretch": "2.2838e+06", "date": "2066-04-07.76", "dist": "0.684", "sigma_lov": "-0.91864", "sigma_imp": "0.000", "ps": "-8.50"}, {"energy": "1.139e-02", "width": "2.3042e-03", "ip": "6.627e-07", "ts": "0", "stretch": "7.2930e+03", "date": "2061-04-07.53", "dist": "0.457", "sigma_lov": "-3.15923", "sigma_imp": "0.000", "ps": "-7.85"}, {"energy": "1.151e-02", "width": "4.3921e-03", "ip": "1.307e-07", "ts": "0", "stretch": "8.6597e+05", "date": "2113-04-08.63", "dist": "0.794", "sigma_lov": "1.70706", "sigma_imp": "0.000", "ps": "-8.89"}]}