{"summary": {"energy": "5.392e-01", "darc": "15.283 days", "ip": "2.102941e-05", "h": "25.97", "nobs": "28", "mass": "1.39e+07", "v_inf": "14.19", "first_obs": "2013-Jan-17.28384", "method": "LOV", "pdate": "2017-04-10 23:43:52", "ndop": "0", "cdate": "2017-04-10 23:43:52", "ps_cum": "-5.21", "diameter": "0.022", "ndel": "0", "v_imp": "18.04", "ps_max": "-5.36", "last_obs": "2013-Feb-01.567256", "fullname": "(2013 BL18)", "n_imp": "5", "ts_max": "0", "nsat": "0", "des": "2013 BL18"}, "signature": {"source": "NASA/JPL Sentry Data API", "version": "1.1"}, "data": [{"energy": "5.411e-01", "width": "5.1502e-03", "ip": "4.481e-06", "ts": "0", "stretch": "1.4211e+05", "date": "2092-01-14.60", "dist": "0.527", "sigma_lov": "0.35390", "sigma_imp": "0.000", "ps": "-5.91"}, {"energy": "5.386e-01", "width": "5.0787e-03", "ip": "1.481e-05", "ts": "0", "stretch": "3.0291e+04", "date": "2086-01-14.31", "dist": "0.698", "sigma_lov": "-0.69718", "sigma_imp": "0.000", "ps": "-5.36"}, {"energy": "5.394e-01", "width": "5.0077e-03", "ip": "1.528e-06", "ts": "0", "stretch": "4.1779e+05", "date": "2086-01-14.32", "dist": "0.295", "sigma_lov": "-0.59789", "sigma_imp": "0.000", "ps": "-6.34"}, {"energy": "5.407e-01", "width": "7.8568e-03", "ip": "1.891e-07", "ts": "0", "stretch": "4.0723e+06", "date": "2083-01-14.56", "dist": "0.120", "sigma_lov": "-0.23845", "sigma_imp": "0.000", "ps": "-7.23"}, {"energy": "5.542e-01", "width": "4.8113e-03", "ip": "2.131e-08", "ts": "0", "stretch": "2.7997e+05", "date": "2070-01-14.32", "dist": "0.815", "sigma_lov": "2.95344", "sigma_imp": "0.000", "ps": "-8.08"}]}