{"summary": {"energy": "1.232e+00", "darc": "1.2068 days", "ip": "2.85834e-07", "h": "25.20", "nobs": "8", "mass": "4.09e+07", "v_inf": "11.14", "first_obs": "2014-May-05.17649", "method": "LOV", "pdate": "2017-04-09 23:34:04", "ndop": "0", "cdate": "2017-04-09 23:34:04", "ps_cum": "-6.24", "diameter": "0.0308551589384048", "ndel": "0", "v_imp": "15.78", "ps_max": "-7.04", "last_obs": "2014-May-06.38329", "fullname": "(2014 JV79)", "n_imp": "168", "ts_max": "0", "nsat": "0", "des": "2014 JV79"}, "signature": {"source": "NASA/JPL Sentry Data API", "version": "1.1"}, "data": [{"energy": "1.422e+00", "width": "5.6731e+02", "ip": "5.978e-10", "ts": "0", "stretch": "1.1120e+06", "date": "2116-11-15.56", "dist": "114.235", "sigma_lov": "-0.72344", "sigma_imp": "0.200", "ps": "-9.58"}, {"energy": "1.040e+00", "width": "5.1520e+02", "ip": "7.963e-10", "ts": "0", "stretch": "1.1027e+06", "date": "2116-11-15.53", "dist": "129.009", "sigma_lov": "-0.37087", "sigma_imp": "0.248", "ps": "-9.56"}, {"energy": "1.409e+00", "width": "5.7585e+02", "ip": "8.919e-10", "ts": "0", "stretch": "7.3916e+05", "date": "2116-11-15.56", "dist": "115.953", "sigma_lov": "-0.71410", "sigma_imp": "0.200", "ps": "-9.41"}, {"energy": "7.945e-01", "width": "4.3377e+02", "ip": "2.599e-09", "ts": "0", "stretch": "4.0003e+05", "date": "2116-11-15.25", "dist": "197.115", "sigma_lov": "-0.00126", "sigma_imp": "0.452", "ps": "-9.14"}, {"energy": "1.459e+00", "width": "5.7172e+02", "ip": "1.792e-10", "ts": "0", "stretch": "3.6128e+06", "date": "2115-11-16.32", "dist": "113.305", "sigma_lov": "-0.74937", "sigma_imp": "0.196", "ps": "-10.1"}, {"energy": "8.823e-01", "width": "4.7048e+02", "ip": "7.719e-09", "ts": "0", "stretch": "1.2666e+05", "date": "2114-11-15.80", "dist": "177.814", "sigma_lov": "-0.15435", "sigma_imp": "0.376", "ps": "-8.62"}, {"energy": "8.002e-01", "width": "4.4071e+02", "ip": "1.741e-09", "ts": "0", "stretch": "5.9001e+05", "date": "2115-11-16.01", "dist": "196.496", "sigma_lov": "-0.01187", "sigma_imp": "0.444", "ps": "-9.31"}, {"energy": "8.001e-01", "width": "4.5463e+02", "ip": "1.625e-09", "ts": "0", "stretch": "6.1641e+05", "date": "2115-11-16.01", "dist": "196.348", "sigma_lov": "-0.01175", "sigma_imp": "0.430", "ps": "-9.34"}, {"energy": "1.038e+00", "width": "4.5017e+02", "ip": "1.814e-10", "ts": "0", "stretch": "5.4866e+06", "date": "2114-11-16.03", "dist": "130.163", "sigma_lov": "-0.36892", "sigma_imp": "0.287", "ps": "-10.2"}, {"energy": "1.421e+00", "width": "5.6327e+02", "ip": "2.223e-10", "ts": "0", "stretch": "3.0131e+06", "date": "2116-11-15.56", "dist": "113.822", "sigma_lov": "-0.72283", "sigma_imp": "0.200", "ps": "-10.0"}, {"energy": "8.013e-01", "width": "4.4972e+02", "ip": "2.457e-10", "ts": "0", "stretch": "4.1113e+06", "date": "2113-11-15.49", "dist": "196.933", "sigma_lov": "-0.01370", "sigma_imp": "0.436", "ps": "-10.1"}, {"energy": "1.096e+00", "width": "5.0439e+02", "ip": "2.449e-10", "ts": "0", "stretch": "3.5786e+06", "date": "2113-11-15.82", "dist": "120.911", "sigma_lov": "-0.43450", "sigma_imp": "0.238", "ps": "-10.0"}, {"energy": "1.096e+00", "width": "5.4042e+02", "ip": "3.026e-10", "ts": "0", "stretch": "2.7137e+06", "date": "2113-11-15.82", "dist": "120.929", "sigma_lov": "-0.43442", "sigma_imp": "0.222", "ps": "-9.95"}, {"energy": "1.344e+00", "width": "5.5611e+02", "ip": "5.277e-10", "ts": "0", "stretch": "1.3379e+06", "date": "2112-11-15.57", "dist": "111.393", "sigma_lov": "-0.66568", "sigma_imp": "0.199", "ps": "-9.63"}, {"energy": "1.947e+00", "width": "6.4258e+02", "ip": "1.746e-10", "ts": "0", "stretch": "2.5505e+06", "date": "2112-11-15.24", "dist": "178.577", "sigma_lov": "-1.01896", "sigma_imp": "0.276", "ps": "-9.98"}, {"energy": "1.960e+00", "width": "6.4423e+02", "ip": "1.359e-10", "ts": "0", "stretch": "3.2483e+06", "date": "2112-11-15.24", "dist": "178.902", "sigma_lov": "-1.02471", "sigma_imp": "0.276", "ps": "-10.1"}, {"energy": "1.193e+00", "width": "5.2866e+02", "ip": "4.543e-10", "ts": "0", "stretch": "1.7568e+06", "date": "2108-11-15.53", "dist": "123.032", "sigma_lov": "-0.53392", "sigma_imp": "0.231", "ps": "-9.72"}, {"energy": "1.444e+00", "width": "5.6540e+02", "ip": "2.743e-10", "ts": "0", "stretch": "2.4022e+06", "date": "2108-11-15.54", "dist": "116.739", "sigma_lov": "-0.73885", "sigma_imp": "0.205", "ps": "-9.87"}, {"energy": "1.008e+00", "width": "5.0104e+02", "ip": "1.359e-09", "ts": "0", "stretch": "6.6881e+05", "date": "2108-11-15.49", "dist": "139.058", "sigma_lov": "-0.33067", "sigma_imp": "0.276", "ps": "-9.30"}, {"energy": "1.012e+00", "width": "5.0356e+02", "ip": "1.260e-09", "ts": "0", "stretch": "7.1800e+05", "date": "2108-11-15.50", "dist": "136.717", "sigma_lov": "-0.33641", "sigma_imp": "0.270", "ps": "-9.33"}, {"energy": "1.928e+00", "width": "6.3284e+02", "ip": "1.393e-10", "ts": "0", "stretch": "3.2711e+06", "date": "2106-11-15.73", "dist": "179.071", "sigma_lov": "-1.01032", "sigma_imp": "0.281", "ps": "-10.1"}, {"energy": "1.024e+00", "width": "5.1265e+02", "ip": "6.043e-10", "ts": "0", "stretch": "1.4673e+06", "date": "2106-11-16.02", "dist": "132.279", "sigma_lov": "-0.35216", "sigma_imp": "0.256", "ps": "-9.64"}, {"energy": "1.949e+00", "width": "6.3990e+02", "ip": "1.960e-10", "ts": "0", "stretch": "2.2771e+06", "date": "2106-11-15.73", "dist": "180.303", "sigma_lov": "-1.01973", "sigma_imp": "0.280", "ps": "-9.91"}, {"energy": "1.078e+00", "width": "5.1412e+02", "ip": "1.130e-09", "ts": "0", "stretch": "7.6690e+05", "date": "2106-11-16.05", "dist": "123.332", "sigma_lov": "-0.41573", "sigma_imp": "0.238", "ps": "-9.35"}, {"energy": "1.237e+00", "width": "5.4567e+02", "ip": "2.673e-10", "ts": "0", "stretch": "2.8407e+06", "date": "2106-11-16.06", "dist": "115.092", "sigma_lov": "-0.57563", "sigma_imp": "0.209", "ps": "-9.93"}, {"energy": "1.095e+00", "width": "5.1495e+02", "ip": "9.347e-10", "ts": "0", "stretch": "9.2040e+05", "date": "2105-11-15.81", "dist": "119.941", "sigma_lov": "-0.43337", "sigma_imp": "0.231", "ps": "-9.42"}, {"energy": "1.562e+00", "width": "5.8421e+02", "ip": "1.280e-09", "ts": "0", "stretch": "4.6562e+05", "date": "2104-11-15.41", "dist": "137.173", "sigma_lov": "-0.81735", "sigma_imp": "0.233", "ps": "-9.16"}, {"energy": "1.562e+00", "width": "5.9503e+02", "ip": "1.056e-09", "ts": "0", "stretch": "5.5481e+05", "date": "2104-11-15.41", "dist": "137.282", "sigma_lov": "-0.81766", "sigma_imp": "0.229", "ps": "-9.24"}, {"energy": "1.773e+00", "width": "6.3088e+02", "ip": "1.731e-10", "ts": "0", "stretch": "2.8620e+06", "date": "2104-11-15.32", "dist": "157.982", "sigma_lov": "-0.93614", "sigma_imp": "0.249", "ps": "-9.98"}, {"energy": "1.797e+00", "width": "6.2454e+02", "ip": "2.143e-10", "ts": "0", "stretch": "2.3059e+06", "date": "2104-11-15.32", "dist": "158.974", "sigma_lov": "-0.94829", "sigma_imp": "0.253", "ps": "-9.88"}, {"energy": "1.184e+00", "width": "5.3108e+02", "ip": "1.375e-10", "ts": "0", "stretch": "5.7937e+06", "date": "2103-11-16.24", "dist": "128.041", "sigma_lov": "-0.52580", "sigma_imp": "0.239", "ps": "-10.2"}, {"energy": "8.970e-01", "width": "4.6997e+02", "ip": "2.376e-09", "ts": "0", "stretch": "4.1208e+05", "date": "2103-11-16.06", "dist": "172.261", "sigma_lov": "-0.17731", "sigma_imp": "0.364", "ps": "-9.08"}, {"energy": "8.971e-01", "width": "4.6589e+02", "ip": "1.015e-09", "ts": "0", "stretch": "9.7209e+05", "date": "2103-11-16.06", "dist": "172.712", "sigma_lov": "-0.17714", "sigma_imp": "0.369", "ps": "-9.45"}, {"energy": "1.895e+00", "width": "6.3308e+02", "ip": "5.390e-10", "ts": "0", "stretch": "8.5916e+05", "date": "2102-11-15.73", "dist": "175.802", "sigma_lov": "-0.99504", "sigma_imp": "0.276", "ps": "-9.46"}, {"energy": "1.896e+00", "width": "6.2172e+02", "ip": "5.117e-10", "ts": "0", "stretch": "9.1971e+05", "date": "2102-11-15.73", "dist": "175.938", "sigma_lov": "-0.99543", "sigma_imp": "0.281", "ps": "-9.48"}, {"energy": "1.639e+00", "width": "6.0771e+02", "ip": "2.487e-10", "ts": "0", "stretch": "2.2171e+06", "date": "2101-11-15.64", "dist": "140.377", "sigma_lov": "-0.86390", "sigma_imp": "0.229", "ps": "-9.84"}, {"energy": "9.011e-01", "width": "4.4998e+02", "ip": "1.234e-09", "ts": "0", "stretch": "8.2604e+05", "date": "2101-11-15.59", "dist": "167.534", "sigma_lov": "-0.18346", "sigma_imp": "0.370", "ps": "-9.35"}, {"energy": "1.930e+00", "width": "6.3529e+02", "ip": "1.472e-10", "ts": "0", "stretch": "3.0808e+06", "date": "2100-11-15.20", "dist": "180.322", "sigma_lov": "-1.01083", "sigma_imp": "0.282", "ps": "-10.0"}, {"energy": "1.674e+00", "width": "6.1754e+02", "ip": "1.141e-10", "ts": "0", "stretch": "4.6732e+06", "date": "2100-11-15.35", "dist": "144.761", "sigma_lov": "-0.88365", "sigma_imp": "0.233", "ps": "-10.2"}, {"energy": "1.952e+00", "width": "6.4590e+02", "ip": "1.796e-10", "ts": "0", "stretch": "2.4595e+06", "date": "2100-11-15.20", "dist": "181.841", "sigma_lov": "-1.02072", "sigma_imp": "0.280", "ps": "-9.91"}, {"energy": "1.430e+00", "width": "5.6630e+02", "ip": "2.961e-10", "ts": "0", "stretch": "2.2352e+06", "date": "2100-11-15.51", "dist": "119.213", "sigma_lov": "-0.72945", "sigma_imp": "0.209", "ps": "-9.80"}, {"energy": "1.778e+00", "width": "6.0424e+02", "ip": "4.339e-10", "ts": "0", "stretch": "1.1874e+06", "date": "2098-11-14.81", "dist": "154.690", "sigma_lov": "-0.93888", "sigma_imp": "0.254", "ps": "-9.55"}, {"energy": "1.782e+00", "width": "6.1724e+02", "ip": "5.034e-10", "ts": "0", "stretch": "9.9988e+05", "date": "2098-11-14.80", "dist": "157.891", "sigma_lov": "-0.94108", "sigma_imp": "0.254", "ps": "-9.49"}, {"energy": "1.784e+00", "width": "6.1566e+02", "ip": "3.849e-10", "ts": "0", "stretch": "1.3106e+06", "date": "2098-11-14.80", "dist": "157.530", "sigma_lov": "-0.94166", "sigma_imp": "0.254", "ps": "-9.60"}, {"energy": "1.085e+00", "width": "5.1308e+02", "ip": "1.537e-09", "ts": "0", "stretch": "5.6259e+05", "date": "2096-11-14.53", "dist": "125.741", "sigma_lov": "-0.42311", "sigma_imp": "0.243", "ps": "-9.16"}, {"energy": "1.601e+00", "width": "5.8278e+02", "ip": "2.651e-10", "ts": "0", "stretch": "2.2032e+06", "date": "2095-11-15.13", "dist": "143.267", "sigma_lov": "-0.84166", "sigma_imp": "0.244", "ps": "-9.79"}, {"energy": "1.353e+00", "width": "5.6485e+02", "ip": "2.554e-10", "ts": "0", "stretch": "2.7059e+06", "date": "2095-11-15.28", "dist": "117.505", "sigma_lov": "-0.67222", "sigma_imp": "0.206", "ps": "-9.86"}, {"energy": "1.357e+00", "width": "5.6449e+02", "ip": "3.022e-10", "ts": "0", "stretch": "2.2829e+06", "date": "2095-11-15.28", "dist": "116.153", "sigma_lov": "-0.67608", "sigma_imp": "0.204", "ps": "-9.79"}, {"energy": "8.933e-01", "width": "4.6298e+02", "ip": "1.592e-10", "ts": "0", "stretch": "6.2345e+06", "date": "2094-11-14.79", "dist": "173.428", "sigma_lov": "-0.17031", "sigma_imp": "0.372", "ps": "-10.2"}, {"energy": "8.975e-01", "width": "4.6574e+02", "ip": "1.741e-10", "ts": "0", "stretch": "5.6734e+06", "date": "2094-11-14.80", "dist": "171.256", "sigma_lov": "-0.17687", "sigma_imp": "0.366", "ps": "-10.2"}, {"energy": "1.933e+00", "width": "6.3466e+02", "ip": "2.868e-10", "ts": "0", "stretch": "1.5798e+06", "date": "2094-11-14.70", "dist": "181.422", "sigma_lov": "-1.01180", "sigma_imp": "0.284", "ps": "-9.68"}, {"energy": "8.855e-01", "width": "4.7415e+02", "ip": "2.329e-10", "ts": "0", "stretch": "4.1734e+06", "date": "2094-11-14.78", "dist": "176.327", "sigma_lov": "-0.15817", "sigma_imp": "0.370", "ps": "-10.0"}, {"energy": "1.083e+00", "width": "5.1283e+02", "ip": "1.140e-10", "ts": "0", "stretch": "7.5959e+06", "date": "2094-11-15.01", "dist": "126.338", "sigma_lov": "-0.41938", "sigma_imp": "0.244", "ps": "-10.3"}, {"energy": "1.202e+00", "width": "5.2299e+02", "ip": "3.284e-10", "ts": "0", "stretch": "2.4418e+06", "date": "2093-11-14.74", "dist": "124.226", "sigma_lov": "-0.54344", "sigma_imp": "0.236", "ps": "-9.78"}, {"energy": "1.204e+00", "width": "5.2702e+02", "ip": "9.421e-10", "ts": "0", "stretch": "8.4452e+05", "date": "2093-11-14.75", "dist": "123.082", "sigma_lov": "-0.54536", "sigma_imp": "0.232", "ps": "-9.32"}, {"energy": "1.206e+00", "width": "5.4078e+02", "ip": "5.691e-10", "ts": "0", "stretch": "1.3625e+06", "date": "2093-11-14.74", "dist": "123.425", "sigma_lov": "-0.54755", "sigma_imp": "0.226", "ps": "-9.54"}, {"energy": "1.455e+00", "width": "5.7496e+02", "ip": "3.049e-10", "ts": "0", "stretch": "2.1134e+06", "date": "2093-11-14.76", "dist": "116.954", "sigma_lov": "-0.74692", "sigma_imp": "0.202", "ps": "-9.75"}, {"energy": "9.512e-01", "width": "4.5601e+02", "ip": "1.752e-10", "ts": "0", "stretch": "5.7208e+06", "date": "2092-11-14.39", "dist": "154.020", "sigma_lov": "-0.25642", "sigma_imp": "0.336", "ps": "-10.1"}, {"energy": "1.698e+00", "width": "5.7201e+02", "ip": "1.742e-10", "ts": "0", "stretch": "3.2477e+06", "date": "2092-11-14.34", "dist": "146.432", "sigma_lov": "-0.89668", "sigma_imp": "0.254", "ps": "-9.93"}, {"energy": "1.232e+00", "width": "5.4056e+02", "ip": "5.259e-10", "ts": "0", "stretch": "1.4563e+06", "date": "2092-11-14.50", "dist": "122.963", "sigma_lov": "-0.57050", "sigma_imp": "0.226", "ps": "-9.56"}, {"energy": "1.047e+00", "width": "4.9090e+02", "ip": "1.706e-09", "ts": "0", "stretch": "5.3582e+05", "date": "2090-11-14.99", "dist": "132.504", "sigma_lov": "-0.37936", "sigma_imp": "0.268", "ps": "-9.10"}, {"energy": "1.556e+00", "width": "5.8650e+02", "ip": "5.201e-10", "ts": "0", "stretch": "1.1428e+06", "date": "2090-11-14.87", "dist": "141.556", "sigma_lov": "-0.81409", "sigma_imp": "0.240", "ps": "-9.47"}, {"energy": "1.544e+00", "width": "5.8040e+02", "ip": "4.361e-10", "ts": "0", "stretch": "1.3847e+06", "date": "2090-11-14.86", "dist": "142.018", "sigma_lov": "-0.80656", "sigma_imp": "0.243", "ps": "-9.55"}, {"energy": "1.938e+00", "width": "6.3091e+02", "ip": "4.380e-10", "ts": "0", "stretch": "1.0370e+06", "date": "2088-11-14.17", "dist": "182.774", "sigma_lov": "-1.01426", "sigma_imp": "0.288", "ps": "-9.46"}, {"energy": "1.090e+00", "width": "5.0546e+02", "ip": "1.254e-09", "ts": "0", "stretch": "6.9852e+05", "date": "2088-11-14.52", "dist": "124.790", "sigma_lov": "-0.42773", "sigma_imp": "0.245", "ps": "-9.20"}, {"energy": "1.384e+00", "width": "5.4737e+02", "ip": "1.114e-09", "ts": "0", "stretch": "6.2889e+05", "date": "2088-11-14.49", "dist": "119.464", "sigma_lov": "-0.69530", "sigma_imp": "0.216", "ps": "-9.17"}, {"energy": "1.384e+00", "width": "5.5469e+02", "ip": "4.670e-10", "ts": "0", "stretch": "1.4796e+06", "date": "2088-11-14.48", "dist": "120.306", "sigma_lov": "-0.69608", "sigma_imp": "0.215", "ps": "-9.55"}, {"energy": "7.989e-01", "width": "4.4901e+02", "ip": "2.455e-10", "ts": "0", "stretch": "4.1125e+06", "date": "2088-11-14.22", "dist": "198.644", "sigma_lov": "-0.00955", "sigma_imp": "0.440", "ps": "-10.0"}, {"energy": "1.419e+00", "width": "5.6897e+02", "ip": "3.072e-10", "ts": "0", "stretch": "2.1537e+06", "date": "2087-11-15.23", "dist": "121.257", "sigma_lov": "-0.72232", "sigma_imp": "0.211", "ps": "-9.72"}, {"energy": "1.423e+00", "width": "5.6422e+02", "ip": "2.976e-10", "ts": "0", "stretch": "2.2369e+06", "date": "2087-11-15.23", "dist": "121.461", "sigma_lov": "-0.72511", "sigma_imp": "0.214", "ps": "-9.73"}, {"energy": "1.675e+00", "width": "6.1968e+02", "ip": "3.124e-10", "ts": "0", "stretch": "1.6968e+06", "date": "2087-11-15.07", "dist": "149.989", "sigma_lov": "-0.88397", "sigma_imp": "0.240", "ps": "-9.65"}, {"energy": "1.686e+00", "width": "5.6582e+02", "ip": "1.989e-10", "ts": "0", "stretch": "2.8837e+06", "date": "2087-11-15.06", "dist": "151.209", "sigma_lov": "-0.89017", "sigma_imp": "0.265", "ps": "-9.85"}, {"energy": "1.412e+00", "width": "5.8056e+02", "ip": "5.481e-10", "ts": "0", "stretch": "1.1886e+06", "date": "2087-11-15.22", "dist": "122.313", "sigma_lov": "-0.71668", "sigma_imp": "0.209", "ps": "-9.47"}, {"energy": "1.435e+00", "width": "5.6835e+02", "ip": "9.910e-10", "ts": "0", "stretch": "6.6352e+05", "date": "2086-11-14.98", "dist": "120.869", "sigma_lov": "-0.73259", "sigma_imp": "0.211", "ps": "-9.20"}, {"energy": "1.195e+00", "width": "5.3060e+02", "ip": "6.685e-10", "ts": "0", "stretch": "1.1855e+06", "date": "2085-11-14.71", "dist": "128.139", "sigma_lov": "-0.53655", "sigma_imp": "0.240", "ps": "-9.43"}, {"energy": "1.202e+00", "width": "5.1901e+02", "ip": "1.245e-09", "ts": "0", "stretch": "6.4861e+05", "date": "2085-11-14.73", "dist": "125.778", "sigma_lov": "-0.54281", "sigma_imp": "0.240", "ps": "-9.15"}, {"energy": "1.775e+00", "width": "6.1973e+02", "ip": "2.044e-09", "ts": "0", "stretch": "2.4590e+05", "date": "2085-11-14.52", "dist": "161.269", "sigma_lov": "-0.93726", "sigma_imp": "0.259", "ps": "-8.80"}, {"energy": "8.853e-01", "width": "4.6930e+02", "ip": "2.430e-10", "ts": "0", "stretch": "4.0293e+06", "date": "2085-11-14.52", "dist": "177.640", "sigma_lov": "-0.15889", "sigma_imp": "0.376", "ps": "-9.97"}, {"energy": "9.528e-01", "width": "4.6022e+02", "ip": "1.344e-09", "ts": "0", "stretch": "7.3981e+05", "date": "2083-11-15.13", "dist": "152.923", "sigma_lov": "-0.25791", "sigma_imp": "0.330", "ps": "-9.19"}, {"energy": "1.555e+00", "width": "5.8073e+02", "ip": "2.662e-10", "ts": "0", "stretch": "2.2566e+06", "date": "2083-11-15.10", "dist": "142.007", "sigma_lov": "-0.81229", "sigma_imp": "0.243", "ps": "-9.72"}, {"energy": "1.849e+00", "width": "6.0483e+02", "ip": "5.726e-10", "ts": "0", "stretch": "8.6197e+05", "date": "2083-11-14.95", "dist": "174.810", "sigma_lov": "-0.97330", "sigma_imp": "0.287", "ps": "-9.33"}, {"energy": "1.898e+00", "width": "6.3441e+02", "ip": "1.123e-10", "ts": "0", "stretch": "4.1018e+06", "date": "2082-11-14.68", "dist": "180.048", "sigma_lov": "-0.99686", "sigma_imp": "0.282", "ps": "-10.0"}, {"energy": "1.899e+00", "width": "6.2441e+02", "ip": "2.077e-10", "ts": "0", "stretch": "2.2488e+06", "date": "2082-11-14.68", "dist": "180.124", "sigma_lov": "-0.99737", "sigma_imp": "0.287", "ps": "-9.75"}, {"energy": "1.628e+00", "width": "6.0090e+02", "ip": "1.612e-10", "ts": "0", "stretch": "3.4726e+06", "date": "2082-11-14.84", "dist": "145.239", "sigma_lov": "-0.85709", "sigma_imp": "0.240", "ps": "-9.92"}, {"energy": "1.941e+00", "width": "6.4364e+02", "ip": "1.591e-10", "ts": "0", "stretch": "2.7972e+06", "date": "2082-11-14.66", "dist": "183.771", "sigma_lov": "-1.01604", "sigma_imp": "0.284", "ps": "-9.86"}, {"energy": "1.336e+00", "width": "5.6367e+02", "ip": "4.268e-10", "ts": "0", "stretch": "1.6351e+06", "date": "2081-11-14.73", "dist": "120.812", "sigma_lov": "-0.65861", "sigma_imp": "0.213", "ps": "-9.56"}, {"energy": "1.019e+00", "width": "5.0571e+02", "ip": "1.089e-10", "ts": "0", "stretch": "8.2385e+06", "date": "2081-11-14.70", "dist": "138.626", "sigma_lov": "-0.34457", "sigma_imp": "0.272", "ps": "-10.2"}, {"energy": "1.093e+00", "width": "5.1517e+02", "ip": "5.732e-10", "ts": "0", "stretch": "1.4980e+06", "date": "2080-11-14.51", "dist": "124.566", "sigma_lov": "-0.43167", "sigma_imp": "0.240", "ps": "-9.49"}, {"energy": "1.056e+00", "width": "4.9972e+02", "ip": "5.300e-10", "ts": "0", "stretch": "1.6865e+06", "date": "2080-11-14.45", "dist": "136.338", "sigma_lov": "-0.38885", "sigma_imp": "0.271", "ps": "-9.54"}, {"energy": "1.442e+00", "width": "5.6547e+02", "ip": "5.523e-10", "ts": "0", "stretch": "1.1896e+06", "date": "2079-11-15.21", "dist": "125.035", "sigma_lov": "-0.73809", "sigma_imp": "0.219", "ps": "-9.40"}, {"energy": "1.390e+00", "width": "5.4362e+02", "ip": "2.748e-10", "ts": "0", "stretch": "2.5495e+06", "date": "2079-11-15.21", "dist": "125.202", "sigma_lov": "-0.70092", "sigma_imp": "0.228", "ps": "-9.72"}, {"energy": "1.179e+00", "width": "5.2349e+02", "ip": "7.336e-10", "ts": "0", "stretch": "1.1021e+06", "date": "2077-11-14.68", "dist": "130.532", "sigma_lov": "-0.52080", "sigma_imp": "0.247", "ps": "-9.34"}, {"energy": "8.977e-01", "width": "4.5690e+02", "ip": "1.182e-10", "ts": "0", "stretch": "8.4779e+06", "date": "2076-11-14.28", "dist": "173.381", "sigma_lov": "-0.17871", "sigma_imp": "0.377", "ps": "-10.2"}, {"energy": "1.275e+00", "width": "5.1282e+02", "ip": "1.209e-09", "ts": "0", "stretch": "6.5131e+05", "date": "2076-11-14.46", "dist": "122.526", "sigma_lov": "-0.60856", "sigma_imp": "0.237", "ps": "-9.09"}, {"energy": "9.441e-01", "width": "4.4506e+02", "ip": "5.928e-10", "ts": "0", "stretch": "1.7230e+06", "date": "2076-11-14.33", "dist": "160.090", "sigma_lov": "-0.24692", "sigma_imp": "0.357", "ps": "-9.50"}, {"energy": "9.443e-01", "width": "4.4909e+02", "ip": "1.001e-09", "ts": "0", "stretch": "1.0128e+06", "date": "2076-11-14.33", "dist": "159.911", "sigma_lov": "-0.24722", "sigma_imp": "0.354", "ps": "-9.27"}, {"energy": "8.863e-01", "width": "4.8502e+02", "ip": "9.886e-10", "ts": "0", "stretch": "9.6156e+05", "date": "2076-11-14.24", "dist": "179.024", "sigma_lov": "-0.16076", "sigma_imp": "0.367", "ps": "-9.30"}, {"energy": "8.901e-01", "width": "4.5135e+02", "ip": "2.592e-09", "ts": "0", "stretch": "3.9020e+05", "date": "2076-11-14.25", "dist": "177.459", "sigma_lov": "-0.16672", "sigma_imp": "0.391", "ps": "-8.88"}, {"energy": "1.590e+00", "width": "5.7759e+02", "ip": "4.065e-10", "ts": "0", "stretch": "1.4559e+06", "date": "2076-11-14.33", "dist": "144.481", "sigma_lov": "-0.83529", "sigma_imp": "0.248", "ps": "-9.48"}, {"energy": "1.280e+00", "width": "5.1586e+02", "ip": "2.189e-10", "ts": "0", "stretch": "3.5659e+06", "date": "2076-11-14.46", "dist": "122.807", "sigma_lov": "-0.61294", "sigma_imp": "0.236", "ps": "-9.83"}, {"energy": "1.902e+00", "width": "6.2205e+02", "ip": "3.472e-10", "ts": "0", "stretch": "1.3455e+06", "date": "2076-11-14.15", "dist": "183.741", "sigma_lov": "-0.99877", "sigma_imp": "0.294", "ps": "-9.49"}, {"energy": "1.605e+00", "width": "5.7779e+02", "ip": "7.584e-10", "ts": "0", "stretch": "7.7518e+05", "date": "2075-11-15.07", "dist": "144.924", "sigma_lov": "-0.84258", "sigma_imp": "0.249", "ps": "-9.20"}, {"energy": "9.033e-01", "width": "4.5961e+02", "ip": "3.053e-10", "ts": "0", "stretch": "3.2709e+06", "date": "2075-11-15.03", "dist": "170.128", "sigma_lov": "-0.18557", "sigma_imp": "0.368", "ps": "-9.80"}, {"energy": "1.287e+00", "width": "4.9877e+02", "ip": "3.061e-10", "ts": "0", "stretch": "2.6276e+06", "date": "2074-11-14.97", "dist": "119.986", "sigma_lov": "-0.61867", "sigma_imp": "0.239", "ps": "-9.66"}, {"energy": "1.289e+00", "width": "5.0607e+02", "ip": "1.236e-09", "ts": "0", "stretch": "6.4079e+05", "date": "2074-11-14.97", "dist": "121.860", "sigma_lov": "-0.62037", "sigma_imp": "0.239", "ps": "-9.06"}, {"energy": "1.348e+00", "width": "5.5616e+02", "ip": "1.688e-10", "ts": "0", "stretch": "4.1569e+06", "date": "2073-11-14.71", "dist": "121.760", "sigma_lov": "-0.66852", "sigma_imp": "0.217", "ps": "-9.90"}, {"energy": "1.056e+00", "width": "4.9150e+02", "ip": "1.937e-09", "ts": "0", "stretch": "4.6840e+05", "date": "2072-11-14.44", "dist": "136.698", "sigma_lov": "-0.38939", "sigma_imp": "0.276", "ps": "-8.92"}, {"energy": "1.924e+00", "width": "6.3046e+02", "ip": "2.228e-10", "ts": "0", "stretch": "2.0490e+06", "date": "2070-11-14.62", "dist": "187.229", "sigma_lov": "-1.00804", "sigma_imp": "0.295", "ps": "-9.63"}, {"energy": "1.572e+00", "width": "5.8452e+02", "ip": "1.031e-09", "ts": "0", "stretch": "5.7320e+05", "date": "2069-11-14.57", "dist": "144.104", "sigma_lov": "-0.82348", "sigma_imp": "0.245", "ps": "-9.03"}, {"energy": "9.444e-01", "width": "4.4177e+02", "ip": "2.115e-09", "ts": "0", "stretch": "4.8589e+05", "date": "2067-11-15.08", "dist": "160.800", "sigma_lov": "-0.24639", "sigma_imp": "0.362", "ps": "-8.88"}, {"energy": "1.385e+00", "width": "5.4976e+02", "ip": "3.713e-10", "ts": "0", "stretch": "1.8713e+06", "date": "2066-11-14.92", "dist": "126.377", "sigma_lov": "-0.69677", "sigma_imp": "0.228", "ps": "-9.49"}, {"energy": "1.757e+00", "width": "6.2186e+02", "ip": "2.478e-09", "ts": "0", "stretch": "2.0364e+05", "date": "2066-11-14.72", "dist": "164.335", "sigma_lov": "-0.92795", "sigma_imp": "0.263", "ps": "-8.58"}, {"energy": "1.762e+00", "width": "6.2073e+02", "ip": "1.186e-09", "ts": "0", "stretch": "4.2541e+05", "date": "2066-11-14.72", "dist": "163.218", "sigma_lov": "-0.93056", "sigma_imp": "0.261", "ps": "-8.90"}, {"energy": "1.395e+00", "width": "5.5178e+02", "ip": "9.760e-10", "ts": "0", "stretch": "7.0536e+05", "date": "2065-11-14.67", "dist": "127.405", "sigma_lov": "-0.70439", "sigma_imp": "0.229", "ps": "-9.06"}, {"energy": "1.968e+00", "width": "6.4757e+02", "ip": "2.041e-09", "ts": "0", "stretch": "2.1345e+05", "date": "2063-11-14.84", "dist": "191.643", "sigma_lov": "-1.02787", "sigma_imp": "0.294", "ps": "-8.60"}, {"energy": "1.970e+00", "width": "6.4605e+02", "ip": "2.743e-09", "ts": "0", "stretch": "1.5901e+05", "date": "2063-11-14.85", "dist": "191.184", "sigma_lov": "-1.02890", "sigma_imp": "0.294", "ps": "-8.47"}, {"energy": "1.333e+00", "width": "5.5885e+02", "ip": "3.664e-09", "ts": "0", "stretch": "1.9195e+05", "date": "2059-11-15.18", "dist": "125.675", "sigma_lov": "-0.65612", "sigma_imp": "0.223", "ps": "-8.44"}, {"energy": "1.790e+00", "width": "6.2180e+02", "ip": "6.554e-10", "ts": "0", "stretch": "7.5537e+05", "date": "2059-11-14.92", "dist": "172.773", "sigma_lov": "-0.94473", "sigma_imp": "0.276", "ps": "-9.09"}, {"energy": "1.800e+00", "width": "6.2545e+02", "ip": "1.723e-09", "ts": "0", "stretch": "2.8457e+05", "date": "2059-11-14.92", "dist": "171.612", "sigma_lov": "-0.94963", "sigma_imp": "0.273", "ps": "-8.67"}, {"energy": "1.285e+00", "width": "5.3495e+02", "ip": "4.025e-10", "ts": "0", "stretch": "1.8668e+06", "date": "2059-11-15.16", "dist": "127.069", "sigma_lov": "-0.61629", "sigma_imp": "0.236", "ps": "-9.41"}, {"energy": "1.881e+00", "width": "6.3678e+02", "ip": "1.663e-09", "ts": "0", "stretch": "2.7797e+05", "date": "2058-11-14.62", "dist": "182.628", "sigma_lov": "-0.98847", "sigma_imp": "0.285", "ps": "-8.66"}, {"energy": "1.893e+00", "width": "6.2837e+02", "ip": "5.633e-10", "ts": "0", "stretch": "8.2597e+05", "date": "2058-11-14.62", "dist": "182.872", "sigma_lov": "-0.99401", "sigma_imp": "0.289", "ps": "-9.12"}, {"energy": "8.995e-01", "width": "4.5388e+02", "ip": "3.470e-10", "ts": "0", "stretch": "2.8989e+06", "date": "2058-11-14.75", "dist": "175.337", "sigma_lov": "-0.18056", "sigma_imp": "0.384", "ps": "-9.59"}, {"energy": "9.033e-01", "width": "4.4789e+02", "ip": "1.619e-09", "ts": "0", "stretch": "6.2820e+05", "date": "2058-11-14.75", "dist": "174.312", "sigma_lov": "-0.18635", "sigma_imp": "0.387", "ps": "-8.92"}, {"energy": "1.462e+00", "width": "5.7562e+02", "ip": "2.637e-09", "ts": "0", "stretch": "2.4232e+05", "date": "2057-11-14.66", "dist": "125.786", "sigma_lov": "-0.75241", "sigma_imp": "0.217", "ps": "-8.53"}, {"energy": "1.542e+00", "width": "5.8460e+02", "ip": "1.403e-10", "ts": "0", "stretch": "4.2656e+06", "date": "2056-11-14.25", "dist": "151.387", "sigma_lov": "-0.80426", "sigma_imp": "0.257", "ps": "-9.78"}, {"energy": "1.097e+00", "width": "5.1379e+02", "ip": "1.651e-10", "ts": "0", "stretch": "5.1861e+06", "date": "2055-11-15.18", "dist": "131.800", "sigma_lov": "-0.43606", "sigma_imp": "0.255", "ps": "-9.81"}, {"energy": "1.101e+00", "width": "5.1561e+02", "ip": "4.455e-09", "ts": "0", "stretch": "1.9135e+05", "date": "2055-11-15.20", "dist": "130.049", "sigma_lov": "-0.44038", "sigma_imp": "0.250", "ps": "-8.38"}, {"energy": "1.105e+00", "width": "5.1562e+02", "ip": "8.204e-09", "ts": "0", "stretch": "1.0378e+05", "date": "2055-11-15.21", "dist": "127.945", "sigma_lov": "-0.44541", "sigma_imp": "0.246", "ps": "-8.11"}, {"energy": "1.214e+00", "width": "5.2427e+02", "ip": "9.185e-10", "ts": "0", "stretch": "8.6286e+05", "date": "2053-11-14.64", "dist": "131.954", "sigma_lov": "-0.55394", "sigma_imp": "0.250", "ps": "-9.01"}, {"energy": "1.236e+00", "width": "5.4134e+02", "ip": "4.159e-09", "ts": "0", "stretch": "1.8317e+05", "date": "2053-11-14.66", "dist": "127.746", "sigma_lov": "-0.57419", "sigma_imp": "0.234", "ps": "-8.35"}, {"energy": "1.957e+00", "width": "6.4148e+02", "ip": "1.212e-09", "ts": "0", "stretch": "3.6414e+05", "date": "2051-11-14.81", "dist": "193.571", "sigma_lov": "-1.02262", "sigma_imp": "0.300", "ps": "-8.70"}, {"energy": "1.449e+00", "width": "5.6972e+02", "ip": "7.805e-10", "ts": "0", "stretch": "8.3173e+05", "date": "2050-11-14.88", "dist": "128.876", "sigma_lov": "-0.74279", "sigma_imp": "0.224", "ps": "-8.98"}, {"energy": "1.459e+00", "width": "5.7231e+02", "ip": "2.760e-09", "ts": "0", "stretch": "2.3315e+05", "date": "2050-11-14.89", "dist": "126.908", "sigma_lov": "-0.74982", "sigma_imp": "0.220", "ps": "-8.43"}, {"energy": "8.836e-01", "width": "4.6804e+02", "ip": "6.963e-10", "ts": "0", "stretch": "1.4002e+06", "date": "2050-11-14.67", "dist": "186.320", "sigma_lov": "-0.15594", "sigma_imp": "0.396", "ps": "-9.20"}, {"energy": "1.541e+00", "width": "5.8351e+02", "ip": "3.148e-09", "ts": "0", "stretch": "1.9034e+05", "date": "2049-11-14.50", "dist": "152.211", "sigma_lov": "-0.80457", "sigma_imp": "0.259", "ps": "-8.34"}, {"energy": "1.018e+00", "width": "4.9884e+02", "ip": "6.045e-09", "ts": "0", "stretch": "1.4960e+05", "date": "2048-11-14.37", "dist": "147.458", "sigma_lov": "-0.34379", "sigma_imp": "0.294", "ps": "-8.19"}, {"energy": "1.630e+00", "width": "5.9854e+02", "ip": "1.983e-09", "ts": "0", "stretch": "2.8186e+05", "date": "2048-11-14.24", "dist": "154.430", "sigma_lov": "-0.85827", "sigma_imp": "0.256", "ps": "-8.51"}, {"energy": "1.082e+00", "width": "5.0662e+02", "ip": "1.434e-09", "ts": "0", "stretch": "6.0779e+05", "date": "2047-11-15.15", "dist": "135.862", "sigma_lov": "-0.42003", "sigma_imp": "0.266", "ps": "-8.78"}, {"energy": "1.096e+00", "width": "5.1150e+02", "ip": "5.428e-09", "ts": "0", "stretch": "1.5850e+05", "date": "2047-11-15.18", "dist": "130.899", "sigma_lov": "-0.43568", "sigma_imp": "0.254", "ps": "-8.20"}, {"energy": "1.177e+00", "width": "5.2612e+02", "ip": "6.354e-09", "ts": "0", "stretch": "1.2628e+05", "date": "2046-11-14.85", "dist": "138.387", "sigma_lov": "-0.51871", "sigma_imp": "0.261", "ps": "-8.09"}, {"energy": "1.183e+00", "width": "5.2419e+02", "ip": "2.864e-09", "ts": "0", "stretch": "2.8039e+05", "date": "2046-11-14.85", "dist": "137.517", "sigma_lov": "-0.52475", "sigma_imp": "0.260", "ps": "-8.43"}, {"energy": "1.186e+00", "width": "5.2422e+02", "ip": "2.397e-10", "ts": "0", "stretch": "3.3454e+06", "date": "2046-11-14.85", "dist": "137.167", "sigma_lov": "-0.52765", "sigma_imp": "0.260", "ps": "-9.51"}, {"energy": "1.944e+00", "width": "6.3786e+02", "ip": "1.278e-09", "ts": "0", "stretch": "3.4902e+05", "date": "2045-11-14.29", "dist": "193.829", "sigma_lov": "-1.01722", "sigma_imp": "0.302", "ps": "-8.60"}, {"energy": "1.346e+00", "width": "5.5579e+02", "ip": "3.222e-09", "ts": "0", "stretch": "2.1742e+05", "date": "2044-11-14.38", "dist": "129.654", "sigma_lov": "-0.66737", "sigma_imp": "0.231", "ps": "-8.31"}, {"energy": "1.447e+00", "width": "5.6742e+02", "ip": "2.854e-09", "ts": "0", "stretch": "2.2827e+05", "date": "2043-11-15.11", "dist": "131.831", "sigma_lov": "-0.74139", "sigma_imp": "0.231", "ps": "-8.32"}, {"energy": "1.550e+00", "width": "5.8150e+02", "ip": "2.504e-09", "ts": "0", "stretch": "2.3906e+05", "date": "2042-11-14.73", "dist": "151.698", "sigma_lov": "-0.80971", "sigma_imp": "0.259", "ps": "-8.33"}, {"energy": "8.841e-01", "width": "4.6563e+02", "ip": "1.411e-08", "ts": "0", "stretch": "6.9434e+04", "date": "2041-11-14.42", "dist": "185.558", "sigma_lov": "-0.15737", "sigma_imp": "0.396", "ps": "-7.76"}, {"energy": "8.929e-01", "width": "4.5848e+02", "ip": "8.252e-09", "ts": "0", "stretch": "1.2032e+05", "date": "2041-11-14.44", "dist": "182.415", "sigma_lov": "-0.17125", "sigma_imp": "0.396", "ps": "-7.99"}, {"energy": "8.957e-01", "width": "4.5807e+02", "ip": "2.048e-09", "ts": "0", "stretch": "4.8530e+05", "date": "2041-11-14.44", "dist": "181.449", "sigma_lov": "-0.17568", "sigma_imp": "0.394", "ps": "-8.60"}, {"energy": "1.670e+00", "width": "6.1011e+02", "ip": "3.039e-09", "ts": "0", "stretch": "1.7647e+05", "date": "2041-11-14.43", "dist": "161.451", "sigma_lov": "-0.88167", "sigma_imp": "0.263", "ps": "-8.21"}, {"energy": "1.687e+00", "width": "5.7158e+02", "ip": "1.756e-09", "ts": "0", "stretch": "3.2138e+05", "date": "2041-11-14.42", "dist": "163.231", "sigma_lov": "-0.89122", "sigma_imp": "0.284", "ps": "-8.44"}, {"energy": "1.692e+00", "width": "5.7616e+02", "ip": "4.979e-10", "ts": "0", "stretch": "1.1227e+06", "date": "2041-11-14.42", "dist": "163.713", "sigma_lov": "-0.89365", "sigma_imp": "0.282", "ps": "-8.99"}, {"energy": "1.786e+00", "width": "6.1662e+02", "ip": "1.709e-09", "ts": "0", "stretch": "2.9232e+05", "date": "2040-11-14.12", "dist": "174.293", "sigma_lov": "-0.94255", "sigma_imp": "0.281", "ps": "-8.42"}, {"energy": "1.081e+00", "width": "5.0455e+02", "ip": "6.007e-09", "ts": "0", "stretch": "1.4582e+05", "date": "2039-11-15.14", "dist": "135.656", "sigma_lov": "-0.41762", "sigma_imp": "0.267", "ps": "-8.03"}, {"energy": "1.186e+00", "width": "5.2276e+02", "ip": "5.121e-09", "ts": "0", "stretch": "1.5689e+05", "date": "2038-11-14.84", "dist": "137.718", "sigma_lov": "-0.52821", "sigma_imp": "0.262", "ps": "-8.04"}, {"energy": "1.426e+00", "width": "5.6102e+02", "ip": "3.440e-09", "ts": "0", "stretch": "1.9331e+05", "date": "2036-11-14.34", "dist": "133.333", "sigma_lov": "-0.72724", "sigma_imp": "0.236", "ps": "-8.11"}, {"energy": "1.564e+00", "width": "5.8011e+02", "ip": "2.818e-09", "ts": "0", "stretch": "2.1115e+05", "date": "2035-11-14.97", "dist": "153.061", "sigma_lov": "-0.81921", "sigma_imp": "0.262", "ps": "-8.14"}, {"energy": "1.896e+00", "width": "6.2532e+02", "ip": "1.884e-09", "ts": "0", "stretch": "2.4637e+05", "date": "2033-11-14.28", "dist": "192.417", "sigma_lov": "-0.99623", "sigma_imp": "0.306", "ps": "-8.20"}, {"energy": "8.983e-01", "width": "4.5697e+02", "ip": "1.123e-08", "ts": "0", "stretch": "8.8569e+04", "date": "2032-11-14.19", "dist": "181.754", "sigma_lov": "-0.17855", "sigma_imp": "0.396", "ps": "-7.66"}, {"energy": "1.048e+00", "width": "4.9028e+02", "ip": "8.436e-09", "ts": "0", "stretch": "1.0761e+05", "date": "2031-11-15.09", "dist": "145.294", "sigma_lov": "-0.38043", "sigma_imp": "0.294", "ps": "-7.70"}, {"energy": "1.209e+00", "width": "5.1985e+02", "ip": "6.482e-09", "ts": "0", "stretch": "1.2325e+05", "date": "2030-11-14.84", "dist": "136.465", "sigma_lov": "-0.54953", "sigma_imp": "0.261", "ps": "-7.73"}, {"energy": "1.389e+00", "width": "5.4879e+02", "ip": "5.003e-09", "ts": "0", "stretch": "1.3840e+05", "date": "2029-11-14.57", "dist": "133.939", "sigma_lov": "-0.69932", "sigma_imp": "0.242", "ps": "-7.76"}, {"energy": "1.596e+00", "width": "5.7900e+02", "ip": "3.786e-09", "ts": "0", "stretch": "1.5486e+05", "date": "2028-11-14.19", "dist": "154.458", "sigma_lov": "-0.83848", "sigma_imp": "0.265", "ps": "-7.80"}, {"energy": "1.843e+00", "width": "6.1163e+02", "ip": "2.858e-09", "ts": "0", "stretch": "1.7038e+05", "date": "2027-11-14.79", "dist": "186.838", "sigma_lov": "-0.97075", "sigma_imp": "0.304", "ps": "-7.83"}, {"energy": "9.517e-01", "width": "4.5172e+02", "ip": "1.898e-08", "ts": "0", "stretch": "5.2817e+04", "date": "2023-11-15.00", "dist": "164.583", "sigma_lov": "-0.25666", "sigma_imp": "0.362", "ps": "-7.04"}, {"energy": "1.281e+00", "width": "5.1636e+02", "ip": "1.126e-08", "ts": "0", "stretch": "6.8884e+04", "date": "2022-11-14.83", "dist": "133.001", "sigma_lov": "-0.61432", "sigma_imp": "0.256", "ps": "-7.09"}, {"energy": "1.696e+00", "width": "5.7581e+02", "ip": "6.595e-09", "ts": "0", "stretch": "8.4524e+04", "date": "2021-11-14.36", "dist": "167.203", "sigma_lov": "-0.89538", "sigma_imp": "0.289", "ps": "-7.14"}]}