{"summary": {"energy": "6.346e+00", "darc": "12.154 days", "ip": "2.074e-05", "h": "24.59", "nobs": "90", "mass": "9.27e+07", "v_inf": "21.23", "first_obs": "2014-Mar-25.171471", "method": "LOV", "pdate": "2017-04-09 07:29:20", "ndop": "0", "cdate": "2017-04-09 07:29:20", "ps_cum": "-4.17", "diameter": "4.1e-02", "ndel": "0", "v_imp": "23.98", "ps_max": "-4.17", "last_obs": "2014-Apr-06.32522", "fullname": "(2014 GN1)", "n_imp": "1", "ts_max": "0", "nsat": "0", "des": "2014 GN1"}, "signature": {"source": "NASA/JPL Sentry Data API", "version": "1.1"}, "data": [{"energy": "6.346e+00", "width": "1.9909e-03", "ip": "2.074e-05", "ts": "0", "stretch": "1.1223e+04", "date": "2061-09-16.84", "dist": "0.947", "sigma_lov": "-0.45059", "sigma_imp": "0.000", "ps": "-4.17"}]}