{"summary":{"energy":"1.089e-02","darc":"5.6739 days","ip":"1.7377e-06","h":"28.28","nobs":"36","mass":"5.68e+05","v_inf":"6.08","first_obs":"2014-Apr-29.36076","method":"LOV","pdate":"2017-04-07 05:56:00","ndop":"0","cdate":"2017-04-07 05:56:00","ps_cum":"-7.65","diameter":"0.0075","ndel":"0","v_imp":"12.70","ps_max":"-7.69","last_obs":"2014-May-05.03469","fullname":"(2014 HB177)","n_imp":"2","ts_max":"0","nsat":"0","des":"2014 HB177"},"signature":{"source":"NASA/JPL Sentry Data API","version":"1.1"},"data":[{"energy":"1.090e-02","width":"2.7217e-02","ip":"1.787e-07","ts":"0","stretch":"4.4336e+06","date":"2099-05-04.17","dist":"0.112","sigma_lov":"0.02446","sigma_imp":"0.000","ps":"-8.71"},{"energy":"1.089e-02","width":"9.7223e-03","ip":"1.559e-06","ts":"0","stretch":"4.4215e+05","date":"2085-05-03.94","dist":"0.503","sigma_lov":"0.02697","sigma_imp":"0.000","ps":"-7.69"}]}