{"summary": {"energy": "2.004e-01", "darc": ".95899 days", "ip": "8.0416e-08", "h": "26.93", "nobs": "15", "mass": "3.78e+06", "v_inf": "17.06", "first_obs": "2014-Apr-24.15618", "method": "LOV", "pdate": "2017-04-09 10:48:54", "ndop": "0", "cdate": "2017-04-09 10:48:54", "ps_cum": "-7.13", "diameter": "0.0139838589335456", "ndel": "0", "v_imp": "20.43", "ps_max": "-7.92", "last_obs": "2014-Apr-25.11517", "fullname": "(2014 HR197)", "n_imp": "197", "ts_max": "0", "nsat": "0", "des": "2014 HR197"}, "signature": {"source": "NASA/JPL Sentry Data API", "version": "1.1"}, "data": [{"energy": "1.458e-01", "width": "3.2451e+01", "ip": "6.503e-10", "ts": "0", "stretch": "9.0627e+04", "date": "2112-10-29.55", "dist": "106.391", "sigma_lov": "0.62148", "sigma_imp": "3.248", "ps": "-10.3"}, {"energy": "3.302e-01", "width": "2.7060e+01", "ip": "8.121e-10", "ts": "0", "stretch": "4.2132e+06", "date": "2112-10-14.70", "dist": "29.347", "sigma_lov": "-1.48131", "sigma_imp": "1.048", "ps": "-9.93"}, {"energy": "3.048e-01", "width": "3.0673e+01", "ip": "1.120e-09", "ts": "0", "stretch": "4.2805e+05", "date": "2111-10-26.20", "dist": "75.148", "sigma_lov": "-1.02466", "sigma_imp": "2.417", "ps": "-9.82"}, {"energy": "1.584e-01", "width": "3.3875e+01", "ip": "3.734e-10", "ts": "0", "stretch": "2.0266e+05", "date": "2107-10-30.97", "dist": "109.063", "sigma_lov": "0.42819", "sigma_imp": "3.190", "ps": "-10.5"}, {"energy": "1.585e-01", "width": "3.2013e+01", "ip": "1.532e-10", "ts": "0", "stretch": "3.0852e+05", "date": "2107-10-30.97", "dist": "108.183", "sigma_lov": "0.42803", "sigma_imp": "3.348", "ps": "-10.9"}, {"energy": "1.521e-01", "width": "4.2951e+01", "ip": "1.407e-10", "ts": "0", "stretch": "2.6155e+06", "date": "2107-10-30.58", "dist": "110.677", "sigma_lov": "0.51817", "sigma_imp": "2.554", "ps": "-10.9"}, {"energy": "1.019e-01", "width": "5.2279e+01", "ip": "1.374e-10", "ts": "0", "stretch": "2.5015e+06", "date": "2105-10-30.92", "dist": "108.363", "sigma_lov": "1.53446", "sigma_imp": "2.054", "ps": "-11.1"}, {"energy": "1.072e-01", "width": "2.9694e+01", "ip": "3.052e-10", "ts": "0", "stretch": "9.4184e+04", "date": "2104-10-30.36", "dist": "97.448", "sigma_lov": "1.40662", "sigma_imp": "3.248", "ps": "-10.7"}, {"energy": "4.205e-01", "width": "2.0033e+01", "ip": "1.783e-10", "ts": "0", "stretch": "4.1778e+06", "date": "2101-10-26.32", "dist": "43.509", "sigma_lov": "-1.51859", "sigma_imp": "2.122", "ps": "-10.5"}, {"energy": "1.007e-01", "width": "9.9308e+01", "ip": "2.423e-10", "ts": "0", "stretch": "3.3251e+06", "date": "2100-10-30.90", "dist": "110.447", "sigma_lov": "1.55797", "sigma_imp": "1.102", "ps": "-10.8"}, {"energy": "1.511e-01", "width": "3.7163e+01", "ip": "7.888e-10", "ts": "0", "stretch": "3.4946e+05", "date": "2100-10-29.90", "dist": "101.719", "sigma_lov": "0.53406", "sigma_imp": "2.710", "ps": "-10.2"}, {"energy": "3.081e-01", "width": "3.2613e+01", "ip": "1.180e-10", "ts": "0", "stretch": "3.0160e+06", "date": "2099-10-25.69", "dist": "83.007", "sigma_lov": "-1.02378", "sigma_imp": "2.515", "ps": "-10.7"}, {"energy": "1.105e-01", "width": "3.9831e+01", "ip": "1.311e-10", "ts": "0", "stretch": "1.9351e+06", "date": "2093-10-29.81", "dist": "98.043", "sigma_lov": "1.32106", "sigma_imp": "2.436", "ps": "-11.0"}, {"energy": "3.223e-01", "width": "2.4972e+01", "ip": "5.066e-10", "ts": "0", "stretch": "5.9357e+05", "date": "2088-10-26.02", "dist": "67.483", "sigma_lov": "-1.04675", "sigma_imp": "2.662", "ps": "-10.0"}, {"energy": "3.660e-01", "width": "2.0993e+01", "ip": "4.010e-10", "ts": "0", "stretch": "1.3164e+07", "date": "2088-10-18.72", "dist": "18.763", "sigma_lov": "-1.48739", "sigma_imp": "0.846", "ps": "-10.1"}, {"energy": "3.657e-01", "width": "2.0618e+01", "ip": "1.574e-09", "ts": "0", "stretch": "3.7842e+06", "date": "2088-10-18.69", "dist": "15.882", "sigma_lov": "-1.48717", "sigma_imp": "0.722", "ps": "-9.48"}, {"energy": "8.143e-02", "width": "4.7339e+01", "ip": "1.017e-10", "ts": "0", "stretch": "8.3321e+04", "date": "2087-10-31.85", "dist": "145.317", "sigma_lov": "2.19836", "sigma_imp": "3.049", "ps": "-11.2"}, {"energy": "1.522e-01", "width": "2.9341e+01", "ip": "1.229e-10", "ts": "0", "stretch": "3.9745e+05", "date": "2086-10-29.43", "dist": "99.249", "sigma_lov": "0.52013", "sigma_imp": "3.348", "ps": "-10.9"}, {"energy": "1.097e-01", "width": "4.4068e+01", "ip": "3.889e-10", "ts": "0", "stretch": "3.6540e+05", "date": "2085-10-29.86", "dist": "116.402", "sigma_lov": "1.33540", "sigma_imp": "2.619", "ps": "-10.5"}, {"energy": "3.118e-01", "width": "3.1869e+01", "ip": "1.177e-10", "ts": "0", "stretch": "1.9378e+06", "date": "2084-10-25.72", "dist": "86.897", "sigma_lov": "-1.01371", "sigma_imp": "2.695", "ps": "-10.6"}, {"energy": "1.251e-01", "width": "4.8094e+01", "ip": "3.983e-09", "ts": "0", "stretch": "1.5896e+05", "date": "2083-10-30.01", "dist": "103.223", "sigma_lov": "0.99549", "sigma_imp": "2.125", "ps": "-9.42"}, {"energy": "1.688e-01", "width": "2.7762e+01", "ip": "1.074e-10", "ts": "0", "stretch": "4.6287e+05", "date": "2077-10-28.77", "dist": "94.987", "sigma_lov": "0.28627", "sigma_imp": "3.385", "ps": "-10.8"}, {"energy": "2.406e-01", "width": "3.3317e+01", "ip": "1.116e-10", "ts": "0", "stretch": "3.7854e+05", "date": "2076-10-28.28", "dist": "113.202", "sigma_lov": "-0.45058", "sigma_imp": "3.368", "ps": "-10.7"}, {"energy": "1.186e-01", "width": "3.2756e+01", "ip": "5.337e-10", "ts": "0", "stretch": "1.5804e+05", "date": "2075-10-29.93", "dist": "99.005", "sigma_lov": "1.12372", "sigma_imp": "2.992", "ps": "-10.3"}, {"energy": "2.454e-01", "width": "3.3006e+01", "ip": "1.676e-10", "ts": "0", "stretch": "1.3593e+06", "date": "2075-10-28.29", "dist": "94.135", "sigma_lov": "-0.51110", "sigma_imp": "2.822", "ps": "-10.5"}, {"energy": "1.661e-01", "width": "2.8136e+01", "ip": "1.036e-10", "ts": "0", "stretch": "7.3650e+05", "date": "2071-10-29.37", "dist": "92.447", "sigma_lov": "0.33002", "sigma_imp": "3.250", "ps": "-10.8"}, {"energy": "2.113e-01", "width": "2.9318e+01", "ip": "1.582e-10", "ts": "0", "stretch": "1.7369e+05", "date": "2073-10-28.73", "dist": "105.012", "sigma_lov": "-0.18829", "sigma_imp": "3.548", "ps": "-10.6"}, {"energy": "2.118e-01", "width": "2.9777e+01", "ip": "1.191e-10", "ts": "0", "stretch": "4.2869e+05", "date": "2071-10-29.01", "dist": "101.223", "sigma_lov": "-0.19691", "sigma_imp": "3.366", "ps": "-10.7"}, {"energy": "2.127e-01", "width": "2.9122e+01", "ip": "5.826e-10", "ts": "0", "stretch": "5.9345e+04", "date": "2069-10-28.66", "dist": "102.453", "sigma_lov": "-0.20410", "sigma_imp": "3.484", "ps": "-9.97"}, {"energy": "2.128e-01", "width": "2.8743e+01", "ip": "3.737e-10", "ts": "0", "stretch": "8.0649e+04", "date": "2069-10-28.66", "dist": "102.343", "sigma_lov": "-0.20394", "sigma_imp": "3.526", "ps": "-10.2"}, {"energy": "1.710e-01", "width": "3.0561e+01", "ip": "1.050e-10", "ts": "0", "stretch": "6.2673e+05", "date": "2068-10-28.82", "dist": "101.201", "sigma_lov": "0.26144", "sigma_imp": "3.279", "ps": "-10.8"}, {"energy": "2.200e-01", "width": "2.9183e+01", "ip": "1.035e-10", "ts": "0", "stretch": "1.0431e+06", "date": "2068-10-28.14", "dist": "92.576", "sigma_lov": "-0.27059", "sigma_imp": "3.138", "ps": "-10.7"}, {"energy": "1.217e-01", "width": "3.3025e+01", "ip": "3.950e-10", "ts": "0", "stretch": "1.6138e+05", "date": "2066-10-29.96", "dist": "103.416", "sigma_lov": "1.06595", "sigma_imp": "3.101", "ps": "-10.3"}, {"energy": "1.933e-01", "width": "2.6074e+01", "ip": "1.056e-10", "ts": "0", "stretch": "7.1173e+05", "date": "2068-10-27.98", "dist": "86.820", "sigma_lov": "-0.00124", "sigma_imp": "3.291", "ps": "-10.7"}, {"energy": "2.211e-01", "width": "2.9090e+01", "ip": "1.235e-10", "ts": "0", "stretch": "3.4862e+05", "date": "2066-10-28.71", "dist": "100.362", "sigma_lov": "-0.28087", "sigma_imp": "3.416", "ps": "-10.6"}, {"energy": "9.904e-02", "width": "4.7636e+01", "ip": "2.334e-10", "ts": "0", "stretch": "5.9684e+06", "date": "2065-10-29.85", "dist": "56.048", "sigma_lov": "1.62924", "sigma_imp": "1.156", "ps": "-10.6"}, {"energy": "4.197e-01", "width": "1.9960e+01", "ip": "1.007e-10", "ts": "0", "stretch": "9.7822e+06", "date": "2065-10-25.38", "dist": "40.818", "sigma_lov": "-1.51338", "sigma_imp": "1.995", "ps": "-10.5"}, {"energy": "1.278e-01", "width": "3.6640e+01", "ip": "1.497e-09", "ts": "0", "stretch": "2.9979e+05", "date": "2064-10-28.99", "dist": "89.411", "sigma_lov": "0.93585", "sigma_imp": "2.413", "ps": "-9.69"}, {"energy": "1.690e-01", "width": "2.7660e+01", "ip": "1.288e-10", "ts": "0", "stretch": "4.7261e+05", "date": "2064-10-28.51", "dist": "93.027", "sigma_lov": "0.28190", "sigma_imp": "3.327", "ps": "-10.7"}, {"energy": "1.923e-01", "width": "3.0319e+01", "ip": "1.487e-10", "ts": "0", "stretch": "1.1980e+06", "date": "2064-10-27.77", "dist": "91.249", "sigma_lov": "0.00376", "sigma_imp": "2.977", "ps": "-10.6"}, {"energy": "1.224e-01", "width": "2.8705e+01", "ip": "1.387e-10", "ts": "0", "stretch": "2.3314e+05", "date": "2063-10-29.81", "dist": "97.239", "sigma_lov": "1.05147", "sigma_imp": "3.353", "ps": "-10.7"}, {"energy": "2.303e-01", "width": "2.8912e+01", "ip": "1.800e-10", "ts": "0", "stretch": "2.3404e+05", "date": "2063-10-28.81", "dist": "99.754", "sigma_lov": "-0.36495", "sigma_imp": "3.416", "ps": "-10.4"}, {"energy": "1.394e-01", "width": "2.8801e+01", "ip": "1.203e-10", "ts": "0", "stretch": "5.4389e+05", "date": "2061-10-29.16", "dist": "93.926", "sigma_lov": "0.72725", "sigma_imp": "3.226", "ps": "-10.7"}, {"energy": "9.741e-02", "width": "1.4589e+02", "ip": "9.507e-10", "ts": "0", "stretch": "7.6534e+05", "date": "2060-10-29.27", "dist": "83.700", "sigma_lov": "1.66424", "sigma_imp": "0.567", "ps": "-9.95"}, {"energy": "9.732e-02", "width": "5.8997e+01", "ip": "6.388e-10", "ts": "0", "stretch": "9.4861e+05", "date": "2060-10-29.34", "dist": "93.369", "sigma_lov": "1.66457", "sigma_imp": "1.566", "ps": "-10.1"}, {"energy": "1.673e-01", "width": "2.7337e+01", "ip": "1.009e-10", "ts": "0", "stretch": "7.0488e+05", "date": "2060-10-28.51", "dist": "90.703", "sigma_lov": "0.30673", "sigma_imp": "3.281", "ps": "-10.7"}, {"energy": "5.343e-01", "width": "2.5476e+01", "ip": "3.442e-10", "ts": "0", "stretch": "2.4424e+06", "date": "2060-10-23.53", "dist": "40.682", "sigma_lov": "-1.93574", "sigma_imp": "1.558", "ps": "-9.80"}, {"energy": "1.267e-01", "width": "2.9637e+01", "ip": "1.772e-10", "ts": "0", "stretch": "4.0802e+05", "date": "2059-10-29.89", "dist": "93.659", "sigma_lov": "0.95972", "sigma_imp": "3.126", "ps": "-10.6"}, {"energy": "2.707e-01", "width": "2.9519e+01", "ip": "1.624e-10", "ts": "0", "stretch": "2.3232e+05", "date": "2059-10-28.53", "dist": "101.184", "sigma_lov": "-0.68271", "sigma_imp": "3.394", "ps": "-10.3"}, {"energy": "2.434e-01", "width": "2.9075e+01", "ip": "5.037e-10", "ts": "0", "stretch": "1.5408e+05", "date": "2058-10-28.31", "dist": "94.534", "sigma_lov": "-0.48248", "sigma_imp": "3.217", "ps": "-9.88"}, {"energy": "1.029e-01", "width": "4.3794e+01", "ip": "4.278e-10", "ts": "0", "stretch": "1.0344e+06", "date": "2058-10-29.98", "dist": "89.683", "sigma_lov": "1.51892", "sigma_imp": "2.025", "ps": "-10.3"}, {"energy": "2.433e-01", "width": "2.9142e+01", "ip": "5.512e-10", "ts": "0", "stretch": "1.4418e+05", "date": "2058-10-28.30", "dist": "94.520", "sigma_lov": "-0.48186", "sigma_imp": "3.209", "ps": "-9.85"}, {"energy": "1.078e-01", "width": "3.3787e+01", "ip": "2.194e-10", "ts": "0", "stretch": "3.0025e+05", "date": "2056-10-28.99", "dist": "100.931", "sigma_lov": "1.38084", "sigma_imp": "2.958", "ps": "-10.5"}, {"energy": "8.852e-02", "width": "5.4690e+01", "ip": "3.026e-10", "ts": "0", "stretch": "2.7075e+05", "date": "2053-10-30.86", "dist": "129.809", "sigma_lov": "1.94811", "sigma_imp": "2.355", "ps": "-10.4"}, {"energy": "3.372e-01", "width": "2.6290e+01", "ip": "1.031e-10", "ts": "0", "stretch": "3.9352e+05", "date": "2053-10-27.53", "dist": "87.753", "sigma_lov": "-1.07737", "sigma_imp": "3.300", "ps": "-10.4"}, {"energy": "4.197e-01", "width": "2.1935e+01", "ip": "6.217e-10", "ts": "0", "stretch": "2.5477e+06", "date": "2053-10-25.47", "dist": "38.386", "sigma_lov": "-1.50647", "sigma_imp": "1.704", "ps": "-9.55"}, {"energy": "1.478e-01", "width": "2.6394e+01", "ip": "2.068e-10", "ts": "0", "stretch": "1.5080e+05", "date": "2052-10-28.63", "dist": "93.211", "sigma_lov": "0.59176", "sigma_imp": "3.494", "ps": "-10.4"}, {"energy": "2.525e-01", "width": "2.7389e+01", "ip": "1.668e-10", "ts": "0", "stretch": "6.7113e+05", "date": "2052-10-27.63", "dist": "86.125", "sigma_lov": "-0.55045", "sigma_imp": "3.108", "ps": "-10.3"}, {"energy": "1.050e-01", "width": "5.9009e+01", "ip": "1.050e-10", "ts": "0", "stretch": "6.7284e+06", "date": "2051-10-30.22", "dist": "99.960", "sigma_lov": "1.44897", "sigma_imp": "1.677", "ps": "-10.8"}, {"energy": "2.038e-01", "width": "2.8244e+01", "ip": "3.600e-10", "ts": "0", "stretch": "2.4425e+05", "date": "2051-10-28.86", "dist": "91.953", "sigma_lov": "-0.11741", "sigma_imp": "3.220", "ps": "-10.0"}, {"energy": "9.809e-02", "width": "3.3055e+01", "ip": "2.104e-10", "ts": "0", "stretch": "2.1268e+05", "date": "2050-10-30.29", "dist": "98.699", "sigma_lov": "1.65265", "sigma_imp": "2.956", "ps": "-10.5"}, {"energy": "3.229e-01", "width": "2.6034e+01", "ip": "2.108e-10", "ts": "0", "stretch": "1.5087e+06", "date": "2049-10-26.92", "dist": "69.600", "sigma_lov": "-1.02720", "sigma_imp": "2.635", "ps": "-10.1"}, {"energy": "1.158e-01", "width": "3.1311e+01", "ip": "2.689e-10", "ts": "0", "stretch": "1.1179e+06", "date": "2048-10-29.18", "dist": "80.080", "sigma_lov": "1.18551", "sigma_imp": "2.526", "ps": "-10.3"}, {"energy": "1.942e-01", "width": "2.6618e+01", "ip": "1.117e-10", "ts": "0", "stretch": "1.2898e+06", "date": "2048-10-27.93", "dist": "83.091", "sigma_lov": "-0.01899", "sigma_imp": "3.084", "ps": "-10.5"}, {"energy": "1.940e-01", "width": "2.5424e+01", "ip": "1.071e-10", "ts": "0", "stretch": "6.7306e+05", "date": "2048-10-27.90", "dist": "85.164", "sigma_lov": "-0.01628", "sigma_imp": "3.310", "ps": "-10.5"}, {"energy": "5.430e-01", "width": "2.5804e+01", "ip": "1.808e-10", "ts": "0", "stretch": "2.0167e+06", "date": "2048-10-24.67", "dist": "53.083", "sigma_lov": "-1.92642", "sigma_imp": "2.018", "ps": "-9.93"}, {"energy": "1.495e-01", "width": "2.5160e+01", "ip": "1.387e-10", "ts": "0", "stretch": "5.8150e+05", "date": "2047-10-29.48", "dist": "82.290", "sigma_lov": "0.56635", "sigma_imp": "3.231", "ps": "-10.5"}, {"energy": "1.654e-01", "width": "3.0220e+01", "ip": "1.328e-09", "ts": "0", "stretch": "7.5230e+05", "date": "2047-10-28.95", "dist": "70.865", "sigma_lov": "0.34157", "sigma_imp": "2.312", "ps": "-9.46"}, {"energy": "1.666e-01", "width": "2.6970e+01", "ip": "1.799e-10", "ts": "0", "stretch": "5.2995e+05", "date": "2047-10-29.16", "dist": "87.156", "sigma_lov": "0.31683", "sigma_imp": "3.195", "ps": "-10.3"}, {"energy": "1.846e-01", "width": "2.6778e+01", "ip": "1.512e-10", "ts": "0", "stretch": "7.8591e+05", "date": "2047-10-28.92", "dist": "85.139", "sigma_lov": "0.09240", "sigma_imp": "3.142", "ps": "-10.4"}, {"energy": "1.847e-01", "width": "2.6859e+01", "ip": "2.445e-10", "ts": "0", "stretch": "4.3183e+05", "date": "2047-10-28.92", "dist": "86.368", "sigma_lov": "0.08918", "sigma_imp": "3.178", "ps": "-10.2"}, {"energy": "3.369e-01", "width": "2.6034e+01", "ip": "1.310e-10", "ts": "0", "stretch": "9.5833e+05", "date": "2047-10-27.82", "dist": "77.636", "sigma_lov": "-1.08130", "sigma_imp": "2.944", "ps": "-10.2"}, {"energy": "1.571e-01", "width": "2.5985e+01", "ip": "1.033e-10", "ts": "0", "stretch": "4.9329e+05", "date": "2046-10-28.93", "dist": "88.774", "sigma_lov": "0.44839", "sigma_imp": "3.378", "ps": "-10.6"}, {"energy": "1.946e-01", "width": "2.6861e+01", "ip": "1.218e-10", "ts": "0", "stretch": "1.1406e+06", "date": "2046-10-28.50", "dist": "84.081", "sigma_lov": "-0.02193", "sigma_imp": "3.093", "ps": "-10.4"}, {"energy": "1.944e-01", "width": "2.6806e+01", "ip": "3.218e-10", "ts": "0", "stretch": "4.2183e+05", "date": "2046-10-28.47", "dist": "84.122", "sigma_lov": "-0.01930", "sigma_imp": "3.101", "ps": "-10.0"}, {"energy": "1.036e-01", "width": "3.8196e+01", "ip": "1.318e-10", "ts": "0", "stretch": "3.8631e+06", "date": "2045-10-29.80", "dist": "78.577", "sigma_lov": "1.50385", "sigma_imp": "2.031", "ps": "-10.6"}, {"energy": "1.041e-01", "width": "3.7639e+01", "ip": "2.752e-10", "ts": "0", "stretch": "1.5852e+06", "date": "2045-10-29.80", "dist": "80.865", "sigma_lov": "1.48884", "sigma_imp": "2.122", "ps": "-10.3"}, {"energy": "1.033e-01", "width": "4.8618e+01", "ip": "1.429e-10", "ts": "0", "stretch": "3.6436e+06", "date": "2045-10-29.76", "dist": "93.419", "sigma_lov": "1.50828", "sigma_imp": "1.901", "ps": "-10.6"}, {"energy": "1.316e-01", "width": "2.7564e+01", "ip": "1.107e-10", "ts": "0", "stretch": "3.2102e+05", "date": "2045-10-29.33", "dist": "94.374", "sigma_lov": "0.86676", "sigma_imp": "3.388", "ps": "-10.6"}, {"energy": "1.315e-01", "width": "2.7710e+01", "ip": "2.213e-10", "ts": "0", "stretch": "2.2495e+05", "date": "2045-10-29.23", "dist": "92.052", "sigma_lov": "0.86850", "sigma_imp": "3.286", "ps": "-10.3"}, {"energy": "2.060e-01", "width": "2.7604e+01", "ip": "1.541e-10", "ts": "0", "stretch": "5.9586e+05", "date": "2045-10-28.40", "dist": "89.669", "sigma_lov": "-0.13905", "sigma_imp": "3.212", "ps": "-10.3"}, {"energy": "4.228e-01", "width": "2.4104e+01", "ip": "2.212e-10", "ts": "0", "stretch": "2.6057e+06", "date": "2045-10-26.14", "dist": "53.439", "sigma_lov": "-1.50013", "sigma_imp": "2.176", "ps": "-9.89"}, {"energy": "2.547e-01", "width": "2.6792e+01", "ip": "1.927e-10", "ts": "0", "stretch": "6.4015e+05", "date": "2045-10-27.80", "dist": "83.541", "sigma_lov": "-0.56422", "sigma_imp": "3.081", "ps": "-10.1"}, {"energy": "1.950e-01", "width": "2.6862e+01", "ip": "3.270e-10", "ts": "0", "stretch": "4.2272e+05", "date": "2044-10-28.01", "dist": "84.127", "sigma_lov": "-0.02219", "sigma_imp": "3.095", "ps": "-9.97"}, {"energy": "2.432e-01", "width": "2.8254e+01", "ip": "2.244e-10", "ts": "0", "stretch": "6.1431e+05", "date": "2044-10-27.78", "dist": "87.014", "sigma_lov": "-0.47712", "sigma_imp": "3.044", "ps": "-10.1"}, {"energy": "1.447e-01", "width": "2.6033e+01", "ip": "1.028e-10", "ts": "0", "stretch": "4.0115e+05", "date": "2043-10-29.31", "dist": "89.736", "sigma_lov": "0.63930", "sigma_imp": "3.409", "ps": "-10.6"}, {"energy": "1.837e-01", "width": "2.6974e+01", "ip": "2.459e-10", "ts": "0", "stretch": "4.9644e+05", "date": "2043-10-28.93", "dist": "85.467", "sigma_lov": "0.09928", "sigma_imp": "3.131", "ps": "-10.1"}, {"energy": "3.207e-01", "width": "2.6209e+01", "ip": "2.354e-10", "ts": "0", "stretch": "1.5424e+06", "date": "2043-10-27.37", "dist": "68.782", "sigma_lov": "-1.01836", "sigma_imp": "2.586", "ps": "-9.92"}, {"energy": "1.038e-01", "width": "2.6420e+01", "ip": "4.867e-09", "ts": "0", "stretch": "1.1310e+05", "date": "2042-10-29.88", "dist": "58.221", "sigma_lov": "1.48976", "sigma_imp": "2.166", "ps": "-8.98"}, {"energy": "1.035e-01", "width": "3.1071e+01", "ip": "4.772e-09", "ts": "0", "stretch": "2.3929e+05", "date": "2042-10-29.88", "dist": "54.095", "sigma_lov": "1.50337", "sigma_imp": "1.709", "ps": "-8.99"}, {"energy": "1.731e-01", "width": "2.5926e+01", "ip": "1.141e-10", "ts": "0", "stretch": "6.5994e+05", "date": "2042-10-28.92", "dist": "86.143", "sigma_lov": "0.23426", "sigma_imp": "3.284", "ps": "-10.4"}, {"energy": "1.951e-01", "width": "2.7028e+01", "ip": "7.558e-10", "ts": "0", "stretch": "4.3653e+05", "date": "2042-10-28.47", "dist": "76.710", "sigma_lov": "-0.02481", "sigma_imp": "2.801", "ps": "-9.57"}, {"energy": "2.205e-01", "width": "2.8132e+01", "ip": "1.093e-10", "ts": "0", "stretch": "2.3035e+06", "date": "2042-10-28.42", "dist": "81.724", "sigma_lov": "-0.27826", "sigma_imp": "2.869", "ps": "-10.4"}, {"energy": "2.202e-01", "width": "2.7835e+01", "ip": "4.199e-10", "ts": "0", "stretch": "6.0073e+05", "date": "2042-10-28.39", "dist": "80.951", "sigma_lov": "-0.27535", "sigma_imp": "2.872", "ps": "-9.79"}, {"energy": "2.470e-01", "width": "2.7585e+01", "ip": "3.842e-10", "ts": "0", "stretch": "8.8439e+05", "date": "2042-10-28.05", "dist": "76.525", "sigma_lov": "-0.50941", "sigma_imp": "2.738", "ps": "-9.79"}, {"energy": "9.484e-02", "width": "2.8622e+01", "ip": "1.251e-10", "ts": "0", "stretch": "1.0992e+05", "date": "2041-10-29.84", "dist": "95.990", "sigma_lov": "1.74598", "sigma_imp": "3.319", "ps": "-10.6"}, {"energy": "2.077e-01", "width": "2.7000e+01", "ip": "2.192e-10", "ts": "0", "stretch": "5.4565e+05", "date": "2041-10-28.15", "dist": "85.651", "sigma_lov": "-0.15650", "sigma_imp": "3.135", "ps": "-10.1"}, {"energy": "3.380e-01", "width": "2.5905e+01", "ip": "1.096e-10", "ts": "0", "stretch": "1.1129e+06", "date": "2041-10-27.35", "dist": "77.499", "sigma_lov": "-1.08620", "sigma_imp": "2.953", "ps": "-10.2"}, {"energy": "4.193e-01", "width": "2.2951e+01", "ip": "6.666e-10", "ts": "0", "stretch": "1.7591e+06", "date": "2041-10-25.76", "dist": "43.586", "sigma_lov": "-1.49531", "sigma_imp": "1.856", "ps": "-9.35"}, {"energy": "1.137e-01", "width": "2.7952e+01", "ip": "1.059e-10", "ts": "0", "stretch": "3.7625e+05", "date": "2040-10-29.10", "dist": "91.372", "sigma_lov": "1.23745", "sigma_imp": "3.233", "ps": "-10.6"}, {"energy": "8.570e-02", "width": "3.1905e+01", "ip": "1.223e-10", "ts": "0", "stretch": "1.4752e+05", "date": "2040-10-29.91", "dist": "97.333", "sigma_lov": "2.05627", "sigma_imp": "3.019", "ps": "-10.6"}, {"energy": "1.711e-01", "width": "2.6986e+01", "ip": "1.485e-10", "ts": "0", "stretch": "6.3304e+05", "date": "2040-10-28.38", "dist": "87.468", "sigma_lov": "0.25478", "sigma_imp": "3.204", "ps": "-10.3"}, {"energy": "1.950e-01", "width": "2.6562e+01", "ip": "1.361e-10", "ts": "0", "stretch": "6.8590e+05", "date": "2040-10-28.01", "dist": "86.540", "sigma_lov": "-0.02852", "sigma_imp": "3.220", "ps": "-10.3"}, {"energy": "1.826e-01", "width": "2.7205e+01", "ip": "2.027e-10", "ts": "0", "stretch": "5.6623e+05", "date": "2039-10-28.97", "dist": "86.638", "sigma_lov": "0.11524", "sigma_imp": "3.148", "ps": "-10.1"}, {"energy": "2.386e-01", "width": "2.7639e+01", "ip": "1.451e-10", "ts": "0", "stretch": "7.4869e+05", "date": "2039-10-28.51", "dist": "87.587", "sigma_lov": "-0.43714", "sigma_imp": "3.133", "ps": "-10.2"}, {"energy": "1.473e-01", "width": "2.7107e+01", "ip": "1.252e-10", "ts": "0", "stretch": "7.5239e+05", "date": "2038-10-29.04", "dist": "86.559", "sigma_lov": "0.60043", "sigma_imp": "3.156", "ps": "-10.4"}, {"energy": "1.699e-01", "width": "2.6931e+01", "ip": "1.346e-10", "ts": "0", "stretch": "6.5707e+05", "date": "2038-10-28.92", "dist": "87.764", "sigma_lov": "0.27644", "sigma_imp": "3.222", "ps": "-10.3"}, {"energy": "1.959e-01", "width": "2.5627e+01", "ip": "1.562e-10", "ts": "0", "stretch": "4.1576e+05", "date": "2038-10-28.55", "dist": "86.579", "sigma_lov": "-0.03054", "sigma_imp": "3.339", "ps": "-10.2"}, {"energy": "9.825e-02", "width": "4.0693e+01", "ip": "1.232e-10", "ts": "0", "stretch": "1.5063e+06", "date": "2037-10-29.61", "dist": "97.221", "sigma_lov": "1.63662", "sigma_imp": "2.365", "ps": "-10.5"}, {"energy": "1.341e-01", "width": "2.7395e+01", "ip": "1.695e-10", "ts": "0", "stretch": "5.0528e+05", "date": "2037-10-29.07", "dist": "86.841", "sigma_lov": "0.82321", "sigma_imp": "3.133", "ps": "-10.3"}, {"energy": "1.562e-01", "width": "2.6583e+01", "ip": "2.153e-10", "ts": "0", "stretch": "4.5288e+05", "date": "2037-10-28.62", "dist": "85.377", "sigma_lov": "0.46108", "sigma_imp": "3.174", "ps": "-10.1"}, {"energy": "2.100e-01", "width": "2.7705e+01", "ip": "1.519e-09", "ts": "0", "stretch": "1.5607e+05", "date": "2037-10-28.27", "dist": "81.413", "sigma_lov": "-0.17935", "sigma_imp": "2.903", "ps": "-9.15"}, {"energy": "1.218e-01", "width": "2.7738e+01", "ip": "2.990e-10", "ts": "0", "stretch": "1.9472e+05", "date": "2036-10-28.94", "dist": "89.218", "sigma_lov": "1.06195", "sigma_imp": "3.180", "ps": "-10.0"}, {"energy": "1.433e-01", "width": "2.7179e+01", "ip": "1.560e-10", "ts": "0", "stretch": "4.0701e+05", "date": "2036-10-28.65", "dist": "89.747", "sigma_lov": "0.66144", "sigma_imp": "3.265", "ps": "-10.3"}, {"energy": "2.653e-01", "width": "2.6449e+01", "ip": "1.443e-10", "ts": "0", "stretch": "1.0522e+06", "date": "2036-10-27.60", "dist": "80.405", "sigma_lov": "-0.63935", "sigma_imp": "3.002", "ps": "-10.1"}, {"energy": "1.676e-01", "width": "2.6454e+01", "ip": "2.107e-10", "ts": "0", "stretch": "6.0259e+05", "date": "2036-10-28.29", "dist": "83.311", "sigma_lov": "0.30283", "sigma_imp": "3.111", "ps": "-10.1"}, {"energy": "3.051e-01", "width": "2.7805e+01", "ip": "1.546e-10", "ts": "0", "stretch": "1.3236e+06", "date": "2036-10-27.09", "dist": "79.229", "sigma_lov": "-0.91301", "sigma_imp": "2.813", "ps": "-9.99"}, {"energy": "4.018e-01", "width": "2.6140e+01", "ip": "3.560e-10", "ts": "0", "stretch": "1.7989e+06", "date": "2036-10-25.62", "dist": "57.064", "sigma_lov": "-1.42373", "sigma_imp": "2.145", "ps": "-9.53"}, {"energy": "1.090e-01", "width": "2.7926e+01", "ip": "2.097e-10", "ts": "0", "stretch": "1.7296e+05", "date": "2035-10-29.93", "dist": "90.822", "sigma_lov": "1.35257", "sigma_imp": "3.216", "ps": "-10.2"}, {"energy": "1.085e-01", "width": "2.9657e+01", "ip": "1.423e-10", "ts": "0", "stretch": "7.6772e+05", "date": "2035-10-29.89", "dist": "84.953", "sigma_lov": "1.36909", "sigma_imp": "2.831", "ps": "-10.4"}, {"energy": "1.803e-01", "width": "2.5885e+01", "ip": "1.885e-10", "ts": "0", "stretch": "5.8570e+05", "date": "2035-10-28.86", "dist": "83.131", "sigma_lov": "0.13908", "sigma_imp": "3.173", "ps": "-10.1"}, {"energy": "9.672e-02", "width": "4.1803e+01", "ip": "3.009e-10", "ts": "0", "stretch": "2.9888e+05", "date": "2034-10-29.92", "dist": "110.428", "sigma_lov": "1.67403", "sigma_imp": "2.618", "ps": "-10.1"}, {"energy": "2.478e-01", "width": "2.6708e+01", "ip": "3.568e-10", "ts": "0", "stretch": "7.0092e+05", "date": "2035-10-28.26", "dist": "77.254", "sigma_lov": "-0.51622", "sigma_imp": "2.855", "ps": "-9.68"}, {"energy": "1.159e-01", "width": "2.7160e+01", "ip": "2.761e-10", "ts": "0", "stretch": "2.0592e+05", "date": "2034-10-29.60", "dist": "86.554", "sigma_lov": "1.18641", "sigma_imp": "3.150", "ps": "-10.0"}, {"energy": "1.386e-01", "width": "2.5146e+01", "ip": "2.150e-10", "ts": "0", "stretch": "4.2397e+05", "date": "2034-10-29.10", "dist": "80.414", "sigma_lov": "0.73964", "sigma_imp": "3.158", "ps": "-10.1"}, {"energy": "2.314e-01", "width": "2.5521e+01", "ip": "4.636e-10", "ts": "0", "stretch": "3.3830e+05", "date": "2034-10-28.32", "dist": "78.726", "sigma_lov": "-0.37761", "sigma_imp": "3.046", "ps": "-9.56"}, {"energy": "2.312e-01", "width": "2.5459e+01", "ip": "1.914e-10", "ts": "0", "stretch": "8.2889e+05", "date": "2034-10-28.31", "dist": "78.463", "sigma_lov": "-0.37575", "sigma_imp": "3.043", "ps": "-9.95"}, {"energy": "2.740e-01", "width": "2.5828e+01", "ip": "1.061e-10", "ts": "0", "stretch": "9.3245e+05", "date": "2034-10-28.21", "dist": "81.954", "sigma_lov": "-0.69790", "sigma_imp": "3.134", "ps": "-10.1"}, {"energy": "3.190e-01", "width": "2.5122e+01", "ip": "2.007e-10", "ts": "0", "stretch": "1.3303e+06", "date": "2034-10-27.44", "dist": "69.403", "sigma_lov": "-0.99637", "sigma_imp": "2.723", "ps": "-9.82"}, {"energy": "2.558e-01", "width": "2.6488e+01", "ip": "1.068e-10", "ts": "0", "stretch": "1.6930e+06", "date": "2033-10-27.83", "dist": "79.345", "sigma_lov": "-0.57012", "sigma_imp": "2.958", "ps": "-10.1"}, {"energy": "2.147e-01", "width": "2.7033e+01", "ip": "4.732e-10", "ts": "0", "stretch": "3.0826e+05", "date": "2033-10-28.22", "dist": "83.932", "sigma_lov": "-0.21992", "sigma_imp": "3.068", "ps": "-9.56"}, {"energy": "2.553e-01", "width": "2.6438e+01", "ip": "4.282e-10", "ts": "0", "stretch": "4.2281e+05", "date": "2033-10-27.82", "dist": "79.220", "sigma_lov": "-0.56666", "sigma_imp": "2.959", "ps": "-9.54"}, {"energy": "4.221e-01", "width": "2.5137e+01", "ip": "2.157e-10", "ts": "0", "stretch": "1.6460e+06", "date": "2033-10-26.63", "dist": "60.844", "sigma_lov": "-1.48066", "sigma_imp": "2.381", "ps": "-9.66"}, {"energy": "8.946e-02", "width": "2.9732e+01", "ip": "1.115e-10", "ts": "0", "stretch": "4.6427e+04", "date": "2032-10-30.27", "dist": "105.074", "sigma_lov": "1.91959", "sigma_imp": "3.500", "ps": "-10.5"}, {"energy": "8.917e-02", "width": "3.0122e+01", "ip": "3.469e-10", "ts": "0", "stretch": "2.6200e+04", "date": "2032-10-30.09", "dist": "101.260", "sigma_lov": "1.92903", "sigma_imp": "3.328", "ps": "-9.97"}, {"energy": "8.905e-02", "width": "2.9236e+01", "ip": "1.724e-10", "ts": "0", "stretch": "4.1810e+04", "date": "2032-10-30.06", "dist": "100.452", "sigma_lov": "1.93403", "sigma_imp": "3.402", "ps": "-10.3"}, {"energy": "2.361e-01", "width": "2.6465e+01", "ip": "2.310e-10", "ts": "0", "stretch": "6.7076e+05", "date": "2032-10-27.70", "dist": "81.291", "sigma_lov": "-0.41791", "sigma_imp": "3.034", "ps": "-9.81"}, {"energy": "1.452e-01", "width": "2.6449e+01", "ip": "1.398e-10", "ts": "0", "stretch": "3.6856e+05", "date": "2031-10-29.26", "dist": "89.362", "sigma_lov": "0.63127", "sigma_imp": "3.341", "ps": "-10.2"}, {"energy": "2.174e-01", "width": "2.5552e+01", "ip": "1.395e-10", "ts": "0", "stretch": "6.3445e+05", "date": "2031-10-28.68", "dist": "83.739", "sigma_lov": "-0.24711", "sigma_imp": "3.238", "ps": "-10.0"}, {"energy": "1.780e-01", "width": "2.6787e+01", "ip": "5.704e-10", "ts": "0", "stretch": "3.3583e+05", "date": "2031-10-28.90", "dist": "80.948", "sigma_lov": "0.17155", "sigma_imp": "2.985", "ps": "-9.48"}, {"energy": "2.641e-01", "width": "2.6362e+01", "ip": "1.936e-10", "ts": "0", "stretch": "8.1625e+05", "date": "2031-10-28.36", "dist": "79.880", "sigma_lov": "-0.62969", "sigma_imp": "2.992", "ps": "-9.82"}, {"energy": "3.169e-01", "width": "2.6182e+01", "ip": "3.192e-10", "ts": "0", "stretch": "1.0621e+06", "date": "2031-10-27.64", "dist": "69.753", "sigma_lov": "-0.98250", "sigma_imp": "2.626", "ps": "-9.54"}, {"energy": "1.968e-01", "width": "2.6274e+01", "ip": "4.851e-10", "ts": "0", "stretch": "3.9423e+05", "date": "2030-10-28.43", "dist": "79.699", "sigma_lov": "-0.04431", "sigma_imp": "2.995", "ps": "-9.49"}, {"energy": "2.422e-01", "width": "2.6530e+01", "ip": "3.828e-10", "ts": "0", "stretch": "5.9879e+05", "date": "2030-10-28.09", "dist": "77.804", "sigma_lov": "-0.46937", "sigma_imp": "2.895", "ps": "-9.52"}, {"energy": "1.395e-01", "width": "2.6641e+01", "ip": "2.842e-10", "ts": "0", "stretch": "3.3500e+05", "date": "2029-10-28.82", "dist": "84.453", "sigma_lov": "0.72240", "sigma_imp": "3.133", "ps": "-9.81"}, {"energy": "5.322e-01", "width": "2.8356e+01", "ip": "1.387e-10", "ts": "0", "stretch": "1.7770e+06", "date": "2030-10-25.66", "dist": "63.425", "sigma_lov": "-1.88014", "sigma_imp": "2.201", "ps": "-9.69"}, {"energy": "1.756e-01", "width": "2.6697e+01", "ip": "4.205e-10", "ts": "0", "stretch": "4.5216e+05", "date": "2029-10-28.34", "dist": "80.734", "sigma_lov": "0.19474", "sigma_imp": "2.987", "ps": "-9.56"}, {"energy": "2.202e-01", "width": "2.6537e+01", "ip": "3.000e-10", "ts": "0", "stretch": "5.9683e+05", "date": "2029-10-28.06", "dist": "80.653", "sigma_lov": "-0.27906", "sigma_imp": "3.002", "ps": "-9.62"}, {"energy": "2.749e-01", "width": "2.6764e+01", "ip": "1.565e-10", "ts": "0", "stretch": "7.8793e+05", "date": "2029-10-27.85", "dist": "82.683", "sigma_lov": "-0.70666", "sigma_imp": "3.052", "ps": "-9.83"}, {"energy": "3.394e-01", "width": "2.4805e+01", "ip": "2.056e-10", "ts": "0", "stretch": "1.2729e+06", "date": "2029-10-27.21", "dist": "67.866", "sigma_lov": "-1.09714", "sigma_imp": "2.696", "ps": "-9.64"}, {"energy": "4.155e-01", "width": "2.4162e+01", "ip": "5.612e-10", "ts": "0", "stretch": "1.3500e+06", "date": "2029-10-26.23", "dist": "51.042", "sigma_lov": "-1.46681", "sigma_imp": "2.071", "ps": "-9.13"}, {"energy": "1.548e-01", "width": "2.7011e+01", "ip": "4.186e-10", "ts": "0", "stretch": "2.7509e+05", "date": "2028-10-28.42", "dist": "85.119", "sigma_lov": "0.48184", "sigma_imp": "3.114", "ps": "-9.57"}, {"energy": "1.975e-01", "width": "2.5613e+01", "ip": "2.905e-10", "ts": "0", "stretch": "4.6120e+05", "date": "2028-10-27.87", "dist": "80.849", "sigma_lov": "-0.05081", "sigma_imp": "3.118", "ps": "-9.64"}, {"energy": "2.502e-01", "width": "2.6209e+01", "ip": "4.741e-10", "ts": "0", "stretch": "5.4742e+05", "date": "2028-10-27.49", "dist": "75.569", "sigma_lov": "-0.53200", "sigma_imp": "2.845", "ps": "-9.35"}, {"energy": "3.132e-01", "width": "2.5174e+01", "ip": "3.199e-10", "ts": "0", "stretch": "1.1940e+06", "date": "2028-10-26.81", "dist": "66.474", "sigma_lov": "-0.96497", "sigma_imp": "2.601", "ps": "-9.44"}, {"energy": "1.008e-01", "width": "2.9256e+01", "ip": "1.439e-10", "ts": "0", "stretch": "1.5132e+05", "date": "2027-10-30.27", "dist": "96.478", "sigma_lov": "1.56798", "sigma_imp": "3.264", "ps": "-10.1"}, {"energy": "1.328e-01", "width": "2.7236e+01", "ip": "2.810e-10", "ts": "0", "stretch": "2.5370e+05", "date": "2027-10-29.52", "dist": "87.801", "sigma_lov": "0.84457", "sigma_imp": "3.187", "ps": "-9.75"}, {"energy": "1.737e-01", "width": "2.6855e+01", "ip": "2.423e-10", "ts": "0", "stretch": "4.4593e+05", "date": "2027-10-28.96", "dist": "85.984", "sigma_lov": "0.22367", "sigma_imp": "3.165", "ps": "-9.72"}, {"energy": "2.252e-01", "width": "2.6905e+01", "ip": "4.375e-10", "ts": "0", "stretch": "3.9790e+05", "date": "2027-10-28.56", "dist": "81.788", "sigma_lov": "-0.32088", "sigma_imp": "3.003", "ps": "-9.38"}, {"energy": "2.902e-01", "width": "2.8447e+01", "ip": "1.683e-10", "ts": "0", "stretch": "4.7433e+05", "date": "2027-10-28.44", "dist": "90.608", "sigma_lov": "-0.80374", "sigma_imp": "3.150", "ps": "-9.70"}, {"energy": "1.107e-01", "width": "2.8381e+01", "ip": "2.806e-10", "ts": "0", "stretch": "2.0295e+05", "date": "2026-10-29.53", "dist": "88.628", "sigma_lov": "1.31120", "sigma_imp": "3.088", "ps": "-9.77"}, {"energy": "1.491e-01", "width": "2.3679e+01", "ip": "1.615e-10", "ts": "0", "stretch": "1.1109e+06", "date": "2026-10-28.95", "dist": "71.881", "sigma_lov": "0.57005", "sigma_imp": "2.993", "ps": "-9.91"}, {"energy": "1.985e-01", "width": "2.5930e+01", "ip": "3.948e-10", "ts": "0", "stretch": "4.1851e+05", "date": "2026-10-28.50", "dist": "79.999", "sigma_lov": "-0.06030", "sigma_imp": "3.047", "ps": "-9.42"}, {"energy": "2.620e-01", "width": "2.6306e+01", "ip": "3.351e-10", "ts": "0", "stretch": "4.9210e+05", "date": "2026-10-28.20", "dist": "79.454", "sigma_lov": "-0.61188", "sigma_imp": "2.982", "ps": "-9.40"}, {"energy": "3.433e-01", "width": "2.6160e+01", "ip": "2.035e-10", "ts": "0", "stretch": "7.1960e+05", "date": "2026-10-27.83", "dist": "76.357", "sigma_lov": "-1.10654", "sigma_imp": "2.881", "ps": "-9.52"}, {"energy": "1.240e-01", "width": "2.7542e+01", "ip": "1.031e-09", "ts": "0", "stretch": "4.0146e+04", "date": "2025-10-29.18", "dist": "91.894", "sigma_lov": "1.01932", "sigma_imp": "3.300", "ps": "-9.12"}, {"energy": "1.707e-01", "width": "2.6072e+01", "ip": "4.771e-10", "ts": "0", "stretch": "3.2984e+05", "date": "2025-10-28.46", "dist": "80.523", "sigma_lov": "0.26493", "sigma_imp": "3.050", "ps": "-9.34"}, {"energy": "2.315e-01", "width": "2.5948e+01", "ip": "5.298e-10", "ts": "0", "stretch": "4.4689e+05", "date": "2025-10-27.97", "dist": "76.364", "sigma_lov": "-0.37447", "sigma_imp": "2.904", "ps": "-9.19"}, {"energy": "3.109e-01", "width": "2.5774e+01", "ip": "4.314e-10", "ts": "0", "stretch": "6.7924e+05", "date": "2025-10-27.47", "dist": "70.635", "sigma_lov": "-0.93624", "sigma_imp": "2.702", "ps": "-9.18"}, {"energy": "4.166e-01", "width": "2.5669e+01", "ip": "2.633e-10", "ts": "0", "stretch": "1.0066e+06", "date": "2025-10-27.10", "dist": "65.491", "sigma_lov": "-1.44375", "sigma_imp": "2.512", "ps": "-9.29"}, {"energy": "9.879e-02", "width": "3.4331e+01", "ip": "6.641e-10", "ts": "0", "stretch": "4.1173e+06", "date": "2024-10-29.32", "dist": "28.219", "sigma_lov": "1.63370", "sigma_imp": "0.793", "ps": "-9.34"}, {"energy": "1.415e-01", "width": "2.6653e+01", "ip": "6.071e-10", "ts": "0", "stretch": "2.0260e+05", "date": "2024-10-28.47", "dist": "82.508", "sigma_lov": "0.68907", "sigma_imp": "3.058", "ps": "-9.25"}, {"energy": "1.991e-01", "width": "2.5759e+01", "ip": "7.236e-10", "ts": "0", "stretch": "3.5222e+05", "date": "2024-10-27.84", "dist": "75.818", "sigma_lov": "-0.07250", "sigma_imp": "2.904", "ps": "-9.06"}, {"energy": "2.766e-01", "width": "2.5740e+01", "ip": "6.060e-10", "ts": "0", "stretch": "5.3857e+05", "date": "2024-10-27.35", "dist": "71.192", "sigma_lov": "-0.72422", "sigma_imp": "2.727", "ps": "-9.02"}, {"energy": "3.813e-01", "width": "2.5555e+01", "ip": "4.032e-10", "ts": "0", "stretch": "8.1657e+05", "date": "2024-10-26.87", "dist": "65.065", "sigma_lov": "-1.29899", "sigma_imp": "2.507", "ps": "-9.08"}, {"energy": "1.121e-01", "width": "2.7176e+01", "ip": "2.723e-10", "ts": "0", "stretch": "1.6395e+05", "date": "2023-10-29.78", "dist": "87.687", "sigma_lov": "1.27825", "sigma_imp": "3.190", "ps": "-9.62"}, {"energy": "1.658e-01", "width": "2.6036e+01", "ip": "6.683e-10", "ts": "0", "stretch": "2.6134e+05", "date": "2023-10-28.94", "dist": "79.386", "sigma_lov": "0.32593", "sigma_imp": "3.011", "ps": "-9.09"}, {"energy": "2.405e-01", "width": "2.5925e+01", "ip": "6.969e-10", "ts": "0", "stretch": "3.9961e+05", "date": "2023-10-28.35", "dist": "74.565", "sigma_lov": "-0.45327", "sigma_imp": "2.838", "ps": "-8.95"}, {"energy": "3.439e-01", "width": "2.5766e+01", "ip": "5.071e-10", "ts": "0", "stretch": "6.3069e+05", "date": "2023-10-27.78", "dist": "67.980", "sigma_lov": "-1.11843", "sigma_imp": "2.600", "ps": "-8.96"}, {"energy": "4.947e-01", "width": "2.6884e+01", "ip": "1.245e-10", "ts": "0", "stretch": "1.0744e+06", "date": "2023-10-27.68", "dist": "70.751", "sigma_lov": "-1.71556", "sigma_imp": "2.595", "ps": "-9.44"}, {"energy": "1.310e-01", "width": "2.6644e+01", "ip": "4.596e-10", "ts": "0", "stretch": "1.7661e+05", "date": "2022-10-29.20", "dist": "84.731", "sigma_lov": "0.88109", "sigma_imp": "3.143", "ps": "-9.27"}, {"energy": "2.013e-01", "width": "2.5938e+01", "ip": "7.796e-10", "ts": "0", "stretch": "2.9029e+05", "date": "2022-10-28.39", "dist": "77.311", "sigma_lov": "-0.09051", "sigma_imp": "2.942", "ps": "-8.89"}, {"energy": "3.025e-01", "width": "2.6029e+01", "ip": "5.984e-10", "ts": "0", "stretch": "4.6289e+05", "date": "2022-10-27.80", "dist": "72.207", "sigma_lov": "-0.88548", "sigma_imp": "2.736", "ps": "-8.86"}, {"energy": "4.531e-01", "width": "2.6645e+01", "ip": "1.805e-10", "ts": "0", "stretch": "8.2576e+05", "date": "2022-10-27.50", "dist": "71.440", "sigma_lov": "-1.57509", "sigma_imp": "2.644", "ps": "-9.24"}, {"energy": "9.553e-02", "width": "2.8251e+01", "ip": "1.438e-10", "ts": "0", "stretch": "1.0512e+05", "date": "2021-10-29.86", "dist": "94.421", "sigma_lov": "1.72117", "sigma_imp": "3.307", "ps": "-9.79"}, {"energy": "1.587e-01", "width": "2.7237e+01", "ip": "1.327e-09", "ts": "0", "stretch": "1.2072e+05", "date": "2021-10-28.60", "dist": "83.094", "sigma_lov": "0.42340", "sigma_imp": "3.014", "ps": "-8.65"}, {"energy": "2.557e-01", "width": "2.6091e+01", "ip": "7.993e-10", "ts": "0", "stretch": "3.2510e+05", "date": "2021-10-27.81", "dist": "75.063", "sigma_lov": "-0.57142", "sigma_imp": "2.839", "ps": "-8.71"}, {"energy": "1.149e-01", "width": "2.7059e+01", "ip": "4.268e-10", "ts": "0", "stretch": "1.1400e+05", "date": "2020-10-28.99", "dist": "87.285", "sigma_lov": "1.21511", "sigma_imp": "3.189", "ps": "-9.15"}, {"energy": "4.046e-01", "width": "2.6320e+01", "ip": "3.670e-10", "ts": "0", "stretch": "5.4715e+05", "date": "2021-10-27.29", "dist": "70.429", "sigma_lov": "-1.39247", "sigma_imp": "2.638", "ps": "-8.88"}, {"energy": "2.043e-01", "width": "2.5886e+01", "ip": "1.045e-09", "ts": "0", "stretch": "2.2282e+05", "date": "2020-10-27.87", "dist": "76.900", "sigma_lov": "-0.12016", "sigma_imp": "2.932", "ps": "-8.56"}, {"energy": "3.496e-01", "width": "2.5886e+01", "ip": "6.088e-10", "ts": "0", "stretch": "4.3818e+05", "date": "2020-10-27.11", "dist": "69.752", "sigma_lov": "-1.14204", "sigma_imp": "2.656", "ps": "-8.61"}, {"energy": "1.474e-01", "width": "2.6323e+01", "ip": "1.266e-09", "ts": "0", "stretch": "1.1704e+05", "date": "2019-10-29.11", "dist": "80.504", "sigma_lov": "0.59728", "sigma_imp": "3.020", "ps": "-8.45"}, {"energy": "2.850e-01", "width": "2.5780e+01", "ip": "1.059e-09", "ts": "0", "stretch": "2.8451e+05", "date": "2019-10-28.10", "dist": "71.670", "sigma_lov": "-0.77610", "sigma_imp": "2.741", "ps": "-8.30"}, {"energy": "5.429e-01", "width": "2.7507e+01", "ip": "1.064e-10", "ts": "0", "stretch": "6.9785e+05", "date": "2019-10-27.90", "dist": "75.664", "sigma_lov": "-1.85293", "sigma_imp": "2.714", "ps": "-9.07"}, {"energy": "2.095e-01", "width": "2.5687e+01", "ip": "1.967e-09", "ts": "0", "stretch": "1.5758e+05", "date": "2018-10-28.24", "dist": "73.786", "sigma_lov": "-0.17701", "sigma_imp": "2.834", "ps": "-7.92"}, {"energy": "8.758e-02", "width": "3.2364e+01", "ip": "1.216e-10", "ts": "0", "stretch": "5.4064e+04", "date": "2018-10-30.53", "dist": "110.403", "sigma_lov": "1.97216", "sigma_imp": "3.380", "ps": "-9.43"}, {"energy": "4.633e-01", "width": "2.5937e+01", "ip": "4.801e-10", "ts": "0", "stretch": "4.4200e+05", "date": "2018-10-27.38", "dist": "65.690", "sigma_lov": "-1.61342", "sigma_imp": "2.494", "ps": "-8.25"}]}