{"summary": {"energy": "3.379e-01", "darc": "1.0117 days", "ip": "6.820143e-07", "h": "26.76", "nobs": "20", "mass": "4.68e+06", "v_inf": "21.82", "first_obs": "2014-Apr-26.05406", "method": "LOV", "pdate": "2017-04-06 18:01:34", "ndop": "0", "cdate": "2017-04-06 18:01:34", "ps_cum": "-6.74", "diameter": "0.0151249503126254", "ndel": "0", "v_imp": "24.51", "ps_max": "-7.69", "last_obs": "2014-Apr-27.06573", "fullname": "(2014 HJ198)", "n_imp": "124", "ts_max": "0", "nsat": "0", "des": "2014 HJ198"}, "signature": {"source": "NASA/JPL Sentry Data API", "version": "1.1"}, "data": [{"energy": "2.548e-01", "width": "1.2452e+01", "ip": "1.246e-09", "ts": "0", "stretch": "2.1188e+07", "date": "2113-04-22.35", "dist": "9.038", "sigma_lov": "-0.55851", "sigma_imp": "0.645", "ps": "-9.84"}, {"energy": "2.292e-01", "width": "1.8179e+01", "ip": "7.999e-10", "ts": "0", "stretch": "1.4619e+06", "date": "2113-04-22.39", "dist": "42.703", "sigma_lov": "-0.89552", "sigma_imp": "2.294", "ps": "-10.1"}, {"energy": "3.176e-01", "width": "1.3417e+01", "ip": "3.778e-09", "ts": "0", "stretch": "7.5298e+06", "date": "2112-10-21.19", "dist": "9.825", "sigma_lov": "0.05730", "sigma_imp": "0.658", "ps": "-9.28"}, {"energy": "2.724e-01", "width": "1.4789e+01", "ip": "2.470e-10", "ts": "0", "stretch": "6.7380e+07", "date": "2112-04-22.48", "dist": "16.714", "sigma_lov": "-0.37465", "sigma_imp": "1.063", "ps": "-10.5"}, {"energy": "2.568e-01", "width": "1.0968e+01", "ip": "1.929e-09", "ts": "0", "stretch": "6.5117e+06", "date": "2111-04-22.79", "dist": "16.603", "sigma_lov": "-0.53805", "sigma_imp": "1.423", "ps": "-9.64"}, {"energy": "3.054e-01", "width": "1.4482e+01", "ip": "6.932e-10", "ts": "0", "stretch": "3.3135e+06", "date": "2110-10-22.49", "dist": "33.734", "sigma_lov": "-0.00685", "sigma_imp": "2.260", "ps": "-10.0"}, {"energy": "3.054e-01", "width": "1.3627e+01", "ip": "4.338e-10", "ts": "0", "stretch": "2.8964e+06", "date": "2110-10-22.47", "dist": "35.421", "sigma_lov": "-0.00836", "sigma_imp": "2.526", "ps": "-10.2"}, {"energy": "3.539e-01", "width": "1.3389e+01", "ip": "2.474e-10", "ts": "0", "stretch": "1.2707e+08", "date": "2109-10-21.42", "dist": "6.071", "sigma_lov": "0.37077", "sigma_imp": "0.379", "ps": "-10.4"}, {"energy": "3.534e-01", "width": "1.3945e+01", "ip": "4.759e-08", "ts": "0", "stretch": "6.2623e+05", "date": "2109-10-21.50", "dist": "6.763", "sigma_lov": "0.36593", "sigma_imp": "0.413", "ps": "-8.13"}, {"energy": "2.796e-01", "width": "1.0115e+01", "ip": "3.702e-10", "ts": "0", "stretch": "1.5912e+06", "date": "2109-04-22.56", "dist": "29.994", "sigma_lov": "-0.29258", "sigma_imp": "2.866", "ps": "-10.3"}, {"energy": "2.795e-01", "width": "1.0656e+01", "ip": "4.279e-10", "ts": "0", "stretch": "1.5841e+06", "date": "2109-04-22.56", "dist": "30.895", "sigma_lov": "-0.29312", "sigma_imp": "2.805", "ps": "-10.3"}, {"energy": "2.817e-01", "width": "1.0095e+01", "ip": "4.052e-10", "ts": "0", "stretch": "1.6350e+07", "date": "2107-04-22.88", "dist": "20.089", "sigma_lov": "-0.26627", "sigma_imp": "1.891", "ps": "-10.3"}, {"energy": "2.885e-01", "width": "1.0116e+01", "ip": "6.011e-10", "ts": "0", "stretch": "9.1680e+06", "date": "2106-04-22.53", "dist": "21.122", "sigma_lov": "-0.18995", "sigma_imp": "1.989", "ps": "-10.1"}, {"energy": "2.458e-01", "width": "1.1130e+01", "ip": "2.587e-10", "ts": "0", "stretch": "1.9048e+07", "date": "2106-04-22.42", "dist": "22.252", "sigma_lov": "-0.65521", "sigma_imp": "1.909", "ps": "-10.5"}, {"energy": "2.529e-01", "width": "1.0484e+01", "ip": "1.967e-09", "ts": "0", "stretch": "9.6273e+06", "date": "2105-04-22.05", "dist": "12.786", "sigma_lov": "-0.60079", "sigma_imp": "1.124", "ps": "-9.61"}, {"energy": "2.529e-01", "width": "1.0649e+01", "ip": "6.063e-10", "ts": "0", "stretch": "3.1410e+07", "date": "2105-04-22.03", "dist": "12.803", "sigma_lov": "-0.60059", "sigma_imp": "1.108", "ps": "-10.1"}, {"energy": "2.446e-01", "width": "1.2223e+01", "ip": "2.267e-09", "ts": "0", "stretch": "3.3845e+06", "date": "2104-04-23.22", "dist": "20.383", "sigma_lov": "-0.75508", "sigma_imp": "1.586", "ps": "-9.55"}, {"energy": "2.613e-01", "width": "1.1454e+01", "ip": "3.758e-10", "ts": "0", "stretch": "2.4644e+06", "date": "2102-04-22.52", "dist": "31.321", "sigma_lov": "-0.49061", "sigma_imp": "2.647", "ps": "-10.3"}, {"energy": "3.897e-01", "width": "1.4831e+01", "ip": "2.388e-08", "ts": "0", "stretch": "3.6474e+05", "date": "2101-10-21.55", "dist": "22.527", "sigma_lov": "0.63386", "sigma_imp": "1.452", "ps": "-8.35"}, {"energy": "3.895e-01", "width": "1.3550e+01", "ip": "4.332e-08", "ts": "0", "stretch": "1.9566e+05", "date": "2101-10-21.55", "dist": "21.617", "sigma_lov": "0.63213", "sigma_imp": "1.522", "ps": "-8.10"}, {"energy": "3.894e-01", "width": "1.4498e+01", "ip": "1.725e-08", "ts": "0", "stretch": "5.8073e+05", "date": "2101-10-21.55", "dist": "20.893", "sigma_lov": "0.63087", "sigma_imp": "1.372", "ps": "-8.50"}, {"energy": "2.643e-01", "width": "1.1428e+01", "ip": "1.768e-09", "ts": "0", "stretch": "5.8767e+06", "date": "2100-04-22.26", "dist": "18.652", "sigma_lov": "-0.46322", "sigma_imp": "1.545", "ps": "-9.61"}, {"energy": "2.535e-01", "width": "1.1122e+01", "ip": "7.955e-10", "ts": "0", "stretch": "1.2742e+06", "date": "2100-04-21.91", "dist": "29.924", "sigma_lov": "-0.59833", "sigma_imp": "2.601", "ps": "-9.97"}, {"energy": "3.794e-01", "width": "1.5706e+01", "ip": "1.401e-08", "ts": "0", "stretch": "1.3044e+06", "date": "2099-10-20.94", "dist": "13.975", "sigma_lov": "0.56392", "sigma_imp": "0.826", "ps": "-8.58"}, {"energy": "3.546e-01", "width": "1.2103e+01", "ip": "1.370e-10", "ts": "0", "stretch": "1.2350e+07", "date": "2099-10-20.39", "dist": "30.320", "sigma_lov": "0.35257", "sigma_imp": "2.423", "ps": "-10.6"}, {"energy": "3.721e-01", "width": "1.3419e+01", "ip": "2.173e-09", "ts": "0", "stretch": "1.0791e+07", "date": "2099-10-19.94", "dist": "11.327", "sigma_lov": "0.46267", "sigma_imp": "0.770", "ps": "-9.40"}, {"energy": "3.721e-01", "width": "1.2140e+01", "ip": "8.592e-10", "ts": "0", "stretch": "2.4667e+07", "date": "2099-10-19.94", "dist": "12.819", "sigma_lov": "0.46290", "sigma_imp": "0.974", "ps": "-9.80"}, {"energy": "2.802e-01", "width": "1.0677e+01", "ip": "1.370e-08", "ts": "0", "stretch": "2.3084e+06", "date": "2099-04-21.50", "dist": "9.017", "sigma_lov": "-0.26611", "sigma_imp": "0.751", "ps": "-8.70"}, {"energy": "2.903e-01", "width": "1.0073e+01", "ip": "2.301e-09", "ts": "0", "stretch": "1.8740e+06", "date": "2098-04-21.81", "dist": "22.207", "sigma_lov": "-0.18830", "sigma_imp": "2.105", "ps": "-9.45"}, {"energy": "2.980e-01", "width": "1.0680e+01", "ip": "2.770e-08", "ts": "0", "stretch": "6.4094e+05", "date": "2097-04-21.38", "dist": "14.831", "sigma_lov": "-0.11341", "sigma_imp": "1.295", "ps": "-8.36"}, {"energy": "2.680e-01", "width": "1.1559e+01", "ip": "4.593e-09", "ts": "0", "stretch": "2.2657e+06", "date": "2096-04-20.93", "dist": "18.926", "sigma_lov": "-0.41433", "sigma_imp": "1.551", "ps": "-9.17"}, {"energy": "2.915e-01", "width": "1.0667e+01", "ip": "1.886e-10", "ts": "0", "stretch": "5.5150e+07", "date": "2096-04-20.84", "dist": "18.448", "sigma_lov": "-0.15697", "sigma_imp": "1.636", "ps": "-10.5"}, {"energy": "2.643e-01", "width": "1.1449e+01", "ip": "5.250e-10", "ts": "0", "stretch": "1.0798e+07", "date": "2095-04-21.90", "dist": "22.535", "sigma_lov": "-0.46376", "sigma_imp": "1.881", "ps": "-10.1"}, {"energy": "2.642e-01", "width": "1.1127e+01", "ip": "1.969e-09", "ts": "0", "stretch": "1.7185e+06", "date": "2095-04-21.89", "dist": "24.792", "sigma_lov": "-0.46502", "sigma_imp": "2.138", "ps": "-9.54"}, {"energy": "2.746e-01", "width": "1.1416e+01", "ip": "3.936e-09", "ts": "0", "stretch": "1.4210e+06", "date": "2092-04-21.00", "dist": "22.821", "sigma_lov": "-0.35472", "sigma_imp": "1.911", "ps": "-9.21"}, {"energy": "2.818e-01", "width": "1.1147e+01", "ip": "1.325e-09", "ts": "0", "stretch": "4.2010e+06", "date": "2091-04-21.69", "dist": "22.590", "sigma_lov": "-0.26998", "sigma_imp": "1.937", "ps": "-9.66"}, {"energy": "2.468e-01", "width": "8.8898e+00", "ip": "3.654e-10", "ts": "0", "stretch": "6.0841e+06", "date": "2091-04-22.16", "dist": "21.793", "sigma_lov": "-0.68419", "sigma_imp": "2.339", "ps": "-10.3"}, {"energy": "2.890e-01", "width": "1.1334e+01", "ip": "1.804e-09", "ts": "0", "stretch": "1.2061e+07", "date": "2090-04-21.39", "dist": "13.333", "sigma_lov": "-0.17585", "sigma_imp": "1.088", "ps": "-9.52"}, {"energy": "2.888e-01", "width": "1.1541e+01", "ip": "1.998e-09", "ts": "0", "stretch": "9.9723e+06", "date": "2090-04-21.37", "dist": "14.243", "sigma_lov": "-0.17776", "sigma_imp": "1.147", "ps": "-9.47"}, {"energy": "3.010e-01", "width": "1.1298e+01", "ip": "5.574e-09", "ts": "0", "stretch": "7.7220e+06", "date": "2090-04-21.00", "dist": "2.557", "sigma_lov": "-0.04927", "sigma_imp": "0.138", "ps": "-9.01"}, {"energy": "2.802e-01", "width": "1.1047e+01", "ip": "3.424e-09", "ts": "0", "stretch": "3.7805e+06", "date": "2088-04-21.09", "dist": "17.214", "sigma_lov": "-0.27980", "sigma_imp": "1.468", "ps": "-9.24"}, {"energy": "3.078e-01", "width": "1.0899e+01", "ip": "1.110e-07", "ts": "0", "stretch": "4.0754e+05", "date": "2088-04-20.88", "dist": "1.771", "sigma_lov": "-0.01329", "sigma_imp": "0.071", "ps": "-7.69"}, {"energy": "2.952e-01", "width": "1.2309e+01", "ip": "4.686e-09", "ts": "0", "stretch": "5.9170e+06", "date": "2088-04-21.05", "dist": "10.628", "sigma_lov": "-0.13358", "sigma_imp": "0.782", "ps": "-9.08"}, {"energy": "3.011e-01", "width": "1.9337e+01", "ip": "2.583e-09", "ts": "0", "stretch": "2.4933e+06", "date": "2087-10-24.45", "dist": "32.191", "sigma_lov": "0.09915", "sigma_imp": "1.613", "ps": "-9.33"}, {"energy": "3.007e-01", "width": "1.9094e+01", "ip": "1.504e-09", "ts": "0", "stretch": "3.8708e+06", "date": "2087-10-24.45", "dist": "33.067", "sigma_lov": "0.09583", "sigma_imp": "1.679", "ps": "-9.57"}, {"energy": "3.936e-01", "width": "1.3476e+01", "ip": "1.644e-09", "ts": "0", "stretch": "7.4310e+06", "date": "2087-10-20.42", "dist": "18.213", "sigma_lov": "0.62983", "sigma_imp": "1.277", "ps": "-9.43"}, {"energy": "4.116e-01", "width": "1.0993e+01", "ip": "3.398e-10", "ts": "0", "stretch": "3.2638e+06", "date": "2086-10-19.37", "dist": "28.907", "sigma_lov": "0.72585", "sigma_imp": "2.538", "ps": "-10.1"}, {"energy": "4.116e-01", "width": "1.1852e+01", "ip": "5.314e-10", "ts": "0", "stretch": "2.0195e+06", "date": "2086-10-19.39", "dist": "30.968", "sigma_lov": "0.72599", "sigma_imp": "2.529", "ps": "-9.90"}, {"energy": "2.920e-01", "width": "1.1101e+01", "ip": "4.723e-09", "ts": "0", "stretch": "1.6062e+06", "date": "2085-04-21.13", "dist": "20.893", "sigma_lov": "-0.15979", "sigma_imp": "1.792", "ps": "-9.06"}, {"energy": "3.013e-01", "width": "1.8896e+01", "ip": "9.052e-10", "ts": "0", "stretch": "1.4107e+07", "date": "2084-10-23.45", "dist": "22.740", "sigma_lov": "0.09639", "sigma_imp": "1.150", "ps": "-9.77"}, {"energy": "3.013e-01", "width": "1.8637e+01", "ip": "2.685e-10", "ts": "0", "stretch": "4.2443e+07", "date": "2084-10-23.47", "dist": "24.324", "sigma_lov": "0.09661", "sigma_imp": "1.251", "ps": "-10.3"}, {"energy": "2.726e-01", "width": "1.2254e+01", "ip": "3.455e-10", "ts": "0", "stretch": "4.1621e+06", "date": "2084-04-20.92", "dist": "31.402", "sigma_lov": "-0.36499", "sigma_imp": "2.481", "ps": "-10.2"}, {"energy": "2.725e-01", "width": "1.1381e+01", "ip": "1.358e-10", "ts": "0", "stretch": "5.6443e+06", "date": "2084-04-20.89", "dist": "32.144", "sigma_lov": "-0.36608", "sigma_imp": "2.736", "ps": "-10.6"}, {"energy": "2.816e-01", "width": "1.2055e+01", "ip": "4.361e-10", "ts": "0", "stretch": "1.4729e+07", "date": "2083-04-21.66", "dist": "23.073", "sigma_lov": "-0.26780", "sigma_imp": "1.831", "ps": "-10.1"}, {"energy": "2.815e-01", "width": "1.0878e+01", "ip": "8.535e-10", "ts": "0", "stretch": "3.2615e+06", "date": "2083-04-21.64", "dist": "25.617", "sigma_lov": "-0.26823", "sigma_imp": "2.263", "ps": "-9.81"}, {"energy": "2.898e-01", "width": "1.0174e+01", "ip": "6.555e-10", "ts": "0", "stretch": "4.2152e+06", "date": "2082-04-21.20", "dist": "24.376", "sigma_lov": "-0.16847", "sigma_imp": "2.298", "ps": "-9.90"}, {"energy": "2.896e-01", "width": "1.2513e+01", "ip": "1.485e-09", "ts": "0", "stretch": "3.1343e+06", "date": "2082-04-21.17", "dist": "25.874", "sigma_lov": "-0.17029", "sigma_imp": "1.988", "ps": "-9.55"}, {"energy": "3.557e-01", "width": "1.8861e+01", "ip": "9.485e-10", "ts": "0", "stretch": "3.4235e+06", "date": "2081-10-20.70", "dist": "37.926", "sigma_lov": "0.39813", "sigma_imp": "1.958", "ps": "-9.67"}, {"energy": "3.444e-01", "width": "1.0296e+01", "ip": "1.076e-10", "ts": "0", "stretch": "1.7782e+06", "date": "2081-04-22.74", "dist": "34.224", "sigma_lov": "0.22226", "sigma_imp": "3.227", "ps": "-10.6"}, {"energy": "2.716e-01", "width": "1.1264e+01", "ip": "1.826e-09", "ts": "0", "stretch": "2.3598e+06", "date": "2081-04-21.46", "dist": "23.959", "sigma_lov": "-0.38344", "sigma_imp": "2.038", "ps": "-9.47"}, {"energy": "3.929e-01", "width": "1.3564e+01", "ip": "3.851e-09", "ts": "0", "stretch": "2.2463e+06", "date": "2080-10-19.67", "dist": "21.471", "sigma_lov": "0.62930", "sigma_imp": "1.509", "ps": "-9.02"}, {"energy": "3.060e-01", "width": "1.2333e+01", "ip": "1.435e-09", "ts": "0", "stretch": "8.4725e+06", "date": "2079-04-21.74", "dist": "19.145", "sigma_lov": "-0.03347", "sigma_imp": "1.471", "ps": "-9.52"}, {"energy": "3.699e-01", "width": "1.4648e+01", "ip": "5.591e-09", "ts": "0", "stretch": "2.4540e+06", "date": "2078-10-21.61", "dist": "18.087", "sigma_lov": "0.54712", "sigma_imp": "1.166", "ps": "-8.86"}, {"energy": "2.981e-01", "width": "1.0999e+01", "ip": "1.186e-09", "ts": "0", "stretch": "2.0707e+06", "date": "2078-04-21.07", "dist": "26.578", "sigma_lov": "-0.08725", "sigma_imp": "2.326", "ps": "-9.61"}, {"energy": "4.103e-01", "width": "1.3361e+01", "ip": "9.479e-09", "ts": "0", "stretch": "1.2595e+06", "date": "2078-04-19.91", "dist": "17.011", "sigma_lov": "0.81598", "sigma_imp": "1.198", "ps": "-8.60"}, {"energy": "4.094e-01", "width": "1.3057e+01", "ip": "7.691e-09", "ts": "0", "stretch": "1.6863e+06", "date": "2078-04-19.80", "dist": "16.015", "sigma_lov": "0.81397", "sigma_imp": "1.150", "ps": "-8.69"}, {"energy": "3.030e-01", "width": "1.6731e+01", "ip": "3.324e-09", "ts": "0", "stretch": "8.0689e+06", "date": "2075-10-23.97", "dist": "7.653", "sigma_lov": "0.08015", "sigma_imp": "0.398", "ps": "-9.14"}, {"energy": "3.030e-01", "width": "1.9308e+01", "ip": "2.534e-09", "ts": "0", "stretch": "9.6089e+06", "date": "2075-10-23.95", "dist": "6.575", "sigma_lov": "0.08031", "sigma_imp": "0.289", "ps": "-9.26"}, {"energy": "3.581e-01", "width": "1.1120e+01", "ip": "8.298e-10", "ts": "0", "stretch": "6.1158e+06", "date": "2075-04-21.94", "dist": "22.848", "sigma_lov": "0.38520", "sigma_imp": "1.965", "ps": "-9.68"}, {"energy": "3.985e-01", "width": "1.1278e+01", "ip": "1.339e-10", "ts": "0", "stretch": "2.8727e+06", "date": "2074-10-20.32", "dist": "33.922", "sigma_lov": "0.68091", "sigma_imp": "2.919", "ps": "-10.4"}, {"energy": "2.930e-01", "width": "1.1116e+01", "ip": "1.598e-09", "ts": "0", "stretch": "3.8382e+06", "date": "2074-04-21.68", "dist": "22.133", "sigma_lov": "-0.16229", "sigma_imp": "1.901", "ps": "-9.46"}, {"energy": "5.477e-01", "width": "1.9197e+01", "ip": "4.272e-09", "ts": "0", "stretch": "1.5907e+06", "date": "2072-10-24.40", "dist": "3.751", "sigma_lov": "1.62838", "sigma_imp": "0.143", "ps": "-8.80"}, {"energy": "3.031e-01", "width": "1.4207e+01", "ip": "7.719e-09", "ts": "0", "stretch": "3.9964e+06", "date": "2072-10-22.86", "dist": "7.194", "sigma_lov": "0.07903", "sigma_imp": "0.436", "ps": "-8.75"}, {"energy": "3.034e-01", "width": "1.5307e+01", "ip": "8.413e-09", "ts": "0", "stretch": "3.4011e+06", "date": "2072-10-22.86", "dist": "7.769", "sigma_lov": "0.08097", "sigma_imp": "0.442", "ps": "-8.71"}, {"energy": "3.038e-01", "width": "1.6645e+01", "ip": "3.978e-10", "ts": "0", "stretch": "2.6178e+07", "date": "2072-10-22.64", "dist": "24.192", "sigma_lov": "0.08626", "sigma_imp": "1.393", "ps": "-10.0"}, {"energy": "3.428e-01", "width": "1.1741e+01", "ip": "1.571e-10", "ts": "0", "stretch": "5.0464e+06", "date": "2072-04-21.83", "dist": "33.058", "sigma_lov": "0.22784", "sigma_imp": "2.730", "ps": "-10.4"}, {"energy": "2.963e-01", "width": "1.0422e+01", "ip": "1.053e-09", "ts": "0", "stretch": "6.7410e+06", "date": "2072-04-20.80", "dist": "20.350", "sigma_lov": "-0.12288", "sigma_imp": "1.857", "ps": "-9.62"}, {"energy": "3.905e-01", "width": "1.1521e+01", "ip": "4.656e-10", "ts": "0", "stretch": "1.9017e+07", "date": "2069-10-19.72", "dist": "19.276", "sigma_lov": "0.61969", "sigma_imp": "1.586", "ps": "-9.86"}, {"energy": "3.894e-01", "width": "1.2646e+01", "ip": "1.114e-08", "ts": "0", "stretch": "1.0703e+06", "date": "2069-10-19.84", "dist": "17.977", "sigma_lov": "0.61532", "sigma_imp": "1.342", "ps": "-8.48"}, {"energy": "3.634e-01", "width": "1.1921e+01", "ip": "1.399e-10", "ts": "0", "stretch": "8.7780e+05", "date": "2069-04-21.76", "dist": "40.461", "sigma_lov": "0.40767", "sigma_imp": "3.310", "ps": "-10.4"}, {"energy": "2.775e-01", "width": "1.4713e+01", "ip": "2.680e-09", "ts": "0", "stretch": "4.3827e+05", "date": "2069-04-21.35", "dist": "37.879", "sigma_lov": "-0.32943", "sigma_imp": "2.507", "ps": "-9.21"}, {"energy": "3.532e-01", "width": "1.1860e+01", "ip": "6.077e-09", "ts": "0", "stretch": "2.1631e+06", "date": "2068-04-21.06", "dist": "17.620", "sigma_lov": "0.35493", "sigma_imp": "1.401", "ps": "-8.76"}, {"energy": "3.537e-01", "width": "1.0887e+01", "ip": "1.028e-09", "ts": "0", "stretch": "5.6233e+06", "date": "2068-04-21.14", "dist": "21.832", "sigma_lov": "0.36017", "sigma_imp": "1.913", "ps": "-9.53"}, {"energy": "3.506e-01", "width": "1.0841e+01", "ip": "1.196e-09", "ts": "0", "stretch": "2.6571e+06", "date": "2067-04-22.49", "dist": "24.890", "sigma_lov": "0.29728", "sigma_imp": "2.204", "ps": "-9.46"}, {"energy": "4.055e-01", "width": "1.3491e+01", "ip": "1.497e-09", "ts": "0", "stretch": "1.7930e+06", "date": "2066-04-20.02", "dist": "29.072", "sigma_lov": "0.78291", "sigma_imp": "2.081", "ps": "-9.31"}, {"energy": "3.091e-01", "width": "1.0671e+01", "ip": "3.490e-09", "ts": "0", "stretch": "1.2677e+07", "date": "2066-04-20.67", "dist": "3.565", "sigma_lov": "0.03264", "sigma_imp": "0.240", "ps": "-9.03"}, {"energy": "4.005e-01", "width": "1.3200e+01", "ip": "1.986e-09", "ts": "0", "stretch": "1.3243e+07", "date": "2065-10-21.58", "dist": "5.023", "sigma_lov": "0.76460", "sigma_imp": "0.305", "ps": "-9.18"}, {"energy": "3.073e-01", "width": "1.2634e+01", "ip": "1.071e-09", "ts": "0", "stretch": "5.5854e+06", "date": "2062-04-21.72", "dist": "24.572", "sigma_lov": "-0.03695", "sigma_imp": "1.866", "ps": "-9.51"}, {"energy": "3.073e-01", "width": "1.0160e+01", "ip": "1.033e-09", "ts": "0", "stretch": "1.4363e+06", "date": "2062-04-21.70", "dist": "26.913", "sigma_lov": "-0.03731", "sigma_imp": "2.550", "ps": "-9.53"}, {"energy": "3.714e-01", "width": "1.2101e+01", "ip": "9.189e-09", "ts": "0", "stretch": "2.1187e+06", "date": "2060-04-21.71", "dist": "13.790", "sigma_lov": "0.45524", "sigma_imp": "1.057", "ps": "-8.49"}, {"energy": "3.546e-01", "width": "1.2788e+01", "ip": "3.831e-09", "ts": "0", "stretch": "7.1304e+05", "date": "2059-04-21.12", "dist": "29.097", "sigma_lov": "0.38922", "sigma_imp": "2.197", "ps": "-8.88"}, {"energy": "3.490e-01", "width": "1.1545e+01", "ip": "1.602e-08", "ts": "0", "stretch": "1.5123e+06", "date": "2058-04-21.55", "dist": "11.884", "sigma_lov": "0.32070", "sigma_imp": "0.943", "ps": "-8.25"}, {"energy": "3.106e-01", "width": "1.0579e+01", "ip": "3.614e-08", "ts": "0", "stretch": "1.3062e+06", "date": "2057-04-21.19", "dist": "0.008", "sigma_lov": "0.01095", "sigma_imp": "0.000", "ps": "-7.93"}, {"energy": "3.592e-01", "width": "1.2586e+01", "ip": "1.119e-09", "ts": "0", "stretch": "1.0787e+06", "date": "2056-04-20.73", "dist": "32.902", "sigma_lov": "0.40346", "sigma_imp": "2.535", "ps": "-9.38"}, {"energy": "3.586e-01", "width": "1.2234e+01", "ip": "2.037e-10", "ts": "0", "stretch": "3.2000e+06", "date": "2056-04-20.63", "dist": "34.881", "sigma_lov": "0.39945", "sigma_imp": "2.769", "ps": "-10.1"}, {"energy": "3.553e-01", "width": "1.2755e+01", "ip": "5.592e-09", "ts": "0", "stretch": "1.2512e+06", "date": "2055-04-22.49", "dist": "23.308", "sigma_lov": "0.33342", "sigma_imp": "1.749", "ps": "-8.67"}, {"energy": "4.416e-01", "width": "1.2783e+01", "ip": "1.185e-08", "ts": "0", "stretch": "1.5323e+06", "date": "2052-04-23.07", "dist": "11.527", "sigma_lov": "0.84958", "sigma_imp": "0.824", "ps": "-8.23"}, {"energy": "3.738e-01", "width": "1.2153e+01", "ip": "1.962e-08", "ts": "0", "stretch": "1.8034e+06", "date": "2051-04-21.35", "dist": "2.205", "sigma_lov": "0.51697", "sigma_imp": "0.099", "ps": "-8.06"}, {"energy": "3.664e-01", "width": "1.3323e+01", "ip": "1.677e-09", "ts": "0", "stretch": "1.1947e+06", "date": "2050-04-21.59", "dist": "31.726", "sigma_lov": "0.44430", "sigma_imp": "2.306", "ps": "-9.12"}, {"energy": "4.366e-01", "width": "1.3404e+01", "ip": "3.474e-09", "ts": "0", "stretch": "1.2657e+06", "date": "2048-04-22.60", "dist": "25.385", "sigma_lov": "0.83315", "sigma_imp": "1.819", "ps": "-8.72"}, {"energy": "3.753e-01", "width": "1.2521e+01", "ip": "2.590e-10", "ts": "0", "stretch": "1.2086e+06", "date": "2048-04-20.13", "dist": "38.419", "sigma_lov": "0.54438", "sigma_imp": "2.988", "ps": "-9.90"}, {"energy": "3.693e-01", "width": "1.3430e+01", "ip": "8.539e-09", "ts": "0", "stretch": "1.6434e+06", "date": "2047-04-21.78", "dist": "17.687", "sigma_lov": "0.46714", "sigma_imp": "1.243", "ps": "-8.37"}, {"energy": "6.867e-01", "width": "1.4594e+01", "ip": "4.747e-10", "ts": "0", "stretch": "3.0399e+06", "date": "2044-04-21.17", "dist": "23.034", "sigma_lov": "1.96209", "sigma_imp": "1.510", "ps": "-9.36"}, {"energy": "5.320e-01", "width": "1.8611e+01", "ip": "3.531e-09", "ts": "0", "stretch": "1.8797e+06", "date": "2042-04-17.39", "dist": "11.411", "sigma_lov": "1.55654", "sigma_imp": "0.559", "ps": "-8.55"}, {"energy": "5.172e-01", "width": "1.2468e+01", "ip": "2.835e-10", "ts": "0", "stretch": "1.5249e+06", "date": "2038-10-20.70", "dist": "33.541", "sigma_lov": "1.35491", "sigma_imp": "2.610", "ps": "-9.59"}, {"energy": "4.468e-01", "width": "1.2809e+01", "ip": "4.780e-09", "ts": "0", "stretch": "1.0512e+06", "date": "2037-04-23.45", "dist": "23.451", "sigma_lov": "0.86761", "sigma_imp": "1.753", "ps": "-8.38"}, {"energy": "3.728e-01", "width": "1.3345e+01", "ip": "6.835e-10", "ts": "0", "stretch": "1.1738e+07", "date": "2037-04-22.03", "dist": "22.642", "sigma_lov": "0.45436", "sigma_imp": "1.622", "ps": "-9.29"}, {"energy": "6.508e-01", "width": "1.3433e+01", "ip": "2.265e-10", "ts": "0", "stretch": "7.5200e+05", "date": "2035-04-20.30", "dist": "36.197", "sigma_lov": "1.87760", "sigma_imp": "2.620", "ps": "-9.53"}, {"energy": "6.506e-01", "width": "1.3371e+01", "ip": "1.487e-10", "ts": "0", "stretch": "1.1836e+06", "date": "2035-04-20.29", "dist": "35.899", "sigma_lov": "1.87684", "sigma_imp": "2.610", "ps": "-9.71"}, {"energy": "4.379e-01", "width": "1.3185e+01", "ip": "5.625e-09", "ts": "0", "stretch": "9.2582e+05", "date": "2033-04-22.84", "dist": "23.823", "sigma_lov": "0.84283", "sigma_imp": "1.731", "ps": "-8.22"}, {"energy": "7.202e-01", "width": "1.5205e+01", "ip": "1.737e-10", "ts": "0", "stretch": "2.4287e+06", "date": "2032-04-18.31", "dist": "30.977", "sigma_lov": "2.13791", "sigma_imp": "1.971", "ps": "-9.53"}, {"energy": "7.151e-01", "width": "1.9704e+01", "ip": "1.185e-09", "ts": "0", "stretch": "1.7221e+06", "date": "2030-04-22.73", "dist": "18.858", "sigma_lov": "2.03224", "sigma_imp": "0.906", "ps": "-8.64"}, {"energy": "7.270e-01", "width": "1.4555e+01", "ip": "2.239e-09", "ts": "0", "stretch": "1.2598e+06", "date": "2023-04-19.60", "dist": "9.209", "sigma_lov": "2.14577", "sigma_imp": "0.564", "ps": "-8.02"}, {"energy": "7.118e-01", "width": "1.8842e+01", "ip": "2.499e-09", "ts": "0", "stretch": "9.9509e+05", "date": "2022-04-22.56", "dist": "14.917", "sigma_lov": "2.02813", "sigma_imp": "0.739", "ps": "-7.90"}, {"energy": "2.323e-01", "width": "1.0656e+01", "ip": "1.066e-10", "ts": "0", "stretch": "3.8409e+07", "date": "2116-04-22.40", "dist": "21.709", "sigma_lov": "-0.85736", "sigma_imp": "1.943", "ps": "-11.0"}, {"energy": "2.495e-01", "width": "1.0846e+01", "ip": "1.694e-08", "ts": "0", "stretch": "2.2164e+06", "date": "2116-04-22.55", "dist": "0.374", "sigma_lov": "-0.63863", "sigma_imp": "0.000", "ps": "-8.73"}, {"energy": "2.494e-01", "width": "1.0910e+01", "ip": "5.504e-09", "ts": "0", "stretch": "6.7808e+06", "date": "2116-04-22.53", "dist": "0.152", "sigma_lov": "-0.63940", "sigma_imp": "0.000", "ps": "-9.21"}, {"energy": "2.737e-01", "width": "1.1994e+01", "ip": "3.567e-10", "ts": "0", "stretch": "9.8024e+06", "date": "2115-04-23.29", "dist": "26.357", "sigma_lov": "-0.36730", "sigma_imp": "2.114", "ps": "-10.4"}, {"energy": "2.736e-01", "width": "1.0748e+01", "ip": "9.643e-09", "ts": "0", "stretch": "3.8087e+05", "date": "2115-04-23.27", "dist": "23.916", "sigma_lov": "-0.36793", "sigma_imp": "2.132", "ps": "-8.93"}, {"energy": "2.450e-01", "width": "9.9394e+00", "ip": "8.479e-09", "ts": "0", "stretch": "3.8532e+06", "date": "2115-04-23.18", "dist": "6.113", "sigma_lov": "-0.69555", "sigma_imp": "0.514", "ps": "-9.03"}, {"energy": "2.785e-01", "width": "1.0909e+01", "ip": "2.177e-09", "ts": "0", "stretch": "1.4795e+06", "date": "2114-04-22.77", "dist": "24.937", "sigma_lov": "-0.30614", "sigma_imp": "2.194", "ps": "-9.57"}, {"energy": "2.872e-01", "width": "1.0310e+01", "ip": "4.582e-09", "ts": "0", "stretch": "3.0222e+06", "date": "2114-04-22.38", "dist": "16.203", "sigma_lov": "-0.20110", "sigma_imp": "1.475", "ps": "-9.24"}, {"energy": "2.679e-01", "width": "1.1102e+01", "ip": "2.893e-08", "ts": "0", "stretch": "1.1475e+06", "date": "2114-04-22.49", "dist": "7.337", "sigma_lov": "-0.41490", "sigma_imp": "0.571", "ps": "-8.46"}, {"energy": "3.049e-01", "width": "1.4000e+01", "ip": "1.647e-09", "ts": "0", "stretch": "7.2881e+05", "date": "2113-10-22.37", "dist": "36.490", "sigma_lov": "-0.00333", "sigma_imp": "2.535", "ps": "-9.66"}]}