{"summary": {"energy": "2.560e+00", "darc": ".96308 days", "ip": "1.512793e-07", "h": "24.28", "nobs": "16", "mass": "1.43e+08", "v_inf": "5.11", "first_obs": "2014-Feb-10.36764", "method": "LOV", "pdate": "2017-04-20 23:36:41", "ndop": "0", "cdate": "2017-04-20 23:36:41", "ps_cum": "-6.07", "diameter": "0.0471867803460222", "ndel": "0", "v_imp": "12.26", "ps_max": "-6.25", "last_obs": "2014-Feb-11.33072", "fullname": "(2014 CH13)", "n_imp": "135", "ts_max": "0", "nsat": "0", "des": "2014 CH13"}, "signature": {"source": "NASA/JPL Sentry Data API", "version": "1.1"}, "data": [{"energy": "2.637e+00", "width": "1.5435e+01", "ip": "1.721e-08", "ts": "0", "stretch": "3.5157e+03", "date": "2019-07-07.19", "dist": "21.415", "sigma_lov": "-3.26371", "sigma_imp": "1.323", "ps": "-6.25"}, {"energy": "2.625e+00", "width": "1.5408e+01", "ip": "1.638e-09", "ts": "0", "stretch": "3.7359e+04", "date": "2024-07-06.19", "dist": "22.798", "sigma_lov": "-3.22007", "sigma_imp": "1.415", "ps": "-7.79"}, {"energy": "2.567e+00", "width": "1.4923e+01", "ip": "9.016e-09", "ts": "0", "stretch": "5.7514e+03", "date": "2024-07-05.85", "dist": "29.962", "sigma_lov": "-2.98702", "sigma_imp": "1.941", "ps": "-7.05"}, {"energy": "2.914e+00", "width": "1.4972e+01", "ip": "2.078e-10", "ts": "0", "stretch": "1.1747e+04", "date": "2028-07-08.07", "dist": "12.579", "sigma_lov": "-4.28469", "sigma_imp": "0.773", "ps": "-8.84"}, {"energy": "2.646e+00", "width": "1.5631e+01", "ip": "2.755e-10", "ts": "0", "stretch": "2.1586e+05", "date": "2033-07-06.62", "dist": "20.471", "sigma_lov": "-3.29715", "sigma_imp": "1.246", "ps": "-8.91"}, {"energy": "2.795e+00", "width": "1.4914e+01", "ip": "1.388e-09", "ts": "0", "stretch": "1.3552e+04", "date": "2033-07-07.67", "dist": "0.549", "sigma_lov": "-3.87076", "sigma_imp": "0.000", "ps": "-8.19"}, {"energy": "2.726e+00", "width": "1.5043e+01", "ip": "4.066e-09", "ts": "0", "stretch": "1.1186e+04", "date": "2038-07-07.72", "dist": "6.363", "sigma_lov": "-3.60841", "sigma_imp": "0.356", "ps": "-7.85"}, {"energy": "2.654e+00", "width": "1.5833e+01", "ip": "1.177e-09", "ts": "0", "stretch": "5.7917e+04", "date": "2038-07-07.12", "dist": "17.220", "sigma_lov": "-3.33232", "sigma_imp": "1.024", "ps": "-8.39"}, {"energy": "2.341e+00", "width": "1.4655e+01", "ip": "1.170e-10", "ts": "0", "stretch": "1.3115e+04", "date": "2040-07-04.49", "dist": "58.772", "sigma_lov": "-1.98960", "sigma_imp": "3.942", "ps": "-9.48"}, {"energy": "2.887e+00", "width": "1.4796e+01", "ip": "2.899e-10", "ts": "0", "stretch": "1.3756e+04", "date": "2042-07-08.37", "dist": "10.906", "sigma_lov": "-4.19076", "sigma_imp": "0.669", "ps": "-9.05"}, {"energy": "2.572e+00", "width": "1.5174e+01", "ip": "1.810e-10", "ts": "0", "stretch": "3.7093e+05", "date": "2043-07-06.64", "dist": "27.790", "sigma_lov": "-3.00817", "sigma_imp": "1.766", "ps": "-9.31"}, {"energy": "2.563e+00", "width": "1.5249e+01", "ip": "1.111e-10", "ts": "0", "stretch": "7.4467e+05", "date": "2045-07-06.07", "dist": "26.885", "sigma_lov": "-2.97766", "sigma_imp": "1.698", "ps": "-9.55"}, {"energy": "2.370e+00", "width": "1.4647e+01", "ip": "2.648e-10", "ts": "0", "stretch": "1.4074e+04", "date": "2045-07-05.01", "dist": "54.293", "sigma_lov": "-2.12716", "sigma_imp": "3.638", "ps": "-9.20"}, {"energy": "2.831e+00", "width": "1.5206e+01", "ip": "7.833e-10", "ts": "0", "stretch": "1.1547e+04", "date": "2047-07-08.75", "dist": "10.370", "sigma_lov": "-3.99329", "sigma_imp": "0.616", "ps": "-8.70"}, {"energy": "2.809e+00", "width": "1.5140e+01", "ip": "5.632e-10", "ts": "0", "stretch": "2.7086e+04", "date": "2047-07-08.42", "dist": "3.782", "sigma_lov": "-3.91293", "sigma_imp": "0.184", "ps": "-8.85"}, {"energy": "2.573e+00", "width": "1.5613e+01", "ip": "4.579e-10", "ts": "0", "stretch": "2.6667e+05", "date": "2048-07-06.13", "dist": "22.319", "sigma_lov": "-3.01737", "sigma_imp": "1.365", "ps": "-8.98"}, {"energy": "2.394e+00", "width": "1.4636e+01", "ip": "5.692e-10", "ts": "0", "stretch": "1.3587e+04", "date": "2050-07-05.49", "dist": "50.319", "sigma_lov": "-2.23241", "sigma_imp": "3.370", "ps": "-8.94"}, {"energy": "2.650e+00", "width": "1.5267e+01", "ip": "2.346e-10", "ts": "0", "stretch": "3.7748e+05", "date": "2052-07-06.43", "dist": "14.267", "sigma_lov": "-3.31098", "sigma_imp": "0.869", "ps": "-9.31"}, {"energy": "2.577e+00", "width": "1.4700e+01", "ip": "4.295e-10", "ts": "0", "stretch": "2.5702e+05", "date": "2053-07-06.17", "dist": "22.208", "sigma_lov": "-3.03129", "sigma_imp": "1.443", "ps": "-9.07"}, {"energy": "2.416e+00", "width": "1.4643e+01", "ip": "1.543e-09", "ts": "0", "stretch": "1.1643e+04", "date": "2055-07-06.01", "dist": "45.655", "sigma_lov": "-2.32252", "sigma_imp": "3.050", "ps": "-8.56"}, {"energy": "2.401e+00", "width": "1.4758e+01", "ip": "2.107e-10", "ts": "0", "stretch": "5.2088e+04", "date": "2055-07-05.72", "dist": "48.984", "sigma_lov": "-2.25158", "sigma_imp": "3.251", "ps": "-9.43"}, {"energy": "2.584e+00", "width": "1.4591e+01", "ip": "1.018e-09", "ts": "0", "stretch": "8.3860e+04", "date": "2058-07-06.34", "dist": "23.926", "sigma_lov": "-3.05164", "sigma_imp": "1.571", "ps": "-8.75"}, {"energy": "2.642e+00", "width": "1.6760e+01", "ip": "3.033e-10", "ts": "0", "stretch": "3.0623e+05", "date": "2060-07-06.47", "dist": "14.854", "sigma_lov": "-3.28150", "sigma_imp": "0.827", "ps": "-9.29"}, {"energy": "2.435e+00", "width": "1.4674e+01", "ip": "4.917e-09", "ts": "0", "stretch": "9.6576e+03", "date": "2060-07-05.60", "dist": "39.783", "sigma_lov": "-2.41127", "sigma_imp": "2.643", "ps": "-8.11"}, {"energy": "2.421e+00", "width": "1.4718e+01", "ip": "9.058e-10", "ts": "0", "stretch": "2.9368e+04", "date": "2060-07-05.32", "dist": "43.656", "sigma_lov": "-2.34957", "sigma_imp": "2.898", "ps": "-8.85"}, {"energy": "2.661e+00", "width": "1.6647e+01", "ip": "7.080e-09", "ts": "0", "stretch": "1.2059e+04", "date": "2062-07-07.32", "dist": "10.608", "sigma_lov": "-3.36601", "sigma_imp": "0.577", "ps": "-7.94"}, {"energy": "2.656e+00", "width": "1.6426e+01", "ip": "2.009e-09", "ts": "0", "stretch": "4.6687e+04", "date": "2062-07-07.33", "dist": "10.094", "sigma_lov": "-3.34614", "sigma_imp": "0.554", "ps": "-8.49"}, {"energy": "2.624e+00", "width": "1.6283e+01", "ip": "3.267e-10", "ts": "0", "stretch": "2.9156e+05", "date": "2063-07-06.95", "dist": "18.177", "sigma_lov": "-3.21172", "sigma_imp": "1.055", "ps": "-9.29"}, {"energy": "2.590e+00", "width": "1.5978e+01", "ip": "6.054e-09", "ts": "0", "stretch": "1.7892e+04", "date": "2063-07-06.82", "dist": "21.948", "sigma_lov": "-3.07490", "sigma_imp": "1.311", "ps": "-8.03"}, {"energy": "2.563e+00", "width": "1.5874e+01", "ip": "4.618e-10", "ts": "0", "stretch": "3.0238e+05", "date": "2065-07-06.10", "dist": "22.682", "sigma_lov": "-2.96729", "sigma_imp": "1.366", "ps": "-9.17"}, {"energy": "2.450e+00", "width": "1.4768e+01", "ip": "1.105e-08", "ts": "0", "stretch": "8.4144e+03", "date": "2065-07-06.04", "dist": "35.097", "sigma_lov": "-2.48173", "sigma_imp": "2.309", "ps": "-7.81"}, {"energy": "2.442e+00", "width": "1.4773e+01", "ip": "5.155e-09", "ts": "0", "stretch": "1.2928e+04", "date": "2065-07-05.88", "dist": "37.574", "sigma_lov": "-2.45014", "sigma_imp": "2.476", "ps": "-8.14"}, {"energy": "2.646e+00", "width": "1.5682e+01", "ip": "1.836e-10", "ts": "0", "stretch": "5.8505e+05", "date": "2066-07-07.01", "dist": "10.972", "sigma_lov": "-3.30247", "sigma_imp": "0.636", "ps": "-9.57"}, {"energy": "2.572e+00", "width": "1.5026e+01", "ip": "4.391e-10", "ts": "0", "stretch": "2.5742e+05", "date": "2067-07-06.67", "dist": "22.788", "sigma_lov": "-3.01326", "sigma_imp": "1.450", "ps": "-9.21"}, {"energy": "2.572e+00", "width": "1.5723e+01", "ip": "1.599e-10", "ts": "0", "stretch": "8.3083e+05", "date": "2067-07-06.81", "dist": "21.713", "sigma_lov": "-3.00964", "sigma_imp": "1.317", "ps": "-9.65"}, {"energy": "2.717e+00", "width": "1.4532e+01", "ip": "2.032e-10", "ts": "0", "stretch": "2.8095e+05", "date": "2067-07-07.85", "dist": "0.157", "sigma_lov": "-3.57952", "sigma_imp": "0.000", "ps": "-9.52"}, {"energy": "2.662e+00", "width": "1.6312e+01", "ip": "2.118e-10", "ts": "0", "stretch": "3.8782e+05", "date": "2067-07-07.34", "dist": "11.181", "sigma_lov": "-3.37411", "sigma_imp": "0.624", "ps": "-9.51"}, {"energy": "2.601e+00", "width": "1.5462e+01", "ip": "3.866e-09", "ts": "0", "stretch": "3.5421e+04", "date": "2068-07-06.18", "dist": "16.805", "sigma_lov": "-3.12356", "sigma_imp": "1.022", "ps": "-8.27"}, {"energy": "2.592e+00", "width": "1.5151e+01", "ip": "7.237e-10", "ts": "0", "stretch": "1.3629e+05", "date": "2068-07-05.87", "dist": "22.033", "sigma_lov": "-3.08563", "sigma_imp": "1.388", "ps": "-9.00"}, {"energy": "2.654e+00", "width": "1.5799e+01", "ip": "1.717e-10", "ts": "0", "stretch": "5.9113e+05", "date": "2071-07-07.41", "dist": "10.535", "sigma_lov": "-3.32405", "sigma_imp": "0.604", "ps": "-9.64"}, {"energy": "2.366e+00", "width": "1.5087e+01", "ip": "2.159e-10", "ts": "0", "stretch": "6.3017e+04", "date": "2071-07-05.57", "dist": "50.556", "sigma_lov": "-2.09344", "sigma_imp": "3.285", "ps": "-9.58"}, {"energy": "2.718e+00", "width": "1.4492e+01", "ip": "1.313e-10", "ts": "0", "stretch": "4.2188e+05", "date": "2072-07-07.07", "dist": "0.763", "sigma_lov": "-3.58848", "sigma_imp": "0.000", "ps": "-9.75"}, {"energy": "2.620e+00", "width": "1.5320e+01", "ip": "1.240e-09", "ts": "0", "stretch": "9.8398e+04", "date": "2073-07-06.45", "dist": "14.823", "sigma_lov": "-3.20179", "sigma_imp": "0.902", "ps": "-8.80"}, {"energy": "2.614e+00", "width": "1.5092e+01", "ip": "4.734e-09", "ts": "0", "stretch": "2.6450e+04", "date": "2073-07-06.44", "dist": "15.528", "sigma_lov": "-3.17918", "sigma_imp": "0.963", "ps": "-8.22"}, {"energy": "2.602e+00", "width": "1.5734e+01", "ip": "2.104e-09", "ts": "0", "stretch": "6.6665e+04", "date": "2073-07-06.37", "dist": "16.058", "sigma_lov": "-3.13267", "sigma_imp": "0.957", "ps": "-8.57"}, {"energy": "2.627e+00", "width": "1.5065e+01", "ip": "1.139e-10", "ts": "0", "stretch": "1.0559e+06", "date": "2075-07-06.95", "dist": "13.184", "sigma_lov": "-3.23785", "sigma_imp": "0.809", "ps": "-9.85"}, {"energy": "2.411e+00", "width": "1.4794e+01", "ip": "1.063e-10", "ts": "0", "stretch": "4.2959e+05", "date": "2076-07-05.36", "dist": "41.548", "sigma_lov": "-2.31071", "sigma_imp": "2.741", "ps": "-9.92"}, {"energy": "2.778e+00", "width": "1.4729e+01", "ip": "1.792e-10", "ts": "0", "stretch": "1.2247e+05", "date": "2076-07-07.58", "dist": "7.564", "sigma_lov": "-3.79960", "sigma_imp": "0.446", "ps": "-9.64"}, {"energy": "2.388e+00", "width": "1.5313e+01", "ip": "3.915e-10", "ts": "0", "stretch": "1.3135e+05", "date": "2076-07-05.21", "dist": "43.426", "sigma_lov": "-2.20823", "sigma_imp": "2.771", "ps": "-9.35"}, {"energy": "2.353e+00", "width": "1.5040e+01", "ip": "2.583e-10", "ts": "0", "stretch": "4.3946e+04", "date": "2076-07-04.70", "dist": "51.731", "sigma_lov": "-2.03704", "sigma_imp": "3.373", "ps": "-9.54"}, {"energy": "2.433e+00", "width": "1.4289e+01", "ip": "1.203e-10", "ts": "0", "stretch": "5.7985e+05", "date": "2076-07-05.61", "dist": "36.886", "sigma_lov": "-2.40501", "sigma_imp": "2.511", "ps": "-9.86"}, {"energy": "2.617e+00", "width": "1.5568e+01", "ip": "3.271e-09", "ts": "0", "stretch": "3.9845e+04", "date": "2078-07-06.61", "dist": "13.969", "sigma_lov": "-3.19655", "sigma_imp": "0.833", "ps": "-8.41"}, {"energy": "2.616e+00", "width": "1.4815e+01", "ip": "4.750e-09", "ts": "0", "stretch": "2.7908e+04", "date": "2078-07-06.61", "dist": "14.110", "sigma_lov": "-3.19089", "sigma_imp": "0.885", "ps": "-8.25"}, {"energy": "2.560e+00", "width": "1.4676e+01", "ip": "1.355e-10", "ts": "0", "stretch": "1.0694e+06", "date": "2080-07-05.60", "dist": "21.518", "sigma_lov": "-2.96306", "sigma_imp": "1.398", "ps": "-9.82"}, {"energy": "2.560e+00", "width": "1.5329e+01", "ip": "1.267e-09", "ts": "0", "stretch": "1.3502e+05", "date": "2080-07-05.71", "dist": "20.258", "sigma_lov": "-2.96021", "sigma_imp": "1.256", "ps": "-8.85"}, {"energy": "2.626e+00", "width": "1.5418e+01", "ip": "6.031e-10", "ts": "0", "stretch": "2.1308e+05", "date": "2080-07-06.14", "dist": "12.469", "sigma_lov": "-3.22752", "sigma_imp": "0.744", "ps": "-9.16"}, {"energy": "2.550e+00", "width": "1.5374e+01", "ip": "1.724e-09", "ts": "0", "stretch": "9.2345e+04", "date": "2080-07-05.46", "dist": "22.354", "sigma_lov": "-2.92139", "sigma_imp": "1.389", "ps": "-8.72"}, {"energy": "2.548e+00", "width": "1.3803e+01", "ip": "1.560e-09", "ts": "0", "stretch": "8.7469e+04", "date": "2080-07-05.43", "dist": "22.740", "sigma_lov": "-2.90847", "sigma_imp": "1.575", "ps": "-8.76"}, {"energy": "2.408e+00", "width": "1.5159e+01", "ip": "4.232e-10", "ts": "0", "stretch": "2.2530e+05", "date": "2081-07-05.72", "dist": "38.375", "sigma_lov": "-2.30103", "sigma_imp": "2.466", "ps": "-9.35"}, {"energy": "2.347e+00", "width": "1.5059e+01", "ip": "1.047e-10", "ts": "0", "stretch": "2.3518e+05", "date": "2081-07-04.95", "dist": "48.491", "sigma_lov": "-2.01428", "sigma_imp": "3.154", "ps": "-9.97"}, {"energy": "2.431e+00", "width": "1.4620e+01", "ip": "1.631e-10", "ts": "0", "stretch": "4.5247e+05", "date": "2081-07-05.83", "dist": "37.372", "sigma_lov": "-2.39879", "sigma_imp": "2.488", "ps": "-9.76"}, {"energy": "2.382e+00", "width": "1.5127e+01", "ip": "8.327e-10", "ts": "0", "stretch": "6.8358e+04", "date": "2081-07-05.39", "dist": "42.725", "sigma_lov": "-2.18236", "sigma_imp": "2.758", "ps": "-9.06"}, {"energy": "2.447e+00", "width": "1.4192e+01", "ip": "1.746e-10", "ts": "0", "stretch": "4.3590e+05", "date": "2081-07-05.81", "dist": "35.248", "sigma_lov": "-2.47350", "sigma_imp": "2.413", "ps": "-9.73"}, {"energy": "2.451e+00", "width": "1.5292e+01", "ip": "1.316e-10", "ts": "0", "stretch": "1.1749e+06", "date": "2084-07-05.79", "dist": "32.552", "sigma_lov": "-2.48739", "sigma_imp": "2.063", "ps": "-9.87"}, {"energy": "2.561e+00", "width": "1.4831e+01", "ip": "6.554e-10", "ts": "0", "stretch": "2.8589e+05", "date": "2085-07-05.90", "dist": "19.033", "sigma_lov": "-2.95754", "sigma_imp": "1.216", "ps": "-9.17"}, {"energy": "2.555e+00", "width": "1.4995e+01", "ip": "2.750e-09", "ts": "0", "stretch": "5.6655e+04", "date": "2085-07-05.71", "dist": "22.010", "sigma_lov": "-2.93032", "sigma_imp": "1.401", "ps": "-8.55"}, {"energy": "2.554e+00", "width": "1.5122e+01", "ip": "6.599e-10", "ts": "0", "stretch": "2.3153e+05", "date": "2085-07-05.63", "dist": "22.480", "sigma_lov": "-2.92466", "sigma_imp": "1.420", "ps": "-9.17"}, {"energy": "2.547e+00", "width": "1.4439e+01", "ip": "3.453e-09", "ts": "0", "stretch": "4.2738e+04", "date": "2085-07-05.65", "dist": "22.943", "sigma_lov": "-2.89845", "sigma_imp": "1.520", "ps": "-8.45"}, {"energy": "2.646e+00", "width": "1.6048e+01", "ip": "1.237e-10", "ts": "0", "stretch": "9.1902e+05", "date": "2085-07-06.87", "dist": "9.116", "sigma_lov": "-3.30354", "sigma_imp": "0.506", "ps": "-9.88"}, {"energy": "2.405e+00", "width": "1.4599e+01", "ip": "4.603e-10", "ts": "0", "stretch": "1.8376e+05", "date": "2086-07-05.81", "dist": "37.996", "sigma_lov": "-2.29027", "sigma_imp": "2.534", "ps": "-9.35"}, {"energy": "2.427e+00", "width": "1.5132e+01", "ip": "6.514e-10", "ts": "0", "stretch": "2.1895e+05", "date": "2086-07-06.16", "dist": "34.481", "sigma_lov": "-2.38916", "sigma_imp": "2.213", "ps": "-9.20"}, {"energy": "2.378e+00", "width": "1.4651e+01", "ip": "2.992e-10", "ts": "0", "stretch": "1.4913e+05", "date": "2086-07-05.48", "dist": "42.992", "sigma_lov": "-2.16370", "sigma_imp": "2.866", "ps": "-9.54"}, {"energy": "2.420e+00", "width": "1.5250e+01", "ip": "1.606e-10", "ts": "0", "stretch": "7.4138e+05", "date": "2086-07-05.99", "dist": "36.406", "sigma_lov": "-2.35531", "sigma_imp": "2.322", "ps": "-9.80"}, {"energy": "2.440e+00", "width": "1.5494e+01", "ip": "1.041e-10", "ts": "0", "stretch": "1.7282e+06", "date": "2089-07-06.01", "dist": "32.543", "sigma_lov": "-2.44457", "sigma_imp": "2.036", "ps": "-10.0"}, {"energy": "2.370e+00", "width": "1.5780e+01", "ip": "1.149e-10", "ts": "0", "stretch": "3.0443e+05", "date": "2089-07-04.94", "dist": "47.566", "sigma_lov": "-2.13178", "sigma_imp": "2.951", "ps": "-9.98"}, {"energy": "2.546e+00", "width": "1.4716e+01", "ip": "1.394e-09", "ts": "0", "stretch": "1.2556e+05", "date": "2090-07-05.86", "dist": "21.785", "sigma_lov": "-2.89052", "sigma_imp": "1.412", "ps": "-8.87"}, {"energy": "2.545e+00", "width": "1.4569e+01", "ip": "1.800e-09", "ts": "0", "stretch": "1.0384e+05", "date": "2090-07-05.88", "dist": "21.099", "sigma_lov": "-2.88738", "sigma_imp": "1.380", "ps": "-8.76"}, {"energy": "2.559e+00", "width": "1.4945e+01", "ip": "5.035e-09", "ts": "0", "stretch": "3.8355e+04", "date": "2090-07-06.03", "dist": "19.219", "sigma_lov": "-2.94355", "sigma_imp": "1.219", "ps": "-8.31"}, {"energy": "2.558e+00", "width": "1.5156e+01", "ip": "2.341e-09", "ts": "0", "stretch": "7.5833e+04", "date": "2090-07-05.97", "dist": "20.471", "sigma_lov": "-2.93843", "sigma_imp": "1.285", "ps": "-8.65"}, {"energy": "2.346e+00", "width": "1.4514e+01", "ip": "1.522e-10", "ts": "0", "stretch": "9.1422e+04", "date": "2091-07-05.19", "dist": "49.470", "sigma_lov": "-2.00681", "sigma_imp": "3.339", "ps": "-9.87"}, {"energy": "2.346e+00", "width": "1.4818e+01", "ip": "1.801e-10", "ts": "0", "stretch": "9.1972e+04", "date": "2091-07-05.18", "dist": "49.662", "sigma_lov": "-2.00532", "sigma_imp": "3.284", "ps": "-9.80"}, {"energy": "2.426e+00", "width": "1.4512e+01", "ip": "7.119e-10", "ts": "0", "stretch": "1.9150e+05", "date": "2091-07-06.26", "dist": "33.779", "sigma_lov": "-2.37849", "sigma_imp": "2.259", "ps": "-9.19"}, {"energy": "2.404e+00", "width": "1.4341e+01", "ip": "4.672e-10", "ts": "0", "stretch": "1.3715e+05", "date": "2091-07-05.92", "dist": "39.057", "sigma_lov": "-2.27895", "sigma_imp": "2.654", "ps": "-9.37"}, {"energy": "2.378e+00", "width": "1.4451e+01", "ip": "1.771e-10", "ts": "0", "stretch": "1.8891e+05", "date": "2091-07-05.58", "dist": "43.949", "sigma_lov": "-2.15589", "sigma_imp": "2.972", "ps": "-9.80"}, {"energy": "2.422e+00", "width": "1.4567e+01", "ip": "2.386e-10", "ts": "0", "stretch": "4.8794e+05", "date": "2091-07-06.14", "dist": "35.142", "sigma_lov": "-2.35881", "sigma_imp": "2.344", "ps": "-9.66"}, {"energy": "2.671e+00", "width": "1.6114e+01", "ip": "8.576e-10", "ts": "0", "stretch": "1.0658e+05", "date": "2091-07-07.50", "dist": "3.970", "sigma_lov": "-3.40647", "sigma_imp": "0.184", "ps": "-9.07"}, {"energy": "2.366e+00", "width": "1.4652e+01", "ip": "1.119e-10", "ts": "0", "stretch": "1.8315e+05", "date": "2092-07-04.68", "dist": "47.256", "sigma_lov": "-2.10905", "sigma_imp": "3.157", "ps": "-10.0"}, {"energy": "2.364e+00", "width": "1.5016e+01", "ip": "1.621e-10", "ts": "0", "stretch": "1.3926e+05", "date": "2092-07-04.83", "dist": "47.933", "sigma_lov": "-2.10171", "sigma_imp": "3.126", "ps": "-9.84"}, {"energy": "2.599e+00", "width": "1.5867e+01", "ip": "1.240e-10", "ts": "0", "stretch": "1.6579e+06", "date": "2092-07-06.39", "dist": "9.400", "sigma_lov": "-3.11812", "sigma_imp": "0.529", "ps": "-9.93"}, {"energy": "2.393e+00", "width": "1.5571e+01", "ip": "1.263e-10", "ts": "0", "stretch": "5.4623e+05", "date": "2094-07-05.50", "dist": "42.022", "sigma_lov": "-2.23916", "sigma_imp": "2.635", "ps": "-9.96"}, {"energy": "2.776e+00", "width": "1.4766e+01", "ip": "3.094e-10", "ts": "0", "stretch": "7.4220e+04", "date": "2095-07-08.23", "dist": "7.266", "sigma_lov": "-3.78976", "sigma_imp": "0.424", "ps": "-9.53"}, {"energy": "2.788e+00", "width": "1.5231e+01", "ip": "1.837e-10", "ts": "0", "stretch": "9.6677e+04", "date": "2095-07-08.35", "dist": "9.399", "sigma_lov": "-3.83100", "sigma_imp": "0.551", "ps": "-9.75"}, {"energy": "2.668e+00", "width": "1.5695e+01", "ip": "3.080e-10", "ts": "0", "stretch": "3.0765e+05", "date": "2096-07-06.63", "dist": "6.340", "sigma_lov": "-3.38856", "sigma_imp": "0.340", "ps": "-9.55"}, {"energy": "2.388e+00", "width": "1.4616e+01", "ip": "1.636e-10", "ts": "0", "stretch": "2.8704e+05", "date": "2097-07-05.26", "dist": "42.055", "sigma_lov": "-2.21734", "sigma_imp": "2.809", "ps": "-9.87"}, {"energy": "2.388e+00", "width": "1.5208e+01", "ip": "1.887e-10", "ts": "0", "stretch": "3.5428e+05", "date": "2097-07-05.44", "dist": "41.691", "sigma_lov": "-2.21196", "sigma_imp": "2.676", "ps": "-9.80"}, {"energy": "2.610e+00", "width": "1.5762e+01", "ip": "3.578e-10", "ts": "0", "stretch": "4.9646e+05", "date": "2097-07-06.64", "dist": "9.185", "sigma_lov": "-3.16850", "sigma_imp": "0.519", "ps": "-9.49"}, {"energy": "2.584e+00", "width": "1.4731e+01", "ip": "3.420e-10", "ts": "0", "stretch": "5.9202e+05", "date": "2097-07-06.38", "dist": "13.830", "sigma_lov": "-3.06114", "sigma_imp": "0.871", "ps": "-9.52"}, {"energy": "2.451e+00", "width": "1.4630e+01", "ip": "1.197e-10", "ts": "0", "stretch": "2.3659e+06", "date": "2099-07-06.49", "dist": "26.911", "sigma_lov": "-2.49232", "sigma_imp": "1.771", "ps": "-10.0"}, {"energy": "2.435e+00", "width": "1.4499e+01", "ip": "1.109e-10", "ts": "0", "stretch": "1.2810e+06", "date": "2099-07-06.24", "dist": "32.828", "sigma_lov": "-2.42218", "sigma_imp": "2.195", "ps": "-10.0"}, {"energy": "2.457e+00", "width": "1.4924e+01", "ip": "3.227e-10", "ts": "0", "stretch": "1.1636e+06", "date": "2099-07-06.65", "dist": "24.254", "sigma_lov": "-2.51969", "sigma_imp": "1.558", "ps": "-9.57"}, {"energy": "2.415e+00", "width": "1.5651e+01", "ip": "2.515e-10", "ts": "0", "stretch": "5.1845e+05", "date": "2099-07-06.06", "dist": "36.958", "sigma_lov": "-2.33163", "sigma_imp": "2.297", "ps": "-9.69"}, {"energy": "2.668e+00", "width": "1.6493e+01", "ip": "3.870e-10", "ts": "0", "stretch": "2.3744e+05", "date": "2101-07-07.96", "dist": "6.516", "sigma_lov": "-3.38395", "sigma_imp": "0.334", "ps": "-9.47"}, {"energy": "2.445e+00", "width": "1.3954e+01", "ip": "1.903e-10", "ts": "0", "stretch": "8.0013e+05", "date": "2102-07-06.99", "dist": "30.697", "sigma_lov": "-2.46849", "sigma_imp": "2.128", "ps": "-9.82"}, {"energy": "2.355e+00", "width": "1.5058e+01", "ip": "3.217e-10", "ts": "0", "stretch": "7.9453e+04", "date": "2102-07-06.30", "dist": "47.939", "sigma_lov": "-2.05348", "sigma_imp": "3.117", "ps": "-9.60"}, {"energy": "2.409e+00", "width": "1.5279e+01", "ip": "1.384e-10", "ts": "0", "stretch": "9.1099e+05", "date": "2102-07-06.94", "dist": "36.874", "sigma_lov": "-2.30298", "sigma_imp": "2.348", "ps": "-9.96"}, {"energy": "2.597e+00", "width": "1.4658e+01", "ip": "5.139e-10", "ts": "0", "stretch": "3.5785e+05", "date": "2102-07-07.58", "dist": "12.900", "sigma_lov": "-3.11128", "sigma_imp": "0.812", "ps": "-9.37"}, {"energy": "2.443e+00", "width": "1.5156e+01", "ip": "2.027e-10", "ts": "0", "stretch": "9.1884e+05", "date": "2102-07-06.94", "dist": "31.501", "sigma_lov": "-2.45818", "sigma_imp": "2.013", "ps": "-9.79"}, {"energy": "2.434e+00", "width": "1.5061e+01", "ip": "1.022e-10", "ts": "0", "stretch": "1.5297e+06", "date": "2103-07-07.23", "dist": "33.295", "sigma_lov": "-2.41634", "sigma_imp": "2.144", "ps": "-10.1"}, {"energy": "2.453e+00", "width": "1.4632e+01", "ip": "1.915e-10", "ts": "0", "stretch": "1.3233e+06", "date": "2104-07-06.73", "dist": "27.760", "sigma_lov": "-2.49345", "sigma_imp": "1.829", "ps": "-9.82"}, {"energy": "2.462e+00", "width": "1.4650e+01", "ip": "2.827e-10", "ts": "0", "stretch": "1.2502e+06", "date": "2104-07-06.82", "dist": "24.204", "sigma_lov": "-2.53348", "sigma_imp": "1.584", "ps": "-9.65"}, {"energy": "2.441e+00", "width": "1.4534e+01", "ip": "1.158e-10", "ts": "0", "stretch": "1.3999e+06", "date": "2104-07-06.52", "dist": "31.729", "sigma_lov": "-2.44123", "sigma_imp": "2.114", "ps": "-10.0"}, {"energy": "2.597e+00", "width": "1.6160e+01", "ip": "1.886e-09", "ts": "0", "stretch": "1.0324e+05", "date": "2107-07-08.01", "dist": "11.330", "sigma_lov": "-3.10691", "sigma_imp": "0.639", "ps": "-8.83"}, {"energy": "2.363e+00", "width": "1.4921e+01", "ip": "1.333e-10", "ts": "0", "stretch": "2.4093e+05", "date": "2107-07-06.54", "dist": "46.162", "sigma_lov": "-2.08390", "sigma_imp": "3.027", "ps": "-10.0"}, {"energy": "2.386e+00", "width": "1.5283e+01", "ip": "8.674e-10", "ts": "0", "stretch": "1.2484e+05", "date": "2107-07-06.97", "dist": "39.319", "sigma_lov": "-2.19381", "sigma_imp": "2.507", "ps": "-9.19"}, {"energy": "2.430e+00", "width": "1.5208e+01", "ip": "2.971e-10", "ts": "0", "stretch": "6.0768e+05", "date": "2107-07-07.40", "dist": "32.966", "sigma_lov": "-2.39155", "sigma_imp": "2.102", "ps": "-9.65"}, {"energy": "2.459e+00", "width": "1.4659e+01", "ip": "3.580e-10", "ts": "0", "stretch": "8.4083e+05", "date": "2109-07-07.03", "dist": "25.981", "sigma_lov": "-2.51539", "sigma_imp": "1.704", "ps": "-9.58"}, {"energy": "2.464e+00", "width": "1.4677e+01", "ip": "4.527e-10", "ts": "0", "stretch": "7.6184e+05", "date": "2109-07-07.10", "dist": "24.407", "sigma_lov": "-2.53541", "sigma_imp": "1.595", "ps": "-9.47"}, {"energy": "2.454e+00", "width": "1.5590e+01", "ip": "4.656e-10", "ts": "0", "stretch": "9.1269e+05", "date": "2109-07-07.18", "dist": "24.323", "sigma_lov": "-2.49412", "sigma_imp": "1.496", "ps": "-9.46"}, {"energy": "2.700e+00", "width": "1.6278e+01", "ip": "4.244e-10", "ts": "0", "stretch": "1.4394e+05", "date": "2110-07-08.56", "dist": "1.228", "sigma_lov": "-3.52780", "sigma_imp": "0.014", "ps": "-9.47"}, {"energy": "2.697e+00", "width": "1.1932e+01", "ip": "6.863e-10", "ts": "0", "stretch": "1.3077e+05", "date": "2110-07-08.48", "dist": "0.292", "sigma_lov": "-3.50730", "sigma_imp": "0.000", "ps": "-9.27"}, {"energy": "2.575e+00", "width": "1.5046e+01", "ip": "3.117e-10", "ts": "0", "stretch": "7.1792e+05", "date": "2111-07-07.81", "dist": "14.107", "sigma_lov": "-3.02171", "sigma_imp": "0.871", "ps": "-9.63"}, {"energy": "2.382e+00", "width": "1.5318e+01", "ip": "1.895e-10", "ts": "0", "stretch": "7.9574e+05", "date": "2112-07-06.15", "dist": "37.740", "sigma_lov": "-2.16665", "sigma_imp": "2.398", "ps": "-9.88"}, {"energy": "2.390e+00", "width": "1.5199e+01", "ip": "1.551e-10", "ts": "0", "stretch": "7.0396e+05", "date": "2112-07-06.15", "dist": "38.951", "sigma_lov": "-2.20442", "sigma_imp": "2.497", "ps": "-9.96"}, {"energy": "2.365e+00", "width": "1.6030e+01", "ip": "1.727e-10", "ts": "0", "stretch": "4.7500e+05", "date": "2112-07-05.91", "dist": "43.989", "sigma_lov": "-2.08839", "sigma_imp": "2.682", "ps": "-9.92"}, {"energy": "2.243e+00", "width": "2.0329e+01", "ip": "8.752e-10", "ts": "0", "stretch": "1.2768e+05", "date": "2112-07-04.59", "dist": "59.619", "sigma_lov": "-1.48121", "sigma_imp": "2.884", "ps": "-9.23"}, {"energy": "2.351e+00", "width": "1.5742e+01", "ip": "3.244e-10", "ts": "0", "stretch": "2.2542e+05", "date": "2112-07-05.85", "dist": "44.721", "sigma_lov": "-2.02186", "sigma_imp": "2.777", "ps": "-9.65"}, {"energy": "2.598e+00", "width": "1.5229e+01", "ip": "2.786e-10", "ts": "0", "stretch": "6.3821e+05", "date": "2112-07-06.94", "dist": "13.682", "sigma_lov": "-3.10463", "sigma_imp": "0.833", "ps": "-9.68"}, {"energy": "2.597e+00", "width": "1.4771e+01", "ip": "7.708e-10", "ts": "0", "stretch": "2.7590e+05", "date": "2112-07-07.10", "dist": "10.921", "sigma_lov": "-3.09867", "sigma_imp": "0.672", "ps": "-9.24"}, {"energy": "2.409e+00", "width": "1.4941e+01", "ip": "5.121e-10", "ts": "0", "stretch": "3.1909e+05", "date": "2112-07-06.42", "dist": "34.678", "sigma_lov": "-2.29491", "sigma_imp": "2.254", "ps": "-9.44"}, {"energy": "2.324e+00", "width": "1.4895e+01", "ip": "6.758e-10", "ts": "0", "stretch": "2.9824e+04", "date": "2113-07-05.54", "dist": "49.908", "sigma_lov": "-1.90364", "sigma_imp": "3.284", "ps": "-9.34"}, {"energy": "2.458e+00", "width": "1.5410e+01", "ip": "5.987e-10", "ts": "0", "stretch": "8.2137e+05", "date": "2114-07-07.47", "dist": "22.135", "sigma_lov": "-2.51443", "sigma_imp": "1.371", "ps": "-9.38"}, {"energy": "2.195e+00", "width": "1.8406e+01", "ip": "9.857e-10", "ts": "0", "stretch": "3.3190e+04", "date": "2114-07-04.99", "dist": "63.582", "sigma_lov": "-1.23270", "sigma_imp": "3.400", "ps": "-9.20"}, {"energy": "2.441e+00", "width": "1.4846e+01", "ip": "1.879e-10", "ts": "0", "stretch": "1.9347e+06", "date": "2114-07-07.18", "dist": "26.197", "sigma_lov": "-2.43963", "sigma_imp": "1.697", "ps": "-9.88"}, {"energy": "2.437e+00", "width": "1.4744e+01", "ip": "2.660e-10", "ts": "0", "stretch": "1.2620e+06", "date": "2114-07-07.10", "dist": "27.019", "sigma_lov": "-2.42495", "sigma_imp": "1.765", "ps": "-9.73"}, {"energy": "2.573e+00", "width": "1.5210e+01", "ip": "2.803e-10", "ts": "0", "stretch": "7.7435e+05", "date": "2116-07-06.97", "dist": "14.377", "sigma_lov": "-3.02584", "sigma_imp": "0.879", "ps": "-9.70"}]}