{"summary": {"energy": "4.147e-03", "darc": "5.0036 days", "ip": "0.0002295533", "h": "29.11", "nobs": "8", "mass": "1.82e+05", "v_inf": "8.20", "first_obs": "2014-Jul-26.58567", "method": "LOV", "pdate": "2017-04-11 18:05:39", "ndop": "0", "cdate": "2017-04-11 18:05:39", "ps_cum": "-5.95", "diameter": "0.0051", "ndel": "0", "v_imp": "13.83", "ps_max": "-5.95", "last_obs": "2014-Jul-31.589284", "fullname": "(2014 OM207)", "n_imp": "3", "ts_max": "0", "nsat": "0", "des": "2014 OM207"}, "signature": {"source": "NASA/JPL Sentry Data API", "version": "1.1"}, "data": [{"energy": "4.141e-03", "width": "2.7778e-03", "ip": "2.696e-06", "ts": "0", "stretch": "2.6365e+05", "date": "2101-07-25.36", "dist": "0.453", "sigma_lov": "0.03971", "sigma_imp": "0.000", "ps": "-7.88"}, {"energy": "4.147e-03", "width": "6.9309e-04", "ip": "2.267e-04", "ts": "0", "stretch": "2.9216e+03", "date": "2101-07-25.90", "dist": "0.475", "sigma_lov": "-0.34108", "sigma_imp": "0.000", "ps": "-5.95"}, {"energy": "4.113e-03", "width": "6.9445e-04", "ip": "1.573e-07", "ts": "0", "stretch": "7.7987e+04", "date": "2089-07-24.96", "dist": "0.582", "sigma_lov": "-2.81408", "sigma_imp": "0.000", "ps": "-9.05"}]}