{"summary": {"energy": "3.422e-03", "darc": "17.937 days", "ip": "4.80045e-06", "h": "28.95", "nobs": "50", "mass": "2.26e+05", "v_inf": "1.70", "first_obs": "2014-Nov-22.28893", "method": "LOV", "pdate": "2017-04-08 10:53:10", "ndop": "1", "cdate": "2017-04-08 10:53:10", "ps_cum": "-7.74", "diameter": "0.0055", "ndel": "0", "v_imp": "11.27", "ps_max": "-7.90", "last_obs": "2014-Dec-10.22607", "fullname": "(2014 WU200)", "n_imp": "3", "ts_max": "0", "nsat": "0", "des": "2014 WU200"}, "signature": {"source": "NASA/JPL Sentry Data API", "version": "1.1"}, "data": [{"energy": "3.422e-03", "width": "0.0000e+00", "ip": "3.384e-06", "ts": "0", "stretch": "1.7178e+05", "date": "2111-12-03.25", "dist": "0.158", "sigma_lov": "0.79432", "sigma_imp": "0.000", "ps": "-7.90"}, {"energy": "3.422e-03", "width": "0.0000e+00", "ip": "1.389e-06", "ts": "0", "stretch": "5.3991e+05", "date": "2111-11-29.88", "dist": "0.386", "sigma_lov": "-0.23303", "sigma_imp": "0.000", "ps": "-8.28"}, {"energy": "3.420e-03", "width": "3.0071e-04", "ip": "2.745e-08", "ts": "0", "stretch": "3.0320e+04", "date": "2104-11-29.37", "dist": "0.984", "sigma_lov": "3.20795", "sigma_imp": "0.000", "ps": "-9.95"}]}