{"summary": {"energy": "5.777e-01", "darc": "3.9974 days", "ip": "2.831e-10", "h": "25.70", "nobs": "23", "mass": "2.00e+07", "v_inf": "10.86", "first_obs": "2014-Nov-27.367456", "method": "LOV", "pdate": "2017-04-16 21:17:09", "ndop": "0", "cdate": "2017-04-16 21:17:09", "ps_cum": "-9.70", "diameter": "2.5e-02", "ndel": "0", "v_imp": "15.56", "ps_max": "-9.70", "last_obs": "2014-Dec-01.36484", "fullname": "(2014 WZ365)", "n_imp": "1", "ts_max": "0", "nsat": "0", "des": "2014 WZ365"}, "signature": {"source": "NASA/JPL Sentry Data API", "version": "1.1"}, "data": [{"energy": "5.777e-01", "width": "4.2843e-02", "ip": "2.831e-10", "ts": "0", "stretch": "1.8271e+05", "date": "2047-12-11.90", "dist": "0.782", "sigma_lov": "4.28126", "sigma_imp": "0.000", "ps": "-9.70"}]}