{"summary": {"energy": "9.596e+00", "darc": ".98038 days", "ip": "7.484516e-07", "h": "23.56", "nobs": "6", "mass": "3.98e+08", "v_inf": "8.09", "first_obs": "2014-Jun-30.47333", "method": "LOV", "pdate": "2017-04-06 15:55:16", "ndop": "0", "cdate": "2017-04-06 15:55:16", "ps_cum": "-5.40", "diameter": "0.0658439627893106", "ndel": "0", "v_imp": "13.85", "ps_max": "-6.47", "last_obs": "2014-Jul-01.453713", "fullname": "(2014 MO68)", "n_imp": "203", "ts_max": "0", "nsat": "0", "des": "2014 MO68"}, "signature": {"source": "NASA/JPL Sentry Data API", "version": "1.1"}, "data": [{"energy": "5.987e+00", "width": "3.7515e+02", "ip": "1.186e-09", "ts": "0", "stretch": "9.2784e+05", "date": "2116-08-22.73", "dist": "85.198", "sigma_lov": "-0.57455", "sigma_imp": "0.224", "ps": "-8.78"}, {"energy": "9.356e+00", "width": "1.8414e+01", "ip": "2.501e-10", "ts": "0", "stretch": "4.2002e+05", "date": "2116-08-07.74", "dist": "61.158", "sigma_lov": "-0.29359", "sigma_imp": "3.267", "ps": "-9.30"}, {"energy": "1.744e+01", "width": "1.1473e+02", "ip": "5.889e-10", "ts": "0", "stretch": "3.9343e+06", "date": "2116-08-08.28", "dist": "128.731", "sigma_lov": "0.06890", "sigma_imp": "1.113", "ps": "-8.71"}, {"energy": "3.114e+01", "width": "1.3949e+02", "ip": "5.059e-10", "ts": "0", "stretch": "5.8363e+06", "date": "2115-10-23.15", "dist": "76.459", "sigma_lov": "0.29502", "sigma_imp": "0.541", "ps": "-8.57"}, {"energy": "6.672e+00", "width": "2.7692e+02", "ip": "9.746e-10", "ts": "0", "stretch": "1.6386e+06", "date": "2114-08-21.24", "dist": "9.419", "sigma_lov": "-0.49359", "sigma_imp": "0.030", "ps": "-8.82"}, {"energy": "5.576e+00", "width": "3.5316e+02", "ip": "3.303e-09", "ts": "0", "stretch": "3.1420e+05", "date": "2114-08-21.81", "dist": "168.030", "sigma_lov": "-0.62726", "sigma_imp": "0.473", "ps": "-8.35"}, {"energy": "2.945e+01", "width": "5.0253e+01", "ip": "4.828e-10", "ts": "0", "stretch": "3.6203e+06", "date": "2112-07-28.31", "dist": "92.921", "sigma_lov": "0.24323", "sigma_imp": "1.829", "ps": "-8.60"}, {"energy": "6.115e+00", "width": "3.6831e+02", "ip": "1.012e-09", "ts": "0", "stretch": "1.1301e+06", "date": "2109-08-23.31", "dist": "63.412", "sigma_lov": "-0.55880", "sigma_imp": "0.169", "ps": "-8.81"}, {"energy": "7.910e+00", "width": "1.3447e+02", "ip": "3.677e-09", "ts": "0", "stretch": "9.3028e+05", "date": "2109-08-19.10", "dist": "25.845", "sigma_lov": "-0.35996", "sigma_imp": "0.185", "ps": "-8.16"}, {"energy": "3.800e+01", "width": "3.2782e+02", "ip": "2.524e-10", "ts": "0", "stretch": "5.7823e+06", "date": "2108-11-02.36", "dist": "5.741", "sigma_lov": "0.29573", "sigma_imp": "0.014", "ps": "-8.77"}, {"energy": "1.479e+01", "width": "8.6651e+00", "ip": "2.069e-10", "ts": "0", "stretch": "9.8254e+06", "date": "2108-08-03.43", "dist": "22.443", "sigma_lov": "-0.05357", "sigma_imp": "2.475", "ps": "-9.19"}, {"energy": "1.464e+01", "width": "8.1032e+00", "ip": "1.831e-09", "ts": "0", "stretch": "2.8097e+06", "date": "2108-08-03.91", "dist": "18.084", "sigma_lov": "-0.05600", "sigma_imp": "2.108", "ps": "-8.24"}, {"energy": "7.909e+00", "width": "1.4938e+02", "ip": "2.233e-09", "ts": "0", "stretch": "1.3877e+06", "date": "2106-08-19.14", "dist": "23.090", "sigma_lov": "-0.36085", "sigma_imp": "0.148", "ps": "-8.36"}, {"energy": "6.750e+00", "width": "2.0716e+02", "ip": "1.070e-09", "ts": "0", "stretch": "1.9902e+06", "date": "2106-08-19.46", "dist": "21.999", "sigma_lov": "-0.48792", "sigma_imp": "0.101", "ps": "-8.74"}, {"energy": "1.894e+01", "width": "7.8443e+01", "ip": "2.795e-09", "ts": "0", "stretch": "1.5370e+06", "date": "2106-08-02.29", "dist": "69.501", "sigma_lov": "0.06434", "sigma_imp": "0.873", "ps": "-7.96"}, {"energy": "1.892e+01", "width": "2.2503e+01", "ip": "1.108e-10", "ts": "0", "stretch": "1.5665e+06", "date": "2106-08-02.36", "dist": "70.099", "sigma_lov": "0.06444", "sigma_imp": "3.071", "ps": "-9.36"}, {"energy": "7.285e+00", "width": "9.0039e+01", "ip": "3.240e-09", "ts": "0", "stretch": "1.3298e+06", "date": "2105-08-13.42", "dist": "50.332", "sigma_lov": "-0.44121", "sigma_imp": "0.548", "ps": "-8.22"}, {"energy": "7.278e+00", "width": "9.9851e+01", "ip": "2.214e-09", "ts": "0", "stretch": "1.8159e+06", "date": "2105-08-13.44", "dist": "49.252", "sigma_lov": "-0.44194", "sigma_imp": "0.483", "ps": "-8.39"}, {"energy": "7.173e+00", "width": "4.3131e+02", "ip": "2.881e-09", "ts": "0", "stretch": "3.5115e+05", "date": "2105-08-29.24", "dist": "119.544", "sigma_lov": "-0.44174", "sigma_imp": "0.275", "ps": "-8.28"}, {"energy": "5.656e+00", "width": "3.6508e+02", "ip": "1.406e-09", "ts": "0", "stretch": "7.4208e+05", "date": "2104-08-21.47", "dist": "146.679", "sigma_lov": "-0.61754", "sigma_imp": "0.399", "ps": "-8.67"}, {"energy": "6.997e+00", "width": "3.4101e+02", "ip": "1.515e-09", "ts": "0", "stretch": "8.3028e+05", "date": "2104-09-01.78", "dist": "101.537", "sigma_lov": "-0.46685", "sigma_imp": "0.295", "ps": "-8.56"}, {"energy": "5.687e+00", "width": "3.5633e+02", "ip": "1.797e-09", "ts": "0", "stretch": "6.0070e+05", "date": "2104-08-21.65", "dist": "137.018", "sigma_lov": "-0.61254", "sigma_imp": "0.382", "ps": "-8.56"}, {"energy": "6.732e+00", "width": "3.1701e+02", "ip": "5.482e-09", "ts": "0", "stretch": "2.5406e+05", "date": "2103-08-19.45", "dist": "29.795", "sigma_lov": "-0.48933", "sigma_imp": "0.091", "ps": "-8.01"}, {"energy": "6.732e+00", "width": "2.0323e+02", "ip": "3.136e-09", "ts": "0", "stretch": "6.8837e+05", "date": "2103-08-19.32", "dist": "30.045", "sigma_lov": "-0.48919", "sigma_imp": "0.143", "ps": "-8.25"}, {"energy": "7.919e+00", "width": "1.3247e+02", "ip": "4.429e-09", "ts": "0", "stretch": "7.8675e+05", "date": "2103-08-19.35", "dist": "22.539", "sigma_lov": "-0.36114", "sigma_imp": "0.163", "ps": "-8.05"}, {"energy": "1.796e+01", "width": "4.0179e+01", "ip": "5.063e-09", "ts": "0", "stretch": "2.3991e+06", "date": "2103-08-02.72", "dist": "8.672", "sigma_lov": "0.04320", "sigma_imp": "0.191", "ps": "-7.71"}, {"energy": "1.796e+01", "width": "3.8162e+01", "ip": "3.538e-08", "ts": "0", "stretch": "3.6633e+05", "date": "2103-08-02.64", "dist": "5.381", "sigma_lov": "0.04226", "sigma_imp": "0.115", "ps": "-6.86"}, {"energy": "1.796e+01", "width": "5.2879e+01", "ip": "3.008e-08", "ts": "0", "stretch": "3.1234e+05", "date": "2103-08-02.64", "dist": "5.602", "sigma_lov": "0.04232", "sigma_imp": "0.087", "ps": "-6.93"}, {"energy": "8.156e+00", "width": "7.3085e+01", "ip": "8.661e-10", "ts": "0", "stretch": "4.6753e+06", "date": "2102-08-09.74", "dist": "69.469", "sigma_lov": "-0.38068", "sigma_imp": "0.937", "ps": "-8.74"}, {"energy": "2.868e+01", "width": "6.6192e+01", "ip": "2.172e-10", "ts": "0", "stretch": "2.0533e+07", "date": "2100-07-30.08", "dist": "65.979", "sigma_lov": "0.24435", "sigma_imp": "0.982", "ps": "-8.89"}, {"energy": "7.406e+00", "width": "4.1201e+02", "ip": "1.199e-09", "ts": "0", "stretch": "8.5896e+05", "date": "2100-08-29.89", "dist": "161.644", "sigma_lov": "-0.41739", "sigma_imp": "0.390", "ps": "-8.62"}, {"energy": "7.404e+00", "width": "4.1754e+02", "ip": "2.516e-10", "ts": "0", "stretch": "4.0537e+06", "date": "2100-08-29.96", "dist": "159.602", "sigma_lov": "-0.41721", "sigma_imp": "0.380", "ps": "-9.30"}, {"energy": "8.041e+00", "width": "4.4949e+01", "ip": "1.274e-09", "ts": "0", "stretch": "7.4303e+05", "date": "2098-08-06.17", "dist": "98.137", "sigma_lov": "-0.40170", "sigma_imp": "2.161", "ps": "-8.56"}, {"energy": "5.882e+00", "width": "3.6462e+02", "ip": "1.368e-09", "ts": "0", "stretch": "8.0882e+05", "date": "2097-08-21.77", "dist": "104.554", "sigma_lov": "-0.58831", "sigma_imp": "0.284", "ps": "-8.63"}, {"energy": "6.641e+00", "width": "2.6328e+02", "ip": "3.350e-09", "ts": "0", "stretch": "4.9807e+05", "date": "2097-08-19.15", "dist": "25.840", "sigma_lov": "-0.49878", "sigma_imp": "0.094", "ps": "-8.20"}, {"energy": "7.489e+00", "width": "8.3102e+01", "ip": "8.982e-10", "ts": "0", "stretch": "4.6374e+06", "date": "2097-08-10.31", "dist": "61.737", "sigma_lov": "-0.42785", "sigma_imp": "0.731", "ps": "-8.73"}, {"energy": "7.330e+00", "width": "4.2849e+02", "ip": "6.460e-10", "ts": "0", "stretch": "1.5387e+06", "date": "2097-08-27.16", "dist": "158.844", "sigma_lov": "-0.42766", "sigma_imp": "0.368", "ps": "-8.88"}, {"energy": "7.492e+00", "width": "4.7387e+01", "ip": "5.716e-10", "ts": "0", "stretch": "7.8931e+06", "date": "2097-08-10.23", "dist": "58.341", "sigma_lov": "-0.42761", "sigma_imp": "1.210", "ps": "-8.93"}, {"energy": "9.600e+00", "width": "2.3922e+01", "ip": "1.904e-10", "ts": "0", "stretch": "1.7019e+06", "date": "2095-08-06.61", "dist": "68.742", "sigma_lov": "-0.27999", "sigma_imp": "2.832", "ps": "-9.31"}, {"energy": "9.602e+00", "width": "3.7431e+01", "ip": "2.589e-09", "ts": "0", "stretch": "9.8885e+05", "date": "2095-08-06.63", "dist": "67.230", "sigma_lov": "-0.27980", "sigma_imp": "1.769", "ps": "-8.17"}, {"energy": "1.750e+01", "width": "3.8009e+01", "ip": "2.381e-09", "ts": "0", "stretch": "3.5961e+06", "date": "2095-08-03.96", "dist": "35.187", "sigma_lov": "0.04563", "sigma_imp": "0.899", "ps": "-8.00"}, {"energy": "7.968e+00", "width": "8.8570e+01", "ip": "1.381e-08", "ts": "0", "stretch": "3.8252e+05", "date": "2094-08-15.98", "dist": "1.427", "sigma_lov": "-0.36285", "sigma_imp": "0.005", "ps": "-7.50"}, {"energy": "7.066e+00", "width": "3.5323e+02", "ip": "1.831e-09", "ts": "0", "stretch": "6.6769e+05", "date": "2093-08-31.27", "dist": "103.419", "sigma_lov": "-0.45540", "sigma_imp": "0.290", "ps": "-8.42"}, {"energy": "7.036e+00", "width": "4.0680e+02", "ip": "1.967e-09", "ts": "0", "stretch": "5.4504e+05", "date": "2093-08-27.97", "dist": "104.070", "sigma_lov": "-0.45534", "sigma_imp": "0.253", "ps": "-8.39"}, {"energy": "7.134e+00", "width": "1.0926e+02", "ip": "2.785e-09", "ts": "0", "stretch": "1.3304e+06", "date": "2093-08-13.36", "dist": "50.582", "sigma_lov": "-0.45515", "sigma_imp": "0.454", "ps": "-8.23"}, {"energy": "9.037e+00", "width": "3.1692e+01", "ip": "2.779e-10", "ts": "0", "stretch": "3.0436e+06", "date": "2093-08-05.81", "dist": "76.001", "sigma_lov": "-0.31947", "sigma_imp": "2.367", "ps": "-9.15"}, {"energy": "7.364e+00", "width": "8.0330e+01", "ip": "1.024e-09", "ts": "0", "stretch": "4.3291e+06", "date": "2091-08-12.38", "dist": "56.154", "sigma_lov": "-0.43443", "sigma_imp": "0.687", "ps": "-8.64"}, {"energy": "7.346e+00", "width": "3.1569e+02", "ip": "1.300e-09", "ts": "0", "stretch": "1.0147e+06", "date": "2091-09-04.23", "dist": "134.254", "sigma_lov": "-0.43012", "sigma_imp": "0.422", "ps": "-8.54"}, {"energy": "7.346e+00", "width": "3.1328e+02", "ip": "3.804e-09", "ts": "0", "stretch": "3.4893e+05", "date": "2091-09-04.41", "dist": "133.882", "sigma_lov": "-0.43052", "sigma_imp": "0.424", "ps": "-8.08"}, {"energy": "5.731e+00", "width": "3.5707e+02", "ip": "1.106e-09", "ts": "0", "stretch": "9.6899e+05", "date": "2091-08-21.35", "dist": "145.334", "sigma_lov": "-0.60710", "sigma_imp": "0.404", "ps": "-8.70"}, {"energy": "7.962e+00", "width": "1.1031e+02", "ip": "6.414e-09", "ts": "0", "stretch": "6.6052e+05", "date": "2091-08-15.99", "dist": "5.829", "sigma_lov": "-0.36349", "sigma_imp": "0.044", "ps": "-7.82"}, {"energy": "7.084e+00", "width": "1.2460e+02", "ip": "3.558e-10", "ts": "0", "stretch": "9.5558e+06", "date": "2090-08-14.36", "dist": "43.272", "sigma_lov": "-0.45861", "sigma_imp": "0.339", "ps": "-9.11"}, {"energy": "9.011e+00", "width": "2.6516e+01", "ip": "1.500e-10", "ts": "0", "stretch": "2.8642e+06", "date": "2090-08-06.39", "dist": "72.443", "sigma_lov": "-0.31907", "sigma_imp": "2.694", "ps": "-9.40"}, {"energy": "7.690e+00", "width": "2.7863e+02", "ip": "4.116e-10", "ts": "0", "stretch": "3.2559e+06", "date": "2089-09-08.95", "dist": "179.004", "sigma_lov": "-0.41316", "sigma_imp": "0.639", "ps": "-9.01"}, {"energy": "7.805e+00", "width": "5.6885e+01", "ip": "2.000e-08", "ts": "0", "stretch": "1.4804e+05", "date": "2089-08-08.10", "dist": "80.611", "sigma_lov": "-0.40954", "sigma_imp": "1.399", "ps": "-7.32"}, {"energy": "1.813e+01", "width": "4.6211e+01", "ip": "1.600e-10", "ts": "0", "stretch": "6.3389e+07", "date": "2089-07-30.20", "dist": "16.578", "sigma_lov": "0.03004", "sigma_imp": "0.337", "ps": "-9.13"}, {"energy": "1.809e+01", "width": "2.9578e+01", "ip": "1.335e-09", "ts": "0", "stretch": "1.0517e+07", "date": "2089-07-30.18", "dist": "17.985", "sigma_lov": "0.02954", "sigma_imp": "0.574", "ps": "-8.20"}, {"energy": "7.948e+00", "width": "9.3017e+01", "ip": "1.237e-08", "ts": "0", "stretch": "4.0633e+05", "date": "2088-08-15.52", "dist": "1.923", "sigma_lov": "-0.36444", "sigma_imp": "0.010", "ps": "-7.52"}, {"energy": "7.321e+00", "width": "9.2542e+01", "ip": "9.727e-10", "ts": "0", "stretch": "4.4520e+06", "date": "2088-08-12.07", "dist": "46.400", "sigma_lov": "-0.43663", "sigma_imp": "0.491", "ps": "-8.65"}, {"energy": "7.276e+00", "width": "9.3960e+01", "ip": "4.906e-09", "ts": "0", "stretch": "8.9836e+05", "date": "2088-08-13.30", "dist": "40.248", "sigma_lov": "-0.43932", "sigma_imp": "0.418", "ps": "-7.95"}, {"energy": "6.114e+00", "width": "3.8886e+02", "ip": "1.531e-09", "ts": "0", "stretch": "7.0942e+05", "date": "2087-08-22.65", "dist": "62.181", "sigma_lov": "-0.55764", "sigma_imp": "0.157", "ps": "-8.51"}, {"energy": "1.820e+01", "width": "3.4540e+01", "ip": "1.412e-09", "ts": "0", "stretch": "1.0089e+07", "date": "2086-07-31.63", "dist": "5.981", "sigma_lov": "0.04171", "sigma_imp": "0.144", "ps": "-8.16"}, {"energy": "6.338e+00", "width": "3.7480e+02", "ip": "2.640e-09", "ts": "0", "stretch": "4.3810e+05", "date": "2085-08-22.25", "dist": "23.340", "sigma_lov": "-0.52985", "sigma_imp": "0.060", "ps": "-8.25"}, {"energy": "8.010e+00", "width": "9.7971e+01", "ip": "4.914e-09", "ts": "0", "stretch": "9.5161e+05", "date": "2085-08-14.08", "dist": "19.869", "sigma_lov": "-0.36508", "sigma_imp": "0.193", "ps": "-7.90"}, {"energy": "2.035e+01", "width": "8.3868e+01", "ip": "1.215e-10", "ts": "0", "stretch": "3.1720e+07", "date": "2085-07-27.72", "dist": "78.100", "sigma_lov": "0.07520", "sigma_imp": "0.919", "ps": "-9.18"}, {"energy": "1.578e+01", "width": "6.8131e+01", "ip": "3.010e-09", "ts": "0", "stretch": "2.4163e+06", "date": "2084-08-01.68", "dist": "8.784", "sigma_lov": "-0.03113", "sigma_imp": "0.114", "ps": "-7.87"}, {"energy": "1.572e+01", "width": "8.9735e+01", "ip": "1.457e-09", "ts": "0", "stretch": "3.7898e+06", "date": "2084-08-01.94", "dist": "11.903", "sigma_lov": "-0.03092", "sigma_imp": "0.122", "ps": "-8.18"}, {"energy": "2.086e+01", "width": "7.1436e+01", "ip": "4.488e-10", "ts": "0", "stretch": "8.1853e+06", "date": "2083-07-30.25", "dist": "80.816", "sigma_lov": "0.09667", "sigma_imp": "1.117", "ps": "-8.59"}, {"energy": "8.030e+00", "width": "9.6206e+01", "ip": "5.071e-09", "ts": "0", "stretch": "9.2929e+05", "date": "2082-08-13.89", "dist": "23.828", "sigma_lov": "-0.36611", "sigma_imp": "0.237", "ps": "-7.86"}, {"energy": "1.969e+01", "width": "7.5500e+01", "ip": "3.385e-10", "ts": "0", "stretch": "6.3155e+06", "date": "2082-08-02.03", "dist": "113.329", "sigma_lov": "0.09032", "sigma_imp": "1.488", "ps": "-8.73"}, {"energy": "2.289e+01", "width": "9.6512e+01", "ip": "1.339e-10", "ts": "0", "stretch": "2.1205e+07", "date": "2081-07-26.50", "dist": "105.198", "sigma_lov": "0.12304", "sigma_imp": "1.080", "ps": "-9.07"}, {"energy": "7.603e+00", "width": "2.8302e+02", "ip": "2.529e-09", "ts": "0", "stretch": "5.3406e+05", "date": "2080-09-08.62", "dist": "169.798", "sigma_lov": "-0.42047", "sigma_imp": "0.596", "ps": "-8.17"}, {"energy": "8.026e+00", "width": "9.6850e+01", "ip": "4.693e-09", "ts": "0", "stretch": "9.9053e+05", "date": "2079-08-13.90", "dist": "26.466", "sigma_lov": "-0.36712", "sigma_imp": "0.263", "ps": "-7.88"}, {"energy": "7.211e+00", "width": "1.0873e+02", "ip": "4.835e-10", "ts": "0", "stretch": "7.8464e+06", "date": "2079-08-13.82", "dist": "46.731", "sigma_lov": "-0.44712", "sigma_imp": "0.421", "ps": "-8.90"}, {"energy": "6.776e+00", "width": "2.0452e+02", "ip": "1.701e-09", "ts": "0", "stretch": "1.2616e+06", "date": "2078-08-17.48", "dist": "32.732", "sigma_lov": "-0.48438", "sigma_imp": "0.155", "ps": "-8.37"}, {"energy": "6.490e+00", "width": "3.5168e+02", "ip": "9.420e-10", "ts": "0", "stretch": "1.3237e+06", "date": "2077-08-21.24", "dist": "0.415", "sigma_lov": "-0.51156", "sigma_imp": "0.000", "ps": "-8.63"}, {"energy": "6.388e+00", "width": "3.7580e+02", "ip": "9.064e-09", "ts": "0", "stretch": "1.2774e+05", "date": "2077-08-22.23", "dist": "20.962", "sigma_lov": "-0.52362", "sigma_imp": "0.053", "ps": "-7.66"}, {"energy": "6.383e+00", "width": "3.8092e+02", "ip": "5.298e-09", "ts": "0", "stretch": "2.1540e+05", "date": "2077-08-22.13", "dist": "24.113", "sigma_lov": "-0.52458", "sigma_imp": "0.061", "ps": "-7.89"}, {"energy": "7.576e+00", "width": "6.5613e+01", "ip": "3.198e-09", "ts": "0", "stretch": "1.1927e+06", "date": "2077-08-09.63", "dist": "71.988", "sigma_lov": "-0.42427", "sigma_imp": "1.082", "ps": "-8.05"}, {"energy": "7.485e+00", "width": "2.9470e+02", "ip": "2.758e-09", "ts": "0", "stretch": "4.8921e+05", "date": "2077-09-06.77", "dist": "154.890", "sigma_lov": "-0.42578", "sigma_imp": "0.522", "ps": "-8.12"}, {"energy": "8.005e+00", "width": "9.9799e+01", "ip": "5.931e-09", "ts": "0", "stretch": "7.6375e+05", "date": "2076-08-13.29", "dist": "25.515", "sigma_lov": "-0.36846", "sigma_imp": "0.246", "ps": "-7.75"}, {"energy": "1.941e+01", "width": "1.1113e+02", "ip": "1.409e-09", "ts": "0", "stretch": "2.9811e+06", "date": "2076-07-30.29", "dist": "40.308", "sigma_lov": "0.07254", "sigma_imp": "0.354", "ps": "-8.07"}, {"energy": "3.569e+01", "width": "6.5422e+02", "ip": "2.106e-10", "ts": "0", "stretch": "3.5328e+06", "date": "2075-11-13.37", "dist": "100.939", "sigma_lov": "0.17329", "sigma_imp": "0.153", "ps": "-8.68"}, {"energy": "1.531e+01", "width": "4.6279e+01", "ip": "3.884e-09", "ts": "0", "stretch": "2.4861e+06", "date": "2075-08-07.68", "dist": "21.933", "sigma_lov": "0.00538", "sigma_imp": "0.452", "ps": "-7.71"}, {"energy": "6.244e+00", "width": "3.9140e+02", "ip": "9.038e-10", "ts": "0", "stretch": "1.2146e+06", "date": "2074-08-22.44", "dist": "32.208", "sigma_lov": "-0.54385", "sigma_imp": "0.080", "ps": "-8.64"}, {"energy": "1.827e+01", "width": "5.6491e+01", "ip": "4.740e-09", "ts": "0", "stretch": "1.8046e+06", "date": "2074-08-01.10", "dist": "14.467", "sigma_lov": "0.05066", "sigma_imp": "0.238", "ps": "-7.55"}, {"energy": "7.015e+00", "width": "1.2774e+02", "ip": "2.161e-09", "ts": "0", "stretch": "1.5240e+06", "date": "2073-08-14.40", "dist": "46.014", "sigma_lov": "-0.46359", "sigma_imp": "0.352", "ps": "-8.22"}, {"energy": "8.024e+00", "width": "9.2431e+01", "ip": "4.725e-09", "ts": "0", "stretch": "9.9636e+05", "date": "2073-08-12.48", "dist": "34.696", "sigma_lov": "-0.36981", "sigma_imp": "0.365", "ps": "-7.83"}, {"energy": "4.726e+01", "width": "1.0930e+02", "ip": "1.329e-10", "ts": "0", "stretch": "6.4700e+06", "date": "2073-07-20.67", "dist": "194.922", "sigma_lov": "0.40288", "sigma_imp": "1.774", "ps": "-8.76"}, {"energy": "8.936e+00", "width": "2.8054e+01", "ip": "8.875e-10", "ts": "0", "stretch": "2.0864e+06", "date": "2072-08-07.53", "dist": "59.046", "sigma_lov": "-0.31584", "sigma_imp": "2.069", "ps": "-8.51"}, {"energy": "6.556e+00", "width": "3.5238e+02", "ip": "1.613e-09", "ts": "0", "stretch": "7.7501e+05", "date": "2072-08-20.99", "dist": "2.904", "sigma_lov": "-0.50292", "sigma_imp": "0.005", "ps": "-8.36"}, {"energy": "1.604e+01", "width": "2.1475e+01", "ip": "2.657e-10", "ts": "0", "stretch": "1.7812e+07", "date": "2072-07-30.44", "dist": "38.335", "sigma_lov": "-0.03531", "sigma_imp": "1.739", "ps": "-8.83"}, {"energy": "7.306e+00", "width": "4.3463e+02", "ip": "6.583e-10", "ts": "0", "stretch": "1.4770e+06", "date": "2071-08-27.39", "dist": "168.997", "sigma_lov": "-0.42973", "sigma_imp": "0.387", "ps": "-8.70"}, {"energy": "7.388e+00", "width": "2.9900e+02", "ip": "2.958e-09", "ts": "0", "stretch": "4.5957e+05", "date": "2071-09-06.14", "dist": "141.926", "sigma_lov": "-0.43373", "sigma_imp": "0.471", "ps": "-8.05"}, {"energy": "7.268e+00", "width": "4.2951e+02", "ip": "4.931e-09", "ts": "0", "stretch": "2.0052e+05", "date": "2071-08-27.27", "dist": "159.364", "sigma_lov": "-0.43411", "sigma_imp": "0.369", "ps": "-7.83"}, {"energy": "7.438e+00", "width": "7.3831e+01", "ip": "1.417e-08", "ts": "0", "stretch": "2.7864e+05", "date": "2071-08-10.85", "dist": "69.613", "sigma_lov": "-0.43489", "sigma_imp": "0.929", "ps": "-7.36"}, {"energy": "7.427e+00", "width": "8.3126e+01", "ip": "8.051e-09", "ts": "0", "stretch": "4.8508e+05", "date": "2071-08-11.00", "dist": "68.224", "sigma_lov": "-0.43558", "sigma_imp": "0.809", "ps": "-7.61"}, {"energy": "7.357e+00", "width": "3.0214e+02", "ip": "6.863e-10", "ts": "0", "stretch": "1.9732e+06", "date": "2071-09-05.62", "dist": "138.604", "sigma_lov": "-0.43598", "sigma_imp": "0.455", "ps": "-8.68"}, {"energy": "7.907e+00", "width": "3.5093e+02", "ip": "1.175e-09", "ts": "0", "stretch": "9.9974e+05", "date": "2070-09-05.78", "dist": "174.992", "sigma_lov": "-0.37092", "sigma_imp": "0.496", "ps": "-8.42"}, {"energy": "8.037e+00", "width": "8.8243e+01", "ip": "4.749e-09", "ts": "0", "stretch": "9.9751e+05", "date": "2070-08-12.05", "dist": "41.395", "sigma_lov": "-0.37133", "sigma_imp": "0.458", "ps": "-7.80"}, {"energy": "1.909e+01", "width": "4.4083e+01", "ip": "1.273e-09", "ts": "0", "stretch": "5.4744e+06", "date": "2070-07-29.85", "dist": "43.457", "sigma_lov": "0.05498", "sigma_imp": "0.963", "ps": "-8.07"}, {"energy": "3.398e+01", "width": "5.5963e+02", "ip": "3.154e-10", "ts": "0", "stretch": "2.6418e+06", "date": "2070-07-09.47", "dist": "185.887", "sigma_lov": "0.17072", "sigma_imp": "0.330", "ps": "-8.48"}, {"energy": "7.789e+00", "width": "2.9468e+02", "ip": "1.698e-09", "ts": "0", "stretch": "7.5367e+05", "date": "2069-09-10.12", "dist": "186.479", "sigma_lov": "-0.40385", "sigma_imp": "0.629", "ps": "-8.25"}, {"energy": "5.435e+00", "width": "3.4769e+02", "ip": "1.285e-08", "ts": "0", "stretch": "7.7548e+04", "date": "2069-08-19.54", "dist": "194.535", "sigma_lov": "-0.64794", "sigma_imp": "0.557", "ps": "-7.50"}, {"energy": "7.817e+00", "width": "2.8985e+02", "ip": "4.049e-10", "ts": "0", "stretch": "3.1671e+06", "date": "2069-09-10.42", "dist": "190.483", "sigma_lov": "-0.40086", "sigma_imp": "0.654", "ps": "-8.87"}, {"energy": "7.915e+00", "width": "6.5351e+01", "ip": "5.633e-10", "ts": "0", "stretch": "5.8289e+06", "date": "2069-08-08.01", "dist": "80.859", "sigma_lov": "-0.40068", "sigma_imp": "1.222", "ps": "-8.73"}, {"energy": "7.322e+00", "width": "2.9748e+02", "ip": "5.539e-09", "ts": "0", "stretch": "2.4781e+05", "date": "2068-09-05.03", "dist": "136.557", "sigma_lov": "-0.44020", "sigma_imp": "0.456", "ps": "-7.75"}, {"energy": "7.203e+00", "width": "4.2125e+02", "ip": "1.499e-08", "ts": "0", "stretch": "6.7211e+04", "date": "2068-08-26.37", "dist": "153.440", "sigma_lov": "-0.44098", "sigma_imp": "0.362", "ps": "-7.33"}, {"energy": "7.195e+00", "width": "4.2908e+02", "ip": "9.585e-09", "ts": "0", "stretch": "1.0355e+05", "date": "2068-08-25.96", "dist": "151.791", "sigma_lov": "-0.44196", "sigma_imp": "0.351", "ps": "-7.52"}, {"energy": "3.367e+01", "width": "1.3343e+02", "ip": "6.121e-10", "ts": "0", "stretch": "4.0844e+06", "date": "2068-07-23.75", "dist": "113.650", "sigma_lov": "0.28954", "sigma_imp": "0.844", "ps": "-8.18"}, {"energy": "1.545e+01", "width": "3.0886e+01", "ip": "2.659e-09", "ts": "0", "stretch": "5.2064e+06", "date": "2067-08-07.34", "dist": "17.265", "sigma_lov": "0.00884", "sigma_imp": "0.527", "ps": "-7.80"}, {"energy": "5.693e+00", "width": "3.5404e+02", "ip": "6.984e-09", "ts": "0", "stretch": "1.5264e+05", "date": "2067-08-20.89", "dist": "153.186", "sigma_lov": "-0.61173", "sigma_imp": "0.430", "ps": "-7.73"}, {"energy": "6.795e+00", "width": "2.1666e+02", "ip": "9.641e-09", "ts": "0", "stretch": "2.1128e+05", "date": "2067-08-18.33", "dist": "28.881", "sigma_lov": "-0.48081", "sigma_imp": "0.129", "ps": "-7.53"}, {"energy": "6.782e+00", "width": "2.4381e+02", "ip": "4.327e-09", "ts": "0", "stretch": "4.1966e+05", "date": "2067-08-18.88", "dist": "24.900", "sigma_lov": "-0.48209", "sigma_imp": "0.098", "ps": "-7.88"}, {"energy": "7.903e+00", "width": "3.4304e+02", "ip": "1.140e-09", "ts": "0", "stretch": "1.0469e+06", "date": "2067-09-06.37", "dist": "175.259", "sigma_lov": "-0.37246", "sigma_imp": "0.508", "ps": "-8.40"}, {"energy": "8.027e+00", "width": "8.5308e+01", "ip": "4.335e-09", "ts": "0", "stretch": "1.1031e+06", "date": "2067-08-12.06", "dist": "44.118", "sigma_lov": "-0.37287", "sigma_imp": "0.505", "ps": "-7.82"}, {"energy": "2.327e+01", "width": "7.5654e+01", "ip": "4.467e-10", "ts": "0", "stretch": "4.0590e+06", "date": "2067-07-26.58", "dist": "121.280", "sigma_lov": "0.12935", "sigma_imp": "1.590", "ps": "-8.44"}, {"energy": "8.008e+00", "width": "8.6493e+01", "ip": "5.385e-09", "ts": "0", "stretch": "8.7290e+05", "date": "2064-08-11.31", "dist": "45.162", "sigma_lov": "-0.37496", "sigma_imp": "0.511", "ps": "-7.70"}, {"energy": "2.900e+01", "width": "4.5152e+01", "ip": "3.167e-10", "ts": "0", "stretch": "7.3181e+06", "date": "2064-07-29.35", "dist": "79.028", "sigma_lov": "0.25418", "sigma_imp": "1.728", "ps": "-8.48"}, {"energy": "6.258e+00", "width": "3.8579e+02", "ip": "1.284e-08", "ts": "0", "stretch": "8.6904e+04", "date": "2063-08-22.85", "dist": "31.763", "sigma_lov": "-0.54045", "sigma_imp": "0.080", "ps": "-7.40"}, {"energy": "6.246e+00", "width": "3.9769e+02", "ip": "8.196e-09", "ts": "0", "stretch": "1.3187e+05", "date": "2063-08-22.68", "dist": "35.436", "sigma_lov": "-0.54207", "sigma_imp": "0.087", "ps": "-7.59"}, {"energy": "7.733e+00", "width": "2.8900e+02", "ip": "2.145e-09", "ts": "0", "stretch": "6.0843e+05", "date": "2063-09-10.48", "dist": "181.370", "sigma_lov": "-0.41190", "sigma_imp": "0.624", "ps": "-8.10"}, {"energy": "7.706e+00", "width": "2.8860e+02", "ip": "7.959e-10", "ts": "0", "stretch": "1.6462e+06", "date": "2063-09-10.31", "dist": "179.396", "sigma_lov": "-0.41448", "sigma_imp": "0.618", "ps": "-8.53"}, {"energy": "7.766e+00", "width": "2.8562e+02", "ip": "3.180e-10", "ts": "0", "stretch": "4.0792e+06", "date": "2063-09-10.88", "dist": "187.848", "sigma_lov": "-0.40823", "sigma_imp": "0.654", "ps": "-8.93"}, {"energy": "7.847e+00", "width": "6.4546e+01", "ip": "4.316e-10", "ts": "0", "stretch": "6.8455e+06", "date": "2063-08-08.17", "dist": "85.651", "sigma_lov": "-0.40808", "sigma_imp": "1.311", "ps": "-8.79"}, {"energy": "1.568e+01", "width": "2.9990e+01", "ip": "2.441e-09", "ts": "0", "stretch": "6.7132e+06", "date": "2063-08-06.43", "dist": "5.557", "sigma_lov": "0.00978", "sigma_imp": "0.152", "ps": "-7.80"}, {"energy": "1.999e+01", "width": "7.4233e+01", "ip": "1.502e-09", "ts": "0", "stretch": "2.8666e+06", "date": "2063-07-29.71", "dist": "69.965", "sigma_lov": "0.07869", "sigma_imp": "0.929", "ps": "-7.93"}, {"energy": "7.090e+00", "width": "4.2125e+02", "ip": "4.455e-09", "ts": "0", "stretch": "2.2802e+05", "date": "2062-08-26.05", "dist": "136.496", "sigma_lov": "-0.45351", "sigma_imp": "0.322", "ps": "-7.80"}, {"energy": "7.215e+00", "width": "8.5299e+01", "ip": "7.550e-09", "ts": "0", "stretch": "4.9357e+05", "date": "2062-08-11.07", "dist": "71.330", "sigma_lov": "-0.45402", "sigma_imp": "0.825", "ps": "-7.57"}, {"energy": "7.991e+00", "width": "8.0074e+01", "ip": "5.446e-09", "ts": "0", "stretch": "8.8609e+05", "date": "2061-08-11.28", "dist": "48.891", "sigma_lov": "-0.37705", "sigma_imp": "0.598", "ps": "-7.67"}, {"energy": "6.617e+00", "width": "2.9701e+02", "ip": "1.181e-09", "ts": "0", "stretch": "1.2577e+06", "date": "2061-08-19.79", "dist": "16.428", "sigma_lov": "-0.49743", "sigma_imp": "0.052", "ps": "-8.40"}, {"energy": "6.118e+00", "width": "3.7806e+02", "ip": "7.313e-09", "ts": "0", "stretch": "1.5143e+05", "date": "2060-08-21.55", "dist": "81.892", "sigma_lov": "-0.55436", "sigma_imp": "0.214", "ps": "-7.62"}, {"energy": "9.097e+00", "width": "2.9938e+01", "ip": "1.195e-09", "ts": "0", "stretch": "1.0621e+06", "date": "2060-08-07.21", "dist": "67.355", "sigma_lov": "-0.30487", "sigma_imp": "2.216", "ps": "-8.27"}, {"energy": "1.725e+01", "width": "3.9726e+01", "ip": "2.817e-09", "ts": "0", "stretch": "1.3887e+06", "date": "2060-08-01.25", "dist": "60.726", "sigma_lov": "0.03038", "sigma_imp": "1.503", "ps": "-7.67"}, {"energy": "1.562e+01", "width": "3.0187e+01", "ip": "4.384e-09", "ts": "0", "stretch": "3.5765e+06", "date": "2059-08-06.91", "dist": "9.988", "sigma_lov": "0.01105", "sigma_imp": "0.298", "ps": "-7.51"}, {"energy": "7.046e+00", "width": "1.1847e+02", "ip": "8.799e-09", "ts": "0", "stretch": "3.8643e+05", "date": "2059-08-13.84", "dist": "55.233", "sigma_lov": "-0.46295", "sigma_imp": "0.458", "ps": "-7.48"}, {"energy": "7.900e+00", "width": "3.2643e+02", "ip": "1.368e-09", "ts": "0", "stretch": "8.9654e+05", "date": "2058-09-07.36", "dist": "178.776", "sigma_lov": "-0.37883", "sigma_imp": "0.545", "ps": "-8.24"}, {"energy": "7.542e+00", "width": "2.9668e+02", "ip": "2.026e-09", "ts": "0", "stretch": "6.6013e+05", "date": "2057-09-07.39", "dist": "157.927", "sigma_lov": "-0.42247", "sigma_imp": "0.529", "ps": "-8.08"}, {"energy": "7.592e+00", "width": "7.4090e+01", "ip": "5.640e-09", "ts": "0", "stretch": "6.4170e+05", "date": "2057-08-09.26", "dist": "76.510", "sigma_lov": "-0.42335", "sigma_imp": "1.019", "ps": "-7.63"}, {"energy": "9.218e+00", "width": "2.7137e+01", "ip": "2.511e-10", "ts": "0", "stretch": "1.1582e+06", "date": "2057-08-06.29", "dist": "77.749", "sigma_lov": "-0.30181", "sigma_imp": "2.828", "ps": "-8.91"}, {"energy": "2.365e+01", "width": "7.8591e+01", "ip": "3.181e-10", "ts": "0", "stretch": "6.1555e+06", "date": "2056-08-08.95", "dist": "119.238", "sigma_lov": "0.23366", "sigma_imp": "1.504", "ps": "-8.47"}, {"energy": "6.336e+00", "width": "3.8149e+02", "ip": "4.769e-09", "ts": "0", "stretch": "2.3781e+05", "date": "2055-08-22.53", "dist": "37.167", "sigma_lov": "-0.52844", "sigma_imp": "0.095", "ps": "-7.74"}, {"energy": "1.585e+01", "width": "2.8779e+01", "ip": "5.776e-09", "ts": "0", "stretch": "2.9887e+06", "date": "2055-08-06.12", "dist": "3.181", "sigma_lov": "0.01386", "sigma_imp": "0.076", "ps": "-7.34"}, {"energy": "7.980e+00", "width": "7.8969e+01", "ip": "5.782e-09", "ts": "0", "stretch": "7.8756e+05", "date": "2055-08-11.04", "dist": "56.543", "sigma_lov": "-0.38225", "sigma_imp": "0.703", "ps": "-7.58"}, {"energy": "9.248e+00", "width": "2.7338e+01", "ip": "2.652e-10", "ts": "0", "stretch": "1.4127e+06", "date": "2054-08-06.64", "dist": "75.807", "sigma_lov": "-0.29855", "sigma_imp": "2.736", "ps": "-8.85"}, {"energy": "1.941e+01", "width": "6.7641e+01", "ip": "1.447e-09", "ts": "0", "stretch": "4.0833e+06", "date": "2054-07-31.24", "dist": "44.938", "sigma_lov": "0.07690", "sigma_imp": "0.650", "ps": "-7.86"}, {"energy": "1.404e+01", "width": "3.4212e+01", "ip": "2.455e-10", "ts": "0", "stretch": "2.9691e+06", "date": "2053-08-10.61", "dist": "83.777", "sigma_lov": "-0.02917", "sigma_imp": "2.420", "ps": "-8.73"}, {"energy": "7.853e+00", "width": "3.2075e+02", "ip": "2.059e-09", "ts": "0", "stretch": "6.0558e+05", "date": "2052-09-06.93", "dist": "174.941", "sigma_lov": "-0.38507", "sigma_imp": "0.542", "ps": "-8.00"}, {"energy": "7.948e+00", "width": "8.1094e+01", "ip": "6.189e-09", "ts": "0", "stretch": "7.1296e+05", "date": "2052-08-10.17", "dist": "58.469", "sigma_lov": "-0.38589", "sigma_imp": "0.709", "ps": "-7.51"}, {"energy": "2.061e+01", "width": "7.1059e+01", "ip": "1.807e-09", "ts": "0", "stretch": "3.5053e+06", "date": "2052-08-01.11", "dist": "31.483", "sigma_lov": "0.11760", "sigma_imp": "0.429", "ps": "-7.72"}, {"energy": "7.389e+00", "width": "2.9584e+02", "ip": "2.146e-09", "ts": "0", "stretch": "6.3411e+05", "date": "2051-09-07.00", "dist": "145.767", "sigma_lov": "-0.43653", "sigma_imp": "0.489", "ps": "-7.99"}, {"energy": "7.434e+00", "width": "7.7548e+01", "ip": "6.274e-09", "ts": "0", "stretch": "5.5565e+05", "date": "2051-08-09.85", "dist": "79.006", "sigma_lov": "-0.43746", "sigma_imp": "1.006", "ps": "-7.52"}, {"energy": "1.617e+01", "width": "2.6477e+01", "ip": "4.308e-09", "ts": "0", "stretch": "3.1899e+06", "date": "2051-08-04.88", "dist": "21.103", "sigma_lov": "0.01628", "sigma_imp": "0.759", "ps": "-7.41"}, {"energy": "2.727e+01", "width": "4.0591e+01", "ip": "1.671e-09", "ts": "0", "stretch": "6.0228e+06", "date": "2051-08-02.01", "dist": "23.749", "sigma_lov": "0.24808", "sigma_imp": "0.560", "ps": "-7.64"}, {"energy": "3.881e+01", "width": "4.9842e+01", "ip": "1.294e-10", "ts": "0", "stretch": "5.9308e+06", "date": "2051-07-19.92", "dist": "111.862", "sigma_lov": "0.32260", "sigma_imp": "2.224", "ps": "-8.63"}, {"energy": "6.670e+00", "width": "2.2362e+02", "ip": "8.349e-09", "ts": "0", "stretch": "2.3262e+05", "date": "2050-08-17.58", "dist": "41.278", "sigma_lov": "-0.49700", "sigma_imp": "0.180", "ps": "-7.42"}, {"energy": "2.456e+01", "width": "6.1345e+01", "ip": "7.037e-10", "ts": "0", "stretch": "5.2155e+06", "date": "2050-08-06.99", "dist": "76.141", "sigma_lov": "0.23487", "sigma_imp": "1.225", "ps": "-8.04"}, {"energy": "6.022e+00", "width": "3.6833e+02", "ip": "7.420e-09", "ts": "0", "stretch": "1.5068e+05", "date": "2049-08-21.41", "dist": "93.824", "sigma_lov": "-0.56764", "sigma_imp": "0.252", "ps": "-7.49"}, {"energy": "7.790e+00", "width": "3.1832e+02", "ip": "2.344e-09", "ts": "0", "stretch": "5.4159e+05", "date": "2049-09-06.19", "dist": "166.708", "sigma_lov": "-0.38895", "sigma_imp": "0.521", "ps": "-7.90"}, {"energy": "7.679e+00", "width": "4.4162e+02", "ip": "3.406e-09", "ts": "0", "stretch": "2.8442e+05", "date": "2049-08-28.90", "dist": "176.664", "sigma_lov": "-0.38921", "sigma_imp": "0.398", "ps": "-7.75"}, {"energy": "7.880e+00", "width": "8.0142e+01", "ip": "6.752e-09", "ts": "0", "stretch": "6.5883e+05", "date": "2049-08-10.69", "dist": "58.023", "sigma_lov": "-0.38977", "sigma_imp": "0.712", "ps": "-7.44"}, {"energy": "9.344e+00", "width": "3.1279e+01", "ip": "9.059e-10", "ts": "0", "stretch": "1.0706e+06", "date": "2048-08-06.38", "dist": "73.493", "sigma_lov": "-0.29103", "sigma_imp": "2.318", "ps": "-8.24"}, {"energy": "1.911e+01", "width": "7.2770e+01", "ip": "1.768e-09", "ts": "0", "stretch": "3.0661e+06", "date": "2047-08-06.76", "dist": "49.460", "sigma_lov": "0.11251", "sigma_imp": "0.666", "ps": "-7.69"}, {"energy": "7.847e+00", "width": "7.8381e+01", "ip": "6.517e-09", "ts": "0", "stretch": "6.5509e+05", "date": "2046-08-10.42", "dist": "63.054", "sigma_lov": "-0.39463", "sigma_imp": "0.792", "ps": "-7.41"}, {"energy": "2.106e+01", "width": "7.0986e+00", "ip": "3.457e-09", "ts": "0", "stretch": "6.0610e+06", "date": "2046-07-28.38", "dist": "11.050", "sigma_lov": "0.09325", "sigma_imp": "1.416", "ps": "-7.35"}, {"energy": "7.087e+00", "width": "3.3179e+02", "ip": "3.865e-09", "ts": "0", "stretch": "3.3388e+05", "date": "2045-09-01.52", "dist": "105.123", "sigma_lov": "-0.45725", "sigma_imp": "0.314", "ps": "-7.66"}, {"energy": "7.120e+00", "width": "1.0864e+02", "ip": "8.744e-09", "ts": "0", "stretch": "4.0163e+05", "date": "2045-08-12.24", "dist": "62.453", "sigma_lov": "-0.45804", "sigma_imp": "0.566", "ps": "-7.31"}, {"energy": "1.462e+01", "width": "2.0577e+01", "ip": "8.083e-09", "ts": "0", "stretch": "2.5340e+06", "date": "2045-08-06.05", "dist": "12.003", "sigma_lov": "-0.03322", "sigma_imp": "0.535", "ps": "-7.09"}, {"energy": "2.824e+01", "width": "3.6238e+01", "ip": "5.405e-10", "ts": "0", "stretch": "6.3827e+06", "date": "2045-07-30.67", "dist": "59.648", "sigma_lov": "0.25120", "sigma_imp": "1.618", "ps": "-8.04"}, {"energy": "9.504e+00", "width": "3.0050e+01", "ip": "3.050e-10", "ts": "0", "stretch": "1.2064e+06", "date": "2045-08-05.59", "dist": "82.531", "sigma_lov": "-0.28625", "sigma_imp": "2.713", "ps": "-8.66"}, {"energy": "3.209e+01", "width": "3.3217e+02", "ip": "2.385e-10", "ts": "0", "stretch": "5.1300e+06", "date": "2045-08-05.08", "dist": "182.813", "sigma_lov": "0.33350", "sigma_imp": "0.547", "ps": "-8.35"}, {"energy": "2.527e+01", "width": "5.6993e+01", "ip": "1.306e-09", "ts": "0", "stretch": "5.0781e+06", "date": "2044-08-04.55", "dist": "40.452", "sigma_lov": "0.23603", "sigma_imp": "0.692", "ps": "-7.68"}, {"energy": "7.695e+00", "width": "3.1363e+02", "ip": "2.789e-09", "ts": "0", "stretch": "4.6190e+05", "date": "2043-09-06.76", "dist": "161.860", "sigma_lov": "-0.39910", "sigma_imp": "0.513", "ps": "-7.74"}, {"energy": "7.589e+00", "width": "4.4653e+02", "ip": "4.202e-09", "ts": "0", "stretch": "2.2786e+05", "date": "2043-08-28.84", "dist": "174.664", "sigma_lov": "-0.39943", "sigma_imp": "0.389", "ps": "-7.57"}, {"energy": "7.771e+00", "width": "8.0984e+01", "ip": "7.963e-09", "ts": "0", "stretch": "5.2953e+05", "date": "2043-08-10.87", "dist": "62.846", "sigma_lov": "-0.40011", "sigma_imp": "0.764", "ps": "-7.28"}, {"energy": "2.181e+01", "width": "4.7183e+01", "ip": "7.894e-10", "ts": "0", "stretch": "3.7807e+06", "date": "2043-07-30.74", "dist": "74.863", "sigma_lov": "0.13014", "sigma_imp": "1.565", "ps": "-7.93"}, {"energy": "1.645e+01", "width": "2.2006e+01", "ip": "3.920e-09", "ts": "0", "stretch": "2.7131e+06", "date": "2043-08-04.48", "dist": "27.113", "sigma_lov": "0.02342", "sigma_imp": "1.187", "ps": "-7.33"}, {"energy": "9.582e+00", "width": "2.8016e+01", "ip": "2.745e-10", "ts": "0", "stretch": "9.5456e+05", "date": "2042-08-05.92", "dist": "81.034", "sigma_lov": "-0.28055", "sigma_imp": "2.857", "ps": "-8.66"}, {"energy": "1.793e+01", "width": "7.8660e+01", "ip": "1.165e-09", "ts": "0", "stretch": "1.5911e+06", "date": "2042-08-10.61", "dist": "123.215", "sigma_lov": "0.10687", "sigma_imp": "1.554", "ps": "-7.81"}, {"energy": "7.620e+00", "width": "3.1520e+02", "ip": "3.230e-09", "ts": "0", "stretch": "3.9960e+05", "date": "2040-09-05.78", "dist": "156.580", "sigma_lov": "-0.40646", "sigma_imp": "0.494", "ps": "-7.63"}, {"energy": "7.524e+00", "width": "4.5058e+02", "ip": "4.795e-09", "ts": "0", "stretch": "1.9837e+05", "date": "2040-08-27.73", "dist": "169.983", "sigma_lov": "-0.40684", "sigma_imp": "0.375", "ps": "-7.46"}, {"energy": "7.691e+00", "width": "8.3653e+01", "ip": "8.640e-09", "ts": "0", "stretch": "4.7172e+05", "date": "2040-08-10.11", "dist": "64.761", "sigma_lov": "-0.40759", "sigma_imp": "0.762", "ps": "-7.20"}, {"energy": "6.734e+00", "width": "4.1115e+02", "ip": "6.776e-09", "ts": "0", "stretch": "1.5725e+05", "date": "2039-08-25.66", "dist": "64.462", "sigma_lov": "-0.48907", "sigma_imp": "0.154", "ps": "-7.33"}, {"energy": "6.767e+00", "width": "1.7322e+02", "ip": "1.058e-08", "ts": "0", "stretch": "2.3188e+05", "date": "2039-08-15.83", "dist": "50.575", "sigma_lov": "-0.48953", "sigma_imp": "0.286", "ps": "-7.14"}, {"energy": "1.696e+01", "width": "1.9259e+01", "ip": "4.204e-10", "ts": "0", "stretch": "2.4194e+06", "date": "2039-08-02.99", "dist": "49.034", "sigma_lov": "0.02828", "sigma_imp": "2.494", "ps": "-8.22"}, {"energy": "2.630e+01", "width": "4.1542e+01", "ip": "2.803e-09", "ts": "0", "stretch": "4.0442e+06", "date": "2038-08-02.36", "dist": "10.458", "sigma_lov": "0.23701", "sigma_imp": "0.228", "ps": "-7.22"}, {"energy": "2.163e+01", "width": "1.4891e+02", "ip": "6.495e-10", "ts": "0", "stretch": "2.3018e+06", "date": "2037-08-12.72", "dist": "186.729", "sigma_lov": "0.21407", "sigma_imp": "1.247", "ps": "-7.91"}, {"energy": "7.473e+00", "width": "3.3016e+02", "ip": "4.218e-09", "ts": "0", "stretch": "3.0243e+05", "date": "2037-09-03.33", "dist": "136.164", "sigma_lov": "-0.41560", "sigma_imp": "0.409", "ps": "-7.46"}, {"energy": "7.416e+00", "width": "4.2432e+02", "ip": "5.588e-09", "ts": "0", "stretch": "1.8299e+05", "date": "2037-08-28.05", "dist": "140.843", "sigma_lov": "-0.41589", "sigma_imp": "0.330", "ps": "-7.34"}, {"energy": "7.537e+00", "width": "9.1454e+01", "ip": "1.067e-08", "ts": "0", "stretch": "3.8290e+05", "date": "2037-08-11.52", "dist": "58.425", "sigma_lov": "-0.41667", "sigma_imp": "0.628", "ps": "-7.06"}, {"energy": "1.470e+01", "width": "1.3370e+01", "ip": "7.736e-10", "ts": "0", "stretch": "1.9794e+06", "date": "2037-08-03.98", "dist": "33.816", "sigma_lov": "-0.04108", "sigma_imp": "2.454", "ps": "-7.96"}, {"energy": "4.590e+01", "width": "1.1669e+02", "ip": "4.564e-10", "ts": "0", "stretch": "7.1160e+06", "date": "2037-07-27.79", "dist": "70.633", "sigma_lov": "0.43295", "sigma_imp": "0.597", "ps": "-7.80"}, {"energy": "1.898e+01", "width": "2.9238e+02", "ip": "3.066e-10", "ts": "0", "stretch": "5.1179e+06", "date": "2036-09-28.29", "dist": "107.774", "sigma_lov": "0.19005", "sigma_imp": "0.365", "ps": "-8.26"}, {"energy": "9.856e+00", "width": "2.9643e+01", "ip": "3.615e-10", "ts": "0", "stretch": "8.1908e+05", "date": "2036-08-04.97", "dist": "83.929", "sigma_lov": "-0.26500", "sigma_imp": "2.798", "ps": "-8.41"}, {"energy": "1.717e+01", "width": "1.6909e+01", "ip": "2.001e-10", "ts": "0", "stretch": "2.2679e+06", "date": "2035-08-02.94", "dist": "48.887", "sigma_lov": "0.03464", "sigma_imp": "2.832", "ps": "-8.45"}, {"energy": "7.370e+00", "width": "3.2946e+02", "ip": "5.000e-09", "ts": "0", "stretch": "2.5660e+05", "date": "2034-09-03.27", "dist": "128.796", "sigma_lov": "-0.42746", "sigma_imp": "0.388", "ps": "-7.32"}, {"energy": "7.422e+00", "width": "9.5093e+01", "ip": "1.238e-08", "ts": "0", "stretch": "3.1546e+05", "date": "2034-08-11.79", "dist": "60.893", "sigma_lov": "-0.42871", "sigma_imp": "0.630", "ps": "-6.93"}, {"energy": "2.697e+01", "width": "3.8559e+01", "ip": "4.828e-10", "ts": "0", "stretch": "1.6817e+07", "date": "2032-07-31.56", "dist": "36.147", "sigma_lov": "0.23927", "sigma_imp": "0.912", "ps": "-7.83"}, {"energy": "7.203e+00", "width": "1.1886e+02", "ip": "1.520e-08", "ts": "0", "stretch": "2.2697e+05", "date": "2031-08-13.68", "dist": "52.868", "sigma_lov": "-0.44557", "sigma_imp": "0.436", "ps": "-6.77"}, {"energy": "1.757e+01", "width": "1.7960e+01", "ip": "2.072e-10", "ts": "0", "stretch": "1.7801e+06", "date": "2031-08-02.61", "dist": "52.828", "sigma_lov": "0.04415", "sigma_imp": "2.886", "ps": "-8.32"}, {"energy": "6.919e+00", "width": "1.7132e+02", "ip": "1.785e-08", "ts": "0", "stretch": "1.4168e+05", "date": "2028-08-15.29", "dist": "43.361", "sigma_lov": "-0.47065", "sigma_imp": "0.247", "ps": "-6.61"}, {"energy": "6.490e+00", "width": "3.8082e+02", "ip": "1.911e-08", "ts": "0", "stretch": "6.0234e+04", "date": "2025-08-21.95", "dist": "17.681", "sigma_lov": "-0.51003", "sigma_imp": "0.044", "ps": "-6.47"}, {"energy": "8.838e+00", "width": "4.3280e+01", "ip": "7.293e-10", "ts": "0", "stretch": "1.7220e+06", "date": "2020-08-05.69", "dist": "90.046", "sigma_lov": "-0.33127", "sigma_imp": "2.057", "ps": "-7.38"}]}