{"summary": {"energy": "1.284e-01", "darc": "1.0300 days", "ip": "9.800391e-07", "h": "26.56", "nobs": "18", "mass": "6.06e+06", "v_inf": "6.85", "first_obs": "2014-Apr-23.08628", "method": "LOV", "pdate": "2017-04-08 21:29:46", "ndop": "0", "cdate": "2017-04-08 21:29:46", "ps_cum": "-6.43", "diameter": "0.0162564765018049", "ndel": "0", "v_imp": "13.22", "ps_max": "-7.44", "last_obs": "2014-Apr-24.11626", "fullname": "(2014 HG196)", "n_imp": "333", "ts_max": "0", "nsat": "0", "des": "2014 HG196"}, "signature": {"source": "NASA/JPL Sentry Data API", "version": "1.1"}, "data": [{"energy": "1.295e-01", "width": "2.0704e+01", "ip": "1.061e-10", "ts": "0", "stretch": "5.0521e+07", "date": "2117-03-24.88", "dist": "35.880", "sigma_lov": "-0.09323", "sigma_imp": "1.685", "ps": "-11.2"}, {"energy": "1.345e-01", "width": "3.1688e+01", "ip": "1.523e-09", "ts": "0", "stretch": "7.4583e+06", "date": "2115-05-23.84", "dist": "5.099", "sigma_lov": "-0.80016", "sigma_imp": "0.129", "ps": "-9.98"}, {"energy": "1.293e-01", "width": "2.2075e+01", "ip": "4.208e-10", "ts": "0", "stretch": "1.1512e+07", "date": "2115-03-25.16", "dist": "38.723", "sigma_lov": "-0.09304", "sigma_imp": "1.709", "ps": "-10.6"}, {"energy": "1.333e-01", "width": "1.7101e+01", "ip": "7.290e-10", "ts": "0", "stretch": "3.0716e+06", "date": "2115-03-26.58", "dist": "38.755", "sigma_lov": "-0.08155", "sigma_imp": "2.208", "ps": "-10.3"}, {"energy": "1.041e-01", "width": "1.3526e+02", "ip": "1.095e-08", "ts": "0", "stretch": "2.6404e+05", "date": "2114-06-18.26", "dist": "5.478", "sigma_lov": "-0.70425", "sigma_imp": "0.033", "ps": "-9.21"}, {"energy": "1.343e-01", "width": "1.9526e+01", "ip": "2.411e-09", "ts": "0", "stretch": "7.4205e+06", "date": "2113-05-23.45", "dist": "5.721", "sigma_lov": "-0.79992", "sigma_imp": "0.242", "ps": "-9.78"}, {"energy": "1.344e-01", "width": "8.6355e+01", "ip": "3.756e-10", "ts": "0", "stretch": "4.0053e+06", "date": "2113-08-10.78", "dist": "124.059", "sigma_lov": "-0.80046", "sigma_imp": "1.425", "ps": "-10.6"}, {"energy": "1.075e-01", "width": "1.3673e+02", "ip": "2.972e-09", "ts": "0", "stretch": "1.0943e+06", "date": "2113-03-06.67", "dist": "62.641", "sigma_lov": "-0.15800", "sigma_imp": "0.451", "ps": "-9.76"}, {"energy": "1.075e-01", "width": "1.3100e+02", "ip": "1.674e-09", "ts": "0", "stretch": "2.0028e+06", "date": "2113-03-06.83", "dist": "63.429", "sigma_lov": "-0.15777", "sigma_imp": "0.477", "ps": "-10.0"}, {"energy": "1.205e-01", "width": "3.3551e+01", "ip": "2.058e-10", "ts": "0", "stretch": "2.6828e+07", "date": "2112-03-20.38", "dist": "47.124", "sigma_lov": "-0.11659", "sigma_imp": "1.375", "ps": "-10.9"}, {"energy": "1.345e-01", "width": "8.6516e+01", "ip": "3.676e-10", "ts": "0", "stretch": "4.1214e+06", "date": "2109-08-10.71", "dist": "123.784", "sigma_lov": "-0.80000", "sigma_imp": "1.419", "ps": "-10.6"}, {"energy": "1.171e-01", "width": "4.8198e+01", "ip": "2.675e-10", "ts": "0", "stretch": "2.7407e+07", "date": "2109-03-18.25", "dist": "39.697", "sigma_lov": "-0.12720", "sigma_imp": "0.803", "ps": "-10.8"}, {"energy": "1.435e-01", "width": "9.5878e+01", "ip": "2.843e-10", "ts": "0", "stretch": "1.3072e+07", "date": "2108-05-20.63", "dist": "9.254", "sigma_lov": "-0.82353", "sigma_imp": "0.086", "ps": "-10.7"}, {"energy": "1.486e-01", "width": "2.3897e+01", "ip": "7.268e-10", "ts": "0", "stretch": "7.4967e+06", "date": "2108-03-29.93", "dist": "39.192", "sigma_lov": "-0.04349", "sigma_imp": "1.598", "ps": "-10.2"}, {"energy": "1.549e-01", "width": "2.0987e+01", "ip": "5.180e-10", "ts": "0", "stretch": "1.0044e+07", "date": "2106-03-31.74", "dist": "36.611", "sigma_lov": "-0.02820", "sigma_imp": "1.697", "ps": "-10.4"}, {"energy": "1.339e-01", "width": "8.9127e+01", "ip": "3.337e-10", "ts": "0", "stretch": "4.6935e+06", "date": "2105-08-10.35", "dist": "123.555", "sigma_lov": "-0.79952", "sigma_imp": "1.375", "ps": "-10.6"}, {"energy": "2.356e-01", "width": "1.9843e+01", "ip": "1.553e-09", "ts": "0", "stretch": "9.7593e+06", "date": "2105-04-07.94", "dist": "19.847", "sigma_lov": "0.12601", "sigma_imp": "0.950", "ps": "-9.73"}, {"energy": "1.302e-01", "width": "5.0579e+01", "ip": "2.016e-09", "ts": "0", "stretch": "3.9840e+06", "date": "2105-03-25.19", "dist": "32.264", "sigma_lov": "-0.09219", "sigma_imp": "0.618", "ps": "-9.83"}, {"energy": "1.078e-01", "width": "1.2325e+02", "ip": "1.319e-09", "ts": "0", "stretch": "2.2843e+06", "date": "2104-07-13.17", "dist": "36.361", "sigma_lov": "-0.71828", "sigma_imp": "0.287", "ps": "-10.1"}, {"energy": "1.078e-01", "width": "5.8852e+01", "ip": "8.664e-10", "ts": "0", "stretch": "7.4058e+06", "date": "2104-06-06.49", "dist": "13.547", "sigma_lov": "-0.71819", "sigma_imp": "0.213", "ps": "-10.3"}, {"energy": "1.686e-01", "width": "1.4073e+01", "ip": "4.369e-10", "ts": "0", "stretch": "7.1891e+06", "date": "2104-04-02.13", "dist": "31.014", "sigma_lov": "-0.00111", "sigma_imp": "2.133", "ps": "-10.4"}, {"energy": "1.686e-01", "width": "1.6425e+01", "ip": "1.111e-09", "ts": "0", "stretch": "5.9160e+06", "date": "2104-04-02.14", "dist": "28.770", "sigma_lov": "-0.00100", "sigma_imp": "1.691", "ps": "-9.99"}, {"energy": "2.064e-01", "width": "1.9670e+01", "ip": "5.993e-10", "ts": "0", "stretch": "3.1784e+07", "date": "2103-04-07.10", "dist": "14.873", "sigma_lov": "0.07168", "sigma_imp": "0.705", "ps": "-10.2"}, {"energy": "1.691e-01", "width": "1.8541e+01", "ip": "1.250e-09", "ts": "0", "stretch": "5.0755e+06", "date": "2102-04-02.86", "dist": "31.552", "sigma_lov": "0.00135", "sigma_imp": "1.648", "ps": "-9.93"}, {"energy": "1.961e-01", "width": "2.0535e+01", "ip": "2.240e-09", "ts": "0", "stretch": "5.3457e+06", "date": "2102-04-05.91", "dist": "24.444", "sigma_lov": "0.05485", "sigma_imp": "1.142", "ps": "-9.62"}, {"energy": "1.625e-01", "width": "1.1755e+01", "ip": "1.767e-10", "ts": "0", "stretch": "6.1860e+06", "date": "2102-04-01.69", "dist": "31.834", "sigma_lov": "-0.01277", "sigma_imp": "2.623", "ps": "-10.8"}, {"energy": "1.438e-01", "width": "2.0684e+01", "ip": "3.332e-10", "ts": "0", "stretch": "2.5825e+07", "date": "2102-03-29.17", "dist": "29.710", "sigma_lov": "-0.05529", "sigma_imp": "1.388", "ps": "-10.6"}, {"energy": "1.436e-01", "width": "4.6763e+01", "ip": "8.996e-10", "ts": "0", "stretch": "8.3528e+06", "date": "2102-03-29.06", "dist": "39.192", "sigma_lov": "-0.05584", "sigma_imp": "0.817", "ps": "-10.1"}, {"energy": "1.340e-01", "width": "8.7117e+01", "ip": "1.759e-10", "ts": "0", "stretch": "8.6875e+06", "date": "2101-08-10.29", "dist": "123.714", "sigma_lov": "-0.79915", "sigma_imp": "1.409", "ps": "-10.9"}, {"energy": "1.249e-01", "width": "4.7255e+01", "ip": "1.209e-10", "ts": "0", "stretch": "6.4510e+07", "date": "2100-03-22.14", "dist": "36.579", "sigma_lov": "-0.10416", "sigma_imp": "0.753", "ps": "-11.0"}, {"energy": "1.393e-01", "width": "6.5148e+00", "ip": "6.138e-09", "ts": "0", "stretch": "3.4117e+06", "date": "2099-05-21.72", "dist": "9.099", "sigma_lov": "-0.81371", "sigma_imp": "1.243", "ps": "-9.29"}, {"energy": "1.097e-01", "width": "1.0267e+02", "ip": "1.700e-09", "ts": "0", "stretch": "2.4809e+06", "date": "2099-03-10.16", "dist": "52.874", "sigma_lov": "-0.15083", "sigma_imp": "0.505", "ps": "-9.93"}, {"energy": "2.502e-01", "width": "2.4154e+01", "ip": "6.170e-10", "ts": "0", "stretch": "2.3745e+07", "date": "2098-04-07.63", "dist": "19.761", "sigma_lov": "0.14824", "sigma_imp": "0.777", "ps": "-10.1"}, {"energy": "1.616e-01", "width": "2.9957e+01", "ip": "3.311e-09", "ts": "0", "stretch": "3.0082e+06", "date": "2097-03-31.44", "dist": "30.440", "sigma_lov": "-0.01468", "sigma_imp": "0.983", "ps": "-9.49"}, {"energy": "1.508e-01", "width": "1.9287e+01", "ip": "3.024e-10", "ts": "0", "stretch": "1.0546e+07", "date": "2096-03-29.22", "dist": "39.485", "sigma_lov": "-0.03869", "sigma_imp": "1.995", "ps": "-10.6"}, {"energy": "1.509e-01", "width": "5.2569e+01", "ip": "1.233e-09", "ts": "0", "stretch": "6.3211e+06", "date": "2096-03-29.12", "dist": "33.110", "sigma_lov": "-0.03838", "sigma_imp": "0.611", "ps": "-9.94"}, {"energy": "1.698e-01", "width": "1.5076e+01", "ip": "1.727e-10", "ts": "0", "stretch": "8.0077e+06", "date": "2096-03-31.87", "dist": "38.020", "sigma_lov": "0.00706", "sigma_imp": "2.456", "ps": "-10.8"}, {"energy": "1.905e-01", "width": "1.3020e+01", "ip": "3.624e-10", "ts": "0", "stretch": "8.5341e+06", "date": "2095-04-04.36", "dist": "29.236", "sigma_lov": "0.04433", "sigma_imp": "2.169", "ps": "-10.4"}, {"energy": "1.476e-01", "width": "2.1182e+01", "ip": "1.664e-10", "ts": "0", "stretch": "6.1026e+07", "date": "2095-03-29.28", "dist": "27.503", "sigma_lov": "-0.04544", "sigma_imp": "1.251", "ps": "-10.8"}, {"energy": "1.588e-01", "width": "3.2412e+01", "ip": "1.619e-09", "ts": "0", "stretch": "6.4187e+06", "date": "2094-03-31.43", "dist": "28.802", "sigma_lov": "-0.01993", "sigma_imp": "0.858", "ps": "-9.79"}, {"energy": "1.173e-01", "width": "5.3687e+01", "ip": "1.348e-09", "ts": "0", "stretch": "4.7908e+06", "date": "2094-03-17.08", "dist": "45.431", "sigma_lov": "-0.12598", "sigma_imp": "0.828", "ps": "-9.98"}, {"energy": "1.174e-01", "width": "2.7044e+01", "ip": "2.110e-09", "ts": "0", "stretch": "1.7175e+06", "date": "2094-03-17.17", "dist": "48.709", "sigma_lov": "-0.12585", "sigma_imp": "1.764", "ps": "-9.78"}, {"energy": "1.336e-01", "width": "8.8187e+01", "ip": "3.387e-10", "ts": "0", "stretch": "4.7173e+06", "date": "2093-08-08.98", "dist": "121.722", "sigma_lov": "-0.79815", "sigma_imp": "1.369", "ps": "-10.5"}, {"energy": "1.859e-01", "width": "1.4650e+01", "ip": "8.615e-10", "ts": "0", "stretch": "9.6671e+06", "date": "2093-04-03.62", "dist": "24.610", "sigma_lov": "0.03236", "sigma_imp": "1.612", "ps": "-10.0"}, {"energy": "1.940e-01", "width": "2.4044e+01", "ip": "2.542e-09", "ts": "0", "stretch": "4.8164e+06", "date": "2093-04-04.67", "dist": "24.722", "sigma_lov": "0.04745", "sigma_imp": "0.987", "ps": "-9.52"}, {"energy": "1.633e-01", "width": "1.3479e+01", "ip": "2.548e-10", "ts": "0", "stretch": "8.7334e+06", "date": "2093-03-31.81", "dist": "31.993", "sigma_lov": "-0.01219", "sigma_imp": "2.299", "ps": "-10.6"}, {"energy": "2.074e-01", "width": "5.6022e+00", "ip": "8.667e-10", "ts": "0", "stretch": "4.1899e+07", "date": "2091-05-12.81", "dist": "5.269", "sigma_lov": "-0.96274", "sigma_imp": "0.762", "ps": "-9.96"}, {"energy": "1.335e-01", "width": "8.8432e+01", "ip": "3.458e-10", "ts": "0", "stretch": "4.6513e+06", "date": "2091-08-09.52", "dist": "121.479", "sigma_lov": "-0.79786", "sigma_imp": "1.362", "ps": "-10.5"}, {"energy": "1.342e-01", "width": "3.7738e+01", "ip": "3.942e-10", "ts": "0", "stretch": "2.2920e+07", "date": "2091-03-25.74", "dist": "32.884", "sigma_lov": "-0.07898", "sigma_imp": "0.845", "ps": "-10.4"}, {"energy": "2.509e-01", "width": "1.4269e+01", "ip": "1.002e-09", "ts": "0", "stretch": "1.0029e+07", "date": "2090-05-10.83", "dist": "17.024", "sigma_lov": "-1.04417", "sigma_imp": "1.123", "ps": "-9.82"}, {"energy": "2.195e-01", "width": "7.6981e-01", "ip": "1.107e-10", "ts": "0", "stretch": "1.4397e+07", "date": "2090-05-11.73", "dist": "2.948", "sigma_lov": "-0.98772", "sigma_imp": "2.531", "ps": "-10.8"}, {"energy": "1.183e-01", "width": "1.3597e+00", "ip": "8.974e-09", "ts": "0", "stretch": "2.3441e+07", "date": "2089-05-29.85", "dist": "0.951", "sigma_lov": "-0.75284", "sigma_imp": "0.000", "ps": "-9.12"}, {"energy": "1.421e-01", "width": "2.3659e+01", "ip": "4.401e-10", "ts": "0", "stretch": "1.0577e+07", "date": "2089-03-27.68", "dist": "41.136", "sigma_lov": "-0.05910", "sigma_imp": "1.696", "ps": "-10.4"}, {"energy": "2.638e-01", "width": "1.9907e+01", "ip": "1.191e-09", "ts": "0", "stretch": "9.0692e+06", "date": "2088-05-09.33", "dist": "15.049", "sigma_lov": "-1.06393", "sigma_imp": "0.706", "ps": "-9.72"}, {"energy": "2.095e-01", "width": "1.6030e+01", "ip": "1.337e-09", "ts": "0", "stretch": "6.2382e+06", "date": "2088-04-05.29", "dist": "26.016", "sigma_lov": "0.07809", "sigma_imp": "1.561", "ps": "-9.75"}, {"energy": "2.175e-01", "width": "1.1914e+01", "ip": "2.492e-09", "ts": "0", "stretch": "1.0335e+07", "date": "2087-05-12.34", "dist": "1.513", "sigma_lov": "-0.98629", "sigma_imp": "0.043", "ps": "-9.46"}, {"energy": "1.831e-01", "width": "1.8240e+01", "ip": "1.298e-09", "ts": "0", "stretch": "6.5702e+06", "date": "2087-04-04.11", "dist": "27.874", "sigma_lov": "0.02662", "sigma_imp": "1.473", "ps": "-9.80"}, {"energy": "1.651e-01", "width": "1.2201e+01", "ip": "2.455e-10", "ts": "0", "stretch": "3.9647e+06", "date": "2087-04-01.36", "dist": "33.394", "sigma_lov": "-0.00614", "sigma_imp": "2.655", "ps": "-10.6"}, {"energy": "2.229e-01", "width": "6.4688e+00", "ip": "3.946e-10", "ts": "0", "stretch": "8.1151e+07", "date": "2085-05-11.09", "dist": "5.765", "sigma_lov": "-0.99054", "sigma_imp": "0.737", "ps": "-10.2"}, {"energy": "1.531e-01", "width": "1.5617e+01", "ip": "1.116e-09", "ts": "0", "stretch": "1.5922e+07", "date": "2084-05-17.65", "dist": "10.695", "sigma_lov": "-0.84732", "sigma_imp": "0.621", "ps": "-9.91"}, {"energy": "1.329e-01", "width": "9.1384e+01", "ip": "3.247e-10", "ts": "0", "stretch": "5.1713e+06", "date": "2083-08-08.97", "dist": "120.437", "sigma_lov": "-0.79661", "sigma_imp": "1.307", "ps": "-10.5"}, {"energy": "1.167e-01", "width": "1.1702e+02", "ip": "3.433e-10", "ts": "0", "stretch": "7.8352e+06", "date": "2083-07-26.20", "dist": "71.608", "sigma_lov": "-0.74777", "sigma_imp": "0.603", "ps": "-10.5"}, {"energy": "1.893e-01", "width": "3.8629e+01", "ip": "2.506e-09", "ts": "0", "stretch": "3.3677e+06", "date": "2083-05-14.04", "dist": "2.438", "sigma_lov": "-0.92924", "sigma_imp": "0.037", "ps": "-9.48"}, {"energy": "1.270e-01", "width": "4.3869e+01", "ip": "3.210e-09", "ts": "0", "stretch": "2.1701e+06", "date": "2083-03-22.63", "dist": "43.319", "sigma_lov": "-0.09856", "sigma_imp": "0.965", "ps": "-9.51"}, {"energy": "1.738e-01", "width": "1.6217e+01", "ip": "3.213e-10", "ts": "0", "stretch": "4.1294e+06", "date": "2083-04-01.66", "dist": "40.692", "sigma_lov": "0.01474", "sigma_imp": "2.448", "ps": "-10.4"}, {"energy": "1.519e-01", "width": "1.9334e+01", "ip": "3.955e-10", "ts": "0", "stretch": "8.7835e+06", "date": "2081-03-29.70", "dist": "38.744", "sigma_lov": "-0.03723", "sigma_imp": "1.952", "ps": "-10.3"}, {"energy": "1.803e-01", "width": "1.8133e+01", "ip": "2.298e-10", "ts": "0", "stretch": "5.3169e+07", "date": "2079-04-03.43", "dist": "23.139", "sigma_lov": "0.02172", "sigma_imp": "1.221", "ps": "-10.5"}, {"energy": "1.724e-01", "width": "2.2024e+01", "ip": "1.272e-09", "ts": "0", "stretch": "2.9666e+06", "date": "2078-04-01.15", "dist": "41.729", "sigma_lov": "0.01301", "sigma_imp": "1.849", "ps": "-9.77"}, {"energy": "1.145e-01", "width": "4.4959e+01", "ip": "4.113e-09", "ts": "0", "stretch": "1.2703e+06", "date": "2078-03-15.22", "dist": "54.932", "sigma_lov": "-0.13480", "sigma_imp": "1.200", "ps": "-9.40"}, {"energy": "1.497e-01", "width": "6.9924e+01", "ip": "1.375e-10", "ts": "0", "stretch": "2.7251e+06", "date": "2077-08-17.15", "dist": "159.471", "sigma_lov": "-0.84053", "sigma_imp": "2.266", "ps": "-10.8"}, {"energy": "1.453e-01", "width": "7.4063e+01", "ip": "1.211e-10", "ts": "0", "stretch": "4.8436e+06", "date": "2076-08-14.99", "dist": "151.945", "sigma_lov": "-0.82953", "sigma_imp": "2.038", "ps": "-10.8"}, {"energy": "1.181e-01", "width": "1.1884e+02", "ip": "1.079e-09", "ts": "0", "stretch": "2.3463e+06", "date": "2076-07-26.29", "dist": "80.169", "sigma_lov": "-0.75458", "sigma_imp": "0.666", "ps": "-9.96"}, {"energy": "1.281e-01", "width": "9.2986e+01", "ip": "7.536e-10", "ts": "0", "stretch": "2.7358e+06", "date": "2076-08-04.52", "dist": "106.563", "sigma_lov": "-0.78266", "sigma_imp": "1.135", "ps": "-10.1"}, {"energy": "1.725e-01", "width": "2.5481e+01", "ip": "5.871e-10", "ts": "0", "stretch": "2.1392e+07", "date": "2076-05-15.05", "dist": "8.240", "sigma_lov": "-0.89388", "sigma_imp": "0.284", "ps": "-10.1"}, {"energy": "1.486e-01", "width": "2.4601e+01", "ip": "1.367e-09", "ts": "0", "stretch": "3.8686e+06", "date": "2076-03-28.63", "dist": "40.364", "sigma_lov": "-0.04370", "sigma_imp": "1.600", "ps": "-9.77"}, {"energy": "1.403e-01", "width": "9.1164e+01", "ip": "4.446e-10", "ts": "0", "stretch": "2.7934e+06", "date": "2075-08-13.06", "dist": "138.649", "sigma_lov": "-0.81668", "sigma_imp": "1.510", "ps": "-10.3"}, {"energy": "1.408e-01", "width": "7.4112e+01", "ip": "5.277e-10", "ts": "0", "stretch": "1.5546e+06", "date": "2075-08-13.33", "dist": "139.731", "sigma_lov": "-0.81790", "sigma_imp": "1.872", "ps": "-10.2"}, {"energy": "1.323e-01", "width": "5.7829e+00", "ip": "4.234e-09", "ts": "0", "stretch": "2.5158e+06", "date": "2075-05-23.36", "dist": "10.949", "sigma_lov": "-0.79451", "sigma_imp": "1.720", "ps": "-9.32"}, {"energy": "1.324e-01", "width": "8.6800e+01", "ip": "4.069e-10", "ts": "0", "stretch": "4.0496e+06", "date": "2075-08-08.54", "dist": "119.005", "sigma_lov": "-0.79514", "sigma_imp": "1.360", "ps": "-10.3"}, {"energy": "1.452e-01", "width": "1.2186e+01", "ip": "3.055e-09", "ts": "0", "stretch": "6.6232e+06", "date": "2074-05-20.05", "dist": "10.461", "sigma_lov": "-0.82849", "sigma_imp": "0.776", "ps": "-9.42"}, {"energy": "1.140e-01", "width": "1.2075e+02", "ip": "1.519e-09", "ts": "0", "stretch": "1.8316e+06", "date": "2073-07-22.13", "dist": "61.262", "sigma_lov": "-0.73901", "sigma_imp": "0.499", "ps": "-9.80"}, {"energy": "1.045e-01", "width": "1.9014e+02", "ip": "3.065e-09", "ts": "0", "stretch": "6.6574e+05", "date": "2073-07-02.88", "dist": "23.139", "sigma_lov": "-0.70662", "sigma_imp": "0.116", "ps": "-9.53"}, {"energy": "1.406e-01", "width": "6.0445e+00", "ip": "1.823e-10", "ts": "0", "stretch": "6.1097e+07", "date": "2073-05-20.89", "dist": "11.097", "sigma_lov": "-0.81575", "sigma_imp": "1.671", "ps": "-10.6"}, {"energy": "1.448e-01", "width": "1.8409e+01", "ip": "4.809e-10", "ts": "0", "stretch": "4.3927e+06", "date": "2073-03-27.97", "dist": "41.607", "sigma_lov": "-0.05241", "sigma_imp": "2.206", "ps": "-10.2"}, {"energy": "1.185e-01", "width": "1.1184e+02", "ip": "4.114e-09", "ts": "0", "stretch": "6.4577e+05", "date": "2072-07-27.13", "dist": "77.627", "sigma_lov": "-0.75303", "sigma_imp": "0.685", "ps": "-9.35"}, {"energy": "1.277e-01", "width": "9.7533e+01", "ip": "1.008e-09", "ts": "0", "stretch": "2.1189e+06", "date": "2072-08-04.22", "dist": "104.609", "sigma_lov": "-0.78096", "sigma_imp": "1.062", "ps": "-9.93"}, {"energy": "1.500e-01", "width": "3.8006e+01", "ip": "2.850e-09", "ts": "0", "stretch": "2.6104e+06", "date": "2072-03-28.74", "dist": "40.556", "sigma_lov": "-0.04080", "sigma_imp": "1.041", "ps": "-9.42"}, {"energy": "1.510e-01", "width": "6.8482e+01", "ip": "1.521e-10", "ts": "0", "stretch": "2.0214e+06", "date": "2071-08-18.12", "dist": "162.533", "sigma_lov": "-0.84410", "sigma_imp": "2.359", "ps": "-10.7"}, {"energy": "1.405e-01", "width": "3.5837e+01", "ip": "1.361e-09", "ts": "0", "stretch": "7.2268e+06", "date": "2071-05-21.48", "dist": "7.279", "sigma_lov": "-0.81644", "sigma_imp": "0.175", "ps": "-9.76"}, {"energy": "1.412e-01", "width": "3.6770e+00", "ip": "2.594e-10", "ts": "0", "stretch": "3.0828e+06", "date": "2071-05-21.03", "dist": "11.494", "sigma_lov": "-0.81836", "sigma_imp": "2.854", "ps": "-10.5"}, {"energy": "1.414e-01", "width": "7.7092e+01", "ip": "3.482e-10", "ts": "0", "stretch": "2.5310e+06", "date": "2071-08-13.43", "dist": "140.685", "sigma_lov": "-0.81940", "sigma_imp": "1.812", "ps": "-10.4"}, {"energy": "4.050e-01", "width": "9.9588e+01", "ip": "1.403e-10", "ts": "0", "stretch": "1.3467e+07", "date": "2071-05-07.79", "dist": "59.321", "sigma_lov": "-1.27450", "sigma_imp": "0.586", "ps": "-10.4"}, {"energy": "2.459e-01", "width": "1.1120e+01", "ip": "7.324e-10", "ts": "0", "stretch": "8.1207e+06", "date": "2071-05-07.47", "dist": "19.387", "sigma_lov": "-1.01255", "sigma_imp": "1.653", "ps": "-9.83"}, {"energy": "1.565e-01", "width": "6.2401e+01", "ip": "1.504e-10", "ts": "0", "stretch": "7.7159e+05", "date": "2070-08-20.13", "dist": "173.674", "sigma_lov": "-0.85700", "sigma_imp": "2.767", "ps": "-10.7"}, {"energy": "1.126e-01", "width": "6.4761e+01", "ip": "5.336e-10", "ts": "0", "stretch": "1.1036e+07", "date": "2070-03-13.43", "dist": "46.798", "sigma_lov": "-0.14077", "sigma_imp": "0.707", "ps": "-10.2"}, {"energy": "1.415e-01", "width": "7.6903e+01", "ip": "3.463e-10", "ts": "0", "stretch": "2.4975e+06", "date": "2069-08-13.11", "dist": "141.212", "sigma_lov": "-0.82010", "sigma_imp": "1.823", "ps": "-10.3"}, {"energy": "1.221e-01", "width": "1.0621e+02", "ip": "2.128e-09", "ts": "0", "stretch": "1.1672e+06", "date": "2069-07-30.83", "dist": "88.997", "sigma_lov": "-0.76505", "sigma_imp": "0.829", "ps": "-9.60"}, {"energy": "1.468e-01", "width": "7.2888e+01", "ip": "4.535e-10", "ts": "0", "stretch": "1.1799e+06", "date": "2068-08-15.54", "dist": "153.209", "sigma_lov": "-0.83289", "sigma_imp": "2.088", "ps": "-10.2"}, {"energy": "1.575e-01", "width": "1.4363e+01", "ip": "3.574e-09", "ts": "0", "stretch": "4.7735e+06", "date": "2068-05-16.89", "dist": "12.017", "sigma_lov": "-0.85833", "sigma_imp": "0.767", "ps": "-9.27"}, {"energy": "1.516e-01", "width": "1.6582e+01", "ip": "4.176e-10", "ts": "0", "stretch": "3.7203e+06", "date": "2068-03-29.14", "dist": "40.395", "sigma_lov": "-0.03705", "sigma_imp": "2.376", "ps": "-10.2"}, {"energy": "1.100e-01", "width": "2.2499e+02", "ip": "4.407e-09", "ts": "0", "stretch": "4.3306e+05", "date": "2068-02-10.41", "dist": "119.768", "sigma_lov": "-0.14592", "sigma_imp": "0.528", "ps": "-9.31"}, {"energy": "1.100e-01", "width": "2.2499e+02", "ip": "4.407e-09", "ts": "0", "stretch": "4.3308e+05", "date": "2068-02-10.41", "dist": "119.768", "sigma_lov": "-0.14606", "sigma_imp": "0.528", "ps": "-9.31"}, {"energy": "1.528e-01", "width": "6.6269e+01", "ip": "3.063e-10", "ts": "0", "stretch": "7.6116e+05", "date": "2067-08-18.95", "dist": "165.636", "sigma_lov": "-0.84711", "sigma_imp": "2.484", "ps": "-10.3"}, {"energy": "1.422e-01", "width": "7.6235e+01", "ip": "3.750e-10", "ts": "0", "stretch": "2.2011e+06", "date": "2067-08-13.81", "dist": "142.242", "sigma_lov": "-0.82082", "sigma_imp": "1.853", "ps": "-10.3"}, {"energy": "1.421e-01", "width": "7.8674e+01", "ip": "1.417e-10", "ts": "0", "stretch": "6.2737e+06", "date": "2067-08-13.47", "dist": "142.264", "sigma_lov": "-0.82070", "sigma_imp": "1.796", "ps": "-10.7"}, {"energy": "1.319e-01", "width": "7.8950e+01", "ip": "1.756e-10", "ts": "0", "stretch": "2.6177e+07", "date": "2067-05-23.00", "dist": "11.564", "sigma_lov": "-0.79272", "sigma_imp": "0.134", "ps": "-10.6"}, {"energy": "1.113e-01", "width": "1.2910e+02", "ip": "5.948e-09", "ts": "0", "stretch": "4.6271e+05", "date": "2067-07-18.60", "dist": "51.246", "sigma_lov": "-0.73025", "sigma_imp": "0.389", "ps": "-9.17"}, {"energy": "1.112e-01", "width": "1.2887e+02", "ip": "3.646e-09", "ts": "0", "stretch": "7.5693e+05", "date": "2067-07-18.41", "dist": "50.895", "sigma_lov": "-0.72995", "sigma_imp": "0.387", "ps": "-9.38"}, {"energy": "1.119e-01", "width": "1.2554e+02", "ip": "1.085e-09", "ts": "0", "stretch": "2.5688e+06", "date": "2067-07-19.81", "dist": "53.933", "sigma_lov": "-0.73221", "sigma_imp": "0.422", "ps": "-9.90"}, {"energy": "1.570e-01", "width": "1.6739e+01", "ip": "1.153e-10", "ts": "0", "stretch": "2.3803e+07", "date": "2067-03-30.81", "dist": "36.589", "sigma_lov": "-0.02415", "sigma_imp": "2.126", "ps": "-10.8"}, {"energy": "1.145e-01", "width": "1.6298e+02", "ip": "9.214e-10", "ts": "0", "stretch": "2.2001e+06", "date": "2067-02-01.68", "dist": "146.819", "sigma_lov": "-0.13213", "sigma_imp": "0.895", "ps": "-9.96"}, {"energy": "1.055e-01", "width": "1.7268e+02", "ip": "4.824e-09", "ts": "0", "stretch": "4.6264e+05", "date": "2066-07-05.59", "dist": "26.672", "sigma_lov": "-0.70984", "sigma_imp": "0.149", "ps": "-9.27"}, {"energy": "1.056e-01", "width": "1.7200e+02", "ip": "8.535e-09", "ts": "0", "stretch": "2.6226e+05", "date": "2066-07-06.11", "dist": "27.390", "sigma_lov": "-0.71027", "sigma_imp": "0.153", "ps": "-9.02"}, {"energy": "2.291e-01", "width": "1.5667e+01", "ip": "4.955e-10", "ts": "0", "stretch": "6.3666e+07", "date": "2066-04-08.67", "dist": "1.758", "sigma_lov": "0.09851", "sigma_imp": "0.048", "ps": "-9.98"}, {"energy": "1.192e-01", "width": "1.3360e+02", "ip": "1.395e-09", "ts": "0", "stretch": "1.1723e+06", "date": "2066-01-25.93", "dist": "171.233", "sigma_lov": "-0.11714", "sigma_imp": "1.274", "ps": "-9.76"}, {"energy": "1.317e-01", "width": "9.1042e+01", "ip": "4.645e-10", "ts": "0", "stretch": "3.8395e+06", "date": "2065-08-07.37", "dist": "116.231", "sigma_lov": "-0.79273", "sigma_imp": "1.266", "ps": "-10.2"}, {"energy": "1.102e-01", "width": "2.2595e+01", "ip": "4.582e-09", "ts": "0", "stretch": "3.6444e+06", "date": "2065-06-04.01", "dist": "4.600", "sigma_lov": "-0.72699", "sigma_imp": "0.159", "ps": "-9.26"}, {"energy": "1.102e-01", "width": "1.3093e+02", "ip": "3.108e-09", "ts": "0", "stretch": "8.8760e+05", "date": "2065-07-16.27", "dist": "47.218", "sigma_lov": "-0.72663", "sigma_imp": "0.353", "ps": "-9.43"}, {"energy": "1.683e-01", "width": "1.6983e+01", "ip": "5.605e-10", "ts": "0", "stretch": "3.5899e+06", "date": "2065-03-31.92", "dist": "39.356", "sigma_lov": "0.00202", "sigma_imp": "2.259", "ps": "-10.0"}, {"energy": "1.152e-01", "width": "1.1859e+02", "ip": "3.634e-09", "ts": "0", "stretch": "7.5841e+05", "date": "2064-07-23.20", "dist": "65.560", "sigma_lov": "-0.74338", "sigma_imp": "0.544", "ps": "-9.34"}, {"energy": "1.156e-01", "width": "1.1615e+02", "ip": "1.021e-09", "ts": "0", "stretch": "2.7111e+06", "date": "2064-07-23.93", "dist": "67.383", "sigma_lov": "-0.74470", "sigma_imp": "0.572", "ps": "-9.89"}, {"energy": "2.003e-01", "width": "1.1589e+02", "ip": "1.099e-09", "ts": "0", "stretch": "3.8142e+06", "date": "2064-04-04.36", "dist": "26.996", "sigma_lov": "0.06182", "sigma_imp": "0.224", "ps": "-9.67"}, {"energy": "1.259e-01", "width": "1.0261e+02", "ip": "1.433e-09", "ts": "0", "stretch": "1.5634e+06", "date": "2064-08-02.75", "dist": "100.528", "sigma_lov": "-0.77669", "sigma_imp": "0.970", "ps": "-9.72"}, {"energy": "2.002e-01", "width": "9.2464e+01", "ip": "2.071e-09", "ts": "0", "stretch": "2.4868e+06", "date": "2064-04-04.34", "dist": "28.311", "sigma_lov": "0.06188", "sigma_imp": "0.295", "ps": "-9.39"}, {"energy": "1.203e-01", "width": "1.0687e+02", "ip": "7.636e-10", "ts": "0", "stretch": "3.4077e+06", "date": "2063-07-29.80", "dist": "83.037", "sigma_lov": "-0.76011", "sigma_imp": "0.768", "ps": "-10.0"}, {"energy": "1.315e-01", "width": "9.1695e+01", "ip": "4.857e-10", "ts": "0", "stretch": "3.7229e+06", "date": "2063-08-07.66", "dist": "115.591", "sigma_lov": "-0.79210", "sigma_imp": "1.250", "ps": "-10.2"}, {"energy": "1.093e-01", "width": "1.3223e+02", "ip": "2.072e-09", "ts": "0", "stretch": "1.3327e+06", "date": "2063-07-15.42", "dist": "44.380", "sigma_lov": "-0.72381", "sigma_imp": "0.328", "ps": "-9.60"}, {"energy": "1.651e-01", "width": "3.9724e+00", "ip": "1.538e-10", "ts": "0", "stretch": "3.8684e+06", "date": "2063-05-16.68", "dist": "12.620", "sigma_lov": "-0.87620", "sigma_imp": "2.925", "ps": "-10.6"}, {"energy": "3.550e-01", "width": "1.6971e+01", "ip": "4.764e-09", "ts": "0", "stretch": "3.2259e+06", "date": "2063-04-27.92", "dist": "5.137", "sigma_lov": "-1.10786", "sigma_imp": "0.244", "ps": "-8.82"}, {"energy": "1.135e-01", "width": "1.7111e+02", "ip": "1.118e-09", "ts": "0", "stretch": "1.8412e+06", "date": "2063-02-02.94", "dist": "141.446", "sigma_lov": "-0.13540", "sigma_imp": "0.821", "ps": "-9.85"}, {"energy": "1.970e-01", "width": "1.7920e+01", "ip": "1.515e-09", "ts": "0", "stretch": "5.1120e+06", "date": "2063-04-05.11", "dist": "28.681", "sigma_lov": "0.05273", "sigma_imp": "1.545", "ps": "-9.52"}, {"energy": "1.255e-01", "width": "9.9392e+01", "ip": "1.460e-09", "ts": "0", "stretch": "1.5598e+06", "date": "2062-08-03.20", "dist": "99.033", "sigma_lov": "-0.77537", "sigma_imp": "0.986", "ps": "-9.69"}, {"energy": "2.146e-01", "width": "1.7690e+01", "ip": "1.258e-10", "ts": "0", "stretch": "6.9757e+06", "date": "2062-04-02.84", "dist": "46.592", "sigma_lov": "0.10999", "sigma_imp": "2.577", "ps": "-10.6"}, {"energy": "1.314e-01", "width": "9.2189e+01", "ip": "4.990e-10", "ts": "0", "stretch": "3.6485e+06", "date": "2061-08-07.24", "dist": "115.349", "sigma_lov": "-0.79145", "sigma_imp": "1.240", "ps": "-10.1"}, {"energy": "1.077e-01", "width": "2.4041e+02", "ip": "2.200e-08", "ts": "0", "stretch": "7.2441e+04", "date": "2061-07-11.82", "dist": "37.508", "sigma_lov": "-0.71777", "sigma_imp": "0.152", "ps": "-8.56"}, {"energy": "1.430e-01", "width": "1.2017e+01", "ip": "6.086e-09", "ts": "0", "stretch": "2.8280e+06", "date": "2061-05-19.68", "dist": "12.599", "sigma_lov": "-0.82231", "sigma_imp": "0.965", "ps": "-9.01"}, {"energy": "1.130e-01", "width": "1.7332e+02", "ip": "1.654e-09", "ts": "0", "stretch": "1.2553e+06", "date": "2061-02-03.24", "dist": "138.614", "sigma_lov": "-0.13698", "sigma_imp": "0.794", "ps": "-9.66"}, {"energy": "1.488e-01", "width": "7.1041e+01", "ip": "1.781e-10", "ts": "0", "stretch": "2.3967e+06", "date": "2060-08-16.36", "dist": "157.477", "sigma_lov": "-0.83777", "sigma_imp": "2.203", "ps": "-10.5"}, {"energy": "1.253e-01", "width": "1.0116e+02", "ip": "2.076e-09", "ts": "0", "stretch": "1.1125e+06", "date": "2060-08-02.14", "dist": "97.640", "sigma_lov": "-0.77398", "sigma_imp": "0.955", "ps": "-9.52"}, {"energy": "1.613e-01", "width": "1.8510e+01", "ip": "2.272e-10", "ts": "0", "stretch": "8.1296e+07", "date": "2060-05-16.03", "dist": "2.581", "sigma_lov": "-0.86676", "sigma_imp": "0.085", "ps": "-10.4"}, {"energy": "1.179e-01", "width": "1.3460e+02", "ip": "5.211e-10", "ts": "0", "stretch": "3.2966e+06", "date": "2060-01-27.87", "dist": "166.382", "sigma_lov": "-0.12123", "sigma_imp": "1.229", "ps": "-10.1"}, {"energy": "1.308e-01", "width": "9.2564e+01", "ip": "5.261e-10", "ts": "0", "stretch": "3.5387e+06", "date": "2059-08-07.24", "dist": "113.899", "sigma_lov": "-0.79073", "sigma_imp": "1.220", "ps": "-10.1"}, {"energy": "1.433e-01", "width": "6.3274e+02", "ip": "6.997e-10", "ts": "0", "stretch": "8.0785e+05", "date": "2059-05-19.98", "dist": "6.129", "sigma_lov": "-0.82436", "sigma_imp": "0.008", "ps": "-9.93"}, {"energy": "2.009e-01", "width": "1.8365e+01", "ip": "1.128e-09", "ts": "0", "stretch": "4.9363e+06", "date": "2059-04-04.90", "dist": "32.708", "sigma_lov": "0.06383", "sigma_imp": "1.727", "ps": "-9.61"}, {"energy": "1.491e-01", "width": "6.8385e+01", "ip": "4.372e-10", "ts": "0", "stretch": "7.9590e+05", "date": "2058-08-17.16", "dist": "158.849", "sigma_lov": "-0.83950", "sigma_imp": "2.308", "ps": "-10.1"}, {"energy": "1.749e-01", "width": "4.9243e+00", "ip": "3.364e-10", "ts": "0", "stretch": "4.1373e+06", "date": "2058-05-15.06", "dist": "13.801", "sigma_lov": "-0.89779", "sigma_imp": "2.600", "ps": "-10.2"}, {"energy": "1.307e-01", "width": "9.3013e+01", "ip": "5.812e-10", "ts": "0", "stretch": "3.2377e+06", "date": "2057-08-06.56", "dist": "113.318", "sigma_lov": "-0.78992", "sigma_imp": "1.208", "ps": "-10.0"}, {"energy": "1.179e-01", "width": "1.1280e+02", "ip": "2.160e-09", "ts": "0", "stretch": "1.2402e+06", "date": "2057-07-26.71", "dist": "75.647", "sigma_lov": "-0.75225", "sigma_imp": "0.662", "ps": "-9.49"}, {"energy": "1.048e-01", "width": "1.9138e+02", "ip": "1.439e-09", "ts": "0", "stretch": "1.4071e+06", "date": "2057-07-03.35", "dist": "23.837", "sigma_lov": "-0.70867", "sigma_imp": "0.119", "ps": "-9.71"}, {"energy": "1.688e-01", "width": "4.3362e+00", "ip": "2.479e-10", "ts": "0", "stretch": "3.8130e+06", "date": "2057-05-15.64", "dist": "12.965", "sigma_lov": "-0.88530", "sigma_imp": "2.759", "ps": "-10.3"}, {"energy": "2.076e-01", "width": "1.4582e+01", "ip": "1.562e-09", "ts": "0", "stretch": "5.2666e+06", "date": "2057-04-05.64", "dist": "24.630", "sigma_lov": "0.07012", "sigma_imp": "1.620", "ps": "-9.43"}, {"energy": "1.116e-01", "width": "1.8415e+02", "ip": "2.176e-09", "ts": "0", "stretch": "9.6078e+05", "date": "2057-02-05.50", "dist": "130.657", "sigma_lov": "-0.14135", "sigma_imp": "0.704", "ps": "-9.50"}, {"energy": "1.114e-01", "width": "1.9051e+02", "ip": "4.166e-09", "ts": "0", "stretch": "4.9553e+05", "date": "2057-02-05.98", "dist": "129.270", "sigma_lov": "-0.14205", "sigma_imp": "0.673", "ps": "-9.22"}, {"energy": "1.257e-01", "width": "5.1807e+01", "ip": "4.075e-09", "ts": "0", "stretch": "1.5144e+06", "date": "2057-03-21.78", "dist": "48.700", "sigma_lov": "-0.10323", "sigma_imp": "0.921", "ps": "-9.19"}, {"energy": "1.240e-01", "width": "1.0449e+02", "ip": "1.367e-09", "ts": "0", "stretch": "1.7448e+06", "date": "2056-08-01.08", "dist": "93.885", "sigma_lov": "-0.77078", "sigma_imp": "0.889", "ps": "-9.66"}, {"energy": "1.110e-01", "width": "1.2978e+02", "ip": "2.706e-09", "ts": "0", "stretch": "1.0162e+06", "date": "2056-07-17.33", "dist": "50.215", "sigma_lov": "-0.72945", "sigma_imp": "0.379", "ps": "-9.40"}, {"energy": "1.867e-01", "width": "1.6539e+01", "ip": "8.868e-10", "ts": "0", "stretch": "5.5089e+06", "date": "2056-04-03.21", "dist": "31.583", "sigma_lov": "0.03341", "sigma_imp": "1.849", "ps": "-9.70"}, {"energy": "3.261e-01", "width": "2.0267e+01", "ip": "1.399e-10", "ts": "0", "stretch": "2.3622e+06", "date": "2056-04-06.68", "dist": "59.279", "sigma_lov": "0.27706", "sigma_imp": "2.876", "ps": "-10.3"}, {"energy": "2.459e-01", "width": "1.6050e+01", "ip": "1.657e-09", "ts": "0", "stretch": "8.8645e+06", "date": "2056-04-07.46", "dist": "19.564", "sigma_lov": "0.13561", "sigma_imp": "1.157", "ps": "-9.34"}, {"energy": "1.993e-01", "width": "5.0583e+00", "ip": "4.636e-10", "ts": "0", "stretch": "5.7022e+06", "date": "2055-05-12.95", "dist": "12.807", "sigma_lov": "-0.94725", "sigma_imp": "2.334", "ps": "-9.95"}, {"energy": "1.305e-01", "width": "9.4896e+01", "ip": "6.285e-10", "ts": "0", "stretch": "3.0432e+06", "date": "2055-08-06.88", "dist": "112.799", "sigma_lov": "-0.78902", "sigma_imp": "1.178", "ps": "-9.97"}, {"energy": "1.169e-01", "width": "1.1438e+02", "ip": "4.918e-09", "ts": "0", "stretch": "5.5325e+05", "date": "2055-07-26.10", "dist": "71.917", "sigma_lov": "-0.74891", "sigma_imp": "0.620", "ps": "-9.11"}, {"energy": "2.634e-01", "width": "4.5765e+01", "ip": "5.703e-10", "ts": "0", "stretch": "2.7491e+06", "date": "2055-03-27.89", "dist": "89.342", "sigma_lov": "0.27005", "sigma_imp": "1.930", "ps": "-9.76"}, {"energy": "1.246e-01", "width": "3.6063e+01", "ip": "2.516e-09", "ts": "0", "stretch": "2.0225e+06", "date": "2055-03-21.56", "dist": "50.922", "sigma_lov": "-0.10464", "sigma_imp": "1.384", "ps": "-9.38"}, {"energy": "1.235e-01", "width": "1.1712e+02", "ip": "5.861e-10", "ts": "0", "stretch": "1.9503e+06", "date": "2055-01-21.74", "dist": "189.742", "sigma_lov": "-0.10536", "sigma_imp": "1.611", "ps": "-10.0"}, {"energy": "1.114e-01", "width": "6.2006e+01", "ip": "9.064e-09", "ts": "0", "stretch": "5.4097e+05", "date": "2055-03-11.35", "dist": "61.201", "sigma_lov": "-0.14485", "sigma_imp": "0.971", "ps": "-8.86"}, {"energy": "1.102e-01", "width": "2.1493e+02", "ip": "2.756e-09", "ts": "0", "stretch": "7.1264e+05", "date": "2055-02-09.68", "dist": "121.182", "sigma_lov": "-0.14531", "sigma_imp": "0.559", "ps": "-9.38"}, {"energy": "1.507e-01", "width": "6.9541e+01", "ip": "2.701e-10", "ts": "0", "stretch": "1.2521e+06", "date": "2054-08-17.67", "dist": "161.805", "sigma_lov": "-0.84257", "sigma_imp": "2.312", "ps": "-10.3"}, {"energy": "1.231e-01", "width": "1.0448e+02", "ip": "2.581e-09", "ts": "0", "stretch": "9.4135e+05", "date": "2054-07-31.98", "dist": "91.890", "sigma_lov": "-0.76848", "sigma_imp": "0.870", "ps": "-9.36"}, {"energy": "1.165e-01", "width": "1.4585e+02", "ip": "2.157e-09", "ts": "0", "stretch": "8.8014e+05", "date": "2054-01-29.30", "dist": "157.500", "sigma_lov": "-0.12610", "sigma_imp": "1.073", "ps": "-9.46"}, {"energy": "1.299e-01", "width": "9.4384e+01", "ip": "4.897e-10", "ts": "0", "stretch": "3.9306e+06", "date": "2053-08-06.06", "dist": "112.180", "sigma_lov": "-0.78817", "sigma_imp": "1.178", "ps": "-10.1"}, {"energy": "1.243e-01", "width": "3.3909e+01", "ip": "2.205e-09", "ts": "0", "stretch": "2.1315e+06", "date": "2053-03-20.95", "dist": "51.157", "sigma_lov": "-0.10587", "sigma_imp": "1.479", "ps": "-9.41"}, {"energy": "1.230e-01", "width": "1.1780e+02", "ip": "6.098e-10", "ts": "0", "stretch": "1.9387e+06", "date": "2053-01-21.57", "dist": "187.934", "sigma_lov": "-0.10659", "sigma_imp": "1.587", "ps": "-9.97"}, {"energy": "1.230e-01", "width": "1.1780e+02", "ip": "6.098e-10", "ts": "0", "stretch": "1.9387e+06", "date": "2053-01-21.57", "dist": "187.934", "sigma_lov": "-0.10697", "sigma_imp": "1.587", "ps": "-9.97"}, {"energy": "1.225e-01", "width": "1.0733e+02", "ip": "2.499e-09", "ts": "0", "stretch": "9.8381e+05", "date": "2052-07-30.68", "dist": "89.740", "sigma_lov": "-0.76672", "sigma_imp": "0.827", "ps": "-9.36"}, {"energy": "1.074e-01", "width": "1.5330e+02", "ip": "1.296e-09", "ts": "0", "stretch": "1.9018e+06", "date": "2052-07-10.08", "dist": "35.366", "sigma_lov": "-0.71696", "sigma_imp": "0.224", "ps": "-9.69"}, {"energy": "1.079e-01", "width": "3.7560e+01", "ip": "1.834e-08", "ts": "0", "stretch": "5.6114e+05", "date": "2052-06-06.71", "dist": "2.807", "sigma_lov": "-0.71888", "sigma_imp": "0.048", "ps": "-8.53"}, {"energy": "1.081e-01", "width": "1.4174e+02", "ip": "4.192e-09", "ts": "0", "stretch": "6.2823e+05", "date": "2052-07-11.90", "dist": "38.532", "sigma_lov": "-0.71956", "sigma_imp": "0.265", "ps": "-9.17"}, {"energy": "1.959e-01", "width": "5.1057e+00", "ip": "5.737e-10", "ts": "0", "stretch": "5.9621e+06", "date": "2052-05-12.56", "dist": "12.381", "sigma_lov": "-0.94218", "sigma_imp": "2.229", "ps": "-9.83"}, {"energy": "1.145e-01", "width": "1.2086e+02", "ip": "3.760e-10", "ts": "0", "stretch": "7.3317e+06", "date": "2051-07-22.74", "dist": "62.846", "sigma_lov": "-0.74097", "sigma_imp": "0.512", "ps": "-10.2"}, {"energy": "2.234e-01", "width": "1.5999e+01", "ip": "2.465e-09", "ts": "0", "stretch": "7.7257e+06", "date": "2051-04-07.86", "dist": "15.853", "sigma_lov": "0.09264", "sigma_imp": "0.928", "ps": "-9.14"}, {"energy": "1.241e-01", "width": "3.2639e+01", "ip": "2.081e-09", "ts": "0", "stretch": "2.0984e+06", "date": "2051-03-21.20", "dist": "51.601", "sigma_lov": "-0.10718", "sigma_imp": "1.550", "ps": "-9.41"}, {"energy": "1.241e-01", "width": "3.2639e+01", "ip": "2.081e-09", "ts": "0", "stretch": "2.0984e+06", "date": "2051-03-21.20", "dist": "51.601", "sigma_lov": "-0.10788", "sigma_imp": "1.550", "ps": "-9.41"}, {"energy": "1.219e-01", "width": "1.0677e+02", "ip": "1.658e-09", "ts": "0", "stretch": "1.5188e+06", "date": "2050-07-30.62", "dist": "87.093", "sigma_lov": "-0.76403", "sigma_imp": "0.806", "ps": "-9.51"}, {"energy": "1.296e-01", "width": "9.4891e+01", "ip": "7.712e-10", "ts": "0", "stretch": "2.5793e+06", "date": "2049-08-05.69", "dist": "109.826", "sigma_lov": "-0.78592", "sigma_imp": "1.147", "ps": "-9.81"}, {"energy": "1.131e-01", "width": "2.2351e+01", "ip": "1.337e-08", "ts": "0", "stretch": "1.2292e+06", "date": "2049-06-01.35", "dist": "6.402", "sigma_lov": "-0.73599", "sigma_imp": "0.242", "ps": "-8.62"}, {"energy": "1.133e-01", "width": "1.4769e+01", "ip": "3.428e-08", "ts": "0", "stretch": "6.7197e+05", "date": "2049-05-31.95", "dist": "7.144", "sigma_lov": "-0.73694", "sigma_imp": "0.416", "ps": "-8.21"}, {"energy": "1.136e-01", "width": "1.2198e+02", "ip": "2.811e-09", "ts": "0", "stretch": "9.8883e+05", "date": "2049-07-21.41", "dist": "59.771", "sigma_lov": "-0.73800", "sigma_imp": "0.482", "ps": "-9.29"}, {"energy": "3.099e-01", "width": "6.5709e+01", "ip": "1.038e-09", "ts": "0", "stretch": "6.5029e+06", "date": "2049-04-11.40", "dist": "28.822", "sigma_lov": "0.21894", "sigma_imp": "0.423", "ps": "-9.37"}, {"energy": "2.272e-01", "width": "4.1090e+00", "ip": "1.059e-10", "ts": "0", "stretch": "7.2111e+06", "date": "2049-04-07.54", "dist": "13.166", "sigma_lov": "0.10099", "sigma_imp": "2.961", "ps": "-10.5"}, {"energy": "1.386e-01", "width": "2.7734e+01", "ip": "1.752e-09", "ts": "0", "stretch": "2.6005e+06", "date": "2049-03-26.19", "dist": "45.962", "sigma_lov": "-0.06770", "sigma_imp": "1.621", "ps": "-9.42"}, {"energy": "1.234e-01", "width": "3.2492e+01", "ip": "1.965e-09", "ts": "0", "stretch": "2.1230e+06", "date": "2049-03-20.29", "dist": "52.388", "sigma_lov": "-0.10855", "sigma_imp": "1.582", "ps": "-9.42"}, {"energy": "1.222e-01", "width": "1.2010e+02", "ip": "6.249e-10", "ts": "0", "stretch": "2.0412e+06", "date": "2049-01-22.46", "dist": "184.273", "sigma_lov": "-0.10922", "sigma_imp": "1.526", "ps": "-9.91"}, {"energy": "1.867e-01", "width": "1.0777e+02", "ip": "7.967e-10", "ts": "0", "stretch": "4.6050e+06", "date": "2049-03-06.56", "dist": "68.103", "sigma_lov": "0.26667", "sigma_imp": "0.623", "ps": "-9.66"}, {"energy": "1.211e-01", "width": "1.1025e+02", "ip": "1.828e-09", "ts": "0", "stretch": "1.3914e+06", "date": "2048-07-29.26", "dist": "84.303", "sigma_lov": "-0.76178", "sigma_imp": "0.756", "ps": "-9.44"}, {"energy": "1.048e-01", "width": "7.3157e+01", "ip": "1.238e-08", "ts": "0", "stretch": "4.3140e+05", "date": "2048-06-12.30", "dist": "0.952", "sigma_lov": "-0.70752", "sigma_imp": "0.000", "ps": "-8.66"}, {"energy": "1.048e-01", "width": "7.3155e+01", "ip": "1.238e-08", "ts": "0", "stretch": "4.3140e+05", "date": "2048-06-12.30", "dist": "0.952", "sigma_lov": "-0.70770", "sigma_imp": "0.000", "ps": "-8.66"}, {"energy": "1.438e-01", "width": "6.9052e+01", "ip": "3.933e-10", "ts": "0", "stretch": "1.3439e+06", "date": "2047-08-14.78", "dist": "147.488", "sigma_lov": "-0.82619", "sigma_imp": "2.121", "ps": "-10.0"}, {"energy": "1.440e-01", "width": "1.3231e+02", "ip": "3.387e-09", "ts": "0", "stretch": "4.2630e+05", "date": "2047-08-14.89", "dist": "147.967", "sigma_lov": "-0.82667", "sigma_imp": "1.111", "ps": "-9.10"}, {"energy": "1.287e-01", "width": "9.6379e+01", "ip": "8.291e-10", "ts": "0", "stretch": "2.4712e+06", "date": "2047-08-05.50", "dist": "107.807", "sigma_lov": "-0.78456", "sigma_imp": "1.108", "ps": "-9.75"}, {"energy": "1.389e-01", "width": "2.5279e+01", "ip": "1.219e-09", "ts": "0", "stretch": "2.9816e+06", "date": "2047-03-26.72", "dist": "46.509", "sigma_lov": "-0.06653", "sigma_imp": "1.800", "ps": "-9.55"}, {"energy": "1.227e-01", "width": "3.2305e+01", "ip": "2.014e-09", "ts": "0", "stretch": "2.0106e+06", "date": "2047-03-20.46", "dist": "52.788", "sigma_lov": "-0.11000", "sigma_imp": "1.603", "ps": "-9.38"}, {"energy": "1.215e-01", "width": "1.2150e+02", "ip": "6.950e-10", "ts": "0", "stretch": "1.9273e+06", "date": "2047-01-23.55", "dist": "181.557", "sigma_lov": "-0.11068", "sigma_imp": "1.486", "ps": "-9.84"}, {"energy": "1.194e-01", "width": "6.7727e+00", "ip": "2.886e-08", "ts": "0", "stretch": "8.5338e+05", "date": "2046-05-28.42", "dist": "8.657", "sigma_lov": "-0.75708", "sigma_imp": "1.130", "ps": "-8.22"}, {"energy": "1.196e-01", "width": "1.0996e+02", "ip": "1.783e-09", "ts": "0", "stretch": "1.4700e+06", "date": "2046-07-28.51", "dist": "80.451", "sigma_lov": "-0.75827", "sigma_imp": "0.723", "ps": "-9.43"}, {"energy": "3.149e-01", "width": "2.4983e+01", "ip": "1.005e-09", "ts": "0", "stretch": "5.9107e+06", "date": "2046-04-14.69", "dist": "38.629", "sigma_lov": "0.19698", "sigma_imp": "1.506", "ps": "-9.34"}, {"energy": "3.141e-01", "width": "2.4673e+01", "ip": "1.304e-09", "ts": "0", "stretch": "4.9599e+06", "date": "2046-04-14.55", "dist": "36.987", "sigma_lov": "0.19657", "sigma_imp": "1.459", "ps": "-9.23"}, {"energy": "2.594e-01", "width": "1.9087e+01", "ip": "1.062e-09", "ts": "0", "stretch": "8.4192e+06", "date": "2046-04-07.51", "dist": "27.818", "sigma_lov": "0.16391", "sigma_imp": "1.405", "ps": "-9.38"}, {"energy": "1.105e-01", "width": "2.3788e+01", "ip": "1.715e-08", "ts": "0", "stretch": "9.2467e+05", "date": "2045-06-03.80", "dist": "4.871", "sigma_lov": "-0.72744", "sigma_imp": "0.163", "ps": "-8.46"}, {"energy": "1.105e-01", "width": "1.3084e+02", "ip": "2.825e-09", "ts": "0", "stretch": "9.7268e+05", "date": "2045-07-16.72", "dist": "48.366", "sigma_lov": "-0.72812", "sigma_imp": "0.362", "ps": "-9.24"}, {"energy": "1.279e-01", "width": "4.6959e+00", "ip": "1.638e-09", "ts": "0", "stretch": "2.1354e+06", "date": "2045-05-24.16", "dist": "11.775", "sigma_lov": "-0.78211", "sigma_imp": "2.295", "ps": "-9.43"}, {"energy": "1.281e-01", "width": "9.8454e+01", "ip": "6.990e-10", "ts": "0", "stretch": "2.9707e+06", "date": "2045-08-04.69", "dist": "107.133", "sigma_lov": "-0.78310", "sigma_imp": "1.078", "ps": "-9.80"}, {"energy": "1.448e-01", "width": "2.8571e+01", "ip": "7.318e-09", "ts": "0", "stretch": "1.5783e+06", "date": "2045-05-19.57", "dist": "11.243", "sigma_lov": "-0.82807", "sigma_imp": "0.359", "ps": "-8.73"}, {"energy": "1.225e-01", "width": "3.2406e+01", "ip": "2.163e-09", "ts": "0", "stretch": "1.9250e+06", "date": "2045-03-19.95", "dist": "52.334", "sigma_lov": "-0.11160", "sigma_imp": "1.584", "ps": "-9.32"}, {"energy": "1.212e-01", "width": "1.2286e+02", "ip": "7.571e-10", "ts": "0", "stretch": "1.8213e+06", "date": "2045-01-23.19", "dist": "180.236", "sigma_lov": "-0.11231", "sigma_imp": "1.459", "ps": "-9.78"}, {"energy": "1.403e-01", "width": "2.4740e+01", "ip": "1.261e-09", "ts": "0", "stretch": "2.9999e+06", "date": "2045-03-26.66", "dist": "45.269", "sigma_lov": "-0.06515", "sigma_imp": "1.789", "ps": "-9.51"}, {"energy": "1.188e-01", "width": "1.1141e+02", "ip": "1.237e-09", "ts": "0", "stretch": "2.1323e+06", "date": "2044-07-27.03", "dist": "78.790", "sigma_lov": "-0.75535", "sigma_imp": "0.698", "ps": "-9.56"}, {"energy": "1.088e-01", "width": "1.3787e+02", "ip": "3.482e-09", "ts": "0", "stretch": "7.7033e+05", "date": "2043-07-14.07", "dist": "41.342", "sigma_lov": "-0.72177", "sigma_imp": "0.293", "ps": "-9.13"}, {"energy": "1.086e-01", "width": "3.0970e+01", "ip": "1.591e-08", "ts": "0", "stretch": "7.7888e+05", "date": "2043-06-06.18", "dist": "3.888", "sigma_lov": "-0.72113", "sigma_imp": "0.093", "ps": "-8.46"}, {"energy": "1.275e-01", "width": "3.4157e+00", "ip": "1.402e-10", "ts": "0", "stretch": "1.9961e+06", "date": "2043-05-24.80", "dist": "11.906", "sigma_lov": "-0.78032", "sigma_imp": "3.193", "ps": "-10.5"}, {"energy": "1.277e-01", "width": "9.7028e+01", "ip": "9.816e-10", "ts": "0", "stretch": "2.1667e+06", "date": "2043-08-04.82", "dist": "104.858", "sigma_lov": "-0.78143", "sigma_imp": "1.070", "ps": "-9.62"}, {"energy": "1.458e-01", "width": "6.2640e+00", "ip": "2.450e-09", "ts": "0", "stretch": "2.8613e+06", "date": "2043-05-19.76", "dist": "12.847", "sigma_lov": "-0.83024", "sigma_imp": "1.891", "ps": "-9.17"}, {"energy": "1.465e-01", "width": "7.4360e+01", "ip": "2.182e-10", "ts": "0", "stretch": "2.6839e+06", "date": "2043-08-15.87", "dist": "152.383", "sigma_lov": "-0.83177", "sigma_imp": "2.036", "ps": "-10.2"}, {"energy": "1.216e-01", "width": "3.3028e+01", "ip": "2.447e-09", "ts": "0", "stretch": "1.6189e+06", "date": "2043-03-19.67", "dist": "53.961", "sigma_lov": "-0.11347", "sigma_imp": "1.604", "ps": "-9.23"}, {"energy": "1.203e-01", "width": "1.2757e+02", "ip": "1.183e-09", "ts": "0", "stretch": "1.2680e+06", "date": "2043-01-24.87", "dist": "176.241", "sigma_lov": "-0.11429", "sigma_imp": "1.374", "ps": "-9.55"}, {"energy": "1.173e-01", "width": "1.1423e+01", "ip": "2.021e-08", "ts": "0", "stretch": "1.3065e+06", "date": "2042-05-29.35", "dist": "7.707", "sigma_lov": "-0.74999", "sigma_imp": "0.587", "ps": "-8.32"}, {"energy": "1.177e-01", "width": "1.1339e+02", "ip": "1.979e-09", "ts": "0", "stretch": "1.3624e+06", "date": "2042-07-26.35", "dist": "74.155", "sigma_lov": "-0.75098", "sigma_imp": "0.645", "ps": "-9.33"}, {"energy": "1.118e-01", "width": "5.7075e+01", "ip": "5.604e-09", "ts": "0", "stretch": "8.7419e+05", "date": "2042-03-11.49", "dist": "61.001", "sigma_lov": "-0.14351", "sigma_imp": "1.051", "ps": "-8.89"}, {"energy": "1.118e-01", "width": "5.7074e+01", "ip": "5.603e-09", "ts": "0", "stretch": "8.7420e+05", "date": "2042-03-11.49", "dist": "61.001", "sigma_lov": "-0.14395", "sigma_imp": "1.051", "ps": "-8.89"}, {"energy": "1.508e-01", "width": "2.0173e+01", "ip": "1.002e-09", "ts": "0", "stretch": "2.3631e+06", "date": "2042-03-29.09", "dist": "43.717", "sigma_lov": "-0.03891", "sigma_imp": "2.118", "ps": "-9.53"}, {"energy": "1.267e-01", "width": "5.4079e+00", "ip": "3.692e-09", "ts": "0", "stretch": "1.8626e+06", "date": "2041-05-24.61", "dist": "11.638", "sigma_lov": "-0.77833", "sigma_imp": "1.967", "ps": "-9.01"}, {"energy": "1.469e-01", "width": "7.3199e+01", "ip": "1.986e-10", "ts": "0", "stretch": "2.6915e+06", "date": "2041-08-15.60", "dist": "153.728", "sigma_lov": "-0.83383", "sigma_imp": "2.086", "ps": "-10.2"}, {"energy": "1.843e-01", "width": "1.9542e+01", "ip": "1.288e-09", "ts": "0", "stretch": "3.7981e+06", "date": "2041-04-02.90", "dist": "35.547", "sigma_lov": "0.03040", "sigma_imp": "1.768", "ps": "-9.33"}, {"energy": "2.554e-01", "width": "8.0729e+01", "ip": "3.203e-10", "ts": "0", "stretch": "3.7006e+06", "date": "2041-03-21.35", "dist": "145.364", "sigma_lov": "0.25576", "sigma_imp": "1.788", "ps": "-9.83"}, {"energy": "1.410e-01", "width": "2.3834e+01", "ip": "1.225e-09", "ts": "0", "stretch": "2.6830e+06", "date": "2041-03-26.76", "dist": "45.877", "sigma_lov": "-0.06185", "sigma_imp": "1.883", "ps": "-9.45"}, {"energy": "1.200e-01", "width": "1.2809e+02", "ip": "1.305e-09", "ts": "0", "stretch": "1.1753e+06", "date": "2041-01-24.65", "dist": "174.450", "sigma_lov": "-0.11599", "sigma_imp": "1.354", "ps": "-9.47"}, {"energy": "1.735e-01", "width": "1.9149e+01", "ip": "6.657e-10", "ts": "0", "stretch": "4.0885e+06", "date": "2040-04-01.03", "dist": "40.731", "sigma_lov": "0.01206", "sigma_imp": "2.075", "ps": "-9.62"}, {"energy": "1.042e-01", "width": "2.3815e+02", "ip": "6.649e-09", "ts": "0", "stretch": "2.4628e+05", "date": "2039-06-30.65", "dist": "19.210", "sigma_lov": "-0.70547", "sigma_imp": "0.076", "ps": "-8.79"}, {"energy": "1.041e-01", "width": "1.0915e+02", "ip": "1.265e-08", "ts": "0", "stretch": "2.8332e+05", "date": "2039-06-15.63", "dist": "3.064", "sigma_lov": "-0.70519", "sigma_imp": "0.019", "ps": "-8.51"}, {"energy": "1.257e-01", "width": "6.7407e+00", "ip": "7.890e-09", "ts": "0", "stretch": "1.7336e+06", "date": "2039-05-25.44", "dist": "11.274", "sigma_lov": "-0.77598", "sigma_imp": "1.524", "ps": "-8.65"}, {"energy": "1.262e-01", "width": "1.0137e+02", "ip": "1.312e-09", "ts": "0", "stretch": "1.7068e+06", "date": "2039-08-03.48", "dist": "100.535", "sigma_lov": "-0.77713", "sigma_imp": "0.982", "ps": "-9.43"}, {"energy": "1.477e-01", "width": "7.2073e+01", "ip": "1.695e-10", "ts": "0", "stretch": "2.8135e+06", "date": "2039-08-16.52", "dist": "155.693", "sigma_lov": "-0.83606", "sigma_imp": "2.146", "ps": "-10.3"}, {"energy": "1.645e-01", "width": "1.9425e+01", "ip": "1.006e-09", "ts": "0", "stretch": "2.8345e+06", "date": "2039-03-31.74", "dist": "40.761", "sigma_lov": "-0.00828", "sigma_imp": "2.047", "ps": "-9.44"}, {"energy": "1.202e-01", "width": "3.4533e+01", "ip": "2.981e-09", "ts": "0", "stretch": "1.4171e+06", "date": "2039-03-19.01", "dist": "54.058", "sigma_lov": "-0.11776", "sigma_imp": "1.536", "ps": "-9.08"}, {"energy": "1.189e-01", "width": "1.3223e+02", "ip": "1.204e-09", "ts": "0", "stretch": "1.3643e+06", "date": "2039-01-26.10", "dist": "170.062", "sigma_lov": "-0.11857", "sigma_imp": "1.279", "ps": "-9.47"}, {"energy": "1.420e-01", "width": "2.3108e+01", "ip": "1.145e-09", "ts": "0", "stretch": "2.6653e+06", "date": "2039-03-27.46", "dist": "45.729", "sigma_lov": "-0.05991", "sigma_imp": "1.936", "ps": "-9.44"}, {"energy": "1.141e-01", "width": "1.6043e+01", "ip": "2.096e-08", "ts": "0", "stretch": "1.0195e+06", "date": "2038-05-31.54", "dist": "7.437", "sigma_lov": "-0.73971", "sigma_imp": "0.401", "ps": "-8.24"}, {"energy": "1.144e-01", "width": "1.2095e+02", "ip": "2.711e-09", "ts": "0", "stretch": "1.0186e+06", "date": "2038-07-22.51", "dist": "62.393", "sigma_lov": "-0.74071", "sigma_imp": "0.508", "ps": "-9.13"}, {"energy": "1.541e-01", "width": "2.1131e+01", "ip": "1.057e-09", "ts": "0", "stretch": "2.9587e+06", "date": "2038-03-29.87", "dist": "42.516", "sigma_lov": "-0.03123", "sigma_imp": "1.965", "ps": "-9.42"}, {"energy": "1.251e-01", "width": "4.3907e+00", "ip": "1.806e-09", "ts": "0", "stretch": "1.5531e+06", "date": "2037-05-25.09", "dist": "11.528", "sigma_lov": "-0.77319", "sigma_imp": "2.398", "ps": "-9.25"}, {"energy": "1.254e-01", "width": "1.0243e+02", "ip": "1.206e-09", "ts": "0", "stretch": "1.8913e+06", "date": "2037-08-02.46", "dist": "98.809", "sigma_lov": "-0.77450", "sigma_imp": "0.955", "ps": "-9.43"}, {"energy": "1.495e-01", "width": "7.0847e+01", "ip": "1.572e-10", "ts": "0", "stretch": "2.5824e+06", "date": "2037-08-16.71", "dist": "158.710", "sigma_lov": "-0.83874", "sigma_imp": "2.226", "ps": "-10.2"}, {"energy": "2.257e-01", "width": "6.0379e+00", "ip": "1.789e-10", "ts": "0", "stretch": "5.5543e+06", "date": "2037-05-10.11", "dist": "16.988", "sigma_lov": "-0.99550", "sigma_imp": "2.648", "ps": "-10.0"}, {"energy": "1.984e-01", "width": "6.1281e+00", "ip": "7.108e-10", "ts": "0", "stretch": "4.5013e+06", "date": "2037-05-12.35", "dist": "14.535", "sigma_lov": "-0.94588", "sigma_imp": "2.209", "ps": "-9.49"}, {"energy": "2.481e-01", "width": "1.6671e+01", "ip": "8.378e-10", "ts": "0", "stretch": "7.3500e+06", "date": "2037-04-07.12", "dist": "29.582", "sigma_lov": "0.14097", "sigma_imp": "1.715", "ps": "-9.34"}, {"energy": "1.941e-01", "width": "1.7157e+01", "ip": "8.293e-10", "ts": "0", "stretch": "5.7729e+06", "date": "2037-04-03.96", "dist": "32.608", "sigma_lov": "0.04875", "sigma_imp": "1.842", "ps": "-9.43"}, {"energy": "1.191e-01", "width": "3.5559e+01", "ip": "3.511e-09", "ts": "0", "stretch": "1.1963e+06", "date": "2037-03-17.69", "dist": "55.115", "sigma_lov": "-0.12068", "sigma_imp": "1.522", "ps": "-8.97"}, {"energy": "1.183e-01", "width": "4.2679e+01", "ip": "3.093e-10", "ts": "0", "stretch": "1.5798e+07", "date": "2037-03-17.00", "dist": "56.210", "sigma_lov": "-0.12184", "sigma_imp": "1.294", "ps": "-10.0"}, {"energy": "1.669e-01", "width": "1.8478e+01", "ip": "5.590e-10", "ts": "0", "stretch": "3.6089e+06", "date": "2037-03-31.38", "dist": "42.117", "sigma_lov": "-0.00202", "sigma_imp": "2.225", "ps": "-9.65"}, {"energy": "1.502e-01", "width": "7.0140e+01", "ip": "1.495e-10", "ts": "0", "stretch": "2.4453e+06", "date": "2035-08-17.41", "dist": "160.607", "sigma_lov": "-0.84185", "sigma_imp": "2.276", "ps": "-10.2"}, {"energy": "1.238e-01", "width": "6.5852e+00", "ip": "9.684e-09", "ts": "0", "stretch": "1.4309e+06", "date": "2035-05-26.27", "dist": "11.074", "sigma_lov": "-0.76988", "sigma_imp": "1.530", "ps": "-8.48"}, {"energy": "1.240e-01", "width": "1.0353e+02", "ip": "1.672e-09", "ts": "0", "stretch": "1.4276e+06", "date": "2035-08-01.74", "dist": "93.921", "sigma_lov": "-0.77125", "sigma_imp": "0.898", "ps": "-9.24"}, {"energy": "2.026e-01", "width": "5.3207e+00", "ip": "1.185e-09", "ts": "0", "stretch": "4.3728e+06", "date": "2035-05-12.87", "dist": "11.809", "sigma_lov": "-0.95796", "sigma_imp": "2.032", "ps": "-9.22"}, {"energy": "1.988e-01", "width": "1.6324e+01", "ip": "6.080e-10", "ts": "0", "stretch": "4.5473e+06", "date": "2035-04-04.49", "dist": "35.801", "sigma_lov": "0.06040", "sigma_imp": "2.132", "ps": "-9.51"}, {"energy": "1.181e-01", "width": "3.6635e+01", "ip": "3.999e-09", "ts": "0", "stretch": "1.0569e+06", "date": "2035-03-17.42", "dist": "55.916", "sigma_lov": "-0.12395", "sigma_imp": "1.499", "ps": "-8.87"}, {"energy": "1.439e-01", "width": "2.7562e+01", "ip": "1.201e-09", "ts": "0", "stretch": "4.6230e+06", "date": "2035-03-27.83", "dist": "42.390", "sigma_lov": "-0.05468", "sigma_imp": "1.502", "ps": "-9.33"}, {"energy": "1.096e-01", "width": "2.7114e+01", "ip": "2.129e-08", "ts": "0", "stretch": "6.6054e+05", "date": "2034-06-04.93", "dist": "4.228", "sigma_lov": "-0.72458", "sigma_imp": "0.119", "ps": "-8.15"}, {"energy": "1.096e-01", "width": "1.3524e+02", "ip": "4.132e-09", "ts": "0", "stretch": "6.5310e+05", "date": "2034-07-15.42", "dist": "45.046", "sigma_lov": "-0.72546", "sigma_imp": "0.326", "ps": "-8.87"}, {"energy": "2.232e-01", "width": "5.5003e+00", "ip": "2.808e-10", "ts": "0", "stretch": "5.1803e+06", "date": "2034-05-10.80", "dist": "14.913", "sigma_lov": "-0.99302", "sigma_imp": "2.529", "ps": "-9.78"}, {"energy": "2.224e-01", "width": "1.4039e+01", "ip": "2.126e-09", "ts": "0", "stretch": "5.7419e+06", "date": "2034-04-07.13", "dist": "20.509", "sigma_lov": "0.09382", "sigma_imp": "1.390", "ps": "-8.90"}, {"energy": "1.592e-01", "width": "2.0035e+01", "ip": "1.087e-09", "ts": "0", "stretch": "2.7996e+06", "date": "2034-03-30.77", "dist": "41.112", "sigma_lov": "-0.02072", "sigma_imp": "2.002", "ps": "-9.31"}, {"energy": "1.516e-01", "width": "6.8605e+01", "ip": "1.248e-10", "ts": "0", "stretch": "2.3844e+06", "date": "2033-08-17.65", "dist": "163.688", "sigma_lov": "-0.84548", "sigma_imp": "2.371", "ps": "-10.3"}, {"energy": "1.224e-01", "width": "7.5197e+00", "ip": "1.415e-08", "ts": "0", "stretch": "1.2442e+06", "date": "2033-05-26.33", "dist": "10.856", "sigma_lov": "-0.76579", "sigma_imp": "1.311", "ps": "-8.26"}, {"energy": "1.228e-01", "width": "1.0593e+02", "ip": "1.973e-09", "ts": "0", "stretch": "1.2466e+06", "date": "2033-07-31.15", "dist": "90.089", "sigma_lov": "-0.76728", "sigma_imp": "0.841", "ps": "-9.12"}, {"energy": "2.104e-01", "width": "1.6030e+01", "ip": "1.625e-09", "ts": "0", "stretch": "4.5453e+06", "date": "2033-04-05.61", "dist": "27.190", "sigma_lov": "0.07424", "sigma_imp": "1.634", "ps": "-9.01"}, {"energy": "2.365e-01", "width": "1.4534e+01", "ip": "1.406e-10", "ts": "0", "stretch": "5.8994e+06", "date": "2033-04-05.69", "dist": "39.647", "sigma_lov": "0.12896", "sigma_imp": "2.659", "ps": "-10.0"}, {"energy": "1.758e-01", "width": "1.8390e+01", "ip": "9.200e-10", "ts": "0", "stretch": "3.1925e+06", "date": "2033-04-01.71", "dist": "38.808", "sigma_lov": "0.01447", "sigma_imp": "2.056", "ps": "-9.32"}, {"energy": "1.991e-01", "width": "4.3204e+00", "ip": "1.082e-10", "ts": "0", "stretch": "3.7962e+06", "date": "2032-05-12.11", "dist": "14.013", "sigma_lov": "-0.94895", "sigma_imp": "3.012", "ps": "-10.2"}, {"energy": "1.954e-01", "width": "1.6893e+01", "ip": "8.682e-10", "ts": "0", "stretch": "4.0852e+06", "date": "2032-04-03.61", "dist": "34.798", "sigma_lov": "0.05145", "sigma_imp": "2.001", "ps": "-9.28"}, {"energy": "1.206e-01", "width": "8.8181e+00", "ip": "2.017e-08", "ts": "0", "stretch": "1.0488e+06", "date": "2031-05-27.55", "dist": "10.443", "sigma_lov": "-0.76068", "sigma_imp": "1.071", "ps": "-8.06"}, {"energy": "2.523e-01", "width": "8.7487e+00", "ip": "5.490e-09", "ts": "0", "stretch": "5.8618e+06", "date": "2031-05-10.86", "dist": "2.020", "sigma_lov": "-1.05290", "sigma_imp": "0.117", "ps": "-8.36"}, {"energy": "2.215e-01", "width": "5.4573e+00", "ip": "2.817e-10", "ts": "0", "stretch": "4.3390e+06", "date": "2031-05-11.08", "dist": "15.167", "sigma_lov": "-0.98971", "sigma_imp": "2.596", "ps": "-9.70"}, {"energy": "3.146e-01", "width": "2.2690e+01", "ip": "3.069e-09", "ts": "0", "stretch": "5.5483e+06", "date": "2031-04-13.11", "dist": "15.579", "sigma_lov": "0.21170", "sigma_imp": "0.643", "ps": "-8.54"}, {"energy": "2.180e-01", "width": "1.3812e+01", "ip": "8.100e-10", "ts": "0", "stretch": "4.5076e+06", "date": "2031-04-06.28", "dist": "29.574", "sigma_lov": "0.09073", "sigma_imp": "2.069", "ps": "-9.24"}, {"energy": "2.518e-01", "width": "1.4037e+01", "ip": "1.375e-10", "ts": "0", "stretch": "6.0616e+06", "date": "2031-04-07.04", "dist": "38.433", "sigma_lov": "0.15143", "sigma_imp": "2.667", "ps": "-9.96"}, {"energy": "1.808e-01", "width": "1.7612e+01", "ip": "6.474e-10", "ts": "0", "stretch": "3.3315e+06", "date": "2031-04-02.54", "dist": "39.997", "sigma_lov": "0.02530", "sigma_imp": "2.214", "ps": "-9.41"}, {"energy": "1.471e-01", "width": "2.1718e+01", "ip": "1.215e-09", "ts": "0", "stretch": "2.1097e+06", "date": "2031-03-28.47", "dist": "45.501", "sigma_lov": "-0.04728", "sigma_imp": "2.049", "ps": "-9.20"}, {"energy": "1.150e-01", "width": "4.2838e+01", "ip": "5.989e-09", "ts": "0", "stretch": "7.6765e+05", "date": "2031-03-14.98", "dist": "58.202", "sigma_lov": "-0.13306", "sigma_imp": "1.335", "ps": "-8.60"}, {"energy": "1.138e-01", "width": "1.6362e+02", "ip": "2.899e-09", "ts": "0", "stretch": "7.0981e+05", "date": "2031-02-02.06", "dist": "143.894", "sigma_lov": "-0.13393", "sigma_imp": "0.873", "ps": "-8.91"}, {"energy": "1.717e-01", "width": "5.1238e+00", "ip": "2.875e-10", "ts": "0", "stretch": "2.6331e+06", "date": "2030-05-15.09", "dist": "15.381", "sigma_lov": "-0.89075", "sigma_imp": "2.807", "ps": "-9.75"}, {"energy": "1.652e-01", "width": "1.8638e+01", "ip": "7.703e-10", "ts": "0", "stretch": "2.5512e+06", "date": "2030-03-31.36", "dist": "42.626", "sigma_lov": "-0.00533", "sigma_imp": "2.233", "ps": "-9.33"}, {"energy": "1.185e-01", "width": "8.4779e+00", "ip": "3.433e-08", "ts": "0", "stretch": "8.4905e+05", "date": "2029-05-28.38", "dist": "7.808", "sigma_lov": "-0.75412", "sigma_imp": "0.803", "ps": "-7.77"}, {"energy": "1.190e-01", "width": "1.1291e+02", "ip": "3.129e-09", "ts": "0", "stretch": "8.4067e+05", "date": "2029-07-27.32", "dist": "78.107", "sigma_lov": "-0.75584", "sigma_imp": "0.683", "ps": "-8.81"}, {"energy": "2.746e-01", "width": "6.2353e+00", "ip": "1.461e-09", "ts": "0", "stretch": "6.0185e+06", "date": "2029-05-08.36", "dist": "11.294", "sigma_lov": "-1.08241", "sigma_imp": "1.651", "ps": "-8.84"}, {"energy": "2.763e-01", "width": "1.3219e+01", "ip": "1.030e-09", "ts": "0", "stretch": "6.2804e+06", "date": "2029-04-08.66", "dist": "24.747", "sigma_lov": "0.17949", "sigma_imp": "1.796", "ps": "-8.99"}, {"energy": "1.495e-01", "width": "2.1191e+01", "ip": "1.323e-09", "ts": "0", "stretch": "1.9388e+06", "date": "2029-03-28.52", "dist": "44.642", "sigma_lov": "-0.04224", "sigma_imp": "2.059", "ps": "-9.09"}, {"energy": "1.129e-01", "width": "4.9247e+01", "ip": "8.194e-09", "ts": "0", "stretch": "5.8964e+05", "date": "2029-03-12.62", "dist": "59.626", "sigma_lov": "-0.13964", "sigma_imp": "1.190", "ps": "-8.40"}, {"energy": "1.118e-01", "width": "1.8165e+02", "ip": "4.003e-09", "ts": "0", "stretch": "5.2280e+05", "date": "2029-02-05.16", "dist": "132.094", "sigma_lov": "-0.14050", "sigma_imp": "0.722", "ps": "-8.71"}, {"energy": "2.178e-01", "width": "5.3988e+00", "ip": "7.030e-10", "ts": "0", "stretch": "3.6157e+06", "date": "2028-05-10.77", "dist": "13.529", "sigma_lov": "-0.98513", "sigma_imp": "2.321", "ps": "-9.20"}, {"energy": "2.164e-01", "width": "1.4393e+01", "ip": "1.372e-09", "ts": "0", "stretch": "3.7894e+06", "date": "2028-04-05.60", "dist": "28.040", "sigma_lov": "0.08617", "sigma_imp": "1.879", "ps": "-8.91"}, {"energy": "1.159e-01", "width": "1.3186e+01", "ip": "3.663e-08", "ts": "0", "stretch": "6.6268e+05", "date": "2027-05-30.47", "dist": "7.726", "sigma_lov": "-0.74547", "sigma_imp": "0.510", "ps": "-7.67"}, {"energy": "1.163e-01", "width": "1.1824e+02", "ip": "4.112e-09", "ts": "0", "stretch": "6.5701e+05", "date": "2027-07-25.05", "dist": "69.501", "sigma_lov": "-0.74729", "sigma_imp": "0.579", "ps": "-8.62"}, {"energy": "2.009e-01", "width": "4.5927e+00", "ip": "5.342e-10", "ts": "0", "stretch": "2.9005e+06", "date": "2027-05-12.86", "dist": "12.732", "sigma_lov": "-0.95395", "sigma_imp": "2.555", "ps": "-9.31"}, {"energy": "2.504e-01", "width": "4.1482e+00", "ip": "1.476e-09", "ts": "0", "stretch": "4.3055e+06", "date": "2027-05-09.65", "dist": "9.162", "sigma_lov": "-1.03860", "sigma_imp": "1.968", "ps": "-8.79"}, {"energy": "3.280e-01", "width": "2.9758e+01", "ip": "9.934e-10", "ts": "0", "stretch": "6.1179e+06", "date": "2027-04-15.05", "dist": "41.957", "sigma_lov": "0.21633", "sigma_imp": "1.376", "ps": "-8.87"}, {"energy": "1.986e-01", "width": "1.6448e+01", "ip": "1.330e-09", "ts": "0", "stretch": "3.0006e+06", "date": "2027-04-04.76", "dist": "33.147", "sigma_lov": "0.05620", "sigma_imp": "1.954", "ps": "-8.91"}, {"energy": "2.415e-01", "width": "1.4339e+01", "ip": "1.495e-10", "ts": "0", "stretch": "4.2399e+06", "date": "2027-04-06.39", "dist": "40.568", "sigma_lov": "0.13748", "sigma_imp": "2.759", "ps": "-9.80"}, {"energy": "1.522e-01", "width": "2.0638e+01", "ip": "1.472e-09", "ts": "0", "stretch": "1.7222e+06", "date": "2027-03-29.59", "dist": "43.856", "sigma_lov": "-0.03553", "sigma_imp": "2.077", "ps": "-8.96"}, {"energy": "1.103e-01", "width": "6.6017e+01", "ip": "1.218e-08", "ts": "0", "stretch": "3.9146e+05", "date": "2027-03-09.85", "dist": "62.750", "sigma_lov": "-0.14847", "sigma_imp": "0.935", "ps": "-8.15"}, {"energy": "1.090e-01", "width": "2.4875e+02", "ip": "6.646e-09", "ts": "0", "stretch": "2.6960e+05", "date": "2027-02-12.78", "dist": "113.450", "sigma_lov": "-0.14916", "sigma_imp": "0.452", "ps": "-8.42"}, {"energy": "1.780e-01", "width": "1.7826e+01", "ip": "9.927e-10", "ts": "0", "stretch": "2.2851e+06", "date": "2026-04-02.02", "dist": "39.990", "sigma_lov": "0.01954", "sigma_imp": "2.187", "ps": "-9.03"}, {"energy": "1.121e-01", "width": "1.9011e+01", "ip": "4.184e-08", "ts": "0", "stretch": "4.5303e+05", "date": "2025-06-01.63", "dist": "6.711", "sigma_lov": "-0.73310", "sigma_imp": "0.300", "ps": "-7.53"}, {"energy": "1.127e-01", "width": "1.2768e+02", "ip": "6.087e-09", "ts": "0", "stretch": "4.4749e+05", "date": "2025-07-19.87", "dist": "56.173", "sigma_lov": "-0.73498", "sigma_imp": "0.432", "ps": "-8.37"}, {"energy": "2.716e-01", "width": "1.3308e+01", "ip": "9.013e-10", "ts": "0", "stretch": "4.3530e+06", "date": "2025-04-08.21", "dist": "28.211", "sigma_lov": "0.17330", "sigma_imp": "2.045", "ps": "-8.88"}, {"energy": "2.124e-01", "width": "1.5014e+01", "ip": "1.717e-09", "ts": "0", "stretch": "2.8375e+06", "date": "2025-04-05.50", "dist": "29.426", "sigma_lov": "0.07912", "sigma_imp": "1.893", "ps": "-8.68"}, {"energy": "1.559e-01", "width": "1.9815e+01", "ip": "1.419e-09", "ts": "0", "stretch": "1.5542e+06", "date": "2025-03-29.68", "dist": "43.756", "sigma_lov": "-0.02658", "sigma_imp": "2.158", "ps": "-8.87"}, {"energy": "2.536e-01", "width": "4.8258e+00", "ip": "2.160e-10", "ts": "0", "stretch": "3.3947e+06", "date": "2024-05-08.76", "dist": "14.401", "sigma_lov": "-1.04713", "sigma_imp": "2.777", "ps": "-9.47"}, {"energy": "2.470e-01", "width": "1.4287e+01", "ip": "1.985e-10", "ts": "0", "stretch": "3.3843e+06", "date": "2024-04-05.92", "dist": "40.140", "sigma_lov": "0.14558", "sigma_imp": "2.740", "ps": "-9.51"}, {"energy": "1.067e-01", "width": "4.4018e+01", "ip": "4.059e-08", "ts": "0", "stretch": "2.1738e+05", "date": "2023-06-09.14", "dist": "1.801", "sigma_lov": "-0.71442", "sigma_imp": "0.018", "ps": "-7.44"}, {"energy": "1.070e-01", "width": "1.5649e+02", "ip": "1.156e-08", "ts": "0", "stretch": "2.0980e+05", "date": "2023-07-09.95", "dist": "33.577", "sigma_lov": "-0.71588", "sigma_imp": "0.208", "ps": "-7.99"}, {"energy": "3.075e-01", "width": "4.7128e+00", "ip": "1.088e-10", "ts": "0", "stretch": "4.5752e+06", "date": "2023-05-07.47", "dist": "14.575", "sigma_lov": "-1.12872", "sigma_imp": "2.880", "ps": "-9.63"}, {"energy": "3.512e-01", "width": "6.4814e+01", "ip": "2.285e-10", "ts": "0", "stretch": "5.3442e+06", "date": "2023-04-18.78", "dist": "123.605", "sigma_lov": "0.22372", "sigma_imp": "1.892", "ps": "-9.26"}, {"energy": "1.616e-01", "width": "1.8883e+01", "ip": "1.372e-09", "ts": "0", "stretch": "1.3747e+06", "date": "2023-03-30.99", "dist": "43.417", "sigma_lov": "-0.01399", "sigma_imp": "2.246", "ps": "-8.75"}, {"energy": "1.373e-01", "width": "8.4987e+01", "ip": "1.340e-09", "ts": "0", "stretch": "9.8464e+05", "date": "2022-08-09.81", "dist": "130.168", "sigma_lov": "-0.80833", "sigma_imp": "1.520", "ps": "-8.77"}, {"energy": "1.380e-01", "width": "8.9160e+01", "ip": "3.681e-09", "ts": "0", "stretch": "3.7068e+05", "date": "2022-08-10.59", "dist": "131.639", "sigma_lov": "-0.81022", "sigma_imp": "1.465", "ps": "-8.33"}, {"energy": "2.050e-01", "width": "1.5613e+01", "ip": "2.301e-09", "ts": "0", "stretch": "1.9627e+06", "date": "2022-04-05.14", "dist": "30.896", "sigma_lov": "0.06668", "sigma_imp": "1.915", "ps": "-8.36"}, {"energy": "2.615e-01", "width": "1.2746e+01", "ip": "9.690e-10", "ts": "0", "stretch": "2.6991e+06", "date": "2021-04-07.74", "dist": "29.613", "sigma_lov": "0.16016", "sigma_imp": "2.245", "ps": "-8.56"}, {"energy": "1.716e-01", "width": "1.9050e+01", "ip": "2.497e-09", "ts": "0", "stretch": "1.2105e+06", "date": "2021-04-01.16", "dist": "39.619", "sigma_lov": "0.00548", "sigma_imp": "2.027", "ps": "-8.29"}, {"energy": "1.388e-01", "width": "8.7166e+01", "ip": "2.684e-09", "ts": "0", "stretch": "4.7434e+05", "date": "2020-08-10.83", "dist": "133.912", "sigma_lov": "-0.81228", "sigma_imp": "1.525", "ps": "-8.26"}, {"energy": "3.214e-01", "width": "1.0325e+01", "ip": "1.556e-10", "ts": "0", "stretch": "2.9878e+06", "date": "2019-04-09.85", "dist": "31.406", "sigma_lov": "0.24510", "sigma_imp": "2.945", "ps": "-8.98"}, {"energy": "1.876e-01", "width": "1.6354e+01", "ip": "1.668e-09", "ts": "0", "stretch": "1.0444e+06", "date": "2019-04-03.24", "dist": "39.159", "sigma_lov": "0.03872", "sigma_imp": "2.333", "ps": "-8.13"}, {"energy": "1.399e-01", "width": "8.6820e+01", "ip": "3.159e-09", "ts": "0", "stretch": "3.7712e+05", "date": "2018-08-12.04", "dist": "137.163", "sigma_lov": "-0.81560", "sigma_imp": "1.568", "ps": "-7.79"}, {"energy": "2.847e-01", "width": "1.1322e+01", "ip": "5.279e-10", "ts": "0", "stretch": "1.8439e+06", "date": "2018-04-08.65", "dist": "31.222", "sigma_lov": "0.19566", "sigma_imp": "2.669", "ps": "-8.19"}]}