{"summary": {"energy": "1.976e-01", "darc": "9.2521 days", "ip": "1.585e-06", "h": "26.76", "nobs": "64", "mass": "4.66e+06", "v_inf": "15.23", "first_obs": "2014-Sep-24.19228", "method": "LOV", "pdate": "2017-04-09 10:56:21", "ndop": "0", "cdate": "2017-04-09 10:56:21", "ps_cum": "-6.51", "diameter": "1.5e-02", "ndel": "0", "v_imp": "18.87", "ps_max": "-6.51", "last_obs": "2014-Oct-03.444392", "fullname": "(2014 SR223)", "n_imp": "1", "ts_max": "0", "nsat": "0", "des": "2014 SR223"}, "signature": {"source": "NASA/JPL Sentry Data API", "version": "1.1"}, "data": [{"energy": "1.976e-01", "width": "0.0000e+00", "ip": "1.585e-06", "ts": "0", "stretch": "3.7722e+05", "date": "2063-09-27.63", "dist": "0.298", "sigma_lov": "-0.69564", "sigma_imp": "0.000", "ps": "-6.51"}]}