{"summary": {"energy": "3.312e-02", "darc": "4.1077 days", "ip": "2.723e-07", "h": "28.04", "nobs": "34", "mass": "7.97e+05", "v_inf": "15.00", "first_obs": "2014-May-28.36796", "method": "LOV", "pdate": "2017-04-09 11:42:59", "ndop": "0", "cdate": "2017-04-09 11:42:59", "ps_cum": "-8.22", "diameter": "8.4e-03", "ndel": "0", "v_imp": "18.69", "ps_max": "-8.22", "last_obs": "2014-Jun-01.47563", "fullname": "(2014 KW76)", "n_imp": "1", "ts_max": "0", "nsat": "0", "des": "2014 KW76"}, "signature": {"source": "NASA/JPL Sentry Data API", "version": "1.1"}, "data": [{"energy": "3.312e-02", "width": "0.0000e+00", "ip": "2.723e-07", "ts": "0", "stretch": "2.5623e+06", "date": "2115-05-29.61", "dist": "0.479", "sigma_lov": "0.09151", "sigma_imp": "0.000", "ps": "-8.22"}]}