{"summary": {"energy": "1.287e-01", "darc": "42.644 days", "ip": "9.755e-09", "h": "26.34", "nobs": "64", "mass": "8.26e+06", "v_inf": "2.59", "first_obs": "2014-Apr-21.24439", "method": "LOV", "pdate": "2017-04-26 11:42:53", "ndop": "0", "cdate": "2017-04-26 11:42:53", "ps_cum": "-9.18", "diameter": "1.8e-02", "ndel": "0", "v_imp": "11.44", "ps_max": "-9.18", "last_obs": "2014-Jun-02.88797", "fullname": "(2014 HN2)", "n_imp": "1", "ts_max": "0", "nsat": "0", "des": "2014 HN2"}, "signature": {"source": "NASA/JPL Sentry Data API", "version": "1.1"}, "data": [{"energy": "1.287e-01", "width": "2.7778e-03", "ip": "9.755e-09", "ts": "0", "stretch": "7.9267e+05", "date": "2112-03-22.98", "dist": "0.353", "sigma_lov": "-3.02652", "sigma_imp": "0.000", "ps": "-9.18"}]}