{"summary":{"energy":"2.814e+02","darc":"1.0124 days","ip":"2.558e-10","h":"21.06","nobs":"20","mass":"1.21e+10","v_inf":"8.35","first_obs":"2014-Apr-24.11925","method":"LOV","pdate":"2017-04-07 12:40:26","ndop":"0","cdate":"2017-04-07 12:40:26","ps_cum":"-7.50","diameter":"0.204421422986708","ndel":"0","v_imp":"13.93","ps_max":"-7.78","last_obs":"2014-Apr-25.13161","fullname":"(2014 HN197)","n_imp":"2","ts_max":"0","nsat":"0","des":"2014 HN197"},"signature":{"source":"NASA/JPL Sentry Data API","version":"1.1"},"data":[{"energy":"2.586e+02","width":"8.6617e+03","ip":"1.427e-10","ts":"0","stretch":"4.0395e+05","date":"2041-11-29.74","dist":"129.024","sigma_lov":"-0.05598","sigma_imp":"0.015","ps":"-7.78"},{"energy":"3.102e+02","width":"8.7447e+03","ip":"1.131e-10","ts":"0","stretch":"5.0390e+05","date":"2041-11-30.15","dist":"76.161","sigma_lov":"-0.07532","sigma_imp":"0.009","ps":"-7.82"}]}