{"summary": {"energy": "2.308e-03", "darc": "6.9347 days", "ip": "0.001198623768", "h": "29.29", "nobs": "56", "mass": "1.40e+05", "v_inf": "3.72", "first_obs": "2014-Apr-30.35725", "method": "LOV", "pdate": "2017-04-06 17:44:33", "ndop": "0", "cdate": "2017-04-06 17:44:33", "ps_cum": "-5.24", "diameter": "0.0047", "ndel": "0", "v_imp": "11.75", "ps_max": "-5.27", "last_obs": "2014-May-07.291998", "fullname": "(2014 JR24)", "n_imp": "34", "ts_max": "0", "nsat": "0", "des": "2014 JR24"}, "signature": {"source": "NASA/JPL Sentry Data API", "version": "1.1"}, "data": [{"energy": "2.308e-03", "width": "4.5933e-04", "ip": "1.394e-05", "ts": "0", "stretch": "3.2683e+04", "date": "2115-05-02.22", "dist": "0.660", "sigma_lov": "0.74040", "sigma_imp": "0.000", "ps": "-7.43"}, {"energy": "2.311e-03", "width": "0.0000e+00", "ip": "1.616e-06", "ts": "0", "stretch": "3.9542e+05", "date": "2114-04-28.55", "dist": "0.598", "sigma_lov": "-0.03045", "sigma_imp": "0.000", "ps": "-8.36"}, {"energy": "2.310e-03", "width": "5.5556e-03", "ip": "6.595e-07", "ts": "0", "stretch": "8.7626e+05", "date": "2111-05-02.99", "dist": "0.682", "sigma_lov": "-0.13750", "sigma_imp": "0.000", "ps": "-8.74"}, {"energy": "2.312e-03", "width": "0.0000e+00", "ip": "1.350e-06", "ts": "0", "stretch": "5.6568e+05", "date": "2111-04-29.70", "dist": "0.229", "sigma_lov": "0.18355", "sigma_imp": "0.000", "ps": "-8.43"}, {"energy": "2.312e-03", "width": "0.0000e+00", "ip": "7.989e-07", "ts": "0", "stretch": "8.9107e+05", "date": "2111-04-29.67", "dist": "0.427", "sigma_lov": "0.16965", "sigma_imp": "0.000", "ps": "-8.66"}, {"energy": "2.308e-03", "width": "9.8210e-04", "ip": "1.915e-06", "ts": "0", "stretch": "2.5416e+05", "date": "2110-05-02.71", "dist": "0.788", "sigma_lov": "-0.14226", "sigma_imp": "0.000", "ps": "-8.27"}, {"energy": "2.311e-03", "width": "0.0000e+00", "ip": "4.639e-07", "ts": "0", "stretch": "1.6937e+06", "date": "2109-05-01.30", "dist": "0.149", "sigma_lov": "0.10384", "sigma_imp": "0.000", "ps": "-8.88"}, {"energy": "2.309e-03", "width": "5.5556e-03", "ip": "4.894e-07", "ts": "0", "stretch": "1.4345e+06", "date": "2109-05-01.80", "dist": "0.469", "sigma_lov": "0.10273", "sigma_imp": "0.000", "ps": "-8.86"}, {"energy": "2.308e-03", "width": "0.0000e+00", "ip": "6.258e-07", "ts": "0", "stretch": "8.1940e+05", "date": "2108-11-01.62", "dist": "0.398", "sigma_lov": "0.84281", "sigma_imp": "0.000", "ps": "-8.75"}, {"energy": "2.309e-03", "width": "5.5556e-03", "ip": "1.969e-07", "ts": "0", "stretch": "9.7948e+05", "date": "2108-11-01.71", "dist": "0.996", "sigma_lov": "0.90022", "sigma_imp": "0.000", "ps": "-9.25"}, {"energy": "2.314e-03", "width": "0.0000e+00", "ip": "4.204e-08", "ts": "0", "stretch": "4.2880e+05", "date": "2108-05-01.63", "dist": "0.414", "sigma_lov": "-2.71591", "sigma_imp": "0.000", "ps": "-9.92"}, {"energy": "2.310e-03", "width": "0.0000e+00", "ip": "8.078e-09", "ts": "0", "stretch": "7.7193e+06", "date": "2101-05-02.53", "dist": "0.553", "sigma_lov": "-2.17462", "sigma_imp": "0.000", "ps": "-10.6"}, {"energy": "2.314e-03", "width": "5.7907e-04", "ip": "4.139e-06", "ts": "0", "stretch": "1.7996e+04", "date": "2100-05-03.12", "dist": "0.078", "sigma_lov": "-2.17402", "sigma_imp": "0.000", "ps": "-7.89"}, {"energy": "2.309e-03", "width": "0.0000e+00", "ip": "3.121e-07", "ts": "0", "stretch": "2.1312e+06", "date": "2098-05-01.87", "dist": "0.541", "sigma_lov": "0.13706", "sigma_imp": "0.000", "ps": "-9.00"}, {"energy": "2.307e-03", "width": "0.0000e+00", "ip": "2.359e-07", "ts": "0", "stretch": "2.1706e+06", "date": "2096-05-01.52", "dist": "0.733", "sigma_lov": "0.36069", "sigma_imp": "0.000", "ps": "-9.11"}, {"energy": "2.310e-03", "width": "0.0000e+00", "ip": "3.782e-07", "ts": "0", "stretch": "2.0449e+06", "date": "2096-05-01.13", "dist": "0.197", "sigma_lov": "0.16128", "sigma_imp": "0.000", "ps": "-8.91"}, {"energy": "2.311e-03", "width": "0.0000e+00", "ip": "6.587e-07", "ts": "0", "stretch": "1.1181e+06", "date": "2095-05-02.12", "dist": "0.177", "sigma_lov": "0.35852", "sigma_imp": "0.000", "ps": "-8.66"}, {"energy": "2.312e-03", "width": "5.5556e-03", "ip": "7.564e-07", "ts": "0", "stretch": "1.0451e+06", "date": "2095-05-01.96", "dist": "0.102", "sigma_lov": "0.08901", "sigma_imp": "0.000", "ps": "-8.60"}, {"energy": "2.313e-03", "width": "0.0000e+00", "ip": "5.767e-07", "ts": "0", "stretch": "1.3031e+06", "date": "2094-05-01.57", "dist": "0.273", "sigma_lov": "0.20998", "sigma_imp": "0.000", "ps": "-8.71"}, {"energy": "2.313e-03", "width": "2.4056e-03", "ip": "2.279e-06", "ts": "0", "stretch": "3.2627e+05", "date": "2094-05-01.94", "dist": "0.129", "sigma_lov": "0.35243", "sigma_imp": "0.000", "ps": "-8.12"}, {"energy": "2.311e-03", "width": "0.0000e+00", "ip": "7.647e-07", "ts": "0", "stretch": "9.7284e+05", "date": "2094-05-01.42", "dist": "0.353", "sigma_lov": "0.09069", "sigma_imp": "0.000", "ps": "-8.59"}, {"energy": "2.313e-03", "width": "1.5714e-02", "ip": "2.737e-07", "ts": "0", "stretch": "2.8415e+06", "date": "2092-05-01.04", "dist": "0.367", "sigma_lov": "0.02891", "sigma_imp": "0.000", "ps": "-9.02"}, {"energy": "2.312e-03", "width": "0.0000e+00", "ip": "1.942e-06", "ts": "0", "stretch": "3.5426e+05", "date": "2092-05-01.02", "dist": "0.378", "sigma_lov": "0.37690", "sigma_imp": "0.000", "ps": "-8.17"}, {"energy": "2.310e-03", "width": "0.0000e+00", "ip": "3.901e-07", "ts": "0", "stretch": "1.7513e+06", "date": "2091-05-01.66", "dist": "0.427", "sigma_lov": "0.37088", "sigma_imp": "0.000", "ps": "-8.86"}, {"energy": "2.312e-03", "width": "5.5556e-03", "ip": "5.808e-07", "ts": "0", "stretch": "1.2836e+06", "date": "2089-05-01.36", "dist": "0.359", "sigma_lov": "0.01922", "sigma_imp": "0.000", "ps": "-8.68"}, {"energy": "2.309e-03", "width": "7.8568e-03", "ip": "3.668e-07", "ts": "0", "stretch": "1.8033e+06", "date": "2088-04-30.98", "dist": "0.560", "sigma_lov": "0.02359", "sigma_imp": "0.000", "ps": "-8.87"}, {"energy": "2.312e-03", "width": "0.0000e+00", "ip": "2.287e-06", "ts": "0", "stretch": "3.0112e+05", "date": "2086-05-01.74", "dist": "0.505", "sigma_lov": "-0.01651", "sigma_imp": "0.000", "ps": "-8.07"}, {"energy": "2.312e-03", "width": "0.0000e+00", "ip": "4.276e-06", "ts": "0", "stretch": "1.7978e+05", "date": "2084-05-01.58", "dist": "0.233", "sigma_lov": "0.13587", "sigma_imp": "0.000", "ps": "-7.78"}, {"energy": "2.311e-03", "width": "8.5052e-04", "ip": "7.184e-06", "ts": "0", "stretch": "1.0953e+05", "date": "2083-05-02.21", "dist": "0.047", "sigma_lov": "0.15974", "sigma_imp": "0.000", "ps": "-7.55"}, {"energy": "2.307e-03", "width": "7.8568e-03", "ip": "2.102e-07", "ts": "0", "stretch": "1.2021e+06", "date": "2082-05-01.39", "dist": "0.949", "sigma_lov": "0.02159", "sigma_imp": "0.000", "ps": "-9.08"}, {"energy": "2.310e-03", "width": "6.0141e-04", "ip": "1.415e-05", "ts": "0", "stretch": "5.2848e+04", "date": "2082-05-01.96", "dist": "0.289", "sigma_lov": "0.20721", "sigma_imp": "0.000", "ps": "-7.25"}, {"energy": "2.313e-03", "width": "5.4210e-04", "ip": "6.369e-05", "ts": "0", "stretch": "1.1637e+04", "date": "2081-05-01.76", "dist": "0.114", "sigma_lov": "0.36603", "sigma_imp": "0.000", "ps": "-6.59"}, {"energy": "2.309e-03", "width": "0.0000e+00", "ip": "6.695e-08", "ts": "0", "stretch": "3.3144e+05", "date": "2072-10-30.59", "dist": "0.434", "sigma_lov": "2.63400", "sigma_imp": "0.000", "ps": "-9.51"}, {"energy": "2.308e-03", "width": "6.4248e-04", "ip": "1.071e-03", "ts": "0", "stretch": "5.1955e+02", "date": "2069-05-01.93", "dist": "0.716", "sigma_lov": "0.04970", "sigma_imp": "0.000", "ps": "-5.27"}]}