{"summary": {"energy": "1.329e-01", "darc": "28.683 days", "ip": "0.0001974331", "h": "26.81", "nobs": "31", "mass": "4.32e+06", "v_inf": "11.57", "first_obs": "2014-Nov-20.440071", "method": "LOV", "pdate": "2017-04-11 11:46:14", "ndop": "0", "cdate": "2017-04-11 11:46:14", "ps_cum": "-4.65", "diameter": "0.015", "ndel": "0", "v_imp": "16.07", "ps_max": "-4.66", "last_obs": "2014-Dec-19.122599", "fullname": "(2014 WA201)", "n_imp": "6", "ts_max": "0", "nsat": "0", "des": "2014 WA201"}, "signature": {"source": "NASA/JPL Sentry Data API", "version": "1.1"}, "data": [{"energy": "1.326e-01", "width": "7.8568e-03", "ip": "2.625e-07", "ts": "0", "stretch": "2.5610e+06", "date": "2082-11-15.88", "dist": "0.150", "sigma_lov": "-0.56573", "sigma_imp": "0.000", "ps": "-7.58"}, {"energy": "1.328e-01", "width": "9.8210e-04", "ip": "2.792e-07", "ts": "0", "stretch": "3.9829e+05", "date": "2080-11-15.36", "dist": "0.987", "sigma_lov": "-0.53481", "sigma_imp": "0.000", "ps": "-7.54"}, {"energy": "1.326e-01", "width": "1.9642e-03", "ip": "8.750e-07", "ts": "0", "stretch": "8.3464e+05", "date": "2079-11-16.12", "dist": "0.014", "sigma_lov": "0.42195", "sigma_imp": "0.000", "ps": "-7.03"}, {"energy": "1.327e-01", "width": "0.0000e+00", "ip": "1.513e-07", "ts": "0", "stretch": "2.9365e+06", "date": "2077-11-15.56", "dist": "0.375", "sigma_lov": "1.01233", "sigma_imp": "0.000", "ps": "-7.78"}, {"energy": "1.327e-01", "width": "0.0000e+00", "ip": "3.651e-07", "ts": "0", "stretch": "1.2303e+06", "date": "2076-11-15.41", "dist": "0.808", "sigma_lov": "0.30960", "sigma_imp": "0.000", "ps": "-7.39"}, {"energy": "1.329e-01", "width": "6.1348e-04", "ip": "1.955e-04", "ts": "0", "stretch": "3.2719e+03", "date": "2075-11-16.14", "dist": "0.352", "sigma_lov": "-0.55558", "sigma_imp": "0.000", "ps": "-4.66"}]}