{"summary": {"energy": "1.578e-01", "darc": "12.569 days", "ip": "9.502e-07", "h": "26.51", "nobs": "54", "mass": "6.54e+06", "v_inf": "8.85", "first_obs": "2015-Mar-14.349115", "method": "LOV", "pdate": "2017-04-06 14:19:22", "ndop": "0", "cdate": "2017-04-06 14:19:22", "ps_cum": "-6.89", "diameter": "0.017", "ndel": "0", "v_imp": "14.24", "ps_max": "-7.16", "last_obs": "2015-Mar-26.918529", "fullname": "(2015 FF36)", "n_imp": "7", "ts_max": "0", "nsat": "0", "des": "2015 FF36"}, "signature": {"source": "NASA/JPL Sentry Data API", "version": "1.1"}, "data": [{"energy": "1.624e-01", "width": "0.0000e+00", "ip": "5.846e-08", "ts": "0", "stretch": "1.2602e+05", "date": "2071-03-25.20", "dist": "0.355", "sigma_lov": "3.03938", "sigma_imp": "0.000", "ps": "-8.07"}, {"energy": "1.597e-01", "width": "0.0000e+00", "ip": "3.897e-08", "ts": "0", "stretch": "1.8825e+05", "date": "2065-03-26.12", "dist": "0.599", "sigma_lov": "2.98946", "sigma_imp": "0.000", "ps": "-8.20"}, {"energy": "1.589e-01", "width": "0.0000e+00", "ip": "1.666e-08", "ts": "0", "stretch": "2.4701e+05", "date": "2059-03-26.93", "dist": "0.919", "sigma_lov": "2.94623", "sigma_imp": "0.000", "ps": "-8.52"}, {"energy": "1.630e-01", "width": "2.4552e-04", "ip": "7.042e-08", "ts": "0", "stretch": "4.6071e+04", "date": "2077-03-24.41", "dist": "0.869", "sigma_lov": "3.09919", "sigma_imp": "0.000", "ps": "-8.04"}, {"energy": "1.631e-01", "width": "1.7361e-04", "ip": "1.841e-07", "ts": "0", "stretch": "3.0905e+04", "date": "2077-03-24.31", "dist": "0.486", "sigma_lov": "3.10158", "sigma_imp": "0.000", "ps": "-7.62"}, {"energy": "1.540e-01", "width": "3.2867e-02", "ip": "5.230e-07", "ts": "0", "stretch": "1.3583e+06", "date": "2073-05-21.40", "dist": "0.413", "sigma_lov": "-0.21077", "sigma_imp": "0.000", "ps": "-7.16"}, {"energy": "1.620e-01", "width": "0.0000e+00", "ip": "5.859e-08", "ts": "0", "stretch": "9.8685e+04", "date": "2074-03-25.06", "dist": "0.594", "sigma_lov": "3.06943", "sigma_imp": "0.000", "ps": "-8.10"}]}