{"summary": {"energy": "4.962e-01", "darc": "2.9577 days", "ip": "5.1605e-08", "h": "25.82", "nobs": "10", "mass": "1.86e+07", "v_inf": "7.35", "first_obs": "2015-Apr-18.24103", "method": "LOV", "pdate": "2017-04-08 05:44:45", "ndop": "0", "cdate": "2017-04-08 05:44:45", "ps_cum": "-7.30", "diameter": "0.0233331925201046", "ndel": "0", "v_imp": "13.49", "ps_max": "-7.98", "last_obs": "2015-Apr-21.19874", "fullname": "(2015 HS182)", "n_imp": "114", "ts_max": "0", "nsat": "0", "des": "2015 HS182"}, "signature": {"source": "NASA/JPL Sentry Data API", "version": "1.1"}, "data": [{"energy": "2.769e-01", "width": "1.0162e+02", "ip": "1.024e-10", "ts": "0", "stretch": "4.8673e+05", "date": "2113-09-12.13", "dist": "49.425", "sigma_lov": "2.99219", "sigma_imp": "0.477", "ps": "-10.9"}, {"energy": "3.397e-01", "width": "6.7023e+01", "ip": "1.009e-10", "ts": "0", "stretch": "9.0969e+05", "date": "2108-09-16.59", "dist": "118.954", "sigma_lov": "2.37669", "sigma_imp": "1.760", "ps": "-10.8"}, {"energy": "3.248e-01", "width": "1.5444e+02", "ip": "2.759e-10", "ts": "0", "stretch": "4.3328e+05", "date": "2107-09-16.65", "dist": "92.361", "sigma_lov": "2.49872", "sigma_imp": "0.592", "ps": "-10.4"}, {"energy": "3.251e-01", "width": "1.9489e+02", "ip": "3.147e-10", "ts": "0", "stretch": "3.2088e+05", "date": "2107-09-16.73", "dist": "95.505", "sigma_lov": "2.49668", "sigma_imp": "0.485", "ps": "-10.3"}, {"energy": "3.133e-01", "width": "7.6354e+01", "ip": "1.599e-10", "ts": "0", "stretch": "7.0607e+05", "date": "2106-09-15.75", "dist": "89.568", "sigma_lov": "2.59800", "sigma_imp": "1.160", "ps": "-10.6"}, {"energy": "2.855e-01", "width": "7.5483e+01", "ip": "2.333e-10", "ts": "0", "stretch": "3.3181e+05", "date": "2104-09-13.26", "dist": "56.902", "sigma_lov": "2.88720", "sigma_imp": "0.741", "ps": "-10.5"}, {"energy": "3.113e-01", "width": "9.1181e+01", "ip": "1.493e-10", "ts": "0", "stretch": "7.6728e+05", "date": "2103-09-15.84", "dist": "85.316", "sigma_lov": "2.62035", "sigma_imp": "0.925", "ps": "-10.6"}, {"energy": "3.518e-01", "width": "6.3778e+01", "ip": "1.391e-10", "ts": "0", "stretch": "5.6609e+05", "date": "2100-09-17.50", "dist": "127.247", "sigma_lov": "2.28556", "sigma_imp": "1.979", "ps": "-10.6"}, {"energy": "3.501e-01", "width": "6.2172e+01", "ip": "1.214e-10", "ts": "0", "stretch": "6.5823e+05", "date": "2100-09-17.33", "dist": "123.582", "sigma_lov": "2.29693", "sigma_imp": "1.972", "ps": "-10.7"}, {"energy": "3.363e-01", "width": "6.4005e+01", "ip": "6.609e-10", "ts": "0", "stretch": "1.4338e+05", "date": "2099-09-16.52", "dist": "111.831", "sigma_lov": "2.40311", "sigma_imp": "1.732", "ps": "-9.95"}, {"energy": "3.126e-01", "width": "5.4888e+01", "ip": "1.906e-10", "ts": "0", "stretch": "4.8920e+05", "date": "2099-09-14.91", "dist": "84.701", "sigma_lov": "2.60507", "sigma_imp": "1.525", "ps": "-10.5"}, {"energy": "3.750e-01", "width": "6.1607e+01", "ip": "1.556e-10", "ts": "0", "stretch": "1.9091e+05", "date": "2097-09-17.81", "dist": "159.585", "sigma_lov": "2.12467", "sigma_imp": "2.574", "ps": "-10.5"}, {"energy": "3.260e-01", "width": "7.4202e+01", "ip": "2.698e-10", "ts": "0", "stretch": "4.3420e+05", "date": "2094-09-15.49", "dist": "102.201", "sigma_lov": "2.49225", "sigma_imp": "1.364", "ps": "-10.3"}, {"energy": "2.876e-01", "width": "5.8620e+01", "ip": "1.658e-10", "ts": "0", "stretch": "5.4799e+05", "date": "2093-09-12.11", "dist": "55.874", "sigma_lov": "2.86012", "sigma_imp": "0.936", "ps": "-10.6"}, {"energy": "3.081e-01", "width": "9.0589e+01", "ip": "1.104e-10", "ts": "0", "stretch": "9.9465e+05", "date": "2090-09-14.25", "dist": "82.721", "sigma_lov": "2.64681", "sigma_imp": "0.902", "ps": "-10.7"}, {"energy": "3.132e-01", "width": "5.5408e+01", "ip": "1.021e-09", "ts": "0", "stretch": "8.9196e+04", "date": "2089-09-14.30", "dist": "86.396", "sigma_lov": "2.60104", "sigma_imp": "1.541", "ps": "-9.73"}, {"energy": "3.736e-01", "width": "5.9542e+01", "ip": "1.540e-10", "ts": "0", "stretch": "2.0741e+05", "date": "2088-09-17.44", "dist": "153.112", "sigma_lov": "2.12931", "sigma_imp": "2.555", "ps": "-10.5"}, {"energy": "3.202e-01", "width": "6.7952e+01", "ip": "1.081e-10", "ts": "0", "stretch": "9.1867e+05", "date": "2088-09-14.35", "dist": "100.716", "sigma_lov": "2.53326", "sigma_imp": "1.467", "ps": "-10.7"}, {"energy": "3.203e-01", "width": "6.6586e+01", "ip": "1.508e-10", "ts": "0", "stretch": "6.7802e+05", "date": "2088-09-14.29", "dist": "98.542", "sigma_lov": "2.53111", "sigma_imp": "1.465", "ps": "-10.5"}, {"energy": "3.109e-01", "width": "8.0508e+01", "ip": "4.337e-10", "ts": "0", "stretch": "2.5385e+05", "date": "2086-09-14.61", "dist": "87.853", "sigma_lov": "2.62275", "sigma_imp": "1.079", "ps": "-10.1"}, {"energy": "2.787e-01", "width": "6.9853e+01", "ip": "1.161e-10", "ts": "0", "stretch": "6.1697e+05", "date": "2084-09-10.78", "dist": "42.926", "sigma_lov": "2.97268", "sigma_imp": "0.600", "ps": "-10.7"}, {"energy": "4.114e+00", "width": "3.4927e+02", "ip": "1.892e-10", "ts": "0", "stretch": "3.4944e+06", "date": "2082-10-08.72", "dist": "196.021", "sigma_lov": "-1.10960", "sigma_imp": "0.558", "ps": "-9.53"}, {"energy": "3.399e-01", "width": "6.9119e+01", "ip": "1.601e-10", "ts": "0", "stretch": "6.4417e+05", "date": "2082-09-16.09", "dist": "117.923", "sigma_lov": "2.36525", "sigma_imp": "1.692", "ps": "-10.5"}, {"energy": "2.986e-01", "width": "7.1129e+01", "ip": "5.409e-10", "ts": "0", "stretch": "1.8578e+05", "date": "2081-09-12.90", "dist": "69.330", "sigma_lov": "2.74777", "sigma_imp": "0.961", "ps": "-9.97"}, {"energy": "2.199e+00", "width": "4.3859e+02", "ip": "2.317e-09", "ts": "0", "stretch": "2.9007e+05", "date": "2081-06-06.08", "dist": "93.335", "sigma_lov": "-1.00607", "sigma_imp": "0.211", "ps": "-8.65"}, {"energy": "3.723e-01", "width": "5.8090e+01", "ip": "1.362e-10", "ts": "0", "stretch": "2.5130e+05", "date": "2079-09-18.13", "dist": "147.988", "sigma_lov": "2.13731", "sigma_imp": "2.530", "ps": "-10.5"}, {"energy": "2.520e-01", "width": "7.0893e+01", "ip": "1.861e-10", "ts": "0", "stretch": "1.3031e+05", "date": "2077-09-06.92", "dist": "2.291", "sigma_lov": "3.36920", "sigma_imp": "0.018", "ps": "-10.5"}, {"energy": "3.709e-01", "width": "5.7397e+01", "ip": "2.365e-10", "ts": "0", "stretch": "1.6294e+05", "date": "2076-09-17.17", "dist": "143.474", "sigma_lov": "2.14402", "sigma_imp": "2.482", "ps": "-10.2"}, {"energy": "2.909e-01", "width": "7.1778e+01", "ip": "1.364e-10", "ts": "0", "stretch": "5.8130e+05", "date": "2075-09-13.29", "dist": "70.227", "sigma_lov": "2.82828", "sigma_imp": "0.964", "ps": "-10.5"}, {"energy": "2.962e-01", "width": "1.3975e+02", "ip": "7.170e-10", "ts": "0", "stretch": "9.8217e+04", "date": "2074-09-13.08", "dist": "64.236", "sigma_lov": "2.76581", "sigma_imp": "0.453", "ps": "-9.80"}, {"energy": "3.702e-01", "width": "6.0091e+01", "ip": "1.073e-10", "ts": "0", "stretch": "4.0415e+05", "date": "2073-09-17.33", "dist": "145.803", "sigma_lov": "2.15159", "sigma_imp": "2.410", "ps": "-10.5"}, {"energy": "4.559e+00", "width": "5.5406e+02", "ip": "3.073e-10", "ts": "0", "stretch": "1.6604e+06", "date": "2073-04-26.50", "dist": "21.816", "sigma_lov": "-1.06731", "sigma_imp": "0.038", "ps": "-9.21"}, {"energy": "4.173e-01", "width": "6.0297e+01", "ip": "1.446e-10", "ts": "0", "stretch": "1.0397e+05", "date": "2072-09-18.53", "dist": "182.161", "sigma_lov": "1.87124", "sigma_imp": "3.004", "ps": "-10.4"}, {"energy": "2.862e-01", "width": "8.2943e+01", "ip": "2.201e-10", "ts": "0", "stretch": "3.4845e+05", "date": "2072-09-12.02", "dist": "55.542", "sigma_lov": "2.87853", "sigma_imp": "0.658", "ps": "-10.3"}, {"energy": "3.553e-01", "width": "6.1161e+01", "ip": "1.719e-10", "ts": "0", "stretch": "4.6132e+05", "date": "2071-09-16.99", "dist": "125.229", "sigma_lov": "2.25431", "sigma_imp": "2.031", "ps": "-10.3"}, {"energy": "3.696e-01", "width": "5.8046e+01", "ip": "2.185e-10", "ts": "0", "stretch": "2.0990e+05", "date": "2070-09-17.53", "dist": "140.006", "sigma_lov": "2.15781", "sigma_imp": "2.395", "ps": "-10.2"}, {"energy": "3.322e-01", "width": "6.2475e+01", "ip": "7.447e-10", "ts": "0", "stretch": "1.4125e+05", "date": "2070-09-15.31", "dist": "103.599", "sigma_lov": "2.43261", "sigma_imp": "1.642", "ps": "-9.72"}, {"energy": "3.196e-01", "width": "6.2102e+01", "ip": "3.646e-10", "ts": "0", "stretch": "3.0975e+05", "date": "2068-09-14.23", "dist": "89.182", "sigma_lov": "2.54467", "sigma_imp": "1.420", "ps": "-10.0"}, {"energy": "2.904e-01", "width": "6.9552e+01", "ip": "3.298e-10", "ts": "0", "stretch": "2.5828e+05", "date": "2068-09-12.35", "dist": "64.264", "sigma_lov": "2.83241", "sigma_imp": "0.910", "ps": "-10.1"}, {"energy": "2.903e-01", "width": "6.9575e+01", "ip": "1.472e-10", "ts": "0", "stretch": "5.8336e+05", "date": "2068-09-12.32", "dist": "63.354", "sigma_lov": "2.83382", "sigma_imp": "0.896", "ps": "-10.5"}, {"energy": "2.672e-01", "width": "6.7483e+01", "ip": "4.109e-10", "ts": "0", "stretch": "1.3228e+05", "date": "2067-09-09.88", "dist": "18.235", "sigma_lov": "3.12460", "sigma_imp": "0.255", "ps": "-10.0"}, {"energy": "2.834e-01", "width": "6.6171e+01", "ip": "3.304e-10", "ts": "0", "stretch": "2.6048e+05", "date": "2065-09-11.47", "dist": "44.179", "sigma_lov": "2.91714", "sigma_imp": "0.653", "ps": "-10.1"}, {"energy": "3.285e-01", "width": "6.3149e+01", "ip": "6.289e-10", "ts": "0", "stretch": "1.3405e+05", "date": "2064-09-15.07", "dist": "109.403", "sigma_lov": "2.46727", "sigma_imp": "1.717", "ps": "-9.74"}, {"energy": "2.995e-01", "width": "8.1739e+01", "ip": "1.973e-10", "ts": "0", "stretch": "5.0401e+05", "date": "2063-09-13.74", "dist": "72.292", "sigma_lov": "2.73153", "sigma_imp": "0.872", "ps": "-10.3"}, {"energy": "3.147e-01", "width": "6.6390e+01", "ip": "2.200e-10", "ts": "0", "stretch": "4.4016e+05", "date": "2062-09-14.72", "dist": "93.974", "sigma_lov": "2.59002", "sigma_imp": "1.400", "ps": "-10.2"}, {"energy": "3.222e-01", "width": "6.6171e+01", "ip": "4.760e-10", "ts": "0", "stretch": "2.4974e+05", "date": "2061-09-14.65", "dist": "92.845", "sigma_lov": "2.51782", "sigma_imp": "1.388", "ps": "-9.84"}, {"energy": "2.895e-01", "width": "6.9166e+01", "ip": "2.569e-10", "ts": "0", "stretch": "3.5036e+05", "date": "2061-09-12.55", "dist": "58.249", "sigma_lov": "2.84043", "sigma_imp": "0.828", "ps": "-10.1"}, {"energy": "2.900e-01", "width": "6.9364e+01", "ip": "2.163e-10", "ts": "0", "stretch": "3.9965e+05", "date": "2061-09-12.63", "dist": "62.579", "sigma_lov": "2.83513", "sigma_imp": "0.888", "ps": "-10.2"}, {"energy": "3.369e-01", "width": "5.6662e+01", "ip": "1.400e-10", "ts": "0", "stretch": "4.1051e+05", "date": "2060-09-15.44", "dist": "117.957", "sigma_lov": "2.39529", "sigma_imp": "2.064", "ps": "-10.3"}, {"energy": "2.417e-01", "width": "7.2695e+01", "ip": "1.313e-10", "ts": "0", "stretch": "7.4363e+04", "date": "2060-09-04.35", "dist": "32.774", "sigma_lov": "3.59447", "sigma_imp": "0.437", "ps": "-10.5"}, {"energy": "4.722e+00", "width": "1.9045e+02", "ip": "3.138e-10", "ts": "0", "stretch": "3.7666e+06", "date": "2059-10-01.67", "dist": "17.720", "sigma_lov": "-1.26011", "sigma_imp": "0.088", "ps": "-9.07"}, {"energy": "3.482e-01", "width": "5.8476e+01", "ip": "1.988e-10", "ts": "0", "stretch": "3.6524e+05", "date": "2059-09-16.21", "dist": "120.136", "sigma_lov": "2.30659", "sigma_imp": "2.037", "ps": "-10.2"}, {"energy": "3.656e-01", "width": "5.9761e+01", "ip": "2.091e-10", "ts": "0", "stretch": "2.8917e+05", "date": "2058-09-17.18", "dist": "134.926", "sigma_lov": "2.18307", "sigma_imp": "2.241", "ps": "-10.1"}, {"energy": "3.047e-01", "width": "6.7926e+01", "ip": "1.376e-10", "ts": "0", "stretch": "7.1332e+05", "date": "2056-09-13.37", "dist": "81.543", "sigma_lov": "2.68295", "sigma_imp": "1.186", "ps": "-10.3"}, {"energy": "2.403e-01", "width": "7.1857e+01", "ip": "1.590e-10", "ts": "0", "stretch": "5.2981e+04", "date": "2056-09-03.84", "dist": "40.073", "sigma_lov": "3.62361", "sigma_imp": "0.544", "ps": "-10.4"}, {"energy": "3.643e-01", "width": "6.0305e+01", "ip": "2.345e-10", "ts": "0", "stretch": "2.7858e+05", "date": "2055-09-17.34", "dist": "133.307", "sigma_lov": "2.19166", "sigma_imp": "2.194", "ps": "-10.0"}, {"energy": "2.889e-01", "width": "6.6088e+01", "ip": "2.139e-09", "ts": "0", "stretch": "4.4423e+04", "date": "2054-09-12.54", "dist": "52.581", "sigma_lov": "2.85072", "sigma_imp": "0.780", "ps": "-9.15"}, {"energy": "3.991e-01", "width": "5.9968e+01", "ip": "2.037e-10", "ts": "0", "stretch": "1.4674e+05", "date": "2053-09-18.00", "dist": "162.830", "sigma_lov": "1.97276", "sigma_imp": "2.699", "ps": "-10.0"}, {"energy": "3.464e-01", "width": "6.4402e+01", "ip": "5.055e-10", "ts": "0", "stretch": "2.3211e+05", "date": "2053-09-15.89", "dist": "111.349", "sigma_lov": "2.32346", "sigma_imp": "1.713", "ps": "-9.70"}, {"energy": "3.115e-01", "width": "6.5642e+01", "ip": "2.197e-10", "ts": "0", "stretch": "5.4647e+05", "date": "2052-09-13.70", "dist": "79.671", "sigma_lov": "2.61375", "sigma_imp": "1.198", "ps": "-10.1"}, {"energy": "3.626e-01", "width": "6.1114e+01", "ip": "2.508e-10", "ts": "0", "stretch": "2.9341e+05", "date": "2052-09-16.45", "dist": "130.784", "sigma_lov": "2.20137", "sigma_imp": "2.124", "ps": "-9.98"}, {"energy": "2.696e-01", "width": "7.1393e+01", "ip": "1.661e-10", "ts": "0", "stretch": "3.4191e+05", "date": "2052-09-09.60", "dist": "20.547", "sigma_lov": "3.09073", "sigma_imp": "0.274", "ps": "-10.3"}, {"energy": "2.395e-01", "width": "7.4091e+01", "ip": "1.009e-10", "ts": "0", "stretch": "7.1255e+04", "date": "2052-09-03.25", "dist": "45.301", "sigma_lov": "3.65024", "sigma_imp": "0.598", "ps": "-10.5"}, {"energy": "3.270e-01", "width": "6.4705e+01", "ip": "4.078e-10", "ts": "0", "stretch": "2.8047e+05", "date": "2051-09-15.53", "dist": "97.524", "sigma_lov": "2.48156", "sigma_imp": "1.492", "ps": "-9.79"}, {"energy": "3.285e-01", "width": "6.5076e+01", "ip": "1.138e-10", "ts": "0", "stretch": "8.1345e+05", "date": "2051-09-15.79", "dist": "107.833", "sigma_lov": "2.46894", "sigma_imp": "1.642", "ps": "-10.3"}, {"energy": "3.432e-01", "width": "6.1493e+01", "ip": "1.075e-10", "ts": "0", "stretch": "6.5161e+05", "date": "2050-09-16.26", "dist": "122.952", "sigma_lov": "2.34832", "sigma_imp": "1.983", "ps": "-10.3"}, {"energy": "3.619e-01", "width": "5.9530e+01", "ip": "2.185e-10", "ts": "0", "stretch": "3.0201e+05", "date": "2049-09-16.76", "dist": "130.543", "sigma_lov": "2.21064", "sigma_imp": "2.176", "ps": "-10.0"}, {"energy": "3.073e-01", "width": "6.5848e+01", "ip": "1.016e-09", "ts": "0", "stretch": "1.1709e+05", "date": "2049-09-13.52", "dist": "73.844", "sigma_lov": "2.65703", "sigma_imp": "1.106", "ps": "-9.39"}, {"energy": "3.082e-01", "width": "6.6816e+01", "ip": "3.617e-10", "ts": "0", "stretch": "3.3101e+05", "date": "2049-09-13.62", "dist": "75.083", "sigma_lov": "2.64807", "sigma_imp": "1.109", "ps": "-9.84"}, {"energy": "4.044e-01", "width": "5.5608e+01", "ip": "1.053e-10", "ts": "0", "stretch": "1.5727e+05", "date": "2047-09-18.49", "dist": "165.224", "sigma_lov": "1.94128", "sigma_imp": "2.953", "ps": "-10.3"}, {"energy": "3.397e-01", "width": "6.2663e+01", "ip": "5.887e-10", "ts": "0", "stretch": "1.7862e+05", "date": "2047-09-15.99", "dist": "109.240", "sigma_lov": "2.37127", "sigma_imp": "1.727", "ps": "-9.57"}, {"energy": "3.414e-01", "width": "6.3224e+01", "ip": "1.237e-10", "ts": "0", "stretch": "8.4713e+05", "date": "2047-09-16.13", "dist": "111.144", "sigma_lov": "2.35814", "sigma_imp": "1.742", "ps": "-10.2"}, {"energy": "2.865e-01", "width": "6.8088e+01", "ip": "7.761e-10", "ts": "0", "stretch": "1.2066e+05", "date": "2047-09-12.37", "dist": "47.078", "sigma_lov": "2.87250", "sigma_imp": "0.677", "ps": "-9.50"}, {"energy": "3.599e-01", "width": "6.0874e+01", "ip": "3.030e-10", "ts": "0", "stretch": "2.4455e+05", "date": "2046-09-16.81", "dist": "128.805", "sigma_lov": "2.22321", "sigma_imp": "2.099", "ps": "-9.82"}, {"energy": "2.539e-01", "width": "7.7356e+01", "ip": "1.514e-10", "ts": "0", "stretch": "1.6225e+05", "date": "2046-09-07.61", "dist": "1.390", "sigma_lov": "3.33959", "sigma_imp": "0.005", "ps": "-10.2"}, {"energy": "3.172e-01", "width": "4.8599e+01", "ip": "8.738e-10", "ts": "0", "stretch": "9.8489e+04", "date": "2045-09-14.00", "dist": "84.425", "sigma_lov": "2.56008", "sigma_imp": "1.717", "ps": "-9.39"}, {"energy": "3.176e-01", "width": "6.3463e+01", "ip": "1.021e-09", "ts": "0", "stretch": "1.1782e+05", "date": "2045-09-13.97", "dist": "85.943", "sigma_lov": "2.55605", "sigma_imp": "1.338", "ps": "-9.32"}, {"energy": "3.347e-01", "width": "6.1604e+01", "ip": "2.517e-10", "ts": "0", "stretch": "4.2068e+05", "date": "2044-09-15.16", "dist": "104.049", "sigma_lov": "2.41451", "sigma_imp": "1.673", "ps": "-9.89"}, {"energy": "3.368e-01", "width": "6.2305e+01", "ip": "1.234e-10", "ts": "0", "stretch": "6.8206e+05", "date": "2044-09-15.48", "dist": "114.424", "sigma_lov": "2.39702", "sigma_imp": "1.820", "ps": "-10.2"}, {"energy": "2.790e-01", "width": "7.2252e+01", "ip": "1.944e-10", "ts": "0", "stretch": "3.6527e+05", "date": "2044-09-11.00", "dist": "44.319", "sigma_lov": "2.96443", "sigma_imp": "0.600", "ps": "-10.1"}, {"energy": "3.580e-01", "width": "6.1309e+01", "ip": "3.695e-10", "ts": "0", "stretch": "2.1440e+05", "date": "2043-09-16.87", "dist": "126.481", "sigma_lov": "2.23958", "sigma_imp": "2.047", "ps": "-9.69"}, {"energy": "3.112e-01", "width": "6.5638e+01", "ip": "8.916e-10", "ts": "0", "stretch": "1.3588e+05", "date": "2042-09-14.11", "dist": "78.704", "sigma_lov": "2.61706", "sigma_imp": "1.184", "ps": "-9.34"}, {"energy": "2.554e-01", "width": "7.8107e+01", "ip": "4.953e-10", "ts": "0", "stretch": "5.4744e+04", "date": "2042-09-07.93", "dist": "3.888", "sigma_lov": "3.30652", "sigma_imp": "0.037", "ps": "-9.66"}, {"energy": "3.333e-01", "width": "6.4229e+01", "ip": "1.243e-10", "ts": "0", "stretch": "9.4534e+05", "date": "2041-09-15.03", "dist": "102.058", "sigma_lov": "2.42177", "sigma_imp": "1.573", "ps": "-10.2"}, {"energy": "2.693e-01", "width": "7.1305e+01", "ip": "5.942e-10", "ts": "0", "stretch": "9.4610e+04", "date": "2041-09-09.74", "dist": "19.287", "sigma_lov": "3.09603", "sigma_imp": "0.256", "ps": "-9.55"}, {"energy": "2.094e+00", "width": "5.9198e+02", "ip": "1.011e-10", "ts": "0", "stretch": "4.4292e+06", "date": "2041-08-30.44", "dist": "152.435", "sigma_lov": "-1.09737", "sigma_imp": "0.256", "ps": "-9.60"}, {"energy": "2.373e+00", "width": "4.9139e+02", "ip": "3.657e-10", "ts": "0", "stretch": "1.4013e+06", "date": "2041-06-07.55", "dist": "198.589", "sigma_lov": "-1.09964", "sigma_imp": "0.402", "ps": "-9.00"}, {"energy": "2.851e-01", "width": "6.8704e+01", "ip": "6.697e-10", "ts": "0", "stretch": "1.3473e+05", "date": "2040-09-11.38", "dist": "44.183", "sigma_lov": "2.89347", "sigma_imp": "0.629", "ps": "-9.46"}, {"energy": "3.033e-01", "width": "6.7972e+01", "ip": "1.380e-09", "ts": "0", "stretch": "8.3259e+04", "date": "2039-09-13.87", "dist": "70.297", "sigma_lov": "2.69312", "sigma_imp": "1.019", "ps": "-9.10"}, {"energy": "2.580e-01", "width": "7.3225e+01", "ip": "4.051e-10", "ts": "0", "stretch": "8.1171e+04", "date": "2038-09-08.22", "dist": "0.926", "sigma_lov": "3.26783", "sigma_imp": "0.000", "ps": "-9.67"}, {"energy": "2.747e-01", "width": "6.9935e+01", "ip": "1.186e-09", "ts": "0", "stretch": "5.7930e+04", "date": "2037-09-10.25", "dist": "27.697", "sigma_lov": "3.02314", "sigma_imp": "0.382", "ps": "-9.16"}, {"energy": "2.754e-01", "width": "7.1637e+01", "ip": "5.150e-10", "ts": "0", "stretch": "1.3383e+05", "date": "2037-09-10.35", "dist": "28.847", "sigma_lov": "3.01316", "sigma_imp": "0.389", "ps": "-9.52"}, {"energy": "4.182e-01", "width": "6.1502e+01", "ip": "1.440e-10", "ts": "0", "stretch": "1.5513e+05", "date": "2035-09-19.11", "dist": "177.485", "sigma_lov": "1.86248", "sigma_imp": "2.870", "ps": "-9.89"}, {"energy": "3.212e-01", "width": "6.5874e+01", "ip": "1.888e-10", "ts": "0", "stretch": "6.7009e+05", "date": "2035-09-14.75", "dist": "88.361", "sigma_lov": "2.52850", "sigma_imp": "1.326", "ps": "-9.86"}, {"energy": "3.187e-01", "width": "6.5213e+01", "ip": "1.058e-09", "ts": "0", "stretch": "1.1834e+05", "date": "2035-09-14.58", "dist": "85.692", "sigma_lov": "2.55100", "sigma_imp": "1.299", "ps": "-9.12"}, {"energy": "3.477e-01", "width": "6.3725e+01", "ip": "6.482e-10", "ts": "0", "stretch": "1.6443e+05", "date": "2034-09-16.05", "dist": "114.935", "sigma_lov": "2.31261", "sigma_imp": "1.788", "ps": "-9.27"}, {"energy": "2.610e-01", "width": "7.2686e+01", "ip": "4.883e-10", "ts": "0", "stretch": "8.0290e+04", "date": "2034-09-08.71", "dist": "4.541", "sigma_lov": "3.21523", "sigma_imp": "0.049", "ps": "-9.50"}, {"energy": "3.836e-01", "width": "5.9482e+01", "ip": "1.366e-10", "ts": "0", "stretch": "3.3340e+05", "date": "2033-09-17.00", "dist": "147.803", "sigma_lov": "2.06495", "sigma_imp": "2.468", "ps": "-9.89"}, {"energy": "2.824e-01", "width": "6.9539e+01", "ip": "8.634e-10", "ts": "0", "stretch": "9.7893e+04", "date": "2033-09-11.35", "dist": "40.214", "sigma_lov": "2.92540", "sigma_imp": "0.564", "ps": "-9.20"}, {"energy": "3.090e-01", "width": "6.6455e+01", "ip": "1.096e-09", "ts": "0", "stretch": "1.1092e+05", "date": "2032-09-13.31", "dist": "74.821", "sigma_lov": "2.64330", "sigma_imp": "1.111", "ps": "-9.03"}, {"energy": "3.421e-01", "width": "6.3020e+01", "ip": "8.067e-10", "ts": "0", "stretch": "1.3001e+05", "date": "2031-09-16.08", "dist": "111.087", "sigma_lov": "2.35549", "sigma_imp": "1.747", "ps": "-9.10"}, {"energy": "3.838e-01", "width": "5.9751e+01", "ip": "5.495e-10", "ts": "0", "stretch": "8.4854e+04", "date": "2030-09-17.24", "dist": "147.866", "sigma_lov": "2.06364", "sigma_imp": "2.458", "ps": "-9.20"}, {"energy": "2.666e-01", "width": "7.2253e+01", "ip": "7.122e-10", "ts": "0", "stretch": "7.0004e+04", "date": "2030-09-09.43", "dist": "13.421", "sigma_lov": "3.13654", "sigma_imp": "0.172", "ps": "-9.21"}, {"energy": "2.985e-01", "width": "6.9101e+01", "ip": "2.254e-10", "ts": "0", "stretch": "5.0569e+05", "date": "2029-09-12.52", "dist": "60.678", "sigma_lov": "2.74510", "sigma_imp": "0.864", "ps": "-9.64"}, {"energy": "2.954e-01", "width": "6.8116e+01", "ip": "1.501e-09", "ts": "0", "stretch": "7.3076e+04", "date": "2029-09-12.25", "dist": "56.898", "sigma_lov": "2.77733", "sigma_imp": "0.821", "ps": "-8.82"}, {"energy": "3.336e-01", "width": "6.3967e+01", "ip": "1.115e-09", "ts": "0", "stretch": "1.0454e+05", "date": "2028-09-14.84", "dist": "102.374", "sigma_lov": "2.41958", "sigma_imp": "1.585", "ps": "-8.87"}, {"energy": "5.457e+00", "width": "4.5835e+02", "ip": "1.655e-10", "ts": "0", "stretch": "2.9191e+06", "date": "2028-04-28.66", "dist": "79.424", "sigma_lov": "-1.26474", "sigma_imp": "0.171", "ps": "-8.71"}, {"energy": "3.857e-01", "width": "5.9844e+01", "ip": "4.686e-10", "ts": "0", "stretch": "9.5608e+04", "date": "2027-09-17.64", "dist": "149.454", "sigma_lov": "2.05487", "sigma_imp": "2.481", "ps": "-9.16"}, {"energy": "2.759e-01", "width": "7.0985e+01", "ip": "1.235e-09", "ts": "0", "stretch": "5.7352e+04", "date": "2026-09-10.76", "dist": "29.788", "sigma_lov": "3.00493", "sigma_imp": "0.406", "ps": "-8.81"}, {"energy": "3.882e-01", "width": "6.0209e+01", "ip": "5.365e-10", "ts": "0", "stretch": "8.3832e+04", "date": "2024-09-16.95", "dist": "150.881", "sigma_lov": "2.03955", "sigma_imp": "2.489", "ps": "-8.95"}, {"energy": "2.473e-01", "width": "7.2819e+01", "ip": "1.313e-09", "ts": "0", "stretch": "1.2365e+04", "date": "2023-09-05.80", "dist": "25.736", "sigma_lov": "3.46095", "sigma_imp": "0.340", "ps": "-8.65"}, {"energy": "2.481e-01", "width": "8.0177e+01", "ip": "6.480e-10", "ts": "0", "stretch": "2.4519e+04", "date": "2023-09-05.99", "dist": "23.861", "sigma_lov": "3.44448", "sigma_imp": "0.285", "ps": "-8.96"}, {"energy": "2.988e-01", "width": "6.8794e+01", "ip": "2.586e-09", "ts": "0", "stretch": "4.4033e+04", "date": "2022-09-12.91", "dist": "61.649", "sigma_lov": "2.74119", "sigma_imp": "0.882", "ps": "-8.22"}, {"energy": "4.088e-01", "width": "6.0896e+01", "ip": "9.284e-10", "ts": "0", "stretch": "3.2750e+04", "date": "2018-09-18.21", "dist": "167.012", "sigma_lov": "1.91783", "sigma_imp": "2.726", "ps": "-7.98"}]}