{"summary": {"energy": "1.034e-02", "darc": "20.167 days", "ip": "6.8752e-06", "h": "28.36", "nobs": "39", "mass": "5.09e+05", "v_inf": "6.81", "first_obs": "2015-Dec-18.32137", "method": "LOV", "pdate": "2017-04-07 15:43:19", "ndop": "0", "cdate": "2017-04-07 15:43:19", "ps_cum": "-7.14", "diameter": "0.0072", "ndel": "0", "v_imp": "13.06", "ps_max": "-7.23", "last_obs": "2016-Jan-07.487873", "fullname": "(2015 YM1)", "n_imp": "5", "ts_max": "0", "nsat": "0", "des": "2015 YM1"}, "signature": {"source": "NASA/JPL Sentry Data API", "version": "1.1"}, "data": [{"energy": "1.036e-02", "width": "2.7778e-03", "ip": "4.900e-07", "ts": "0", "stretch": "1.3833e+06", "date": "2115-12-18.98", "dist": "0.481", "sigma_lov": "-0.24995", "sigma_imp": "0.000", "ps": "-8.37"}, {"energy": "1.032e-02", "width": "7.3494e-03", "ip": "2.255e-07", "ts": "0", "stretch": "2.2056e+06", "date": "2110-06-18.10", "dist": "0.782", "sigma_lov": "0.00197", "sigma_imp": "0.000", "ps": "-8.68"}, {"energy": "1.029e-02", "width": "4.9316e-03", "ip": "2.839e-07", "ts": "0", "stretch": "1.5579e+05", "date": "2096-06-16.68", "dist": "0.783", "sigma_lov": "-2.20000", "sigma_imp": "0.000", "ps": "-8.51"}, {"energy": "1.035e-02", "width": "7.4208e-03", "ip": "4.888e-07", "ts": "0", "stretch": "3.5243e+05", "date": "2096-06-16.60", "dist": "0.763", "sigma_lov": "1.48110", "sigma_imp": "0.000", "ps": "-8.27"}, {"energy": "1.034e-02", "width": "7.6559e-03", "ip": "5.387e-06", "ts": "0", "stretch": "1.4055e+05", "date": "2096-06-16.66", "dist": "0.315", "sigma_lov": "-0.01239", "sigma_imp": "0.000", "ps": "-7.23"}]}