{"summary": {"energy": "4.338e-03", "darc": ".99480 days", "ip": "1.5587e-07", "h": "29.00", "nobs": "8", "mass": "2.11e+05", "v_inf": "6.93", "first_obs": "2015-Apr-18.17641", "method": "LOV", "pdate": "2017-04-10 03:32:48", "ndop": "0", "cdate": "2017-04-10 03:32:48", "ps_cum": "-8.79", "diameter": "0.00539718406364278", "ndel": "0", "v_imp": "13.13", "ps_max": "-9.60", "last_obs": "2015-Apr-19.17121", "fullname": "(2015 HM182)", "n_imp": "96", "ts_max": "0", "nsat": "0", "des": "2015 HM182"}, "signature": {"source": "NASA/JPL Sentry Data API", "version": "1.1"}, "data": [{"energy": "4.470e-03", "width": "1.0633e+02", "ip": "1.043e-09", "ts": "0", "stretch": "8.3680e+04", "date": "2101-11-29.14", "dist": "129.469", "sigma_lov": "-2.54466", "sigma_imp": "1.208", "ps": "-11.3"}, {"energy": "4.538e-03", "width": "9.3495e+01", "ip": "2.296e-10", "ts": "0", "stretch": "2.9686e+05", "date": "2101-11-27.16", "dist": "107.087", "sigma_lov": "-2.71956", "sigma_imp": "1.135", "ps": "-11.9"}, {"energy": "4.158e-03", "width": "7.6435e+01", "ip": "3.536e-09", "ts": "0", "stretch": "1.6941e+04", "date": "2100-04-03.80", "dist": "195.824", "sigma_lov": "-1.67807", "sigma_imp": "2.549", "ps": "-10.8"}, {"energy": "4.368e-03", "width": "9.9844e+01", "ip": "1.102e-10", "ts": "0", "stretch": "1.1673e+06", "date": "2099-11-30.26", "dist": "149.869", "sigma_lov": "-2.24926", "sigma_imp": "1.491", "ps": "-12.2"}, {"energy": "4.600e-03", "width": "1.2887e+02", "ip": "7.185e-10", "ts": "0", "stretch": "3.0740e+04", "date": "2098-04-07.09", "dist": "181.723", "sigma_lov": "-2.88617", "sigma_imp": "1.402", "ps": "-11.4"}, {"energy": "4.388e-03", "width": "1.0800e+02", "ip": "1.145e-10", "ts": "0", "stretch": "5.3933e+05", "date": "2093-04-05.73", "dist": "196.458", "sigma_lov": "-2.30514", "sigma_imp": "1.810", "ps": "-12.2"}, {"energy": "4.397e-03", "width": "1.0819e+02", "ip": "1.235e-10", "ts": "0", "stretch": "1.0345e+06", "date": "2091-11-29.22", "dist": "144.436", "sigma_lov": "-2.31966", "sigma_imp": "1.326", "ps": "-12.1"}, {"energy": "4.790e-03", "width": "7.7690e+01", "ip": "1.211e-10", "ts": "0", "stretch": "1.1500e+05", "date": "2089-11-21.12", "dist": "41.186", "sigma_lov": "-3.45897", "sigma_imp": "0.517", "ps": "-12.1"}, {"energy": "4.439e-03", "width": "8.6132e+01", "ip": "1.651e-10", "ts": "0", "stretch": "4.2878e+05", "date": "2086-11-29.11", "dist": "146.051", "sigma_lov": "-2.43395", "sigma_imp": "1.684", "ps": "-12.0"}, {"energy": "4.534e-03", "width": "9.2035e+01", "ip": "1.645e-10", "ts": "0", "stretch": "4.4084e+05", "date": "2086-11-26.75", "dist": "110.684", "sigma_lov": "-2.67769", "sigma_imp": "1.192", "ps": "-12.0"}, {"energy": "4.319e-03", "width": "9.4660e+01", "ip": "7.180e-10", "ts": "0", "stretch": "1.7725e+05", "date": "2084-11-30.93", "dist": "161.121", "sigma_lov": "-2.13162", "sigma_imp": "1.692", "ps": "-11.3"}, {"energy": "4.350e-03", "width": "9.7666e+01", "ip": "8.247e-10", "ts": "0", "stretch": "1.5617e+05", "date": "2084-11-29.93", "dist": "152.631", "sigma_lov": "-2.21613", "sigma_imp": "1.553", "ps": "-11.3"}, {"energy": "4.353e-03", "width": "1.1136e+02", "ip": "2.442e-10", "ts": "0", "stretch": "5.9189e+05", "date": "2084-11-30.13", "dist": "154.388", "sigma_lov": "-2.22227", "sigma_imp": "1.377", "ps": "-11.8"}, {"energy": "4.192e-03", "width": "1.1965e+02", "ip": "3.261e-09", "ts": "0", "stretch": "6.3837e+04", "date": "2081-12-04.88", "dist": "199.621", "sigma_lov": "-1.79098", "sigma_imp": "1.660", "ps": "-10.7"}, {"energy": "4.203e-03", "width": "1.0380e+02", "ip": "3.067e-09", "ts": "0", "stretch": "5.2403e+04", "date": "2081-12-04.47", "dist": "193.761", "sigma_lov": "-1.81880", "sigma_imp": "1.857", "ps": "-10.7"}, {"energy": "4.388e-03", "width": "1.1587e+02", "ip": "1.112e-10", "ts": "0", "stretch": "1.1950e+06", "date": "2080-11-28.93", "dist": "150.088", "sigma_lov": "-2.29577", "sigma_imp": "1.287", "ps": "-12.1"}, {"energy": "4.350e-03", "width": "9.9833e+01", "ip": "1.020e-09", "ts": "0", "stretch": "1.3327e+05", "date": "2080-11-30.14", "dist": "154.100", "sigma_lov": "-2.19518", "sigma_imp": "1.534", "ps": "-11.2"}, {"energy": "4.406e-03", "width": "9.9331e+01", "ip": "4.883e-10", "ts": "0", "stretch": "2.1713e+05", "date": "2079-11-30.15", "dist": "146.427", "sigma_lov": "-2.35257", "sigma_imp": "1.464", "ps": "-11.5"}, {"energy": "4.410e-03", "width": "9.7379e+01", "ip": "2.968e-10", "ts": "0", "stretch": "3.3812e+05", "date": "2079-11-30.27", "dist": "146.414", "sigma_lov": "-2.36569", "sigma_imp": "1.493", "ps": "-11.7"}, {"energy": "4.410e-03", "width": "9.5116e+01", "ip": "1.634e-10", "ts": "0", "stretch": "5.3679e+05", "date": "2079-11-30.24", "dist": "152.169", "sigma_lov": "-2.36945", "sigma_imp": "1.589", "ps": "-11.9"}, {"energy": "4.211e-03", "width": "1.0539e+02", "ip": "3.631e-08", "ts": "0", "stretch": "4.5242e+03", "date": "2077-12-04.58", "dist": "195.765", "sigma_lov": "-1.80769", "sigma_imp": "1.848", "ps": "-9.60"}, {"energy": "4.241e-03", "width": "1.0370e+02", "ip": "1.088e-09", "ts": "0", "stretch": "1.5624e+05", "date": "2077-12-03.26", "dist": "180.705", "sigma_lov": "-1.90906", "sigma_imp": "1.733", "ps": "-11.1"}, {"energy": "4.248e-03", "width": "1.0271e+02", "ip": "3.940e-10", "ts": "0", "stretch": "4.2353e+05", "date": "2077-12-03.00", "dist": "178.434", "sigma_lov": "-1.92861", "sigma_imp": "1.727", "ps": "-11.6"}, {"energy": "4.334e-03", "width": "9.9195e+01", "ip": "3.539e-10", "ts": "0", "stretch": "3.9114e+05", "date": "2076-11-30.30", "dist": "155.109", "sigma_lov": "-2.17563", "sigma_imp": "1.554", "ps": "-11.6"}, {"energy": "4.255e-03", "width": "1.0209e+02", "ip": "2.526e-10", "ts": "0", "stretch": "6.5510e+05", "date": "2073-12-02.56", "dist": "174.118", "sigma_lov": "-1.96398", "sigma_imp": "1.696", "ps": "-11.7"}, {"energy": "4.256e-03", "width": "1.0286e+02", "ip": "1.285e-10", "ts": "0", "stretch": "1.3053e+06", "date": "2073-12-02.52", "dist": "173.782", "sigma_lov": "-1.96705", "sigma_imp": "1.680", "ps": "-12.0"}, {"energy": "4.237e-03", "width": "1.0358e+02", "ip": "9.919e-09", "ts": "0", "stretch": "1.7175e+04", "date": "2073-12-03.20", "dist": "179.917", "sigma_lov": "-1.91369", "sigma_imp": "1.727", "ps": "-10.1"}, {"energy": "4.243e-03", "width": "1.0286e+02", "ip": "6.008e-09", "ts": "0", "stretch": "2.8003e+04", "date": "2073-12-03.00", "dist": "178.182", "sigma_lov": "-1.92809", "sigma_imp": "1.723", "ps": "-10.3"}, {"energy": "4.247e-03", "width": "1.0319e+02", "ip": "8.610e-10", "ts": "0", "stretch": "1.9677e+05", "date": "2073-12-02.88", "dist": "176.942", "sigma_lov": "-1.93842", "sigma_imp": "1.705", "ps": "-11.2"}, {"energy": "4.371e-03", "width": "9.9594e+01", "ip": "9.173e-10", "ts": "0", "stretch": "1.4418e+05", "date": "2072-11-29.47", "dist": "147.368", "sigma_lov": "-2.25201", "sigma_imp": "1.470", "ps": "-11.1"}, {"energy": "4.700e-03", "width": "8.7078e+01", "ip": "1.146e-10", "ts": "0", "stretch": "2.4316e+05", "date": "2072-11-23.40", "dist": "71.792", "sigma_lov": "-3.15518", "sigma_imp": "0.813", "ps": "-12.0"}, {"energy": "4.801e-03", "width": "7.6708e+01", "ip": "1.159e-10", "ts": "0", "stretch": "9.8270e+04", "date": "2071-11-20.86", "dist": "31.937", "sigma_lov": "-3.53525", "sigma_imp": "0.403", "ps": "-12.0"}, {"energy": "4.254e-03", "width": "1.0324e+02", "ip": "4.824e-09", "ts": "0", "stretch": "3.4661e+04", "date": "2069-12-02.92", "dist": "177.365", "sigma_lov": "-1.94198", "sigma_imp": "1.708", "ps": "-10.4"}, {"energy": "4.262e-03", "width": "1.0226e+02", "ip": "3.498e-09", "ts": "0", "stretch": "4.6932e+04", "date": "2069-12-02.64", "dist": "174.780", "sigma_lov": "-1.96395", "sigma_imp": "1.699", "ps": "-10.6"}, {"energy": "4.262e-03", "width": "1.0325e+02", "ip": "1.766e-09", "ts": "0", "stretch": "9.4683e+04", "date": "2069-12-02.61", "dist": "174.423", "sigma_lov": "-1.96695", "sigma_imp": "1.680", "ps": "-10.8"}, {"energy": "4.358e-03", "width": "9.8910e+01", "ip": "1.917e-10", "ts": "0", "stretch": "6.9809e+05", "date": "2068-11-29.63", "dist": "148.759", "sigma_lov": "-2.23362", "sigma_imp": "1.494", "ps": "-11.8"}, {"energy": "4.359e-03", "width": "9.9539e+01", "ip": "3.679e-10", "ts": "0", "stretch": "3.6580e+05", "date": "2068-11-29.58", "dist": "148.584", "sigma_lov": "-2.23586", "sigma_imp": "1.483", "ps": "-11.5"}, {"energy": "4.376e-03", "width": "9.9517e+01", "ip": "2.013e-10", "ts": "0", "stretch": "5.1125e+05", "date": "2068-11-29.62", "dist": "158.837", "sigma_lov": "-2.28406", "sigma_imp": "1.586", "ps": "-11.8"}, {"energy": "4.378e-03", "width": "9.4198e+01", "ip": "1.817e-10", "ts": "0", "stretch": "5.1387e+05", "date": "2068-11-29.63", "dist": "158.394", "sigma_lov": "-2.28927", "sigma_imp": "1.671", "ps": "-11.8"}, {"energy": "4.256e-03", "width": "1.0268e+02", "ip": "3.701e-09", "ts": "0", "stretch": "4.5075e+04", "date": "2065-12-02.59", "dist": "173.445", "sigma_lov": "-1.97096", "sigma_imp": "1.679", "ps": "-10.5"}, {"energy": "4.397e-03", "width": "1.0332e+02", "ip": "6.914e-10", "ts": "0", "stretch": "1.8462e+05", "date": "2064-11-28.72", "dist": "140.780", "sigma_lov": "-2.32407", "sigma_imp": "1.353", "ps": "-11.2"}, {"energy": "4.504e-03", "width": "9.2255e+01", "ip": "3.149e-09", "ts": "0", "stretch": "2.5822e+04", "date": "2063-11-27.42", "dist": "113.551", "sigma_lov": "-2.62068", "sigma_imp": "1.220", "ps": "-10.5"}, {"energy": "4.639e-03", "width": "8.7012e+01", "ip": "5.956e-10", "ts": "0", "stretch": "7.6115e+04", "date": "2062-11-24.74", "dist": "82.827", "sigma_lov": "-2.95950", "sigma_imp": "0.940", "ps": "-11.2"}, {"energy": "4.278e-03", "width": "1.0248e+02", "ip": "3.555e-09", "ts": "0", "stretch": "4.6407e+04", "date": "2061-12-02.20", "dist": "169.889", "sigma_lov": "-2.00401", "sigma_imp": "1.648", "ps": "-10.5"}, {"energy": "4.752e-03", "width": "6.9548e+01", "ip": "2.220e-09", "ts": "0", "stretch": "9.7511e+03", "date": "2061-11-22.00", "dist": "50.776", "sigma_lov": "-3.32467", "sigma_imp": "0.716", "ps": "-10.6"}, {"energy": "4.755e-03", "width": "9.8031e+01", "ip": "6.067e-10", "ts": "0", "stretch": "2.7758e+04", "date": "2061-11-22.05", "dist": "51.358", "sigma_lov": "-3.33582", "sigma_imp": "0.514", "ps": "-11.2"}, {"energy": "4.418e-03", "width": "9.5341e+01", "ip": "1.842e-09", "ts": "0", "stretch": "6.0280e+04", "date": "2060-11-28.48", "dist": "133.902", "sigma_lov": "-2.39254", "sigma_imp": "1.394", "ps": "-10.7"}, {"energy": "4.541e-03", "width": "9.1615e+01", "ip": "6.169e-10", "ts": "0", "stretch": "1.1709e+05", "date": "2059-11-26.79", "dist": "106.213", "sigma_lov": "-2.69983", "sigma_imp": "1.148", "ps": "-11.2"}, {"energy": "4.553e-03", "width": "9.1824e+01", "ip": "1.901e-09", "ts": "0", "stretch": "3.6471e+04", "date": "2059-11-26.46", "dist": "102.779", "sigma_lov": "-2.73085", "sigma_imp": "1.108", "ps": "-10.7"}, {"energy": "4.570e-03", "width": "9.2522e+01", "ip": "6.302e-10", "ts": "0", "stretch": "1.0084e+05", "date": "2059-11-25.87", "dist": "99.544", "sigma_lov": "-2.77685", "sigma_imp": "1.065", "ps": "-11.2"}, {"energy": "4.662e-03", "width": "8.5612e+01", "ip": "4.367e-10", "ts": "0", "stretch": "8.7383e+04", "date": "2058-11-23.85", "dist": "73.582", "sigma_lov": "-3.04993", "sigma_imp": "0.848", "ps": "-11.3"}, {"energy": "4.669e-03", "width": "8.5717e+01", "ip": "1.326e-09", "ts": "0", "stretch": "2.7595e+04", "date": "2058-11-23.65", "dist": "71.418", "sigma_lov": "-3.07044", "sigma_imp": "0.822", "ps": "-10.8"}, {"energy": "4.683e-03", "width": "8.5117e+01", "ip": "4.813e-10", "ts": "0", "stretch": "6.7984e+04", "date": "2058-11-23.07", "dist": "68.335", "sigma_lov": "-3.11683", "sigma_imp": "0.791", "ps": "-11.3"}, {"energy": "4.687e-03", "width": "8.4838e+01", "ip": "1.086e-10", "ts": "0", "stretch": "2.7940e+05", "date": "2058-11-22.92", "dist": "72.250", "sigma_lov": "-3.12897", "sigma_imp": "0.840", "ps": "-11.9"}, {"energy": "4.494e-03", "width": "9.2692e+01", "ip": "1.287e-10", "ts": "0", "stretch": "6.8585e+05", "date": "2056-11-26.88", "dist": "116.212", "sigma_lov": "-2.57652", "sigma_imp": "1.243", "ps": "-11.8"}, {"energy": "4.304e-03", "width": "1.0152e+02", "ip": "2.562e-09", "ts": "0", "stretch": "6.1664e+04", "date": "2053-12-01.43", "dist": "162.277", "sigma_lov": "-2.07692", "sigma_imp": "1.589", "ps": "-10.5"}, {"energy": "4.432e-03", "width": "8.3835e+01", "ip": "3.644e-10", "ts": "0", "stretch": "1.9420e+05", "date": "2052-11-28.31", "dist": "143.156", "sigma_lov": "-2.43695", "sigma_imp": "1.696", "ps": "-11.4"}, {"energy": "4.440e-03", "width": "9.6922e+01", "ip": "7.095e-10", "ts": "0", "stretch": "1.3975e+05", "date": "2052-11-28.25", "dist": "132.001", "sigma_lov": "-2.45653", "sigma_imp": "1.352", "ps": "-11.1"}, {"energy": "4.462e-03", "width": "9.5076e+01", "ip": "2.980e-09", "ts": "0", "stretch": "3.2288e+04", "date": "2052-11-27.33", "dist": "121.402", "sigma_lov": "-2.52123", "sigma_imp": "1.266", "ps": "-10.4"}, {"energy": "4.476e-03", "width": "9.3684e+01", "ip": "1.266e-09", "ts": "0", "stretch": "7.1946e+04", "date": "2052-11-26.97", "dist": "117.996", "sigma_lov": "-2.55740", "sigma_imp": "1.249", "ps": "-10.8"}, {"energy": "4.608e-03", "width": "8.6552e+01", "ip": "2.286e-09", "ts": "0", "stretch": "2.3829e+04", "date": "2051-11-25.31", "dist": "88.536", "sigma_lov": "-2.87450", "sigma_imp": "1.011", "ps": "-10.5"}, {"energy": "4.615e-03", "width": "8.9588e+01", "ip": "4.415e-09", "ts": "0", "stretch": "1.1890e+04", "date": "2051-11-25.13", "dist": "86.582", "sigma_lov": "-2.89477", "sigma_imp": "0.955", "ps": "-10.2"}, {"energy": "4.621e-03", "width": "8.7879e+01", "ip": "1.723e-09", "ts": "0", "stretch": "2.9227e+04", "date": "2051-11-24.83", "dist": "85.362", "sigma_lov": "-2.91399", "sigma_imp": "0.960", "ps": "-10.6"}, {"energy": "4.313e-03", "width": "1.0084e+02", "ip": "2.600e-09", "ts": "0", "stretch": "5.9439e+04", "date": "2049-11-30.97", "dist": "157.558", "sigma_lov": "-2.11770", "sigma_imp": "1.553", "ps": "-10.5"}, {"energy": "4.657e-03", "width": "8.5933e+01", "ip": "6.296e-10", "ts": "0", "stretch": "6.2876e+04", "date": "2047-11-24.16", "dist": "73.675", "sigma_lov": "-3.03726", "sigma_imp": "0.846", "ps": "-11.0"}, {"energy": "4.803e-03", "width": "7.6788e+01", "ip": "1.709e-10", "ts": "0", "stretch": "7.3307e+04", "date": "2046-11-20.86", "dist": "33.710", "sigma_lov": "-3.50523", "sigma_imp": "0.426", "ps": "-11.6"}, {"energy": "4.341e-03", "width": "1.0022e+02", "ip": "2.633e-09", "ts": "0", "stretch": "5.5793e+04", "date": "2045-11-30.52", "dist": "153.263", "sigma_lov": "-2.16816", "sigma_imp": "1.519", "ps": "-10.4"}, {"energy": "4.531e-03", "width": "9.2502e+01", "ip": "1.339e-09", "ts": "0", "stretch": "5.6996e+04", "date": "2044-11-25.94", "dist": "104.953", "sigma_lov": "-2.68644", "sigma_imp": "1.124", "ps": "-10.7"}, {"energy": "4.713e-03", "width": "8.8066e+01", "ip": "8.769e-10", "ts": "0", "stretch": "3.2317e+04", "date": "2043-11-23.62", "dist": "65.060", "sigma_lov": "-3.16732", "sigma_imp": "0.727", "ps": "-10.8"}, {"energy": "4.720e-03", "width": "8.2399e+01", "ip": "1.719e-09", "ts": "0", "stretch": "1.6204e+04", "date": "2043-11-23.31", "dist": "61.252", "sigma_lov": "-3.19246", "sigma_imp": "0.731", "ps": "-10.5"}, {"energy": "4.728e-03", "width": "8.1209e+01", "ip": "5.647e-10", "ts": "0", "stretch": "4.6945e+04", "date": "2043-11-23.07", "dist": "58.274", "sigma_lov": "-3.21834", "sigma_imp": "0.705", "ps": "-11.0"}, {"energy": "4.354e-03", "width": "9.9130e+01", "ip": "2.557e-09", "ts": "0", "stretch": "5.4102e+04", "date": "2041-11-29.93", "dist": "147.155", "sigma_lov": "-2.23089", "sigma_imp": "1.474", "ps": "-10.3"}, {"energy": "4.579e-03", "width": "9.1994e+01", "ip": "1.403e-10", "ts": "0", "stretch": "3.7376e+05", "date": "2040-11-25.59", "dist": "109.669", "sigma_lov": "-2.80044", "sigma_imp": "1.181", "ps": "-11.6"}, {"energy": "4.587e-03", "width": "5.8456e+01", "ip": "1.438e-10", "ts": "0", "stretch": "2.2078e+05", "date": "2040-11-25.60", "dist": "104.609", "sigma_lov": "-2.82349", "sigma_imp": "1.772", "ps": "-11.6"}, {"energy": "4.394e-03", "width": "9.8226e+01", "ip": "2.638e-09", "ts": "0", "stretch": "4.8591e+04", "date": "2037-11-29.21", "dist": "139.689", "sigma_lov": "-2.30825", "sigma_imp": "1.412", "ps": "-10.3"}, {"energy": "4.640e-03", "width": "8.6949e+01", "ip": "7.869e-10", "ts": "0", "stretch": "5.6211e+04", "date": "2036-11-23.70", "dist": "77.309", "sigma_lov": "-2.98739", "sigma_imp": "0.878", "ps": "-10.7"}, {"energy": "4.831e-03", "width": "7.1573e+01", "ip": "1.062e-10", "ts": "0", "stretch": "5.9929e+04", "date": "2035-11-19.45", "dist": "12.509", "sigma_lov": "-3.73383", "sigma_imp": "0.161", "ps": "-11.6"}, {"energy": "4.428e-03", "width": "9.6083e+01", "ip": "2.698e-09", "ts": "0", "stretch": "4.1758e+04", "date": "2033-11-28.24", "dist": "128.314", "sigma_lov": "-2.42244", "sigma_imp": "1.325", "ps": "-10.2"}, {"energy": "4.736e-03", "width": "8.1942e+01", "ip": "6.107e-10", "ts": "0", "stretch": "4.1254e+04", "date": "2032-11-22.00", "dist": "54.800", "sigma_lov": "-3.24175", "sigma_imp": "0.657", "ps": "-10.7"}, {"energy": "4.496e-03", "width": "9.3743e+01", "ip": "2.448e-09", "ts": "0", "stretch": "3.6650e+04", "date": "2029-11-26.96", "dist": "114.060", "sigma_lov": "-2.58347", "sigma_imp": "1.206", "ps": "-10.1"}, {"energy": "4.817e-03", "width": "7.3378e+01", "ip": "2.037e-10", "ts": "0", "stretch": "4.3229e+04", "date": "2028-11-19.37", "dist": "20.820", "sigma_lov": "-3.63235", "sigma_imp": "0.270", "ps": "-11.1"}, {"energy": "4.771e-03", "width": "7.8006e+01", "ip": "8.447e-10", "ts": "0", "stretch": "2.1593e+04", "date": "2021-11-21.25", "dist": "42.460", "sigma_lov": "-3.37679", "sigma_imp": "0.531", "ps": "-10.1"}, {"energy": "4.561e-03", "width": "9.2365e+01", "ip": "1.114e-10", "ts": "0", "stretch": "5.3818e+05", "date": "2101-11-26.48", "dist": "103.446", "sigma_lov": "-2.78115", "sigma_imp": "1.109", "ps": "-12.2"}, {"energy": "4.416e-03", "width": "9.6793e+01", "ip": "3.632e-10", "ts": "0", "stretch": "2.8529e+05", "date": "2102-11-30.91", "dist": "144.877", "sigma_lov": "-2.35901", "sigma_imp": "1.486", "ps": "-11.7"}, {"energy": "4.175e-03", "width": "7.7148e+01", "ip": "2.503e-10", "ts": "0", "stretch": "2.9654e+05", "date": "2108-04-03.89", "dist": "188.168", "sigma_lov": "-1.72801", "sigma_imp": "2.426", "ps": "-11.9"}, {"energy": "4.294e-03", "width": "1.0774e+02", "ip": "3.059e-10", "ts": "0", "stretch": "5.1805e+05", "date": "2108-12-02.63", "dist": "169.869", "sigma_lov": "-2.06347", "sigma_imp": "1.567", "ps": "-11.8"}, {"energy": "4.282e-03", "width": "1.1226e+02", "ip": "1.620e-10", "ts": "0", "stretch": "1.0178e+06", "date": "2108-12-03.20", "dist": "176.654", "sigma_lov": "-2.02645", "sigma_imp": "1.565", "ps": "-12.1"}, {"energy": "4.120e-03", "width": "2.8482e+02", "ip": "6.552e-09", "ts": "0", "stretch": "6.1773e+04", "date": "2109-04-04.82", "dist": "199.458", "sigma_lov": "-1.56144", "sigma_imp": "0.697", "ps": "-10.5"}, {"energy": "4.341e-03", "width": "9.9047e+01", "ip": "2.017e-10", "ts": "0", "stretch": "6.4749e+05", "date": "2111-12-02.04", "dist": "156.654", "sigma_lov": "-2.18999", "sigma_imp": "1.572", "ps": "-12.0"}, {"energy": "4.280e-03", "width": "1.0793e+02", "ip": "3.920e-10", "ts": "0", "stretch": "4.1377e+05", "date": "2112-12-03.07", "dist": "174.097", "sigma_lov": "-2.02297", "sigma_imp": "1.604", "ps": "-11.8"}, {"energy": "4.409e-03", "width": "8.9421e+01", "ip": "1.665e-10", "ts": "0", "stretch": "4.9004e+05", "date": "2113-12-01.06", "dist": "152.721", "sigma_lov": "-2.35053", "sigma_imp": "1.697", "ps": "-12.1"}, {"energy": "4.421e-03", "width": "9.3132e+01", "ip": "1.426e-10", "ts": "0", "stretch": "6.6512e+05", "date": "2114-11-30.68", "dist": "140.817", "sigma_lov": "-2.40254", "sigma_imp": "1.501", "ps": "-12.2"}, {"energy": "4.344e-03", "width": "9.9605e+01", "ip": "1.866e-10", "ts": "0", "stretch": "7.0666e+05", "date": "2115-12-01.92", "dist": "157.619", "sigma_lov": "-2.18244", "sigma_imp": "1.572", "ps": "-12.1"}, {"energy": "4.285e-03", "width": "1.2097e+02", "ip": "1.595e-10", "ts": "0", "stretch": "1.0914e+06", "date": "2116-12-03.11", "dist": "178.708", "sigma_lov": "-2.03527", "sigma_imp": "1.469", "ps": "-12.2"}, {"energy": "4.266e-03", "width": "1.0804e+02", "ip": "6.312e-10", "ts": "0", "stretch": "2.6499e+05", "date": "2116-12-03.38", "dist": "177.609", "sigma_lov": "-1.98215", "sigma_imp": "1.635", "ps": "-11.6"}, {"energy": "4.263e-03", "width": "1.0417e+02", "ip": "2.247e-10", "ts": "0", "stretch": "7.0402e+05", "date": "2116-12-03.36", "dist": "177.893", "sigma_lov": "-1.97466", "sigma_imp": "1.698", "ps": "-12.0"}]}