{"summary": {"energy": "7.682e-02", "darc": ".99563 days", "ip": "4.32099e-08", "h": "27.07", "nobs": "8", "mass": "3.02e+06", "v_inf": "9.31", "first_obs": "2015-Apr-18.1772", "method": "LOV", "pdate": "2017-04-08 08:14:50", "ndop": "0", "cdate": "2017-04-08 08:14:50", "ps_cum": "-7.96", "diameter": "0.013065093878949", "ndel": "0", "v_imp": "14.56", "ps_max": "-8.68", "last_obs": "2015-Apr-19.17283", "fullname": "(2015 HO182)", "n_imp": "32", "ts_max": "0", "nsat": "0", "des": "2015 HO182"}, "signature": {"source": "NASA/JPL Sentry Data API", "version": "1.1"}, "data": [{"energy": "1.168e-01", "width": "2.1166e+02", "ip": "1.502e-09", "ts": "0", "stretch": "1.3007e+06", "date": "2102-01-28.84", "dist": "127.647", "sigma_lov": "0.12781", "sigma_imp": "0.598", "ps": "-9.98"}, {"energy": "1.247e-01", "width": "1.0295e+03", "ip": "3.798e-10", "ts": "0", "stretch": "1.2727e+06", "date": "2102-01-21.58", "dist": "94.731", "sigma_lov": "0.02497", "sigma_imp": "0.091", "ps": "-10.5"}, {"energy": "8.431e-02", "width": "7.0376e+02", "ip": "1.425e-10", "ts": "0", "stretch": "4.4497e+06", "date": "2101-01-31.12", "dist": "81.903", "sigma_lov": "-0.46233", "sigma_imp": "0.115", "ps": "-11.1"}, {"energy": "6.691e-02", "width": "1.9995e+03", "ip": "1.067e-10", "ts": "0", "stretch": "2.1530e+06", "date": "2101-03-01.56", "dist": "161.414", "sigma_lov": "-0.40338", "sigma_imp": "0.080", "ps": "-11.3"}, {"energy": "6.894e-02", "width": "4.1468e+02", "ip": "6.778e-10", "ts": "0", "stretch": "1.5292e+06", "date": "2101-02-18.81", "dist": "0.388", "sigma_lov": "-0.54998", "sigma_imp": "0.000", "ps": "-10.5"}, {"energy": "1.456e-01", "width": "3.4627e+02", "ip": "3.103e-10", "ts": "0", "stretch": "9.1615e+05", "date": "2098-03-28.32", "dist": "185.910", "sigma_lov": "-1.72144", "sigma_imp": "0.534", "ps": "-10.6"}, {"energy": "1.456e-01", "width": "3.4626e+02", "ip": "3.103e-10", "ts": "0", "stretch": "9.1619e+05", "date": "2098-03-28.32", "dist": "185.910", "sigma_lov": "-1.72158", "sigma_imp": "0.534", "ps": "-10.6"}, {"energy": "8.297e-02", "width": "6.5619e+02", "ip": "2.758e-10", "ts": "0", "stretch": "2.4833e+06", "date": "2101-02-01.84", "dist": "75.198", "sigma_lov": "-0.44709", "sigma_imp": "0.113", "ps": "-10.8"}, {"energy": "1.456e-01", "width": "3.4627e+02", "ip": "3.103e-10", "ts": "0", "stretch": "9.1614e+05", "date": "2098-03-28.32", "dist": "185.910", "sigma_lov": "-1.72166", "sigma_imp": "0.534", "ps": "-10.6"}, {"energy": "6.840e-02", "width": "1.9645e+03", "ip": "3.935e-10", "ts": "0", "stretch": "6.1016e+05", "date": "2096-02-29.57", "dist": "156.599", "sigma_lov": "-0.33193", "sigma_imp": "0.079", "ps": "-10.7"}, {"energy": "8.102e-02", "width": "1.2265e+02", "ip": "2.148e-09", "ts": "0", "stretch": "9.3677e+05", "date": "2092-03-15.75", "dist": "49.180", "sigma_lov": "-1.11857", "sigma_imp": "0.393", "ps": "-9.89"}, {"energy": "7.792e-02", "width": "1.1292e+03", "ip": "1.028e-10", "ts": "0", "stretch": "2.8555e+06", "date": "2081-02-02.22", "dist": "175.590", "sigma_lov": "-0.89307", "sigma_imp": "0.155", "ps": "-11.2"}, {"energy": "6.975e-02", "width": "1.4811e+03", "ip": "5.135e-10", "ts": "0", "stretch": "6.2099e+05", "date": "2079-02-24.83", "dist": "84.467", "sigma_lov": "-0.33307", "sigma_imp": "0.056", "ps": "-10.5"}, {"energy": "7.001e-02", "width": "1.3863e+03", "ip": "9.823e-10", "ts": "0", "stretch": "3.4653e+05", "date": "2079-02-23.80", "dist": "74.554", "sigma_lov": "-0.33579", "sigma_imp": "0.053", "ps": "-10.2"}, {"energy": "8.317e-02", "width": "7.5229e+02", "ip": "1.416e-10", "ts": "0", "stretch": "4.2773e+06", "date": "2075-02-01.12", "dist": "107.639", "sigma_lov": "-0.40604", "sigma_imp": "0.142", "ps": "-11.0"}, {"energy": "6.699e-02", "width": "5.6838e+02", "ip": "1.406e-09", "ts": "0", "stretch": "5.3223e+05", "date": "2056-02-22.46", "dist": "12.343", "sigma_lov": "-0.56834", "sigma_imp": "0.020", "ps": "-9.86"}, {"energy": "7.402e-02", "width": "6.3726e+02", "ip": "1.047e-09", "ts": "0", "stretch": "6.3141e+05", "date": "2055-03-20.77", "dist": "161.577", "sigma_lov": "-0.52806", "sigma_imp": "0.252", "ps": "-9.94"}, {"energy": "9.090e-02", "width": "1.5960e+02", "ip": "4.816e-10", "ts": "0", "stretch": "1.5878e+06", "date": "2053-02-26.74", "dist": "103.615", "sigma_lov": "-1.54935", "sigma_imp": "0.643", "ps": "-10.2"}, {"energy": "9.090e-02", "width": "1.5960e+02", "ip": "4.816e-10", "ts": "0", "stretch": "1.5878e+06", "date": "2053-02-26.74", "dist": "103.615", "sigma_lov": "-1.54922", "sigma_imp": "0.643", "ps": "-10.2"}, {"energy": "7.553e-02", "width": "5.7984e+02", "ip": "1.361e-09", "ts": "0", "stretch": "6.0750e+05", "date": "2052-02-23.39", "dist": "148.939", "sigma_lov": "-0.13607", "sigma_imp": "0.255", "ps": "-9.78"}, {"energy": "7.127e-02", "width": "2.5089e+02", "ip": "4.054e-09", "ts": "0", "stretch": "3.7309e+05", "date": "2051-03-16.53", "dist": "126.269", "sigma_lov": "-0.54614", "sigma_imp": "0.499", "ps": "-9.32"}, {"energy": "7.852e-02", "width": "6.7924e+02", "ip": "9.278e-10", "ts": "0", "stretch": "7.0591e+05", "date": "2041-02-03.76", "dist": "104.415", "sigma_lov": "-0.45819", "sigma_imp": "0.152", "ps": "-9.77"}, {"energy": "9.807e-02", "width": "1.4654e+02", "ip": "7.633e-10", "ts": "0", "stretch": "1.4026e+06", "date": "2048-03-22.80", "dist": "123.597", "sigma_lov": "-1.26770", "sigma_imp": "0.837", "ps": "-9.89"}, {"energy": "7.635e-02", "width": "6.0395e+02", "ip": "1.413e-09", "ts": "0", "stretch": "5.6803e+05", "date": "2040-02-16.83", "dist": "78.377", "sigma_lov": "-0.21132", "sigma_imp": "0.128", "ps": "-9.58"}, {"energy": "6.926e-02", "width": "8.5333e+02", "ip": "5.942e-09", "ts": "0", "stretch": "9.2826e+04", "date": "2036-02-29.31", "dist": "195.288", "sigma_lov": "-0.26177", "sigma_imp": "0.228", "ps": "-8.91"}, {"energy": "6.978e-02", "width": "4.7458e+02", "ip": "1.634e-09", "ts": "0", "stretch": "5.5419e+05", "date": "2033-02-14.54", "dist": "42.770", "sigma_lov": "-0.54261", "sigma_imp": "0.088", "ps": "-9.39"}, {"energy": "6.925e-02", "width": "2.9197e+02", "ip": "2.578e-09", "ts": "0", "stretch": "5.3922e+05", "date": "2033-03-11.63", "dist": "101.452", "sigma_lov": "-0.54411", "sigma_imp": "0.344", "ps": "-9.20"}, {"energy": "6.852e-02", "width": "4.4075e+02", "ip": "4.123e-09", "ts": "0", "stretch": "1.9532e+05", "date": "2025-03-06.06", "dist": "6.697", "sigma_lov": "-0.82781", "sigma_imp": "0.013", "ps": "-8.69"}, {"energy": "8.524e-02", "width": "7.0114e+02", "ip": "1.370e-09", "ts": "0", "stretch": "4.6209e+05", "date": "2028-01-29.24", "dist": "159.802", "sigma_lov": "-0.43125", "sigma_imp": "0.226", "ps": "-9.23"}, {"energy": "7.519e-02", "width": "4.6755e+02", "ip": "2.879e-09", "ts": "0", "stretch": "3.1751e+05", "date": "2024-02-06.79", "dist": "90.950", "sigma_lov": "-0.52539", "sigma_imp": "0.192", "ps": "-8.75"}, {"energy": "7.330e-02", "width": "3.4404e+02", "ip": "3.509e-09", "ts": "0", "stretch": "3.2603e+05", "date": "2024-03-18.86", "dist": "151.990", "sigma_lov": "-0.53253", "sigma_imp": "0.439", "ps": "-8.68"}, {"energy": "6.734e-02", "width": "1.3373e+03", "ip": "9.424e-10", "ts": "0", "stretch": "3.2058e+05", "date": "2107-03-11.95", "dist": "66.049", "sigma_lov": "-0.65095", "sigma_imp": "0.049", "ps": "-10.4"}]}