{"summary": {"energy": "7.034e+00", "darc": "7.9375 days", "ip": "5.0752e-07", "h": "24.51", "nobs": "36", "mass": "1.04e+08", "v_inf": "21.06", "first_obs": "2015-Jun-16.52734", "method": "LOV", "pdate": "2017-04-11 19:44:25", "ndop": "0", "cdate": "2017-04-11 19:44:25", "ps_cum": "-5.90", "diameter": "0.042", "ndel": "0", "v_imp": "23.83", "ps_max": "-5.93", "last_obs": "2015-Jun-24.46481", "fullname": "(2015 MN11)", "n_imp": "2", "ts_max": "0", "nsat": "0", "des": "2015 MN11"}, "signature": {"source": "NASA/JPL Sentry Data API", "version": "1.1"}, "data": [{"energy": "7.032e+00", "width": "2.6952e-03", "ip": "2.952e-08", "ts": "0", "stretch": "4.2020e+05", "date": "2081-06-26.53", "dist": "0.038", "sigma_lov": "2.88186", "sigma_imp": "0.000", "ps": "-7.14"}, {"energy": "7.034e+00", "width": "3.5300e-03", "ip": "4.780e-07", "ts": "0", "stretch": "2.7766e+04", "date": "2081-06-26.53", "dist": "0.280", "sigma_lov": "2.84438", "sigma_imp": "0.000", "ps": "-5.93"}]}