{"summary": {"energy": "8.771e-03", "darc": "6.9539 days", "ip": "5.05274e-05", "h": "28.67", "nobs": "15", "mass": "3.33e+05", "v_inf": "9.87", "first_obs": "2015-Jan-21.552338", "method": "LOV", "pdate": "2017-04-11 16:29:24", "ndop": "0", "cdate": "2017-04-11 16:29:24", "ps_cum": "-6.17", "diameter": "0.00628290491891528", "ndel": "0", "v_imp": "14.88", "ps_max": "-6.30", "last_obs": "2015-Jan-28.506251", "fullname": "(2015 BE511)", "n_imp": "5", "ts_max": "0", "nsat": "0", "des": "2015 BE511"}, "signature": {"source": "NASA/JPL Sentry Data API", "version": "1.1"}, "data": [{"energy": "7.751e-03", "width": "0.0000e+00", "ip": "6.277e-07", "ts": "0", "stretch": "1.0920e+06", "date": "2103-01-15.53", "dist": "0.286", "sigma_lov": "-0.46800", "sigma_imp": "0.000", "ps": "-8.30"}, {"energy": "8.167e-03", "width": "3.4021e-03", "ip": "1.035e-06", "ts": "0", "stretch": "3.5383e+05", "date": "2082-01-20.77", "dist": "0.830", "sigma_lov": "0.62706", "sigma_imp": "0.000", "ps": "-7.94"}, {"energy": "8.829e-03", "width": "3.3620e-04", "ip": "4.045e-05", "ts": "0", "stretch": "1.6715e+04", "date": "2078-01-27.46", "dist": "0.517", "sigma_lov": "-0.14332", "sigma_imp": "0.000", "ps": "-6.30"}, {"energy": "8.567e-03", "width": "0.0000e+00", "ip": "4.047e-07", "ts": "0", "stretch": "1.1982e+05", "date": "2074-01-24.27", "dist": "0.200", "sigma_lov": "2.36221", "sigma_imp": "0.000", "ps": "-8.28"}, {"energy": "8.646e-03", "width": "2.4552e-04", "ip": "8.010e-06", "ts": "0", "stretch": "5.2509e+04", "date": "2057-01-24.31", "dist": "0.610", "sigma_lov": "-0.90489", "sigma_imp": "0.000", "ps": "-6.82"}]}