{"summary": {"energy": "1.316e+03", "darc": "63.211 days", "ip": "2.625e-08", "h": "20.83", "nobs": "56", "mass": "1.68e+10", "v_inf": "23.13", "first_obs": "2015-Jan-22.06866", "method": "LOV", "pdate": "2017-08-10 09:20:18", "ndop": "0", "cdate": "2017-08-10 09:20:18", "ps_cum": "-5.52", "diameter": "2.3e-01", "ndel": "0", "v_imp": "25.67", "ps_max": "-5.52", "last_obs": "2015-Mar-26.279769", "fullname": "(2015 DA54)", "n_imp": "1", "ts_max": "0", "nsat": "0", "des": "2015 DA54"}, "signature": {"source": "NASA/JPL Sentry Data API", "version": "1.1"}, "data": [{"energy": "1.316e+03", "width": "1.0015e-02", "ip": "2.625e-08", "ts": "0", "stretch": "6.0503e+05", "date": "2107-07-30.16", "dist": "0.214", "sigma_lov": "2.79175", "sigma_imp": "0.000", "ps": "-5.52"}]}