{"summary": {"energy": "1.043e+00", "darc": ".93536 days", "ip": "1.554661e-07", "h": "25.01", "nobs": "7", "mass": "5.21e+07", "v_inf": "6.61", "first_obs": "2015-Apr-18.19595", "method": "LOV", "pdate": "2017-04-11 00:44:33", "ndop": "0", "cdate": "2017-04-11 00:44:33", "ps_cum": "-6.65", "diameter": "0.0337563333742854", "ndel": "0", "v_imp": "12.97", "ps_max": "-7.17", "last_obs": "2015-Apr-19.13131", "fullname": "(2015 HQ182)", "n_imp": "188", "ts_max": "0", "nsat": "0", "des": "2015 HQ182"}, "signature": {"source": "NASA/JPL Sentry Data API", "version": "1.1"}, "data": [{"energy": "9.584e-01", "width": "6.4595e+02", "ip": "2.200e-10", "ts": "0", "stretch": "3.2498e+06", "date": "2114-11-27.42", "dist": "166.689", "sigma_lov": "-0.30436", "sigma_imp": "0.257", "ps": "-10.1"}, {"energy": "1.150e+00", "width": "5.3072e+02", "ip": "2.987e-10", "ts": "0", "stretch": "2.5719e+06", "date": "2114-11-05.12", "dist": "170.082", "sigma_lov": "-0.55314", "sigma_imp": "0.319", "ps": "-9.94"}, {"energy": "1.150e+00", "width": "5.3587e+02", "ip": "1.034e-10", "ts": "0", "stretch": "7.3663e+06", "date": "2114-11-05.11", "dist": "170.673", "sigma_lov": "-0.55299", "sigma_imp": "0.317", "ps": "-10.4"}, {"energy": "1.086e+00", "width": "4.7116e+02", "ip": "1.107e-09", "ts": "0", "stretch": "8.3028e+05", "date": "2113-11-08.58", "dist": "96.719", "sigma_lov": "-0.49631", "sigma_imp": "0.203", "ps": "-9.39"}, {"energy": "9.989e-01", "width": "5.7403e+02", "ip": "1.483e-10", "ts": "0", "stretch": "5.4337e+06", "date": "2111-11-18.31", "dist": "45.671", "sigma_lov": "-0.38622", "sigma_imp": "0.078", "ps": "-10.3"}, {"energy": "1.050e+00", "width": "5.8076e+02", "ip": "9.324e-10", "ts": "0", "stretch": "8.3017e+05", "date": "2111-11-12.42", "dist": "40.983", "sigma_lov": "-0.45624", "sigma_imp": "0.069", "ps": "-9.47"}, {"energy": "1.076e+00", "width": "4.7864e+02", "ip": "1.247e-10", "ts": "0", "stretch": "7.3422e+06", "date": "2111-11-09.96", "dist": "80.515", "sigma_lov": "-0.48505", "sigma_imp": "0.166", "ps": "-10.3"}, {"energy": "1.102e+00", "width": "5.1593e+02", "ip": "6.172e-10", "ts": "0", "stretch": "1.3428e+06", "date": "2111-11-07.98", "dist": "118.973", "sigma_lov": "-0.51001", "sigma_imp": "0.229", "ps": "-9.63"}, {"energy": "1.103e+00", "width": "5.2478e+02", "ip": "2.607e-10", "ts": "0", "stretch": "3.1246e+06", "date": "2111-11-07.90", "dist": "120.714", "sigma_lov": "-0.51105", "sigma_imp": "0.228", "ps": "-10.0"}, {"energy": "9.980e-01", "width": "5.5958e+02", "ip": "1.303e-10", "ts": "0", "stretch": "6.3450e+06", "date": "2111-11-18.44", "dist": "48.202", "sigma_lov": "-0.38452", "sigma_imp": "0.084", "ps": "-10.3"}, {"energy": "9.762e-01", "width": "6.9449e+02", "ip": "2.670e-10", "ts": "0", "stretch": "2.5088e+06", "date": "2110-11-22.83", "dist": "111.209", "sigma_lov": "-0.34510", "sigma_imp": "0.159", "ps": "-10.0"}, {"energy": "9.766e-01", "width": "5.4623e+02", "ip": "3.201e-10", "ts": "0", "stretch": "2.6402e+06", "date": "2110-11-22.73", "dist": "109.720", "sigma_lov": "-0.34583", "sigma_imp": "0.199", "ps": "-9.95"}, {"energy": "1.014e+00", "width": "5.5133e+02", "ip": "1.642e-10", "ts": "0", "stretch": "5.0746e+06", "date": "2108-11-15.39", "dist": "17.699", "sigma_lov": "-0.41040", "sigma_imp": "0.030", "ps": "-10.2"}, {"energy": "9.913e-01", "width": "6.1982e+02", "ip": "5.497e-10", "ts": "0", "stretch": "1.3575e+06", "date": "2107-11-20.29", "dist": "79.356", "sigma_lov": "-0.37387", "sigma_imp": "0.126", "ps": "-9.70"}, {"energy": "1.020e+00", "width": "5.5673e+02", "ip": "1.081e-10", "ts": "0", "stretch": "7.6089e+06", "date": "2107-11-15.37", "dist": "5.587", "sigma_lov": "-0.41912", "sigma_imp": "0.008", "ps": "-10.4"}, {"energy": "1.148e+00", "width": "5.2642e+02", "ip": "1.216e-10", "ts": "0", "stretch": "6.3726e+06", "date": "2105-11-04.89", "dist": "169.338", "sigma_lov": "-0.55205", "sigma_imp": "0.320", "ps": "-10.3"}, {"energy": "1.117e+00", "width": "5.3908e+02", "ip": "1.806e-10", "ts": "0", "stretch": "4.3287e+06", "date": "2104-11-06.27", "dist": "138.972", "sigma_lov": "-0.52575", "sigma_imp": "0.256", "ps": "-10.1"}, {"energy": "1.127e+00", "width": "5.2033e+02", "ip": "1.191e-10", "ts": "0", "stretch": "6.7068e+06", "date": "2104-11-05.59", "dist": "151.235", "sigma_lov": "-0.53438", "sigma_imp": "0.289", "ps": "-10.3"}, {"energy": "9.570e-01", "width": "6.3622e+02", "ip": "1.310e-10", "ts": "0", "stretch": "5.5301e+06", "date": "2103-11-27.99", "dist": "171.554", "sigma_lov": "-0.30148", "sigma_imp": "0.268", "ps": "-10.3"}, {"energy": "9.882e-01", "width": "5.9377e+02", "ip": "5.116e-10", "ts": "0", "stretch": "1.5252e+06", "date": "2102-11-20.26", "dist": "77.952", "sigma_lov": "-0.36806", "sigma_imp": "0.130", "ps": "-9.70"}, {"energy": "9.880e-01", "width": "5.9051e+02", "ip": "1.703e-10", "ts": "0", "stretch": "4.6078e+06", "date": "2102-11-20.23", "dist": "77.244", "sigma_lov": "-0.36769", "sigma_imp": "0.129", "ps": "-10.2"}, {"energy": "1.021e+00", "width": "5.7040e+02", "ip": "1.779e-10", "ts": "0", "stretch": "4.5137e+06", "date": "2102-11-15.10", "dist": "4.267", "sigma_lov": "-0.41948", "sigma_imp": "0.006", "ps": "-10.2"}, {"energy": "1.019e+00", "width": "5.7033e+02", "ip": "1.572e-10", "ts": "0", "stretch": "5.1158e+06", "date": "2102-11-15.46", "dist": "9.009", "sigma_lov": "-0.41633", "sigma_imp": "0.014", "ps": "-10.2"}, {"energy": "1.023e+00", "width": "5.6052e+02", "ip": "1.357e-10", "ts": "0", "stretch": "6.0091e+06", "date": "2102-11-14.68", "dist": "2.262", "sigma_lov": "-0.42330", "sigma_imp": "0.002", "ps": "-10.3"}, {"energy": "9.658e-01", "width": "6.6388e+02", "ip": "2.959e-10", "ts": "0", "stretch": "2.3585e+06", "date": "2101-11-25.33", "dist": "145.590", "sigma_lov": "-0.32294", "sigma_imp": "0.218", "ps": "-9.95"}, {"energy": "1.157e+00", "width": "4.8338e+02", "ip": "2.037e-10", "ts": "0", "stretch": "4.0436e+06", "date": "2100-11-03.94", "dist": "183.314", "sigma_lov": "-0.55887", "sigma_imp": "0.377", "ps": "-10.0"}, {"energy": "1.158e+00", "width": "4.9325e+02", "ip": "2.482e-10", "ts": "0", "stretch": "3.2528e+06", "date": "2100-11-03.85", "dist": "186.040", "sigma_lov": "-0.55969", "sigma_imp": "0.375", "ps": "-9.95"}, {"energy": "9.567e-01", "width": "6.4023e+02", "ip": "1.914e-10", "ts": "0", "stretch": "3.7644e+06", "date": "2097-11-26.49", "dist": "170.022", "sigma_lov": "-0.30125", "sigma_imp": "0.264", "ps": "-10.1"}, {"energy": "9.556e-01", "width": "6.4775e+02", "ip": "1.591e-10", "ts": "0", "stretch": "4.4736e+06", "date": "2097-11-26.92", "dist": "175.872", "sigma_lov": "-0.29838", "sigma_imp": "0.270", "ps": "-10.2"}, {"energy": "9.586e-01", "width": "6.4339e+02", "ip": "2.040e-10", "ts": "0", "stretch": "3.5196e+06", "date": "2097-11-25.94", "dist": "163.651", "sigma_lov": "-0.30677", "sigma_imp": "0.253", "ps": "-10.1"}, {"energy": "1.019e+00", "width": "5.8515e+02", "ip": "3.990e-10", "ts": "0", "stretch": "1.9633e+06", "date": "2097-11-14.14", "dist": "6.821", "sigma_lov": "-0.41703", "sigma_imp": "0.010", "ps": "-9.78"}, {"energy": "9.607e-01", "width": "6.3477e+02", "ip": "1.129e-10", "ts": "0", "stretch": "6.4410e+06", "date": "2096-11-25.42", "dist": "161.737", "sigma_lov": "-0.30903", "sigma_imp": "0.253", "ps": "-10.3"}, {"energy": "9.890e-01", "width": "6.0626e+02", "ip": "4.249e-10", "ts": "0", "stretch": "1.7956e+06", "date": "2096-11-18.80", "dist": "80.819", "sigma_lov": "-0.37155", "sigma_imp": "0.132", "ps": "-9.75"}, {"energy": "9.975e-01", "width": "5.5586e+02", "ip": "2.893e-10", "ts": "0", "stretch": "2.8788e+06", "date": "2095-11-17.25", "dist": "42.307", "sigma_lov": "-0.38505", "sigma_imp": "0.074", "ps": "-9.91"}, {"energy": "9.978e-01", "width": "5.8606e+02", "ip": "2.473e-10", "ts": "0", "stretch": "3.1951e+06", "date": "2095-11-17.20", "dist": "41.321", "sigma_lov": "-0.38574", "sigma_imp": "0.069", "ps": "-9.98"}, {"energy": "1.119e+00", "width": "5.2546e+02", "ip": "1.365e-10", "ts": "0", "stretch": "5.8550e+06", "date": "2095-11-05.91", "dist": "140.953", "sigma_lov": "-0.52630", "sigma_imp": "0.266", "ps": "-10.2"}, {"energy": "1.061e+00", "width": "4.9657e+02", "ip": "2.002e-10", "ts": "0", "stretch": "4.4691e+06", "date": "2095-11-10.19", "dist": "63.389", "sigma_lov": "-0.46941", "sigma_imp": "0.126", "ps": "-10.1"}, {"energy": "1.127e+00", "width": "5.2156e+02", "ip": "1.719e-10", "ts": "0", "stretch": "4.6368e+06", "date": "2095-11-05.38", "dist": "151.479", "sigma_lov": "-0.53396", "sigma_imp": "0.289", "ps": "-10.1"}, {"energy": "1.060e+00", "width": "4.0957e+02", "ip": "1.212e-10", "ts": "0", "stretch": "8.9315e+06", "date": "2095-11-10.26", "dist": "59.439", "sigma_lov": "-0.46829", "sigma_imp": "0.143", "ps": "-10.3"}, {"energy": "9.735e-01", "width": "6.2838e+02", "ip": "2.976e-10", "ts": "0", "stretch": "2.4805e+06", "date": "2093-11-22.18", "dist": "116.437", "sigma_lov": "-0.34005", "sigma_imp": "0.184", "ps": "-9.90"}, {"energy": "9.735e-01", "width": "6.2684e+02", "ip": "1.368e-10", "ts": "0", "stretch": "5.4098e+06", "date": "2093-11-22.17", "dist": "116.511", "sigma_lov": "-0.33993", "sigma_imp": "0.184", "ps": "-10.2"}, {"energy": "1.011e+00", "width": "5.9381e+02", "ip": "1.584e-09", "ts": "0", "stretch": "4.8897e+05", "date": "2093-11-15.03", "dist": "19.670", "sigma_lov": "-0.40767", "sigma_imp": "0.031", "ps": "-9.16"}, {"energy": "9.593e-01", "width": "6.5767e+02", "ip": "7.383e-10", "ts": "0", "stretch": "9.5336e+05", "date": "2091-11-26.45", "dist": "161.961", "sigma_lov": "-0.30620", "sigma_imp": "0.245", "ps": "-9.50"}, {"energy": "9.879e-01", "width": "5.9069e+02", "ip": "3.439e-10", "ts": "0", "stretch": "2.2817e+06", "date": "2091-11-19.48", "dist": "76.149", "sigma_lov": "-0.36748", "sigma_imp": "0.127", "ps": "-9.82"}, {"energy": "1.168e+00", "width": "5.1522e+02", "ip": "2.180e-10", "ts": "0", "stretch": "3.5266e+06", "date": "2091-11-03.21", "dist": "194.564", "sigma_lov": "-0.56895", "sigma_imp": "0.376", "ps": "-9.96"}, {"energy": "1.052e+00", "width": "5.6900e+02", "ip": "1.208e-10", "ts": "0", "stretch": "6.5134e+06", "date": "2091-11-10.72", "dist": "54.915", "sigma_lov": "-0.46009", "sigma_imp": "0.095", "ps": "-10.2"}, {"energy": "1.081e+00", "width": "5.2543e+02", "ip": "1.028e-10", "ts": "0", "stretch": "8.0617e+06", "date": "2091-11-08.32", "dist": "96.782", "sigma_lov": "-0.49204", "sigma_imp": "0.182", "ps": "-10.3"}, {"energy": "1.000e+00", "width": "5.7807e+02", "ip": "2.219e-10", "ts": "0", "stretch": "3.6052e+06", "date": "2089-11-16.53", "dist": "39.267", "sigma_lov": "-0.38951", "sigma_imp": "0.066", "ps": "-9.99"}, {"energy": "1.097e+00", "width": "5.3082e+02", "ip": "2.636e-10", "ts": "0", "stretch": "3.0736e+06", "date": "2089-11-06.85", "dist": "113.373", "sigma_lov": "-0.50603", "sigma_imp": "0.212", "ps": "-9.88"}, {"energy": "1.098e+00", "width": "5.2581e+02", "ip": "2.316e-10", "ts": "0", "stretch": "3.5245e+06", "date": "2089-11-06.67", "dist": "116.123", "sigma_lov": "-0.50690", "sigma_imp": "0.219", "ps": "-9.94"}, {"energy": "1.094e+00", "width": "5.3406e+02", "ip": "3.789e-10", "ts": "0", "stretch": "2.1294e+06", "date": "2089-11-06.96", "dist": "112.174", "sigma_lov": "-0.50396", "sigma_imp": "0.208", "ps": "-9.73"}, {"energy": "1.146e+00", "width": "5.1625e+02", "ip": "3.457e-10", "ts": "0", "stretch": "2.2746e+06", "date": "2089-11-03.73", "dist": "174.345", "sigma_lov": "-0.55103", "sigma_imp": "0.336", "ps": "-9.75"}, {"energy": "1.147e+00", "width": "5.0543e+02", "ip": "1.453e-10", "ts": "0", "stretch": "5.5092e+06", "date": "2089-11-03.70", "dist": "175.109", "sigma_lov": "-0.55149", "sigma_imp": "0.344", "ps": "-10.1"}, {"energy": "1.103e+00", "width": "5.3333e+02", "ip": "3.959e-10", "ts": "0", "stretch": "2.0215e+06", "date": "2088-11-06.08", "dist": "123.157", "sigma_lov": "-0.51352", "sigma_imp": "0.229", "ps": "-9.70"}, {"energy": "1.015e+00", "width": "5.7262e+02", "ip": "3.999e-10", "ts": "0", "stretch": "2.0049e+06", "date": "2087-11-14.84", "dist": "8.002", "sigma_lov": "-0.41313", "sigma_imp": "0.012", "ps": "-9.72"}, {"energy": "1.126e+00", "width": "5.1083e+02", "ip": "2.340e-10", "ts": "0", "stretch": "3.4711e+06", "date": "2086-11-05.07", "dist": "152.677", "sigma_lov": "-0.53356", "sigma_imp": "0.297", "ps": "-9.91"}, {"energy": "9.595e-01", "width": "6.3647e+02", "ip": "4.759e-10", "ts": "0", "stretch": "1.5243e+06", "date": "2085-11-26.13", "dist": "164.481", "sigma_lov": "-0.30481", "sigma_imp": "0.257", "ps": "-9.65"}, {"energy": "1.133e+00", "width": "5.1048e+02", "ip": "1.966e-10", "ts": "0", "stretch": "4.1006e+06", "date": "2085-11-04.41", "dist": "160.400", "sigma_lov": "-0.53972", "sigma_imp": "0.312", "ps": "-9.98"}, {"energy": "1.108e+00", "width": "5.1896e+02", "ip": "8.390e-10", "ts": "0", "stretch": "9.7273e+05", "date": "2083-11-06.40", "dist": "131.376", "sigma_lov": "-0.51802", "sigma_imp": "0.251", "ps": "-9.34"}, {"energy": "1.108e+00", "width": "5.2201e+02", "ip": "7.723e-10", "ts": "0", "stretch": "1.0512e+06", "date": "2083-11-06.43", "dist": "131.376", "sigma_lov": "-0.51767", "sigma_imp": "0.250", "ps": "-9.38"}, {"energy": "1.114e+00", "width": "5.3500e+02", "ip": "6.265e-10", "ts": "0", "stretch": "1.2563e+06", "date": "2083-11-05.94", "dist": "141.191", "sigma_lov": "-0.52377", "sigma_imp": "0.262", "ps": "-9.47"}, {"energy": "1.115e+00", "width": "5.0786e+02", "ip": "4.577e-10", "ts": "0", "stretch": "1.8039e+06", "date": "2083-11-05.92", "dist": "141.632", "sigma_lov": "-0.52407", "sigma_imp": "0.277", "ps": "-9.60"}, {"energy": "9.751e-01", "width": "6.2669e+02", "ip": "4.150e-10", "ts": "0", "stretch": "1.7852e+06", "date": "2082-11-22.15", "dist": "111.037", "sigma_lov": "-0.34231", "sigma_imp": "0.176", "ps": "-9.68"}, {"energy": "9.752e-01", "width": "6.4089e+02", "ip": "4.182e-10", "ts": "0", "stretch": "1.7334e+06", "date": "2082-11-22.06", "dist": "110.496", "sigma_lov": "-0.34296", "sigma_imp": "0.171", "ps": "-9.68"}, {"energy": "1.080e+00", "width": "5.1193e+02", "ip": "1.826e-10", "ts": "0", "stretch": "4.6712e+06", "date": "2081-11-08.01", "dist": "92.742", "sigma_lov": "-0.48880", "sigma_imp": "0.179", "ps": "-10.0"}, {"energy": "1.080e+00", "width": "4.9613e+02", "ip": "1.288e-10", "ts": "0", "stretch": "6.8228e+06", "date": "2081-11-08.02", "dist": "91.893", "sigma_lov": "-0.48935", "sigma_imp": "0.183", "ps": "-10.2"}, {"energy": "1.082e+00", "width": "4.9869e+02", "ip": "5.350e-10", "ts": "0", "stretch": "1.6324e+06", "date": "2081-11-07.94", "dist": "94.370", "sigma_lov": "-0.49046", "sigma_imp": "0.187", "ps": "-9.53"}, {"energy": "1.082e+00", "width": "5.1489e+02", "ip": "3.283e-10", "ts": "0", "stretch": "2.5788e+06", "date": "2081-11-07.91", "dist": "94.909", "sigma_lov": "-0.49092", "sigma_imp": "0.182", "ps": "-9.74"}, {"energy": "9.618e-01", "width": "6.0450e+02", "ip": "1.829e-10", "ts": "0", "stretch": "4.1774e+06", "date": "2079-11-25.50", "dist": "149.503", "sigma_lov": "-0.31238", "sigma_imp": "0.246", "ps": "-10.0"}, {"energy": "9.584e-01", "width": "6.4958e+02", "ip": "3.897e-10", "ts": "0", "stretch": "1.8284e+06", "date": "2079-11-26.71", "dist": "162.912", "sigma_lov": "-0.30320", "sigma_imp": "0.249", "ps": "-9.70"}, {"energy": "1.036e+00", "width": "5.5099e+02", "ip": "2.294e-09", "ts": "0", "stretch": "3.5857e+05", "date": "2079-11-12.36", "dist": "29.444", "sigma_lov": "-0.44069", "sigma_imp": "0.052", "ps": "-8.90"}, {"energy": "1.037e+00", "width": "5.5356e+02", "ip": "2.124e-09", "ts": "0", "stretch": "3.8537e+05", "date": "2079-11-12.32", "dist": "29.946", "sigma_lov": "-0.44099", "sigma_imp": "0.052", "ps": "-8.93"}, {"energy": "1.166e+00", "width": "5.1379e+02", "ip": "4.632e-10", "ts": "0", "stretch": "1.6665e+06", "date": "2079-11-03.30", "dist": "195.105", "sigma_lov": "-0.56566", "sigma_imp": "0.378", "ps": "-9.55"}, {"energy": "1.027e+00", "width": "5.5926e+02", "ip": "1.903e-10", "ts": "0", "stretch": "4.2845e+06", "date": "2079-11-13.40", "dist": "13.322", "sigma_lov": "-0.42849", "sigma_imp": "0.022", "ps": "-9.98"}, {"energy": "9.618e-01", "width": "6.2814e+02", "ip": "2.579e-10", "ts": "0", "stretch": "2.8578e+06", "date": "2078-11-25.15", "dist": "147.891", "sigma_lov": "-0.31459", "sigma_imp": "0.234", "ps": "-9.87"}, {"energy": "1.067e+00", "width": "1.0538e+03", "ip": "1.721e-09", "ts": "0", "stretch": "2.4559e+05", "date": "2078-11-09.30", "dist": "75.394", "sigma_lov": "-0.47583", "sigma_imp": "0.071", "ps": "-9.01"}, {"energy": "9.679e-01", "width": "6.1395e+02", "ip": "3.037e-10", "ts": "0", "stretch": "2.4839e+06", "date": "2077-11-23.47", "dist": "132.783", "sigma_lov": "-0.32668", "sigma_imp": "0.215", "ps": "-9.79"}, {"energy": "1.086e+00", "width": "5.2585e+02", "ip": "5.622e-10", "ts": "0", "stretch": "1.4701e+06", "date": "2076-11-07.43", "dist": "99.848", "sigma_lov": "-0.49456", "sigma_imp": "0.188", "ps": "-9.47"}, {"energy": "1.086e+00", "width": "5.2490e+02", "ip": "8.512e-10", "ts": "0", "stretch": "9.7214e+05", "date": "2076-11-07.34", "dist": "101.005", "sigma_lov": "-0.49507", "sigma_imp": "0.191", "ps": "-9.29"}, {"energy": "1.089e+00", "width": "5.2577e+02", "ip": "3.574e-10", "ts": "0", "stretch": "2.3039e+06", "date": "2076-11-07.10", "dist": "105.993", "sigma_lov": "-0.49780", "sigma_imp": "0.200", "ps": "-9.67"}, {"energy": "1.061e+00", "width": "4.6772e+02", "ip": "2.290e-10", "ts": "0", "stretch": "4.1413e+06", "date": "2076-11-09.41", "dist": "66.520", "sigma_lov": "-0.46874", "sigma_imp": "0.140", "ps": "-9.87"}, {"energy": "1.096e+00", "width": "5.2470e+02", "ip": "7.173e-10", "ts": "0", "stretch": "1.1412e+06", "date": "2075-11-07.29", "dist": "116.015", "sigma_lov": "-0.50565", "sigma_imp": "0.219", "ps": "-9.36"}, {"energy": "9.570e-01", "width": "6.5506e+02", "ip": "2.148e-10", "ts": "0", "stretch": "3.2825e+06", "date": "2074-11-27.26", "dist": "174.170", "sigma_lov": "-0.29626", "sigma_imp": "0.264", "ps": "-9.92"}, {"energy": "1.037e+00", "width": "5.5217e+02", "ip": "7.404e-10", "ts": "0", "stretch": "1.1080e+06", "date": "2074-11-12.09", "dist": "30.102", "sigma_lov": "-0.44154", "sigma_imp": "0.053", "ps": "-9.36"}, {"energy": "1.107e+00", "width": "5.1914e+02", "ip": "2.117e-10", "ts": "0", "stretch": "3.8580e+06", "date": "2074-11-06.23", "dist": "131.172", "sigma_lov": "-0.51648", "sigma_imp": "0.251", "ps": "-9.88"}, {"energy": "1.108e+00", "width": "5.1788e+02", "ip": "7.195e-10", "ts": "0", "stretch": "1.1368e+06", "date": "2074-11-06.18", "dist": "132.058", "sigma_lov": "-0.51697", "sigma_imp": "0.253", "ps": "-9.34"}, {"energy": "9.600e-01", "width": "6.1310e+02", "ip": "1.585e-09", "ts": "0", "stretch": "4.7507e+05", "date": "2073-11-25.32", "dist": "153.686", "sigma_lov": "-0.31101", "sigma_imp": "0.249", "ps": "-9.04"}, {"energy": "9.999e-01", "width": "5.6718e+02", "ip": "6.523e-10", "ts": "0", "stretch": "1.2506e+06", "date": "2073-11-16.41", "dist": "35.691", "sigma_lov": "-0.38909", "sigma_imp": "0.061", "ps": "-9.42"}, {"energy": "1.001e+00", "width": "5.6805e+02", "ip": "1.350e-10", "ts": "0", "stretch": "6.0310e+06", "date": "2073-11-16.30", "dist": "34.775", "sigma_lov": "-0.39046", "sigma_imp": "0.059", "ps": "-10.1"}, {"energy": "1.135e+00", "width": "5.1169e+02", "ip": "4.679e-10", "ts": "0", "stretch": "1.7098e+06", "date": "2072-11-03.89", "dist": "166.868", "sigma_lov": "-0.54242", "sigma_imp": "0.324", "ps": "-9.51"}, {"energy": "9.763e-01", "width": "5.9187e+02", "ip": "5.504e-10", "ts": "0", "stretch": "1.4244e+06", "date": "2071-11-21.67", "dist": "100.767", "sigma_lov": "-0.34719", "sigma_imp": "0.169", "ps": "-9.48"}, {"energy": "1.102e+00", "width": "5.2080e+02", "ip": "3.911e-10", "ts": "0", "stretch": "2.0912e+06", "date": "2070-11-06.50", "dist": "126.965", "sigma_lov": "-0.51151", "sigma_imp": "0.242", "ps": "-9.58"}, {"energy": "1.169e+00", "width": "5.1767e+02", "ip": "6.442e-10", "ts": "0", "stretch": "1.1868e+06", "date": "2070-11-02.96", "dist": "196.392", "sigma_lov": "-0.56932", "sigma_imp": "0.377", "ps": "-9.34"}, {"energy": "1.037e+00", "width": "5.4693e+02", "ip": "7.731e-10", "ts": "0", "stretch": "1.0706e+06", "date": "2069-11-11.74", "dist": "33.058", "sigma_lov": "-0.44220", "sigma_imp": "0.059", "ps": "-9.30"}, {"energy": "9.564e-01", "width": "6.5211e+02", "ip": "2.005e-09", "ts": "0", "stretch": "3.5327e+05", "date": "2068-11-26.80", "dist": "173.552", "sigma_lov": "-0.29647", "sigma_imp": "0.265", "ps": "-8.90"}, {"energy": "9.565e-01", "width": "6.6866e+02", "ip": "1.286e-09", "ts": "0", "stretch": "5.3829e+05", "date": "2068-11-26.65", "dist": "171.348", "sigma_lov": "-0.29717", "sigma_imp": "0.255", "ps": "-9.10"}, {"energy": "9.559e-01", "width": "6.0720e+02", "ip": "2.941e-09", "ts": "0", "stretch": "2.5742e+05", "date": "2068-11-26.64", "dist": "171.795", "sigma_lov": "-0.29703", "sigma_imp": "0.281", "ps": "-8.74"}, {"energy": "1.046e+00", "width": "5.6360e+02", "ip": "2.078e-10", "ts": "0", "stretch": "3.8416e+06", "date": "2068-11-10.68", "dist": "46.752", "sigma_lov": "-0.45193", "sigma_imp": "0.081", "ps": "-9.86"}, {"energy": "1.072e+00", "width": "4.8017e+02", "ip": "2.718e-10", "ts": "0", "stretch": "3.3613e+06", "date": "2068-11-08.37", "dist": "84.943", "sigma_lov": "-0.48055", "sigma_imp": "0.175", "ps": "-9.73"}, {"energy": "1.073e+00", "width": "4.8209e+02", "ip": "5.135e-10", "ts": "0", "stretch": "1.7707e+06", "date": "2068-11-08.23", "dist": "86.054", "sigma_lov": "-0.48158", "sigma_imp": "0.176", "ps": "-9.45"}, {"energy": "1.073e+00", "width": "4.8551e+02", "ip": "3.129e-10", "ts": "0", "stretch": "2.8815e+06", "date": "2068-11-08.10", "dist": "89.261", "sigma_lov": "-0.48224", "sigma_imp": "0.182", "ps": "-9.67"}, {"energy": "1.131e+00", "width": "5.2200e+02", "ip": "3.094e-09", "ts": "0", "stretch": "2.5591e+05", "date": "2068-11-04.35", "dist": "159.351", "sigma_lov": "-0.53664", "sigma_imp": "0.303", "ps": "-8.66"}, {"energy": "1.131e+00", "width": "5.2088e+02", "ip": "3.151e-09", "ts": "0", "stretch": "2.5178e+05", "date": "2068-11-04.35", "dist": "159.206", "sigma_lov": "-0.53696", "sigma_imp": "0.304", "ps": "-8.65"}, {"energy": "1.133e+00", "width": "5.1632e+02", "ip": "2.351e-10", "ts": "0", "stretch": "3.3956e+06", "date": "2068-11-04.19", "dist": "160.616", "sigma_lov": "-0.53859", "sigma_imp": "0.309", "ps": "-9.77"}, {"energy": "1.053e+00", "width": "5.6746e+02", "ip": "2.971e-10", "ts": "0", "stretch": "2.6566e+06", "date": "2067-11-10.82", "dist": "55.167", "sigma_lov": "-0.45944", "sigma_imp": "0.095", "ps": "-9.69"}, {"energy": "1.081e+00", "width": "5.0888e+02", "ip": "6.906e-10", "ts": "0", "stretch": "1.2382e+06", "date": "2067-11-08.29", "dist": "98.060", "sigma_lov": "-0.49131", "sigma_imp": "0.191", "ps": "-9.31"}, {"energy": "1.020e+00", "width": "5.6209e+02", "ip": "6.081e-09", "ts": "0", "stretch": "1.3388e+05", "date": "2066-11-13.74", "dist": "6.623", "sigma_lov": "-0.42102", "sigma_imp": "0.010", "ps": "-8.38"}, {"energy": "1.021e+00", "width": "5.7213e+02", "ip": "5.941e-09", "ts": "0", "stretch": "1.3458e+05", "date": "2066-11-13.66", "dist": "7.946", "sigma_lov": "-0.42188", "sigma_imp": "0.012", "ps": "-8.39"}, {"energy": "1.090e+00", "width": "5.1672e+02", "ip": "1.273e-09", "ts": "0", "stretch": "6.5479e+05", "date": "2066-11-07.32", "dist": "112.383", "sigma_lov": "-0.50089", "sigma_imp": "0.216", "ps": "-9.04"}, {"energy": "1.092e+00", "width": "5.1894e+02", "ip": "3.770e-09", "ts": "0", "stretch": "2.1995e+05", "date": "2066-11-07.23", "dist": "114.371", "sigma_lov": "-0.50219", "sigma_imp": "0.218", "ps": "-8.57"}, {"energy": "1.094e+00", "width": "5.3137e+02", "ip": "2.390e-10", "ts": "0", "stretch": "3.3871e+06", "date": "2066-11-07.16", "dist": "114.794", "sigma_lov": "-0.50447", "sigma_imp": "0.214", "ps": "-9.76"}, {"energy": "1.106e+00", "width": "5.1556e+02", "ip": "1.812e-10", "ts": "0", "stretch": "4.5376e+06", "date": "2065-11-06.00", "dist": "132.235", "sigma_lov": "-0.51446", "sigma_imp": "0.255", "ps": "-9.87"}, {"energy": "1.108e+00", "width": "5.2070e+02", "ip": "5.663e-10", "ts": "0", "stretch": "1.4375e+06", "date": "2065-11-05.98", "dist": "131.975", "sigma_lov": "-0.51620", "sigma_imp": "0.252", "ps": "-9.37"}, {"energy": "1.039e+00", "width": "5.4878e+02", "ip": "4.733e-10", "ts": "0", "stretch": "1.7416e+06", "date": "2064-11-11.42", "dist": "34.218", "sigma_lov": "-0.44355", "sigma_imp": "0.061", "ps": "-9.47"}, {"energy": "1.118e+00", "width": "5.2516e+02", "ip": "2.084e-09", "ts": "0", "stretch": "3.8189e+05", "date": "2064-11-04.88", "dist": "149.880", "sigma_lov": "-0.52728", "sigma_imp": "0.283", "ps": "-8.80"}, {"energy": "1.121e+00", "width": "5.3006e+02", "ip": "3.664e-09", "ts": "0", "stretch": "2.1494e+05", "date": "2064-11-04.82", "dist": "151.035", "sigma_lov": "-0.52943", "sigma_imp": "0.283", "ps": "-8.55"}, {"energy": "1.138e+00", "width": "5.0801e+02", "ip": "1.662e-10", "ts": "0", "stretch": "4.8418e+06", "date": "2063-11-04.66", "dist": "167.262", "sigma_lov": "-0.54340", "sigma_imp": "0.327", "ps": "-9.88"}, {"energy": "1.139e+00", "width": "5.1010e+02", "ip": "8.870e-10", "ts": "0", "stretch": "9.0192e+05", "date": "2063-11-04.55", "dist": "169.819", "sigma_lov": "-0.54417", "sigma_imp": "0.331", "ps": "-9.15"}, {"energy": "9.560e-01", "width": "6.4310e+02", "ip": "1.500e-09", "ts": "0", "stretch": "4.7872e+05", "date": "2062-11-27.18", "dist": "171.092", "sigma_lov": "-0.29750", "sigma_imp": "0.264", "ps": "-8.98"}, {"energy": "1.003e+00", "width": "5.7809e+02", "ip": "2.920e-10", "ts": "0", "stretch": "2.7388e+06", "date": "2062-11-16.31", "dist": "28.193", "sigma_lov": "-0.39304", "sigma_imp": "0.047", "ps": "-9.67"}, {"energy": "1.062e+00", "width": "4.6905e+02", "ip": "3.496e-10", "ts": "0", "stretch": "2.7007e+06", "date": "2062-11-09.72", "dist": "71.277", "sigma_lov": "-0.46906", "sigma_imp": "0.150", "ps": "-9.57"}, {"energy": "1.056e+00", "width": "6.0793e+02", "ip": "5.437e-10", "ts": "0", "stretch": "1.3519e+06", "date": "2062-11-10.20", "dist": "63.356", "sigma_lov": "-0.46310", "sigma_imp": "0.103", "ps": "-9.38"}, {"energy": "9.671e-01", "width": "6.2353e+02", "ip": "3.185e-10", "ts": "0", "stretch": "2.3350e+06", "date": "2061-11-23.70", "dist": "133.019", "sigma_lov": "-0.32485", "sigma_imp": "0.212", "ps": "-9.64"}, {"energy": "1.023e+00", "width": "5.4681e+02", "ip": "2.758e-10", "ts": "0", "stretch": "3.0303e+06", "date": "2061-11-13.16", "dist": "11.919", "sigma_lov": "-0.42385", "sigma_imp": "0.020", "ps": "-9.68"}, {"energy": "1.019e+00", "width": "5.6717e+02", "ip": "8.185e-10", "ts": "0", "stretch": "9.8694e+05", "date": "2061-11-13.75", "dist": "2.536", "sigma_lov": "-0.41832", "sigma_imp": "0.003", "ps": "-9.21"}, {"energy": "1.041e+00", "width": "5.6167e+02", "ip": "1.440e-09", "ts": "0", "stretch": "5.5855e+05", "date": "2059-11-12.01", "dist": "38.830", "sigma_lov": "-0.44488", "sigma_imp": "0.067", "ps": "-8.93"}, {"energy": "9.906e-01", "width": "6.1046e+02", "ip": "3.113e-10", "ts": "0", "stretch": "2.4378e+06", "date": "2058-11-19.27", "dist": "75.698", "sigma_lov": "-0.37060", "sigma_imp": "0.122", "ps": "-9.61"}, {"energy": "9.936e-01", "width": "5.9796e+02", "ip": "1.036e-09", "ts": "0", "stretch": "7.4730e+05", "date": "2058-11-18.72", "dist": "69.105", "sigma_lov": "-0.37470", "sigma_imp": "0.114", "ps": "-9.08"}, {"energy": "1.047e+00", "width": "5.4625e+02", "ip": "1.180e-10", "ts": "0", "stretch": "6.9653e+06", "date": "2058-11-10.89", "dist": "50.564", "sigma_lov": "-0.45473", "sigma_imp": "0.091", "ps": "-10.0"}, {"energy": "1.049e+00", "width": "5.6046e+02", "ip": "1.198e-09", "ts": "0", "stretch": "6.6791e+05", "date": "2058-11-10.72", "dist": "54.213", "sigma_lov": "-0.45722", "sigma_imp": "0.095", "ps": "-9.00"}, {"energy": "1.050e+00", "width": "5.6212e+02", "ip": "3.639e-10", "ts": "0", "stretch": "2.1912e+06", "date": "2058-11-10.63", "dist": "53.997", "sigma_lov": "-0.45840", "sigma_imp": "0.094", "ps": "-9.52"}, {"energy": "1.073e+00", "width": "4.7841e+02", "ip": "1.966e-10", "ts": "0", "stretch": "4.6454e+06", "date": "2058-11-08.50", "dist": "90.714", "sigma_lov": "-0.48350", "sigma_imp": "0.188", "ps": "-9.78"}, {"energy": "1.075e+00", "width": "5.0015e+02", "ip": "1.333e-09", "ts": "0", "stretch": "6.5520e+05", "date": "2058-11-08.39", "dist": "93.977", "sigma_lov": "-0.48567", "sigma_imp": "0.186", "ps": "-8.95"}, {"energy": "1.062e+00", "width": "5.3694e+02", "ip": "3.490e-10", "ts": "0", "stretch": "2.3652e+06", "date": "2058-11-09.53", "dist": "74.219", "sigma_lov": "-0.47153", "sigma_imp": "0.136", "ps": "-9.53"}, {"energy": "1.148e+00", "width": "5.2338e+02", "ip": "2.988e-10", "ts": "0", "stretch": "2.5845e+06", "date": "2058-11-03.82", "dist": "181.508", "sigma_lov": "-0.55280", "sigma_imp": "0.345", "ps": "-9.57"}, {"energy": "1.151e+00", "width": "5.0815e+02", "ip": "4.164e-10", "ts": "0", "stretch": "1.8972e+06", "date": "2058-11-03.58", "dist": "184.417", "sigma_lov": "-0.55510", "sigma_imp": "0.361", "ps": "-9.43"}, {"energy": "9.569e-01", "width": "6.4806e+02", "ip": "1.372e-09", "ts": "0", "stretch": "5.2004e+05", "date": "2056-11-26.39", "dist": "167.242", "sigma_lov": "-0.30011", "sigma_imp": "0.257", "ps": "-8.95"}, {"energy": "1.018e+00", "width": "5.6691e+02", "ip": "2.291e-09", "ts": "0", "stretch": "3.5333e+05", "date": "2056-11-13.79", "dist": "0.181", "sigma_lov": "-0.41474", "sigma_imp": "0.000", "ps": "-8.71"}, {"energy": "1.104e+00", "width": "5.1463e+02", "ip": "4.683e-10", "ts": "0", "stretch": "1.7593e+06", "date": "2056-11-05.77", "dist": "132.060", "sigma_lov": "-0.51421", "sigma_imp": "0.255", "ps": "-9.37"}, {"energy": "9.626e-01", "width": "6.3013e+02", "ip": "2.482e-10", "ts": "0", "stretch": "2.9619e+06", "date": "2055-11-25.53", "dist": "147.209", "sigma_lov": "-0.31351", "sigma_imp": "0.232", "ps": "-9.68"}, {"energy": "9.627e-01", "width": "6.5312e+02", "ip": "3.978e-10", "ts": "0", "stretch": "1.7863e+06", "date": "2055-11-25.50", "dist": "146.877", "sigma_lov": "-0.31377", "sigma_imp": "0.223", "ps": "-9.48"}, {"energy": "1.123e+00", "width": "5.0826e+02", "ip": "4.418e-10", "ts": "0", "stretch": "1.8460e+06", "date": "2055-11-05.31", "dist": "155.172", "sigma_lov": "-0.53118", "sigma_imp": "0.303", "ps": "-9.38"}, {"energy": "1.117e+00", "width": "5.2986e+02", "ip": "1.002e-10", "ts": "0", "stretch": "7.8977e+06", "date": "2055-11-05.82", "dist": "146.794", "sigma_lov": "-0.52490", "sigma_imp": "0.275", "ps": "-10.0"}, {"energy": "1.117e+00", "width": "5.2270e+02", "ip": "2.426e-10", "ts": "0", "stretch": "3.3026e+06", "date": "2055-11-05.79", "dist": "147.018", "sigma_lov": "-0.52547", "sigma_imp": "0.279", "ps": "-9.64"}, {"energy": "9.724e-01", "width": "6.2832e+02", "ip": "2.441e-10", "ts": "0", "stretch": "3.0333e+06", "date": "2054-11-22.23", "dist": "107.588", "sigma_lov": "-0.33972", "sigma_imp": "0.170", "ps": "-9.67"}, {"energy": "1.042e+00", "width": "5.4260e+02", "ip": "5.351e-10", "ts": "0", "stretch": "1.5545e+06", "date": "2054-11-11.56", "dist": "41.370", "sigma_lov": "-0.44630", "sigma_imp": "0.074", "ps": "-9.31"}, {"energy": "9.779e-01", "width": "6.2914e+02", "ip": "1.497e-10", "ts": "0", "stretch": "4.9370e+06", "date": "2053-11-20.82", "dist": "94.705", "sigma_lov": "-0.35006", "sigma_imp": "0.149", "ps": "-9.87"}, {"energy": "9.872e-01", "width": "5.9808e+02", "ip": "8.996e-10", "ts": "0", "stretch": "8.6249e+05", "date": "2053-11-19.13", "dist": "74.652", "sigma_lov": "-0.36611", "sigma_imp": "0.123", "ps": "-9.09"}, {"energy": "9.891e-01", "width": "5.9595e+02", "ip": "2.726e-10", "ts": "0", "stretch": "2.8567e+06", "date": "2053-11-18.82", "dist": "69.634", "sigma_lov": "-0.36884", "sigma_imp": "0.115", "ps": "-9.61"}, {"energy": "9.988e-01", "width": "5.7411e+02", "ip": "1.655e-09", "ts": "0", "stretch": "4.8719e+05", "date": "2052-11-16.40", "dist": "37.032", "sigma_lov": "-0.38749", "sigma_imp": "0.063", "ps": "-8.81"}, {"energy": "1.001e+00", "width": "5.8068e+02", "ip": "4.397e-10", "ts": "0", "stretch": "1.8117e+06", "date": "2052-11-16.11", "dist": "32.955", "sigma_lov": "-0.39081", "sigma_imp": "0.055", "ps": "-9.39"}, {"energy": "1.090e+00", "width": "5.2403e+02", "ip": "1.731e-10", "ts": "0", "stretch": "4.7496e+06", "date": "2052-11-06.78", "dist": "115.084", "sigma_lov": "-0.49979", "sigma_imp": "0.218", "ps": "-9.76"}, {"energy": "1.095e+00", "width": "5.2324e+02", "ip": "5.659e-10", "ts": "0", "stretch": "1.4496e+06", "date": "2052-11-06.53", "dist": "117.997", "sigma_lov": "-0.50480", "sigma_imp": "0.224", "ps": "-9.24"}, {"energy": "1.015e+00", "width": "5.6206e+02", "ip": "8.485e-10", "ts": "0", "stretch": "9.6359e+05", "date": "2051-11-14.89", "dist": "5.478", "sigma_lov": "-0.41110", "sigma_imp": "0.008", "ps": "-9.08"}, {"energy": "9.591e-01", "width": "6.3477e+02", "ip": "1.274e-09", "ts": "0", "stretch": "5.7149e+05", "date": "2050-11-26.56", "dist": "162.502", "sigma_lov": "-0.30217", "sigma_imp": "0.254", "ps": "-8.91"}, {"energy": "1.137e+00", "width": "5.0958e+02", "ip": "5.864e-10", "ts": "0", "stretch": "1.3666e+06", "date": "2050-11-04.35", "dist": "169.422", "sigma_lov": "-0.54312", "sigma_imp": "0.331", "ps": "-9.19"}, {"energy": "1.043e+00", "width": "5.5005e+02", "ip": "5.310e-10", "ts": "0", "stretch": "1.5433e+06", "date": "2049-11-11.18", "dist": "43.671", "sigma_lov": "-0.44869", "sigma_imp": "0.078", "ps": "-9.25"}, {"energy": "1.062e+00", "width": "5.0054e+02", "ip": "3.595e-10", "ts": "0", "stretch": "2.4618e+06", "date": "2048-11-09.18", "dist": "73.857", "sigma_lov": "-0.46964", "sigma_imp": "0.146", "ps": "-9.40"}, {"energy": "1.082e+00", "width": "5.2477e+02", "ip": "9.345e-10", "ts": "0", "stretch": "8.8601e+05", "date": "2048-11-07.43", "dist": "103.421", "sigma_lov": "-0.49242", "sigma_imp": "0.195", "ps": "-8.98"}, {"energy": "1.055e+00", "width": "6.0243e+02", "ip": "6.788e-10", "ts": "0", "stretch": "1.0931e+06", "date": "2048-11-09.81", "dist": "63.406", "sigma_lov": "-0.46190", "sigma_imp": "0.104", "ps": "-9.13"}, {"energy": "1.103e+00", "width": "5.3181e+02", "ip": "1.185e-09", "ts": "0", "stretch": "6.7503e+05", "date": "2047-11-06.70", "dist": "130.569", "sigma_lov": "-0.51249", "sigma_imp": "0.244", "ps": "-8.85"}, {"energy": "1.013e+00", "width": "5.7412e+02", "ip": "1.012e-09", "ts": "0", "stretch": "7.9169e+05", "date": "2046-11-15.04", "dist": "10.924", "sigma_lov": "-0.40844", "sigma_imp": "0.017", "ps": "-8.94"}, {"energy": "1.128e+00", "width": "5.2246e+02", "ip": "1.366e-09", "ts": "0", "stretch": "5.7887e+05", "date": "2046-11-04.86", "dist": "162.258", "sigma_lov": "-0.53480", "sigma_imp": "0.309", "ps": "-8.77"}, {"energy": "1.154e+00", "width": "5.0838e+02", "ip": "1.053e-09", "ts": "0", "stretch": "7.4280e+05", "date": "2045-11-03.01", "dist": "194.667", "sigma_lov": "-0.55814", "sigma_imp": "0.381", "ps": "-8.86"}, {"energy": "9.605e-01", "width": "6.4345e+02", "ip": "1.643e-09", "ts": "0", "stretch": "4.3813e+05", "date": "2044-11-25.51", "dist": "155.338", "sigma_lov": "-0.30770", "sigma_imp": "0.240", "ps": "-8.72"}, {"energy": "1.045e+00", "width": "5.6157e+02", "ip": "1.076e-09", "ts": "0", "stretch": "7.4485e+05", "date": "2044-11-10.65", "dist": "50.617", "sigma_lov": "-0.45113", "sigma_imp": "0.088", "ps": "-8.87"}, {"energy": "1.070e+00", "width": "4.6110e+02", "ip": "1.352e-09", "ts": "0", "stretch": "7.0164e+05", "date": "2044-11-08.33", "dist": "88.964", "sigma_lov": "-0.47969", "sigma_imp": "0.191", "ps": "-8.76"}, {"energy": "1.065e+00", "width": "6.1210e+02", "ip": "5.265e-10", "ts": "0", "stretch": "1.3749e+06", "date": "2044-11-08.79", "dist": "81.262", "sigma_lov": "-0.47382", "sigma_imp": "0.131", "ps": "-9.17"}, {"energy": "9.767e-01", "width": "6.1448e+02", "ip": "3.778e-10", "ts": "0", "stretch": "2.0022e+06", "date": "2043-11-21.59", "dist": "97.161", "sigma_lov": "-0.34811", "sigma_imp": "0.156", "ps": "-9.33"}, {"energy": "9.724e-01", "width": "6.2233e+02", "ip": "2.443e-09", "ts": "0", "stretch": "3.0592e+05", "date": "2043-11-22.51", "dist": "106.878", "sigma_lov": "-0.33911", "sigma_imp": "0.170", "ps": "-8.52"}, {"energy": "9.902e-01", "width": "5.9393e+02", "ip": "2.029e-09", "ts": "0", "stretch": "3.8519e+05", "date": "2042-11-19.00", "dist": "67.194", "sigma_lov": "-0.36952", "sigma_imp": "0.111", "ps": "-8.58"}, {"energy": "1.007e+00", "width": "5.7454e+02", "ip": "1.951e-09", "ts": "0", "stretch": "4.1147e+05", "date": "2041-11-15.34", "dist": "16.022", "sigma_lov": "-0.40133", "sigma_imp": "0.026", "ps": "-8.58"}, {"energy": "1.047e+00", "width": "5.5170e+02", "ip": "8.817e-10", "ts": "0", "stretch": "9.2259e+05", "date": "2039-11-11.05", "dist": "55.787", "sigma_lov": "-0.45419", "sigma_imp": "0.099", "ps": "-8.87"}, {"energy": "1.063e+00", "width": "5.5617e+02", "ip": "3.162e-10", "ts": "0", "stretch": "2.5169e+06", "date": "2039-11-09.54", "dist": "80.742", "sigma_lov": "-0.47248", "sigma_imp": "0.143", "ps": "-9.31"}, {"energy": "1.073e+00", "width": "4.8697e+02", "ip": "1.028e-09", "ts": "0", "stretch": "8.7265e+05", "date": "2039-11-08.72", "dist": "94.938", "sigma_lov": "-0.48285", "sigma_imp": "0.193", "ps": "-8.79"}, {"energy": "9.620e-01", "width": "6.2955e+02", "ip": "2.500e-09", "ts": "0", "stretch": "2.9482e+05", "date": "2038-11-25.18", "dist": "142.997", "sigma_lov": "-0.31315", "sigma_imp": "0.226", "ps": "-8.43"}, {"energy": "1.099e+00", "width": "5.1178e+02", "ip": "1.023e-09", "ts": "0", "stretch": "8.1385e+05", "date": "2038-11-06.60", "dist": "127.869", "sigma_lov": "-0.50735", "sigma_imp": "0.248", "ps": "-8.77"}, {"energy": "1.131e+00", "width": "5.0079e+02", "ip": "9.032e-10", "ts": "0", "stretch": "9.0261e+05", "date": "2037-11-04.13", "dist": "170.088", "sigma_lov": "-0.53905", "sigma_imp": "0.338", "ps": "-8.79"}, {"energy": "1.001e+00", "width": "5.7114e+02", "ip": "2.038e-09", "ts": "0", "stretch": "3.9734e+05", "date": "2036-11-15.88", "dist": "27.734", "sigma_lov": "-0.39184", "sigma_imp": "0.047", "ps": "-8.46"}, {"energy": "1.051e+00", "width": "5.5920e+02", "ip": "6.155e-10", "ts": "0", "stretch": "1.3005e+06", "date": "2034-11-10.52", "dist": "58.625", "sigma_lov": "-0.45892", "sigma_imp": "0.103", "ps": "-8.92"}, {"energy": "1.078e+00", "width": "4.9709e+02", "ip": "8.255e-10", "ts": "0", "stretch": "1.0605e+06", "date": "2034-11-08.13", "dist": "98.969", "sigma_lov": "-0.48837", "sigma_imp": "0.197", "ps": "-8.78"}, {"energy": "9.665e-01", "width": "6.2021e+02", "ip": "2.019e-09", "ts": "0", "stretch": "3.7072e+05", "date": "2032-11-23.31", "dist": "128.384", "sigma_lov": "-0.32561", "sigma_imp": "0.205", "ps": "-8.38"}, {"energy": "9.955e-01", "width": "5.9000e+02", "ip": "2.188e-09", "ts": "0", "stretch": "3.5902e+05", "date": "2031-11-18.06", "dist": "49.502", "sigma_lov": "-0.38029", "sigma_imp": "0.082", "ps": "-8.30"}, {"energy": "1.089e+00", "width": "5.2464e+02", "ip": "1.928e-09", "ts": "0", "stretch": "4.2574e+05", "date": "2029-11-07.08", "dist": "116.912", "sigma_lov": "-0.49900", "sigma_imp": "0.221", "ps": "-8.26"}, {"energy": "1.148e+00", "width": "5.1041e+02", "ip": "1.913e-09", "ts": "0", "stretch": "4.1100e+05", "date": "2028-11-03.11", "dist": "188.343", "sigma_lov": "-0.55180", "sigma_imp": "0.367", "ps": "-8.21"}, {"energy": "9.792e-01", "width": "6.0807e+02", "ip": "4.332e-09", "ts": "0", "stretch": "1.7664e+05", "date": "2026-11-21.07", "dist": "90.580", "sigma_lov": "-0.34927", "sigma_imp": "0.147", "ps": "-7.83"}, {"energy": "1.116e+00", "width": "5.1665e+02", "ip": "2.950e-09", "ts": "0", "stretch": "2.7353e+05", "date": "2024-11-04.86", "dist": "154.264", "sigma_lov": "-0.52455", "sigma_imp": "0.297", "ps": "-7.85"}, {"energy": "1.025e+00", "width": "5.5901e+02", "ip": "7.064e-09", "ts": "0", "stretch": "1.1554e+05", "date": "2020-11-12.64", "dist": "21.484", "sigma_lov": "-0.42644", "sigma_imp": "0.037", "ps": "-7.17"}]}