{"summary": {"energy": "1.696e+01", "darc": "31.129 days", "ip": "2.262e-09", "h": "23.91", "nobs": "42", "mass": "2.37e+08", "v_inf": "21.85", "first_obs": "2015-Mar-23.21978", "method": "LOV", "pdate": "2017-04-17 19:42:22", "ndop": "0", "cdate": "2017-04-17 19:42:22", "ps_cum": "-8.14", "diameter": "5.6e-02", "ndel": "0", "v_imp": "24.52", "ps_max": "-8.14", "last_obs": "2015-Apr-23.348497", "fullname": "(2015 FN36)", "n_imp": "1", "ts_max": "0", "nsat": "0", "des": "2015 FN36"}, "signature": {"source": "NASA/JPL Sentry Data API", "version": "1.1"}, "data": [{"energy": "1.696e+01", "width": "6.5514e-03", "ip": "2.262e-09", "ts": "0", "stretch": "1.4703e+05", "date": "2117-03-16.16", "dist": "0.842", "sigma_lov": "-3.78694", "sigma_imp": "0.000", "ps": "-8.14"}]}