{"summary": {"energy": "8.653e-03", "darc": "19.127 days", "ip": "9.191e-07", "h": "28.83", "nobs": "32", "mass": "2.67e+05", "v_inf": "12.16", "first_obs": "2015-Sep-24.40431", "method": "LOV", "pdate": "2017-04-12 15:03:50", "ndop": "0", "cdate": "2017-04-12 15:03:50", "ps_cum": "-7.99", "diameter": "0.0058", "ndel": "0", "v_imp": "16.49", "ps_max": "-8.29", "last_obs": "2015-Oct-13.530917", "fullname": "(2015 SK7)", "n_imp": "4", "ts_max": "0", "nsat": "0", "des": "2015 SK7"}, "signature": {"source": "NASA/JPL Sentry Data API", "version": "1.1"}, "data": [{"energy": "8.492e-03", "width": "2.3032e-03", "ip": "2.701e-08", "ts": "0", "stretch": "1.2785e+05", "date": "2107-09-21.51", "dist": "0.462", "sigma_lov": "3.26994", "sigma_imp": "0.000", "ps": "-9.66"}, {"energy": "8.626e-03", "width": "3.4021e-03", "ip": "5.741e-07", "ts": "0", "stretch": "5.0818e+05", "date": "2100-09-21.77", "dist": "0.657", "sigma_lov": "1.20531", "sigma_imp": "0.000", "ps": "-8.29"}, {"energy": "8.631e-03", "width": "0.0000e+00", "ip": "7.359e-08", "ts": "0", "stretch": "8.8856e+05", "date": "2100-09-21.79", "dist": "0.967", "sigma_lov": "1.50431", "sigma_imp": "0.000", "ps": "-9.18"}, {"energy": "8.741e-03", "width": "0.0000e+00", "ip": "2.444e-07", "ts": "0", "stretch": "1.6366e+06", "date": "2059-09-21.88", "dist": "0.241", "sigma_lov": "1.15161", "sigma_imp": "0.000", "ps": "-8.36"}]}