{"summary": {"energy": "1.373e-01", "darc": "1.0021 days", "ip": "3.911e-09", "h": "27.00", "nobs": "7", "mass": "3.34e+06", "v_inf": "14.85", "first_obs": "2015-Apr-18.21066", "method": "LOV", "pdate": "2017-04-14 11:58:22", "ndop": "0", "cdate": "2017-04-14 11:58:22", "ps_cum": "-9.16", "diameter": "0.0130696752748658", "ndel": "0", "v_imp": "18.58", "ps_max": "-9.42", "last_obs": "2015-Apr-19.21274", "fullname": "(2015 HZ182)", "n_imp": "10", "ts_max": "0", "nsat": "0", "des": "2015 HZ182"}, "signature": {"source": "NASA/JPL Sentry Data API", "version": "1.1"}, "data": [{"energy": "1.459e-01", "width": "1.0384e+03", "ip": "3.385e-10", "ts": "0", "stretch": "6.2503e+05", "date": "2096-04-11.21", "dist": "51.599", "sigma_lov": "-1.28328", "sigma_imp": "0.049", "ps": "-10.5"}, {"energy": "1.537e-01", "width": "3.7012e+02", "ip": "1.024e-10", "ts": "0", "stretch": "5.2300e+06", "date": "2081-04-14.36", "dist": "160.925", "sigma_lov": "-1.29110", "sigma_imp": "0.432", "ps": "-10.9"}, {"energy": "1.397e-01", "width": "3.1255e+02", "ip": "1.588e-10", "ts": "0", "stretch": "3.7368e+06", "date": "2069-04-09.27", "dist": "187.800", "sigma_lov": "-1.27535", "sigma_imp": "0.598", "ps": "-10.7"}, {"energy": "1.233e-01", "width": "4.6772e+02", "ip": "1.388e-10", "ts": "0", "stretch": "2.1482e+06", "date": "2066-03-08.27", "dist": "116.729", "sigma_lov": "-1.58079", "sigma_imp": "0.247", "ps": "-10.8"}, {"energy": "1.473e-01", "width": "3.1542e+02", "ip": "2.631e-10", "ts": "0", "stretch": "2.6157e+06", "date": "2058-04-12.05", "dist": "33.751", "sigma_lov": "-1.28931", "sigma_imp": "0.104", "ps": "-10.3"}, {"energy": "1.301e-01", "width": "2.7922e+01", "ip": "1.759e-09", "ts": "0", "stretch": "3.9344e+06", "date": "2047-04-03.90", "dist": "12.876", "sigma_lov": "-1.30126", "sigma_imp": "0.425", "ps": "-9.42"}, {"energy": "1.295e-01", "width": "1.4478e+02", "ip": "2.494e-10", "ts": "0", "stretch": "2.7582e+06", "date": "2043-04-03.60", "dist": "179.448", "sigma_lov": "-1.30207", "sigma_imp": "1.233", "ps": "-10.2"}, {"energy": "1.312e-01", "width": "1.5387e+02", "ip": "1.293e-10", "ts": "0", "stretch": "5.6746e+06", "date": "2035-04-04.47", "dist": "174.937", "sigma_lov": "-1.29938", "sigma_imp": "1.130", "ps": "-10.3"}, {"energy": "1.720e-01", "width": "4.6291e+02", "ip": "1.337e-10", "ts": "0", "stretch": "2.7362e+06", "date": "2101-04-10.16", "dist": "32.050", "sigma_lov": "-1.47217", "sigma_imp": "0.067", "ps": "-10.9"}, {"energy": "1.454e-01", "width": "2.0856e+03", "ip": "6.380e-10", "ts": "0", "stretch": "1.6535e+05", "date": "2096-04-11.07", "dist": "58.791", "sigma_lov": "-1.28292", "sigma_imp": "0.028", "ps": "-10.2"}]}