{"summary": {"energy": "4.146e-01", "darc": "14.798 days", "ip": "1.1662e-06", "h": "25.96", "nobs": "75", "mass": "1.40e+07", "v_inf": "11.20", "first_obs": "2015-Oct-23.45412", "method": "LOV", "pdate": "2017-04-14 22:44:45", "ndop": "0", "cdate": "2017-04-14 22:44:45", "ps_cum": "-6.58", "diameter": "0.022", "ndel": "0", "v_imp": "15.79", "ps_max": "-6.94", "last_obs": "2015-Nov-07.251926", "fullname": "(2015 UH52)", "n_imp": "4", "ts_max": "0", "nsat": "0", "des": "2015 UH52"}, "signature": {"source": "NASA/JPL Sentry Data API", "version": "1.1"}, "data": [{"energy": "4.141e-01", "width": "1.1111e-02", "ip": "5.920e-07", "ts": "0", "stretch": "6.7851e+05", "date": "2101-10-21.28", "dist": "0.159", "sigma_lov": "-1.16795", "sigma_imp": "0.000", "ps": "-6.94"}, {"energy": "4.129e-01", "width": "2.2222e-02", "ip": "1.011e-07", "ts": "0", "stretch": "3.4775e+06", "date": "2090-10-20.84", "dist": "0.462", "sigma_lov": "-1.19881", "sigma_imp": "0.000", "ps": "-7.65"}, {"energy": "4.150e-01", "width": "0.0000e+00", "ip": "3.512e-07", "ts": "0", "stretch": "1.7127e+06", "date": "2075-10-21.11", "dist": "0.624", "sigma_lov": "-0.42777", "sigma_imp": "0.000", "ps": "-7.00"}, {"energy": "4.174e-01", "width": "0.0000e+00", "ip": "1.219e-07", "ts": "0", "stretch": "3.7459e+06", "date": "2102-10-21.74", "dist": "0.322", "sigma_lov": "-1.03874", "sigma_imp": "0.000", "ps": "-7.63"}]}