{"summary": {"energy": "7.194e-03", "darc": "3.8070 days", "ip": "8.07002207999999e-05", "h": "28.79", "nobs": "28", "mass": "2.81e+05", "v_inf": "9.53", "first_obs": "2015-Dec-09.4504", "method": "LOV", "pdate": "2017-04-09 16:08:28", "ndop": "0", "cdate": "2017-04-09 16:08:28", "ps_cum": "-6.02", "diameter": "0.0059", "ndel": "0", "v_imp": "14.67", "ps_max": "-6.61", "last_obs": "2015-Dec-13.25744", "fullname": "(2015 XR169)", "n_imp": "159", "ts_max": "0", "nsat": "0", "des": "2015 XR169"}, "signature": {"source": "NASA/JPL Sentry Data API", "version": "1.1"}, "data": [{"energy": "7.139e-03", "width": "5.5556e-03", "ip": "1.410e-07", "ts": "0", "stretch": "2.2513e+06", "date": "2112-05-21.36", "dist": "0.090", "sigma_lov": "1.35471", "sigma_imp": "0.000", "ps": "-9.02"}, {"energy": "7.105e-03", "width": "1.1235e-03", "ip": "6.949e-08", "ts": "0", "stretch": "2.2694e+04", "date": "2111-05-19.77", "dist": "0.780", "sigma_lov": "3.39332", "sigma_imp": "0.000", "ps": "-9.33"}, {"energy": "7.173e-03", "width": "7.8568e-03", "ip": "2.292e-07", "ts": "0", "stretch": "3.1477e+06", "date": "2112-05-21.47", "dist": "0.240", "sigma_lov": "-0.37667", "sigma_imp": "0.000", "ps": "-8.81"}, {"energy": "7.216e-03", "width": "0.0000e+00", "ip": "3.187e-08", "ts": "0", "stretch": "1.4760e+06", "date": "2112-05-21.39", "dist": "0.380", "sigma_lov": "-2.34593", "sigma_imp": "0.000", "ps": "-9.67"}, {"energy": "7.210e-03", "width": "0.0000e+00", "ip": "4.734e-09", "ts": "0", "stretch": "3.7598e+06", "date": "2112-05-21.39", "dist": "0.937", "sigma_lov": "-2.34516", "sigma_imp": "0.000", "ps": "-10.5"}, {"energy": "7.149e-03", "width": "0.0000e+00", "ip": "3.049e-07", "ts": "0", "stretch": "1.5314e+06", "date": "2112-05-21.33", "dist": "0.429", "sigma_lov": "0.93180", "sigma_imp": "0.000", "ps": "-8.69"}, {"energy": "7.162e-03", "width": "2.7778e-03", "ip": "5.612e-07", "ts": "0", "stretch": "9.1297e+05", "date": "2112-05-21.31", "dist": "0.759", "sigma_lov": "0.16452", "sigma_imp": "0.000", "ps": "-8.42"}, {"energy": "7.173e-03", "width": "0.0000e+00", "ip": "3.522e-07", "ts": "0", "stretch": "1.5993e+06", "date": "2112-05-21.43", "dist": "0.590", "sigma_lov": "-0.51768", "sigma_imp": "0.000", "ps": "-8.62"}, {"energy": "7.145e-03", "width": "3.9284e-03", "ip": "3.354e-07", "ts": "0", "stretch": "1.4514e+06", "date": "2112-05-21.29", "dist": "0.197", "sigma_lov": "0.97417", "sigma_imp": "0.000", "ps": "-8.65"}, {"energy": "7.138e-03", "width": "0.0000e+00", "ip": "8.618e-08", "ts": "0", "stretch": "2.2379e+06", "date": "2112-05-21.48", "dist": "0.227", "sigma_lov": "1.66960", "sigma_imp": "0.000", "ps": "-9.24"}, {"energy": "7.108e-03", "width": "1.1251e-03", "ip": "2.394e-08", "ts": "0", "stretch": "1.0550e+05", "date": "2111-05-19.72", "dist": "0.320", "sigma_lov": "3.37678", "sigma_imp": "0.000", "ps": "-9.79"}, {"energy": "7.116e-03", "width": "1.0980e-03", "ip": "1.871e-08", "ts": "0", "stretch": "2.2032e+05", "date": "2111-05-19.79", "dist": "0.962", "sigma_lov": "2.81744", "sigma_imp": "0.000", "ps": "-9.90"}, {"energy": "7.115e-03", "width": "1.9642e-03", "ip": "1.109e-08", "ts": "0", "stretch": "5.4633e+05", "date": "2111-05-19.47", "dist": "0.882", "sigma_lov": "2.87294", "sigma_imp": "0.000", "ps": "-10.1"}, {"energy": "7.203e-03", "width": "2.5142e-01", "ip": "3.632e-09", "ts": "0", "stretch": "1.1022e+08", "date": "2111-05-20.68", "dist": "0.303", "sigma_lov": "-1.11849", "sigma_imp": "0.000", "ps": "-10.6"}, {"energy": "7.143e-03", "width": "2.2222e-02", "ip": "7.782e-08", "ts": "0", "stretch": "5.1424e+06", "date": "2110-05-19.28", "dist": "0.265", "sigma_lov": "1.14332", "sigma_imp": "0.000", "ps": "-9.27"}, {"energy": "7.179e-03", "width": "0.0000e+00", "ip": "5.125e-07", "ts": "0", "stretch": "1.4873e+06", "date": "2110-05-17.37", "dist": "0.063", "sigma_lov": "-0.29517", "sigma_imp": "0.000", "ps": "-8.45"}, {"energy": "7.181e-03", "width": "0.0000e+00", "ip": "2.667e-07", "ts": "0", "stretch": "2.6470e+06", "date": "2110-05-16.65", "dist": "0.072", "sigma_lov": "-0.48974", "sigma_imp": "0.000", "ps": "-8.74"}, {"energy": "7.168e-03", "width": "2.2222e-02", "ip": "1.493e-07", "ts": "0", "stretch": "5.2838e+06", "date": "2110-05-17.38", "dist": "0.048", "sigma_lov": "0.14302", "sigma_imp": "0.000", "ps": "-8.99"}, {"energy": "7.172e-03", "width": "0.0000e+00", "ip": "2.525e-08", "ts": "0", "stretch": "3.1165e+07", "date": "2110-05-17.71", "dist": "0.085", "sigma_lov": "0.14334", "sigma_imp": "0.000", "ps": "-9.76"}, {"energy": "7.161e-03", "width": "3.9284e-03", "ip": "3.150e-07", "ts": "0", "stretch": "1.4822e+06", "date": "2109-05-23.60", "dist": "0.796", "sigma_lov": "0.25674", "sigma_imp": "0.000", "ps": "-8.66"}, {"energy": "7.191e-03", "width": "1.3889e-03", "ip": "8.223e-07", "ts": "0", "stretch": "4.7101e+05", "date": "2109-05-19.03", "dist": "0.617", "sigma_lov": "-0.98210", "sigma_imp": "0.000", "ps": "-8.24"}, {"energy": "7.191e-03", "width": "0.0000e+00", "ip": "6.970e-07", "ts": "0", "stretch": "5.6328e+05", "date": "2109-05-19.03", "dist": "0.603", "sigma_lov": "-0.98233", "sigma_imp": "0.000", "ps": "-8.31"}, {"energy": "7.120e-03", "width": "0.0000e+00", "ip": "3.674e-08", "ts": "0", "stretch": "1.4751e+06", "date": "2109-05-19.21", "dist": "0.768", "sigma_lov": "2.11827", "sigma_imp": "0.000", "ps": "-9.59"}, {"energy": "7.181e-03", "width": "7.8568e-03", "ip": "1.715e-07", "ts": "0", "stretch": "3.0279e+06", "date": "2108-05-21.74", "dist": "0.715", "sigma_lov": "-0.37782", "sigma_imp": "0.000", "ps": "-8.92"}, {"energy": "7.189e-03", "width": "0.0000e+00", "ip": "1.952e-07", "ts": "0", "stretch": "3.0154e+06", "date": "2108-05-21.68", "dist": "0.413", "sigma_lov": "-0.64901", "sigma_imp": "0.000", "ps": "-8.86"}, {"energy": "7.210e-03", "width": "5.4433e-02", "ip": "2.124e-08", "ts": "0", "stretch": "1.3108e+07", "date": "2108-05-18.16", "dist": "0.447", "sigma_lov": "-1.37079", "sigma_imp": "0.000", "ps": "-9.82"}, {"energy": "7.171e-03", "width": "1.9642e-03", "ip": "5.444e-07", "ts": "0", "stretch": "8.9175e+05", "date": "2108-05-21.41", "dist": "0.780", "sigma_lov": "0.23650", "sigma_imp": "0.000", "ps": "-8.42"}, {"energy": "7.186e-03", "width": "2.7778e-03", "ip": "4.632e-07", "ts": "0", "stretch": "1.4210e+06", "date": "2108-05-21.70", "dist": "0.335", "sigma_lov": "-0.51533", "sigma_imp": "0.000", "ps": "-8.49"}, {"energy": "7.182e-03", "width": "0.0000e+00", "ip": "3.713e-07", "ts": "0", "stretch": "1.1826e+06", "date": "2108-05-21.52", "dist": "0.813", "sigma_lov": "-0.33533", "sigma_imp": "0.000", "ps": "-8.58"}, {"energy": "7.178e-03", "width": "0.0000e+00", "ip": "1.292e-07", "ts": "0", "stretch": "2.2580e+06", "date": "2108-05-19.32", "dist": "0.613", "sigma_lov": "-1.24137", "sigma_imp": "0.000", "ps": "-9.04"}, {"energy": "7.183e-03", "width": "0.0000e+00", "ip": "3.183e-07", "ts": "0", "stretch": "1.1393e+06", "date": "2108-05-19.25", "dist": "0.181", "sigma_lov": "-1.24208", "sigma_imp": "0.000", "ps": "-8.65"}, {"energy": "7.089e-03", "width": "1.9642e-03", "ip": "1.475e-09", "ts": "0", "stretch": "5.7479e+05", "date": "2107-05-19.82", "dist": "0.327", "sigma_lov": "3.68514", "sigma_imp": "0.000", "ps": "-11.0"}, {"energy": "7.109e-03", "width": "0.0000e+00", "ip": "3.990e-08", "ts": "0", "stretch": "3.5575e+05", "date": "2107-05-19.70", "dist": "0.316", "sigma_lov": "2.82020", "sigma_imp": "0.000", "ps": "-9.55"}, {"energy": "7.099e-03", "width": "1.0980e-03", "ip": "2.758e-08", "ts": "0", "stretch": "1.8083e+05", "date": "2107-05-19.42", "dist": "0.461", "sigma_lov": "3.14816", "sigma_imp": "0.000", "ps": "-9.71"}, {"energy": "7.098e-03", "width": "1.1981e-03", "ip": "1.476e-07", "ts": "0", "stretch": "2.9574e+04", "date": "2107-05-19.43", "dist": "0.744", "sigma_lov": "3.09987", "sigma_imp": "0.000", "ps": "-8.98"}, {"energy": "7.102e-03", "width": "1.2028e-03", "ip": "9.193e-08", "ts": "0", "stretch": "8.4073e+04", "date": "2107-05-19.44", "dist": "0.796", "sigma_lov": "2.87557", "sigma_imp": "0.000", "ps": "-9.19"}, {"energy": "7.105e-03", "width": "0.0000e+00", "ip": "1.422e-08", "ts": "0", "stretch": "8.1031e+05", "date": "2107-05-19.43", "dist": "0.507", "sigma_lov": "2.85971", "sigma_imp": "0.000", "ps": "-10.0"}, {"energy": "7.094e-03", "width": "0.0000e+00", "ip": "4.399e-09", "ts": "0", "stretch": "5.2151e+05", "date": "2107-05-19.63", "dist": "0.291", "sigma_lov": "3.40800", "sigma_imp": "0.000", "ps": "-10.5"}, {"energy": "7.095e-03", "width": "1.1318e-03", "ip": "6.270e-08", "ts": "0", "stretch": "4.3038e+04", "date": "2107-05-19.69", "dist": "0.157", "sigma_lov": "3.36946", "sigma_imp": "0.000", "ps": "-9.35"}, {"energy": "7.099e-03", "width": "9.1867e-04", "ip": "1.745e-08", "ts": "0", "stretch": "1.6364e+05", "date": "2107-05-19.49", "dist": "0.449", "sigma_lov": "3.32282", "sigma_imp": "0.000", "ps": "-9.91"}, {"energy": "7.180e-03", "width": "5.5556e-03", "ip": "4.174e-07", "ts": "0", "stretch": "1.3359e+06", "date": "2107-05-19.17", "dist": "0.635", "sigma_lov": "-0.44719", "sigma_imp": "0.000", "ps": "-8.53"}, {"energy": "7.158e-03", "width": "1.1111e-02", "ip": "7.213e-08", "ts": "0", "stretch": "4.5489e+06", "date": "2106-05-26.57", "dist": "0.905", "sigma_lov": "0.26490", "sigma_imp": "0.000", "ps": "-9.29"}, {"energy": "7.186e-03", "width": "0.0000e+00", "ip": "2.365e-07", "ts": "0", "stretch": "2.8610e+06", "date": "2106-05-15.71", "dist": "0.290", "sigma_lov": "-0.49201", "sigma_imp": "0.000", "ps": "-8.77"}, {"energy": "7.184e-03", "width": "9.6226e-03", "ip": "2.892e-07", "ts": "0", "stretch": "1.8007e+06", "date": "2106-05-16.70", "dist": "0.731", "sigma_lov": "-0.29880", "sigma_imp": "0.000", "ps": "-8.68"}, {"energy": "7.203e-03", "width": "0.0000e+00", "ip": "1.022e-07", "ts": "0", "stretch": "4.7222e+06", "date": "2105-05-19.20", "dist": "0.506", "sigma_lov": "-0.84262", "sigma_imp": "0.000", "ps": "-9.13"}, {"energy": "7.208e-03", "width": "1.3889e-03", "ip": "1.055e-06", "ts": "0", "stretch": "2.4628e+05", "date": "2105-05-19.36", "dist": "0.545", "sigma_lov": "-1.37453", "sigma_imp": "0.000", "ps": "-8.11"}, {"energy": "7.208e-03", "width": "9.8210e-04", "ip": "2.516e-06", "ts": "0", "stretch": "1.0498e+05", "date": "2105-05-19.23", "dist": "0.522", "sigma_lov": "-1.37535", "sigma_imp": "0.000", "ps": "-7.74"}, {"energy": "7.208e-03", "width": "1.3222e-03", "ip": "3.205e-06", "ts": "0", "stretch": "8.2249e+04", "date": "2105-05-19.25", "dist": "0.525", "sigma_lov": "-1.37511", "sigma_imp": "0.000", "ps": "-7.63"}, {"energy": "7.206e-03", "width": "1.3889e-03", "ip": "7.290e-07", "ts": "0", "stretch": "3.8765e+05", "date": "2105-05-19.35", "dist": "0.405", "sigma_lov": "-1.37659", "sigma_imp": "0.000", "ps": "-8.27"}, {"energy": "7.199e-03", "width": "0.0000e+00", "ip": "1.193e-07", "ts": "0", "stretch": "2.7852e+06", "date": "2105-05-18.93", "dist": "0.807", "sigma_lov": "-0.83632", "sigma_imp": "0.000", "ps": "-9.06"}, {"energy": "7.201e-03", "width": "0.0000e+00", "ip": "9.476e-08", "ts": "0", "stretch": "1.2934e+06", "date": "2105-05-19.09", "dist": "0.969", "sigma_lov": "-0.98278", "sigma_imp": "0.000", "ps": "-9.16"}, {"energy": "7.123e-03", "width": "2.7778e-03", "ip": "1.244e-09", "ts": "0", "stretch": "1.0636e+06", "date": "2105-05-18.89", "dist": "0.999", "sigma_lov": "2.50400", "sigma_imp": "0.000", "ps": "-11.0"}, {"energy": "7.228e-03", "width": "6.9445e-04", "ip": "9.792e-08", "ts": "0", "stretch": "4.0882e+05", "date": "2104-12-14.31", "dist": "0.746", "sigma_lov": "-2.27376", "sigma_imp": "0.000", "ps": "-9.14"}, {"energy": "7.176e-03", "width": "0.0000e+00", "ip": "8.188e-08", "ts": "0", "stretch": "4.1232e+06", "date": "2104-05-22.15", "dist": "0.891", "sigma_lov": "-0.37895", "sigma_imp": "0.000", "ps": "-9.22"}, {"energy": "7.183e-03", "width": "6.8042e-03", "ip": "4.727e-07", "ts": "0", "stretch": "1.4582e+06", "date": "2104-05-21.80", "dist": "0.408", "sigma_lov": "-0.33285", "sigma_imp": "0.000", "ps": "-8.46"}, {"energy": "7.183e-03", "width": "5.5556e-03", "ip": "3.424e-07", "ts": "0", "stretch": "1.8204e+06", "date": "2104-05-22.10", "dist": "0.454", "sigma_lov": "-0.51285", "sigma_imp": "0.000", "ps": "-8.60"}, {"energy": "7.185e-03", "width": "0.0000e+00", "ip": "1.388e-07", "ts": "0", "stretch": "3.9469e+06", "date": "2104-05-22.09", "dist": "0.529", "sigma_lov": "-0.65015", "sigma_imp": "0.000", "ps": "-8.99"}, {"energy": "7.179e-03", "width": "0.0000e+00", "ip": "5.668e-07", "ts": "0", "stretch": "7.3424e+05", "date": "2104-05-19.37", "dist": "0.314", "sigma_lov": "-1.09403", "sigma_imp": "0.000", "ps": "-8.38"}, {"energy": "7.146e-03", "width": "1.1111e-02", "ip": "9.421e-08", "ts": "0", "stretch": "3.3745e+06", "date": "2104-05-21.53", "dist": "0.026", "sigma_lov": "1.35656", "sigma_imp": "0.000", "ps": "-9.16"}, {"energy": "7.142e-03", "width": "2.7778e-03", "ip": "3.457e-07", "ts": "0", "stretch": "1.2042e+06", "date": "2102-05-17.45", "dist": "0.452", "sigma_lov": "1.03561", "sigma_imp": "0.000", "ps": "-8.59"}, {"energy": "7.163e-03", "width": "0.0000e+00", "ip": "2.048e-08", "ts": "0", "stretch": "3.7466e+07", "date": "2102-05-15.31", "dist": "0.238", "sigma_lov": "0.14487", "sigma_imp": "0.000", "ps": "-9.81"}, {"energy": "7.163e-03", "width": "1.5714e-02", "ip": "1.202e-07", "ts": "0", "stretch": "5.9874e+06", "date": "2102-05-15.83", "dist": "0.412", "sigma_lov": "0.14510", "sigma_imp": "0.000", "ps": "-9.04"}, {"energy": "7.174e-03", "width": "5.5556e-03", "ip": "3.550e-07", "ts": "0", "stretch": "1.9269e+06", "date": "2102-05-15.82", "dist": "0.441", "sigma_lov": "-0.30207", "sigma_imp": "0.000", "ps": "-8.57"}, {"energy": "7.178e-03", "width": "0.0000e+00", "ip": "6.516e-08", "ts": "0", "stretch": "3.4875e+06", "date": "2101-05-19.26", "dist": "0.914", "sigma_lov": "-0.84306", "sigma_imp": "0.000", "ps": "-9.30"}, {"energy": "7.189e-03", "width": "1.3608e-02", "ip": "8.272e-08", "ts": "0", "stretch": "3.5427e+06", "date": "2101-05-18.57", "dist": "0.785", "sigma_lov": "-1.02070", "sigma_imp": "0.000", "ps": "-9.20"}, {"energy": "7.169e-03", "width": "0.0000e+00", "ip": "2.499e-07", "ts": "0", "stretch": "2.7732e+06", "date": "2100-05-22.23", "dist": "0.476", "sigma_lov": "0.15869", "sigma_imp": "0.000", "ps": "-8.71"}, {"energy": "7.183e-03", "width": "0.0000e+00", "ip": "2.812e-07", "ts": "0", "stretch": "2.2993e+06", "date": "2100-05-22.83", "dist": "0.384", "sigma_lov": "-0.51039", "sigma_imp": "0.000", "ps": "-8.66"}, {"energy": "7.178e-03", "width": "6.8042e-03", "ip": "3.439e-07", "ts": "0", "stretch": "2.0565e+06", "date": "2100-05-22.22", "dist": "0.352", "sigma_lov": "-0.33095", "sigma_imp": "0.000", "ps": "-8.58"}, {"energy": "7.186e-03", "width": "1.5714e-02", "ip": "1.204e-07", "ts": "0", "stretch": "5.0929e+06", "date": "2100-05-22.82", "dist": "0.311", "sigma_lov": "-0.65128", "sigma_imp": "0.000", "ps": "-9.03"}, {"energy": "7.134e-03", "width": "0.0000e+00", "ip": "9.808e-08", "ts": "0", "stretch": "4.3989e+05", "date": "2099-05-19.22", "dist": "0.977", "sigma_lov": "1.65999", "sigma_imp": "0.000", "ps": "-9.12"}, {"energy": "7.140e-03", "width": "1.9642e-03", "ip": "2.275e-07", "ts": "0", "stretch": "9.2914e+05", "date": "2099-05-18.88", "dist": "0.760", "sigma_lov": "1.34036", "sigma_imp": "0.000", "ps": "-8.75"}, {"energy": "7.138e-03", "width": "1.3222e-03", "ip": "2.861e-06", "ts": "0", "stretch": "6.4502e+04", "date": "2099-05-18.94", "dist": "0.836", "sigma_lov": "1.31521", "sigma_imp": "0.000", "ps": "-7.65"}, {"energy": "7.140e-03", "width": "9.8210e-04", "ip": "9.296e-07", "ts": "0", "stretch": "1.8519e+05", "date": "2099-05-18.77", "dist": "0.870", "sigma_lov": "1.28652", "sigma_imp": "0.000", "ps": "-8.14"}, {"energy": "7.090e-03", "width": "1.2519e-03", "ip": "8.091e-09", "ts": "0", "stretch": "7.6531e+04", "date": "2099-05-18.72", "dist": "0.759", "sigma_lov": "3.66913", "sigma_imp": "0.000", "ps": "-10.2"}, {"energy": "7.184e-03", "width": "0.0000e+00", "ip": "1.598e-07", "ts": "0", "stretch": "3.4141e+06", "date": "2099-05-18.94", "dist": "0.409", "sigma_lov": "-0.75968", "sigma_imp": "0.000", "ps": "-8.90"}, {"energy": "7.186e-03", "width": "0.0000e+00", "ip": "5.705e-08", "ts": "0", "stretch": "8.4036e+06", "date": "2098-05-21.44", "dist": "0.330", "sigma_lov": "-0.95167", "sigma_imp": "0.000", "ps": "-9.34"}, {"energy": "7.185e-03", "width": "0.0000e+00", "ip": "2.564e-08", "ts": "0", "stretch": "2.7339e+07", "date": "2098-05-14.84", "dist": "0.391", "sigma_lov": "-0.30451", "sigma_imp": "0.000", "ps": "-9.69"}, {"energy": "7.185e-03", "width": "0.0000e+00", "ip": "2.401e-07", "ts": "0", "stretch": "2.8228e+06", "date": "2098-05-14.30", "dist": "0.456", "sigma_lov": "-0.30517", "sigma_imp": "0.000", "ps": "-8.72"}, {"energy": "7.129e-03", "width": "0.0000e+00", "ip": "1.597e-08", "ts": "0", "stretch": "1.3124e+06", "date": "2097-05-18.11", "dist": "0.790", "sigma_lov": "2.50990", "sigma_imp": "0.000", "ps": "-9.89"}, {"energy": "7.204e-03", "width": "0.0000e+00", "ip": "1.368e-07", "ts": "0", "stretch": "3.2694e+06", "date": "2097-05-18.15", "dist": "0.604", "sigma_lov": "-0.83862", "sigma_imp": "0.000", "ps": "-8.96"}, {"energy": "7.202e-03", "width": "0.0000e+00", "ip": "1.624e-07", "ts": "0", "stretch": "1.3756e+06", "date": "2097-05-18.26", "dist": "0.893", "sigma_lov": "-0.97432", "sigma_imp": "0.000", "ps": "-8.88"}, {"energy": "7.202e-03", "width": "1.1111e-02", "ip": "5.757e-08", "ts": "0", "stretch": "3.7433e+06", "date": "2097-05-17.61", "dist": "0.890", "sigma_lov": "-1.02044", "sigma_imp": "0.000", "ps": "-9.33"}, {"energy": "7.202e-03", "width": "5.5556e-03", "ip": "1.030e-08", "ts": "0", "stretch": "3.7075e+06", "date": "2096-12-14.48", "dist": "0.987", "sigma_lov": "-1.52393", "sigma_imp": "0.000", "ps": "-10.1"}, {"energy": "7.210e-03", "width": "0.0000e+00", "ip": "2.292e-07", "ts": "0", "stretch": "8.4899e+05", "date": "2096-12-13.94", "dist": "0.561", "sigma_lov": "-1.56288", "sigma_imp": "0.000", "ps": "-8.73"}, {"energy": "7.160e-03", "width": "0.0000e+00", "ip": "4.389e-07", "ts": "0", "stretch": "8.6920e+05", "date": "2096-05-21.19", "dist": "0.870", "sigma_lov": "0.24955", "sigma_imp": "0.000", "ps": "-8.45"}, {"energy": "7.177e-03", "width": "8.7842e-03", "ip": "3.614e-07", "ts": "0", "stretch": "2.0128e+06", "date": "2096-05-21.82", "dist": "0.272", "sigma_lov": "-0.32805", "sigma_imp": "0.000", "ps": "-8.53"}, {"energy": "7.148e-03", "width": "2.7778e-03", "ip": "2.690e-07", "ts": "0", "stretch": "1.2360e+06", "date": "2096-05-20.93", "dist": "0.736", "sigma_lov": "0.98569", "sigma_imp": "0.000", "ps": "-8.66"}, {"energy": "7.129e-03", "width": "0.0000e+00", "ip": "1.859e-07", "ts": "0", "stretch": "5.7806e+05", "date": "2095-05-19.31", "dist": "0.627", "sigma_lov": "1.87402", "sigma_imp": "0.000", "ps": "-8.82"}, {"energy": "7.140e-03", "width": "2.0833e-03", "ip": "5.480e-07", "ts": "0", "stretch": "2.5031e+05", "date": "2094-05-18.29", "dist": "0.405", "sigma_lov": "1.82817", "sigma_imp": "0.000", "ps": "-8.34"}, {"energy": "7.140e-03", "width": "1.4731e-03", "ip": "5.959e-07", "ts": "0", "stretch": "2.2926e+05", "date": "2094-05-18.26", "dist": "0.440", "sigma_lov": "1.82080", "sigma_imp": "0.000", "ps": "-8.31"}, {"energy": "7.204e-03", "width": "1.9642e-03", "ip": "6.040e-07", "ts": "0", "stretch": "6.8622e+05", "date": "2094-05-18.52", "dist": "0.185", "sigma_lov": "-1.12872", "sigma_imp": "0.000", "ps": "-8.30"}, {"energy": "7.134e-03", "width": "0.0000e+00", "ip": "6.267e-08", "ts": "0", "stretch": "9.3433e+05", "date": "2094-05-18.83", "dist": "0.749", "sigma_lov": "2.09768", "sigma_imp": "0.000", "ps": "-9.28"}, {"energy": "7.219e-03", "width": "2.8128e-04", "ip": "4.093e-07", "ts": "0", "stretch": "3.4006e+04", "date": "2093-12-14.00", "dist": "0.983", "sigma_lov": "-2.16611", "sigma_imp": "0.000", "ps": "-8.46"}, {"energy": "7.219e-03", "width": "2.5308e-04", "ip": "2.013e-07", "ts": "0", "stretch": "3.4851e+04", "date": "2093-12-13.75", "dist": "0.995", "sigma_lov": "-2.21180", "sigma_imp": "0.000", "ps": "-8.77"}, {"energy": "7.185e-03", "width": "0.0000e+00", "ip": "3.224e-08", "ts": "0", "stretch": "5.3072e+06", "date": "2093-05-19.01", "dist": "0.951", "sigma_lov": "-0.85506", "sigma_imp": "0.000", "ps": "-9.57"}, {"energy": "7.162e-03", "width": "1.1111e-02", "ip": "1.463e-07", "ts": "0", "stretch": "4.9127e+06", "date": "2092-05-23.13", "dist": "0.411", "sigma_lov": "0.15482", "sigma_imp": "0.000", "ps": "-8.90"}, {"energy": "7.219e-03", "width": "0.0000e+00", "ip": "6.602e-09", "ts": "0", "stretch": "8.1250e+06", "date": "2091-12-13.69", "dist": "0.315", "sigma_lov": "-2.30063", "sigma_imp": "0.000", "ps": "-10.2"}, {"energy": "7.219e-03", "width": "0.0000e+00", "ip": "1.764e-08", "ts": "0", "stretch": "3.0599e+06", "date": "2091-12-13.95", "dist": "0.297", "sigma_lov": "-2.30046", "sigma_imp": "0.000", "ps": "-9.82"}, {"energy": "7.110e-03", "width": "0.0000e+00", "ip": "2.704e-08", "ts": "0", "stretch": "1.5587e+06", "date": "2091-05-18.90", "dist": "0.240", "sigma_lov": "2.41302", "sigma_imp": "0.000", "ps": "-9.63"}, {"energy": "7.125e-03", "width": "0.0000e+00", "ip": "7.740e-08", "ts": "0", "stretch": "8.0227e+05", "date": "2091-05-19.25", "dist": "0.893", "sigma_lov": "1.87274", "sigma_imp": "0.000", "ps": "-9.18"}, {"energy": "7.069e-03", "width": "1.2028e-03", "ip": "4.680e-10", "ts": "0", "stretch": "2.2437e+04", "date": "2091-05-18.06", "dist": "0.815", "sigma_lov": "4.62419", "sigma_imp": "0.000", "ps": "-11.4"}, {"energy": "7.069e-03", "width": "1.1823e-03", "ip": "4.528e-10", "ts": "0", "stretch": "2.0813e+04", "date": "2091-05-18.06", "dist": "0.817", "sigma_lov": "4.64650", "sigma_imp": "0.000", "ps": "-11.4"}, {"energy": "7.169e-03", "width": "0.0000e+00", "ip": "2.124e-07", "ts": "0", "stretch": "3.5792e+06", "date": "2090-05-11.85", "dist": "0.112", "sigma_lov": "0.29013", "sigma_imp": "0.000", "ps": "-8.73"}, {"energy": "7.203e-03", "width": "0.0000e+00", "ip": "1.019e-07", "ts": "0", "stretch": "2.7096e+06", "date": "2089-05-17.79", "dist": "0.813", "sigma_lov": "-1.01912", "sigma_imp": "0.000", "ps": "-9.04"}, {"energy": "7.169e-03", "width": "3.9284e-03", "ip": "3.678e-07", "ts": "0", "stretch": "1.6638e+06", "date": "2088-05-23.25", "dist": "0.609", "sigma_lov": "0.26048", "sigma_imp": "0.000", "ps": "-8.48"}, {"energy": "7.176e-03", "width": "7.8568e-03", "ip": "3.126e-07", "ts": "0", "stretch": "2.5208e+06", "date": "2087-05-14.42", "dist": "0.065", "sigma_lov": "0.14578", "sigma_imp": "0.000", "ps": "-8.54"}, {"energy": "7.202e-03", "width": "3.1427e-02", "ip": "3.149e-08", "ts": "0", "stretch": "1.4258e+07", "date": "2086-05-19.12", "dist": "0.215", "sigma_lov": "-1.04927", "sigma_imp": "0.000", "ps": "-9.53"}, {"energy": "7.141e-03", "width": "0.0000e+00", "ip": "2.442e-07", "ts": "0", "stretch": "1.9387e+06", "date": "2084-05-23.25", "dist": "0.226", "sigma_lov": "0.99625", "sigma_imp": "0.000", "ps": "-8.63"}, {"energy": "7.135e-03", "width": "1.3889e-03", "ip": "3.503e-07", "ts": "0", "stretch": "3.5868e+05", "date": "2083-05-19.00", "dist": "0.437", "sigma_lov": "1.86712", "sigma_imp": "0.000", "ps": "-8.47"}, {"energy": "7.136e-03", "width": "0.0000e+00", "ip": "2.121e-07", "ts": "0", "stretch": "5.9309e+05", "date": "2083-05-18.67", "dist": "0.486", "sigma_lov": "1.85069", "sigma_imp": "0.000", "ps": "-8.69"}, {"energy": "7.191e-03", "width": "3.1427e-02", "ip": "5.329e-08", "ts": "0", "stretch": "8.1183e+06", "date": "2083-05-18.36", "dist": "0.684", "sigma_lov": "-0.77001", "sigma_imp": "0.000", "ps": "-9.29"}, {"energy": "7.136e-03", "width": "6.9445e-04", "ip": "5.182e-07", "ts": "0", "stretch": "2.4441e+05", "date": "2083-05-18.43", "dist": "0.623", "sigma_lov": "1.78606", "sigma_imp": "0.000", "ps": "-8.30"}, {"energy": "7.221e-03", "width": "6.9445e-04", "ip": "1.125e-07", "ts": "0", "stretch": "5.0310e+05", "date": "2081-12-13.57", "dist": "0.291", "sigma_lov": "-2.28058", "sigma_imp": "0.000", "ps": "-8.95"}, {"energy": "7.220e-03", "width": "1.3889e-03", "ip": "5.876e-08", "ts": "0", "stretch": "9.4148e+05", "date": "2077-12-13.44", "dist": "0.285", "sigma_lov": "-2.29128", "sigma_imp": "0.000", "ps": "-9.20"}, {"energy": "7.199e-03", "width": "4.9105e-04", "ip": "1.218e-06", "ts": "0", "stretch": "9.9080e+04", "date": "2077-12-14.67", "dist": "0.905", "sigma_lov": "-1.43916", "sigma_imp": "0.000", "ps": "-7.89"}, {"energy": "7.209e-03", "width": "0.0000e+00", "ip": "1.742e-07", "ts": "0", "stretch": "1.1864e+06", "date": "2073-12-14.17", "dist": "0.468", "sigma_lov": "-1.56622", "sigma_imp": "0.000", "ps": "-8.70"}, {"energy": "7.207e-03", "width": "0.0000e+00", "ip": "9.683e-08", "ts": "0", "stretch": "4.2295e+06", "date": "2070-05-18.34", "dist": "0.112", "sigma_lov": "-1.14910", "sigma_imp": "0.000", "ps": "-8.93"}, {"energy": "7.208e-03", "width": "3.9284e-03", "ip": "2.221e-07", "ts": "0", "stretch": "1.3643e+06", "date": "2070-05-18.04", "dist": "0.677", "sigma_lov": "-1.14968", "sigma_imp": "0.000", "ps": "-8.57"}, {"energy": "7.208e-03", "width": "0.0000e+00", "ip": "6.160e-08", "ts": "0", "stretch": "3.4645e+06", "date": "2069-12-14.05", "dist": "0.397", "sigma_lov": "-1.56976", "sigma_imp": "0.000", "ps": "-9.12"}, {"energy": "7.108e-03", "width": "2.4552e-04", "ip": "9.689e-08", "ts": "0", "stretch": "6.9261e+04", "date": "2067-12-11.63", "dist": "0.979", "sigma_lov": "2.52693", "sigma_imp": "0.000", "ps": "-8.91"}, {"energy": "7.107e-03", "width": "2.4552e-04", "ip": "1.299e-07", "ts": "0", "stretch": "1.4866e+05", "date": "2067-12-11.53", "dist": "0.517", "sigma_lov": "2.67062", "sigma_imp": "0.000", "ps": "-8.79"}, {"energy": "7.216e-03", "width": "2.3773e-04", "ip": "4.645e-07", "ts": "0", "stretch": "4.2628e+04", "date": "2066-12-13.67", "dist": "0.913", "sigma_lov": "-2.36669", "sigma_imp": "0.000", "ps": "-8.22"}, {"energy": "7.121e-03", "width": "0.0000e+00", "ip": "3.695e-08", "ts": "0", "stretch": "2.6210e+05", "date": "2063-12-11.36", "dist": "0.898", "sigma_lov": "2.67974", "sigma_imp": "0.000", "ps": "-9.30"}, {"energy": "7.211e-03", "width": "3.4722e-04", "ip": "3.192e-07", "ts": "0", "stretch": "2.9905e+05", "date": "2062-12-13.93", "dist": "0.730", "sigma_lov": "-1.86667", "sigma_imp": "0.000", "ps": "-8.35"}, {"energy": "7.218e-03", "width": "2.6334e-04", "ip": "1.747e-05", "ts": "0", "stretch": "3.1080e+03", "date": "2062-12-13.68", "dist": "0.152", "sigma_lov": "-2.31268", "sigma_imp": "0.000", "ps": "-6.61"}, {"energy": "7.206e-03", "width": "0.0000e+00", "ip": "2.388e-07", "ts": "0", "stretch": "8.7794e+05", "date": "2058-12-14.29", "dist": "0.406", "sigma_lov": "-1.57842", "sigma_imp": "0.000", "ps": "-8.43"}, {"energy": "7.212e-03", "width": "2.8790e-04", "ip": "7.915e-06", "ts": "0", "stretch": "1.1579e+04", "date": "2058-12-13.98", "dist": "0.765", "sigma_lov": "-1.85591", "sigma_imp": "0.000", "ps": "-6.91"}, {"energy": "7.127e-03", "width": "4.5933e-04", "ip": "2.200e-07", "ts": "0", "stretch": "1.1566e+05", "date": "2055-12-11.03", "dist": "0.728", "sigma_lov": "2.47730", "sigma_imp": "0.000", "ps": "-8.44"}, {"energy": "7.198e-03", "width": "0.0000e+00", "ip": "9.412e-07", "ts": "0", "stretch": "4.2039e+05", "date": "2055-12-10.86", "dist": "0.715", "sigma_lov": "-0.82779", "sigma_imp": "0.000", "ps": "-7.81"}, {"energy": "7.121e-03", "width": "0.0000e+00", "ip": "3.621e-08", "ts": "0", "stretch": "4.8276e+05", "date": "2055-12-10.60", "dist": "0.568", "sigma_lov": "2.69288", "sigma_imp": "0.000", "ps": "-9.22"}, {"energy": "7.205e-03", "width": "3.9423e-04", "ip": "1.003e-05", "ts": "0", "stretch": "2.2250e+04", "date": "2054-12-14.31", "dist": "0.258", "sigma_lov": "-1.57389", "sigma_imp": "0.000", "ps": "-6.77"}, {"energy": "7.199e-03", "width": "5.2444e-04", "ip": "3.956e-06", "ts": "0", "stretch": "4.7436e+04", "date": "2050-12-14.85", "dist": "0.762", "sigma_lov": "-1.42231", "sigma_imp": "0.000", "ps": "-7.12"}, {"energy": "7.167e-03", "width": "0.0000e+00", "ip": "1.110e-07", "ts": "0", "stretch": "6.8029e+06", "date": "2112-05-13.83", "dist": "0.156", "sigma_lov": "0.29554", "sigma_imp": "0.000", "ps": "-9.13"}, {"energy": "7.111e-03", "width": "1.2992e-03", "ip": "1.980e-08", "ts": "0", "stretch": "1.8184e+05", "date": "2111-05-19.46", "dist": "0.826", "sigma_lov": "3.10756", "sigma_imp": "0.000", "ps": "-9.87"}, {"energy": "7.104e-03", "width": "1.1184e-03", "ip": "2.855e-08", "ts": "0", "stretch": "4.6609e+04", "date": "2111-05-19.75", "dist": "0.839", "sigma_lov": "3.40238", "sigma_imp": "0.000", "ps": "-9.71"}, {"energy": "7.176e-03", "width": "0.0000e+00", "ip": "7.973e-07", "ts": "0", "stretch": "9.3588e+05", "date": "2112-05-21.29", "dist": "0.140", "sigma_lov": "-0.33768", "sigma_imp": "0.000", "ps": "-8.27"}, {"energy": "7.176e-03", "width": "0.0000e+00", "ip": "1.675e-07", "ts": "0", "stretch": "3.3222e+06", "date": "2112-05-21.42", "dist": "0.510", "sigma_lov": "-0.64788", "sigma_imp": "0.000", "ps": "-8.95"}, {"energy": "7.173e-03", "width": "0.0000e+00", "ip": "1.526e-07", "ts": "0", "stretch": "4.7018e+06", "date": "2113-05-23.55", "dist": "0.415", "sigma_lov": "0.15599", "sigma_imp": "0.000", "ps": "-8.99"}, {"energy": "7.171e-03", "width": "0.0000e+00", "ip": "3.077e-08", "ts": "0", "stretch": "2.5190e+07", "date": "2113-05-23.33", "dist": "0.196", "sigma_lov": "0.15655", "sigma_imp": "0.000", "ps": "-9.69"}, {"energy": "7.153e-03", "width": "0.0000e+00", "ip": "1.920e-07", "ts": "0", "stretch": "1.6451e+06", "date": "2113-05-23.07", "dist": "0.763", "sigma_lov": "0.99069", "sigma_imp": "0.000", "ps": "-8.89"}, {"energy": "7.176e-03", "width": "0.0000e+00", "ip": "2.773e-08", "ts": "0", "stretch": "1.6645e+07", "date": "2113-05-23.32", "dist": "0.794", "sigma_lov": "-0.32787", "sigma_imp": "0.000", "ps": "-9.73"}, {"energy": "7.179e-03", "width": "0.0000e+00", "ip": "1.922e-07", "ts": "0", "stretch": "3.0836e+06", "date": "2113-05-23.53", "dist": "0.621", "sigma_lov": "-0.32703", "sigma_imp": "0.000", "ps": "-8.89"}, {"energy": "7.183e-03", "width": "0.0000e+00", "ip": "6.754e-09", "ts": "0", "stretch": "2.5258e+07", "date": "2113-05-23.33", "dist": "0.976", "sigma_lov": "-0.32640", "sigma_imp": "0.000", "ps": "-10.3"}, {"energy": "7.151e-03", "width": "0.0000e+00", "ip": "7.076e-08", "ts": "0", "stretch": "3.6297e+06", "date": "2114-05-19.36", "dist": "0.911", "sigma_lov": "0.70652", "sigma_imp": "0.000", "ps": "-9.33"}, {"energy": "7.204e-03", "width": "0.0000e+00", "ip": "2.635e-08", "ts": "0", "stretch": "1.7159e+07", "date": "2114-05-19.83", "dist": "0.317", "sigma_lov": "-1.01452", "sigma_imp": "0.000", "ps": "-9.76"}, {"energy": "7.182e-03", "width": "0.0000e+00", "ip": "6.183e-08", "ts": "0", "stretch": "3.8613e+06", "date": "2114-05-17.31", "dist": "0.947", "sigma_lov": "-0.38840", "sigma_imp": "0.000", "ps": "-9.39"}, {"energy": "7.185e-03", "width": "0.0000e+00", "ip": "5.013e-08", "ts": "0", "stretch": "8.0336e+06", "date": "2114-05-21.21", "dist": "0.677", "sigma_lov": "-0.86859", "sigma_imp": "0.000", "ps": "-9.48"}, {"energy": "7.134e-03", "width": "0.0000e+00", "ip": "1.989e-09", "ts": "0", "stretch": "1.0565e+08", "date": "2115-05-15.89", "dist": "0.747", "sigma_lov": "1.37198", "sigma_imp": "0.000", "ps": "-10.9"}, {"energy": "7.122e-03", "width": "1.9642e-03", "ip": "3.708e-08", "ts": "0", "stretch": "5.3230e+05", "date": "2116-05-17.03", "dist": "0.640", "sigma_lov": "2.62148", "sigma_imp": "0.000", "ps": "-9.62"}, {"energy": "7.123e-03", "width": "1.3889e-03", "ip": "5.604e-08", "ts": "0", "stretch": "3.7960e+05", "date": "2116-05-17.06", "dist": "0.635", "sigma_lov": "2.59457", "sigma_imp": "0.000", "ps": "-9.44"}, {"energy": "7.192e-03", "width": "7.8568e-03", "ip": "1.679e-07", "ts": "0", "stretch": "3.0227e+06", "date": "2116-05-21.30", "dist": "0.620", "sigma_lov": "-0.64717", "sigma_imp": "0.000", "ps": "-8.96"}, {"energy": "7.153e-03", "width": "0.0000e+00", "ip": "1.367e-07", "ts": "0", "stretch": "2.2097e+06", "date": "2116-05-21.26", "dist": "0.322", "sigma_lov": "1.35422", "sigma_imp": "0.000", "ps": "-9.05"}, {"energy": "7.144e-03", "width": "1.3889e-03", "ip": "2.496e-07", "ts": "0", "stretch": "3.9000e+05", "date": "2116-05-21.35", "dist": "0.871", "sigma_lov": "1.66894", "sigma_imp": "0.000", "ps": "-8.79"}, {"energy": "7.161e-03", "width": "3.1427e-02", "ip": "5.675e-08", "ts": "0", "stretch": "8.5991e+06", "date": "2116-05-21.29", "dist": "0.333", "sigma_lov": "0.93196", "sigma_imp": "0.000", "ps": "-9.44"}, {"energy": "7.186e-03", "width": "2.7778e-03", "ip": "6.040e-07", "ts": "0", "stretch": "1.2452e+06", "date": "2116-05-21.21", "dist": "0.049", "sigma_lov": "-0.34019", "sigma_imp": "0.000", "ps": "-8.41"}, {"energy": "7.189e-03", "width": "0.0000e+00", "ip": "3.396e-07", "ts": "0", "stretch": "1.4715e+06", "date": "2116-05-21.32", "dist": "0.697", "sigma_lov": "-0.51917", "sigma_imp": "0.000", "ps": "-8.66"}, {"energy": "7.174e-03", "width": "5.1968e-03", "ip": "6.325e-07", "ts": "0", "stretch": "9.6438e+05", "date": "2116-05-21.23", "dist": "0.632", "sigma_lov": "0.16738", "sigma_imp": "0.000", "ps": "-8.39"}, {"energy": "7.230e-03", "width": "1.0417e-03", "ip": "5.172e-07", "ts": "0", "stretch": "9.2565e+04", "date": "2116-05-21.27", "dist": "0.227", "sigma_lov": "-2.36024", "sigma_imp": "0.000", "ps": "-8.47"}, {"energy": "7.189e-03", "width": "0.0000e+00", "ip": "2.442e-07", "ts": "0", "stretch": "2.8214e+06", "date": "2116-05-21.36", "dist": "0.376", "sigma_lov": "-0.37592", "sigma_imp": "0.000", "ps": "-8.80"}]}