{"summary": {"energy": "3.540e-03", "darc": "34.077 days", "ip": "1.440857e-06", "h": "28.94", "nobs": "38", "mass": "2.28e+05", "v_inf": "2.55", "first_obs": "2015-Aug-12.32827", "method": "LOV", "pdate": "2017-04-12 20:48:34", "ndop": "0", "cdate": "2017-04-12 20:48:34", "ps_cum": "-8.10", "diameter": "0.0055", "ndel": "0", "v_imp": "11.43", "ps_max": "-8.18", "last_obs": "2015-Sep-15.405324", "fullname": "(2015 PS228)", "n_imp": "3", "ts_max": "0", "nsat": "0", "des": "2015 PS228"}, "signature": {"source": "NASA/JPL Sentry Data API", "version": "1.1"}, "data": [{"energy": "3.551e-03", "width": "4.4445e-02", "ip": "6.957e-09", "ts": "0", "stretch": "5.4457e+06", "date": "2115-03-20.34", "dist": "0.652", "sigma_lov": "2.35151", "sigma_imp": "0.000", "ps": "-10.6"}, {"energy": "3.540e-03", "width": "3.9284e-03", "ip": "3.059e-07", "ts": "0", "stretch": "6.6699e+05", "date": "2102-04-18.29", "dist": "0.525", "sigma_lov": "-1.54841", "sigma_imp": "0.000", "ps": "-8.88"}, {"energy": "3.540e-03", "width": "1.3889e-03", "ip": "1.128e-06", "ts": "0", "stretch": "6.1055e+04", "date": "2080-03-11.33", "dist": "0.693", "sigma_lov": "-2.05758", "sigma_imp": "0.000", "ps": "-8.18"}]}