{"summary": {"energy": "7.896e-01", "darc": "2.4735 days", "ip": "6.4514e-07", "h": "25.66", "nobs": "49", "mass": "2.13e+07", "v_inf": "13.70", "first_obs": "2015-Feb-13.30705", "method": "LOV", "pdate": "2017-04-15 10:10:47", "ndop": "0", "cdate": "2017-04-15 10:10:47", "ps_cum": "-6.63", "diameter": "0.025", "ndel": "0", "v_imp": "17.66", "ps_max": "-7.02", "last_obs": "2015-Feb-15.780574", "fullname": "(2015 CL13)", "n_imp": "4", "ts_max": "0", "nsat": "0", "des": "2015 CL13"}, "signature": {"source": "NASA/JPL Sentry Data API", "version": "1.1"}, "data": [{"energy": "7.804e-01", "width": "7.5955e-04", "ip": "7.543e-08", "ts": "0", "stretch": "5.0537e+03", "date": "2106-02-16.64", "dist": "0.874", "sigma_lov": "3.72517", "sigma_imp": "0.000", "ps": "-7.63"}, {"energy": "7.896e-01", "width": "1.5714e-02", "ip": "8.931e-08", "ts": "0", "stretch": "4.3061e+06", "date": "2106-02-16.63", "dist": "0.837", "sigma_lov": "-0.50266", "sigma_imp": "0.000", "ps": "-7.56"}, {"energy": "7.891e-01", "width": "5.5556e-03", "ip": "2.265e-07", "ts": "0", "stretch": "1.7921e+06", "date": "2090-02-15.66", "dist": "0.711", "sigma_lov": "-0.80303", "sigma_imp": "0.000", "ps": "-7.07"}, {"energy": "7.928e-01", "width": "9.8210e-04", "ip": "2.539e-07", "ts": "0", "stretch": "2.5593e+05", "date": "2090-02-15.67", "dist": "0.421", "sigma_lov": "-2.19537", "sigma_imp": "0.000", "ps": "-7.02"}]}