{"summary": {"energy": "2.117e+03", "darc": "2.8871 days", "ip": "2.43717e-08", "h": "19.90", "nobs": "6", "mass": "6.06e+10", "v_inf": "13.01", "first_obs": "2015-Jan-25.59906", "method": "LOV", "pdate": "2017-04-07 23:58:52", "ndop": "0", "cdate": "2017-04-07 23:58:52", "ps_cum": "-4.68", "diameter": "0.35", "ndel": "0", "v_imp": "17.13", "ps_max": "-5.05", "last_obs": "2015-Jan-28.486165", "fullname": "(2015 BS516)", "n_imp": "32", "ts_max": "0", "nsat": "0", "des": "2015 BS516"}, "signature": {"source": "NASA/JPL Sentry Data API", "version": "1.1"}, "data": [{"energy": "2.119e+03", "width": "7.5556e+02", "ip": "1.020e-09", "ts": "0", "stretch": "4.0143e+05", "date": "2111-09-17.34", "dist": "95.402", "sigma_lov": "-0.97183", "sigma_imp": "0.125", "ps": "-6.78"}, {"energy": "2.116e+03", "width": "2.1464e+02", "ip": "4.636e-10", "ts": "0", "stretch": "2.6438e+06", "date": "2108-09-18.18", "dist": "140.959", "sigma_lov": "-0.92374", "sigma_imp": "0.652", "ps": "-7.11"}, {"energy": "2.120e+03", "width": "3.3892e+02", "ip": "1.236e-10", "ts": "0", "stretch": "6.2283e+06", "date": "2099-09-15.72", "dist": "191.912", "sigma_lov": "-0.99032", "sigma_imp": "0.563", "ps": "-7.64"}, {"energy": "2.120e+03", "width": "2.9382e+02", "ip": "1.517e-10", "ts": "0", "stretch": "5.8045e+06", "date": "2099-09-15.84", "dist": "172.558", "sigma_lov": "-0.98646", "sigma_imp": "0.584", "ps": "-7.55"}, {"energy": "2.117e+03", "width": "2.7187e+02", "ip": "3.449e-10", "ts": "0", "stretch": "3.3871e+06", "date": "2097-09-16.44", "dist": "3.957", "sigma_lov": "-0.95278", "sigma_imp": "0.011", "ps": "-7.18"}, {"energy": "2.120e+03", "width": "2.8907e+02", "ip": "5.858e-10", "ts": "0", "stretch": "1.5547e+06", "date": "2096-09-15.16", "dist": "161.791", "sigma_lov": "-0.98470", "sigma_imp": "0.556", "ps": "-6.95"}, {"energy": "2.117e+03", "width": "2.0530e+02", "ip": "3.455e-10", "ts": "0", "stretch": "3.1909e+06", "date": "2095-09-18.20", "dist": "177.677", "sigma_lov": "-0.91450", "sigma_imp": "0.861", "ps": "-7.17"}, {"energy": "2.120e+03", "width": "2.2187e+02", "ip": "2.880e-10", "ts": "0", "stretch": "4.1584e+06", "date": "2088-09-15.42", "dist": "124.252", "sigma_lov": "-0.97524", "sigma_imp": "0.556", "ps": "-7.21"}, {"energy": "2.120e+03", "width": "4.4060e+02", "ip": "1.820e-10", "ts": "0", "stretch": "3.6923e+06", "date": "2088-09-15.36", "dist": "134.600", "sigma_lov": "-0.97731", "sigma_imp": "0.303", "ps": "-7.41"}, {"energy": "2.116e+03", "width": "2.0214e+02", "ip": "3.709e-10", "ts": "0", "stretch": "3.2494e+06", "date": "2085-09-17.55", "dist": "155.815", "sigma_lov": "-0.91873", "sigma_imp": "0.766", "ps": "-7.08"}, {"energy": "2.115e+03", "width": "2.5038e+02", "ip": "3.262e-10", "ts": "0", "stretch": "3.6771e+06", "date": "2083-09-17.65", "dist": "98.634", "sigma_lov": "-0.92979", "sigma_imp": "0.390", "ps": "-7.13"}, {"energy": "2.120e+03", "width": "3.3388e+02", "ip": "2.263e-10", "ts": "0", "stretch": "3.9360e+06", "date": "2077-09-15.80", "dist": "103.885", "sigma_lov": "-0.97058", "sigma_imp": "0.308", "ps": "-7.24"}, {"energy": "2.117e+03", "width": "2.4630e+02", "ip": "5.985e-10", "ts": "0", "stretch": "2.0904e+06", "date": "2073-09-16.98", "dist": "75.166", "sigma_lov": "-0.93548", "sigma_imp": "0.301", "ps": "-6.79"}, {"energy": "2.117e+03", "width": "2.6016e+02", "ip": "9.805e-10", "ts": "0", "stretch": "1.2277e+06", "date": "2068-09-16.64", "dist": "62.101", "sigma_lov": "-0.93756", "sigma_imp": "0.235", "ps": "-6.54"}, {"energy": "2.114e+03", "width": "2.0847e+02", "ip": "5.202e-10", "ts": "0", "stretch": "1.9736e+06", "date": "2067-09-18.31", "dist": "194.494", "sigma_lov": "-0.90932", "sigma_imp": "0.928", "ps": "-6.80"}, {"energy": "2.118e+03", "width": "2.4152e+02", "ip": "1.020e-09", "ts": "0", "stretch": "1.2223e+06", "date": "2060-09-16.89", "dist": "93.928", "sigma_lov": "-0.92913", "sigma_imp": "0.385", "ps": "-6.45"}, {"energy": "2.118e+03", "width": "2.0485e+02", "ip": "3.326e-10", "ts": "0", "stretch": "4.3601e+06", "date": "2060-09-16.83", "dist": "85.611", "sigma_lov": "-0.93095", "sigma_imp": "0.413", "ps": "-6.93"}, {"energy": "2.119e+03", "width": "3.3568e+02", "ip": "6.158e-10", "ts": "0", "stretch": "1.3233e+06", "date": "2059-09-15.91", "dist": "165.280", "sigma_lov": "-0.98191", "sigma_imp": "0.489", "ps": "-6.65"}, {"energy": "2.119e+03", "width": "2.9321e+02", "ip": "2.110e-10", "ts": "0", "stretch": "4.1053e+06", "date": "2059-09-15.79", "dist": "181.800", "sigma_lov": "-0.98527", "sigma_imp": "0.617", "ps": "-7.12"}, {"energy": "2.116e+03", "width": "2.0902e+02", "ip": "6.404e-10", "ts": "0", "stretch": "1.7244e+06", "date": "2057-09-17.70", "dist": "176.694", "sigma_lov": "-0.91188", "sigma_imp": "0.841", "ps": "-6.62"}, {"energy": "2.116e+03", "width": "3.2397e+02", "ip": "7.800e-10", "ts": "0", "stretch": "1.1748e+06", "date": "2056-09-15.55", "dist": "103.393", "sigma_lov": "-0.96998", "sigma_imp": "0.316", "ps": "-6.52"}, {"energy": "2.117e+03", "width": "2.1063e+02", "ip": "3.414e-10", "ts": "0", "stretch": "3.6869e+06", "date": "2056-09-15.44", "dist": "119.455", "sigma_lov": "-0.97329", "sigma_imp": "0.562", "ps": "-6.88"}, {"energy": "2.117e+03", "width": "2.7497e+02", "ip": "8.595e-10", "ts": "0", "stretch": "1.3341e+06", "date": "2053-09-16.30", "dist": "31.136", "sigma_lov": "-0.95368", "sigma_imp": "0.110", "ps": "-6.44"}, {"energy": "2.117e+03", "width": "2.0837e+02", "ip": "7.303e-10", "ts": "0", "stretch": "1.5987e+06", "date": "2052-09-17.38", "dist": "162.198", "sigma_lov": "-0.91373", "sigma_imp": "0.774", "ps": "-6.50"}, {"energy": "2.116e+03", "width": "2.3823e+02", "ip": "7.496e-10", "ts": "0", "stretch": "1.7522e+06", "date": "2050-09-17.13", "dist": "58.475", "sigma_lov": "-0.93658", "sigma_imp": "0.241", "ps": "-6.47"}, {"energy": "2.117e+03", "width": "2.8954e+02", "ip": "1.073e-09", "ts": "0", "stretch": "9.7826e+05", "date": "2048-09-15.75", "dist": "76.039", "sigma_lov": "-0.96297", "sigma_imp": "0.259", "ps": "-6.28"}, {"energy": "2.117e+03", "width": "2.6895e+02", "ip": "3.694e-10", "ts": "0", "stretch": "3.0172e+06", "date": "2048-09-15.70", "dist": "82.392", "sigma_lov": "-0.96429", "sigma_imp": "0.303", "ps": "-6.75"}, {"energy": "2.114e+03", "width": "2.0795e+02", "ip": "1.371e-09", "ts": "0", "stretch": "9.9674e+05", "date": "2037-09-17.25", "dist": "109.311", "sigma_lov": "-0.92433", "sigma_imp": "0.521", "ps": "-5.99"}, {"energy": "2.118e+03", "width": "2.7334e+02", "ip": "1.254e-09", "ts": "0", "stretch": "8.6657e+05", "date": "2035-09-16.40", "dist": "91.203", "sigma_lov": "-0.96485", "sigma_imp": "0.330", "ps": "-5.98"}, {"energy": "2.115e+03", "width": "2.1013e+02", "ip": "1.767e-09", "ts": "0", "stretch": "8.1845e+05", "date": "2032-09-16.76", "dist": "75.035", "sigma_lov": "-0.93168", "sigma_imp": "0.352", "ps": "-5.76"}, {"energy": "2.117e+03", "width": "2.1752e+02", "ip": "2.539e-09", "ts": "0", "stretch": "5.7922e+05", "date": "2027-09-17.07", "dist": "8.815", "sigma_lov": "-0.94452", "sigma_imp": "0.036", "ps": "-5.43"}, {"energy": "2.120e+03", "width": "2.3348e+02", "ip": "3.190e-09", "ts": "0", "stretch": "3.4749e+05", "date": "2022-09-15.83", "dist": "141.647", "sigma_lov": "-0.97437", "sigma_imp": "0.602", "ps": "-5.05"}]}