{"summary": {"energy": "6.123e-03", "darc": ".13181 days", "ip": "8.33024192e-05", "h": "29.33", "nobs": "9", "mass": "1.37e+05", "v_inf": "14.95", "first_obs": "2015-Feb-19.22291", "method": "LOV", "pdate": "2017-04-06 15:12:01", "ndop": "0", "cdate": "2017-04-06 15:12:01", "ps_cum": "-5.83", "diameter": "0.00462642813619511", "ndel": "0", "v_imp": "18.71", "ps_max": "-6.66", "last_obs": "2015-Feb-19.35472", "fullname": "(2015 DQ224)", "n_imp": "191", "ts_max": "0", "nsat": "0", "des": "2015 DQ224"}, "signature": {"source": "NASA/JPL Sentry Data API", "version": "1.1"}, "data": [{"energy": "4.507e-03", "width": "5.0786e-01", "ip": "8.812e-08", "ts": "0", "stretch": "6.4570e+06", "date": "2048-02-18.37", "dist": "0.343", "sigma_lov": "-0.37793", "sigma_imp": "0.000", "ps": "-8.90"}, {"energy": "6.379e-03", "width": "8.9504e-01", "ip": "7.268e-08", "ts": "0", "stretch": "4.2671e+06", "date": "2048-02-18.48", "dist": "0.912", "sigma_lov": "0.34911", "sigma_imp": "0.000", "ps": "-8.86"}, {"energy": "3.347e-03", "width": "5.4465e-01", "ip": "3.703e-07", "ts": "0", "stretch": "9.0793e+05", "date": "2048-02-18.24", "dist": "0.377", "sigma_lov": "-1.05126", "sigma_imp": "0.000", "ps": "-8.38"}, {"energy": "1.260e-03", "width": "4.0364e-01", "ip": "1.179e-08", "ts": "0", "stretch": "3.5020e+04", "date": "2048-02-17.84", "dist": "0.799", "sigma_lov": "-3.70653", "sigma_imp": "0.000", "ps": "-10.2"}, {"energy": "3.562e-03", "width": "5.3259e-01", "ip": "9.321e-08", "ts": "0", "stretch": "4.1115e+06", "date": "2047-02-18.04", "dist": "0.414", "sigma_lov": "-0.90279", "sigma_imp": "0.000", "ps": "-8.94"}, {"energy": "4.160e-03", "width": "4.9694e-01", "ip": "1.366e-07", "ts": "0", "stretch": "3.8377e+06", "date": "2047-02-18.11", "dist": "0.360", "sigma_lov": "-0.55024", "sigma_imp": "0.000", "ps": "-8.72"}, {"energy": "1.831e-02", "width": "5.9304e-01", "ip": "2.212e-09", "ts": "0", "stretch": "1.8910e+05", "date": "2047-02-18.44", "dist": "2.324", "sigma_lov": "2.26242", "sigma_imp": "2.233", "ps": "-10.0"}, {"energy": "4.486e-03", "width": "4.8669e-01", "ip": "7.699e-08", "ts": "0", "stretch": "2.9947e+06", "date": "2047-02-18.12", "dist": "1.054", "sigma_lov": "-0.38555", "sigma_imp": "0.110", "ps": "-8.94"}, {"energy": "2.796e-03", "width": "4.6095e-01", "ip": "1.394e-09", "ts": "0", "stretch": "1.0231e+06", "date": "2047-02-17.95", "dist": "2.052", "sigma_lov": "-1.47830", "sigma_imp": "2.282", "ps": "-10.9"}, {"energy": "2.760e-03", "width": "4.8565e-01", "ip": "1.489e-06", "ts": "0", "stretch": "7.5019e+04", "date": "2047-02-17.95", "dist": "0.876", "sigma_lov": "-1.50871", "sigma_imp": "0.000", "ps": "-7.83"}, {"energy": "1.642e-03", "width": "4.5725e-01", "ip": "1.527e-07", "ts": "0", "stretch": "6.6095e+04", "date": "2047-02-17.66", "dist": "0.248", "sigma_lov": "-2.89311", "sigma_imp": "0.000", "ps": "-9.00"}, {"energy": "2.615e-03", "width": "4.9566e-01", "ip": "1.105e-07", "ts": "0", "stretch": "1.3963e+06", "date": "2047-02-17.91", "dist": "0.401", "sigma_lov": "-1.64367", "sigma_imp": "0.000", "ps": "-8.98"}, {"energy": "2.092e-02", "width": "6.0481e-01", "ip": "9.109e-10", "ts": "0", "stretch": "2.1947e+05", "date": "2046-02-18.19", "dist": "2.403", "sigma_lov": "2.47750", "sigma_imp": "2.320", "ps": "-10.3"}, {"energy": "2.522e-02", "width": "6.1884e-01", "ip": "1.543e-09", "ts": "0", "stretch": "2.6683e+05", "date": "2046-02-18.22", "dist": "2.073", "sigma_lov": "2.77004", "sigma_imp": "1.734", "ps": "-10.0"}, {"energy": "1.644e-02", "width": "5.8642e-01", "ip": "7.205e-08", "ts": "0", "stretch": "1.5559e+05", "date": "2046-02-18.16", "dist": "1.510", "sigma_lov": "2.08332", "sigma_imp": "0.870", "ps": "-8.51"}, {"energy": "1.089e-02", "width": "5.7929e-01", "ip": "4.380e-06", "ts": "0", "stretch": "5.5336e+04", "date": "2046-02-18.09", "dist": "0.174", "sigma_lov": "1.36902", "sigma_imp": "0.000", "ps": "-6.87"}, {"energy": "1.433e-03", "width": "4.4898e-01", "ip": "3.379e-08", "ts": "0", "stretch": "7.9901e+04", "date": "2046-02-17.24", "dist": "0.367", "sigma_lov": "-3.30145", "sigma_imp": "0.000", "ps": "-9.68"}, {"energy": "1.022e-02", "width": "5.8373e-01", "ip": "3.555e-07", "ts": "0", "stretch": "7.3582e+05", "date": "2046-02-18.07", "dist": "0.359", "sigma_lov": "1.25360", "sigma_imp": "0.000", "ps": "-7.98"}, {"energy": "1.123e-02", "width": "5.7499e-01", "ip": "2.021e-07", "ts": "0", "stretch": "1.0873e+06", "date": "2046-02-18.09", "dist": "0.250", "sigma_lov": "1.42468", "sigma_imp": "0.000", "ps": "-8.19"}, {"energy": "5.537e-03", "width": "5.1131e-01", "ip": "9.983e-07", "ts": "0", "stretch": "4.0457e+05", "date": "2046-02-17.93", "dist": "0.778", "sigma_lov": "0.06197", "sigma_imp": "0.000", "ps": "-7.74"}, {"energy": "5.192e-03", "width": "5.5670e-01", "ip": "5.462e-06", "ts": "0", "stretch": "3.7339e+04", "date": "2046-02-17.91", "dist": "1.180", "sigma_lov": "-0.07394", "sigma_imp": "0.323", "ps": "-7.03"}, {"energy": "5.014e-03", "width": "5.4785e-01", "ip": "2.536e-07", "ts": "0", "stretch": "5.7152e+05", "date": "2046-02-17.89", "dist": "1.319", "sigma_lov": "-0.14783", "sigma_imp": "0.582", "ps": "-8.37"}, {"energy": "3.180e-03", "width": "4.7246e-01", "ip": "6.734e-07", "ts": "0", "stretch": "6.0756e+04", "date": "2046-02-17.75", "dist": "1.444", "sigma_lov": "-1.16927", "sigma_imp": "0.940", "ps": "-8.11"}, {"energy": "2.277e-03", "width": "4.9087e-01", "ip": "5.888e-08", "ts": "0", "stretch": "6.8697e+05", "date": "2046-02-17.53", "dist": "0.963", "sigma_lov": "-2.00045", "sigma_imp": "0.000", "ps": "-9.28"}, {"energy": "3.100e-03", "width": "4.5946e-01", "ip": "4.723e-07", "ts": "0", "stretch": "6.8738e+05", "date": "2046-02-17.75", "dist": "0.065", "sigma_lov": "-1.23040", "sigma_imp": "0.000", "ps": "-8.27"}, {"energy": "1.618e-02", "width": "5.9919e-01", "ip": "1.340e-08", "ts": "0", "stretch": "3.0401e+06", "date": "2046-02-18.16", "dist": "0.906", "sigma_lov": "2.05718", "sigma_imp": "0.000", "ps": "-9.24"}, {"energy": "2.321e-03", "width": "4.9329e-01", "ip": "4.810e-07", "ts": "0", "stretch": "7.0472e+04", "date": "2046-02-17.56", "dist": "1.097", "sigma_lov": "-1.95108", "sigma_imp": "0.197", "ps": "-8.36"}, {"energy": "1.170e-03", "width": "4.4408e-01", "ip": "1.022e-09", "ts": "0", "stretch": "1.0554e+05", "date": "2046-02-16.96", "dist": "1.018", "sigma_lov": "-3.94579", "sigma_imp": "0.040", "ps": "-11.3"}, {"energy": "1.919e-03", "width": "5.0107e-01", "ip": "7.464e-09", "ts": "0", "stretch": "8.0310e+05", "date": "2045-02-17.22", "dist": "1.341", "sigma_lov": "-2.45983", "sigma_imp": "0.681", "ps": "-10.2"}, {"energy": "2.367e-02", "width": "6.0592e-01", "ip": "1.009e-09", "ts": "0", "stretch": "2.6809e+05", "date": "2045-02-17.95", "dist": "2.222", "sigma_lov": "2.67196", "sigma_imp": "2.017", "ps": "-10.2"}, {"energy": "1.429e-02", "width": "5.6922e-01", "ip": "9.885e-07", "ts": "0", "stretch": "1.1413e+05", "date": "2045-02-17.88", "dist": "0.193", "sigma_lov": "1.84652", "sigma_imp": "0.000", "ps": "-7.40"}, {"energy": "3.572e-03", "width": "5.5897e-01", "ip": "3.397e-07", "ts": "0", "stretch": "1.1910e+06", "date": "2045-02-17.52", "dist": "0.282", "sigma_lov": "-0.89925", "sigma_imp": "0.000", "ps": "-8.35"}, {"energy": "3.849e-03", "width": "4.9130e-01", "ip": "2.816e-07", "ts": "0", "stretch": "8.2708e+05", "date": "2045-02-17.56", "dist": "0.955", "sigma_lov": "-0.72698", "sigma_imp": "0.000", "ps": "-8.40"}, {"energy": "3.767e-03", "width": "5.2420e-01", "ip": "8.108e-06", "ts": "0", "stretch": "6.0185e+04", "date": "2045-02-17.56", "dist": "0.055", "sigma_lov": "-0.77650", "sigma_imp": "0.000", "ps": "-6.95"}, {"energy": "1.988e-03", "width": "5.0589e-01", "ip": "5.257e-08", "ts": "0", "stretch": "6.4068e+05", "date": "2045-02-17.21", "dist": "0.495", "sigma_lov": "-2.36534", "sigma_imp": "0.000", "ps": "-9.36"}, {"energy": "1.958e-03", "width": "4.8232e-01", "ip": "5.935e-07", "ts": "0", "stretch": "6.0647e+04", "date": "2045-02-17.25", "dist": "0.260", "sigma_lov": "-2.40436", "sigma_imp": "0.000", "ps": "-8.32"}, {"energy": "2.655e-02", "width": "6.1208e-01", "ip": "1.122e-09", "ts": "0", "stretch": "3.1333e+05", "date": "2044-02-18.70", "dist": "2.041", "sigma_lov": "2.85157", "sigma_imp": "1.700", "ps": "-10.1"}, {"energy": "1.229e-02", "width": "5.7982e-01", "ip": "1.976e-08", "ts": "0", "stretch": "1.9432e+06", "date": "2044-02-18.59", "dist": "1.378", "sigma_lov": "1.58746", "sigma_imp": "0.652", "ps": "-9.14"}, {"energy": "1.721e-02", "width": "5.9142e-01", "ip": "3.884e-07", "ts": "0", "stretch": "1.5461e+05", "date": "2044-02-18.64", "dist": "0.107", "sigma_lov": "2.16153", "sigma_imp": "0.000", "ps": "-7.73"}, {"energy": "1.125e-02", "width": "5.8050e-01", "ip": "1.470e-08", "ts": "0", "stretch": "1.3273e+06", "date": "2044-02-18.57", "dist": "1.705", "sigma_lov": "1.43029", "sigma_imp": "1.215", "ps": "-9.30"}, {"energy": "2.196e-02", "width": "6.0397e-01", "ip": "4.724e-08", "ts": "0", "stretch": "2.3155e+05", "date": "2044-02-18.68", "dist": "1.017", "sigma_lov": "2.55608", "sigma_imp": "0.028", "ps": "-8.56"}, {"energy": "1.161e-02", "width": "5.7000e-01", "ip": "1.432e-06", "ts": "0", "stretch": "6.5578e+04", "date": "2044-02-18.58", "dist": "1.015", "sigma_lov": "1.48591", "sigma_imp": "0.026", "ps": "-7.30"}, {"energy": "3.080e-03", "width": "4.8393e-01", "ip": "1.403e-10", "ts": "0", "stretch": "7.9688e+05", "date": "2044-02-18.21", "dist": "2.546", "sigma_lov": "-1.24224", "sigma_imp": "3.195", "ps": "-11.8"}, {"energy": "4.982e-03", "width": "4.6864e-01", "ip": "1.921e-09", "ts": "0", "stretch": "6.1967e+05", "date": "2044-02-18.39", "dist": "2.271", "sigma_lov": "-0.15810", "sigma_imp": "2.712", "ps": "-10.5"}, {"energy": "4.807e-03", "width": "5.1094e-01", "ip": "3.446e-07", "ts": "0", "stretch": "3.7989e+04", "date": "2044-02-18.38", "dist": "1.946", "sigma_lov": "-0.23437", "sigma_imp": "1.851", "ps": "-8.22"}, {"energy": "2.095e-03", "width": "5.0587e-01", "ip": "8.606e-09", "ts": "0", "stretch": "1.0665e+06", "date": "2044-02-18.03", "dist": "1.395", "sigma_lov": "-2.21619", "sigma_imp": "0.781", "ps": "-10.1"}, {"energy": "2.990e-03", "width": "4.8779e-01", "ip": "1.556e-09", "ts": "0", "stretch": "5.4408e+04", "date": "2044-02-18.20", "dist": "2.584", "sigma_lov": "-1.31389", "sigma_imp": "3.248", "ps": "-10.7"}, {"energy": "2.932e-03", "width": "4.9019e-01", "ip": "8.105e-08", "ts": "0", "stretch": "9.1343e+05", "date": "2044-02-18.19", "dist": "1.179", "sigma_lov": "-1.36072", "sigma_imp": "0.364", "ps": "-9.02"}, {"energy": "2.192e-03", "width": "4.7943e-01", "ip": "5.204e-08", "ts": "0", "stretch": "9.8709e+05", "date": "2044-02-18.05", "dist": "0.686", "sigma_lov": "-2.09466", "sigma_imp": "0.000", "ps": "-9.32"}, {"energy": "2.161e-03", "width": "4.8977e-01", "ip": "1.023e-06", "ts": "0", "stretch": "6.5400e+04", "date": "2044-02-18.06", "dist": "0.234", "sigma_lov": "-2.13278", "sigma_imp": "0.000", "ps": "-8.03"}, {"energy": "1.318e-03", "width": "4.4358e-01", "ip": "1.446e-08", "ts": "0", "stretch": "8.3688e+04", "date": "2044-02-17.76", "dist": "0.250", "sigma_lov": "-3.55386", "sigma_imp": "0.000", "ps": "-10.1"}, {"energy": "1.657e-03", "width": "4.6000e-01", "ip": "1.093e-08", "ts": "0", "stretch": "7.3365e+04", "date": "2044-02-17.90", "dist": "1.563", "sigma_lov": "-2.86650", "sigma_imp": "1.223", "ps": "-10.1"}, {"energy": "2.015e-02", "width": "6.1495e-01", "ip": "1.840e-08", "ts": "0", "stretch": "2.1446e+05", "date": "2043-02-18.42", "dist": "1.650", "sigma_lov": "2.41749", "sigma_imp": "1.057", "ps": "-8.98"}, {"energy": "1.424e-03", "width": "4.4325e-01", "ip": "3.096e-08", "ts": "0", "stretch": "8.7070e+04", "date": "2043-02-17.52", "dist": "0.237", "sigma_lov": "-3.32241", "sigma_imp": "0.000", "ps": "-9.68"}, {"energy": "5.581e-03", "width": "5.4022e-01", "ip": "1.131e-08", "ts": "0", "stretch": "5.4797e+06", "date": "2043-02-18.16", "dist": "1.608", "sigma_lov": "0.07731", "sigma_imp": "1.125", "ps": "-9.64"}, {"energy": "2.603e-03", "width": "5.0485e-01", "ip": "6.986e-08", "ts": "0", "stretch": "1.9911e+06", "date": "2043-02-17.87", "dist": "0.500", "sigma_lov": "-1.65862", "sigma_imp": "0.000", "ps": "-9.11"}, {"energy": "2.441e-03", "width": "5.0361e-01", "ip": "1.064e-08", "ts": "0", "stretch": "7.3576e+04", "date": "2043-02-17.76", "dist": "2.162", "sigma_lov": "-1.82136", "sigma_imp": "2.308", "ps": "-9.95"}, {"energy": "2.613e-03", "width": "4.6926e-01", "ip": "8.577e-08", "ts": "0", "stretch": "1.5919e+06", "date": "2042-02-17.69", "dist": "0.567", "sigma_lov": "-1.64518", "sigma_imp": "0.000", "ps": "-9.01"}, {"energy": "4.996e-03", "width": "5.2411e-01", "ip": "8.884e-09", "ts": "0", "stretch": "8.6183e+06", "date": "2042-02-17.89", "dist": "1.519", "sigma_lov": "-0.15443", "sigma_imp": "0.991", "ps": "-9.77"}, {"energy": "2.315e-02", "width": "6.0044e-01", "ip": "2.757e-09", "ts": "0", "stretch": "2.3938e+05", "date": "2042-02-18.19", "dist": "2.007", "sigma_lov": "2.63826", "sigma_imp": "1.677", "ps": "-9.74"}, {"energy": "1.815e-02", "width": "5.9045e-01", "ip": "2.230e-07", "ts": "0", "stretch": "1.5648e+05", "date": "2042-02-18.16", "dist": "0.702", "sigma_lov": "2.24725", "sigma_imp": "0.000", "ps": "-7.92"}, {"energy": "1.988e-03", "width": "4.8105e-01", "ip": "1.491e-08", "ts": "0", "stretch": "1.2168e+06", "date": "2042-02-17.54", "dist": "0.971", "sigma_lov": "-2.35911", "sigma_imp": "0.000", "ps": "-9.86"}, {"energy": "5.563e-03", "width": "5.3207e-01", "ip": "8.968e-09", "ts": "0", "stretch": "5.5764e+06", "date": "2042-02-17.92", "dist": "1.659", "sigma_lov": "0.07138", "sigma_imp": "1.239", "ps": "-9.72"}, {"energy": "2.799e-03", "width": "4.6403e-01", "ip": "2.133e-10", "ts": "0", "stretch": "5.3786e+04", "date": "2042-02-17.71", "dist": "2.719", "sigma_lov": "-1.47619", "sigma_imp": "3.704", "ps": "-11.6"}, {"energy": "2.015e-03", "width": "4.6833e-01", "ip": "6.200e-07", "ts": "0", "stretch": "5.6767e+04", "date": "2042-02-17.55", "dist": "0.581", "sigma_lov": "-2.32186", "sigma_imp": "0.000", "ps": "-8.24"}, {"energy": "2.087e-03", "width": "4.8718e-01", "ip": "5.782e-08", "ts": "0", "stretch": "9.3294e+05", "date": "2042-02-17.51", "dist": "0.256", "sigma_lov": "-2.22879", "sigma_imp": "0.000", "ps": "-9.26"}, {"energy": "1.208e-03", "width": "4.5157e-01", "ip": "2.054e-09", "ts": "0", "stretch": "7.4695e+04", "date": "2042-02-17.01", "dist": "1.052", "sigma_lov": "-3.83670", "sigma_imp": "0.115", "ps": "-10.9"}, {"energy": "1.502e-02", "width": "5.5141e-01", "ip": "4.628e-10", "ts": "0", "stretch": "3.9434e+06", "date": "2041-02-17.86", "dist": "2.057", "sigma_lov": "1.93337", "sigma_imp": "1.917", "ps": "-10.6"}, {"energy": "2.637e-02", "width": "6.1512e-01", "ip": "6.397e-09", "ts": "0", "stretch": "2.8550e+05", "date": "2041-02-17.95", "dist": "1.521", "sigma_lov": "2.84112", "sigma_imp": "0.848", "ps": "-9.31"}, {"energy": "1.583e-02", "width": "5.8930e-01", "ip": "4.535e-09", "ts": "0", "stretch": "1.1353e+05", "date": "2041-02-17.88", "dist": "2.381", "sigma_lov": "2.02236", "sigma_imp": "2.344", "ps": "-9.64"}, {"energy": "3.543e-03", "width": "5.7944e-01", "ip": "2.527e-07", "ts": "0", "stretch": "1.2407e+06", "date": "2041-02-17.50", "dist": "0.619", "sigma_lov": "-0.91336", "sigma_imp": "0.000", "ps": "-8.41"}, {"energy": "2.983e-02", "width": "6.1686e-01", "ip": "1.975e-08", "ts": "0", "stretch": "3.1354e+05", "date": "2040-02-18.70", "dist": "0.157", "sigma_lov": "3.02585", "sigma_imp": "0.000", "ps": "-8.76"}, {"energy": "2.455e-02", "width": "6.0233e-01", "ip": "5.302e-08", "ts": "0", "stretch": "2.4618e+05", "date": "2040-02-18.68", "dist": "0.442", "sigma_lov": "2.72863", "sigma_imp": "0.000", "ps": "-8.40"}, {"energy": "3.517e-02", "width": "6.2893e-01", "ip": "2.076e-10", "ts": "0", "stretch": "3.9910e+05", "date": "2040-02-18.72", "dist": "2.117", "sigma_lov": "3.27031", "sigma_imp": "1.777", "ps": "-10.7"}, {"energy": "1.316e-02", "width": "5.7252e-01", "ip": "2.368e-09", "ts": "0", "stretch": "7.8889e+04", "date": "2040-02-18.59", "dist": "2.642", "sigma_lov": "1.70343", "sigma_imp": "2.869", "ps": "-9.97"}, {"energy": "1.409e-03", "width": "4.4821e-01", "ip": "2.962e-08", "ts": "0", "stretch": "7.3186e+04", "date": "2040-02-17.81", "dist": "0.434", "sigma_lov": "-3.35403", "sigma_imp": "0.000", "ps": "-9.65"}, {"energy": "1.859e-03", "width": "4.5816e-01", "ip": "7.120e-09", "ts": "0", "stretch": "5.9848e+04", "date": "2040-02-18.00", "dist": "1.879", "sigma_lov": "-2.54755", "sigma_imp": "1.918", "ps": "-10.2"}, {"energy": "3.359e-02", "width": "6.2931e-01", "ip": "9.323e-09", "ts": "0", "stretch": "3.6648e+05", "date": "2039-02-18.46", "dist": "0.261", "sigma_lov": "3.20400", "sigma_imp": "0.000", "ps": "-9.03"}, {"energy": "6.380e-03", "width": "5.7706e-01", "ip": "2.455e-10", "ts": "0", "stretch": "1.3560e+04", "date": "2039-02-18.20", "dist": "3.455", "sigma_lov": "0.35250", "sigma_imp": "4.254", "ps": "-11.2"}, {"energy": "3.775e-02", "width": "6.3442e-01", "ip": "4.902e-09", "ts": "0", "stretch": "4.1452e+05", "date": "2038-02-18.21", "dist": "0.061", "sigma_lov": "3.37402", "sigma_imp": "0.000", "ps": "-9.24"}, {"energy": "3.189e-02", "width": "6.1688e-01", "ip": "1.896e-10", "ts": "0", "stretch": "3.1357e+05", "date": "2038-02-18.19", "dist": "2.293", "sigma_lov": "3.12691", "sigma_imp": "2.097", "ps": "-10.7"}, {"energy": "2.034e-02", "width": "6.1492e-01", "ip": "4.686e-09", "ts": "0", "stretch": "1.7984e+05", "date": "2038-02-18.14", "dist": "2.108", "sigma_lov": "2.43309", "sigma_imp": "1.802", "ps": "-9.48"}, {"energy": "2.617e-02", "width": "6.1117e-01", "ip": "1.099e-09", "ts": "0", "stretch": "2.5085e+05", "date": "2038-02-18.17", "dist": "2.121", "sigma_lov": "2.82815", "sigma_imp": "1.834", "ps": "-10.0"}, {"energy": "4.240e-02", "width": "6.3589e-01", "ip": "4.418e-10", "ts": "0", "stretch": "4.4772e+05", "date": "2037-02-17.96", "dist": "1.542", "sigma_lov": "3.53887", "sigma_imp": "0.853", "ps": "-10.2"}, {"energy": "3.005e-02", "width": "6.1592e-01", "ip": "1.061e-08", "ts": "0", "stretch": "2.8963e+05", "date": "2037-02-17.93", "dist": "0.968", "sigma_lov": "3.03811", "sigma_imp": "0.000", "ps": "-8.97"}, {"energy": "4.084e-02", "width": "6.3654e-01", "ip": "2.122e-09", "ts": "0", "stretch": "4.0628e+05", "date": "2036-02-18.71", "dist": "0.822", "sigma_lov": "3.48722", "sigma_imp": "0.000", "ps": "-9.54"}, {"energy": "3.750e-02", "width": "6.2671e-01", "ip": "2.213e-10", "ts": "0", "stretch": "3.2909e+05", "date": "2034-02-18.19", "dist": "2.065", "sigma_lov": "3.36189", "sigma_imp": "1.699", "ps": "-10.5"}, {"energy": "4.478e-02", "width": "6.4724e-01", "ip": "2.099e-09", "ts": "0", "stretch": "4.1361e+05", "date": "2034-02-18.21", "dist": "0.066", "sigma_lov": "3.61419", "sigma_imp": "0.000", "ps": "-9.46"}, {"energy": "4.798e-02", "width": "6.5055e-01", "ip": "3.312e-10", "ts": "0", "stretch": "3.8039e+05", "date": "2031-02-18.44", "dist": "1.481", "sigma_lov": "3.71270", "sigma_imp": "0.739", "ps": "-10.2"}, {"energy": "1.822e-03", "width": "4.4755e-01", "ip": "1.190e-07", "ts": "0", "stretch": "4.0010e+04", "date": "2029-02-17.26", "dist": "1.250", "sigma_lov": "-2.60235", "sigma_imp": "0.559", "ps": "-8.67"}, {"energy": "1.232e-03", "width": "3.9219e-01", "ip": "1.419e-08", "ts": "0", "stretch": "2.4964e+04", "date": "2025-02-17.21", "dist": "0.761", "sigma_lov": "-3.76503", "sigma_imp": "0.000", "ps": "-9.55"}, {"energy": "5.854e-03", "width": "2.1360e+01", "ip": "1.704e-09", "ts": "0", "stretch": "5.2340e+06", "date": "2089-02-18.12", "dist": "29.394", "sigma_lov": "0.19095", "sigma_imp": "1.329", "ps": "-10.9"}, {"energy": "2.362e-03", "width": "4.8517e-01", "ip": "1.334e-08", "ts": "0", "stretch": "2.5691e+06", "date": "2066-02-17.60", "dist": "1.127", "sigma_lov": "-1.90479", "sigma_imp": "0.261", "ps": "-10.1"}, {"energy": "1.749e-03", "width": "4.7256e-01", "ip": "4.032e-09", "ts": "0", "stretch": "1.1521e+06", "date": "2066-02-17.38", "dist": "1.172", "sigma_lov": "-2.71400", "sigma_imp": "0.363", "ps": "-10.8"}, {"energy": "2.415e-03", "width": "4.9616e-01", "ip": "3.604e-10", "ts": "0", "stretch": "7.7480e+05", "date": "2066-02-17.53", "dist": "2.310", "sigma_lov": "-1.85014", "sigma_imp": "2.640", "ps": "-11.7"}, {"energy": "2.835e-03", "width": "4.7002e-01", "ip": "7.141e-10", "ts": "0", "stretch": "2.0726e+04", "date": "2064-02-18.25", "dist": "2.717", "sigma_lov": "-1.44781", "sigma_imp": "3.653", "ps": "-11.3"}, {"energy": "3.246e-03", "width": "4.8915e-01", "ip": "1.031e-09", "ts": "0", "stretch": "4.2116e+06", "date": "2063-02-18.03", "dist": "2.002", "sigma_lov": "-1.11884", "sigma_imp": "2.048", "ps": "-11.1"}, {"energy": "2.363e-03", "width": "4.7870e-01", "ip": "3.843e-09", "ts": "0", "stretch": "1.4150e+06", "date": "2061-02-17.39", "dist": "1.683", "sigma_lov": "-1.90379", "sigma_imp": "1.428", "ps": "-10.6"}, {"energy": "2.437e-03", "width": "5.0812e-01", "ip": "1.669e-10", "ts": "0", "stretch": "1.1442e+06", "date": "2061-02-17.29", "dist": "2.413", "sigma_lov": "-1.82451", "sigma_imp": "2.780", "ps": "-12.0"}, {"energy": "3.092e-03", "width": "4.6456e-01", "ip": "2.478e-08", "ts": "0", "stretch": "2.9015e+06", "date": "2060-02-18.26", "dist": "1.234", "sigma_lov": "-1.23316", "sigma_imp": "0.503", "ps": "-9.72"}, {"energy": "3.263e-03", "width": "4.7711e-01", "ip": "1.662e-08", "ts": "0", "stretch": "1.7416e+05", "date": "2060-02-18.24", "dist": "2.052", "sigma_lov": "-1.10629", "sigma_imp": "2.204", "ps": "-9.88"}, {"energy": "1.160e-03", "width": "4.3025e-01", "ip": "3.168e-09", "ts": "0", "stretch": "6.7100e+04", "date": "2060-02-17.40", "dist": "0.547", "sigma_lov": "-3.96495", "sigma_imp": "0.000", "ps": "-11.0"}, {"energy": "2.808e-03", "width": "4.6549e-01", "ip": "9.840e-10", "ts": "0", "stretch": "1.1593e+06", "date": "2059-02-17.97", "dist": "2.102", "sigma_lov": "-1.47275", "sigma_imp": "2.367", "ps": "-11.1"}, {"energy": "4.473e-03", "width": "4.7566e-01", "ip": "2.951e-09", "ts": "0", "stretch": "6.9620e+06", "date": "2058-02-17.92", "dist": "1.770", "sigma_lov": "-0.39260", "sigma_imp": "1.619", "ps": "-10.5"}, {"energy": "4.462e-03", "width": "4.8649e-01", "ip": "1.263e-09", "ts": "0", "stretch": "2.5538e+05", "date": "2058-02-17.92", "dist": "2.504", "sigma_lov": "-0.39770", "sigma_imp": "3.092", "ps": "-10.9"}, {"energy": "4.301e-03", "width": "4.9411e-01", "ip": "1.022e-10", "ts": "0", "stretch": "4.5173e+04", "date": "2058-02-17.92", "dist": "3.053", "sigma_lov": "-0.47823", "sigma_imp": "4.154", "ps": "-12.0"}, {"energy": "4.258e-03", "width": "4.8917e-01", "ip": "2.743e-09", "ts": "0", "stretch": "3.3320e+05", "date": "2058-02-17.91", "dist": "2.353", "sigma_lov": "-0.50038", "sigma_imp": "2.766", "ps": "-10.5"}, {"energy": "3.170e-03", "width": "4.7906e-01", "ip": "3.491e-10", "ts": "0", "stretch": "2.2671e+05", "date": "2058-02-17.80", "dist": "2.586", "sigma_lov": "-1.17504", "sigma_imp": "3.312", "ps": "-11.5"}, {"energy": "3.147e-03", "width": "4.9129e-01", "ip": "8.267e-09", "ts": "0", "stretch": "4.9839e+04", "date": "2058-02-17.79", "dist": "2.391", "sigma_lov": "-1.19308", "sigma_imp": "2.832", "ps": "-10.2"}, {"energy": "3.105e-03", "width": "4.8969e-01", "ip": "3.973e-10", "ts": "0", "stretch": "2.0584e+05", "date": "2058-02-17.78", "dist": "2.611", "sigma_lov": "-1.22472", "sigma_imp": "3.289", "ps": "-11.5"}, {"energy": "1.722e-03", "width": "4.7294e-01", "ip": "4.629e-09", "ts": "0", "stretch": "1.4847e+05", "date": "2058-02-17.40", "dist": "1.690", "sigma_lov": "-2.76081", "sigma_imp": "1.459", "ps": "-10.6"}, {"energy": "1.708e-03", "width": "4.7539e-01", "ip": "1.909e-10", "ts": "0", "stretch": "4.2451e+04", "date": "2058-02-17.41", "dist": "2.454", "sigma_lov": "-2.78256", "sigma_imp": "3.058", "ps": "-12.0"}, {"energy": "1.704e-03", "width": "4.7187e-01", "ip": "1.442e-10", "ts": "0", "stretch": "9.8657e+04", "date": "2058-02-17.40", "dist": "2.360", "sigma_lov": "-2.79076", "sigma_imp": "2.883", "ps": "-12.1"}, {"energy": "2.266e-03", "width": "4.8026e-01", "ip": "2.275e-08", "ts": "0", "stretch": "1.5184e+06", "date": "2057-02-17.31", "dist": "1.028", "sigma_lov": "-2.01131", "sigma_imp": "0.058", "ps": "-9.84"}, {"energy": "5.311e-03", "width": "5.4459e-01", "ip": "7.108e-09", "ts": "0", "stretch": "3.1414e+04", "date": "2057-02-17.71", "dist": "2.760", "sigma_lov": "-0.02559", "sigma_imp": "3.232", "ps": "-10.0"}, {"energy": "2.716e-03", "width": "4.9033e-01", "ip": "3.497e-10", "ts": "0", "stretch": "7.7161e+04", "date": "2057-02-17.46", "dist": "2.699", "sigma_lov": "-1.55069", "sigma_imp": "3.465", "ps": "-11.6"}, {"energy": "2.621e-03", "width": "4.8147e-01", "ip": "5.818e-10", "ts": "0", "stretch": "6.1461e+05", "date": "2057-02-17.43", "dist": "2.288", "sigma_lov": "-1.63959", "sigma_imp": "2.675", "ps": "-11.4"}, {"energy": "1.318e-03", "width": "4.5647e-01", "ip": "1.646e-10", "ts": "0", "stretch": "6.1812e+04", "date": "2057-02-16.84", "dist": "1.990", "sigma_lov": "-3.56073", "sigma_imp": "2.169", "ps": "-12.2"}, {"energy": "1.317e-03", "width": "4.5636e-01", "ip": "2.714e-09", "ts": "0", "stretch": "3.0938e+04", "date": "2057-02-16.84", "dist": "1.560", "sigma_lov": "-3.56525", "sigma_imp": "1.227", "ps": "-10.9"}, {"energy": "4.156e-03", "width": "5.0558e-01", "ip": "1.711e-09", "ts": "0", "stretch": "2.3309e+05", "date": "2056-02-18.38", "dist": "2.523", "sigma_lov": "-0.55647", "sigma_imp": "3.013", "ps": "-10.7"}, {"energy": "4.101e-03", "width": "5.0422e-01", "ip": "2.031e-09", "ts": "0", "stretch": "4.7126e+04", "date": "2056-02-18.38", "dist": "2.717", "sigma_lov": "-0.58590", "sigma_imp": "3.406", "ps": "-10.7"}, {"energy": "4.033e-03", "width": "5.0166e-01", "ip": "1.627e-10", "ts": "0", "stretch": "2.1420e+05", "date": "2056-02-18.37", "dist": "2.836", "sigma_lov": "-0.62295", "sigma_imp": "3.659", "ps": "-11.8"}, {"energy": "3.079e-03", "width": "4.7573e-01", "ip": "5.601e-10", "ts": "0", "stretch": "3.1373e+05", "date": "2056-02-18.27", "dist": "2.457", "sigma_lov": "-1.24697", "sigma_imp": "3.063", "ps": "-11.3"}, {"energy": "3.027e-03", "width": "4.9415e-01", "ip": "7.787e-09", "ts": "0", "stretch": "6.0463e+04", "date": "2056-02-18.25", "dist": "2.361", "sigma_lov": "-1.28802", "sigma_imp": "2.755", "ps": "-10.2"}, {"energy": "3.001e-03", "width": "4.8255e-01", "ip": "2.740e-07", "ts": "0", "stretch": "2.7406e+05", "date": "2056-02-18.23", "dist": "1.195", "sigma_lov": "-1.30839", "sigma_imp": "0.405", "ps": "-8.65"}, {"energy": "1.191e-03", "width": "4.4926e-01", "ip": "6.166e-10", "ts": "0", "stretch": "1.1455e+05", "date": "2056-02-17.44", "dist": "1.270", "sigma_lov": "-3.88375", "sigma_imp": "0.600", "ps": "-11.6"}, {"energy": "4.506e-03", "width": "5.0741e-01", "ip": "4.137e-10", "ts": "0", "stretch": "2.2384e+06", "date": "2055-02-18.16", "dist": "2.413", "sigma_lov": "-0.37494", "sigma_imp": "2.784", "ps": "-11.3"}, {"energy": "3.769e-03", "width": "5.1007e-01", "ip": "2.686e-10", "ts": "0", "stretch": "6.0605e+06", "date": "2054-02-17.83", "dist": "2.289", "sigma_lov": "-0.77545", "sigma_imp": "2.528", "ps": "-11.6"}, {"energy": "6.405e-03", "width": "5.2355e-01", "ip": "1.553e-09", "ts": "0", "stretch": "1.4983e+06", "date": "2054-02-18.01", "dist": "2.304", "sigma_lov": "0.35836", "sigma_imp": "2.491", "ps": "-10.6"}, {"energy": "5.586e-03", "width": "4.9600e-01", "ip": "9.151e-08", "ts": "0", "stretch": "2.5061e+06", "date": "2054-02-17.96", "dist": "1.093", "sigma_lov": "0.07950", "sigma_imp": "0.187", "ps": "-8.88"}, {"energy": "3.997e-03", "width": "4.9697e-01", "ip": "9.527e-10", "ts": "0", "stretch": "3.2744e+05", "date": "2054-02-17.87", "dist": "2.524", "sigma_lov": "-0.64239", "sigma_imp": "3.068", "ps": "-11.0"}, {"energy": "3.926e-03", "width": "5.0688e-01", "ip": "1.774e-07", "ts": "0", "stretch": "5.6220e+04", "date": "2054-02-17.86", "dist": "1.951", "sigma_lov": "-0.68344", "sigma_imp": "1.877", "ps": "-8.72"}, {"energy": "3.867e-03", "width": "4.8313e-01", "ip": "4.818e-07", "ts": "0", "stretch": "3.1103e+05", "date": "2054-02-17.84", "dist": "1.159", "sigma_lov": "-0.71694", "sigma_imp": "0.330", "ps": "-8.29"}, {"energy": "4.493e-03", "width": "4.4044e-01", "ip": "8.780e-08", "ts": "0", "stretch": "3.7572e+06", "date": "2054-02-17.90", "dist": "0.862", "sigma_lov": "-0.38489", "sigma_imp": "0.000", "ps": "-8.98"}, {"energy": "4.491e-03", "width": "4.7868e-01", "ip": "4.662e-09", "ts": "0", "stretch": "6.7329e+07", "date": "2054-02-17.88", "dist": "0.893", "sigma_lov": "-0.38551", "sigma_imp": "0.000", "ps": "-10.3"}, {"energy": "2.924e-03", "width": "4.7675e-01", "ip": "7.899e-08", "ts": "0", "stretch": "3.5850e+05", "date": "2054-02-17.74", "dist": "1.481", "sigma_lov": "-1.37132", "sigma_imp": "1.009", "ps": "-9.17"}, {"energy": "2.865e-03", "width": "5.0405e-01", "ip": "1.972e-09", "ts": "0", "stretch": "3.6198e+05", "date": "2054-02-17.71", "dist": "2.292", "sigma_lov": "-1.42197", "sigma_imp": "2.564", "ps": "-10.8"}, {"energy": "3.089e-03", "width": "4.8873e-01", "ip": "1.099e-08", "ts": "0", "stretch": "5.3549e+06", "date": "2054-02-17.73", "dist": "1.321", "sigma_lov": "-1.23945", "sigma_imp": "0.656", "ps": "-10.0"}, {"energy": "3.338e-03", "width": "5.0995e-01", "ip": "4.910e-08", "ts": "0", "stretch": "1.7874e+06", "date": "2053-02-17.49", "dist": "1.270", "sigma_lov": "-1.05630", "sigma_imp": "0.530", "ps": "-9.32"}, {"energy": "4.803e-03", "width": "4.7191e-01", "ip": "1.952e-09", "ts": "0", "stretch": "3.7816e+05", "date": "2053-02-17.69", "dist": "2.348", "sigma_lov": "-0.23952", "sigma_imp": "2.857", "ps": "-10.6"}, {"energy": "4.718e-03", "width": "5.0703e-01", "ip": "1.085e-09", "ts": "0", "stretch": "4.2343e+04", "date": "2053-02-17.68", "dist": "2.841", "sigma_lov": "-0.27805", "sigma_imp": "3.630", "ps": "-10.9"}, {"energy": "3.096e-03", "width": "4.6425e-01", "ip": "1.413e-10", "ts": "0", "stretch": "2.2367e+06", "date": "2053-02-17.53", "dist": "2.342", "sigma_lov": "-1.23243", "sigma_imp": "2.891", "ps": "-11.9"}, {"energy": "3.550e-03", "width": "5.3812e-01", "ip": "6.202e-08", "ts": "0", "stretch": "2.2702e+06", "date": "2053-02-17.54", "dist": "1.149", "sigma_lov": "-0.91194", "sigma_imp": "0.278", "ps": "-9.20"}, {"energy": "1.627e-03", "width": "4.5753e-01", "ip": "2.636e-08", "ts": "0", "stretch": "8.2614e+04", "date": "2053-02-17.12", "dist": "1.221", "sigma_lov": "-2.92488", "sigma_imp": "0.483", "ps": "-9.84"}, {"energy": "1.166e-03", "width": "4.5334e-01", "ip": "3.498e-09", "ts": "0", "stretch": "7.9209e+04", "date": "2053-02-16.72", "dist": "0.020", "sigma_lov": "-3.95758", "sigma_imp": "0.000", "ps": "-10.8"}, {"energy": "2.617e-03", "width": "5.0169e-01", "ip": "2.303e-08", "ts": "0", "stretch": "8.9913e+05", "date": "2052-02-18.16", "dist": "1.484", "sigma_lov": "-1.64184", "sigma_imp": "0.964", "ps": "-9.72"}, {"energy": "8.873e-03", "width": "5.7560e-01", "ip": "4.626e-07", "ts": "0", "stretch": "2.0989e+05", "date": "2052-02-18.57", "dist": "1.306", "sigma_lov": "0.99381", "sigma_imp": "0.532", "ps": "-8.00"}, {"energy": "8.319e-03", "width": "5.7414e-01", "ip": "9.630e-06", "ts": "0", "stretch": "1.0889e+04", "date": "2052-02-18.56", "dist": "1.321", "sigma_lov": "0.87184", "sigma_imp": "0.559", "ps": "-6.70"}, {"energy": "6.936e-03", "width": "5.5569e-01", "ip": "1.231e-05", "ts": "0", "stretch": "8.8101e+03", "date": "2052-02-18.51", "dist": "1.391", "sigma_lov": "0.51902", "sigma_imp": "0.703", "ps": "-6.66"}, {"energy": "6.436e-03", "width": "6.6604e-01", "ip": "2.961e-08", "ts": "0", "stretch": "1.2553e+05", "date": "2052-02-18.50", "dist": "2.572", "sigma_lov": "0.37029", "sigma_imp": "2.361", "ps": "-9.30"}, {"energy": "3.757e-03", "width": "5.3230e-01", "ip": "5.687e-08", "ts": "0", "stretch": "6.0186e+05", "date": "2052-02-18.32", "dist": "1.682", "sigma_lov": "-0.77941", "sigma_imp": "1.281", "ps": "-9.20"}, {"energy": "3.718e-03", "width": "5.0659e-01", "ip": "5.009e-06", "ts": "0", "stretch": "5.9833e+04", "date": "2052-02-18.32", "dist": "0.762", "sigma_lov": "-0.80405", "sigma_imp": "0.000", "ps": "-7.26"}, {"energy": "3.572e-03", "width": "5.1049e-01", "ip": "6.729e-07", "ts": "0", "stretch": "5.0927e+05", "date": "2052-02-18.29", "dist": "0.577", "sigma_lov": "-0.89633", "sigma_imp": "0.000", "ps": "-8.15"}, {"energy": "2.760e-03", "width": "4.9859e-01", "ip": "2.230e-07", "ts": "0", "stretch": "8.4112e+05", "date": "2052-02-18.17", "dist": "0.420", "sigma_lov": "-1.51063", "sigma_imp": "0.000", "ps": "-8.72"}, {"energy": "2.734e-03", "width": "5.0496e-01", "ip": "5.962e-07", "ts": "0", "stretch": "7.2765e+04", "date": "2052-02-18.19", "dist": "1.299", "sigma_lov": "-1.53249", "sigma_imp": "0.593", "ps": "-8.29"}, {"energy": "1.759e-03", "width": "4.7828e-01", "ip": "7.942e-09", "ts": "0", "stretch": "1.4405e+05", "date": "2052-02-17.87", "dist": "1.617", "sigma_lov": "-2.69906", "sigma_imp": "1.290", "ps": "-10.3"}, {"energy": "1.730e-03", "width": "4.5734e-01", "ip": "1.073e-10", "ts": "0", "stretch": "2.6980e+05", "date": "2052-02-17.90", "dist": "2.234", "sigma_lov": "-2.74448", "sigma_imp": "2.697", "ps": "-12.2"}, {"energy": "1.215e-03", "width": "4.5865e-01", "ip": "2.728e-09", "ts": "0", "stretch": "9.0555e+04", "date": "2052-02-17.41", "dist": "0.853", "sigma_lov": "-3.81833", "sigma_imp": "0.000", "ps": "-10.9"}, {"energy": "1.044e-03", "width": "4.3273e-01", "ip": "4.718e-10", "ts": "0", "stretch": "8.9841e+04", "date": "2052-02-17.35", "dist": "0.637", "sigma_lov": "-4.32956", "sigma_imp": "0.000", "ps": "-11.7"}, {"energy": "3.251e-03", "width": "4.6853e-01", "ip": "2.603e-10", "ts": "0", "stretch": "4.8243e+06", "date": "2051-02-17.99", "dist": "2.168", "sigma_lov": "-1.11824", "sigma_imp": "2.493", "ps": "-11.6"}, {"energy": "2.410e-03", "width": "4.8985e-01", "ip": "2.931e-08", "ts": "0", "stretch": "2.3032e+06", "date": "2051-02-17.77", "dist": "0.826", "sigma_lov": "-1.85603", "sigma_imp": "0.000", "ps": "-9.63"}, {"energy": "5.000e-03", "width": "5.0106e-01", "ip": "9.274e-08", "ts": "0", "stretch": "6.5177e+06", "date": "2051-02-18.16", "dist": "0.350", "sigma_lov": "-0.15529", "sigma_imp": "0.000", "ps": "-8.88"}, {"energy": "5.567e-03", "width": "6.0877e-01", "ip": "4.551e-08", "ts": "0", "stretch": "8.2522e+06", "date": "2051-02-18.19", "dist": "0.825", "sigma_lov": "0.07081", "sigma_imp": "0.000", "ps": "-9.15"}, {"energy": "1.288e-03", "width": "4.5168e-01", "ip": "1.066e-08", "ts": "0", "stretch": "4.0662e+04", "date": "2051-02-17.30", "dist": "0.921", "sigma_lov": "-3.63354", "sigma_imp": "0.000", "ps": "-10.3"}, {"energy": "1.276e-03", "width": "4.3822e-01", "ip": "1.930e-09", "ts": "0", "stretch": "4.3281e+05", "date": "2051-02-17.36", "dist": "0.116", "sigma_lov": "-3.66820", "sigma_imp": "0.000", "ps": "-11.0"}, {"energy": "1.012e-02", "width": "5.8347e-01", "ip": "7.797e-08", "ts": "0", "stretch": "5.5344e+05", "date": "2050-02-18.10", "dist": "1.528", "sigma_lov": "1.23610", "sigma_imp": "0.905", "ps": "-8.70"}, {"energy": "9.428e-03", "width": "6.0303e-01", "ip": "2.993e-06", "ts": "0", "stretch": "3.0264e+04", "date": "2050-02-18.09", "dist": "1.305", "sigma_lov": "1.10625", "sigma_imp": "0.506", "ps": "-7.14"}, {"energy": "8.980e-03", "width": "6.2296e-01", "ip": "6.091e-07", "ts": "0", "stretch": "2.6001e+05", "date": "2050-02-18.07", "dist": "1.071", "sigma_lov": "1.01560", "sigma_imp": "0.114", "ps": "-7.85"}, {"energy": "6.347e-03", "width": "7.4918e-01", "ip": "1.783e-06", "ts": "0", "stretch": "2.5924e+05", "date": "2050-02-17.99", "dist": "0.436", "sigma_lov": "0.34128", "sigma_imp": "0.000", "ps": "-7.50"}, {"energy": "6.054e-03", "width": "5.2756e-01", "ip": "2.125e-06", "ts": "0", "stretch": "2.8645e+05", "date": "2050-02-17.96", "dist": "0.256", "sigma_lov": "0.24573", "sigma_imp": "0.000", "ps": "-7.44"}, {"energy": "5.609e-03", "width": "7.1220e-01", "ip": "8.475e-07", "ts": "0", "stretch": "6.5766e+05", "date": "2050-02-17.94", "dist": "0.118", "sigma_lov": "0.08811", "sigma_imp": "0.000", "ps": "-7.87"}, {"energy": "1.354e-03", "width": "4.4025e-01", "ip": "6.828e-09", "ts": "0", "stretch": "5.3698e+04", "date": "2050-02-17.27", "dist": "1.217", "sigma_lov": "-3.47328", "sigma_imp": "0.494", "ps": "-10.5"}, {"energy": "1.363e-03", "width": "4.3806e-01", "ip": "3.146e-10", "ts": "0", "stretch": "3.7048e+05", "date": "2050-02-17.28", "dist": "1.551", "sigma_lov": "-3.45103", "sigma_imp": "1.257", "ps": "-11.8"}, {"energy": "2.037e-03", "width": "4.8731e-01", "ip": "1.642e-08", "ts": "0", "stretch": "7.6048e+04", "date": "2050-02-17.55", "dist": "1.845", "sigma_lov": "-2.29340", "sigma_imp": "1.734", "ps": "-9.93"}, {"energy": "3.083e-03", "width": "5.1103e-01", "ip": "4.208e-09", "ts": "0", "stretch": "3.2786e+06", "date": "2049-02-17.50", "dist": "1.764", "sigma_lov": "-1.24003", "sigma_imp": "1.495", "ps": "-10.4"}, {"energy": "2.857e-03", "width": "5.3882e-01", "ip": "7.537e-08", "ts": "0", "stretch": "3.1373e+06", "date": "2049-02-17.43", "dist": "0.009", "sigma_lov": "-1.42584", "sigma_imp": "0.000", "ps": "-9.14"}, {"energy": "1.313e-02", "width": "5.9272e-01", "ip": "2.452e-08", "ts": "0", "stretch": "1.7273e+06", "date": "2049-02-17.89", "dist": "1.262", "sigma_lov": "1.70184", "sigma_imp": "0.443", "ps": "-9.10"}, {"energy": "1.292e-02", "width": "5.8103e-01", "ip": "3.254e-07", "ts": "0", "stretch": "9.3530e+04", "date": "2049-02-17.89", "dist": "1.416", "sigma_lov": "1.67455", "sigma_imp": "0.716", "ps": "-7.98"}, {"energy": "1.236e-02", "width": "5.8325e-01", "ip": "6.431e-08", "ts": "0", "stretch": "1.2832e+06", "date": "2049-02-17.87", "dist": "0.993", "sigma_lov": "1.59671", "sigma_imp": "0.000", "ps": "-8.70"}, {"energy": "4.246e-03", "width": "5.0466e-01", "ip": "1.011e-05", "ts": "0", "stretch": "5.4571e+04", "date": "2049-02-17.61", "dist": "0.297", "sigma_lov": "-0.50475", "sigma_imp": "0.000", "ps": "-6.87"}, {"energy": "4.171e-03", "width": "4.7880e-01", "ip": "2.612e-07", "ts": "0", "stretch": "6.0837e+05", "date": "2049-02-17.60", "dist": "1.176", "sigma_lov": "-0.54498", "sigma_imp": "0.369", "ps": "-8.47"}, {"energy": "4.471e-03", "width": "4.9130e-01", "ip": "4.306e-07", "ts": "0", "stretch": "5.1762e+05", "date": "2049-02-17.62", "dist": "1.070", "sigma_lov": "-0.39228", "sigma_imp": "0.143", "ps": "-8.23"}, {"energy": "2.263e-03", "width": "4.6082e-01", "ip": "8.293e-09", "ts": "0", "stretch": "3.8532e+05", "date": "2049-02-17.31", "dist": "1.724", "sigma_lov": "-2.01453", "sigma_imp": "1.571", "ps": "-10.2"}, {"energy": "2.220e-03", "width": "4.9709e-01", "ip": "8.320e-07", "ts": "0", "stretch": "6.4471e+04", "date": "2049-02-17.33", "dist": "0.697", "sigma_lov": "-2.06433", "sigma_imp": "0.000", "ps": "-8.18"}, {"energy": "2.199e-03", "width": "4.9746e-01", "ip": "1.092e-07", "ts": "0", "stretch": "5.7777e+05", "date": "2049-02-17.27", "dist": "0.488", "sigma_lov": "-2.08814", "sigma_imp": "0.000", "ps": "-9.07"}, {"energy": "2.988e-03", "width": "4.6858e-01", "ip": "6.090e-08", "ts": "0", "stretch": "4.2042e+06", "date": "2049-02-17.47", "dist": "0.398", "sigma_lov": "-1.31492", "sigma_imp": "0.000", "ps": "-9.22"}, {"energy": "1.442e-03", "width": "4.5310e-01", "ip": "3.258e-08", "ts": "0", "stretch": "8.1086e+04", "date": "2049-02-17.00", "dist": "0.487", "sigma_lov": "-3.28091", "sigma_imp": "0.000", "ps": "-9.74"}, {"energy": "1.585e-02", "width": "5.7702e-01", "ip": "6.071e-09", "ts": "0", "stretch": "3.4026e+06", "date": "2048-02-18.66", "dist": "1.307", "sigma_lov": "2.02151", "sigma_imp": "0.532", "ps": "-9.62"}, {"energy": "1.565e-02", "width": "5.5860e-01", "ip": "9.543e-09", "ts": "0", "stretch": "1.3198e+05", "date": "2048-02-18.66", "dist": "2.126", "sigma_lov": "2.00044", "sigma_imp": "2.016", "ps": "-9.43"}, {"energy": "5.007e-03", "width": "5.2221e-01", "ip": "1.166e-07", "ts": "0", "stretch": "4.5528e+06", "date": "2048-02-18.40", "dist": "0.517", "sigma_lov": "-0.15122", "sigma_imp": "0.000", "ps": "-8.74"}, {"energy": "8.956e-03", "width": "5.2849e-01", "ip": "8.249e-08", "ts": "0", "stretch": "3.5295e+06", "date": "2048-02-18.56", "dist": "0.625", "sigma_lov": "1.00817", "sigma_imp": "0.000", "ps": "-8.69"}]}