{"summary": {"energy": "1.928e+01", "darc": "26.818 days", "ip": "2.888e-10", "h": "23.41", "nobs": "162", "mass": "4.77e+08", "v_inf": "14.67", "first_obs": "2015-Dec-19.27013", "method": "LOV", "pdate": "2017-04-12 12:09:49", "ndop": "0", "cdate": "2017-04-12 12:09:49", "ps_cum": "-8.43", "diameter": "7.1e-02", "ndel": "0", "v_imp": "18.42", "ps_max": "-8.43", "last_obs": "2016-Jan-15.08846", "fullname": "(2015 YC2)", "n_imp": "1", "ts_max": "0", "nsat": "0", "des": "2015 YC2"}, "signature": {"source": "NASA/JPL Sentry Data API", "version": "1.1"}, "data": [{"energy": "1.928e+01", "width": "2.2882e-03", "ip": "2.888e-10", "ts": "0", "stretch": "1.0088e+04", "date": "2045-01-20.71", "dist": "0.435", "sigma_lov": "-4.96133", "sigma_imp": "0.000", "ps": "-8.43"}]}