{"summary": {"energy": "2.177e-02", "darc": "1.0730 days", "ip": "6.0396019e-06", "h": "28.26", "nobs": "6", "mass": "5.85e+05", "v_inf": "13.73", "first_obs": "2015-Apr-25.46306", "method": "LOV", "pdate": "2017-04-10 09:17:36", "ndop": "0", "cdate": "2017-04-10 09:17:36", "ps_cum": "-6.82", "diameter": "0.00751947383816804", "ndel": "0", "v_imp": "17.68", "ps_max": "-7.28", "last_obs": "2015-Apr-26.536079", "fullname": "(2015 HE183)", "n_imp": "24", "ts_max": "0", "nsat": "0", "des": "2015 HE183"}, "signature": {"source": "NASA/JPL Sentry Data API", "version": "1.1"}, "data": [{"energy": "2.109e-02", "width": "2.2151e+00", "ip": "2.127e-09", "ts": "0", "stretch": "8.0352e+04", "date": "2105-04-20.84", "dist": "6.498", "sigma_lov": "-2.47581", "sigma_imp": "2.482", "ps": "-10.4"}, {"energy": "2.109e-02", "width": "2.0858e+00", "ip": "3.312e-10", "ts": "0", "stretch": "5.0245e+04", "date": "2105-04-20.81", "dist": "7.620", "sigma_lov": "-2.54017", "sigma_imp": "3.174", "ps": "-11.2"}, {"energy": "2.109e-02", "width": "1.8761e+00", "ip": "8.263e-09", "ts": "0", "stretch": "8.2047e+05", "date": "2105-04-20.82", "dist": "1.391", "sigma_lov": "-2.60019", "sigma_imp": "0.209", "ps": "-9.85"}, {"energy": "2.090e-02", "width": "1.2102e+00", "ip": "1.073e-10", "ts": "0", "stretch": "2.2629e+06", "date": "2100-04-17.91", "dist": "4.310", "sigma_lov": "1.94638", "sigma_imp": "2.735", "ps": "-11.7"}, {"energy": "2.114e-02", "width": "1.8386e+00", "ip": "1.574e-08", "ts": "0", "stretch": "1.9515e+06", "date": "2099-04-19.57", "dist": "3.825", "sigma_lov": "-0.51189", "sigma_imp": "1.537", "ps": "-9.53"}, {"energy": "2.116e-02", "width": "1.7652e+00", "ip": "1.014e-08", "ts": "0", "stretch": "4.6232e+06", "date": "2099-04-19.70", "dist": "3.306", "sigma_lov": "-0.52541", "sigma_imp": "1.306", "ps": "-9.72"}, {"energy": "2.180e-02", "width": "2.4678e+00", "ip": "8.785e-10", "ts": "0", "stretch": "5.3009e+05", "date": "2094-04-19.47", "dist": "6.430", "sigma_lov": "2.36477", "sigma_imp": "2.200", "ps": "-10.7"}, {"energy": "2.181e-02", "width": "2.0773e+00", "ip": "3.036e-07", "ts": "0", "stretch": "5.4362e+05", "date": "2091-04-20.60", "dist": "0.654", "sigma_lov": "0.77751", "sigma_imp": "0.000", "ps": "-8.19"}, {"energy": "2.158e-02", "width": "2.1860e+00", "ip": "4.441e-08", "ts": "0", "stretch": "4.6381e+06", "date": "2090-04-20.31", "dist": "0.823", "sigma_lov": "-0.15301", "sigma_imp": "0.000", "ps": "-9.03"}, {"energy": "2.171e-02", "width": "2.2327e+00", "ip": "8.598e-10", "ts": "0", "stretch": "1.4378e+06", "date": "2090-04-20.60", "dist": "7.355", "sigma_lov": "0.08712", "sigma_imp": "2.846", "ps": "-10.7"}, {"energy": "2.168e-02", "width": "2.2201e+00", "ip": "9.681e-07", "ts": "0", "stretch": "1.1965e+05", "date": "2090-04-20.50", "dist": "2.573", "sigma_lov": "0.05033", "sigma_imp": "0.709", "ps": "-7.69"}, {"energy": "2.166e-02", "width": "2.1422e+00", "ip": "6.735e-08", "ts": "0", "stretch": "1.3618e+06", "date": "2088-04-20.53", "dist": "1.044", "sigma_lov": "-1.26084", "sigma_imp": "0.020", "ps": "-8.83"}, {"energy": "2.163e-02", "width": "1.9711e+00", "ip": "7.839e-07", "ts": "0", "stretch": "7.4220e+04", "date": "2088-04-20.43", "dist": "2.129", "sigma_lov": "-1.33685", "sigma_imp": "0.573", "ps": "-7.77"}, {"energy": "2.137e-02", "width": "1.6088e+00", "ip": "2.097e-07", "ts": "0", "stretch": "1.0589e+05", "date": "2086-04-19.98", "dist": "3.733", "sigma_lov": "-0.52743", "sigma_imp": "1.698", "ps": "-8.33"}, {"energy": "2.137e-02", "width": "1.5972e+00", "ip": "6.732e-08", "ts": "0", "stretch": "1.7867e+05", "date": "2086-04-19.99", "dist": "4.146", "sigma_lov": "-0.53401", "sigma_imp": "1.970", "ps": "-8.82"}, {"energy": "2.172e-02", "width": "2.0611e+00", "ip": "1.005e-08", "ts": "0", "stretch": "3.8696e+06", "date": "2085-04-20.96", "dist": "2.471", "sigma_lov": "-1.49955", "sigma_imp": "0.714", "ps": "-9.64"}, {"energy": "2.187e-02", "width": "1.9248e+00", "ip": "3.955e-08", "ts": "0", "stretch": "8.9078e+05", "date": "2078-04-20.31", "dist": "3.534", "sigma_lov": "0.87978", "sigma_imp": "1.317", "ps": "-8.99"}, {"energy": "2.193e-02", "width": "2.1376e+00", "ip": "2.042e-06", "ts": "0", "stretch": "6.6376e+04", "date": "2078-04-20.51", "dist": "0.812", "sigma_lov": "0.94933", "sigma_imp": "0.000", "ps": "-7.28"}, {"energy": "2.167e-02", "width": "1.9801e+00", "ip": "1.230e-06", "ts": "0", "stretch": "1.6035e+05", "date": "2071-04-20.37", "dist": "0.339", "sigma_lov": "0.63571", "sigma_imp": "0.000", "ps": "-7.45"}, {"energy": "2.172e-02", "width": "1.7328e+00", "ip": "2.104e-08", "ts": "0", "stretch": "5.4313e+06", "date": "2071-04-20.43", "dist": "2.081", "sigma_lov": "0.66534", "sigma_imp": "0.624", "ps": "-9.22"}, {"energy": "2.245e-02", "width": "1.9631e+00", "ip": "3.014e-09", "ts": "0", "stretch": "3.9477e+06", "date": "2068-04-21.33", "dist": "4.724", "sigma_lov": "0.79159", "sigma_imp": "1.897", "ps": "-10.0"}, {"energy": "2.170e-02", "width": "1.9469e+00", "ip": "8.946e-10", "ts": "0", "stretch": "3.3726e+05", "date": "2068-04-20.92", "dist": "5.867", "sigma_lov": "-2.21402", "sigma_imp": "2.500", "ps": "-10.6"}, {"energy": "2.168e-02", "width": "1.9429e+00", "ip": "3.265e-10", "ts": "0", "stretch": "6.9199e+04", "date": "2068-04-20.89", "dist": "7.369", "sigma_lov": "-2.25694", "sigma_imp": "3.278", "ps": "-11.0"}, {"energy": "2.245e-02", "width": "1.9140e+00", "ip": "2.099e-07", "ts": "0", "stretch": "5.5032e+04", "date": "2058-04-21.84", "dist": "4.660", "sigma_lov": "0.78888", "sigma_imp": "1.912", "ps": "-8.09"}]}