{"summary": {"energy": "5.374e-02", "darc": ".18721 days", "ip": "4.143429e-07", "h": "27.38", "nobs": "8", "mass": "2.06e+06", "v_inf": "9.72", "first_obs": "2016-Nov-05.31503", "method": "LOV", "pdate": "2017-04-06 13:13:39", "ndop": "0", "cdate": "2017-04-06 13:13:39", "ps_cum": "-7.43", "diameter": "0.011373810170272", "ndel": "0", "v_imp": "14.79", "ps_max": "-8.43", "last_obs": "2016-Nov-05.50224", "fullname": "(2016 VZ17)", "n_imp": "179", "ts_max": "0", "nsat": "0", "des": "2016 VZ17"}, "signature": {"source": "NASA/JPL Sentry Data API", "version": "1.1"}, "data": [{"energy": "3.868e-02", "width": "5.4352e+01", "ip": "1.857e-10", "ts": "0", "stretch": "4.7973e+06", "date": "2109-11-02.24", "dist": "117.353", "sigma_lov": "-0.08761", "sigma_imp": "2.141", "ps": "-11.3"}, {"energy": "6.656e-02", "width": "4.3762e+01", "ip": "1.050e-10", "ts": "0", "stretch": "2.5086e+05", "date": "2095-10-31.46", "dist": "151.811", "sigma_lov": "0.33569", "sigma_imp": "3.446", "ps": "-11.3"}, {"energy": "3.866e-02", "width": "4.6429e+01", "ip": "1.822e-10", "ts": "0", "stretch": "2.7242e+06", "date": "2109-11-02.23", "dist": "115.111", "sigma_lov": "-0.08833", "sigma_imp": "2.458", "ps": "-11.3"}, {"energy": "4.459e-02", "width": "8.9626e+01", "ip": "3.816e-10", "ts": "0", "stretch": "4.8224e+06", "date": "2097-10-31.60", "dist": "133.450", "sigma_lov": "0.03282", "sigma_imp": "1.478", "ps": "-10.9"}, {"energy": "4.581e-02", "width": "3.0030e+02", "ip": "7.864e-10", "ts": "0", "stretch": "1.9175e+06", "date": "2097-08-17.60", "dist": "132.817", "sigma_lov": "0.04983", "sigma_imp": "0.439", "ps": "-10.6"}, {"energy": "4.553e-02", "width": "3.0287e+02", "ip": "1.197e-10", "ts": "0", "stretch": "1.2456e+07", "date": "2097-08-17.63", "dist": "136.319", "sigma_lov": "0.04473", "sigma_imp": "0.447", "ps": "-11.4"}, {"energy": "7.269e-02", "width": "3.1409e+02", "ip": "2.993e-10", "ts": "0", "stretch": "4.3336e+06", "date": "2096-08-21.17", "dist": "159.328", "sigma_lov": "0.39018", "sigma_imp": "0.504", "ps": "-10.8"}, {"energy": "7.680e-02", "width": "3.1516e+02", "ip": "1.766e-09", "ts": "0", "stretch": "6.7976e+05", "date": "2108-08-23.15", "dist": "192.917", "sigma_lov": "0.42731", "sigma_imp": "0.609", "ps": "-10.1"}, {"energy": "5.121e-02", "width": "3.0419e+02", "ip": "2.615e-10", "ts": "0", "stretch": "6.0960e+06", "date": "2109-08-19.90", "dist": "62.690", "sigma_lov": "0.13831", "sigma_imp": "0.203", "ps": "-11.1"}, {"energy": "7.656e-02", "width": "3.1433e+02", "ip": "4.074e-09", "ts": "0", "stretch": "2.9680e+05", "date": "2108-08-23.17", "dist": "190.498", "sigma_lov": "0.42545", "sigma_imp": "0.603", "ps": "-9.72"}, {"energy": "7.620e-02", "width": "3.1530e+02", "ip": "9.047e-10", "ts": "0", "stretch": "1.3408e+06", "date": "2108-08-23.11", "dist": "188.506", "sigma_lov": "0.42236", "sigma_imp": "0.595", "ps": "-10.4"}, {"energy": "6.976e-02", "width": "3.1349e+02", "ip": "7.792e-10", "ts": "0", "stretch": "1.7450e+06", "date": "2107-08-23.71", "dist": "134.526", "sigma_lov": "0.36705", "sigma_imp": "0.426", "ps": "-10.5"}, {"energy": "2.443e-02", "width": "3.6600e+01", "ip": "1.429e-09", "ts": "0", "stretch": "3.3957e+05", "date": "2113-11-03.38", "dist": "92.686", "sigma_lov": "-0.51292", "sigma_imp": "2.505", "ps": "-10.6"}, {"energy": "5.651e-02", "width": "3.0454e+02", "ip": "2.765e-10", "ts": "0", "stretch": "5.8034e+06", "date": "2113-08-20.74", "dist": "1.990", "sigma_lov": "0.21343", "sigma_imp": "0.003", "ps": "-11.0"}, {"energy": "4.222e-02", "width": "3.0151e+02", "ip": "2.868e-10", "ts": "0", "stretch": "4.8408e+06", "date": "2110-08-17.97", "dist": "179.623", "sigma_lov": "-0.02119", "sigma_imp": "0.592", "ps": "-11.1"}, {"energy": "4.354e-02", "width": "2.9166e+02", "ip": "1.038e-09", "ts": "0", "stretch": "1.4033e+06", "date": "2110-08-17.86", "dist": "166.460", "sigma_lov": "0.00390", "sigma_imp": "0.567", "ps": "-10.5"}, {"energy": "6.473e-02", "width": "3.0879e+02", "ip": "2.051e-09", "ts": "0", "stretch": "7.2645e+05", "date": "2106-08-22.25", "dist": "81.924", "sigma_lov": "0.31031", "sigma_imp": "0.262", "ps": "-10.1"}, {"energy": "5.293e-02", "width": "3.0469e+02", "ip": "1.768e-10", "ts": "0", "stretch": "9.0725e+06", "date": "2104-08-18.87", "dist": "42.157", "sigma_lov": "0.16108", "sigma_imp": "0.135", "ps": "-11.2"}, {"energy": "7.470e-02", "width": "3.1336e+02", "ip": "1.077e-09", "ts": "0", "stretch": "1.1679e+06", "date": "2102-08-23.43", "dist": "173.582", "sigma_lov": "0.40961", "sigma_imp": "0.551", "ps": "-10.3"}, {"energy": "5.851e-02", "width": "3.0758e+02", "ip": "9.710e-10", "ts": "0", "stretch": "1.6261e+06", "date": "2102-08-20.78", "dist": "15.235", "sigma_lov": "0.23631", "sigma_imp": "0.046", "ps": "-10.4"}, {"energy": "4.313e-02", "width": "2.9047e+02", "ip": "2.881e-09", "ts": "0", "stretch": "5.0434e+05", "date": "2102-08-18.12", "dist": "169.145", "sigma_lov": "-0.00104", "sigma_imp": "0.579", "ps": "-10.0"}, {"energy": "2.762e-02", "width": "2.8650e+01", "ip": "1.507e-10", "ts": "0", "stretch": "5.3299e+05", "date": "2101-11-03.04", "dist": "93.320", "sigma_lov": "-0.39417", "sigma_imp": "3.222", "ps": "-11.5"}, {"energy": "3.500e-02", "width": "4.8026e+01", "ip": "5.238e-10", "ts": "0", "stretch": "1.3642e+06", "date": "2100-11-03.10", "dist": "110.835", "sigma_lov": "-0.17937", "sigma_imp": "2.287", "ps": "-10.8"}, {"energy": "3.009e-02", "width": "3.1044e+01", "ip": "2.143e-10", "ts": "0", "stretch": "3.3864e+05", "date": "2099-11-02.93", "dist": "101.574", "sigma_lov": "-0.31926", "sigma_imp": "3.240", "ps": "-11.3"}, {"energy": "4.173e-02", "width": "2.8903e+02", "ip": "3.114e-10", "ts": "0", "stretch": "4.4204e+06", "date": "2099-08-16.48", "dist": "195.225", "sigma_lov": "-0.03407", "sigma_imp": "0.672", "ps": "-11.0"}, {"energy": "4.162e-02", "width": "2.8828e+02", "ip": "4.621e-09", "ts": "0", "stretch": "2.9722e+05", "date": "2099-08-16.47", "dist": "196.658", "sigma_lov": "-0.03632", "sigma_imp": "0.679", "ps": "-9.83"}, {"energy": "4.142e-02", "width": "2.8873e+02", "ip": "1.132e-08", "ts": "0", "stretch": "1.2049e+05", "date": "2099-08-16.48", "dist": "199.056", "sigma_lov": "-0.03986", "sigma_imp": "0.686", "ps": "-9.45"}, {"energy": "5.152e-02", "width": "3.0597e+02", "ip": "7.472e-09", "ts": "0", "stretch": "2.1154e+05", "date": "2098-08-18.45", "dist": "66.883", "sigma_lov": "0.13754", "sigma_imp": "0.215", "ps": "-9.54"}, {"energy": "3.202e-02", "width": "5.0708e+01", "ip": "1.359e-10", "ts": "0", "stretch": "6.8122e+06", "date": "2097-11-01.61", "dist": "109.545", "sigma_lov": "-0.25387", "sigma_imp": "2.141", "ps": "-11.4"}, {"energy": "5.128e-02", "width": "2.9673e+02", "ip": "1.740e-08", "ts": "0", "stretch": "9.3294e+04", "date": "2098-08-18.35", "dist": "70.380", "sigma_lov": "0.13358", "sigma_imp": "0.234", "ps": "-9.18"}, {"energy": "1.885e-02", "width": "2.2665e+01", "ip": "1.470e-10", "ts": "0", "stretch": "5.0333e+05", "date": "2109-11-03.58", "dist": "74.414", "sigma_lov": "-0.78735", "sigma_imp": "3.239", "ps": "-11.7"}, {"energy": "4.470e-02", "width": "2.9366e+02", "ip": "8.468e-10", "ts": "0", "stretch": "1.7630e+06", "date": "2110-08-18.05", "dist": "150.405", "sigma_lov": "0.02550", "sigma_imp": "0.509", "ps": "-10.6"}, {"energy": "5.910e-02", "width": "3.0482e+02", "ip": "3.115e-10", "ts": "0", "stretch": "5.0976e+06", "date": "2116-08-20.70", "dist": "22.720", "sigma_lov": "0.24325", "sigma_imp": "0.071", "ps": "-11.0"}, {"energy": "4.654e-02", "width": "2.9568e+02", "ip": "1.522e-10", "ts": "0", "stretch": "1.0181e+07", "date": "2116-08-18.53", "dist": "122.210", "sigma_lov": "0.05907", "sigma_imp": "0.410", "ps": "-11.4"}, {"energy": "4.115e-02", "width": "5.8827e+01", "ip": "2.406e-10", "ts": "0", "stretch": "3.6936e+06", "date": "2115-11-02.88", "dist": "125.002", "sigma_lov": "-0.03678", "sigma_imp": "2.108", "ps": "-11.2"}, {"energy": "7.741e-02", "width": "3.1461e+02", "ip": "1.054e-10", "ts": "0", "stretch": "1.1265e+07", "date": "2114-08-23.98", "dist": "197.971", "sigma_lov": "0.43219", "sigma_imp": "0.626", "ps": "-11.3"}, {"energy": "5.009e-02", "width": "3.0181e+02", "ip": "4.057e-10", "ts": "0", "stretch": "3.9240e+06", "date": "2114-08-19.22", "dist": "77.709", "sigma_lov": "0.11593", "sigma_imp": "0.254", "ps": "-10.9"}, {"energy": "6.221e-02", "width": "3.1373e+02", "ip": "2.243e-10", "ts": "0", "stretch": "6.7144e+06", "date": "2114-08-20.98", "dist": "58.802", "sigma_lov": "0.27917", "sigma_imp": "0.184", "ps": "-11.1"}, {"energy": "6.649e-02", "width": "4.4671e+01", "ip": "1.994e-10", "ts": "0", "stretch": "1.6436e+05", "date": "2095-10-31.46", "dist": "151.853", "sigma_lov": "0.33494", "sigma_imp": "3.377", "ps": "-11.0"}, {"energy": "6.018e-02", "width": "3.0362e+02", "ip": "1.221e-08", "ts": "0", "stretch": "1.2979e+05", "date": "2094-08-20.08", "dist": "31.638", "sigma_lov": "0.25671", "sigma_imp": "0.101", "ps": "-9.26"}, {"energy": "4.293e-02", "width": "2.9105e+02", "ip": "4.348e-10", "ts": "0", "stretch": "3.3088e+06", "date": "2094-08-16.97", "dist": "173.388", "sigma_lov": "-0.00541", "sigma_imp": "0.592", "ps": "-10.8"}, {"energy": "4.291e-02", "width": "2.9011e+02", "ip": "1.674e-10", "ts": "0", "stretch": "8.6073e+06", "date": "2094-08-16.98", "dist": "173.580", "sigma_lov": "-0.00591", "sigma_imp": "0.595", "ps": "-11.2"}, {"energy": "7.218e-02", "width": "3.2845e+02", "ip": "1.231e-09", "ts": "0", "stretch": "1.0420e+06", "date": "2093-08-21.22", "dist": "145.535", "sigma_lov": "0.38279", "sigma_imp": "0.440", "ps": "-10.2"}, {"energy": "6.579e-02", "width": "3.1133e+02", "ip": "2.922e-10", "ts": "0", "stretch": "4.9791e+06", "date": "2092-08-20.64", "dist": "94.842", "sigma_lov": "0.32353", "sigma_imp": "0.301", "ps": "-10.8"}, {"energy": "8.292e-02", "width": "6.8036e+01", "ip": "1.600e-10", "ts": "0", "stretch": "8.8374e+05", "date": "2092-10-27.39", "dist": "188.133", "sigma_lov": "0.50486", "sigma_imp": "2.751", "ps": "-11.0"}, {"energy": "4.144e-02", "width": "2.8746e+02", "ip": "5.525e-09", "ts": "0", "stretch": "2.5122e+05", "date": "2091-08-16.98", "dist": "192.887", "sigma_lov": "-0.03378", "sigma_imp": "0.668", "ps": "-9.71"}, {"energy": "5.727e-02", "width": "2.8413e+02", "ip": "3.839e-10", "ts": "0", "stretch": "4.4657e+06", "date": "2091-08-20.24", "dist": "17.103", "sigma_lov": "0.22096", "sigma_imp": "0.057", "ps": "-10.8"}, {"energy": "5.727e-02", "width": "3.1171e+02", "ip": "5.332e-10", "ts": "0", "stretch": "2.9335e+06", "date": "2091-08-20.25", "dist": "12.560", "sigma_lov": "0.22118", "sigma_imp": "0.037", "ps": "-10.6"}, {"energy": "7.087e-02", "width": "3.1429e+02", "ip": "1.181e-09", "ts": "0", "stretch": "1.1445e+06", "date": "2090-08-21.73", "dist": "135.804", "sigma_lov": "0.37312", "sigma_imp": "0.429", "ps": "-10.2"}, {"energy": "3.197e-02", "width": "3.4444e+01", "ip": "4.603e-10", "ts": "0", "stretch": "4.1716e+05", "date": "2089-11-01.74", "dist": "100.932", "sigma_lov": "-0.25615", "sigma_imp": "2.901", "ps": "-10.9"}, {"energy": "6.346e-02", "width": "3.0776e+02", "ip": "1.002e-08", "ts": "0", "stretch": "1.5106e+05", "date": "2089-08-20.96", "dist": "70.068", "sigma_lov": "0.29924", "sigma_imp": "0.224", "ps": "-9.29"}, {"energy": "6.333e-02", "width": "3.0691e+02", "ip": "1.681e-08", "ts": "0", "stretch": "9.0385e+04", "date": "2089-08-20.95", "dist": "68.848", "sigma_lov": "0.29778", "sigma_imp": "0.221", "ps": "-9.07"}, {"energy": "6.292e-02", "width": "3.0576e+02", "ip": "5.179e-09", "ts": "0", "stretch": "2.9569e+05", "date": "2089-08-20.95", "dist": "65.034", "sigma_lov": "0.29302", "sigma_imp": "0.209", "ps": "-9.58"}, {"energy": "5.711e-02", "width": "3.0571e+02", "ip": "8.961e-09", "ts": "0", "stretch": "1.7831e+05", "date": "2088-08-18.63", "dist": "4.866", "sigma_lov": "0.21509", "sigma_imp": "0.013", "ps": "-9.37"}, {"energy": "3.502e-02", "width": "5.5025e+01", "ip": "3.000e-09", "ts": "0", "stretch": "4.3125e+05", "date": "2087-11-02.51", "dist": "108.185", "sigma_lov": "-0.18296", "sigma_imp": "1.948", "ps": "-10.0"}, {"energy": "6.617e-01", "width": "2.6846e+02", "ip": "1.649e-10", "ts": "0", "stretch": "4.3327e+06", "date": "2086-11-10.37", "dist": "83.869", "sigma_lov": "1.34757", "sigma_imp": "0.309", "ps": "-10.2"}, {"energy": "8.237e-02", "width": "6.6466e+01", "ip": "3.278e-10", "ts": "0", "stretch": "3.8744e+05", "date": "2086-10-28.32", "dist": "187.018", "sigma_lov": "0.49588", "sigma_imp": "2.799", "ps": "-10.7"}, {"energy": "4.392e-02", "width": "2.9170e+02", "ip": "3.622e-09", "ts": "0", "stretch": "4.0518e+05", "date": "2086-08-16.89", "dist": "162.455", "sigma_lov": "0.01277", "sigma_imp": "0.554", "ps": "-9.85"}, {"energy": "1.550e-02", "width": "1.6255e+01", "ip": "1.083e-10", "ts": "0", "stretch": "8.2473e+04", "date": "2085-11-02.65", "dist": "63.547", "sigma_lov": "-1.00865", "sigma_imp": "3.848", "ps": "-11.7"}, {"energy": "5.500e-02", "width": "3.0172e+02", "ip": "1.198e-09", "ts": "0", "stretch": "1.3541e+06", "date": "2085-08-19.14", "dist": "23.446", "sigma_lov": "0.19248", "sigma_imp": "0.074", "ps": "-10.2"}, {"energy": "5.470e-02", "width": "3.0163e+02", "ip": "6.527e-09", "ts": "0", "stretch": "2.4857e+05", "date": "2085-08-19.13", "dist": "26.395", "sigma_lov": "0.18815", "sigma_imp": "0.084", "ps": "-9.51"}, {"energy": "5.418e-02", "width": "3.0037e+02", "ip": "3.007e-09", "ts": "0", "stretch": "5.4167e+05", "date": "2085-08-19.13", "dist": "31.327", "sigma_lov": "0.18107", "sigma_imp": "0.101", "ps": "-9.85"}, {"energy": "4.822e-02", "width": "2.9625e+02", "ip": "6.448e-09", "ts": "0", "stretch": "2.4431e+05", "date": "2084-08-17.41", "dist": "106.982", "sigma_lov": "0.08664", "sigma_imp": "0.358", "ps": "-9.55"}, {"energy": "4.813e-02", "width": "2.9415e+02", "ip": "1.976e-09", "ts": "0", "stretch": "8.0108e+05", "date": "2084-08-17.42", "dist": "108.171", "sigma_lov": "0.08528", "sigma_imp": "0.364", "ps": "-10.1"}, {"energy": "2.734e-02", "width": "3.5600e+01", "ip": "2.350e-09", "ts": "0", "stretch": "2.3748e+05", "date": "2083-11-02.39", "dist": "89.270", "sigma_lov": "-0.40470", "sigma_imp": "2.480", "ps": "-10.2"}, {"energy": "4.204e-02", "width": "3.1586e+01", "ip": "1.214e-10", "ts": "0", "stretch": "2.2803e+05", "date": "2083-11-01.63", "dist": "112.564", "sigma_lov": "-0.01849", "sigma_imp": "3.532", "ps": "-11.3"}, {"energy": "4.194e-02", "width": "2.8519e+02", "ip": "1.698e-09", "ts": "0", "stretch": "8.3359e+05", "date": "2083-08-16.96", "dist": "186.490", "sigma_lov": "-0.02339", "sigma_imp": "0.650", "ps": "-10.2"}, {"energy": "8.150e-02", "width": "6.5286e+01", "ip": "1.402e-10", "ts": "0", "stretch": "8.7727e+05", "date": "2083-10-28.79", "dist": "184.949", "sigma_lov": "0.48836", "sigma_imp": "2.818", "ps": "-11.0"}, {"energy": "4.735e-02", "width": "2.9660e+02", "ip": "2.929e-10", "ts": "0", "stretch": "5.2810e+06", "date": "2081-08-17.07", "dist": "121.127", "sigma_lov": "0.07081", "sigma_imp": "0.405", "ps": "-10.9"}, {"energy": "4.575e-02", "width": "2.9417e+02", "ip": "5.522e-10", "ts": "0", "stretch": "2.7537e+06", "date": "2081-08-17.00", "dist": "138.263", "sigma_lov": "0.04298", "sigma_imp": "0.467", "ps": "-10.6"}, {"energy": "4.630e-02", "width": "2.8771e+02", "ip": "8.027e-10", "ts": "0", "stretch": "1.9346e+06", "date": "2081-08-16.85", "dist": "135.634", "sigma_lov": "0.05253", "sigma_imp": "0.468", "ps": "-10.4"}, {"energy": "4.788e-02", "width": "2.9702e+02", "ip": "1.928e-10", "ts": "0", "stretch": "8.1024e+06", "date": "2081-08-16.99", "dist": "112.236", "sigma_lov": "0.07934", "sigma_imp": "0.375", "ps": "-11.1"}, {"energy": "2.567e-02", "width": "2.8651e+01", "ip": "3.630e-10", "ts": "0", "stretch": "4.1529e+05", "date": "2080-11-01.81", "dist": "87.320", "sigma_lov": "-0.46611", "sigma_imp": "3.013", "ps": "-11.0"}, {"energy": "2.523e-02", "width": "2.7819e+01", "ip": "2.070e-10", "ts": "0", "stretch": "6.9690e+05", "date": "2080-11-01.71", "dist": "85.381", "sigma_lov": "-0.48309", "sigma_imp": "3.033", "ps": "-11.2"}, {"energy": "5.881e-02", "width": "3.0403e+02", "ip": "3.022e-09", "ts": "0", "stretch": "5.2741e+05", "date": "2080-08-19.51", "dist": "18.534", "sigma_lov": "0.24231", "sigma_imp": "0.058", "ps": "-9.78"}, {"energy": "7.408e-02", "width": "3.1204e+02", "ip": "1.223e-09", "ts": "0", "stretch": "1.0442e+06", "date": "2079-08-22.77", "dist": "167.625", "sigma_lov": "0.40605", "sigma_imp": "0.534", "ps": "-10.1"}, {"energy": "9.137e-02", "width": "8.1796e+01", "ip": "1.049e-10", "ts": "0", "stretch": "3.1199e+06", "date": "2078-10-28.87", "dist": "192.648", "sigma_lov": "0.55381", "sigma_imp": "2.343", "ps": "-11.1"}, {"energy": "6.650e-02", "width": "3.1001e+02", "ip": "2.713e-10", "ts": "0", "stretch": "5.3777e+06", "date": "2078-08-21.01", "dist": "93.914", "sigma_lov": "0.32921", "sigma_imp": "0.300", "ps": "-10.8"}, {"energy": "2.766e-02", "width": "6.4497e+01", "ip": "2.587e-10", "ts": "0", "stretch": "1.1093e+07", "date": "2078-11-01.72", "dist": "87.398", "sigma_lov": "-0.38853", "sigma_imp": "1.340", "ps": "-11.1"}, {"energy": "3.742e-02", "width": "4.7314e+01", "ip": "3.943e-10", "ts": "0", "stretch": "1.5929e+06", "date": "2077-10-31.97", "dist": "112.295", "sigma_lov": "-0.11597", "sigma_imp": "2.352", "ps": "-10.8"}, {"energy": "7.975e-02", "width": "6.3685e+01", "ip": "1.216e-10", "ts": "0", "stretch": "1.0082e+06", "date": "2077-10-28.39", "dist": "181.192", "sigma_lov": "0.47326", "sigma_imp": "2.829", "ps": "-11.1"}, {"energy": "5.017e-02", "width": "2.9895e+02", "ip": "2.575e-09", "ts": "0", "stretch": "6.1803e+05", "date": "2076-08-17.15", "dist": "87.872", "sigma_lov": "0.11401", "sigma_imp": "0.291", "ps": "-9.88"}, {"energy": "2.595e-02", "width": "2.8182e+01", "ip": "2.436e-10", "ts": "0", "stretch": "4.2083e+05", "date": "2075-11-02.77", "dist": "89.556", "sigma_lov": "-0.46017", "sigma_imp": "3.142", "ps": "-11.1"}, {"energy": "4.224e-02", "width": "2.8935e+02", "ip": "3.340e-09", "ts": "0", "stretch": "4.1739e+05", "date": "2075-08-16.38", "dist": "189.500", "sigma_lov": "-0.02275", "sigma_imp": "0.651", "ps": "-9.82"}, {"energy": "6.354e-02", "width": "3.0997e+02", "ip": "8.635e-10", "ts": "0", "stretch": "1.7591e+06", "date": "2075-08-20.05", "dist": "58.688", "sigma_lov": "0.29047", "sigma_imp": "0.186", "ps": "-10.3"}, {"energy": "6.480e-02", "width": "3.1129e+02", "ip": "1.501e-09", "ts": "0", "stretch": "9.9562e+05", "date": "2075-08-20.12", "dist": "70.088", "sigma_lov": "0.30505", "sigma_imp": "0.222", "ps": "-10.0"}, {"energy": "6.457e-02", "width": "3.1114e+02", "ip": "4.272e-09", "ts": "0", "stretch": "3.5096e+05", "date": "2075-08-20.09", "dist": "67.605", "sigma_lov": "0.30228", "sigma_imp": "0.214", "ps": "-9.56"}, {"energy": "5.563e-02", "width": "3.0189e+02", "ip": "4.665e-10", "ts": "0", "stretch": "3.4728e+06", "date": "2074-08-19.10", "dist": "20.391", "sigma_lov": "0.19926", "sigma_imp": "0.064", "ps": "-10.6"}, {"energy": "5.522e-02", "width": "3.0317e+02", "ip": "2.354e-09", "ts": "0", "stretch": "6.8525e+05", "date": "2074-08-19.08", "dist": "24.915", "sigma_lov": "0.19353", "sigma_imp": "0.079", "ps": "-9.87"}, {"energy": "3.927e-02", "width": "3.9407e+01", "ip": "1.073e-09", "ts": "0", "stretch": "1.4585e+05", "date": "2072-10-31.35", "dist": "116.812", "sigma_lov": "-0.07683", "sigma_imp": "2.939", "ps": "-10.3"}, {"energy": "3.920e-02", "width": "1.6677e+02", "ip": "3.430e-09", "ts": "0", "stretch": "6.6846e+05", "date": "2072-10-31.29", "dist": "121.442", "sigma_lov": "-0.07805", "sigma_imp": "0.722", "ps": "-9.81"}, {"energy": "7.012e-02", "width": "3.1210e+02", "ip": "3.903e-09", "ts": "0", "stretch": "3.5417e+05", "date": "2070-08-21.31", "dist": "125.710", "sigma_lov": "0.36414", "sigma_imp": "0.400", "ps": "-9.54"}, {"energy": "6.951e-02", "width": "3.1034e+02", "ip": "1.412e-09", "ts": "0", "stretch": "9.9204e+05", "date": "2070-08-21.31", "dist": "120.629", "sigma_lov": "0.35800", "sigma_imp": "0.385", "ps": "-9.98"}, {"energy": "6.921e-02", "width": "2.4415e+02", "ip": "1.161e-10", "ts": "0", "stretch": "1.4419e+07", "date": "2070-08-21.52", "dist": "128.510", "sigma_lov": "0.35553", "sigma_imp": "0.522", "ps": "-11.1"}, {"energy": "4.539e-02", "width": "2.9271e+02", "ip": "2.825e-09", "ts": "0", "stretch": "5.3474e+05", "date": "2070-08-16.90", "dist": "144.738", "sigma_lov": "0.03826", "sigma_imp": "0.491", "ps": "-9.83"}, {"energy": "4.500e-02", "width": "2.9473e+02", "ip": "2.431e-08", "ts": "0", "stretch": "6.1251e+04", "date": "2070-08-16.99", "dist": "150.355", "sigma_lov": "0.03162", "sigma_imp": "0.507", "ps": "-8.90"}, {"energy": "4.488e-02", "width": "2.9536e+02", "ip": "2.331e-09", "ts": "0", "stretch": "6.3467e+05", "date": "2070-08-16.86", "dist": "153.029", "sigma_lov": "0.02881", "sigma_imp": "0.515", "ps": "-9.92"}, {"energy": "9.127e-02", "width": "8.3670e+01", "ip": "4.217e-10", "ts": "0", "stretch": "7.9371e+05", "date": "2069-10-29.18", "dist": "195.571", "sigma_lov": "0.54863", "sigma_imp": "2.325", "ps": "-10.4"}, {"energy": "1.640e-02", "width": "1.8743e+01", "ip": "2.049e-10", "ts": "0", "stretch": "2.6806e+05", "date": "2068-11-02.23", "dist": "63.518", "sigma_lov": "-0.94500", "sigma_imp": "3.336", "ps": "-11.3"}, {"energy": "4.238e-02", "width": "2.8878e+02", "ip": "3.600e-09", "ts": "0", "stretch": "3.9348e+05", "date": "2067-08-16.81", "dist": "182.902", "sigma_lov": "-0.01543", "sigma_imp": "0.630", "ps": "-9.72"}, {"energy": "8.948e-02", "width": "6.8098e+01", "ip": "1.973e-10", "ts": "0", "stretch": "4.5722e+05", "date": "2066-10-28.88", "dist": "198.616", "sigma_lov": "0.54028", "sigma_imp": "2.902", "ps": "-10.7"}, {"energy": "4.870e-02", "width": "2.9505e+02", "ip": "8.869e-09", "ts": "0", "stretch": "1.7947e+05", "date": "2065-08-17.76", "dist": "100.481", "sigma_lov": "0.09673", "sigma_imp": "0.337", "ps": "-9.26"}, {"energy": "6.705e-02", "width": "3.1217e+02", "ip": "5.012e-09", "ts": "0", "stretch": "2.8961e+05", "date": "2064-08-19.83", "dist": "92.512", "sigma_lov": "0.32989", "sigma_imp": "0.293", "ps": "-9.39"}, {"energy": "6.674e-02", "width": "3.1113e+02", "ip": "1.949e-09", "ts": "0", "stretch": "7.4964e+05", "date": "2064-08-19.84", "dist": "90.168", "sigma_lov": "0.32654", "sigma_imp": "0.287", "ps": "-9.80"}, {"energy": "5.621e-02", "width": "3.0483e+02", "ip": "4.198e-09", "ts": "0", "stretch": "3.8197e+05", "date": "2063-08-18.64", "dist": "22.283", "sigma_lov": "0.20027", "sigma_imp": "0.070", "ps": "-9.52"}, {"energy": "5.445e-02", "width": "2.8999e+02", "ip": "1.009e-10", "ts": "0", "stretch": "1.6783e+07", "date": "2063-08-18.57", "dist": "22.339", "sigma_lov": "0.17547", "sigma_imp": "0.074", "ps": "-11.2"}, {"energy": "7.576e-02", "width": "3.1133e+02", "ip": "5.537e-10", "ts": "0", "stretch": "2.1935e+06", "date": "2062-08-23.28", "dist": "190.625", "sigma_lov": "0.42858", "sigma_imp": "0.609", "ps": "-10.3"}, {"energy": "4.600e-02", "width": "2.9298e+02", "ip": "9.439e-09", "ts": "0", "stretch": "1.6224e+05", "date": "2062-08-17.29", "dist": "135.516", "sigma_lov": "0.05171", "sigma_imp": "0.459", "ps": "-9.23"}, {"energy": "4.559e-02", "width": "2.9202e+02", "ip": "2.113e-09", "ts": "0", "stretch": "7.2183e+05", "date": "2062-08-17.33", "dist": "139.853", "sigma_lov": "0.04438", "sigma_imp": "0.475", "ps": "-9.88"}, {"energy": "6.692e-02", "width": "6.3322e+01", "ip": "1.079e-10", "ts": "0", "stretch": "5.1261e+06", "date": "2061-10-30.98", "dist": "144.426", "sigma_lov": "0.33958", "sigma_imp": "2.265", "ps": "-11.0"}, {"energy": "6.424e-02", "width": "3.0793e+02", "ip": "2.851e-09", "ts": "0", "stretch": "5.2876e+05", "date": "2061-08-20.42", "dist": "71.697", "sigma_lov": "0.30654", "sigma_imp": "0.230", "ps": "-9.62"}, {"energy": "8.753e-02", "width": "6.3871e+01", "ip": "1.074e-10", "ts": "0", "stretch": "5.8663e+05", "date": "2060-10-28.73", "dist": "195.516", "sigma_lov": "0.52402", "sigma_imp": "3.045", "ps": "-10.9"}, {"energy": "2.173e-02", "width": "2.3828e+01", "ip": "1.132e-10", "ts": "0", "stretch": "6.6129e+05", "date": "2059-11-02.57", "dist": "78.571", "sigma_lov": "-0.63427", "sigma_imp": "3.255", "ps": "-11.4"}, {"energy": "7.383e-02", "width": "5.5793e+01", "ip": "1.753e-10", "ts": "0", "stretch": "4.6771e+05", "date": "2059-10-30.13", "dist": "169.384", "sigma_lov": "0.41387", "sigma_imp": "3.018", "ps": "-10.8"}, {"energy": "4.281e-02", "width": "2.8889e+02", "ip": "3.608e-09", "ts": "0", "stretch": "3.9776e+05", "date": "2059-08-16.94", "dist": "176.820", "sigma_lov": "-0.00622", "sigma_imp": "0.609", "ps": "-9.64"}, {"energy": "6.416e-01", "width": "1.6514e+02", "ip": "1.942e-10", "ts": "0", "stretch": "3.7163e+06", "date": "2058-11-09.32", "dist": "170.065", "sigma_lov": "1.34359", "sigma_imp": "1.024", "ps": "-9.96"}, {"energy": "6.264e-02", "width": "3.0940e+02", "ip": "6.782e-09", "ts": "0", "stretch": "2.2578e+05", "date": "2058-08-19.61", "dist": "51.100", "sigma_lov": "0.28350", "sigma_imp": "0.162", "ps": "-9.22"}, {"energy": "5.180e-02", "width": "3.0136e+02", "ip": "1.064e-09", "ts": "0", "stretch": "1.5031e+06", "date": "2057-08-17.64", "dist": "69.381", "sigma_lov": "0.14072", "sigma_imp": "0.227", "ps": "-10.1"}, {"energy": "5.078e-02", "width": "2.9918e+02", "ip": "5.354e-09", "ts": "0", "stretch": "2.9849e+05", "date": "2057-08-17.50", "dist": "81.234", "sigma_lov": "0.12557", "sigma_imp": "0.268", "ps": "-9.39"}, {"energy": "7.117e-02", "width": "6.0056e+01", "ip": "1.635e-10", "ts": "0", "stretch": "1.6874e+06", "date": "2056-10-29.22", "dist": "155.038", "sigma_lov": "0.38708", "sigma_imp": "2.565", "ps": "-10.8"}, {"energy": "5.975e-02", "width": "3.0649e+02", "ip": "3.910e-09", "ts": "0", "stretch": "4.0337e+05", "date": "2055-08-19.71", "dist": "21.345", "sigma_lov": "0.25039", "sigma_imp": "0.066", "ps": "-9.45"}, {"energy": "2.221e-02", "width": "2.2157e+01", "ip": "1.716e-10", "ts": "0", "stretch": "2.8651e+05", "date": "2054-11-02.19", "dist": "76.400", "sigma_lov": "-0.61113", "sigma_imp": "3.403", "ps": "-11.1"}, {"energy": "8.496e-02", "width": "6.4438e+01", "ip": "1.193e-10", "ts": "0", "stretch": "6.6959e+05", "date": "2054-10-29.02", "dist": "192.175", "sigma_lov": "0.50790", "sigma_imp": "2.967", "ps": "-10.8"}, {"energy": "4.757e-02", "width": "2.9456e+02", "ip": "2.003e-09", "ts": "0", "stretch": "7.8346e+05", "date": "2054-08-17.44", "dist": "114.409", "sigma_lov": "0.07875", "sigma_imp": "0.385", "ps": "-9.81"}, {"energy": "4.718e-02", "width": "2.9545e+02", "ip": "6.610e-09", "ts": "0", "stretch": "2.3491e+05", "date": "2054-08-17.51", "dist": "120.714", "sigma_lov": "0.07219", "sigma_imp": "0.405", "ps": "-9.29"}, {"energy": "7.032e-02", "width": "5.2588e+01", "ip": "1.485e-10", "ts": "0", "stretch": "5.3063e+05", "date": "2053-10-29.99", "dist": "161.608", "sigma_lov": "0.37748", "sigma_imp": "3.054", "ps": "-10.8"}, {"energy": "7.011e-02", "width": "3.1033e+02", "ip": "2.918e-09", "ts": "0", "stretch": "4.7156e+05", "date": "2053-08-21.72", "dist": "130.798", "sigma_lov": "0.37122", "sigma_imp": "0.418", "ps": "-9.50"}, {"energy": "4.383e-02", "width": "2.9125e+02", "ip": "4.508e-09", "ts": "0", "stretch": "3.2068e+05", "date": "2051-08-16.41", "dist": "170.715", "sigma_lov": "0.00753", "sigma_imp": "0.583", "ps": "-9.45"}, {"energy": "3.271e-02", "width": "2.7630e+01", "ip": "3.534e-10", "ts": "0", "stretch": "1.5396e+05", "date": "2050-11-01.48", "dist": "93.944", "sigma_lov": "-0.23690", "sigma_imp": "3.364", "ps": "-10.6"}, {"energy": "6.835e-02", "width": "3.0110e+02", "ip": "2.089e-10", "ts": "0", "stretch": "6.8209e+06", "date": "2050-08-21.36", "dist": "127.947", "sigma_lov": "0.35460", "sigma_imp": "0.422", "ps": "-10.6"}, {"energy": "6.823e-02", "width": "3.0999e+02", "ip": "1.090e-09", "ts": "0", "stretch": "1.2963e+06", "date": "2050-08-21.38", "dist": "115.649", "sigma_lov": "0.35369", "sigma_imp": "0.370", "ps": "-9.90"}, {"energy": "6.758e-02", "width": "3.1024e+02", "ip": "3.564e-09", "ts": "0", "stretch": "4.0181e+05", "date": "2050-08-21.41", "dist": "105.623", "sigma_lov": "0.34659", "sigma_imp": "0.337", "ps": "-9.38"}, {"energy": "6.721e-02", "width": "3.0871e+02", "ip": "2.380e-09", "ts": "0", "stretch": "6.0712e+05", "date": "2050-08-21.37", "dist": "102.749", "sigma_lov": "0.34277", "sigma_imp": "0.330", "ps": "-9.56"}, {"energy": "2.277e-02", "width": "2.1685e+01", "ip": "4.068e-10", "ts": "0", "stretch": "1.8408e+05", "date": "2049-11-01.76", "dist": "72.318", "sigma_lov": "-0.58556", "sigma_imp": "3.289", "ps": "-10.7"}, {"energy": "5.362e-02", "width": "3.0095e+02", "ip": "4.331e-09", "ts": "0", "stretch": "3.7407e+05", "date": "2049-08-18.12", "dist": "43.792", "sigma_lov": "0.17085", "sigma_imp": "0.142", "ps": "-9.37"}, {"energy": "1.522e-02", "width": "1.5773e+01", "ip": "1.767e-10", "ts": "0", "stretch": "1.2718e+05", "date": "2048-11-02.28", "dist": "57.846", "sigma_lov": "-1.03195", "sigma_imp": "3.604", "ps": "-11.2"}, {"energy": "8.263e-02", "width": "6.1057e+01", "ip": "1.320e-10", "ts": "0", "stretch": "5.0437e+05", "date": "2048-10-29.08", "dist": "187.084", "sigma_lov": "0.48581", "sigma_imp": "3.048", "ps": "-10.7"}, {"energy": "2.841e-02", "width": "2.5638e+01", "ip": "4.451e-10", "ts": "0", "stretch": "1.6731e+05", "date": "2047-11-01.99", "dist": "85.046", "sigma_lov": "-0.36847", "sigma_imp": "3.278", "ps": "-10.6"}, {"energy": "6.545e-02", "width": "5.0115e+01", "ip": "2.071e-10", "ts": "0", "stretch": "3.9033e+05", "date": "2047-10-30.78", "dist": "154.685", "sigma_lov": "0.32446", "sigma_imp": "3.067", "ps": "-10.6"}, {"energy": "6.493e-02", "width": "3.0805e+02", "ip": "3.700e-09", "ts": "0", "stretch": "4.0412e+05", "date": "2047-08-21.00", "dist": "78.143", "sigma_lov": "0.31538", "sigma_imp": "0.250", "ps": "-9.34"}, {"energy": "4.993e-02", "width": "3.8079e+01", "ip": "1.572e-10", "ts": "0", "stretch": "3.1590e+05", "date": "2046-10-31.90", "dist": "127.113", "sigma_lov": "0.11692", "sigma_imp": "3.312", "ps": "-10.8"}, {"energy": "4.944e-02", "width": "2.9786e+02", "ip": "4.838e-09", "ts": "0", "stretch": "3.2659e+05", "date": "2046-08-17.37", "dist": "98.853", "sigma_lov": "0.10415", "sigma_imp": "0.329", "ps": "-9.30"}, {"energy": "8.102e-02", "width": "5.9577e+01", "ip": "1.329e-10", "ts": "0", "stretch": "4.8152e+05", "date": "2045-10-29.50", "dist": "183.929", "sigma_lov": "0.47105", "sigma_imp": "3.070", "ps": "-10.7"}, {"energy": "2.359e-02", "width": "2.2786e+01", "ip": "5.225e-10", "ts": "0", "stretch": "1.8741e+05", "date": "2044-11-01.48", "dist": "73.922", "sigma_lov": "-0.55126", "sigma_imp": "3.200", "ps": "-10.5"}, {"energy": "6.252e-02", "width": "2.9522e+02", "ip": "4.984e-10", "ts": "0", "stretch": "3.1768e+06", "date": "2044-08-19.45", "dist": "67.659", "sigma_lov": "0.28691", "sigma_imp": "0.226", "ps": "-10.2"}, {"energy": "6.242e-02", "width": "3.0928e+02", "ip": "1.580e-09", "ts": "0", "stretch": "9.6574e+05", "date": "2044-08-19.47", "dist": "56.892", "sigma_lov": "0.28597", "sigma_imp": "0.181", "ps": "-9.68"}, {"energy": "6.167e-02", "width": "3.0702e+02", "ip": "6.472e-09", "ts": "0", "stretch": "2.3965e+05", "date": "2044-08-19.53", "dist": "44.223", "sigma_lov": "0.27711", "sigma_imp": "0.141", "ps": "-9.07"}, {"energy": "6.109e-02", "width": "3.0775e+02", "ip": "1.568e-09", "ts": "0", "stretch": "9.9103e+05", "date": "2044-08-19.44", "dist": "38.154", "sigma_lov": "0.27018", "sigma_imp": "0.121", "ps": "-9.69"}, {"energy": "1.453e-02", "width": "1.5321e+01", "ip": "2.615e-10", "ts": "0", "stretch": "1.2380e+05", "date": "2043-11-03.03", "dist": "54.509", "sigma_lov": "-1.08884", "sigma_imp": "3.493", "ps": "-11.0"}, {"energy": "4.527e-02", "width": "3.6671e+01", "ip": "2.854e-10", "ts": "0", "stretch": "2.7148e+05", "date": "2043-11-01.07", "dist": "117.920", "sigma_lov": "0.04144", "sigma_imp": "3.188", "ps": "-10.5"}, {"energy": "4.464e-02", "width": "2.9169e+02", "ip": "5.355e-09", "ts": "0", "stretch": "2.7729e+05", "date": "2043-08-16.95", "dist": "156.111", "sigma_lov": "0.02607", "sigma_imp": "0.532", "ps": "-9.25"}, {"energy": "7.844e-02", "width": "6.0034e+01", "ip": "2.107e-10", "ts": "0", "stretch": "3.9682e+05", "date": "2042-10-29.44", "dist": "180.084", "sigma_lov": "0.45265", "sigma_imp": "2.983", "ps": "-10.4"}, {"energy": "7.778e-02", "width": "3.1041e+02", "ip": "3.056e-09", "ts": "0", "stretch": "3.8895e+05", "date": "2042-08-23.15", "dist": "198.687", "sigma_lov": "0.44470", "sigma_imp": "0.637", "ps": "-9.28"}, {"energy": "5.831e-02", "width": "4.4890e+01", "ip": "2.384e-10", "ts": "0", "stretch": "3.1494e+05", "date": "2041-10-30.86", "dist": "141.553", "sigma_lov": "0.23863", "sigma_imp": "3.131", "ps": "-10.5"}, {"energy": "5.779e-02", "width": "3.0493e+02", "ip": "5.201e-09", "ts": "0", "stretch": "3.0732e+05", "date": "2041-08-18.93", "dist": "0.128", "sigma_lov": "0.22630", "sigma_imp": "0.000", "ps": "-9.14"}, {"energy": "2.491e-02", "width": "2.2811e+01", "ip": "2.833e-10", "ts": "0", "stretch": "1.6168e+05", "date": "2039-11-02.42", "dist": "79.331", "sigma_lov": "-0.50141", "sigma_imp": "3.434", "ps": "-10.7"}, {"energy": "7.668e-02", "width": "5.5127e+01", "ip": "1.433e-10", "ts": "0", "stretch": "3.5947e+05", "date": "2039-10-30.61", "dist": "175.704", "sigma_lov": "0.42952", "sigma_imp": "3.169", "ps": "-10.6"}, {"energy": "7.580e-02", "width": "3.1401e+02", "ip": "3.609e-09", "ts": "0", "stretch": "3.4742e+05", "date": "2039-08-21.93", "dist": "172.430", "sigma_lov": "0.41962", "sigma_imp": "0.546", "ps": "-9.17"}, {"energy": "1.369e-02", "width": "1.5104e+01", "ip": "5.096e-10", "ts": "0", "stretch": "1.0182e+05", "date": "2038-11-02.75", "dist": "51.388", "sigma_lov": "-1.16289", "sigma_imp": "3.336", "ps": "-10.6"}, {"energy": "5.261e-02", "width": "3.0006e+02", "ip": "8.679e-09", "ts": "0", "stretch": "1.8628e+05", "date": "2038-08-18.36", "dist": "56.592", "sigma_lov": "0.15798", "sigma_imp": "0.185", "ps": "-8.89"}, {"energy": "5.138e-02", "width": "5.8993e+02", "ip": "1.935e-10", "ts": "0", "stretch": "4.1854e+06", "date": "2038-10-30.36", "dist": "156.561", "sigma_lov": "0.14495", "sigma_imp": "0.264", "ps": "-10.6"}, {"energy": "3.384e-02", "width": "3.0914e+01", "ip": "7.845e-10", "ts": "0", "stretch": "1.8550e+05", "date": "2037-10-31.94", "dist": "94.688", "sigma_lov": "-0.20487", "sigma_imp": "3.031", "ps": "-10.1"}, {"energy": "7.286e-02", "width": "5.4698e+01", "ip": "2.248e-10", "ts": "0", "stretch": "3.0996e+05", "date": "2036-10-29.68", "dist": "169.439", "sigma_lov": "0.39792", "sigma_imp": "3.079", "ps": "-10.3"}, {"energy": "7.196e-02", "width": "3.1146e+02", "ip": "4.505e-09", "ts": "0", "stretch": "2.9859e+05", "date": "2036-08-21.01", "dist": "140.813", "sigma_lov": "0.38645", "sigma_imp": "0.449", "ps": "-9.03"}, {"energy": "8.825e-03", "width": "1.1067e+01", "ip": "4.309e-10", "ts": "0", "stretch": "6.6223e+04", "date": "2035-11-03.49", "dist": "37.761", "sigma_lov": "-1.76412", "sigma_imp": "3.322", "ps": "-10.8"}, {"energy": "4.749e-02", "width": "3.9462e+01", "ip": "4.955e-10", "ts": "0", "stretch": "2.1363e+05", "date": "2035-10-31.73", "dist": "122.044", "sigma_lov": "0.08142", "sigma_imp": "3.067", "ps": "-10.1"}, {"energy": "4.664e-02", "width": "2.9398e+02", "ip": "7.761e-09", "ts": "0", "stretch": "1.9821e+05", "date": "2035-08-17.34", "dist": "130.530", "sigma_lov": "0.06204", "sigma_imp": "0.441", "ps": "-8.92"}, {"energy": "2.684e-02", "width": "1.4281e+02", "ip": "1.497e-09", "ts": "0", "stretch": "1.7071e+06", "date": "2034-11-01.92", "dist": "95.615", "sigma_lov": "-0.42596", "sigma_imp": "0.663", "ps": "-9.80"}, {"energy": "1.243e-02", "width": "1.4167e+01", "ip": "6.465e-10", "ts": "0", "stretch": "7.6838e+04", "date": "2033-11-02.64", "dist": "48.019", "sigma_lov": "-1.28696", "sigma_imp": "3.319", "ps": "-10.4"}, {"energy": "6.859e-02", "width": "5.1863e+01", "ip": "2.564e-10", "ts": "0", "stretch": "2.8833e+05", "date": "2033-10-30.19", "dist": "160.828", "sigma_lov": "0.35495", "sigma_imp": "3.082", "ps": "-10.2"}, {"energy": "6.752e-02", "width": "3.1087e+02", "ip": "6.124e-09", "ts": "0", "stretch": "2.3594e+05", "date": "2033-08-20.33", "dist": "97.569", "sigma_lov": "0.34020", "sigma_imp": "0.311", "ps": "-8.84"}, {"energy": "6.210e-02", "width": "4.9739e+01", "ip": "5.439e-10", "ts": "0", "stretch": "1.9121e+05", "date": "2030-10-30.42", "dist": "149.718", "sigma_lov": "0.28749", "sigma_imp": "2.990", "ps": "-9.84"}, {"energy": "6.085e-02", "width": "3.0664e+02", "ip": "8.555e-09", "ts": "0", "stretch": "1.8275e+05", "date": "2030-08-19.85", "dist": "34.132", "sigma_lov": "0.26772", "sigma_imp": "0.108", "ps": "-8.64"}, {"energy": "3.045e-02", "width": "2.8022e+01", "ip": "1.031e-09", "ts": "0", "stretch": "1.0884e+05", "date": "2029-11-01.31", "dist": "88.824", "sigma_lov": "-0.30345", "sigma_imp": "3.134", "ps": "-9.78"}, {"energy": "1.041e-02", "width": "1.2172e+01", "ip": "3.316e-10", "ts": "0", "stretch": "4.8531e+04", "date": "2028-11-02.71", "dist": "44.512", "sigma_lov": "-1.52832", "sigma_imp": "3.575", "ps": "-10.6"}, {"energy": "5.383e-02", "width": "4.2408e+01", "ip": "5.238e-10", "ts": "0", "stretch": "1.3776e+05", "date": "2027-10-31.63", "dist": "135.195", "sigma_lov": "0.17493", "sigma_imp": "3.164", "ps": "-9.80"}, {"energy": "5.204e-02", "width": "3.0174e+02", "ip": "1.233e-08", "ts": "0", "stretch": "1.2935e+05", "date": "2027-08-17.74", "dist": "70.724", "sigma_lov": "0.14447", "sigma_imp": "0.231", "ps": "-8.43"}, {"energy": "3.999e-02", "width": "3.5286e+01", "ip": "1.663e-09", "ts": "0", "stretch": "8.0940e+04", "date": "2024-10-31.31", "dist": "107.673", "sigma_lov": "-0.06110", "sigma_imp": "3.023", "ps": "-9.25"}, {"energy": "1.865e-02", "width": "2.0243e+01", "ip": "6.408e-09", "ts": "0", "stretch": "3.0022e+04", "date": "2021-11-01.91", "dist": "60.982", "sigma_lov": "-0.79967", "sigma_imp": "2.963", "ps": "-8.71"}]}