{"summary": {"energy": "5.223e-02", "darc": ".13171 days", "ip": "5.436e-10", "h": "27.08", "nobs": "14", "mass": "2.98e+06", "v_inf": "4.79", "first_obs": "2016-Jun-16.31796", "method": "LOV", "pdate": "2017-04-20 20:45:53", "ndop": "0", "cdate": "2017-04-20 20:45:53", "ps_cum": "-10.71", "diameter": "0.013", "ndel": "0", "v_imp": "12.13", "ps_max": "-10.8", "last_obs": "2016-Jun-16.44967", "fullname": "(2016 MH3)", "n_imp": "2", "ts_max": "0", "nsat": "0", "des": "2016 MH3"}, "signature": {"source": "NASA/JPL Sentry Data API", "version": "1.1"}, "data": [{"energy": "5.224e-02", "width": "1.2045e+02", "ip": "4.064e-10", "ts": "0", "stretch": "2.1987e+06", "date": "2104-06-13.34", "dist": "174.252", "sigma_lov": "-0.98930", "sigma_imp": "1.438", "ps": "-10.8"}, {"energy": "5.219e-02", "width": "1.3161e+02", "ip": "1.372e-10", "ts": "0", "stretch": "6.7620e+06", "date": "2104-06-13.51", "dist": "178.541", "sigma_lov": "-0.98916", "sigma_imp": "1.349", "ps": "-11.3"}]}