{"summary": {"energy": "3.748e-02", "darc": "6.0894 days", "ip": "4.24691039e-05", "h": "27.66", "nobs": "32", "mass": "1.34e+06", "v_inf": "10.53", "first_obs": "2016-Feb-05.3591", "method": "LOV", "pdate": "2017-04-06 12:56:02", "ndop": "0", "cdate": "2017-04-06 12:56:02", "ps_cum": "-5.71", "diameter": "0.00990451668088999", "ndel": "0", "v_imp": "15.33", "ps_max": "-5.76", "last_obs": "2016-Feb-11.448544", "fullname": "(2016 CD30)", "n_imp": "11", "ts_max": "0", "nsat": "0", "des": "2016 CD30"}, "signature": {"source": "NASA/JPL Sentry Data API", "version": "1.1"}, "data": [{"energy": "3.661e-02", "width": "2.2222e-02", "ip": "3.605e-08", "ts": "0", "stretch": "2.3911e+06", "date": "2094-01-31.54", "dist": "0.379", "sigma_lov": "-2.07269", "sigma_imp": "0.000", "ps": "-8.95"}, {"energy": "3.680e-02", "width": "6.2113e-03", "ip": "3.235e-07", "ts": "0", "stretch": "2.6876e+05", "date": "2070-01-31.67", "dist": "0.646", "sigma_lov": "-1.97333", "sigma_imp": "0.000", "ps": "-7.84"}, {"energy": "3.753e-02", "width": "3.9284e-03", "ip": "1.965e-06", "ts": "0", "stretch": "3.7164e+05", "date": "2070-01-31.68", "dist": "0.332", "sigma_lov": "-0.24520", "sigma_imp": "0.000", "ps": "-7.05"}, {"energy": "3.744e-02", "width": "6.0053e-03", "ip": "3.818e-05", "ts": "0", "stretch": "1.4759e+04", "date": "2070-01-31.72", "dist": "0.636", "sigma_lov": "-0.42103", "sigma_imp": "0.000", "ps": "-5.76"}, {"energy": "3.839e-02", "width": "4.7164e-03", "ip": "1.112e-06", "ts": "0", "stretch": "1.7756e+04", "date": "2061-01-31.49", "dist": "0.993", "sigma_lov": "1.70601", "sigma_imp": "0.000", "ps": "-7.21"}, {"energy": "3.865e-02", "width": "4.3921e-03", "ip": "2.313e-07", "ts": "0", "stretch": "2.4301e+05", "date": "2061-01-31.47", "dist": "0.026", "sigma_lov": "2.30369", "sigma_imp": "0.000", "ps": "-7.88"}, {"energy": "3.792e-02", "width": "6.8042e-03", "ip": "5.858e-07", "ts": "0", "stretch": "5.4511e+05", "date": "2056-02-01.25", "dist": "0.888", "sigma_lov": "0.52942", "sigma_imp": "0.000", "ps": "-7.44"}, {"energy": "3.579e-02", "width": "5.6790e-03", "ip": "1.268e-08", "ts": "0", "stretch": "1.2241e+04", "date": "2097-01-31.34", "dist": "0.633", "sigma_lov": "-4.07230", "sigma_imp": "0.000", "ps": "-9.43"}, {"energy": "3.910e-02", "width": "4.3542e-03", "ip": "1.149e-09", "ts": "0", "stretch": "1.0509e+04", "date": "2107-02-01.69", "dist": "0.969", "sigma_lov": "4.40611", "sigma_imp": "0.000", "ps": "-10.5"}, {"energy": "3.585e-02", "width": "5.9688e-03", "ip": "2.100e-08", "ts": "0", "stretch": "2.0009e+04", "date": "2111-02-01.85", "dist": "0.850", "sigma_lov": "-3.71776", "sigma_imp": "0.000", "ps": "-9.28"}, {"energy": "3.904e-02", "width": "4.1084e-03", "ip": "6.249e-10", "ts": "0", "stretch": "6.4445e+04", "date": "2095-01-31.73", "dist": "0.925", "sigma_lov": "4.22647", "sigma_imp": "0.000", "ps": "-10.7"}]}