{"summary": {"energy": "4.500e-02", "darc": "13.805 days", "ip": "2.553218e-06", "h": "27.31", "nobs": "34", "mass": "2.17e+06", "v_inf": "7.05", "first_obs": "2016-Nov-18.46506", "method": "LOV", "pdate": "2017-04-16 13:17:19", "ndop": "0", "cdate": "2017-04-16 13:17:19", "ps_cum": "-7.11", "diameter": "0.012", "ndel": "0", "v_imp": "13.19", "ps_max": "-7.11", "last_obs": "2016-Dec-02.270385", "fullname": "(2016 WU)", "n_imp": "3", "ts_max": "0", "nsat": "0", "des": "2016 WU"}, "signature": {"source": "NASA/JPL Sentry Data API", "version": "1.1"}, "data": [{"energy": "4.500e-02", "width": "2.8633e-03", "ip": "2.538e-06", "ts": "0", "stretch": "2.4483e+05", "date": "2109-05-16.16", "dist": "0.077", "sigma_lov": "-0.70503", "sigma_imp": "0.000", "ps": "-7.11"}, {"energy": "4.499e-02", "width": "0.0000e+00", "ip": "1.413e-08", "ts": "0", "stretch": "4.1577e+05", "date": "2090-11-16.92", "dist": "0.735", "sigma_lov": "-3.01075", "sigma_imp": "0.000", "ps": "-9.27"}, {"energy": "4.470e-02", "width": "3.3032e-03", "ip": "1.088e-09", "ts": "0", "stretch": "7.3956e+04", "date": "2089-05-15.18", "dist": "0.902", "sigma_lov": "-4.09411", "sigma_imp": "0.000", "ps": "-10.4"}]}