{"summary": {"energy": "9.837e-02", "darc": "1.1194 days", "ip": "3.9745e-07", "h": "27.10", "nobs": "36", "mass": "2.91e+06", "v_inf": "12.63", "first_obs": "2016-Jun-08.29814", "method": "LOV", "pdate": "2017-04-09 18:45:27", "ndop": "0", "cdate": "2017-04-09 18:45:27", "ps_cum": "-7.35", "diameter": "0.013", "ndel": "0", "v_imp": "16.85", "ps_max": "-7.56", "last_obs": "2016-Jun-09.41755", "fullname": "(2016 LE10)", "n_imp": "3", "ts_max": "0", "nsat": "0", "des": "2016 LE10"}, "signature": {"source": "NASA/JPL Sentry Data API", "version": "1.1"}, "data": [{"energy": "9.812e-02", "width": "0.0000e+00", "ip": "2.931e-07", "ts": "0", "stretch": "4.0996e+05", "date": "2072-06-06.78", "dist": "0.835", "sigma_lov": "1.61142", "sigma_imp": "0.000", "ps": "-7.56"}, {"energy": "9.835e-02", "width": "7.8568e-03", "ip": "6.584e-08", "ts": "0", "stretch": "1.3739e+06", "date": "2072-06-06.74", "dist": "0.968", "sigma_lov": "1.25763", "sigma_imp": "0.000", "ps": "-8.21"}, {"energy": "1.003e-01", "width": "1.1545e-03", "ip": "3.851e-08", "ts": "0", "stretch": "5.3170e+03", "date": "2035-06-07.52", "dist": "0.975", "sigma_lov": "-3.68024", "sigma_imp": "0.000", "ps": "-7.95"}]}