{"summary": {"energy": "2.019e-02", "darc": ".56895 days", "ip": "2.531688e-06", "h": "28.34", "nobs": "16", "mass": "5.24e+05", "v_inf": "14.12", "first_obs": "2016-Nov-25.35937", "method": "LOV", "pdate": "2017-04-12 18:50:37", "ndop": "0", "cdate": "2017-04-12 18:50:37", "ps_cum": "-7.41", "diameter": "0.00729302441691077", "ndel": "0", "v_imp": "17.99", "ps_max": "-7.74", "last_obs": "2016-Nov-25.928324", "fullname": "(2016 WR55)", "n_imp": "13", "ts_max": "0", "nsat": "0", "des": "2016 WR55"}, "signature": {"source": "NASA/JPL Sentry Data API", "version": "1.1"}, "data": [{"energy": "2.033e-02", "width": "7.3273e-02", "ip": "1.217e-06", "ts": "0", "stretch": "1.7849e+05", "date": "2115-11-29.33", "dist": "0.498", "sigma_lov": "-1.51867", "sigma_imp": "0.000", "ps": "-7.74"}, {"energy": "1.984e-02", "width": "7.2768e-02", "ip": "1.766e-07", "ts": "0", "stretch": "4.5736e+05", "date": "2114-11-29.12", "dist": "0.156", "sigma_lov": "2.13313", "sigma_imp": "0.000", "ps": "-8.58"}, {"energy": "1.997e-02", "width": "8.6067e-02", "ip": "1.290e-08", "ts": "0", "stretch": "6.1374e+06", "date": "2109-11-28.90", "dist": "1.009", "sigma_lov": "0.90102", "sigma_imp": "0.106", "ps": "-9.69"}, {"energy": "2.018e-02", "width": "7.4949e-02", "ip": "1.669e-07", "ts": "0", "stretch": "3.5146e+06", "date": "2109-11-28.89", "dist": "0.457", "sigma_lov": "-0.60953", "sigma_imp": "0.000", "ps": "-8.58"}, {"energy": "1.986e-02", "width": "7.3231e-02", "ip": "4.008e-09", "ts": "0", "stretch": "9.3046e+05", "date": "2114-11-29.13", "dist": "1.084", "sigma_lov": "1.93537", "sigma_imp": "1.145", "ps": "-10.2"}, {"energy": "1.994e-02", "width": "7.4335e-02", "ip": "6.078e-07", "ts": "0", "stretch": "2.5572e+05", "date": "2110-11-29.19", "dist": "0.677", "sigma_lov": "1.62440", "sigma_imp": "0.000", "ps": "-8.03"}, {"energy": "2.050e-02", "width": "8.9839e-02", "ip": "8.357e-09", "ts": "0", "stretch": "1.5088e+06", "date": "2108-11-28.56", "dist": "0.010", "sigma_lov": "-2.87803", "sigma_imp": "0.000", "ps": "-9.87"}, {"energy": "2.050e-02", "width": "5.6996e-02", "ip": "9.808e-09", "ts": "0", "stretch": "1.2878e+06", "date": "2108-11-28.56", "dist": "0.072", "sigma_lov": "-2.87740", "sigma_imp": "0.000", "ps": "-9.80"}, {"energy": "1.994e-02", "width": "6.7472e-02", "ip": "3.411e-08", "ts": "0", "stretch": "1.5305e+06", "date": "2108-11-28.63", "dist": "0.961", "sigma_lov": "1.62993", "sigma_imp": "0.000", "ps": "-9.27"}, {"energy": "2.053e-02", "width": "7.4649e-02", "ip": "3.380e-08", "ts": "0", "stretch": "4.0894e+04", "date": "2101-11-28.94", "dist": "0.020", "sigma_lov": "-3.56444", "sigma_imp": "0.000", "ps": "-9.23"}, {"energy": "2.003e-02", "width": "5.8598e-02", "ip": "1.335e-09", "ts": "0", "stretch": "2.2069e+05", "date": "2100-11-28.71", "dist": "1.159", "sigma_lov": "0.92975", "sigma_imp": "2.708", "ps": "-10.6"}, {"energy": "2.048e-02", "width": "7.5334e-02", "ip": "1.797e-08", "ts": "0", "stretch": "7.9575e+05", "date": "2115-11-29.26", "dist": "0.325", "sigma_lov": "-2.81444", "sigma_imp": "0.000", "ps": "-9.57"}, {"energy": "2.031e-02", "width": "7.2343e-02", "ip": "2.411e-07", "ts": "0", "stretch": "5.7608e+05", "date": "2115-11-29.30", "dist": "0.829", "sigma_lov": "-1.50493", "sigma_imp": "0.000", "ps": "-8.44"}]}