{"summary": {"energy": "1.281e+00", "darc": "31.977 days", "ip": "2.210504e-06", "h": "25.31", "nobs": "30", "mass": "3.47e+07", "v_inf": "13.64", "first_obs": "2016-Sep-25.12674", "method": "LOV", "pdate": "2017-04-18 01:54:03", "ndop": "0", "cdate": "2017-04-18 01:54:03", "ps_cum": "-5.85", "diameter": "0.029", "ndel": "0", "v_imp": "17.61", "ps_max": "-5.88", "last_obs": "2016-Oct-27.103638", "fullname": "(2016 SK2)", "n_imp": "5", "ts_max": "0", "nsat": "0", "des": "2016 SK2"}, "signature": {"source": "NASA/JPL Sentry Data API", "version": "1.1"}, "data": [{"energy": "1.280e+00", "width": "1.1111e-02", "ip": "2.890e-08", "ts": "0", "stretch": "1.6040e+06", "date": "2082-09-18.44", "dist": "0.637", "sigma_lov": "-2.27555", "sigma_imp": "0.000", "ps": "-7.75"}, {"energy": "1.281e+00", "width": "2.8695e-03", "ip": "2.081e-06", "ts": "0", "stretch": "2.4052e+03", "date": "2081-09-18.19", "dist": "0.777", "sigma_lov": "-3.03851", "sigma_imp": "0.000", "ps": "-5.88"}, {"energy": "1.291e+00", "width": "2.9468e-03", "ip": "5.034e-09", "ts": "0", "stretch": "5.5667e+03", "date": "2078-09-18.44", "dist": "0.090", "sigma_lov": "4.53302", "sigma_imp": "0.000", "ps": "-8.47"}, {"energy": "1.282e+00", "width": "0.0000e+00", "ip": "5.419e-08", "ts": "0", "stretch": "7.5243e+05", "date": "2075-09-18.66", "dist": "0.825", "sigma_lov": "-2.19427", "sigma_imp": "0.000", "ps": "-7.42"}, {"energy": "1.289e+00", "width": "2.7340e-03", "ip": "4.138e-08", "ts": "0", "stretch": "6.8102e+04", "date": "2073-09-18.17", "dist": "0.125", "sigma_lov": "3.36166", "sigma_imp": "0.000", "ps": "-7.52"}]}