{"summary": {"energy": "1.120e-03", "darc": ".88746 days", "ip": "7.730681e-07", "h": "30.52", "nobs": "11", "mass": "2.56e+04", "v_inf": "15.60", "first_obs": "2016-Feb-26.40498", "method": "LOV", "pdate": "2017-04-09 20:12:06", "ndop": "0", "cdate": "2017-04-09 20:12:06", "ps_cum": "-8.31", "diameter": "0.0027", "ndel": "0", "v_imp": "19.17", "ps_max": "-8.35", "last_obs": "2016-Feb-27.292437", "fullname": "(2016 DY30)", "n_imp": "9", "ts_max": "0", "nsat": "0", "des": "2016 DY30"}, "signature": {"source": "NASA/JPL Sentry Data API", "version": "1.1"}, "data": [{"energy": "1.120e-03", "width": "1.5991e+01", "ip": "4.112e-10", "ts": "0", "stretch": "3.9674e+06", "date": "2105-07-21.08", "dist": "38.836", "sigma_lov": "0.11458", "sigma_imp": "2.366", "ps": "-12.2"}, {"energy": "1.130e-03", "width": "6.6023e+01", "ip": "4.206e-09", "ts": "0", "stretch": "1.4203e+05", "date": "2105-02-26.66", "dist": "3.830", "sigma_lov": "2.25493", "sigma_imp": "0.043", "ps": "-11.2"}, {"energy": "1.126e-03", "width": "8.4598e-01", "ip": "1.226e-07", "ts": "0", "stretch": "1.4331e+05", "date": "2087-02-25.93", "dist": "2.516", "sigma_lov": "0.33901", "sigma_imp": "1.793", "ps": "-9.59"}, {"energy": "1.118e-03", "width": "1.0253e-03", "ip": "3.878e-08", "ts": "0", "stretch": "1.4734e+04", "date": "2063-02-25.84", "dist": "0.355", "sigma_lov": "-3.79104", "sigma_imp": "0.000", "ps": "-9.91"}, {"energy": "1.119e-03", "width": "0.0000e+00", "ip": "2.398e-09", "ts": "0", "stretch": "5.2426e+05", "date": "2055-02-25.87", "dist": "0.457", "sigma_lov": "-3.56260", "sigma_imp": "0.000", "ps": "-11.0"}, {"energy": "1.119e-03", "width": "1.2028e-03", "ip": "6.666e-09", "ts": "0", "stretch": "1.5830e+05", "date": "2043-02-25.81", "dist": "0.035", "sigma_lov": "-3.64371", "sigma_imp": "0.000", "ps": "-10.4"}, {"energy": "1.119e-03", "width": "1.1359e-03", "ip": "5.794e-07", "ts": "0", "stretch": "2.1019e+03", "date": "2036-02-26.01", "dist": "0.139", "sigma_lov": "-3.60158", "sigma_imp": "0.000", "ps": "-8.35"}, {"energy": "1.118e-03", "width": "1.1114e-01", "ip": "1.839e-08", "ts": "0", "stretch": "2.9604e+05", "date": "2115-02-26.96", "dist": "0.131", "sigma_lov": "-3.15611", "sigma_imp": "0.000", "ps": "-10.6"}, {"energy": "1.127e-03", "width": "9.0172e-01", "ip": "2.169e-10", "ts": "0", "stretch": "2.3044e+06", "date": "2106-02-26.74", "dist": "3.746", "sigma_lov": "0.34086", "sigma_imp": "3.045", "ps": "-12.4"}]}