{"summary": {"energy": "7.148e-03", "darc": "3.0809 days", "ip": "8.76486134e-05", "h": "28.50", "nobs": "106", "mass": "4.22e+05", "v_inf": "4.25", "first_obs": "2016-Feb-03.38205", "method": "LOV", "pdate": "2017-04-12 00:22:52", "ndop": "0", "cdate": "2017-04-12 00:22:52", "ps_cum": "-6.08", "diameter": "0.0068", "ndel": "0", "v_imp": "11.93", "ps_max": "-6.44", "last_obs": "2016-Feb-06.462999", "fullname": "(2016 CG18)", "n_imp": "40", "ts_max": "0", "nsat": "0", "des": "2016 CG18"}, "signature": {"source": "NASA/JPL Sentry Data API", "version": "1.1"}, "data": [{"energy": "7.156e-03", "width": "0.0000e+00", "ip": "7.873e-09", "ts": "0", "stretch": "1.6228e+07", "date": "2116-02-05.65", "dist": "0.761", "sigma_lov": "-1.87591", "sigma_imp": "0.000", "ps": "-10.3"}, {"energy": "7.160e-03", "width": "0.0000e+00", "ip": "3.013e-06", "ts": "0", "stretch": "4.2871e+04", "date": "2116-02-05.70", "dist": "0.324", "sigma_lov": "-1.87828", "sigma_imp": "0.000", "ps": "-7.71"}, {"energy": "7.159e-03", "width": "0.0000e+00", "ip": "1.967e-06", "ts": "0", "stretch": "6.8046e+04", "date": "2116-02-05.70", "dist": "0.203", "sigma_lov": "-1.87761", "sigma_imp": "0.000", "ps": "-7.89"}, {"energy": "7.157e-03", "width": "0.0000e+00", "ip": "2.274e-06", "ts": "0", "stretch": "5.9549e+04", "date": "2116-02-05.66", "dist": "0.072", "sigma_lov": "-1.88129", "sigma_imp": "0.000", "ps": "-7.83"}, {"energy": "7.161e-03", "width": "8.5052e-04", "ip": "2.086e-06", "ts": "0", "stretch": "5.9143e+04", "date": "2116-02-05.69", "dist": "0.402", "sigma_lov": "-1.88535", "sigma_imp": "0.000", "ps": "-7.87"}, {"energy": "7.155e-03", "width": "2.7778e-03", "ip": "3.700e-07", "ts": "0", "stretch": "3.4863e+05", "date": "2116-02-05.71", "dist": "0.248", "sigma_lov": "-1.89162", "sigma_imp": "0.000", "ps": "-8.62"}, {"energy": "7.130e-03", "width": "0.0000e+00", "ip": "1.450e-06", "ts": "0", "stretch": "5.3465e+05", "date": "2115-08-07.70", "dist": "0.231", "sigma_lov": "0.05745", "sigma_imp": "0.000", "ps": "-8.03"}, {"energy": "7.149e-03", "width": "4.9105e-04", "ip": "2.938e-09", "ts": "0", "stretch": "5.1554e+04", "date": "2115-02-05.60", "dist": "0.266", "sigma_lov": "-4.13025", "sigma_imp": "0.000", "ps": "-10.7"}, {"energy": "7.155e-03", "width": "0.0000e+00", "ip": "1.419e-06", "ts": "0", "stretch": "4.7853e+05", "date": "2113-02-04.54", "dist": "0.512", "sigma_lov": "-0.13901", "sigma_imp": "0.000", "ps": "-8.02"}, {"energy": "7.158e-03", "width": "0.0000e+00", "ip": "6.281e-08", "ts": "0", "stretch": "7.4175e+05", "date": "2113-02-04.95", "dist": "0.641", "sigma_lov": "-2.27460", "sigma_imp": "0.000", "ps": "-9.38"}, {"energy": "7.152e-03", "width": "0.0000e+00", "ip": "3.258e-07", "ts": "0", "stretch": "5.9743e+05", "date": "2112-02-05.51", "dist": "0.437", "sigma_lov": "-1.61472", "sigma_imp": "0.000", "ps": "-8.66"}, {"energy": "7.148e-03", "width": "4.9105e-04", "ip": "1.263e-05", "ts": "0", "stretch": "5.7147e+04", "date": "2112-02-05.61", "dist": "0.407", "sigma_lov": "-0.13767", "sigma_imp": "0.000", "ps": "-7.07"}, {"energy": "7.143e-03", "width": "0.0000e+00", "ip": "1.724e-10", "ts": "0", "stretch": "4.3699e+04", "date": "2112-02-06.03", "dist": "0.985", "sigma_lov": "-4.42854", "sigma_imp": "0.000", "ps": "-11.9"}, {"energy": "7.152e-03", "width": "5.5556e-03", "ip": "2.147e-07", "ts": "0", "stretch": "8.4064e+05", "date": "2110-02-05.06", "dist": "0.587", "sigma_lov": "-1.59644", "sigma_imp": "0.000", "ps": "-8.83"}, {"energy": "7.159e-03", "width": "0.0000e+00", "ip": "1.229e-07", "ts": "0", "stretch": "1.9076e+06", "date": "2108-02-05.52", "dist": "0.135", "sigma_lov": "-1.55814", "sigma_imp": "0.000", "ps": "-9.06"}, {"energy": "7.156e-03", "width": "0.0000e+00", "ip": "3.094e-07", "ts": "0", "stretch": "3.7553e+05", "date": "2106-02-05.20", "dist": "0.821", "sigma_lov": "-1.65161", "sigma_imp": "0.000", "ps": "-8.65"}, {"energy": "7.160e-03", "width": "0.0000e+00", "ip": "1.002e-07", "ts": "0", "stretch": "7.9420e+05", "date": "2105-02-05.15", "dist": "0.642", "sigma_lov": "-2.01984", "sigma_imp": "0.000", "ps": "-9.14"}, {"energy": "7.155e-03", "width": "0.0000e+00", "ip": "1.110e-07", "ts": "0", "stretch": "3.0532e+06", "date": "2105-02-04.78", "dist": "0.381", "sigma_lov": "-1.24880", "sigma_imp": "0.000", "ps": "-9.09"}, {"energy": "7.145e-03", "width": "1.9642e-03", "ip": "1.050e-07", "ts": "0", "stretch": "2.3969e+05", "date": "2103-08-08.11", "dist": "0.432", "sigma_lov": "2.59065", "sigma_imp": "0.000", "ps": "-9.11"}, {"energy": "7.160e-03", "width": "0.0000e+00", "ip": "6.411e-08", "ts": "0", "stretch": "1.0002e+06", "date": "2103-02-05.33", "dist": "0.547", "sigma_lov": "-2.16398", "sigma_imp": "0.000", "ps": "-9.32"}, {"energy": "7.154e-03", "width": "0.0000e+00", "ip": "1.000e-07", "ts": "0", "stretch": "7.5521e+05", "date": "2103-02-05.30", "dist": "0.110", "sigma_lov": "-2.16775", "sigma_imp": "0.000", "ps": "-9.13"}, {"energy": "7.160e-03", "width": "9.8210e-04", "ip": "2.391e-05", "ts": "0", "stretch": "1.9252e+04", "date": "2103-02-05.56", "dist": "0.747", "sigma_lov": "0.53459", "sigma_imp": "0.000", "ps": "-6.75"}, {"energy": "7.157e-03", "width": "2.2222e-02", "ip": "1.918e-07", "ts": "0", "stretch": "2.8800e+06", "date": "2102-02-04.95", "dist": "0.140", "sigma_lov": "-0.84509", "sigma_imp": "0.000", "ps": "-8.84"}, {"energy": "7.157e-03", "width": "0.0000e+00", "ip": "3.839e-07", "ts": "0", "stretch": "3.4804e+05", "date": "2102-02-05.25", "dist": "0.786", "sigma_lov": "-1.61608", "sigma_imp": "0.000", "ps": "-8.54"}, {"energy": "7.157e-03", "width": "4.8113e-03", "ip": "2.937e-07", "ts": "0", "stretch": "3.7049e+05", "date": "2101-02-05.02", "dist": "0.868", "sigma_lov": "-1.60687", "sigma_imp": "0.000", "ps": "-8.65"}, {"energy": "7.153e-03", "width": "2.7778e-03", "ip": "5.457e-07", "ts": "0", "stretch": "2.2169e+05", "date": "2101-02-05.19", "dist": "0.306", "sigma_lov": "-1.91608", "sigma_imp": "0.000", "ps": "-8.38"}, {"energy": "7.151e-03", "width": "0.0000e+00", "ip": "1.393e-08", "ts": "0", "stretch": "3.1234e+06", "date": "2101-02-05.19", "dist": "0.940", "sigma_lov": "-1.92017", "sigma_imp": "0.000", "ps": "-9.97"}, {"energy": "7.149e-03", "width": "0.0000e+00", "ip": "3.359e-07", "ts": "0", "stretch": "1.0335e+06", "date": "2101-02-05.00", "dist": "0.247", "sigma_lov": "-1.26527", "sigma_imp": "0.000", "ps": "-8.59"}, {"energy": "7.173e-03", "width": "1.2276e-04", "ip": "2.600e-08", "ts": "0", "stretch": "8.6992e+03", "date": "2097-02-04.07", "dist": "0.736", "sigma_lov": "3.94533", "sigma_imp": "0.000", "ps": "-9.68"}, {"energy": "7.161e-03", "width": "0.0000e+00", "ip": "3.428e-08", "ts": "0", "stretch": "1.7478e+06", "date": "2094-02-04.08", "dist": "0.651", "sigma_lov": "-2.15638", "sigma_imp": "0.000", "ps": "-9.54"}, {"energy": "7.157e-03", "width": "1.7010e-03", "ip": "7.311e-07", "ts": "0", "stretch": "2.3081e+05", "date": "2091-02-04.54", "dist": "0.734", "sigma_lov": "-1.52625", "sigma_imp": "0.000", "ps": "-8.20"}, {"energy": "7.157e-03", "width": "0.0000e+00", "ip": "7.739e-07", "ts": "0", "stretch": "1.4636e+05", "date": "2091-02-04.56", "dist": "0.862", "sigma_lov": "-1.59413", "sigma_imp": "0.000", "ps": "-8.17"}, {"energy": "7.150e-03", "width": "0.0000e+00", "ip": "1.476e-07", "ts": "0", "stretch": "3.5818e+06", "date": "2090-02-04.07", "dist": "0.295", "sigma_lov": "-0.85476", "sigma_imp": "0.000", "ps": "-8.89"}, {"energy": "7.174e-03", "width": "9.8210e-04", "ip": "1.403e-06", "ts": "0", "stretch": "1.1862e+05", "date": "2089-02-04.22", "dist": "0.461", "sigma_lov": "-1.70062", "sigma_imp": "0.000", "ps": "-7.90"}, {"energy": "7.168e-03", "width": "0.0000e+00", "ip": "2.259e-06", "ts": "0", "stretch": "6.5071e+04", "date": "2089-02-04.22", "dist": "0.618", "sigma_lov": "-1.70267", "sigma_imp": "0.000", "ps": "-7.70"}, {"energy": "7.148e-03", "width": "0.0000e+00", "ip": "1.804e-07", "ts": "0", "stretch": "5.7760e+05", "date": "2085-02-04.36", "dist": "0.562", "sigma_lov": "-1.92074", "sigma_imp": "0.000", "ps": "-8.77"}, {"energy": "7.157e-03", "width": "0.0000e+00", "ip": "8.995e-07", "ts": "0", "stretch": "2.0861e+05", "date": "2077-02-04.33", "dist": "0.096", "sigma_lov": "-1.69784", "sigma_imp": "0.000", "ps": "-8.02"}, {"energy": "7.156e-03", "width": "1.3889e-03", "ip": "1.031e-06", "ts": "0", "stretch": "2.4702e+05", "date": "2073-02-04.39", "dist": "0.664", "sigma_lov": "-1.30395", "sigma_imp": "0.000", "ps": "-7.93"}, {"energy": "7.154e-03", "width": "4.9105e-04", "ip": "1.802e-06", "ts": "0", "stretch": "3.5905e+04", "date": "2072-02-05.26", "dist": "0.744", "sigma_lov": "-2.05261", "sigma_imp": "0.000", "ps": "-7.68"}, {"energy": "7.129e-03", "width": "7.8246e-05", "ip": "2.595e-05", "ts": "0", "stretch": "5.3308e+03", "date": "2062-08-07.18", "dist": "0.963", "sigma_lov": "-0.93533", "sigma_imp": "0.000", "ps": "-6.44"}]}