{"summary": {"energy": "1.098e-02", "darc": "1.1106 days", "ip": "5.010e-10", "h": "28.46", "nobs": "35", "mass": "4.43e+05", "v_inf": "9.16", "first_obs": "2016-Feb-16.13556", "method": "LOV", "pdate": "2017-04-09 14:22:04", "ndop": "0", "cdate": "2017-04-09 14:22:04", "ps_cum": "-11.00", "diameter": "6.9e-03", "ndel": "0", "v_imp": "14.43", "ps_max": "-11.0", "last_obs": "2016-Feb-17.24619", "fullname": "(2016 DB)", "n_imp": "1", "ts_max": "0", "nsat": "0", "des": "2016 DB"}, "signature": {"source": "NASA/JPL Sentry Data API", "version": "1.1"}, "data": [{"energy": "1.098e-02", "width": "4.7853e+00", "ip": "5.010e-10", "ts": "0", "stretch": "2.3118e+05", "date": "2059-05-01.60", "dist": "12.039", "sigma_lov": "-2.70867", "sigma_imp": "2.307", "ps": "-11.0"}]}