{"summary": {"energy": "9.343e+00", "darc": "2.0449 days", "ip": "7.02561e-08", "h": "24.14", "nobs": "10", "mass": "1.79e+08", "v_inf": "17.35", "first_obs": "2016-May-01.25957", "method": "LOV", "pdate": "2017-04-09 11:46:48", "ndop": "0", "cdate": "2017-04-09 11:46:48", "ps_cum": "-6.34", "diameter": "0.0505437961970562", "ndel": "0", "v_imp": "20.64", "ps_max": "-7.36", "last_obs": "2016-May-03.30446", "fullname": "(2016 JG38)", "n_imp": "127", "ts_max": "0", "nsat": "0", "des": "2016 JG38"}, "signature": {"source": "NASA/JPL Sentry Data API", "version": "1.1"}, "data": [{"energy": "5.230e+00", "width": "1.2967e+02", "ip": "1.520e-10", "ts": "0", "stretch": "8.1229e+06", "date": "2108-10-12.90", "dist": "191.222", "sigma_lov": "-0.32177", "sigma_imp": "1.467", "ps": "-9.68"}, {"energy": "5.223e+00", "width": "1.2473e+02", "ip": "1.286e-10", "ts": "0", "stretch": "9.1051e+06", "date": "2108-10-12.84", "dist": "191.541", "sigma_lov": "-0.32105", "sigma_imp": "1.528", "ps": "-9.75"}, {"energy": "7.308e+00", "width": "1.0853e+02", "ip": "2.062e-10", "ts": "0", "stretch": "7.3769e+06", "date": "2107-10-14.04", "dist": "151.209", "sigma_lov": "-0.52482", "sigma_imp": "1.384", "ps": "-9.43"}, {"energy": "7.820e+00", "width": "9.8491e+01", "ip": "6.659e-10", "ts": "0", "stretch": "4.5558e+06", "date": "2106-10-15.72", "dist": "84.255", "sigma_lov": "-0.54611", "sigma_imp": "0.845", "ps": "-8.89"}, {"energy": "7.821e+00", "width": "8.6802e+01", "ip": "1.048e-09", "ts": "0", "stretch": "2.8669e+06", "date": "2106-10-15.71", "dist": "86.937", "sigma_lov": "-0.54650", "sigma_imp": "0.990", "ps": "-8.69"}, {"energy": "6.949e+00", "width": "1.1128e+02", "ip": "7.792e-10", "ts": "0", "stretch": "2.0798e+06", "date": "2106-10-14.49", "dist": "149.314", "sigma_lov": "-0.48928", "sigma_imp": "1.333", "ps": "-8.86"}, {"energy": "7.892e+00", "width": "8.3068e+01", "ip": "2.016e-09", "ts": "0", "stretch": "1.8975e+06", "date": "2105-10-16.58", "dist": "65.221", "sigma_lov": "-0.53902", "sigma_imp": "0.773", "ps": "-8.40"}, {"energy": "8.674e+00", "width": "1.3241e+02", "ip": "5.363e-10", "ts": "0", "stretch": "3.5872e+06", "date": "2104-10-15.66", "dist": "132.100", "sigma_lov": "-0.59479", "sigma_imp": "0.990", "ps": "-8.94"}, {"energy": "6.302e+00", "width": "1.2815e+02", "ip": "7.084e-10", "ts": "0", "stretch": "1.8245e+06", "date": "2104-10-13.30", "dist": "182.088", "sigma_lov": "-0.43707", "sigma_imp": "1.413", "ps": "-8.93"}, {"energy": "5.961e+00", "width": "9.1771e+01", "ip": "7.022e-10", "ts": "0", "stretch": "4.2400e+06", "date": "2101-10-16.51", "dist": "94.874", "sigma_lov": "-0.37405", "sigma_imp": "1.023", "ps": "-8.94"}, {"energy": "9.996e+00", "width": "9.8188e+01", "ip": "6.123e-10", "ts": "0", "stretch": "6.4262e+06", "date": "2096-10-14.60", "dist": "23.928", "sigma_lov": "-0.67592", "sigma_imp": "0.234", "ps": "-8.79"}, {"energy": "1.098e+01", "width": "1.0826e+02", "ip": "3.664e-10", "ts": "0", "stretch": "6.9124e+06", "date": "2096-10-15.79", "dist": "90.264", "sigma_lov": "-0.71182", "sigma_imp": "0.825", "ps": "-8.98"}, {"energy": "5.451e+00", "width": "1.3374e+02", "ip": "3.409e-10", "ts": "0", "stretch": "3.4963e+06", "date": "2096-10-11.97", "dist": "196.805", "sigma_lov": "-0.34794", "sigma_imp": "1.464", "ps": "-9.26"}, {"energy": "7.444e+00", "width": "1.1426e+02", "ip": "3.907e-10", "ts": "0", "stretch": "4.4499e+06", "date": "2096-10-13.59", "dist": "143.366", "sigma_lov": "-0.52177", "sigma_imp": "1.246", "ps": "-9.09"}, {"energy": "6.846e+00", "width": "1.2277e+02", "ip": "1.597e-09", "ts": "0", "stretch": "8.2934e+05", "date": "2092-10-12.67", "dist": "174.294", "sigma_lov": "-0.48084", "sigma_imp": "1.411", "ps": "-8.48"}, {"energy": "8.369e+00", "width": "1.3893e+02", "ip": "4.276e-10", "ts": "0", "stretch": "3.1234e+06", "date": "2092-10-13.13", "dist": "177.738", "sigma_lov": "-0.58826", "sigma_imp": "1.272", "ps": "-8.99"}, {"energy": "1.426e+01", "width": "9.0233e+01", "ip": "7.371e-10", "ts": "0", "stretch": "4.3011e+06", "date": "2091-10-20.25", "dist": "61.452", "sigma_lov": "-0.80844", "sigma_imp": "0.670", "ps": "-8.56"}, {"energy": "7.714e+00", "width": "8.1297e+01", "ip": "1.293e-09", "ts": "0", "stretch": "1.8382e+06", "date": "2091-10-14.62", "dist": "103.072", "sigma_lov": "-0.54190", "sigma_imp": "1.256", "ps": "-8.53"}, {"energy": "5.216e+00", "width": "1.3251e+02", "ip": "3.846e-10", "ts": "0", "stretch": "3.2580e+06", "date": "2091-10-12.75", "dist": "192.203", "sigma_lov": "-0.31749", "sigma_imp": "1.443", "ps": "-9.19"}, {"energy": "6.220e+00", "width": "1.2578e+02", "ip": "3.491e-10", "ts": "0", "stretch": "3.4682e+06", "date": "2091-10-12.76", "dist": "186.197", "sigma_lov": "-0.43164", "sigma_imp": "1.472", "ps": "-9.17"}, {"energy": "7.442e+00", "width": "1.1702e+02", "ip": "2.300e-10", "ts": "0", "stretch": "7.3280e+06", "date": "2089-10-13.72", "dist": "147.532", "sigma_lov": "-0.52091", "sigma_imp": "1.252", "ps": "-9.28"}, {"energy": "7.336e+00", "width": "9.3263e+01", "ip": "1.788e-09", "ts": "0", "stretch": "1.8088e+06", "date": "2087-10-15.99", "dist": "81.514", "sigma_lov": "-0.49760", "sigma_imp": "0.863", "ps": "-8.38"}, {"energy": "7.341e+00", "width": "8.5687e+01", "ip": "3.025e-10", "ts": "0", "stretch": "1.0946e+07", "date": "2087-10-16.03", "dist": "80.670", "sigma_lov": "-0.49737", "sigma_imp": "0.930", "ps": "-9.15"}, {"energy": "7.336e+00", "width": "8.1361e+01", "ip": "3.165e-09", "ts": "0", "stretch": "1.0320e+06", "date": "2087-10-15.96", "dist": "82.032", "sigma_lov": "-0.49808", "sigma_imp": "0.996", "ps": "-8.13"}, {"energy": "5.792e+00", "width": "8.5164e+01", "ip": "4.519e-10", "ts": "0", "stretch": "3.1090e+06", "date": "2087-10-13.91", "dist": "140.298", "sigma_lov": "-0.38236", "sigma_imp": "1.636", "ps": "-9.06"}, {"energy": "8.232e+00", "width": "8.5718e+01", "ip": "1.486e-10", "ts": "0", "stretch": "2.0934e+07", "date": "2086-10-15.55", "dist": "83.129", "sigma_lov": "-0.56376", "sigma_imp": "0.958", "ps": "-9.41"}, {"energy": "5.904e+00", "width": "1.1698e+02", "ip": "4.923e-10", "ts": "0", "stretch": "4.8862e+06", "date": "2086-10-15.28", "dist": "117.838", "sigma_lov": "-0.36734", "sigma_imp": "0.999", "ps": "-9.01"}, {"energy": "5.906e+00", "width": "1.0629e+02", "ip": "5.182e-10", "ts": "0", "stretch": "4.4232e+06", "date": "2086-10-15.22", "dist": "121.281", "sigma_lov": "-0.36884", "sigma_imp": "1.132", "ps": "-8.99"}, {"energy": "8.713e+00", "width": "4.5158e+01", "ip": "3.726e-10", "ts": "0", "stretch": "6.1762e+06", "date": "2085-10-09.28", "dist": "74.355", "sigma_lov": "-0.65667", "sigma_imp": "1.624", "ps": "-8.99"}, {"energy": "7.221e+00", "width": "1.1370e+02", "ip": "1.259e-10", "ts": "0", "stretch": "1.5062e+07", "date": "2080-10-14.19", "dist": "136.202", "sigma_lov": "-0.49683", "sigma_imp": "1.189", "ps": "-9.49"}, {"energy": "7.220e+00", "width": "1.1811e+02", "ip": "1.507e-10", "ts": "0", "stretch": "1.2714e+07", "date": "2080-10-14.17", "dist": "136.682", "sigma_lov": "-0.49658", "sigma_imp": "1.149", "ps": "-9.42"}, {"energy": "6.892e+00", "width": "1.2343e+02", "ip": "1.428e-10", "ts": "0", "stretch": "8.7936e+06", "date": "2079-10-13.43", "dist": "179.188", "sigma_lov": "-0.48479", "sigma_imp": "1.444", "ps": "-9.45"}, {"energy": "1.011e+01", "width": "9.6855e+01", "ip": "1.518e-10", "ts": "0", "stretch": "1.5447e+07", "date": "2078-10-22.58", "dist": "106.532", "sigma_lov": "-0.60747", "sigma_imp": "1.090", "ps": "-9.28"}, {"energy": "1.010e+01", "width": "5.9230e+01", "ip": "3.783e-10", "ts": "0", "stretch": "4.9794e+06", "date": "2078-10-22.52", "dist": "96.082", "sigma_lov": "-0.60720", "sigma_imp": "1.605", "ps": "-8.88"}, {"energy": "6.270e+00", "width": "1.2847e+02", "ip": "3.647e-10", "ts": "0", "stretch": "3.4074e+06", "date": "2078-10-13.10", "dist": "186.273", "sigma_lov": "-0.42605", "sigma_imp": "1.442", "ps": "-9.07"}, {"energy": "6.276e+00", "width": "1.3012e+02", "ip": "1.467e-09", "ts": "0", "stretch": "8.6146e+05", "date": "2078-10-13.12", "dist": "185.950", "sigma_lov": "-0.42680", "sigma_imp": "1.421", "ps": "-8.46"}, {"energy": "8.586e+00", "width": "7.2413e+01", "ip": "4.770e-10", "ts": "0", "stretch": "6.6448e+06", "date": "2078-10-10.77", "dist": "77.785", "sigma_lov": "-0.63553", "sigma_imp": "1.060", "ps": "-8.84"}, {"energy": "8.586e+00", "width": "3.7358e+01", "ip": "3.132e-10", "ts": "0", "stretch": "3.3642e+06", "date": "2078-10-10.68", "dist": "80.813", "sigma_lov": "-0.63656", "sigma_imp": "2.136", "ps": "-9.02"}, {"energy": "7.764e+00", "width": "1.0790e+02", "ip": "2.155e-10", "ts": "0", "stretch": "6.9725e+06", "date": "2077-10-13.77", "dist": "150.902", "sigma_lov": "-0.54457", "sigma_imp": "1.389", "ps": "-9.21"}, {"energy": "5.504e+00", "width": "1.3651e+02", "ip": "1.723e-10", "ts": "0", "stretch": "7.0153e+06", "date": "2076-10-12.17", "dist": "197.639", "sigma_lov": "-0.34860", "sigma_imp": "1.441", "ps": "-9.42"}, {"energy": "7.419e+00", "width": "1.1437e+02", "ip": "1.726e-10", "ts": "0", "stretch": "9.3834e+06", "date": "2075-10-14.26", "dist": "149.852", "sigma_lov": "-0.51890", "sigma_imp": "1.302", "ps": "-9.31"}, {"energy": "5.506e+00", "width": "1.4104e+02", "ip": "4.208e-10", "ts": "0", "stretch": "3.1049e+06", "date": "2073-10-12.58", "dist": "193.241", "sigma_lov": "-0.34516", "sigma_imp": "1.363", "ps": "-9.01"}, {"energy": "5.784e+00", "width": "1.0635e+02", "ip": "4.770e-10", "ts": "0", "stretch": "2.6205e+06", "date": "2072-10-12.83", "dist": "168.353", "sigma_lov": "-0.37935", "sigma_imp": "1.574", "ps": "-8.93"}, {"energy": "7.923e+00", "width": "1.0282e+02", "ip": "3.359e-10", "ts": "0", "stretch": "4.2046e+06", "date": "2071-10-13.83", "dist": "151.083", "sigma_lov": "-0.56059", "sigma_imp": "1.460", "ps": "-8.97"}, {"energy": "7.861e+00", "width": "1.0347e+02", "ip": "3.083e-10", "ts": "0", "stretch": "5.1518e+06", "date": "2070-10-14.35", "dist": "143.599", "sigma_lov": "-0.54735", "sigma_imp": "1.378", "ps": "-9.00"}, {"energy": "5.806e+00", "width": "1.0551e+02", "ip": "3.141e-10", "ts": "0", "stretch": "4.3831e+06", "date": "2069-10-13.41", "dist": "161.037", "sigma_lov": "-0.37804", "sigma_imp": "1.517", "ps": "-9.09"}, {"energy": "6.989e+00", "width": "1.3394e+02", "ip": "4.789e-10", "ts": "0", "stretch": "2.7273e+06", "date": "2069-10-13.50", "dist": "182.951", "sigma_lov": "-0.48458", "sigma_imp": "1.358", "ps": "-8.84"}, {"energy": "5.801e+00", "width": "1.0684e+02", "ip": "1.333e-10", "ts": "0", "stretch": "1.0542e+07", "date": "2066-10-13.68", "dist": "160.769", "sigma_lov": "-0.37686", "sigma_imp": "1.495", "ps": "-9.44"}, {"energy": "6.322e+00", "width": "1.3265e+02", "ip": "2.010e-10", "ts": "0", "stretch": "5.7717e+06", "date": "2066-10-12.95", "dist": "195.394", "sigma_lov": "-0.43262", "sigma_imp": "1.465", "ps": "-9.23"}, {"energy": "8.529e+00", "width": "4.5122e+01", "ip": "1.370e-09", "ts": "0", "stretch": "6.1031e+06", "date": "2065-10-10.93", "dist": "18.417", "sigma_lov": "-0.62991", "sigma_imp": "0.386", "ps": "-8.28"}, {"energy": "1.537e+01", "width": "5.7207e+01", "ip": "4.177e-09", "ts": "0", "stretch": "1.4254e+06", "date": "2065-10-13.45", "dist": "2.500", "sigma_lov": "-0.87545", "sigma_imp": "0.026", "ps": "-7.59"}, {"energy": "8.802e+00", "width": "6.5333e+01", "ip": "3.156e-10", "ts": "0", "stretch": "5.7804e+06", "date": "2062-10-11.22", "dist": "102.393", "sigma_lov": "-0.64174", "sigma_imp": "1.552", "ps": "-8.88"}, {"energy": "9.301e+00", "width": "1.0511e+02", "ip": "3.469e-10", "ts": "0", "stretch": "9.6682e+06", "date": "2062-10-18.60", "dist": "61.658", "sigma_lov": "-0.59621", "sigma_imp": "0.577", "ps": "-8.82"}, {"energy": "5.680e+00", "width": "1.2776e+02", "ip": "2.173e-10", "ts": "0", "stretch": "6.7247e+06", "date": "2062-10-13.78", "dist": "173.502", "sigma_lov": "-0.35578", "sigma_imp": "1.350", "ps": "-9.19"}, {"energy": "1.317e+01", "width": "1.2282e+02", "ip": "1.863e-10", "ts": "0", "stretch": "5.7256e+06", "date": "2061-10-16.31", "dist": "175.697", "sigma_lov": "-0.79535", "sigma_imp": "1.422", "ps": "-8.96"}, {"energy": "8.543e+00", "width": "1.3302e+02", "ip": "2.832e-10", "ts": "0", "stretch": "5.0282e+06", "date": "2061-10-15.10", "dist": "168.525", "sigma_lov": "-0.57987", "sigma_imp": "1.259", "ps": "-8.93"}, {"energy": "9.544e+00", "width": "1.2844e+02", "ip": "2.303e-10", "ts": "0", "stretch": "4.6217e+06", "date": "2060-10-11.96", "dist": "188.080", "sigma_lov": "-0.67067", "sigma_imp": "1.457", "ps": "-8.97"}, {"energy": "7.165e+00", "width": "1.2317e+02", "ip": "4.361e-10", "ts": "0", "stretch": "2.5981e+06", "date": "2060-10-13.03", "dist": "186.854", "sigma_lov": "-0.50123", "sigma_imp": "1.509", "ps": "-8.79"}, {"energy": "1.008e+01", "width": "2.2860e+01", "ip": "1.141e-09", "ts": "0", "stretch": "1.2619e+07", "date": "2059-10-04.77", "dist": "11.301", "sigma_lov": "-0.76968", "sigma_imp": "0.451", "ps": "-8.25"}, {"energy": "5.584e+00", "width": "1.3018e+02", "ip": "2.360e-10", "ts": "0", "stretch": "5.1623e+06", "date": "2059-10-13.34", "dist": "191.888", "sigma_lov": "-0.35148", "sigma_imp": "1.466", "ps": "-9.14"}, {"energy": "5.592e+00", "width": "1.3138e+02", "ip": "6.548e-10", "ts": "0", "stretch": "1.8808e+06", "date": "2059-10-13.37", "dist": "191.859", "sigma_lov": "-0.35232", "sigma_imp": "1.453", "ps": "-8.69"}, {"energy": "6.669e+00", "width": "1.2416e+02", "ip": "3.131e-10", "ts": "0", "stretch": "3.5345e+06", "date": "2058-10-13.26", "dist": "191.118", "sigma_lov": "-0.46275", "sigma_imp": "1.531", "ps": "-8.94"}, {"energy": "1.192e+01", "width": "2.0104e+02", "ip": "6.089e-10", "ts": "0", "stretch": "2.8309e+06", "date": "2057-10-16.55", "dist": "83.285", "sigma_lov": "-0.74973", "sigma_imp": "0.409", "ps": "-8.44"}, {"energy": "5.773e+00", "width": "1.1654e+02", "ip": "3.620e-10", "ts": "0", "stretch": "3.4445e+06", "date": "2057-10-13.14", "dist": "177.967", "sigma_lov": "-0.37329", "sigma_imp": "1.519", "ps": "-8.92"}, {"energy": "1.355e+01", "width": "4.7437e+01", "ip": "1.795e-10", "ts": "0", "stretch": "3.7468e+07", "date": "2057-10-09.00", "dist": "18.809", "sigma_lov": "-0.86145", "sigma_imp": "0.375", "ps": "-8.92"}, {"energy": "1.371e+01", "width": "7.1796e+01", "ip": "2.196e-09", "ts": "0", "stretch": "1.8639e+06", "date": "2057-10-09.56", "dist": "40.654", "sigma_lov": "-0.86208", "sigma_imp": "0.552", "ps": "-7.83"}, {"energy": "5.572e+00", "width": "1.3282e+02", "ip": "3.650e-10", "ts": "0", "stretch": "3.3751e+06", "date": "2056-10-12.63", "dist": "193.033", "sigma_lov": "-0.34919", "sigma_imp": "1.446", "ps": "-8.91"}, {"energy": "9.985e+00", "width": "8.3792e+01", "ip": "6.388e-10", "ts": "0", "stretch": "5.3767e+06", "date": "2055-10-21.80", "dist": "71.763", "sigma_lov": "-0.60965", "sigma_imp": "0.845", "ps": "-8.46"}, {"energy": "1.155e+01", "width": "2.0160e+02", "ip": "6.024e-10", "ts": "0", "stretch": "3.0677e+06", "date": "2054-10-17.99", "dist": "54.466", "sigma_lov": "-0.71833", "sigma_imp": "0.265", "ps": "-8.42"}, {"energy": "7.334e+00", "width": "1.2455e+02", "ip": "3.317e-10", "ts": "0", "stretch": "3.0192e+06", "date": "2054-10-13.19", "dist": "197.343", "sigma_lov": "-0.51669", "sigma_imp": "1.576", "ps": "-8.84"}, {"energy": "5.759e+00", "width": "1.1921e+02", "ip": "3.369e-10", "ts": "0", "stretch": "3.6931e+06", "date": "2054-10-13.31", "dist": "180.506", "sigma_lov": "-0.37153", "sigma_imp": "1.506", "ps": "-8.92"}, {"energy": "8.670e+00", "width": "4.5609e+01", "ip": "5.893e-10", "ts": "0", "stretch": "5.4043e+06", "date": "2053-10-11.10", "dist": "65.611", "sigma_lov": "-0.63503", "sigma_imp": "1.417", "ps": "-8.52"}, {"energy": "5.499e+00", "width": "1.3853e+02", "ip": "1.597e-10", "ts": "0", "stretch": "7.6045e+06", "date": "2053-10-12.51", "dist": "198.825", "sigma_lov": "-0.34459", "sigma_imp": "1.428", "ps": "-9.24"}, {"energy": "5.757e+00", "width": "1.1902e+02", "ip": "3.680e-10", "ts": "0", "stretch": "3.4962e+06", "date": "2051-10-13.70", "dist": "177.757", "sigma_lov": "-0.36920", "sigma_imp": "1.485", "ps": "-8.84"}, {"energy": "8.812e+00", "width": "1.2037e+02", "ip": "4.695e-10", "ts": "0", "stretch": "4.0894e+06", "date": "2050-10-16.57", "dist": "131.943", "sigma_lov": "-0.58522", "sigma_imp": "1.088", "ps": "-8.57"}, {"energy": "7.263e+00", "width": "1.1589e+02", "ip": "2.482e-10", "ts": "0", "stretch": "4.7655e+06", "date": "2050-10-13.91", "dist": "177.030", "sigma_lov": "-0.50522", "sigma_imp": "1.519", "ps": "-8.92"}, {"energy": "5.479e+00", "width": "1.3533e+02", "ip": "4.381e-10", "ts": "0", "stretch": "2.6872e+06", "date": "2050-10-12.95", "dist": "199.423", "sigma_lov": "-0.34036", "sigma_imp": "1.466", "ps": "-8.77"}, {"energy": "1.333e+01", "width": "4.5758e+01", "ip": "1.326e-09", "ts": "0", "stretch": "3.8804e+06", "date": "2050-10-08.38", "dist": "40.029", "sigma_lov": "-0.86135", "sigma_imp": "0.853", "ps": "-7.98"}, {"energy": "1.281e+01", "width": "1.2343e+02", "ip": "1.052e-10", "ts": "0", "stretch": "8.4495e+06", "date": "2049-10-15.75", "dist": "191.854", "sigma_lov": "-0.78566", "sigma_imp": "1.546", "ps": "-9.08"}, {"energy": "8.155e+00", "width": "1.3782e+02", "ip": "2.299e-10", "ts": "0", "stretch": "4.7172e+06", "date": "2049-10-14.07", "dist": "199.608", "sigma_lov": "-0.56354", "sigma_imp": "1.441", "ps": "-8.90"}, {"energy": "6.975e+00", "width": "1.3732e+02", "ip": "2.140e-10", "ts": "0", "stretch": "5.3051e+06", "date": "2049-10-13.37", "dist": "198.932", "sigma_lov": "-0.48201", "sigma_imp": "1.441", "ps": "-8.98"}, {"energy": "9.403e+00", "width": "1.0387e+02", "ip": "7.461e-10", "ts": "0", "stretch": "4.7420e+06", "date": "2047-10-18.83", "dist": "52.104", "sigma_lov": "-0.60380", "sigma_imp": "0.492", "ps": "-8.31"}, {"energy": "1.755e+01", "width": "1.5110e+02", "ip": "1.622e-10", "ts": "0", "stretch": "6.5491e+06", "date": "2046-10-18.83", "dist": "182.740", "sigma_lov": "-0.90026", "sigma_imp": "1.203", "ps": "-8.74"}, {"energy": "8.621e+00", "width": "1.2438e+02", "ip": "4.651e-10", "ts": "0", "stretch": "3.2824e+06", "date": "2046-10-15.83", "dist": "157.327", "sigma_lov": "-0.58015", "sigma_imp": "1.257", "ps": "-8.53"}, {"energy": "7.127e+00", "width": "1.2855e+02", "ip": "3.785e-10", "ts": "0", "stretch": "3.2423e+06", "date": "2046-10-14.02", "dist": "184.789", "sigma_lov": "-0.49081", "sigma_imp": "1.430", "ps": "-8.69"}, {"energy": "5.675e+00", "width": "1.2849e+02", "ip": "2.112e-10", "ts": "0", "stretch": "5.2795e+06", "date": "2045-10-12.69", "dist": "197.672", "sigma_lov": "-0.36451", "sigma_imp": "1.531", "ps": "-9.00"}, {"energy": "9.297e+00", "width": "1.0786e+02", "ip": "6.929e-10", "ts": "0", "stretch": "4.4107e+06", "date": "2043-10-18.39", "dist": "74.196", "sigma_lov": "-0.60029", "sigma_imp": "0.679", "ps": "-8.29"}, {"energy": "7.220e+00", "width": "1.2073e+02", "ip": "4.596e-10", "ts": "0", "stretch": "2.5700e+06", "date": "2043-10-14.15", "dist": "181.491", "sigma_lov": "-0.49950", "sigma_imp": "1.495", "ps": "-8.55"}, {"energy": "1.338e+01", "width": "6.0133e+01", "ip": "1.055e-09", "ts": "0", "stretch": "5.3756e+06", "date": "2043-10-08.71", "dist": "9.593", "sigma_lov": "-0.86072", "sigma_imp": "0.143", "ps": "-7.98"}, {"energy": "8.425e+00", "width": "1.3024e+02", "ip": "2.636e-10", "ts": "0", "stretch": "4.9842e+06", "date": "2042-10-15.18", "dist": "175.495", "sigma_lov": "-0.57360", "sigma_imp": "1.340", "ps": "-8.72"}, {"energy": "8.868e+00", "width": "5.0919e+01", "ip": "1.912e-10", "ts": "0", "stretch": "5.8452e+06", "date": "2041-10-11.23", "dist": "101.000", "sigma_lov": "-0.64261", "sigma_imp": "1.964", "ps": "-8.83"}, {"energy": "1.219e+01", "width": "1.6355e+02", "ip": "4.180e-10", "ts": "0", "stretch": "4.5985e+06", "date": "2040-10-20.10", "dist": "104.286", "sigma_lov": "-0.72247", "sigma_imp": "0.632", "ps": "-8.36"}, {"energy": "9.110e+00", "width": "1.1185e+02", "ip": "6.398e-10", "ts": "0", "stretch": "3.8932e+06", "date": "2039-10-17.69", "dist": "100.978", "sigma_lov": "-0.59577", "sigma_imp": "0.894", "ps": "-8.26"}, {"energy": "1.390e+01", "width": "1.0078e+02", "ip": "4.970e-10", "ts": "0", "stretch": "3.5589e+06", "date": "2039-10-18.58", "dist": "119.801", "sigma_lov": "-0.80637", "sigma_imp": "1.179", "ps": "-8.22"}, {"energy": "1.295e+01", "width": "1.1647e+02", "ip": "1.561e-10", "ts": "0", "stretch": "6.0973e+06", "date": "2038-10-16.45", "dist": "180.248", "sigma_lov": "-0.78660", "sigma_imp": "1.539", "ps": "-8.73"}, {"energy": "8.257e+00", "width": "1.3070e+02", "ip": "3.381e-10", "ts": "0", "stretch": "3.4669e+06", "date": "2038-10-14.87", "dist": "186.993", "sigma_lov": "-0.56464", "sigma_imp": "1.423", "ps": "-8.55"}, {"energy": "1.467e+01", "width": "5.0009e+01", "ip": "3.371e-10", "ts": "0", "stretch": "6.4506e+06", "date": "2036-10-12.81", "dist": "76.063", "sigma_lov": "-0.85953", "sigma_imp": "1.501", "ps": "-8.31"}, {"energy": "8.775e+00", "width": "1.2269e+02", "ip": "2.346e-10", "ts": "0", "stretch": "6.5628e+06", "date": "2035-10-16.07", "dist": "155.124", "sigma_lov": "-0.59032", "sigma_imp": "1.256", "ps": "-8.62"}, {"energy": "1.357e+01", "width": "1.0670e+02", "ip": "2.552e-10", "ts": "0", "stretch": "4.9318e+06", "date": "2033-10-17.31", "dist": "150.500", "sigma_lov": "-0.80003", "sigma_imp": "1.401", "ps": "-8.38"}, {"energy": "1.747e+01", "width": "2.0959e+02", "ip": "3.245e-10", "ts": "0", "stretch": "3.5003e+06", "date": "2031-10-18.44", "dist": "171.839", "sigma_lov": "-0.90148", "sigma_imp": "0.815", "ps": "-8.13"}, {"energy": "8.592e+00", "width": "1.2745e+02", "ip": "3.936e-10", "ts": "0", "stretch": "3.4606e+06", "date": "2031-10-15.68", "dist": "169.926", "sigma_lov": "-0.58195", "sigma_imp": "1.325", "ps": "-8.30"}, {"energy": "1.595e+01", "width": "8.2863e+01", "ip": "5.841e-10", "ts": "0", "stretch": "4.5553e+06", "date": "2030-10-16.14", "dist": "77.143", "sigma_lov": "-0.87858", "sigma_imp": "0.919", "ps": "-7.88"}, {"energy": "1.397e+01", "width": "3.8111e+01", "ip": "1.964e-09", "ts": "0", "stretch": "4.3757e+06", "date": "2029-10-10.28", "dist": "13.163", "sigma_lov": "-0.85316", "sigma_imp": "0.319", "ps": "-7.36"}, {"energy": "1.483e+01", "width": "1.1384e+02", "ip": "7.715e-10", "ts": "0", "stretch": "3.7793e+06", "date": "2028-10-19.49", "dist": "42.767", "sigma_lov": "-0.82398", "sigma_imp": "0.367", "ps": "-7.71"}, {"energy": "9.547e+00", "width": "9.1365e+01", "ip": "1.601e-09", "ts": "0", "stretch": "2.4260e+06", "date": "2028-10-16.84", "dist": "49.756", "sigma_lov": "-0.62374", "sigma_imp": "0.534", "ps": "-7.55"}, {"energy": "1.302e+01", "width": "1.1854e+02", "ip": "2.894e-10", "ts": "0", "stretch": "3.1502e+06", "date": "2027-10-16.63", "dist": "185.238", "sigma_lov": "-0.78880", "sigma_imp": "1.554", "ps": "-8.15"}, {"energy": "8.283e+00", "width": "1.2961e+02", "ip": "5.708e-10", "ts": "0", "stretch": "1.9362e+06", "date": "2027-10-14.97", "dist": "191.306", "sigma_lov": "-0.56739", "sigma_imp": "1.468", "ps": "-8.01"}, {"energy": "1.982e+01", "width": "1.0775e+02", "ip": "1.041e-10", "ts": "0", "stretch": "5.7134e+06", "date": "2026-10-16.97", "dist": "191.564", "sigma_lov": "-0.97407", "sigma_imp": "1.769", "ps": "-8.40"}, {"energy": "1.871e+01", "width": "1.0372e+02", "ip": "1.197e-10", "ts": "0", "stretch": "4.6502e+06", "date": "2025-10-16.78", "dist": "191.745", "sigma_lov": "-0.94943", "sigma_imp": "1.839", "ps": "-8.31"}, {"energy": "1.748e+01", "width": "1.0347e+02", "ip": "1.724e-10", "ts": "0", "stretch": "3.6778e+06", "date": "2024-10-16.56", "dist": "185.620", "sigma_lov": "-0.91883", "sigma_imp": "1.784", "ps": "-8.12"}, {"energy": "1.597e+01", "width": "1.0578e+02", "ip": "2.551e-10", "ts": "0", "stretch": "2.8049e+06", "date": "2023-10-17.19", "dist": "183.323", "sigma_lov": "-0.87958", "sigma_imp": "1.724", "ps": "-7.92"}, {"energy": "1.414e+01", "width": "1.1145e+02", "ip": "3.808e-10", "ts": "0", "stretch": "2.0276e+06", "date": "2022-10-16.52", "dist": "187.679", "sigma_lov": "-0.82708", "sigma_imp": "1.675", "ps": "-7.72"}, {"energy": "1.199e+01", "width": "1.2057e+02", "ip": "5.876e-10", "ts": "0", "stretch": "1.3626e+06", "date": "2021-10-15.47", "dist": "198.984", "sigma_lov": "-0.75257", "sigma_imp": "1.642", "ps": "-7.50"}, {"energy": "4.882e+00", "width": "1.2977e+02", "ip": "5.143e-10", "ts": "0", "stretch": "2.5176e+06", "date": "2110-10-13.37", "dist": "188.230", "sigma_lov": "-0.27805", "sigma_imp": "1.443", "ps": "-9.19"}, {"energy": "8.552e+00", "width": "8.2221e+01", "ip": "2.150e-10", "ts": "0", "stretch": "2.3573e+07", "date": "2110-10-17.80", "dist": "14.932", "sigma_lov": "-0.57626", "sigma_imp": "0.169", "ps": "-9.37"}, {"energy": "8.553e+00", "width": "7.8170e+01", "ip": "2.265e-09", "ts": "0", "stretch": "2.3564e+06", "date": "2110-10-17.79", "dist": "13.578", "sigma_lov": "-0.57637", "sigma_imp": "0.161", "ps": "-8.35"}, {"energy": "4.951e+00", "width": "1.3126e+02", "ip": "7.448e-10", "ts": "0", "stretch": "1.6123e+06", "date": "2111-10-13.29", "dist": "195.780", "sigma_lov": "-0.29035", "sigma_imp": "1.484", "ps": "-9.02"}, {"energy": "6.452e+00", "width": "1.1882e+02", "ip": "2.187e-10", "ts": "0", "stretch": "6.4267e+06", "date": "2112-10-13.31", "dist": "167.540", "sigma_lov": "-0.45323", "sigma_imp": "1.402", "ps": "-9.47"}, {"energy": "6.453e+00", "width": "1.1912e+02", "ip": "3.748e-10", "ts": "0", "stretch": "3.7566e+06", "date": "2112-10-13.31", "dist": "167.583", "sigma_lov": "-0.45335", "sigma_imp": "1.398", "ps": "-9.24"}, {"energy": "8.663e+00", "width": "1.5745e+02", "ip": "4.899e-10", "ts": "0", "stretch": "3.8945e+06", "date": "2112-10-15.36", "dist": "128.129", "sigma_lov": "-0.59760", "sigma_imp": "0.807", "ps": "-9.02"}, {"energy": "7.389e+00", "width": "9.7872e+01", "ip": "4.082e-10", "ts": "0", "stretch": "6.1209e+06", "date": "2113-10-15.09", "dist": "105.538", "sigma_lov": "-0.51739", "sigma_imp": "1.068", "ps": "-9.16"}, {"energy": "1.562e+01", "width": "1.7459e+02", "ip": "3.393e-10", "ts": "0", "stretch": "3.8238e+06", "date": "2115-10-15.50", "dist": "157.296", "sigma_lov": "-0.87889", "sigma_imp": "0.895", "ps": "-8.99"}, {"energy": "7.497e+00", "width": "1.0899e+02", "ip": "2.115e-10", "ts": "0", "stretch": "1.0325e+07", "date": "2115-10-14.97", "dist": "119.430", "sigma_lov": "-0.53291", "sigma_imp": "1.087", "ps": "-9.45"}, {"energy": "5.500e+00", "width": "1.1794e+02", "ip": "3.063e-10", "ts": "0", "stretch": "5.1974e+06", "date": "2116-10-13.90", "dist": "159.928", "sigma_lov": "-0.34664", "sigma_imp": "1.347", "ps": "-9.40"}, {"energy": "5.494e+00", "width": "1.1685e+02", "ip": "1.175e-10", "ts": "0", "stretch": "1.3430e+07", "date": "2116-10-13.87", "dist": "160.041", "sigma_lov": "-0.34611", "sigma_imp": "1.361", "ps": "-9.81"}, {"energy": "6.235e+00", "width": "8.7266e+01", "ip": "3.567e-10", "ts": "0", "stretch": "2.2730e+06", "date": "2116-10-13.46", "dist": "168.462", "sigma_lov": "-0.42940", "sigma_imp": "1.919", "ps": "-9.29"}, {"energy": "6.235e+00", "width": "1.5453e+02", "ip": "6.858e-10", "ts": "0", "stretch": "2.3743e+06", "date": "2116-10-13.46", "dist": "168.498", "sigma_lov": "-0.42955", "sigma_imp": "1.084", "ps": "-9.00"}]}