{"summary": {"energy": "3.105e+00", "darc": ".96495 days", "ip": "2.09975e-08", "h": "24.43", "nobs": "14", "mass": "1.17e+08", "v_inf": "9.71", "first_obs": "2016-May-03.29488", "method": "LOV", "pdate": "2017-04-09 00:09:24", "ndop": "0", "cdate": "2017-04-09 00:09:24", "ps_cum": "-6.65", "diameter": "0.0440382902726515", "ndel": "0", "v_imp": "14.86", "ps_max": "-6.97", "last_obs": "2016-May-04.25983", "fullname": "(2016 JP38)", "n_imp": "29", "ts_max": "0", "nsat": "0", "des": "2016 JP38"}, "signature": {"source": "NASA/JPL Sentry Data API", "version": "1.1"}, "data": [{"energy": "2.619e+00", "width": "5.2234e+02", "ip": "2.799e-09", "ts": "0", "stretch": "2.8078e+05", "date": "2069-02-25.60", "dist": "193.801", "sigma_lov": "-0.50761", "sigma_imp": "0.369", "ps": "-8.41"}, {"energy": "4.601e+00", "width": "1.6111e+02", "ip": "2.876e-10", "ts": "0", "stretch": "8.7975e+06", "date": "2067-04-03.79", "dist": "42.264", "sigma_lov": "-0.58413", "sigma_imp": "0.256", "ps": "-9.19"}, {"energy": "2.894e+00", "width": "1.7013e+02", "ip": "6.135e-10", "ts": "0", "stretch": "2.3451e+06", "date": "2078-02-07.08", "dist": "184.054", "sigma_lov": "-0.50917", "sigma_imp": "1.076", "ps": "-9.10"}, {"energy": "3.305e+00", "width": "2.6993e+02", "ip": "1.696e-10", "ts": "0", "stretch": "9.2781e+06", "date": "2063-03-25.61", "dist": "49.048", "sigma_lov": "-0.54253", "sigma_imp": "0.178", "ps": "-9.49"}, {"energy": "4.409e+00", "width": "3.8856e+02", "ip": "2.276e-10", "ts": "0", "stretch": "4.4381e+06", "date": "2059-04-14.77", "dist": "175.520", "sigma_lov": "-0.53005", "sigma_imp": "0.449", "ps": "-9.23"}, {"energy": "2.963e+00", "width": "1.6076e+02", "ip": "1.888e-10", "ts": "0", "stretch": "7.4220e+06", "date": "2059-02-04.02", "dist": "186.498", "sigma_lov": "-0.49980", "sigma_imp": "1.154", "ps": "-9.45"}, {"energy": "2.898e+00", "width": "1.5072e+02", "ip": "8.659e-10", "ts": "0", "stretch": "1.4759e+06", "date": "2058-02-18.44", "dist": "191.622", "sigma_lov": "-0.54103", "sigma_imp": "1.265", "ps": "-8.78"}, {"energy": "2.864e+00", "width": "4.4368e+02", "ip": "9.972e-10", "ts": "0", "stretch": "8.8636e+05", "date": "2058-02-23.98", "dist": "195.651", "sigma_lov": "-0.54095", "sigma_imp": "0.439", "ps": "-8.72"}, {"energy": "3.344e+00", "width": "1.9301e+02", "ip": "1.934e-10", "ts": "0", "stretch": "8.8093e+06", "date": "2054-01-26.39", "dist": "144.763", "sigma_lov": "-0.52647", "sigma_imp": "0.745", "ps": "-9.34"}, {"energy": "5.957e+00", "width": "1.8048e+02", "ip": "2.583e-10", "ts": "0", "stretch": "8.4753e+06", "date": "2047-01-02.11", "dist": "21.494", "sigma_lov": "-0.67746", "sigma_imp": "0.114", "ps": "-8.92"}, {"energy": "5.838e+00", "width": "1.4244e+02", "ip": "2.638e-10", "ts": "0", "stretch": "1.0525e+07", "date": "2047-01-03.48", "dist": "15.847", "sigma_lov": "-0.67719", "sigma_imp": "0.104", "ps": "-8.92"}, {"energy": "3.353e+00", "width": "1.9779e+02", "ip": "2.161e-10", "ts": "0", "stretch": "8.3232e+06", "date": "2043-01-28.23", "dist": "121.512", "sigma_lov": "-0.55209", "sigma_imp": "0.609", "ps": "-9.13"}, {"energy": "3.660e+00", "width": "1.8237e+02", "ip": "2.323e-10", "ts": "0", "stretch": "7.7171e+06", "date": "2040-01-20.42", "dist": "137.921", "sigma_lov": "-0.52848", "sigma_imp": "0.751", "ps": "-9.02"}, {"energy": "3.569e+00", "width": "1.9933e+02", "ip": "4.700e-10", "ts": "0", "stretch": "3.9748e+06", "date": "2038-01-23.30", "dist": "105.817", "sigma_lov": "-0.55584", "sigma_imp": "0.526", "ps": "-8.68"}, {"energy": "3.567e+00", "width": "1.9756e+02", "ip": "2.326e-10", "ts": "0", "stretch": "8.0781e+06", "date": "2038-01-23.36", "dist": "106.042", "sigma_lov": "-0.55570", "sigma_imp": "0.532", "ps": "-8.99"}, {"energy": "3.344e+00", "width": "1.9462e+02", "ip": "2.854e-10", "ts": "0", "stretch": "6.0353e+06", "date": "2035-01-26.28", "dist": "140.944", "sigma_lov": "-0.52526", "sigma_imp": "0.719", "ps": "-8.85"}, {"energy": "3.729e+00", "width": "1.9729e+02", "ip": "2.559e-10", "ts": "0", "stretch": "7.5587e+06", "date": "2033-01-20.32", "dist": "93.900", "sigma_lov": "-0.56144", "sigma_imp": "0.471", "ps": "-8.81"}, {"energy": "3.514e+00", "width": "1.9758e+02", "ip": "2.848e-10", "ts": "0", "stretch": "6.5137e+06", "date": "2032-01-24.39", "dist": "111.702", "sigma_lov": "-0.55022", "sigma_imp": "0.560", "ps": "-8.76"}, {"energy": "2.981e+00", "width": "1.8981e+02", "ip": "5.153e-10", "ts": "0", "stretch": "3.1854e+06", "date": "2030-02-04.20", "dist": "156.004", "sigma_lov": "-0.52101", "sigma_imp": "0.817", "ps": "-8.49"}, {"energy": "4.228e+00", "width": "1.9285e+02", "ip": "2.769e-10", "ts": "0", "stretch": "7.5711e+06", "date": "2029-01-13.73", "dist": "56.207", "sigma_lov": "-0.58453", "sigma_imp": "0.286", "ps": "-8.60"}, {"energy": "2.604e+00", "width": "4.1452e+02", "ip": "2.459e-09", "ts": "0", "stretch": "3.8712e+05", "date": "2029-02-23.13", "dist": "195.324", "sigma_lov": "-0.50242", "sigma_imp": "0.469", "ps": "-7.83"}, {"energy": "3.974e+00", "width": "1.9639e+02", "ip": "3.883e-10", "ts": "0", "stretch": "5.1726e+06", "date": "2028-01-17.50", "dist": "75.863", "sigma_lov": "-0.57127", "sigma_imp": "0.381", "ps": "-8.44"}, {"energy": "3.308e+00", "width": "1.9760e+02", "ip": "7.034e-10", "ts": "0", "stretch": "2.5126e+06", "date": "2026-01-27.29", "dist": "129.751", "sigma_lov": "-0.53644", "sigma_imp": "0.652", "ps": "-8.16"}, {"energy": "2.808e+00", "width": "1.8920e+02", "ip": "1.046e-09", "ts": "0", "stretch": "1.4784e+06", "date": "2025-02-09.94", "dist": "170.281", "sigma_lov": "-0.51234", "sigma_imp": "0.895", "ps": "-7.99"}, {"energy": "4.876e+00", "width": "1.8451e+02", "ip": "2.819e-10", "ts": "0", "stretch": "7.8831e+06", "date": "2025-01-07.88", "dist": "11.573", "sigma_lov": "-0.62807", "sigma_imp": "0.057", "ps": "-8.37"}, {"energy": "4.452e+00", "width": "1.8898e+02", "ip": "4.703e-10", "ts": "0", "stretch": "4.6021e+06", "date": "2023-01-11.99", "dist": "41.901", "sigma_lov": "-0.59509", "sigma_imp": "0.216", "ps": "-8.05"}, {"energy": "3.898e+00", "width": "1.9550e+02", "ip": "6.676e-10", "ts": "0", "stretch": "3.0006e+06", "date": "2022-01-18.18", "dist": "79.286", "sigma_lov": "-0.57048", "sigma_imp": "0.400", "ps": "-7.86"}, {"energy": "3.324e+00", "width": "1.9425e+02", "ip": "1.067e-09", "ts": "0", "stretch": "1.6777e+06", "date": "2021-01-26.67", "dist": "128.890", "sigma_lov": "-0.53560", "sigma_imp": "0.658", "ps": "-7.61"}, {"energy": "2.578e+00", "width": "1.9757e+02", "ip": "4.280e-09", "ts": "0", "stretch": "3.2420e+05", "date": "2020-02-19.38", "dist": "194.687", "sigma_lov": "-0.48129", "sigma_imp": "0.980", "ps": "-6.97"}]}