{"summary": {"energy": "3.504e-03", "darc": "4.0778 days", "ip": "1.093e-06", "h": "28.95", "nobs": "96", "mass": "2.27e+05", "v_inf": "2.39", "first_obs": "2016-Mar-10.17807", "method": "LOV", "pdate": "2017-04-22 00:10:06", "ndop": "0", "cdate": "2017-04-22 00:10:06", "ps_cum": "-8.39", "diameter": "5.5e-03", "ndel": "0", "v_imp": "11.40", "ps_max": "-8.39", "last_obs": "2016-Mar-14.25583", "fullname": "(2016 EU84)", "n_imp": "1", "ts_max": "0", "nsat": "0", "des": "2016 EU84"}, "signature": {"source": "NASA/JPL Sentry Data API", "version": "1.1"}, "data": [{"energy": "3.504e-03", "width": "0.0000e+00", "ip": "1.093e-06", "ts": "0", "stretch": "1.6707e+05", "date": "2115-03-01.76", "dist": "0.367", "sigma_lov": "-1.67490", "sigma_imp": "0.000", "ps": "-8.39"}]}