{"summary": {"energy": "5.905e+03", "darc": "29.085 days", "ip": "6.415e-10", "h": "19.83", "nobs": "39", "mass": "6.69e+10", "v_inf": "24.85", "first_obs": "2016-Dec-09.1011", "method": "LOV", "pdate": "2017-04-23 06:44:25", "ndop": "0", "cdate": "2017-04-23 06:44:25", "ps_cum": "-6.62", "diameter": "3.7e-01", "ndel": "0", "v_imp": "27.24", "ps_max": "-6.62", "last_obs": "2017-Jan-07.18635", "fullname": "(2016 XP23)", "n_imp": "1", "ts_max": "0", "nsat": "0", "des": "2016 XP23"}, "signature": {"source": "NASA/JPL Sentry Data API", "version": "1.1"}, "data": [{"energy": "5.905e+03", "width": "1.2616e-01", "ip": "6.415e-10", "ts": "0", "stretch": "1.7620e+04", "date": "2110-11-01.84", "dist": "0.969", "sigma_lov": "4.42638", "sigma_imp": "0.000", "ps": "-6.62"}]}