{"summary": {"energy": "3.863e+01", "darc": "7.0048 days", "ip": "1.230e-08", "h": "24.05", "nobs": "30", "mass": "1.96e+08", "v_inf": "39.17", "first_obs": "2016-Apr-03.25212", "method": "LOV", "pdate": "2017-04-08 00:17:21", "ndop": "0", "cdate": "2017-04-08 00:17:21", "ps_cum": "-7.10", "diameter": "5.2e-02", "ndel": "0", "v_imp": "40.73", "ps_max": "-7.10", "last_obs": "2016-Apr-10.256932", "fullname": "(2016 GU2)", "n_imp": "1", "ts_max": "0", "nsat": "0", "des": "2016 GU2"}, "signature": {"source": "NASA/JPL Sentry Data API", "version": "1.1"}, "data": [{"energy": "3.863e+01", "width": "2.1773e-01", "ip": "1.230e-08", "ts": "0", "stretch": "2.3431e+07", "date": "2113-04-01.92", "dist": "0.132", "sigma_lov": "1.40352", "sigma_imp": "0.000", "ps": "-7.10"}]}