{"summary": {"energy": "3.832e-03", "darc": "1.1194 days", "ip": "6.11473e-05", "h": "29.27", "nobs": "16", "mass": "1.44e+05", "v_inf": "9.95", "first_obs": "2016-Dec-01.42268", "method": "LOV", "pdate": "2017-04-11 12:37:11", "ndop": "0", "cdate": "2017-04-11 12:37:11", "ps_cum": "-6.43", "diameter": "0.0047", "ndel": "0", "v_imp": "14.94", "ps_max": "-6.44", "last_obs": "2016-Dec-02.54204", "fullname": "(2016 XL23)", "n_imp": "3", "ts_max": "0", "nsat": "0", "des": "2016 XL23"}, "signature": {"source": "NASA/JPL Sentry Data API", "version": "1.1"}, "data": [{"energy": "3.813e-03", "width": "9.7238e-03", "ip": "9.275e-07", "ts": "0", "stretch": "5.0876e+05", "date": "2086-11-29.92", "dist": "0.687", "sigma_lov": "-0.64088", "sigma_imp": "0.000", "ps": "-8.29"}, {"energy": "3.821e-03", "width": "7.8708e-03", "ip": "2.798e-07", "ts": "0", "stretch": "1.2870e+05", "date": "2098-11-30.31", "dist": "0.828", "sigma_lov": "-2.24533", "sigma_imp": "0.000", "ps": "-8.88"}, {"energy": "3.832e-03", "width": "7.8413e-03", "ip": "5.994e-05", "ts": "0", "stretch": "1.3096e+04", "date": "2080-11-29.57", "dist": "0.017", "sigma_lov": "-0.17928", "sigma_imp": "0.000", "ps": "-6.44"}]}