{"summary": {"energy": "5.462e-02", "darc": "5.9547 days", "ip": "4.7161e-08", "h": "27.12", "nobs": "58", "mass": "2.83e+06", "v_inf": "6.17", "first_obs": "2016-May-04.25836", "method": "LOV", "pdate": "2018-02-10 10:08:54", "ndop": "0", "cdate": "2018-02-10 10:08:54", "ps_cum": "-8.75", "diameter": "0.013", "ndel": "0", "v_imp": "12.73", "ps_max": "-9.10", "last_obs": "2016-May-10.21309", "fullname": "(2016 JY5)", "n_imp": "3", "ts_max": "0", "nsat": "0", "des": "2016 JY5"}, "signature": {"source": "NASA/JPL Sentry Data API", "version": "1.1"}, "data": [{"energy": "5.460e-02", "width": "3.6085e-03", "ip": "2.159e-08", "ts": "0", "stretch": "7.8785e+04", "date": "2107-05-01.40", "dist": "0.867", "sigma_lov": "-3.30252", "sigma_imp": "0.000", "ps": "-9.10"}, {"energy": "5.465e-02", "width": "1.8373e-03", "ip": "1.738e-08", "ts": "0", "stretch": "1.9211e+05", "date": "2107-05-01.25", "dist": "0.036", "sigma_lov": "-3.30925", "sigma_imp": "0.000", "ps": "-9.20"}, {"energy": "5.461e-02", "width": "0.0000e+00", "ip": "8.191e-09", "ts": "0", "stretch": "2.0635e+05", "date": "2093-04-29.79", "dist": "0.957", "sigma_lov": "-3.13527", "sigma_imp": "0.000", "ps": "-9.45"}]}