{"summary": {"energy": "8.056e-02", "darc": "5.1559 days", "ip": "6.954e-08", "h": "27.41", "nobs": "23", "mass": "1.90e+06", "v_inf": "15.24", "first_obs": "2016-Mar-31.40005", "method": "LOV", "pdate": "2017-04-09 08:29:15", "ndop": "0", "cdate": "2017-04-09 08:29:15", "ps_cum": "-8.25", "diameter": "1.1e-02", "ndel": "0", "v_imp": "18.88", "ps_max": "-8.25", "last_obs": "2016-Apr-05.555977", "fullname": "(2016 FA14)", "n_imp": "1", "ts_max": "0", "nsat": "0", "des": "2016 FA14"}, "signature": {"source": "NASA/JPL Sentry Data API", "version": "1.1"}, "data": [{"energy": "8.056e-02", "width": "3.3985e-03", "ip": "6.954e-08", "ts": "0", "stretch": "8.8909e+03", "date": "2072-03-28.95", "dist": "0.448", "sigma_lov": "3.75574", "sigma_imp": "0.000", "ps": "-8.25"}]}