{"summary": {"energy": "7.485e-02", "darc": "4.1731 days", "ip": "8.801e-09", "h": "27.10", "nobs": "82", "mass": "2.92e+06", "v_inf": "9.56", "first_obs": "2016-Mar-31.28668", "method": "LOV", "pdate": "2017-04-17 01:35:28", "ndop": "0", "cdate": "2017-04-17 01:35:28", "ps_cum": "-9.38", "diameter": "1.3e-02", "ndel": "0", "v_imp": "14.68", "ps_max": "-9.38", "last_obs": "2016-Apr-04.45982", "fullname": "(2016 FF14)", "n_imp": "1", "ts_max": "0", "nsat": "0", "des": "2016 FF14"}, "signature": {"source": "NASA/JPL Sentry Data API", "version": "1.1"}, "data": [{"energy": "7.485e-02", "width": "4.4194e-03", "ip": "8.801e-09", "ts": "0", "stretch": "1.5709e+05", "date": "2106-03-30.34", "dist": "0.117", "sigma_lov": "-3.56421", "sigma_imp": "0.000", "ps": "-9.38"}]}