{"summary": {"energy": "1.636e+00", "darc": "42.026 days", "ip": "3.558e-06", "h": "24.76", "nobs": "294", "mass": "7.35e+07", "v_inf": "7.93", "first_obs": "2016-Apr-27.30971", "method": "LOV", "pdate": "2017-04-24 11:16:32", "ndop": "0", "cdate": "2017-04-24 11:16:32", "ps_cum": "-5.54", "diameter": "3.8e-02", "ndel": "0", "v_imp": "13.68", "ps_max": "-5.54", "last_obs": "2016-Jun-08.33587", "fullname": "(2016 HF3)", "n_imp": "1", "ts_max": "0", "nsat": "0", "des": "2016 HF3"}, "signature": {"source": "NASA/JPL Sentry Data API", "version": "1.1"}, "data": [{"energy": "1.636e+00", "width": "1.2228e-04", "ip": "3.558e-06", "ts": "0", "stretch": "5.8340e+02", "date": "2078-05-19.90", "dist": "0.450", "sigma_lov": "3.41839", "sigma_imp": "0.000", "ps": "-5.54"}]}