{"summary": {"energy": "2.820e-02", "darc": "22.084 days", "ip": "4.79076272e-05", "h": "27.77", "nobs": "22", "mass": "1.14e+06", "v_inf": "9.12", "first_obs": "2016-Mar-28.27796", "method": "LOV", "pdate": "2017-04-11 06:49:50", "ndop": "0", "cdate": "2017-04-11 06:49:50", "ps_cum": "-5.93", "diameter": "0.00940046541065177", "ndel": "0", "v_imp": "14.40", "ps_max": "-6.17", "last_obs": "2016-Apr-19.361788", "fullname": "(2016 GK2)", "n_imp": "9", "ts_max": "0", "nsat": "0", "des": "2016 GK2"}, "signature": {"source": "NASA/JPL Sentry Data API", "version": "1.1"}, "data": [{"energy": "2.861e-02", "width": "7.7642e-04", "ip": "6.782e-10", "ts": "0", "stretch": "8.9236e+04", "date": "2114-03-28.07", "dist": "0.138", "sigma_lov": "4.35188", "sigma_imp": "0.000", "ps": "-10.9"}, {"energy": "2.849e-02", "width": "3.0071e-04", "ip": "7.119e-08", "ts": "0", "stretch": "3.2583e+04", "date": "2112-03-27.51", "dist": "0.830", "sigma_lov": "3.24135", "sigma_imp": "0.000", "ps": "-8.84"}, {"energy": "2.806e-02", "width": "0.0000e+00", "ip": "1.066e-08", "ts": "0", "stretch": "5.4734e+07", "date": "2106-03-27.88", "dist": "0.533", "sigma_lov": "-0.54119", "sigma_imp": "0.000", "ps": "-9.64"}, {"energy": "2.832e-02", "width": "0.0000e+00", "ip": "3.613e-07", "ts": "0", "stretch": "1.7617e+06", "date": "2104-03-27.44", "dist": "0.019", "sigma_lov": "0.67172", "sigma_imp": "0.000", "ps": "-8.10"}, {"energy": "2.823e-02", "width": "0.0000e+00", "ip": "3.327e-07", "ts": "0", "stretch": "2.2191e+06", "date": "2098-03-27.27", "dist": "0.101", "sigma_lov": "0.38067", "sigma_imp": "0.000", "ps": "-8.10"}, {"energy": "2.841e-02", "width": "0.0000e+00", "ip": "1.481e-07", "ts": "0", "stretch": "2.8822e+05", "date": "2098-03-26.88", "dist": "0.694", "sigma_lov": "2.27921", "sigma_imp": "0.000", "ps": "-8.45"}, {"energy": "2.824e-02", "width": "1.2276e-04", "ip": "2.801e-05", "ts": "0", "stretch": "2.6326e+04", "date": "2096-03-26.73", "dist": "0.104", "sigma_lov": "0.38254", "sigma_imp": "0.000", "ps": "-6.17"}, {"energy": "2.813e-02", "width": "1.2276e-04", "ip": "1.897e-05", "ts": "0", "stretch": "2.1639e+04", "date": "2092-03-26.82", "dist": "0.338", "sigma_lov": "-1.09840", "sigma_imp": "0.000", "ps": "-6.31"}, {"energy": "2.871e-02", "width": "1.5035e-04", "ip": "2.999e-09", "ts": "0", "stretch": "2.1980e+04", "date": "2116-03-27.75", "dist": "0.751", "sigma_lov": "4.23750", "sigma_imp": "0.000", "ps": "-10.2"}]}