{"summary": {"energy": "2.907e+00", "darc": "8.1467 days", "ip": "4.069e-08", "h": "25.15", "nobs": "68", "mass": "4.31e+07", "v_inf": "21.04", "first_obs": "2016-Jan-30.45492", "method": "LOV", "pdate": "2017-04-21 23:50:06", "ndop": "0", "cdate": "2017-04-21 23:50:06", "ps_cum": "-7.30", "diameter": "0.032", "ndel": "0", "v_imp": "23.81", "ps_max": "-7.48", "last_obs": "2016-Feb-07.60166", "fullname": "(2016 BQ15)", "n_imp": "2", "ts_max": "0", "nsat": "0", "des": "2016 BQ15"}, "signature": {"source": "NASA/JPL Sentry Data API", "version": "1.1"}, "data": [{"energy": "2.913e+00", "width": "0.0000e+00", "ip": "1.761e-08", "ts": "0", "stretch": "3.6924e+05", "date": "2098-02-06.51", "dist": "0.868", "sigma_lov": "2.86653", "sigma_imp": "0.000", "ps": "-7.77"}, {"energy": "2.902e+00", "width": "0.0000e+00", "ip": "2.308e-08", "ts": "0", "stretch": "5.0071e+05", "date": "2072-02-07.38", "dist": "0.308", "sigma_lov": "2.89224", "sigma_imp": "0.000", "ps": "-7.48"}]}