{"summary": {"energy": "1.620e-01", "darc": ".11002 days", "ip": "2.12266e-08", "h": "26.68", "nobs": "19", "mass": "5.18e+06", "v_inf": "11.76", "first_obs": "2016-Dec-27.28622", "method": "LOV", "pdate": "2017-04-09 18:09:06", "ndop": "0", "cdate": "2017-04-09 18:09:06", "ps_cum": "-8.65", "diameter": "0.0159353311411154", "ndel": "0", "v_imp": "16.21", "ps_max": "-8.75", "last_obs": "2016-Dec-27.396239", "fullname": "(2016 YC13)", "n_imp": "7", "ts_max": "0", "nsat": "0", "des": "2016 YC13"}, "signature": {"source": "NASA/JPL Sentry Data API", "version": "1.1"}, "data": [{"energy": "1.737e-01", "width": "4.4595e+01", "ip": "5.114e-10", "ts": "0", "stretch": "2.4803e+05", "date": "2110-12-23.17", "dist": "133.517", "sigma_lov": "0.02024", "sigma_imp": "2.972", "ps": "-10.3"}, {"energy": "1.665e-01", "width": "5.0685e+01", "ip": "1.309e-10", "ts": "0", "stretch": "9.7223e+05", "date": "2116-12-22.19", "dist": "145.898", "sigma_lov": "0.64492", "sigma_imp": "2.859", "ps": "-11.0"}, {"energy": "1.696e-01", "width": "3.9651e+01", "ip": "1.239e-10", "ts": "0", "stretch": "2.1559e+05", "date": "2111-12-23.33", "dist": "138.403", "sigma_lov": "0.36440", "sigma_imp": "3.465", "ps": "-11.0"}, {"energy": "1.665e-01", "width": "5.8001e+01", "ip": "3.453e-09", "ts": "0", "stretch": "7.0024e+04", "date": "2102-12-22.60", "dist": "150.370", "sigma_lov": "0.65322", "sigma_imp": "2.575", "ps": "-9.49"}, {"energy": "2.142e-01", "width": "1.1093e+02", "ip": "1.410e-10", "ts": "0", "stretch": "5.3185e+05", "date": "2100-12-24.03", "dist": "89.819", "sigma_lov": "-2.74474", "sigma_imp": "0.801", "ps": "-10.8"}, {"energy": "1.599e-01", "width": "5.1561e+01", "ip": "1.627e-08", "ts": "0", "stretch": "1.9067e+03", "date": "2087-12-21.54", "dist": "160.576", "sigma_lov": "1.33855", "sigma_imp": "3.095", "ps": "-8.75"}, {"energy": "1.694e-01", "width": "8.5606e+01", "ip": "5.964e-10", "ts": "0", "stretch": "2.1746e+06", "date": "2097-12-21.53", "dist": "145.010", "sigma_lov": "0.37465", "sigma_imp": "1.682", "ps": "-10.2"}]}