{"summary": {"energy": "2.020e-01", "darc": "2.1970 days", "ip": "1.662032e-05", "h": "26.78", "nobs": "65", "mass": "4.51e+06", "v_inf": "15.88", "first_obs": "2016-Jan-29.29651", "method": "LOV", "pdate": "2017-04-10 19:24:45", "ndop": "0", "cdate": "2017-04-10 19:24:45", "ps_cum": "-5.46", "diameter": "0.015", "ndel": "0", "v_imp": "19.40", "ps_max": "-5.58", "last_obs": "2016-Jan-31.49353", "fullname": "(2016 BA15)", "n_imp": "16", "ts_max": "0", "nsat": "0", "des": "2016 BA15"}, "signature": {"source": "NASA/JPL Sentry Data API", "version": "1.1"}, "data": [{"energy": "2.011e-01", "width": "9.1604e-03", "ip": "3.733e-08", "ts": "0", "stretch": "3.0392e+05", "date": "2108-07-20.06", "dist": "0.645", "sigma_lov": "2.82444", "sigma_imp": "0.000", "ps": "-8.42"}, {"energy": "2.010e-01", "width": "9.2129e-03", "ip": "2.103e-08", "ts": "0", "stretch": "2.8344e+05", "date": "2108-07-20.05", "dist": "0.641", "sigma_lov": "3.04512", "sigma_imp": "0.000", "ps": "-8.67"}, {"energy": "2.022e-01", "width": "1.5714e-02", "ip": "8.967e-08", "ts": "0", "stretch": "4.1989e+06", "date": "2106-07-20.92", "dist": "0.877", "sigma_lov": "-0.18181", "sigma_imp": "0.000", "ps": "-8.03"}, {"energy": "2.016e-01", "width": "1.2423e-02", "ip": "1.318e-07", "ts": "0", "stretch": "2.1108e+06", "date": "2104-07-20.18", "dist": "0.935", "sigma_lov": "-0.17902", "sigma_imp": "0.000", "ps": "-7.85"}, {"energy": "2.016e-01", "width": "6.8042e-03", "ip": "4.018e-07", "ts": "0", "stretch": "1.2449e+06", "date": "2104-07-20.17", "dist": "0.775", "sigma_lov": "-0.12979", "sigma_imp": "0.000", "ps": "-7.37"}, {"energy": "2.017e-01", "width": "7.4147e-03", "ip": "1.551e-06", "ts": "0", "stretch": "2.7452e+05", "date": "2104-07-20.18", "dist": "0.843", "sigma_lov": "-0.13253", "sigma_imp": "0.000", "ps": "-6.78"}, {"energy": "2.017e-01", "width": "0.0000e+00", "ip": "2.468e-07", "ts": "0", "stretch": "2.8651e+06", "date": "2098-07-19.78", "dist": "0.452", "sigma_lov": "-0.11350", "sigma_imp": "0.000", "ps": "-7.55"}, {"energy": "2.025e-01", "width": "4.4445e-02", "ip": "1.284e-08", "ts": "0", "stretch": "1.7063e+07", "date": "2094-07-19.75", "dist": "0.959", "sigma_lov": "-0.11660", "sigma_imp": "0.000", "ps": "-8.81"}, {"energy": "2.024e-01", "width": "2.7217e-02", "ip": "1.031e-07", "ts": "0", "stretch": "5.5525e+06", "date": "2092-07-19.09", "dist": "0.305", "sigma_lov": "-0.75287", "sigma_imp": "0.000", "ps": "-7.90"}, {"energy": "2.024e-01", "width": "0.0000e+00", "ip": "5.325e-08", "ts": "0", "stretch": "1.0513e+07", "date": "2092-07-19.07", "dist": "0.361", "sigma_lov": "-0.75490", "sigma_imp": "0.000", "ps": "-8.18"}, {"energy": "2.027e-01", "width": "7.8568e-03", "ip": "3.438e-07", "ts": "0", "stretch": "1.2541e+06", "date": "2089-07-19.15", "dist": "0.446", "sigma_lov": "-1.00516", "sigma_imp": "0.000", "ps": "-7.35"}, {"energy": "2.023e-01", "width": "0.0000e+00", "ip": "4.250e-08", "ts": "0", "stretch": "6.9075e+06", "date": "2087-07-19.48", "dist": "0.672", "sigma_lov": "-1.18374", "sigma_imp": "0.000", "ps": "-8.25"}, {"energy": "2.022e-01", "width": "5.5556e-03", "ip": "3.018e-07", "ts": "0", "stretch": "1.9053e+06", "date": "2073-07-19.21", "dist": "0.253", "sigma_lov": "-0.76783", "sigma_imp": "0.000", "ps": "-7.30"}, {"energy": "2.023e-01", "width": "1.0394e-02", "ip": "5.226e-07", "ts": "0", "stretch": "1.0518e+06", "date": "2073-07-19.25", "dist": "0.375", "sigma_lov": "-0.77069", "sigma_imp": "0.000", "ps": "-7.06"}, {"energy": "2.019e-01", "width": "1.1510e-02", "ip": "1.108e-05", "ts": "0", "stretch": "3.3328e+04", "date": "2056-07-18.88", "dist": "0.875", "sigma_lov": "-0.29663", "sigma_imp": "0.000", "ps": "-5.58"}, {"energy": "2.025e-01", "width": "1.0486e-02", "ip": "1.681e-06", "ts": "0", "stretch": "3.0395e+05", "date": "2054-07-19.11", "dist": "0.503", "sigma_lov": "-0.77442", "sigma_imp": "0.000", "ps": "-6.38"}]}