{"summary": {"energy": "2.271e-03", "darc": ".85160 days", "ip": "0.0002854286945", "h": "29.90", "nobs": "14", "mass": "6.10e+04", "v_inf": "13.74", "first_obs": "2016-Feb-28.4092", "method": "LOV", "pdate": "2017-04-08 12:36:00", "ndop": "0", "cdate": "2017-04-08 12:36:00", "ps_cum": "-5.50", "diameter": "0.00355407655501153", "ndel": "0", "v_imp": "17.69", "ps_max": "-5.82", "last_obs": "2016-Feb-29.2608", "fullname": "(2016 DA31)", "n_imp": "190", "ts_max": "0", "nsat": "0", "des": "2016 DA31"}, "signature": {"source": "NASA/JPL Sentry Data API", "version": "1.1"}, "data": [{"energy": "2.357e-03", "width": "0.0000e+00", "ip": "1.463e-08", "ts": "0", "stretch": "5.3523e+05", "date": "2117-03-03.00", "dist": "0.734", "sigma_lov": "-2.91145", "sigma_imp": "0.000", "ps": "-10.4"}, {"energy": "2.358e-03", "width": "5.1595e-02", "ip": "1.457e-08", "ts": "0", "stretch": "5.3330e+05", "date": "2116-09-05.70", "dist": "0.267", "sigma_lov": "-3.03156", "sigma_imp": "0.000", "ps": "-10.4"}, {"energy": "2.151e-03", "width": "3.5556e-01", "ip": "3.592e-10", "ts": "0", "stretch": "4.6507e+07", "date": "2116-09-04.59", "dist": "0.788", "sigma_lov": "2.52787", "sigma_imp": "0.000", "ps": "-12.1"}, {"energy": "2.156e-03", "width": "1.1818e-01", "ip": "7.810e-08", "ts": "0", "stretch": "4.9304e+05", "date": "2116-09-04.93", "dist": "0.531", "sigma_lov": "2.38782", "sigma_imp": "0.000", "ps": "-9.71"}, {"energy": "2.154e-03", "width": "2.0817e-01", "ip": "9.200e-09", "ts": "0", "stretch": "5.2297e+05", "date": "2116-09-04.92", "dist": "1.130", "sigma_lov": "2.43274", "sigma_imp": "0.626", "ps": "-10.6"}, {"energy": "2.155e-03", "width": "2.2013e-01", "ip": "7.856e-10", "ts": "0", "stretch": "8.5980e+05", "date": "2116-09-04.88", "dist": "1.376", "sigma_lov": "2.43048", "sigma_imp": "1.707", "ps": "-11.7"}, {"energy": "2.154e-03", "width": "1.7301e-01", "ip": "7.753e-09", "ts": "0", "stretch": "6.1727e+05", "date": "2116-09-04.90", "dist": "1.099", "sigma_lov": "2.43144", "sigma_imp": "0.573", "ps": "-10.7"}, {"energy": "2.352e-03", "width": "1.1859e-01", "ip": "1.065e-07", "ts": "0", "stretch": "1.0902e+05", "date": "2116-09-04.38", "dist": "0.536", "sigma_lov": "-2.84541", "sigma_imp": "0.000", "ps": "-9.55"}, {"energy": "2.352e-03", "width": "4.5866e-01", "ip": "8.447e-08", "ts": "0", "stretch": "1.1112e+05", "date": "2116-09-04.38", "dist": "0.558", "sigma_lov": "-2.84503", "sigma_imp": "0.000", "ps": "-9.65"}, {"energy": "2.269e-03", "width": "2.4845e-02", "ip": "2.744e-07", "ts": "0", "stretch": "2.1710e+06", "date": "2116-03-03.33", "dist": "0.424", "sigma_lov": "-0.62114", "sigma_imp": "0.000", "ps": "-9.15"}, {"energy": "2.277e-03", "width": "1.3211e-01", "ip": "5.564e-09", "ts": "0", "stretch": "7.3803e+05", "date": "2116-03-03.44", "dist": "1.258", "sigma_lov": "-0.80585", "sigma_imp": "1.951", "ps": "-10.8"}, {"energy": "2.278e-03", "width": "9.8053e-02", "ip": "5.757e-07", "ts": "0", "stretch": "8.0601e+05", "date": "2116-03-03.43", "dist": "0.581", "sigma_lov": "-0.80575", "sigma_imp": "0.000", "ps": "-8.83"}, {"energy": "2.277e-03", "width": "3.1427e-02", "ip": "5.563e-08", "ts": "0", "stretch": "6.3716e+06", "date": "2116-03-02.68", "dist": "0.787", "sigma_lov": "-0.80750", "sigma_imp": "0.000", "ps": "-9.84"}, {"energy": "2.234e-03", "width": "1.4741e-01", "ip": "5.583e-08", "ts": "0", "stretch": "1.0017e+07", "date": "2115-09-06.26", "dist": "0.673", "sigma_lov": "0.12285", "sigma_imp": "0.000", "ps": "-9.84"}, {"energy": "2.276e-03", "width": "1.5714e-02", "ip": "1.442e-07", "ts": "0", "stretch": "3.8501e+06", "date": "2115-09-08.06", "dist": "0.193", "sigma_lov": "-0.82962", "sigma_imp": "0.000", "ps": "-9.43"}, {"energy": "2.239e-03", "width": "3.9480e-02", "ip": "1.045e-06", "ts": "0", "stretch": "6.6002e+05", "date": "2115-03-03.42", "dist": "0.498", "sigma_lov": "0.06071", "sigma_imp": "0.000", "ps": "-8.57"}, {"energy": "2.217e-03", "width": "5.7134e-02", "ip": "7.732e-09", "ts": "0", "stretch": "8.5369e+04", "date": "2115-03-02.55", "dist": "1.143", "sigma_lov": "0.65995", "sigma_imp": "2.510", "ps": "-10.7"}, {"energy": "2.241e-03", "width": "0.0000e+00", "ip": "1.978e-08", "ts": "0", "stretch": "3.5855e+07", "date": "2115-03-02.82", "dist": "0.456", "sigma_lov": "0.05562", "sigma_imp": "0.000", "ps": "-10.3"}, {"energy": "2.274e-03", "width": "1.6197e-02", "ip": "3.078e-07", "ts": "0", "stretch": "8.4731e+05", "date": "2113-09-05.12", "dist": "0.891", "sigma_lov": "-0.80540", "sigma_imp": "0.000", "ps": "-9.09"}, {"energy": "2.190e-03", "width": "3.2222e-01", "ip": "1.102e-09", "ts": "0", "stretch": "1.8373e+06", "date": "2112-09-06.09", "dist": "1.678", "sigma_lov": "1.45928", "sigma_imp": "2.103", "ps": "-11.5"}, {"energy": "2.150e-03", "width": "1.0901e-01", "ip": "8.028e-08", "ts": "0", "stretch": "2.3916e+05", "date": "2112-09-05.09", "dist": "0.672", "sigma_lov": "2.60942", "sigma_imp": "0.000", "ps": "-9.69"}, {"energy": "2.208e-03", "width": "1.1111e-02", "ip": "1.674e-07", "ts": "0", "stretch": "2.5347e+06", "date": "2112-03-02.29", "dist": "0.625", "sigma_lov": "0.87574", "sigma_imp": "0.000", "ps": "-9.36"}, {"energy": "2.352e-03", "width": "2.1658e-01", "ip": "1.210e-09", "ts": "0", "stretch": "1.6454e+05", "date": "2112-03-01.62", "dist": "1.382", "sigma_lov": "-2.84262", "sigma_imp": "1.763", "ps": "-11.5"}, {"energy": "2.353e-03", "width": "1.4636e-01", "ip": "2.555e-10", "ts": "0", "stretch": "3.2967e+05", "date": "2112-03-01.58", "dist": "1.298", "sigma_lov": "-2.84716", "sigma_imp": "2.034", "ps": "-12.1"}, {"energy": "2.351e-03", "width": "1.4616e-01", "ip": "1.893e-09", "ts": "0", "stretch": "1.5263e+05", "date": "2112-03-01.63", "dist": "1.225", "sigma_lov": "-2.82187", "sigma_imp": "1.539", "ps": "-11.3"}, {"energy": "2.217e-03", "width": "5.8795e-02", "ip": "1.118e-07", "ts": "0", "stretch": "5.0071e+06", "date": "2111-09-05.97", "dist": "0.455", "sigma_lov": "0.68619", "sigma_imp": "0.000", "ps": "-9.53"}, {"energy": "2.139e-03", "width": "4.0636e-02", "ip": "4.608e-09", "ts": "0", "stretch": "8.4346e+05", "date": "2111-09-06.25", "dist": "0.964", "sigma_lov": "2.78639", "sigma_imp": "0.000", "ps": "-10.9"}, {"energy": "2.256e-03", "width": "6.2854e-02", "ip": "1.340e-07", "ts": "0", "stretch": "3.2537e+06", "date": "2111-09-06.23", "dist": "0.813", "sigma_lov": "-0.29824", "sigma_imp": "0.000", "ps": "-9.44"}, {"energy": "2.151e-03", "width": "0.0000e+00", "ip": "1.331e-09", "ts": "0", "stretch": "1.6424e+07", "date": "2111-09-06.25", "dist": "0.261", "sigma_lov": "2.66889", "sigma_imp": "0.000", "ps": "-11.5"}, {"energy": "2.091e-03", "width": "1.0015e-02", "ip": "2.326e-09", "ts": "0", "stretch": "4.4249e+04", "date": "2111-03-02.64", "dist": "0.388", "sigma_lov": "4.21291", "sigma_imp": "0.000", "ps": "-11.2"}, {"energy": "2.353e-03", "width": "6.3302e-01", "ip": "9.810e-09", "ts": "0", "stretch": "1.9465e+05", "date": "2109-09-05.16", "dist": "1.529", "sigma_lov": "-2.83572", "sigma_imp": "0.835", "ps": "-10.6"}, {"energy": "2.247e-03", "width": "6.1458e-01", "ip": "6.197e-07", "ts": "0", "stretch": "6.3744e+05", "date": "2107-03-02.63", "dist": "0.775", "sigma_lov": "-0.14497", "sigma_imp": "0.000", "ps": "-8.76"}, {"energy": "2.247e-03", "width": "7.9675e-01", "ip": "4.926e-07", "ts": "0", "stretch": "6.8665e+05", "date": "2107-03-02.62", "dist": "0.891", "sigma_lov": "-0.15361", "sigma_imp": "0.000", "ps": "-8.86"}, {"energy": "2.271e-03", "width": "2.2222e-02", "ip": "1.091e-07", "ts": "0", "stretch": "4.3196e+06", "date": "2106-03-03.63", "dist": "0.677", "sigma_lov": "-0.66265", "sigma_imp": "0.000", "ps": "-9.50"}, {"energy": "2.200e-03", "width": "5.5556e-03", "ip": "3.689e-07", "ts": "0", "stretch": "1.1766e+06", "date": "2105-09-06.13", "dist": "0.150", "sigma_lov": "1.09296", "sigma_imp": "0.000", "ps": "-8.98"}, {"energy": "2.186e-03", "width": "4.5381e-01", "ip": "1.726e-09", "ts": "0", "stretch": "9.8290e+03", "date": "2105-09-06.09", "dist": "2.632", "sigma_lov": "1.49559", "sigma_imp": "3.597", "ps": "-11.3"}, {"energy": "2.187e-03", "width": "4.3032e-01", "ip": "2.285e-07", "ts": "0", "stretch": "6.4316e+03", "date": "2105-09-06.11", "dist": "1.976", "sigma_lov": "1.46535", "sigma_imp": "2.267", "ps": "-9.19"}, {"energy": "2.196e-03", "width": "8.8321e-03", "ip": "7.564e-06", "ts": "0", "stretch": "4.5714e+04", "date": "2105-09-06.22", "dist": "0.481", "sigma_lov": "1.18687", "sigma_imp": "0.000", "ps": "-7.67"}, {"energy": "2.151e-03", "width": "1.5476e-01", "ip": "2.157e-10", "ts": "0", "stretch": "1.6514e+06", "date": "2105-09-04.96", "dist": "1.294", "sigma_lov": "2.43653", "sigma_imp": "1.901", "ps": "-12.2"}, {"energy": "2.156e-03", "width": "3.3573e-01", "ip": "1.667e-08", "ts": "0", "stretch": "1.7685e+06", "date": "2105-03-02.70", "dist": "0.633", "sigma_lov": "2.40078", "sigma_imp": "0.000", "ps": "-10.3"}, {"energy": "2.155e-03", "width": "3.3739e-01", "ip": "1.960e-08", "ts": "0", "stretch": "1.8036e+06", "date": "2105-03-02.71", "dist": "0.399", "sigma_lov": "2.42029", "sigma_imp": "0.000", "ps": "-10.3"}, {"energy": "2.324e-03", "width": "7.8568e-03", "ip": "4.879e-08", "ts": "0", "stretch": "1.0201e+06", "date": "2105-03-02.46", "dist": "0.634", "sigma_lov": "-2.24445", "sigma_imp": "0.000", "ps": "-9.84"}, {"energy": "2.183e-03", "width": "1.9971e-02", "ip": "1.676e-06", "ts": "0", "stretch": "1.3397e+05", "date": "2105-03-02.36", "dist": "0.173", "sigma_lov": "1.58261", "sigma_imp": "0.000", "ps": "-8.33"}, {"energy": "2.251e-03", "width": "4.1574e-02", "ip": "1.509e-07", "ts": "0", "stretch": "3.8213e+06", "date": "2104-09-06.81", "dist": "0.656", "sigma_lov": "-0.28466", "sigma_imp": "0.000", "ps": "-9.36"}, {"energy": "2.214e-03", "width": "6.0349e-02", "ip": "5.093e-07", "ts": "0", "stretch": "1.0463e+06", "date": "2104-09-05.42", "dist": "0.528", "sigma_lov": "0.68815", "sigma_imp": "0.000", "ps": "-8.84"}, {"energy": "2.097e-03", "width": "7.6326e-02", "ip": "6.886e-10", "ts": "0", "stretch": "9.7033e+04", "date": "2103-03-02.82", "dist": "0.924", "sigma_lov": "4.07650", "sigma_imp": "0.000", "ps": "-11.7"}, {"energy": "2.380e-03", "width": "1.0193e-01", "ip": "2.821e-09", "ts": "0", "stretch": "2.9460e+05", "date": "2102-09-06.17", "dist": "0.210", "sigma_lov": "-3.69899", "sigma_imp": "0.000", "ps": "-11.1"}, {"energy": "2.315e-03", "width": "4.8433e-02", "ip": "3.229e-08", "ts": "0", "stretch": "1.9839e+06", "date": "2102-09-06.33", "dist": "0.882", "sigma_lov": "-1.86678", "sigma_imp": "0.000", "ps": "-10.0"}, {"energy": "2.374e-03", "width": "2.5550e+00", "ip": "2.528e-10", "ts": "0", "stretch": "5.4066e+04", "date": "2102-09-05.99", "dist": "6.624", "sigma_lov": "-3.55413", "sigma_imp": "2.201", "ps": "-12.1"}, {"energy": "2.314e-03", "width": "2.3570e-02", "ip": "4.880e-08", "ts": "0", "stretch": "1.9051e+06", "date": "2102-09-06.29", "dist": "0.752", "sigma_lov": "-1.86153", "sigma_imp": "0.000", "ps": "-9.83"}, {"energy": "2.203e-03", "width": "5.4433e-02", "ip": "4.726e-08", "ts": "0", "stretch": "5.8225e+06", "date": "2102-09-06.35", "dist": "0.847", "sigma_lov": "0.90689", "sigma_imp": "0.000", "ps": "-9.86"}, {"energy": "2.277e-03", "width": "3.1914e-02", "ip": "3.716e-07", "ts": "0", "stretch": "1.2242e+06", "date": "2102-03-03.21", "dist": "0.626", "sigma_lov": "-0.79022", "sigma_imp": "0.000", "ps": "-8.95"}, {"energy": "2.302e-03", "width": "7.2169e-03", "ip": "2.929e-07", "ts": "0", "stretch": "3.1765e+05", "date": "2102-03-02.93", "dist": "0.899", "sigma_lov": "-1.62806", "sigma_imp": "0.000", "ps": "-9.05"}, {"energy": "2.290e-03", "width": "3.9284e-03", "ip": "2.374e-07", "ts": "0", "stretch": "9.5619e+05", "date": "2102-03-02.87", "dist": "0.755", "sigma_lov": "-1.29334", "sigma_imp": "0.000", "ps": "-9.14"}, {"energy": "2.306e-03", "width": "6.8042e-03", "ip": "9.791e-08", "ts": "0", "stretch": "7.9744e+05", "date": "2102-03-02.91", "dist": "0.905", "sigma_lov": "-1.71321", "sigma_imp": "0.000", "ps": "-9.52"}, {"energy": "2.243e-03", "width": "6.2854e-02", "ip": "9.332e-08", "ts": "0", "stretch": "8.5180e+06", "date": "2101-09-07.01", "dist": "0.052", "sigma_lov": "0.03017", "sigma_imp": "0.000", "ps": "-9.55"}, {"energy": "2.152e-03", "width": "3.1198e-01", "ip": "2.956e-08", "ts": "0", "stretch": "6.4036e+05", "date": "2101-03-02.56", "dist": "0.723", "sigma_lov": "2.52937", "sigma_imp": "0.000", "ps": "-10.1"}, {"energy": "2.272e-03", "width": "1.1111e-02", "ip": "2.151e-07", "ts": "0", "stretch": "1.9945e+06", "date": "2099-09-04.83", "dist": "0.679", "sigma_lov": "-0.78917", "sigma_imp": "0.000", "ps": "-9.18"}, {"energy": "2.156e-03", "width": "4.1364e-01", "ip": "4.526e-08", "ts": "0", "stretch": "5.7092e+05", "date": "2098-09-05.51", "dist": "0.670", "sigma_lov": "2.41869", "sigma_imp": "0.000", "ps": "-9.87"}, {"energy": "2.156e-03", "width": "4.1664e-01", "ip": "3.455e-08", "ts": "0", "stretch": "5.6026e+05", "date": "2098-09-05.51", "dist": "0.872", "sigma_lov": "2.40243", "sigma_imp": "0.000", "ps": "-9.98"}, {"energy": "2.315e-03", "width": "7.8568e-03", "ip": "7.591e-08", "ts": "0", "stretch": "1.7568e+06", "date": "2098-03-02.24", "dist": "0.335", "sigma_lov": "-1.86022", "sigma_imp": "0.000", "ps": "-9.61"}, {"energy": "2.240e-03", "width": "3.0175e-02", "ip": "9.668e-10", "ts": "0", "stretch": "5.3839e+05", "date": "2097-09-05.37", "dist": "1.077", "sigma_lov": "0.03487", "sigma_imp": "2.557", "ps": "-11.5"}, {"energy": "2.163e-03", "width": "1.1111e-02", "ip": "1.892e-08", "ts": "0", "stretch": "2.6482e+06", "date": "2097-03-02.12", "dist": "0.589", "sigma_lov": "2.26034", "sigma_imp": "0.000", "ps": "-10.2"}, {"energy": "2.095e-03", "width": "1.4811e-01", "ip": "4.062e-09", "ts": "0", "stretch": "1.9500e+04", "date": "2096-09-04.15", "dist": "0.899", "sigma_lov": "4.06235", "sigma_imp": "0.000", "ps": "-10.9"}, {"energy": "2.297e-03", "width": "1.9245e-02", "ip": "1.067e-07", "ts": "0", "stretch": "2.1541e+06", "date": "2096-02-28.71", "dist": "0.430", "sigma_lov": "-1.51177", "sigma_imp": "0.000", "ps": "-9.46"}, {"energy": "2.261e-03", "width": "4.4445e-02", "ip": "1.197e-07", "ts": "0", "stretch": "6.2678e+06", "date": "2095-03-01.89", "dist": "0.149", "sigma_lov": "-0.31363", "sigma_imp": "0.000", "ps": "-9.41"}, {"energy": "2.312e-03", "width": "0.0000e+00", "ip": "1.515e-08", "ts": "0", "stretch": "7.3880e+06", "date": "2094-03-03.68", "dist": "0.654", "sigma_lov": "-1.83635", "sigma_imp": "0.000", "ps": "-10.3"}, {"energy": "2.327e-03", "width": "1.3964e-01", "ip": "1.774e-07", "ts": "0", "stretch": "3.6905e+05", "date": "2094-03-02.25", "dist": "0.193", "sigma_lov": "-2.22358", "sigma_imp": "0.000", "ps": "-9.22"}, {"energy": "2.298e-03", "width": "1.4191e-01", "ip": "1.147e-06", "ts": "0", "stretch": "2.1640e+05", "date": "2093-09-04.68", "dist": "0.118", "sigma_lov": "-1.51697", "sigma_imp": "0.000", "ps": "-8.41"}, {"energy": "2.297e-03", "width": "8.9193e-02", "ip": "6.906e-07", "ts": "0", "stretch": "3.2727e+05", "date": "2093-09-04.70", "dist": "0.436", "sigma_lov": "-1.51677", "sigma_imp": "0.000", "ps": "-8.63"}, {"energy": "2.239e-03", "width": "1.1500e-01", "ip": "8.263e-07", "ts": "0", "stretch": "7.0588e+05", "date": "2093-09-04.61", "dist": "0.662", "sigma_lov": "0.04877", "sigma_imp": "0.000", "ps": "-8.56"}, {"energy": "2.239e-03", "width": "1.0858e-01", "ip": "1.127e-06", "ts": "0", "stretch": "6.9986e+05", "date": "2093-09-04.60", "dist": "0.090", "sigma_lov": "0.04355", "sigma_imp": "0.000", "ps": "-8.43"}, {"energy": "2.235e-03", "width": "4.2310e-02", "ip": "3.060e-07", "ts": "0", "stretch": "1.5251e+06", "date": "2093-02-28.94", "dist": "0.805", "sigma_lov": "0.11668", "sigma_imp": "0.000", "ps": "-8.99"}, {"energy": "2.299e-03", "width": "0.0000e+00", "ip": "1.025e-08", "ts": "0", "stretch": "1.1892e+07", "date": "2092-02-29.47", "dist": "0.879", "sigma_lov": "-1.50970", "sigma_imp": "0.000", "ps": "-10.5"}, {"energy": "2.401e-03", "width": "4.2052e-02", "ip": "5.341e-09", "ts": "0", "stretch": "3.3419e+04", "date": "2091-09-05.07", "dist": "0.216", "sigma_lov": "-4.09470", "sigma_imp": "0.000", "ps": "-10.7"}, {"energy": "2.272e-03", "width": "1.0887e-01", "ip": "6.619e-08", "ts": "0", "stretch": "8.3762e+06", "date": "2091-09-02.76", "dist": "0.213", "sigma_lov": "-0.81785", "sigma_imp": "0.000", "ps": "-9.64"}, {"energy": "2.357e-03", "width": "5.4998e-02", "ip": "3.260e-09", "ts": "0", "stretch": "1.2712e+06", "date": "2090-09-03.65", "dist": "0.872", "sigma_lov": "-3.00504", "sigma_imp": "0.000", "ps": "-10.9"}, {"energy": "2.359e-03", "width": "3.9284e-03", "ip": "2.021e-08", "ts": "0", "stretch": "2.2464e+05", "date": "2090-09-03.87", "dist": "0.918", "sigma_lov": "-2.91452", "sigma_imp": "0.000", "ps": "-10.1"}, {"energy": "2.352e-03", "width": "3.8289e-02", "ip": "1.193e-07", "ts": "0", "stretch": "1.0701e+05", "date": "2090-09-03.94", "dist": "0.791", "sigma_lov": "-2.69818", "sigma_imp": "0.000", "ps": "-9.37"}, {"energy": "2.155e-03", "width": "2.5394e-01", "ip": "8.086e-07", "ts": "0", "stretch": "4.8207e+04", "date": "2090-03-01.88", "dist": "0.272", "sigma_lov": "2.42384", "sigma_imp": "0.000", "ps": "-8.57"}, {"energy": "2.156e-03", "width": "2.4214e-01", "ip": "7.080e-07", "ts": "0", "stretch": "4.6778e+04", "date": "2090-03-01.87", "dist": "0.596", "sigma_lov": "2.39714", "sigma_imp": "0.000", "ps": "-8.62"}, {"energy": "2.162e-03", "width": "1.1620e-02", "ip": "1.065e-07", "ts": "0", "stretch": "4.0275e+05", "date": "2090-03-01.44", "dist": "0.733", "sigma_lov": "2.25281", "sigma_imp": "0.000", "ps": "-9.44"}, {"energy": "2.152e-03", "width": "1.1220e-01", "ip": "2.011e-09", "ts": "0", "stretch": "1.8447e+05", "date": "2090-03-01.62", "dist": "1.193", "sigma_lov": "2.52660", "sigma_imp": "1.725", "ps": "-11.2"}, {"energy": "2.268e-03", "width": "6.2854e-02", "ip": "5.210e-08", "ts": "0", "stretch": "1.2765e+07", "date": "2090-02-28.58", "dist": "0.163", "sigma_lov": "-0.57748", "sigma_imp": "0.000", "ps": "-9.74"}, {"energy": "2.266e-03", "width": "5.5556e-03", "ip": "2.860e-09", "ts": "0", "stretch": "1.2567e+06", "date": "2090-02-28.25", "dist": "1.008", "sigma_lov": "-0.57931", "sigma_imp": "1.385", "ps": "-11.0"}, {"energy": "2.327e-03", "width": "2.2222e-02", "ip": "1.830e-08", "ts": "0", "stretch": "3.0036e+06", "date": "2088-09-04.30", "dist": "0.393", "sigma_lov": "-2.27700", "sigma_imp": "0.000", "ps": "-10.2"}, {"energy": "2.264e-03", "width": "0.0000e+00", "ip": "5.626e-07", "ts": "0", "stretch": "1.1215e+06", "date": "2088-09-04.46", "dist": "0.286", "sigma_lov": "-0.62008", "sigma_imp": "0.000", "ps": "-8.70"}, {"energy": "2.208e-03", "width": "3.8490e-02", "ip": "1.193e-07", "ts": "0", "stretch": "4.6710e+06", "date": "2088-09-05.77", "dist": "0.085", "sigma_lov": "0.84209", "sigma_imp": "0.000", "ps": "-9.38"}, {"energy": "2.306e-03", "width": "1.8373e-03", "ip": "1.994e-07", "ts": "0", "stretch": "9.5654e+04", "date": "2088-02-29.83", "dist": "0.993", "sigma_lov": "-1.78249", "sigma_imp": "0.000", "ps": "-9.14"}, {"energy": "2.267e-03", "width": "1.6257e-02", "ip": "2.112e-06", "ts": "0", "stretch": "2.7968e+05", "date": "2087-03-03.23", "dist": "0.451", "sigma_lov": "-0.61150", "sigma_imp": "0.000", "ps": "-8.11"}, {"energy": "2.266e-03", "width": "1.2571e-01", "ip": "5.303e-08", "ts": "0", "stretch": "1.0825e+07", "date": "2087-03-04.02", "dist": "0.480", "sigma_lov": "-0.60739", "sigma_imp": "0.000", "ps": "-9.71"}, {"energy": "2.201e-03", "width": "2.9397e-02", "ip": "1.779e-07", "ts": "0", "stretch": "1.8137e+06", "date": "2086-09-05.25", "dist": "0.734", "sigma_lov": "1.01535", "sigma_imp": "0.000", "ps": "-9.19"}, {"energy": "2.202e-03", "width": "0.0000e+00", "ip": "1.181e-07", "ts": "0", "stretch": "3.9942e+06", "date": "2086-09-05.34", "dist": "0.156", "sigma_lov": "1.01327", "sigma_imp": "0.000", "ps": "-9.37"}, {"energy": "2.270e-03", "width": "0.0000e+00", "ip": "2.688e-07", "ts": "0", "stretch": "2.2804e+06", "date": "2085-09-05.28", "dist": "0.283", "sigma_lov": "-0.66653", "sigma_imp": "0.000", "ps": "-9.00"}, {"energy": "2.371e-03", "width": "2.1909e-01", "ip": "1.070e-08", "ts": "0", "stretch": "4.7387e+05", "date": "2084-09-05.45", "dist": "0.057", "sigma_lov": "-3.17277", "sigma_imp": "0.000", "ps": "-10.4"}, {"energy": "2.278e-03", "width": "0.0000e+00", "ip": "9.328e-08", "ts": "0", "stretch": "5.5822e+06", "date": "2084-09-01.53", "dist": "0.410", "sigma_lov": "-0.81857", "sigma_imp": "0.000", "ps": "-9.45"}, {"energy": "2.272e-03", "width": "7.7580e-02", "ip": "7.185e-07", "ts": "0", "stretch": "8.8841e+05", "date": "2084-03-01.49", "dist": "0.103", "sigma_lov": "-0.65574", "sigma_imp": "0.000", "ps": "-8.56"}, {"energy": "2.320e-03", "width": "0.0000e+00", "ip": "6.067e-07", "ts": "0", "stretch": "1.7722e+05", "date": "2084-03-01.18", "dist": "0.463", "sigma_lov": "-1.94133", "sigma_imp": "0.000", "ps": "-8.63"}, {"energy": "2.306e-03", "width": "1.7568e-02", "ip": "1.284e-07", "ts": "0", "stretch": "1.7708e+06", "date": "2084-03-01.59", "dist": "0.043", "sigma_lov": "-1.58431", "sigma_imp": "0.000", "ps": "-9.30"}, {"energy": "2.185e-03", "width": "5.6656e-02", "ip": "1.416e-07", "ts": "0", "stretch": "1.5478e+06", "date": "2083-02-28.95", "dist": "0.137", "sigma_lov": "1.60016", "sigma_imp": "0.000", "ps": "-9.27"}, {"energy": "2.269e-03", "width": "1.4699e-02", "ip": "5.959e-07", "ts": "0", "stretch": "9.0174e+05", "date": "2081-09-04.75", "dist": "0.573", "sigma_lov": "-0.62697", "sigma_imp": "0.000", "ps": "-8.63"}, {"energy": "2.092e-03", "width": "5.0951e-03", "ip": "1.857e-08", "ts": "0", "stretch": "7.1782e+03", "date": "2081-09-04.67", "dist": "0.363", "sigma_lov": "4.15369", "sigma_imp": "0.000", "ps": "-10.2"}, {"energy": "2.291e-03", "width": "6.4311e-02", "ip": "1.297e-10", "ts": "0", "stretch": "1.2154e+06", "date": "2081-09-04.44", "dist": "1.179", "sigma_lov": "-1.30400", "sigma_imp": "2.788", "ps": "-12.3"}, {"energy": "2.278e-03", "width": "6.8042e-03", "ip": "5.919e-07", "ts": "0", "stretch": "9.5122e+05", "date": "2081-03-01.80", "dist": "0.060", "sigma_lov": "-0.83320", "sigma_imp": "0.000", "ps": "-8.62"}, {"energy": "2.300e-03", "width": "0.0000e+00", "ip": "8.744e-08", "ts": "0", "stretch": "2.3265e+06", "date": "2081-02-28.93", "dist": "0.634", "sigma_lov": "-1.49040", "sigma_imp": "0.000", "ps": "-9.45"}, {"energy": "2.311e-03", "width": "5.4433e-02", "ip": "2.058e-08", "ts": "0", "stretch": "7.0252e+06", "date": "2080-03-01.89", "dist": "0.090", "sigma_lov": "-1.84584", "sigma_imp": "0.000", "ps": "-10.1"}, {"energy": "2.264e-03", "width": "0.0000e+00", "ip": "2.794e-07", "ts": "0", "stretch": "2.3746e+06", "date": "2080-02-27.49", "dist": "0.160", "sigma_lov": "-0.58590", "sigma_imp": "0.000", "ps": "-8.95"}, {"energy": "2.263e-03", "width": "8.7842e-03", "ip": "6.443e-07", "ts": "0", "stretch": "9.7170e+05", "date": "2080-02-27.50", "dist": "0.364", "sigma_lov": "-0.58565", "sigma_imp": "0.000", "ps": "-8.58"}, {"energy": "2.234e-03", "width": "0.0000e+00", "ip": "6.933e-08", "ts": "0", "stretch": "5.3740e+06", "date": "2078-09-05.15", "dist": "0.883", "sigma_lov": "0.09547", "sigma_imp": "0.000", "ps": "-9.55"}, {"energy": "2.289e-03", "width": "2.2222e-02", "ip": "1.129e-07", "ts": "0", "stretch": "3.2405e+06", "date": "2077-09-03.62", "dist": "0.161", "sigma_lov": "-1.23832", "sigma_imp": "0.000", "ps": "-9.32"}, {"energy": "2.253e-03", "width": "0.0000e+00", "ip": "1.783e-07", "ts": "0", "stretch": "3.1655e+06", "date": "2077-03-01.14", "dist": "0.670", "sigma_lov": "-0.31073", "sigma_imp": "0.000", "ps": "-9.12"}, {"energy": "2.218e-03", "width": "2.1773e-01", "ip": "9.656e-10", "ts": "0", "stretch": "3.0758e+07", "date": "2076-09-02.50", "dist": "1.248", "sigma_lov": "0.81098", "sigma_imp": "1.138", "ps": "-11.4"}, {"energy": "2.394e-03", "width": "2.6443e-02", "ip": "9.316e-09", "ts": "0", "stretch": "4.8725e+04", "date": "2076-03-01.21", "dist": "0.562", "sigma_lov": "-3.81679", "sigma_imp": "0.000", "ps": "-10.4"}, {"energy": "2.400e-03", "width": "6.2217e-02", "ip": "1.314e-09", "ts": "0", "stretch": "5.5859e+04", "date": "2076-03-01.16", "dist": "0.961", "sigma_lov": "-3.97267", "sigma_imp": "0.000", "ps": "-11.2"}, {"energy": "2.240e-03", "width": "4.4445e-02", "ip": "1.526e-07", "ts": "0", "stretch": "5.0004e+06", "date": "2075-09-06.32", "dist": "0.286", "sigma_lov": "0.03829", "sigma_imp": "0.000", "ps": "-9.18"}, {"energy": "2.239e-03", "width": "4.0825e-02", "ip": "7.470e-07", "ts": "0", "stretch": "1.0299e+06", "date": "2075-09-05.96", "dist": "0.260", "sigma_lov": "0.03095", "sigma_imp": "0.000", "ps": "-8.49"}, {"energy": "2.208e-03", "width": "1.5714e-02", "ip": "6.799e-08", "ts": "0", "stretch": "3.5011e+06", "date": "2075-03-01.80", "dist": "0.899", "sigma_lov": "0.87221", "sigma_imp": "0.000", "ps": "-9.53"}, {"energy": "2.145e-03", "width": "3.1119e-02", "ip": "1.920e-07", "ts": "0", "stretch": "1.2190e+05", "date": "2075-03-02.14", "dist": "0.240", "sigma_lov": "2.64512", "sigma_imp": "0.000", "ps": "-9.09"}, {"energy": "2.199e-03", "width": "4.8113e-02", "ip": "4.201e-07", "ts": "0", "stretch": "7.7123e+05", "date": "2075-03-01.78", "dist": "0.675", "sigma_lov": "1.08905", "sigma_imp": "0.000", "ps": "-8.74"}, {"energy": "2.275e-03", "width": "6.6609e-03", "ip": "1.059e-06", "ts": "0", "stretch": "3.0907e+05", "date": "2074-09-03.86", "dist": "0.822", "sigma_lov": "-0.81085", "sigma_imp": "0.000", "ps": "-8.33"}, {"energy": "2.271e-03", "width": "0.0000e+00", "ip": "9.675e-08", "ts": "0", "stretch": "6.4919e+06", "date": "2074-09-03.88", "dist": "0.176", "sigma_lov": "-0.66897", "sigma_imp": "0.000", "ps": "-9.37"}, {"energy": "2.123e-03", "width": "1.7382e-02", "ip": "2.629e-08", "ts": "0", "stretch": "1.0832e+05", "date": "2073-09-04.78", "dist": "0.338", "sigma_lov": "3.33891", "sigma_imp": "0.000", "ps": "-9.95"}, {"energy": "2.339e-03", "width": "1.5502e-02", "ip": "2.406e-06", "ts": "0", "stretch": "1.7746e+04", "date": "2073-03-01.40", "dist": "0.055", "sigma_lov": "-2.41971", "sigma_imp": "0.000", "ps": "-7.95"}, {"energy": "2.202e-03", "width": "8.3505e-01", "ip": "2.675e-07", "ts": "0", "stretch": "1.0622e+06", "date": "2072-09-04.63", "dist": "0.005", "sigma_lov": "1.07804", "sigma_imp": "0.000", "ps": "-8.92"}, {"energy": "2.207e-03", "width": "3.8490e-02", "ip": "1.032e-07", "ts": "0", "stretch": "4.5898e+06", "date": "2072-09-04.93", "dist": "0.496", "sigma_lov": "0.87083", "sigma_imp": "0.000", "ps": "-9.33"}, {"energy": "2.161e-03", "width": "2.2644e-02", "ip": "6.590e-07", "ts": "0", "stretch": "8.0140e+04", "date": "2072-09-04.07", "dist": "0.533", "sigma_lov": "2.25708", "sigma_imp": "0.000", "ps": "-8.53"}, {"energy": "2.151e-03", "width": "2.2352e-02", "ip": "2.449e-07", "ts": "0", "stretch": "1.2860e+05", "date": "2072-09-04.09", "dist": "0.310", "sigma_lov": "2.52231", "sigma_imp": "0.000", "ps": "-8.97"}, {"energy": "2.207e-03", "width": "1.1547e-01", "ip": "2.766e-07", "ts": "0", "stretch": "1.6847e+06", "date": "2071-09-05.42", "dist": "0.254", "sigma_lov": "0.99637", "sigma_imp": "0.000", "ps": "-8.90"}, {"energy": "2.266e-03", "width": "6.5145e-03", "ip": "9.756e-07", "ts": "0", "stretch": "4.2708e+05", "date": "2071-02-28.95", "dist": "0.789", "sigma_lov": "-0.57077", "sigma_imp": "0.000", "ps": "-8.34"}, {"energy": "2.266e-03", "width": "1.4261e-01", "ip": "8.724e-07", "ts": "0", "stretch": "8.5483e+04", "date": "2070-09-04.77", "dist": "1.075", "sigma_lov": "-0.61659", "sigma_imp": "0.523", "ps": "-8.38"}, {"energy": "2.326e-03", "width": "1.6609e-02", "ip": "1.962e-07", "ts": "0", "stretch": "1.9655e+05", "date": "2070-09-04.56", "dist": "0.789", "sigma_lov": "-2.25523", "sigma_imp": "0.000", "ps": "-9.02"}, {"energy": "2.328e-03", "width": "1.5262e-02", "ip": "3.703e-07", "ts": "0", "stretch": "1.3932e+05", "date": "2070-09-04.61", "dist": "0.499", "sigma_lov": "-2.27880", "sigma_imp": "0.000", "ps": "-8.74"}, {"energy": "2.348e-03", "width": "6.1112e-02", "ip": "1.283e-08", "ts": "0", "stretch": "1.0000e+06", "date": "2070-09-04.26", "dist": "0.596", "sigma_lov": "-2.79573", "sigma_imp": "0.000", "ps": "-10.2"}, {"energy": "2.351e-03", "width": "5.6656e-02", "ip": "9.325e-09", "ts": "0", "stretch": "1.4151e+06", "date": "2070-09-04.23", "dist": "0.082", "sigma_lov": "-2.86314", "sigma_imp": "0.000", "ps": "-10.3"}, {"energy": "2.288e-03", "width": "1.6667e-02", "ip": "2.311e-07", "ts": "0", "stretch": "6.4034e+05", "date": "2070-03-02.11", "dist": "0.932", "sigma_lov": "-1.15233", "sigma_imp": "0.000", "ps": "-8.95"}, {"energy": "2.271e-03", "width": "1.1495e-02", "ip": "3.659e-06", "ts": "0", "stretch": "1.6886e+05", "date": "2070-03-02.02", "dist": "0.251", "sigma_lov": "-0.66834", "sigma_imp": "0.000", "ps": "-7.75"}, {"energy": "2.277e-03", "width": "5.2309e-03", "ip": "5.251e-05", "ts": "0", "stretch": "9.8718e+03", "date": "2070-03-01.94", "dist": "0.412", "sigma_lov": "-0.82262", "sigma_imp": "0.000", "ps": "-6.59"}, {"energy": "2.310e-03", "width": "1.9642e-03", "ip": "6.467e-07", "ts": "0", "stretch": "1.9841e+05", "date": "2070-03-01.19", "dist": "0.606", "sigma_lov": "-1.78863", "sigma_imp": "0.000", "ps": "-8.50"}, {"energy": "2.298e-03", "width": "5.3342e-03", "ip": "5.733e-07", "ts": "0", "stretch": "1.2807e+05", "date": "2070-03-01.07", "dist": "0.960", "sigma_lov": "-1.48859", "sigma_imp": "0.000", "ps": "-8.55"}, {"energy": "2.308e-03", "width": "3.9284e-03", "ip": "2.485e-07", "ts": "0", "stretch": "4.2856e+05", "date": "2070-03-01.02", "dist": "0.786", "sigma_lov": "-1.75186", "sigma_imp": "0.000", "ps": "-8.91"}, {"energy": "2.136e-03", "width": "0.0000e+00", "ip": "1.773e-08", "ts": "0", "stretch": "3.8121e+05", "date": "2069-02-28.01", "dist": "0.717", "sigma_lov": "2.97012", "sigma_imp": "0.000", "ps": "-10.1"}, {"energy": "2.356e-03", "width": "2.8889e-01", "ip": "2.443e-09", "ts": "0", "stretch": "3.6273e+06", "date": "2068-02-29.98", "dist": "0.223", "sigma_lov": "-2.97674", "sigma_imp": "0.000", "ps": "-10.9"}, {"energy": "2.306e-03", "width": "0.0000e+00", "ip": "2.277e-08", "ts": "0", "stretch": "1.6846e+06", "date": "2067-09-05.10", "dist": "0.975", "sigma_lov": "-1.74592", "sigma_imp": "0.000", "ps": "-9.93"}, {"energy": "2.269e-03", "width": "1.9245e-02", "ip": "2.981e-07", "ts": "0", "stretch": "1.7941e+06", "date": "2067-09-05.66", "dist": "0.551", "sigma_lov": "-0.66149", "sigma_imp": "0.000", "ps": "-8.82"}, {"energy": "2.242e-03", "width": "5.6616e-02", "ip": "5.959e-06", "ts": "0", "stretch": "9.4451e+04", "date": "2067-03-01.76", "dist": "0.704", "sigma_lov": "0.03960", "sigma_imp": "0.000", "ps": "-7.52"}, {"energy": "2.311e-03", "width": "9.6226e-03", "ip": "8.165e-08", "ts": "0", "stretch": "1.2112e+06", "date": "2066-03-01.83", "dist": "0.700", "sigma_lov": "-1.87206", "sigma_imp": "0.000", "ps": "-9.36"}, {"energy": "2.286e-03", "width": "2.2352e-02", "ip": "1.995e-06", "ts": "0", "stretch": "1.2334e+05", "date": "2066-03-01.50", "dist": "0.744", "sigma_lov": "-1.24283", "sigma_imp": "0.000", "ps": "-7.98"}, {"energy": "2.339e-03", "width": "9.2129e-03", "ip": "3.040e-08", "ts": "0", "stretch": "6.4567e+05", "date": "2066-03-01.18", "dist": "0.725", "sigma_lov": "-2.58200", "sigma_imp": "0.000", "ps": "-9.79"}, {"energy": "2.357e-03", "width": "5.5556e-03", "ip": "7.924e-09", "ts": "0", "stretch": "1.1861e+06", "date": "2065-03-01.18", "dist": "0.431", "sigma_lov": "-2.94632", "sigma_imp": "0.000", "ps": "-10.4"}, {"energy": "2.234e-03", "width": "8.1319e-02", "ip": "5.894e-07", "ts": "0", "stretch": "6.6515e+05", "date": "2064-09-04.33", "dist": "0.852", "sigma_lov": "0.11840", "sigma_imp": "0.000", "ps": "-8.50"}, {"energy": "2.146e-03", "width": "1.7014e-02", "ip": "3.126e-07", "ts": "0", "stretch": "7.7396e+04", "date": "2064-03-01.61", "dist": "0.309", "sigma_lov": "2.62490", "sigma_imp": "0.000", "ps": "-8.79"}, {"energy": "2.290e-03", "width": "3.1427e-02", "ip": "8.509e-08", "ts": "0", "stretch": "3.5934e+06", "date": "2063-09-04.37", "dist": "0.548", "sigma_lov": "-1.24900", "sigma_imp": "0.000", "ps": "-9.33"}, {"energy": "2.292e-03", "width": "0.0000e+00", "ip": "3.763e-08", "ts": "0", "stretch": "7.8249e+06", "date": "2063-02-27.16", "dist": "0.461", "sigma_lov": "-1.32491", "sigma_imp": "0.000", "ps": "-9.68"}, {"energy": "2.300e-03", "width": "1.3608e-02", "ip": "1.250e-07", "ts": "0", "stretch": "1.9378e+06", "date": "2063-02-27.19", "dist": "0.253", "sigma_lov": "-1.52314", "sigma_imp": "0.000", "ps": "-9.15"}, {"energy": "2.300e-03", "width": "1.5714e-02", "ip": "9.586e-08", "ts": "0", "stretch": "2.5786e+06", "date": "2063-02-27.19", "dist": "0.139", "sigma_lov": "-1.52486", "sigma_imp": "0.000", "ps": "-9.27"}, {"energy": "2.084e-03", "width": "1.4889e-02", "ip": "1.319e-09", "ts": "0", "stretch": "3.3466e+04", "date": "2062-09-04.82", "dist": "0.645", "sigma_lov": "4.36657", "sigma_imp": "0.000", "ps": "-11.2"}, {"energy": "2.164e-03", "width": "1.9309e-02", "ip": "2.439e-06", "ts": "0", "stretch": "2.1534e+04", "date": "2061-09-04.47", "dist": "0.839", "sigma_lov": "2.05462", "sigma_imp": "0.000", "ps": "-7.87"}, {"energy": "2.302e-03", "width": "0.0000e+00", "ip": "3.957e-08", "ts": "0", "stretch": "3.7287e+06", "date": "2060-09-04.22", "dist": "0.804", "sigma_lov": "-1.52882", "sigma_imp": "0.000", "ps": "-9.63"}, {"energy": "2.268e-03", "width": "7.8568e-03", "ip": "4.056e-07", "ts": "0", "stretch": "1.4184e+06", "date": "2057-02-27.05", "dist": "0.518", "sigma_lov": "-0.58471", "sigma_imp": "0.000", "ps": "-8.59"}, {"energy": "2.268e-03", "width": "8.8889e-02", "ip": "4.378e-08", "ts": "0", "stretch": "1.2908e+07", "date": "2057-02-27.24", "dist": "0.532", "sigma_lov": "-0.58438", "sigma_imp": "0.000", "ps": "-9.55"}, {"energy": "2.305e-03", "width": "5.5134e-03", "ip": "2.746e-06", "ts": "0", "stretch": "2.0152e+04", "date": "2056-09-04.27", "dist": "0.949", "sigma_lov": "-1.74041", "sigma_imp": "0.000", "ps": "-7.74"}, {"energy": "2.267e-03", "width": "1.5714e-02", "ip": "2.106e-07", "ts": "0", "stretch": "2.6251e+06", "date": "2056-09-03.26", "dist": "0.511", "sigma_lov": "-0.65686", "sigma_imp": "0.000", "ps": "-8.86"}, {"energy": "2.144e-03", "width": "5.5556e-03", "ip": "1.016e-08", "ts": "0", "stretch": "9.3998e+05", "date": "2056-03-02.61", "dist": "0.901", "sigma_lov": "2.67936", "sigma_imp": "0.000", "ps": "-10.2"}, {"energy": "2.241e-03", "width": "4.0174e-02", "ip": "3.789e-06", "ts": "0", "stretch": "3.9401e+04", "date": "2056-02-29.99", "dist": "0.978", "sigma_lov": "0.02619", "sigma_imp": "0.000", "ps": "-7.61"}, {"energy": "2.360e-03", "width": "3.2941e-03", "ip": "1.295e-08", "ts": "0", "stretch": "9.6753e+04", "date": "2055-03-01.80", "dist": "0.984", "sigma_lov": "-3.07059", "sigma_imp": "0.000", "ps": "-10.0"}, {"energy": "2.147e-03", "width": "0.0000e+00", "ip": "4.028e-09", "ts": "0", "stretch": "3.1442e+06", "date": "2054-02-28.62", "dist": "0.737", "sigma_lov": "2.73924", "sigma_imp": "0.000", "ps": "-10.6"}, {"energy": "2.358e-03", "width": "4.6905e-02", "ip": "1.160e-10", "ts": "0", "stretch": "1.9713e+05", "date": "2052-09-03.49", "dist": "1.100", "sigma_lov": "-3.01343", "sigma_imp": "2.135", "ps": "-12.1"}, {"energy": "2.354e-03", "width": "3.8971e-02", "ip": "9.022e-07", "ts": "0", "stretch": "1.2215e+04", "date": "2052-09-03.52", "dist": "0.520", "sigma_lov": "-2.87221", "sigma_imp": "0.000", "ps": "-8.17"}, {"energy": "2.269e-03", "width": "1.4134e-02", "ip": "7.346e-06", "ts": "0", "stretch": "7.7599e+04", "date": "2052-03-01.41", "dist": "0.461", "sigma_lov": "-0.65832", "sigma_imp": "0.000", "ps": "-7.27"}, {"energy": "2.263e-03", "width": "1.5714e-02", "ip": "9.927e-08", "ts": "0", "stretch": "3.0580e+06", "date": "2050-09-04.79", "dist": "0.892", "sigma_lov": "-0.58496", "sigma_imp": "0.000", "ps": "-9.12"}, {"energy": "2.314e-03", "width": "0.0000e+00", "ip": "1.114e-07", "ts": "0", "stretch": "8.3425e+05", "date": "2049-09-04.46", "dist": "0.800", "sigma_lov": "-1.81101", "sigma_imp": "0.000", "ps": "-9.05"}, {"energy": "2.269e-03", "width": "7.8568e-03", "ip": "6.100e-07", "ts": "0", "stretch": "9.9516e+05", "date": "2049-02-27.92", "dist": "0.439", "sigma_lov": "-0.57700", "sigma_imp": "0.000", "ps": "-8.31"}, {"energy": "2.286e-03", "width": "2.3241e-02", "ip": "9.679e-07", "ts": "0", "stretch": "3.7663e+05", "date": "2045-03-01.18", "dist": "0.348", "sigma_lov": "-1.19898", "sigma_imp": "0.000", "ps": "-8.05"}, {"energy": "2.310e-03", "width": "0.0000e+00", "ip": "5.938e-08", "ts": "0", "stretch": "2.5668e+06", "date": "2045-02-26.45", "dist": "0.082", "sigma_lov": "-1.81814", "sigma_imp": "0.000", "ps": "-9.26"}, {"energy": "2.287e-03", "width": "1.4699e-02", "ip": "2.581e-07", "ts": "0", "stretch": "1.0379e+06", "date": "2042-09-06.53", "dist": "0.717", "sigma_lov": "-1.20834", "sigma_imp": "0.000", "ps": "-8.58"}, {"energy": "2.267e-03", "width": "2.2222e-02", "ip": "1.448e-07", "ts": "0", "stretch": "4.5637e+06", "date": "2041-09-04.32", "dist": "0.133", "sigma_lov": "-0.59943", "sigma_imp": "0.000", "ps": "-8.82"}, {"energy": "2.312e-03", "width": "0.0000e+00", "ip": "4.125e-07", "ts": "0", "stretch": "2.6935e+05", "date": "2041-03-02.54", "dist": "0.662", "sigma_lov": "-1.83524", "sigma_imp": "0.000", "ps": "-8.35"}, {"energy": "2.328e-03", "width": "1.8575e-03", "ip": "9.031e-06", "ts": "0", "stretch": "7.6659e+03", "date": "2041-03-01.13", "dist": "0.187", "sigma_lov": "-2.20363", "sigma_imp": "0.000", "ps": "-7.01"}, {"energy": "2.212e-03", "width": "0.0000e+00", "ip": "1.636e-07", "ts": "0", "stretch": "3.3518e+06", "date": "2039-09-06.88", "dist": "0.238", "sigma_lov": "0.83172", "sigma_imp": "0.000", "ps": "-8.74"}, {"energy": "2.313e-03", "width": "3.4847e-03", "ip": "1.577e-05", "ts": "0", "stretch": "7.5402e+03", "date": "2038-09-04.62", "dist": "0.619", "sigma_lov": "-1.82373", "sigma_imp": "0.000", "ps": "-6.72"}, {"energy": "2.290e-03", "width": "1.4829e-02", "ip": "7.049e-07", "ts": "0", "stretch": "3.1382e+05", "date": "2038-09-03.39", "dist": "0.805", "sigma_lov": "-1.23306", "sigma_imp": "0.000", "ps": "-8.07"}, {"energy": "2.289e-03", "width": "0.0000e+00", "ip": "4.657e-08", "ts": "0", "stretch": "4.6901e+06", "date": "2038-03-01.43", "dist": "0.820", "sigma_lov": "-1.21477", "sigma_imp": "0.000", "ps": "-9.24"}, {"energy": "2.145e-03", "width": "9.6226e-03", "ip": "3.957e-08", "ts": "0", "stretch": "4.8312e+05", "date": "2038-03-02.80", "dist": "0.515", "sigma_lov": "2.67477", "sigma_imp": "0.000", "ps": "-9.33"}, {"energy": "2.268e-03", "width": "1.2423e-02", "ip": "4.876e-07", "ts": "0", "stretch": "1.3131e+06", "date": "2038-02-27.16", "dist": "0.308", "sigma_lov": "-0.58405", "sigma_imp": "0.000", "ps": "-8.22"}, {"energy": "2.268e-03", "width": "3.1427e-02", "ip": "1.216e-07", "ts": "0", "stretch": "3.9753e+06", "date": "2035-09-04.84", "dist": "0.692", "sigma_lov": "-0.58980", "sigma_imp": "0.000", "ps": "-8.77"}, {"energy": "2.147e-03", "width": "1.1724e-02", "ip": "1.596e-07", "ts": "0", "stretch": "1.3313e+05", "date": "2035-09-04.88", "dist": "0.440", "sigma_lov": "2.65251", "sigma_imp": "0.000", "ps": "-8.67"}, {"energy": "2.265e-03", "width": "9.6226e-03", "ip": "1.821e-06", "ts": "0", "stretch": "3.5433e+05", "date": "2034-03-03.34", "dist": "0.237", "sigma_lov": "-0.60610", "sigma_imp": "0.000", "ps": "-7.56"}, {"energy": "2.285e-03", "width": "1.3368e-02", "ip": "4.279e-05", "ts": "0", "stretch": "6.5062e+03", "date": "2034-03-01.41", "dist": "0.680", "sigma_lov": "-1.21836", "sigma_imp": "0.000", "ps": "-6.19"}, {"energy": "2.265e-03", "width": "7.8036e-03", "ip": "8.580e-05", "ts": "0", "stretch": "5.2117e+03", "date": "2031-09-04.84", "dist": "0.744", "sigma_lov": "-0.59418", "sigma_imp": "0.000", "ps": "-5.82"}, {"energy": "2.410e-03", "width": "2.4659e-03", "ip": "5.578e-08", "ts": "0", "stretch": "1.6902e+03", "date": "2020-09-03.95", "dist": "0.109", "sigma_lov": "-4.25223", "sigma_imp": "0.000", "ps": "-8.36"}]}