{"summary": {"energy": "6.044e-03", "darc": "6.9583 days", "ip": "1.01787e-07", "h": "28.73", "nobs": "29", "mass": "3.04e+05", "v_inf": "6.54", "first_obs": "2016-Nov-24.31631", "method": "LOV", "pdate": "2017-04-09 15:39:11", "ndop": "0", "cdate": "2017-04-09 15:39:11", "ps_cum": "-9.19", "diameter": "0.00609588749054398", "ndel": "0", "v_imp": "12.93", "ps_max": "-9.28", "last_obs": "2016-Dec-01.274648", "fullname": "(2016 WF7)", "n_imp": "4", "ts_max": "0", "nsat": "0", "des": "2016 WF7"}, "signature": {"source": "NASA/JPL Sentry Data API", "version": "1.1"}, "data": [{"energy": "6.071e-03", "width": "0.0000e+00", "ip": "1.474e-08", "ts": "0", "stretch": "1.7820e+07", "date": "2115-11-23.04", "dist": "0.502", "sigma_lov": "1.39678", "sigma_imp": "0.000", "ps": "-10.1"}, {"energy": "5.964e-03", "width": "0.0000e+00", "ip": "4.186e-09", "ts": "0", "stretch": "1.0116e+07", "date": "2114-11-22.68", "dist": "0.224", "sigma_lov": "-2.42212", "sigma_imp": "0.000", "ps": "-10.6"}, {"energy": "6.024e-03", "width": "5.0461e-02", "ip": "3.421e-09", "ts": "0", "stretch": "4.2683e+05", "date": "2107-11-20.88", "dist": "1.115", "sigma_lov": "0.01709", "sigma_imp": "2.289", "ps": "-10.7"}, {"energy": "6.044e-03", "width": "1.5714e-02", "ip": "7.944e-08", "ts": "0", "stretch": "3.6529e+06", "date": "2102-11-23.46", "dist": "0.059", "sigma_lov": "1.42015", "sigma_imp": "0.000", "ps": "-9.28"}]}