{"summary": {"energy": "1.715e-01", "darc": "249.93 days", "ip": "3.896e-07", "h": "26.28", "nobs": "73", "mass": "9.03e+06", "v_inf": "5.96", "first_obs": "2016-Sep-25.43215", "method": "LOV", "pdate": "2017-06-05 21:05:42", "ndop": "0", "cdate": "2017-06-05 21:05:42", "ps_cum": "-7.44", "diameter": "0.019", "ndel": "0", "v_imp": "12.63", "ps_max": "-7.61", "last_obs": "2017-Jun-02.358139", "fullname": "(2016 SR2)", "n_imp": "2", "ts_max": "0", "nsat": "0", "des": "2016 SR2"}, "signature": {"source": "NASA/JPL Sentry Data API", "version": "1.1"}, "data": [{"energy": "1.717e-01", "width": "0.0000e+00", "ip": "1.267e-07", "ts": "0", "stretch": "1.2560e+05", "date": "2105-10-07.08", "dist": "0.207", "sigma_lov": "-2.79372", "sigma_imp": "0.000", "ps": "-7.93"}, {"energy": "1.714e-01", "width": "0.0000e+00", "ip": "2.629e-07", "ts": "0", "stretch": "4.5915e+05", "date": "2103-10-07.62", "dist": "0.891", "sigma_lov": "-1.80165", "sigma_imp": "0.000", "ps": "-7.61"}]}