{"summary": {"energy": "8.958e-03", "darc": "13.152 days", "ip": "2.04975e-05", "h": "28.33", "nobs": "20", "mass": "5.28e+05", "v_inf": "4.30", "first_obs": "2016-Mar-30.31003", "method": "LOV", "pdate": "2017-04-12 01:27:30", "ndop": "0", "cdate": "2017-04-12 01:27:30", "ps_cum": "-6.78", "diameter": "0.0073", "ndel": "0", "v_imp": "11.94", "ps_max": "-7.13", "last_obs": "2016-Apr-12.461942", "fullname": "(2016 FZ13)", "n_imp": "6", "ts_max": "0", "nsat": "0", "des": "2016 FZ13"}, "signature": {"source": "NASA/JPL Sentry Data API", "version": "1.1"}, "data": [{"energy": "8.956e-03", "width": "0.0000e+00", "ip": "1.916e-07", "ts": "0", "stretch": "1.1996e+06", "date": "2117-03-23.19", "dist": "0.953", "sigma_lov": "-0.35904", "sigma_imp": "0.000", "ps": "-8.83"}, {"energy": "8.964e-03", "width": "2.8633e-03", "ip": "1.694e-06", "ts": "0", "stretch": "3.2054e+05", "date": "2114-03-23.36", "dist": "0.200", "sigma_lov": "-0.85411", "sigma_imp": "0.000", "ps": "-7.87"}, {"energy": "8.964e-03", "width": "1.6652e-03", "ip": "9.121e-06", "ts": "0", "stretch": "6.6910e+04", "date": "2112-03-22.93", "dist": "0.213", "sigma_lov": "-0.70005", "sigma_imp": "0.000", "ps": "-7.13"}, {"energy": "8.955e-03", "width": "9.4583e-03", "ip": "1.843e-06", "ts": "0", "stretch": "2.0433e+05", "date": "2112-03-22.81", "dist": "0.717", "sigma_lov": "-0.88296", "sigma_imp": "0.000", "ps": "-7.83"}, {"energy": "8.949e-03", "width": "1.4808e-03", "ip": "6.857e-06", "ts": "0", "stretch": "2.2278e+04", "date": "2109-03-23.38", "dist": "0.859", "sigma_lov": "-1.40393", "sigma_imp": "0.000", "ps": "-7.24"}, {"energy": "8.970e-03", "width": "1.9642e-03", "ip": "7.909e-07", "ts": "0", "stretch": "4.2546e+05", "date": "2108-03-22.84", "dist": "0.800", "sigma_lov": "-0.84709", "sigma_imp": "0.000", "ps": "-8.18"}]}