{"summary": {"energy": "3.415e-02", "darc": "101.90 days", "ip": "0.0012406995", "h": "27.27", "nobs": "81", "mass": "2.29e+06", "v_inf": "1.13", "first_obs": "2016-Sep-11.42997", "method": "LOV", "pdate": "2018-02-10 09:18:15", "ndop": "1", "cdate": "2018-02-10 09:18:15", "ps_cum": "-4.10", "diameter": "0.012", "ndel": "0", "v_imp": "11.20", "ps_max": "-4.41", "last_obs": "2016-Dec-22.325591", "fullname": "(2016 RD34)", "n_imp": "34", "ts_max": "0", "nsat": "0", "des": "2016 RD34"}, "signature": {"source": "NASA/JPL Sentry Data API", "version": "1.1"}, "data": [{"energy": "3.419e-02", "width": "0.0000e+00", "ip": "6.866e-07", "ts": "0", "stretch": "1.0638e+06", "date": "2092-01-02.26", "dist": "0.590", "sigma_lov": "0.31487", "sigma_imp": "0.000", "ps": "-7.68"}, {"energy": "3.413e-02", "width": "7.7642e-04", "ip": "4.101e-06", "ts": "0", "stretch": "4.4266e+04", "date": "2087-09-19.51", "dist": "0.904", "sigma_lov": "1.12637", "sigma_imp": "0.000", "ps": "-6.88"}, {"energy": "3.415e-02", "width": "3.4021e-03", "ip": "4.093e-07", "ts": "0", "stretch": "3.9142e+05", "date": "2087-09-10.95", "dist": "0.925", "sigma_lov": "1.14169", "sigma_imp": "0.000", "ps": "-7.88"}, {"energy": "3.414e-02", "width": "3.4021e-03", "ip": "9.019e-07", "ts": "0", "stretch": "3.8562e+05", "date": "2087-09-07.86", "dist": "0.825", "sigma_lov": "0.73228", "sigma_imp": "0.000", "ps": "-7.54"}, {"energy": "3.413e-02", "width": "1.9642e-03", "ip": "1.010e-06", "ts": "0", "stretch": "5.3793e+05", "date": "2087-04-17.95", "dist": "0.685", "sigma_lov": "0.39034", "sigma_imp": "0.000", "ps": "-7.49"}, {"energy": "3.416e-02", "width": "0.0000e+00", "ip": "3.185e-06", "ts": "0", "stretch": "1.3463e+05", "date": "2086-05-11.90", "dist": "0.498", "sigma_lov": "0.97956", "sigma_imp": "0.000", "ps": "-6.98"}, {"energy": "3.417e-02", "width": "0.0000e+00", "ip": "2.979e-06", "ts": "0", "stretch": "1.6653e+05", "date": "2086-05-10.36", "dist": "0.477", "sigma_lov": "0.83526", "sigma_imp": "0.000", "ps": "-7.01"}, {"energy": "3.417e-02", "width": "0.0000e+00", "ip": "8.995e-07", "ts": "0", "stretch": "4.3514e+05", "date": "2085-05-15.33", "dist": "0.623", "sigma_lov": "0.97799", "sigma_imp": "0.000", "ps": "-7.52"}, {"energy": "3.414e-02", "width": "0.0000e+00", "ip": "1.266e-07", "ts": "0", "stretch": "3.1662e+05", "date": "2083-05-10.34", "dist": "0.744", "sigma_lov": "2.28372", "sigma_imp": "0.000", "ps": "-8.36"}, {"energy": "3.414e-02", "width": "4.3403e-04", "ip": "9.686e-06", "ts": "0", "stretch": "2.8540e+04", "date": "2083-05-09.69", "dist": "0.773", "sigma_lov": "1.10052", "sigma_imp": "0.000", "ps": "-6.48"}, {"energy": "3.417e-02", "width": "4.5933e-04", "ip": "9.939e-06", "ts": "0", "stretch": "4.8330e+04", "date": "2083-05-06.23", "dist": "0.601", "sigma_lov": "0.75280", "sigma_imp": "0.000", "ps": "-6.47"}, {"energy": "3.416e-02", "width": "0.0000e+00", "ip": "3.769e-07", "ts": "0", "stretch": "1.4735e+05", "date": "2083-05-02.98", "dist": "0.341", "sigma_lov": "2.28341", "sigma_imp": "0.000", "ps": "-7.89"}, {"energy": "3.415e-02", "width": "4.4263e-04", "ip": "6.897e-06", "ts": "0", "stretch": "2.1255e+04", "date": "2082-10-15.20", "dist": "0.606", "sigma_lov": "1.71282", "sigma_imp": "0.000", "ps": "-6.62"}, {"energy": "3.413e-02", "width": "4.5933e-04", "ip": "6.845e-06", "ts": "0", "stretch": "4.7375e+04", "date": "2082-05-09.15", "dist": "0.674", "sigma_lov": "1.09406", "sigma_imp": "0.000", "ps": "-6.62"}, {"energy": "3.413e-02", "width": "4.5933e-04", "ip": "5.911e-06", "ts": "0", "stretch": "7.7817e+04", "date": "2082-05-05.79", "dist": "0.644", "sigma_lov": "0.75670", "sigma_imp": "0.000", "ps": "-6.69"}, {"energy": "3.415e-02", "width": "4.4263e-04", "ip": "5.202e-06", "ts": "0", "stretch": "6.5467e+04", "date": "2081-05-08.69", "dist": "0.636", "sigma_lov": "1.08873", "sigma_imp": "0.000", "ps": "-6.74"}, {"energy": "3.418e-02", "width": "0.0000e+00", "ip": "8.672e-07", "ts": "0", "stretch": "5.3101e+05", "date": "2081-05-03.84", "dist": "0.497", "sigma_lov": "0.98817", "sigma_imp": "0.000", "ps": "-7.51"}, {"energy": "3.412e-02", "width": "5.3511e-04", "ip": "5.800e-06", "ts": "0", "stretch": "9.6483e+03", "date": "2080-10-15.22", "dist": "0.773", "sigma_lov": "2.09977", "sigma_imp": "0.000", "ps": "-6.68"}, {"energy": "3.412e-02", "width": "5.2980e-04", "ip": "6.712e-06", "ts": "0", "stretch": "8.6104e+03", "date": "2080-10-15.21", "dist": "0.756", "sigma_lov": "2.09950", "sigma_imp": "0.000", "ps": "-6.62"}, {"energy": "3.415e-02", "width": "4.5933e-04", "ip": "3.748e-06", "ts": "0", "stretch": "1.0058e+05", "date": "2079-05-08.86", "dist": "0.532", "sigma_lov": "1.08001", "sigma_imp": "0.000", "ps": "-6.86"}, {"energy": "3.413e-02", "width": "2.4552e-04", "ip": "1.083e-05", "ts": "0", "stretch": "4.9737e+04", "date": "2070-05-08.58", "dist": "0.716", "sigma_lov": "-0.28920", "sigma_imp": "0.000", "ps": "-6.33"}, {"energy": "3.416e-02", "width": "2.4552e-04", "ip": "1.500e-05", "ts": "0", "stretch": "5.0676e+04", "date": "2069-05-11.24", "dist": "0.171", "sigma_lov": "-0.27661", "sigma_imp": "0.000", "ps": "-6.18"}, {"energy": "3.413e-02", "width": "2.4552e-04", "ip": "1.235e-05", "ts": "0", "stretch": "5.3465e+04", "date": "2068-05-14.15", "dist": "0.517", "sigma_lov": "-0.26404", "sigma_imp": "0.000", "ps": "-6.26"}, {"energy": "3.415e-02", "width": "3.8821e-04", "ip": "2.131e-06", "ts": "0", "stretch": "3.7580e+04", "date": "2066-10-12.86", "dist": "0.897", "sigma_lov": "1.72415", "sigma_imp": "0.000", "ps": "-7.01"}, {"energy": "3.418e-02", "width": "3.4722e-04", "ip": "4.254e-06", "ts": "0", "stretch": "4.2436e+04", "date": "2065-10-17.33", "dist": "0.280", "sigma_lov": "1.70106", "sigma_imp": "0.000", "ps": "-6.70"}, {"energy": "3.415e-02", "width": "0.0000e+00", "ip": "8.577e-07", "ts": "0", "stretch": "5.4072e+05", "date": "2065-05-01.97", "dist": "0.427", "sigma_lov": "1.00315", "sigma_imp": "0.000", "ps": "-7.39"}, {"energy": "3.414e-02", "width": "5.4901e-04", "ip": "3.699e-06", "ts": "0", "stretch": "4.6320e+04", "date": "2064-10-22.15", "dist": "0.479", "sigma_lov": "1.67914", "sigma_imp": "0.000", "ps": "-6.75"}, {"energy": "3.417e-02", "width": "1.3889e-03", "ip": "3.369e-06", "ts": "0", "stretch": "2.0214e+05", "date": "2063-10-20.94", "dist": "0.177", "sigma_lov": "0.53833", "sigma_imp": "0.000", "ps": "-6.78"}, {"energy": "3.416e-02", "width": "6.1859e-04", "ip": "8.911e-06", "ts": "0", "stretch": "2.9515e+03", "date": "2053-10-01.52", "dist": "0.999", "sigma_lov": "0.85402", "sigma_imp": "0.000", "ps": "-6.25"}, {"energy": "3.417e-02", "width": "5.8875e-04", "ip": "1.615e-06", "ts": "0", "stretch": "2.5652e+04", "date": "2052-10-06.72", "dist": "0.316", "sigma_lov": "2.41249", "sigma_imp": "0.000", "ps": "-6.98"}, {"energy": "3.416e-02", "width": "8.1431e-04", "ip": "5.698e-07", "ts": "0", "stretch": "6.1570e+04", "date": "2052-09-28.67", "dist": "0.449", "sigma_lov": "2.45718", "sigma_imp": "0.000", "ps": "-7.43"}, {"energy": "3.415e-02", "width": "3.7972e-04", "ip": "5.754e-04", "ts": "0", "stretch": "7.2994e+02", "date": "2051-05-21.06", "dist": "0.470", "sigma_lov": "1.01653", "sigma_imp": "0.000", "ps": "-4.41"}, {"energy": "3.416e-02", "width": "3.9905e-04", "ip": "5.105e-04", "ts": "0", "stretch": "1.0177e+03", "date": "2051-05-18.91", "dist": "0.431", "sigma_lov": "0.80747", "sigma_imp": "0.000", "ps": "-4.46"}, {"energy": "3.416e-02", "width": "3.6200e-04", "ip": "1.493e-05", "ts": "0", "stretch": "3.5893e+03", "date": "2051-05-14.95", "dist": "0.328", "sigma_lov": "2.30108", "sigma_imp": "0.000", "ps": "-6.00"}]}