{"summary": {"energy": "5.742e-02", "darc": "3.8998 days", "ip": "1.679062e-06", "h": "27.25", "nobs": "11", "mass": "2.35e+06", "v_inf": "9.00", "first_obs": "2016-Oct-06.46164", "method": "LOV", "pdate": "2017-04-14 03:50:57", "ndop": "0", "cdate": "2017-04-14 03:50:57", "ps_cum": "-7.18", "diameter": "0.012", "ndel": "0", "v_imp": "14.32", "ps_max": "-7.69", "last_obs": "2016-Oct-10.361482", "fullname": "(2016 TQ54)", "n_imp": "7", "ts_max": "0", "nsat": "0", "des": "2016 TQ54"}, "signature": {"source": "NASA/JPL Sentry Data API", "version": "1.1"}, "data": [{"energy": "5.742e-02", "width": "1.7798e+01", "ip": "3.522e-09", "ts": "0", "stretch": "1.9730e+04", "date": "2113-02-19.02", "dist": "56.010", "sigma_lov": "1.45134", "sigma_imp": "3.091", "ps": "-9.90"}, {"energy": "5.734e-02", "width": "2.0751e+01", "ip": "2.871e-07", "ts": "0", "stretch": "2.3563e+04", "date": "2113-02-18.96", "dist": "14.353", "sigma_lov": "1.43528", "sigma_imp": "0.643", "ps": "-7.99"}, {"energy": "5.739e-02", "width": "1.4032e+01", "ip": "4.760e-09", "ts": "0", "stretch": "2.0913e+06", "date": "2112-02-19.12", "dist": "9.993", "sigma_lov": "1.42878", "sigma_imp": "0.641", "ps": "-9.77"}, {"energy": "5.749e-02", "width": "5.9079e-01", "ip": "5.310e-07", "ts": "0", "stretch": "2.7524e+05", "date": "2106-10-04.22", "dist": "0.775", "sigma_lov": "1.42027", "sigma_imp": "0.000", "ps": "-7.70"}, {"energy": "5.742e-02", "width": "2.4445e-01", "ip": "9.508e-08", "ts": "0", "stretch": "2.5771e+06", "date": "2101-10-03.94", "dist": "0.126", "sigma_lov": "1.50891", "sigma_imp": "0.000", "ps": "-8.42"}, {"energy": "5.749e-02", "width": "1.2235e-01", "ip": "2.759e-07", "ts": "0", "stretch": "8.5299e+05", "date": "2098-10-03.82", "dist": "0.030", "sigma_lov": "1.55690", "sigma_imp": "0.000", "ps": "-7.94"}, {"energy": "5.736e-02", "width": "1.7608e-01", "ip": "4.817e-07", "ts": "0", "stretch": "2.9620e+05", "date": "2096-10-02.87", "dist": "0.698", "sigma_lov": "1.61875", "sigma_imp": "0.000", "ps": "-7.69"}]}