{"summary": {"energy": "3.944e+01", "darc": ".75865 days", "ip": "1.71066e-08", "h": "22.48", "nobs": "7", "mass": "1.72e+09", "v_inf": "8.23", "first_obs": "2016-Sep-12.51611", "method": "LOV", "pdate": "2017-04-08 17:35:49", "ndop": "0", "cdate": "2017-04-08 17:35:49", "ps_cum": "-6.01", "diameter": "0.11", "ndel": "0", "v_imp": "13.87", "ps_max": "-6.39", "last_obs": "2016-Sep-13.27476", "fullname": "(2016 RP41)", "n_imp": "49", "ts_max": "0", "nsat": "0", "des": "2016 RP41"}, "signature": {"source": "NASA/JPL Sentry Data API", "version": "1.1"}, "data": [{"energy": "3.573e+01", "width": "3.8803e+02", "ip": "7.866e-10", "ts": "0", "stretch": "1.3692e+05", "date": "2114-12-11.85", "dist": "176.424", "sigma_lov": "2.18107", "sigma_imp": "0.452", "ps": "-8.33"}, {"energy": "3.545e+01", "width": "4.0468e+02", "ip": "1.694e-10", "ts": "0", "stretch": "6.4828e+05", "date": "2113-12-10.80", "dist": "193.652", "sigma_lov": "2.14751", "sigma_imp": "0.476", "ps": "-8.99"}, {"energy": "3.543e+01", "width": "4.0623e+02", "ip": "2.660e-10", "ts": "0", "stretch": "4.1202e+05", "date": "2113-12-10.75", "dist": "195.252", "sigma_lov": "2.14612", "sigma_imp": "0.478", "ps": "-8.80"}, {"energy": "3.541e+01", "width": "4.0730e+02", "ip": "4.492e-10", "ts": "0", "stretch": "2.4352e+05", "date": "2113-12-10.61", "dist": "197.168", "sigma_lov": "2.14508", "sigma_imp": "0.482", "ps": "-8.57"}, {"energy": "4.266e+01", "width": "3.2354e+02", "ip": "1.018e-10", "ts": "0", "stretch": "9.8238e+05", "date": "2108-12-30.86", "dist": "99.482", "sigma_lov": "2.31969", "sigma_imp": "0.304", "ps": "-9.13"}, {"energy": "4.186e+01", "width": "3.2315e+02", "ip": "1.022e-10", "ts": "0", "stretch": "1.0225e+06", "date": "2099-12-28.50", "dist": "67.728", "sigma_lov": "2.31209", "sigma_imp": "0.206", "ps": "-9.09"}, {"energy": "4.174e+01", "width": "3.2228e+02", "ip": "1.030e-10", "ts": "0", "stretch": "1.0345e+06", "date": "2093-12-27.58", "dist": "60.681", "sigma_lov": "2.30688", "sigma_imp": "0.185", "ps": "-9.05"}, {"energy": "4.170e+01", "width": "3.2274e+02", "ip": "1.088e-10", "ts": "0", "stretch": "9.8548e+05", "date": "2090-12-27.79", "dist": "58.968", "sigma_lov": "2.30392", "sigma_imp": "0.180", "ps": "-9.01"}, {"energy": "4.095e+01", "width": "3.2427e+02", "ip": "1.037e-10", "ts": "0", "stretch": "1.0469e+06", "date": "2087-12-26.35", "dist": "35.827", "sigma_lov": "2.30121", "sigma_imp": "0.107", "ps": "-9.02"}, {"energy": "4.096e+01", "width": "3.2385e+02", "ip": "1.285e-10", "ts": "0", "stretch": "8.5165e+05", "date": "2084-12-25.63", "dist": "34.865", "sigma_lov": "2.29825", "sigma_imp": "0.105", "ps": "-8.91"}, {"energy": "4.071e+01", "width": "3.2475e+02", "ip": "1.351e-10", "ts": "0", "stretch": "8.1667e+05", "date": "2081-12-25.19", "dist": "25.115", "sigma_lov": "2.29472", "sigma_imp": "0.074", "ps": "-8.87"}, {"energy": "4.069e+01", "width": "2.9086e+02", "ip": "2.788e-10", "ts": "0", "stretch": "3.4072e+05", "date": "2080-12-25.21", "dist": "64.970", "sigma_lov": "2.39613", "sigma_imp": "0.220", "ps": "-8.55"}, {"energy": "4.054e+01", "width": "3.8589e+02", "ip": "1.350e-10", "ts": "0", "stretch": "5.4467e+05", "date": "2080-12-24.84", "dist": "58.745", "sigma_lov": "2.39070", "sigma_imp": "0.150", "ps": "-8.86"}, {"energy": "4.073e+01", "width": "3.2543e+02", "ip": "1.157e-10", "ts": "0", "stretch": "9.5952e+05", "date": "2078-12-25.47", "dist": "24.070", "sigma_lov": "2.29112", "sigma_imp": "0.071", "ps": "-8.92"}, {"energy": "4.161e+01", "width": "3.1183e+02", "ip": "1.487e-10", "ts": "0", "stretch": "5.7732e+05", "date": "2077-12-27.52", "dist": "91.451", "sigma_lov": "2.40189", "sigma_imp": "0.290", "ps": "-8.79"}, {"energy": "3.739e+01", "width": "3.4211e+02", "ip": "4.701e-10", "ts": "0", "stretch": "2.5068e+05", "date": "2077-12-16.02", "dist": "103.320", "sigma_lov": "2.22363", "sigma_imp": "0.299", "ps": "-8.33"}, {"energy": "3.733e+01", "width": "3.4648e+02", "ip": "6.930e-10", "ts": "0", "stretch": "1.6823e+05", "date": "2077-12-15.83", "dist": "107.475", "sigma_lov": "2.22165", "sigma_imp": "0.307", "ps": "-8.16"}, {"energy": "4.006e+01", "width": "3.3019e+02", "ip": "1.204e-10", "ts": "0", "stretch": "9.1786e+05", "date": "2075-12-23.94", "dist": "1.034", "sigma_lov": "2.28803", "sigma_imp": "0.000", "ps": "-8.88"}, {"energy": "4.010e+01", "width": "3.2941e+02", "ip": "1.519e-10", "ts": "0", "stretch": "7.3545e+05", "date": "2072-12-23.16", "dist": "0.475", "sigma_lov": "2.28424", "sigma_imp": "0.000", "ps": "-8.76"}, {"energy": "4.926e+01", "width": "6.0719e+02", "ip": "1.207e-10", "ts": "0", "stretch": "4.6752e+05", "date": "2072-08-21.53", "dist": "191.572", "sigma_lov": "-2.29437", "sigma_imp": "0.314", "ps": "-8.78"}, {"energy": "3.662e+01", "width": "3.5972e+02", "ip": "3.727e-10", "ts": "0", "stretch": "3.0373e+05", "date": "2071-12-13.85", "dist": "139.633", "sigma_lov": "2.20572", "sigma_imp": "0.385", "ps": "-8.39"}, {"energy": "3.662e+01", "width": "3.5972e+02", "ip": "3.727e-10", "ts": "0", "stretch": "3.0373e+05", "date": "2071-12-13.85", "dist": "139.633", "sigma_lov": "2.20456", "sigma_imp": "0.385", "ps": "-8.39"}, {"energy": "4.349e+01", "width": "2.9144e+02", "ip": "1.617e-10", "ts": "0", "stretch": "4.1979e+05", "date": "2069-12-31.04", "dist": "161.826", "sigma_lov": "2.48025", "sigma_imp": "0.552", "ps": "-8.68"}, {"energy": "3.977e+01", "width": "3.2939e+02", "ip": "1.596e-10", "ts": "0", "stretch": "7.0688e+05", "date": "2069-12-22.55", "dist": "12.324", "sigma_lov": "2.27972", "sigma_imp": "0.034", "ps": "-8.72"}, {"energy": "4.138e+01", "width": "3.1533e+02", "ip": "1.050e-10", "ts": "0", "stretch": "7.8609e+05", "date": "2068-12-26.78", "dist": "88.644", "sigma_lov": "2.41491", "sigma_imp": "0.278", "ps": "-8.88"}, {"energy": "3.976e+01", "width": "3.3036e+02", "ip": "1.698e-10", "ts": "0", "stretch": "6.7008e+05", "date": "2066-12-22.84", "dist": "13.852", "sigma_lov": "2.27472", "sigma_imp": "0.039", "ps": "-8.66"}, {"energy": "3.631e+01", "width": "3.6892e+02", "ip": "3.471e-10", "ts": "0", "stretch": "3.2491e+05", "date": "2065-12-12.01", "dist": "160.690", "sigma_lov": "2.18705", "sigma_imp": "0.433", "ps": "-8.38"}, {"energy": "4.382e+01", "width": "2.8926e+02", "ip": "1.001e-10", "ts": "0", "stretch": "6.3637e+05", "date": "2064-01-01.10", "dist": "174.555", "sigma_lov": "2.49748", "sigma_imp": "0.600", "ps": "-8.83"}, {"energy": "4.217e+01", "width": "3.1164e+02", "ip": "1.015e-10", "ts": "0", "stretch": "7.8309e+05", "date": "2062-12-28.98", "dist": "112.217", "sigma_lov": "2.42508", "sigma_imp": "0.357", "ps": "-8.83"}, {"energy": "3.893e+01", "width": "3.3639e+02", "ip": "2.038e-10", "ts": "0", "stretch": "5.5866e+05", "date": "2060-12-20.26", "dist": "42.581", "sigma_lov": "2.26315", "sigma_imp": "0.124", "ps": "-8.54"}, {"energy": "4.240e+01", "width": "3.0947e+02", "ip": "1.023e-10", "ts": "0", "stretch": "7.6318e+05", "date": "2059-12-29.65", "dist": "119.834", "sigma_lov": "2.43111", "sigma_imp": "0.384", "ps": "-8.80"}, {"energy": "3.855e+01", "width": "3.3961e+02", "ip": "2.344e-10", "ts": "0", "stretch": "4.8564e+05", "date": "2057-12-19.33", "dist": "58.147", "sigma_lov": "2.25618", "sigma_imp": "0.168", "ps": "-8.45"}, {"energy": "4.225e+01", "width": "3.0927e+02", "ip": "1.114e-10", "ts": "0", "stretch": "6.9125e+05", "date": "2056-12-28.49", "dist": "117.180", "sigma_lov": "2.43804", "sigma_imp": "0.376", "ps": "-8.73"}, {"energy": "3.853e+01", "width": "3.4146e+02", "ip": "2.414e-10", "ts": "0", "stretch": "4.7714e+05", "date": "2054-12-19.49", "dist": "61.748", "sigma_lov": "2.24784", "sigma_imp": "0.178", "ps": "-8.40"}, {"energy": "3.853e+01", "width": "3.4146e+02", "ip": "2.414e-10", "ts": "0", "stretch": "4.7714e+05", "date": "2054-12-19.49", "dist": "61.748", "sigma_lov": "2.24604", "sigma_imp": "0.178", "ps": "-8.40"}, {"energy": "4.328e+01", "width": "3.0310e+02", "ip": "1.099e-10", "ts": "0", "stretch": "6.7194e+05", "date": "2053-12-30.73", "dist": "144.559", "sigma_lov": "2.44654", "sigma_imp": "0.474", "ps": "-8.69"}, {"energy": "3.781e+01", "width": "3.4938e+02", "ip": "2.585e-10", "ts": "0", "stretch": "4.3665e+05", "date": "2051-12-17.49", "dist": "90.281", "sigma_lov": "2.23900", "sigma_imp": "0.256", "ps": "-8.34"}, {"energy": "3.765e+01", "width": "3.5180e+02", "ip": "3.151e-10", "ts": "0", "stretch": "3.6176e+05", "date": "2048-12-16.22", "dist": "99.558", "sigma_lov": "2.22845", "sigma_imp": "0.280", "ps": "-8.22"}, {"energy": "3.765e+01", "width": "3.5180e+02", "ip": "3.151e-10", "ts": "0", "stretch": "3.6176e+05", "date": "2048-12-16.22", "dist": "99.558", "sigma_lov": "2.22659", "sigma_imp": "0.280", "ps": "-8.22"}, {"energy": "4.368e+01", "width": "2.9907e+02", "ip": "1.061e-10", "ts": "0", "stretch": "6.5614e+05", "date": "2047-12-31.85", "dist": "158.968", "sigma_lov": "2.46485", "sigma_imp": "0.528", "ps": "-8.63"}, {"energy": "3.708e+01", "width": "3.5830e+02", "ip": "3.834e-10", "ts": "0", "stretch": "2.9510e+05", "date": "2045-12-14.68", "dist": "122.980", "sigma_lov": "2.21510", "sigma_imp": "0.340", "ps": "-8.10"}, {"energy": "4.366e+01", "width": "2.9702e+02", "ip": "1.146e-10", "ts": "0", "stretch": "5.8866e+05", "date": "2044-12-31.00", "dist": "162.126", "sigma_lov": "2.47725", "sigma_imp": "0.542", "ps": "-8.55"}, {"energy": "3.686e+01", "width": "3.6338e+02", "ip": "4.307e-10", "ts": "0", "stretch": "2.6606e+05", "date": "2042-12-14.35", "dist": "134.799", "sigma_lov": "2.19855", "sigma_imp": "0.368", "ps": "-8.00"}, {"energy": "4.495e+01", "width": "2.8834e+02", "ip": "1.103e-10", "ts": "0", "stretch": "5.5798e+05", "date": "2042-01-02.46", "dist": "195.728", "sigma_lov": "2.49322", "sigma_imp": "0.675", "ps": "-8.51"}, {"energy": "3.592e+01", "width": "3.8538e+02", "ip": "5.701e-10", "ts": "0", "stretch": "1.9096e+05", "date": "2039-12-11.22", "dist": "179.087", "sigma_lov": "2.17711", "sigma_imp": "0.462", "ps": "-7.83"}, {"energy": "4.075e+01", "width": "2.9934e+02", "ip": "3.408e-09", "ts": "0", "stretch": "3.0039e+04", "date": "2025-12-24.51", "dist": "37.657", "sigma_lov": "2.35978", "sigma_imp": "0.122", "ps": "-6.60"}, {"energy": "4.133e+01", "width": "3.8866e+02", "ip": "4.033e-10", "ts": "0", "stretch": "1.8525e+05", "date": "2022-12-26.17", "dist": "58.574", "sigma_lov": "2.38105", "sigma_imp": "0.148", "ps": "-7.34"}, {"energy": "4.084e+01", "width": "3.2282e+02", "ip": "1.166e-09", "ts": "0", "stretch": "8.0339e+04", "date": "2022-12-25.06", "dist": "41.270", "sigma_lov": "2.36527", "sigma_imp": "0.125", "ps": "-6.88"}, {"energy": "4.138e+01", "width": "3.3764e+02", "ip": "1.702e-09", "ts": "0", "stretch": "5.0024e+04", "date": "2019-12-26.69", "dist": "62.687", "sigma_lov": "2.38269", "sigma_imp": "0.183", "ps": "-6.39"}]}