{"summary": {"energy": "2.536e-02", "darc": "27.975 days", "ip": "0.000333453036", "h": "27.57", "nobs": "72", "mass": "1.53e+06", "v_inf": "3.93", "first_obs": "2016-Jul-13.462934", "method": "LOV", "pdate": "2017-04-11 08:04:32", "ndop": "0", "cdate": "2017-04-11 08:04:32", "ps_cum": "-5.04", "diameter": "0.01", "ndel": "0", "v_imp": "11.82", "ps_max": "-5.82", "last_obs": "2016-Aug-10.438324", "fullname": "(2016 NL39)", "n_imp": "83", "ts_max": "0", "nsat": "0", "des": "2016 NL39"}, "signature": {"source": "NASA/JPL Sentry Data API", "version": "1.1"}, "data": [{"energy": "2.535e-02", "width": "2.1263e-04", "ip": "1.571e-06", "ts": "0", "stretch": "7.0506e+04", "date": "2115-06-28.86", "dist": "0.544", "sigma_lov": "-1.90064", "sigma_imp": "0.000", "ps": "-7.55"}, {"energy": "2.535e-02", "width": "1.0417e-03", "ip": "2.303e-06", "ts": "0", "stretch": "1.4795e+05", "date": "2115-06-29.66", "dist": "0.872", "sigma_lov": "-0.52524", "sigma_imp": "0.000", "ps": "-7.38"}, {"energy": "2.540e-02", "width": "6.9445e-04", "ip": "3.486e-07", "ts": "0", "stretch": "3.7183e+05", "date": "2115-07-03.05", "dist": "0.884", "sigma_lov": "1.45833", "sigma_imp": "0.000", "ps": "-8.20"}, {"energy": "2.541e-02", "width": "0.0000e+00", "ip": "1.047e-06", "ts": "0", "stretch": "7.3227e+05", "date": "2115-07-01.42", "dist": "0.193", "sigma_lov": "0.20583", "sigma_imp": "0.000", "ps": "-7.73"}, {"energy": "2.525e-02", "width": "2.0281e-02", "ip": "9.470e-08", "ts": "0", "stretch": "3.7427e+04", "date": "2112-06-30.28", "dist": "0.837", "sigma_lov": "-3.10884", "sigma_imp": "0.000", "ps": "-8.76"}, {"energy": "2.533e-02", "width": "0.0000e+00", "ip": "7.159e-07", "ts": "0", "stretch": "7.4802e+05", "date": "2112-06-28.62", "dist": "0.638", "sigma_lov": "-0.52482", "sigma_imp": "0.000", "ps": "-7.88"}, {"energy": "2.529e-02", "width": "8.6806e-05", "ip": "8.132e-08", "ts": "0", "stretch": "1.7746e+05", "date": "2111-06-29.27", "dist": "0.861", "sigma_lov": "-2.58851", "sigma_imp": "0.000", "ps": "-8.82"}, {"energy": "2.539e-02", "width": "0.0000e+00", "ip": "2.115e-06", "ts": "0", "stretch": "2.8974e+05", "date": "2110-06-29.67", "dist": "0.574", "sigma_lov": "0.35880", "sigma_imp": "0.000", "ps": "-7.40"}, {"energy": "2.537e-02", "width": "0.0000e+00", "ip": "3.691e-07", "ts": "0", "stretch": "1.1314e+06", "date": "2110-06-30.53", "dist": "0.851", "sigma_lov": "0.07025", "sigma_imp": "0.000", "ps": "-8.16"}, {"energy": "2.539e-02", "width": "0.0000e+00", "ip": "5.026e-06", "ts": "0", "stretch": "1.1421e+05", "date": "2108-06-30.57", "dist": "0.083", "sigma_lov": "-0.80859", "sigma_imp": "0.000", "ps": "-7.01"}, {"energy": "2.537e-02", "width": "1.6810e-04", "ip": "1.858e-06", "ts": "0", "stretch": "2.9725e+05", "date": "2108-06-28.37", "dist": "0.337", "sigma_lov": "-0.78533", "sigma_imp": "0.000", "ps": "-7.44"}, {"energy": "2.541e-02", "width": "5.4901e-04", "ip": "4.439e-07", "ts": "0", "stretch": "2.2656e+05", "date": "2107-07-01.58", "dist": "0.699", "sigma_lov": "1.86775", "sigma_imp": "0.000", "ps": "-8.06"}, {"energy": "2.542e-02", "width": "0.0000e+00", "ip": "5.202e-06", "ts": "0", "stretch": "1.4377e+05", "date": "2107-06-30.70", "dist": "0.250", "sigma_lov": "0.25589", "sigma_imp": "0.000", "ps": "-6.99"}, {"energy": "2.539e-02", "width": "0.0000e+00", "ip": "7.836e-07", "ts": "0", "stretch": "9.0011e+05", "date": "2107-06-30.41", "dist": "0.465", "sigma_lov": "-0.04882", "sigma_imp": "0.000", "ps": "-7.81"}, {"energy": "2.534e-02", "width": "2.4552e-04", "ip": "6.830e-07", "ts": "0", "stretch": "3.0734e+05", "date": "2107-06-30.22", "dist": "0.539", "sigma_lov": "-1.52860", "sigma_imp": "0.000", "ps": "-7.87"}, {"energy": "2.534e-02", "width": "1.9410e-04", "ip": "1.438e-06", "ts": "0", "stretch": "2.1498e+05", "date": "2106-06-30.88", "dist": "0.897", "sigma_lov": "-0.51092", "sigma_imp": "0.000", "ps": "-7.55"}, {"energy": "2.532e-02", "width": "4.1631e-04", "ip": "6.340e-07", "ts": "0", "stretch": "4.0391e+05", "date": "2106-06-28.92", "dist": "0.930", "sigma_lov": "-0.52306", "sigma_imp": "0.000", "ps": "-7.90"}, {"energy": "2.544e-02", "width": "2.4732e-04", "ip": "9.770e-08", "ts": "0", "stretch": "5.0189e+04", "date": "2105-06-28.76", "dist": "0.165", "sigma_lov": "3.19433", "sigma_imp": "0.000", "ps": "-8.71"}, {"energy": "2.545e-02", "width": "3.5444e-04", "ip": "4.356e-09", "ts": "0", "stretch": "3.5612e+04", "date": "2105-06-28.59", "dist": "0.321", "sigma_lov": "4.13041", "sigma_imp": "0.000", "ps": "-10.1"}, {"energy": "2.540e-02", "width": "2.7778e-03", "ip": "7.245e-07", "ts": "0", "stretch": "9.9935e+05", "date": "2104-06-29.94", "dist": "0.418", "sigma_lov": "-0.04961", "sigma_imp": "0.000", "ps": "-7.83"}, {"energy": "2.533e-02", "width": "8.1200e-05", "ip": "5.814e-08", "ts": "0", "stretch": "9.0908e+04", "date": "2104-06-28.03", "dist": "0.994", "sigma_lov": "-2.38836", "sigma_imp": "0.000", "ps": "-8.93"}, {"energy": "2.537e-02", "width": "0.0000e+00", "ip": "4.134e-07", "ts": "0", "stretch": "1.8758e+06", "date": "2104-06-29.45", "dist": "0.224", "sigma_lov": "0.07291", "sigma_imp": "0.000", "ps": "-8.08"}, {"energy": "2.531e-02", "width": "1.4085e-04", "ip": "1.068e-07", "ts": "0", "stretch": "1.1490e+05", "date": "2104-06-27.32", "dist": "0.140", "sigma_lov": "-2.89212", "sigma_imp": "0.000", "ps": "-8.67"}, {"energy": "2.536e-02", "width": "0.0000e+00", "ip": "3.231e-07", "ts": "0", "stretch": "8.4691e+05", "date": "2104-06-29.85", "dist": "0.939", "sigma_lov": "-0.07657", "sigma_imp": "0.000", "ps": "-8.19"}, {"energy": "2.540e-02", "width": "9.6226e-03", "ip": "5.883e-07", "ts": "0", "stretch": "1.1202e+06", "date": "2104-06-30.19", "dist": "0.562", "sigma_lov": "0.05176", "sigma_imp": "0.000", "ps": "-7.92"}, {"energy": "2.537e-02", "width": "1.3021e-04", "ip": "8.091e-07", "ts": "0", "stretch": "7.8508e+05", "date": "2103-06-29.49", "dist": "0.352", "sigma_lov": "-0.57003", "sigma_imp": "0.000", "ps": "-7.78"}, {"energy": "2.538e-02", "width": "0.0000e+00", "ip": "1.510e-06", "ts": "0", "stretch": "4.9837e+05", "date": "2101-06-30.33", "dist": "0.324", "sigma_lov": "-0.07820", "sigma_imp": "0.000", "ps": "-7.50"}, {"energy": "2.539e-02", "width": "0.0000e+00", "ip": "6.052e-08", "ts": "0", "stretch": "7.0340e+06", "date": "2101-06-29.55", "dist": "0.193", "sigma_lov": "1.10664", "sigma_imp": "0.000", "ps": "-8.90"}, {"energy": "2.539e-02", "width": "0.0000e+00", "ip": "6.568e-08", "ts": "0", "stretch": "6.2311e+06", "date": "2101-06-29.58", "dist": "0.331", "sigma_lov": "1.10711", "sigma_imp": "0.000", "ps": "-8.86"}, {"energy": "2.536e-02", "width": "2.7778e-03", "ip": "4.587e-07", "ts": "0", "stretch": "7.3649e+05", "date": "2101-06-30.35", "dist": "0.906", "sigma_lov": "0.05291", "sigma_imp": "0.000", "ps": "-8.02"}, {"energy": "2.531e-02", "width": "1.7071e-04", "ip": "1.459e-07", "ts": "0", "stretch": "8.7372e+04", "date": "2101-06-27.62", "dist": "0.107", "sigma_lov": "-2.88014", "sigma_imp": "0.000", "ps": "-8.52"}, {"energy": "2.537e-02", "width": "2.5678e-04", "ip": "1.309e-06", "ts": "0", "stretch": "4.9817e+05", "date": "2100-06-28.40", "dist": "0.280", "sigma_lov": "-0.56886", "sigma_imp": "0.000", "ps": "-7.56"}, {"energy": "2.539e-02", "width": "9.8210e-04", "ip": "2.452e-06", "ts": "0", "stretch": "2.2474e+05", "date": "2100-06-27.32", "dist": "0.420", "sigma_lov": "0.74084", "sigma_imp": "0.000", "ps": "-7.28"}, {"energy": "2.534e-02", "width": "2.7778e-03", "ip": "1.108e-06", "ts": "0", "stretch": "6.2552e+05", "date": "2098-06-29.49", "dist": "0.493", "sigma_lov": "0.05463", "sigma_imp": "0.000", "ps": "-7.62"}, {"energy": "2.531e-02", "width": "2.4552e-04", "ip": "1.141e-06", "ts": "0", "stretch": "1.4877e+05", "date": "2098-06-29.17", "dist": "0.807", "sigma_lov": "-1.43266", "sigma_imp": "0.000", "ps": "-7.61"}, {"energy": "2.535e-02", "width": "6.9445e-04", "ip": "1.721e-06", "ts": "0", "stretch": "4.0912e+05", "date": "2098-06-29.47", "dist": "0.465", "sigma_lov": "-0.08077", "sigma_imp": "0.000", "ps": "-7.43"}, {"energy": "2.531e-02", "width": "2.1702e-04", "ip": "4.120e-07", "ts": "0", "stretch": "1.0504e+05", "date": "2098-06-27.21", "dist": "0.427", "sigma_lov": "-2.37700", "sigma_imp": "0.000", "ps": "-8.05"}, {"energy": "2.530e-02", "width": "1.5799e-04", "ip": "2.354e-07", "ts": "0", "stretch": "5.7338e+04", "date": "2098-06-26.72", "dist": "0.071", "sigma_lov": "-2.86133", "sigma_imp": "0.000", "ps": "-8.29"}, {"energy": "2.536e-02", "width": "0.0000e+00", "ip": "1.642e-06", "ts": "0", "stretch": "2.0766e+05", "date": "2097-06-29.70", "dist": "0.857", "sigma_lov": "-0.61212", "sigma_imp": "0.000", "ps": "-7.44"}, {"energy": "2.541e-02", "width": "0.0000e+00", "ip": "5.693e-07", "ts": "0", "stretch": "1.9888e+05", "date": "2096-06-30.80", "dist": "0.804", "sigma_lov": "1.69739", "sigma_imp": "0.000", "ps": "-7.90"}, {"energy": "2.541e-02", "width": "3.4722e-04", "ip": "1.158e-06", "ts": "0", "stretch": "9.8760e+04", "date": "2096-06-30.43", "dist": "0.819", "sigma_lov": "1.67008", "sigma_imp": "0.000", "ps": "-7.59"}, {"energy": "2.527e-02", "width": "1.8766e-04", "ip": "2.987e-07", "ts": "0", "stretch": "3.1099e+04", "date": "2095-06-26.99", "dist": "0.783", "sigma_lov": "-2.82645", "sigma_imp": "0.000", "ps": "-8.17"}, {"energy": "2.531e-02", "width": "2.1825e-04", "ip": "3.028e-07", "ts": "0", "stretch": "7.3686e+04", "date": "2095-06-26.96", "dist": "0.174", "sigma_lov": "-2.67425", "sigma_imp": "0.000", "ps": "-8.17"}, {"energy": "2.538e-02", "width": "4.9105e-04", "ip": "6.975e-07", "ts": "0", "stretch": "7.4382e+05", "date": "2095-07-01.54", "dist": "0.462", "sigma_lov": "0.79012", "sigma_imp": "0.000", "ps": "-7.80"}, {"energy": "2.537e-02", "width": "0.0000e+00", "ip": "7.415e-07", "ts": "0", "stretch": "1.0463e+06", "date": "2095-06-29.19", "dist": "0.227", "sigma_lov": "0.05777", "sigma_imp": "0.000", "ps": "-7.78"}, {"energy": "2.534e-02", "width": "2.9756e-04", "ip": "1.905e-06", "ts": "0", "stretch": "1.9163e+05", "date": "2093-06-27.01", "dist": "0.566", "sigma_lov": "-1.08707", "sigma_imp": "0.000", "ps": "-7.36"}, {"energy": "2.538e-02", "width": "1.3889e-03", "ip": "2.270e-06", "ts": "0", "stretch": "3.3994e+05", "date": "2092-06-29.09", "dist": "0.251", "sigma_lov": "0.04269", "sigma_imp": "0.000", "ps": "-7.27"}, {"energy": "2.536e-02", "width": "2.1263e-04", "ip": "1.979e-06", "ts": "0", "stretch": "1.8630e+05", "date": "2091-06-30.06", "dist": "0.809", "sigma_lov": "-0.69588", "sigma_imp": "0.000", "ps": "-7.33"}, {"energy": "2.539e-02", "width": "0.0000e+00", "ip": "1.184e-06", "ts": "0", "stretch": "4.8438e+05", "date": "2091-06-29.00", "dist": "0.691", "sigma_lov": "0.11078", "sigma_imp": "0.000", "ps": "-7.55"}, {"energy": "2.541e-02", "width": "0.0000e+00", "ip": "6.695e-06", "ts": "0", "stretch": "1.1724e+05", "date": "2091-06-29.39", "dist": "0.148", "sigma_lov": "0.10381", "sigma_imp": "0.000", "ps": "-6.80"}, {"energy": "2.541e-02", "width": "0.0000e+00", "ip": "8.138e-08", "ts": "0", "stretch": "1.5805e+06", "date": "2091-06-29.72", "dist": "0.987", "sigma_lov": "0.17012", "sigma_imp": "0.000", "ps": "-8.71"}, {"energy": "2.534e-02", "width": "1.2276e-04", "ip": "6.520e-06", "ts": "0", "stretch": "5.5656e+04", "date": "2090-06-29.47", "dist": "0.107", "sigma_lov": "-1.25306", "sigma_imp": "0.000", "ps": "-6.80"}, {"energy": "2.533e-02", "width": "0.0000e+00", "ip": "4.543e-06", "ts": "0", "stretch": "5.2996e+04", "date": "2090-06-29.76", "dist": "0.332", "sigma_lov": "-1.51273", "sigma_imp": "0.000", "ps": "-6.96"}, {"energy": "2.539e-02", "width": "0.0000e+00", "ip": "1.311e-06", "ts": "0", "stretch": "5.7714e+05", "date": "2089-06-27.84", "dist": "0.163", "sigma_lov": "-0.28204", "sigma_imp": "0.000", "ps": "-7.49"}, {"energy": "2.538e-02", "width": "2.4552e-04", "ip": "2.369e-05", "ts": "0", "stretch": "3.2432e+04", "date": "2089-06-29.29", "dist": "0.235", "sigma_lov": "0.13811", "sigma_imp": "0.000", "ps": "-6.24"}, {"energy": "2.537e-02", "width": "3.2234e-04", "ip": "1.568e-05", "ts": "0", "stretch": "4.6253e+04", "date": "2089-06-28.01", "dist": "0.224", "sigma_lov": "-0.37345", "sigma_imp": "0.000", "ps": "-6.42"}, {"energy": "2.538e-02", "width": "1.9642e-03", "ip": "2.051e-06", "ts": "0", "stretch": "3.4733e+05", "date": "2088-06-28.53", "dist": "0.440", "sigma_lov": "0.11133", "sigma_imp": "0.000", "ps": "-7.29"}, {"energy": "2.540e-02", "width": "6.9445e-04", "ip": "1.471e-05", "ts": "0", "stretch": "5.3971e+04", "date": "2088-06-29.04", "dist": "0.023", "sigma_lov": "0.10093", "sigma_imp": "0.000", "ps": "-6.44"}, {"energy": "2.538e-02", "width": "4.9105e-04", "ip": "7.860e-07", "ts": "0", "stretch": "4.8359e+05", "date": "2088-06-27.85", "dist": "0.872", "sigma_lov": "-0.23748", "sigma_imp": "0.000", "ps": "-7.71"}, {"energy": "2.538e-02", "width": "3.1747e-04", "ip": "1.601e-05", "ts": "0", "stretch": "2.4113e+04", "date": "2087-06-30.71", "dist": "0.188", "sigma_lov": "1.19285", "sigma_imp": "0.000", "ps": "-6.40"}, {"energy": "2.537e-02", "width": "3.4722e-04", "ip": "7.422e-06", "ts": "0", "stretch": "1.0566e+05", "date": "2086-06-29.34", "dist": "0.183", "sigma_lov": "0.02000", "sigma_imp": "0.000", "ps": "-6.72"}, {"energy": "2.538e-02", "width": "5.4901e-04", "ip": "7.221e-06", "ts": "0", "stretch": "1.0382e+05", "date": "2086-06-29.39", "dist": "0.341", "sigma_lov": "-0.02885", "sigma_imp": "0.000", "ps": "-6.74"}, {"energy": "2.539e-02", "width": "6.9445e-04", "ip": "2.616e-06", "ts": "0", "stretch": "3.0268e+05", "date": "2086-06-28.61", "dist": "0.115", "sigma_lov": "-0.04042", "sigma_imp": "0.000", "ps": "-7.18"}, {"energy": "2.534e-02", "width": "5.8945e-04", "ip": "1.911e-06", "ts": "0", "stretch": "1.4491e+05", "date": "2085-06-27.48", "dist": "0.894", "sigma_lov": "-0.71474", "sigma_imp": "0.000", "ps": "-7.31"}, {"energy": "2.536e-02", "width": "0.0000e+00", "ip": "6.717e-07", "ts": "0", "stretch": "7.8689e+05", "date": "2085-06-28.73", "dist": "0.745", "sigma_lov": "0.11227", "sigma_imp": "0.000", "ps": "-7.76"}, {"energy": "2.539e-02", "width": "4.9105e-04", "ip": "1.216e-05", "ts": "0", "stretch": "3.4900e+04", "date": "2084-06-28.67", "dist": "0.827", "sigma_lov": "0.33597", "sigma_imp": "0.000", "ps": "-6.50"}, {"energy": "2.533e-02", "width": "1.3725e-04", "ip": "3.778e-07", "ts": "0", "stretch": "4.2995e+05", "date": "2084-06-26.72", "dist": "0.623", "sigma_lov": "-1.64358", "sigma_imp": "0.000", "ps": "-8.00"}, {"energy": "2.542e-02", "width": "0.0000e+00", "ip": "3.312e-08", "ts": "0", "stretch": "1.0728e+06", "date": "2083-06-29.38", "dist": "0.999", "sigma_lov": "0.14328", "sigma_imp": "0.000", "ps": "-9.05"}, {"energy": "2.532e-02", "width": "4.8207e-03", "ip": "9.535e-08", "ts": "0", "stretch": "6.0943e+04", "date": "2083-06-29.18", "dist": "0.275", "sigma_lov": "-3.13145", "sigma_imp": "0.000", "ps": "-8.60"}, {"energy": "2.534e-02", "width": "1.2276e-04", "ip": "3.648e-06", "ts": "0", "stretch": "9.3082e+04", "date": "2082-06-29.61", "dist": "0.804", "sigma_lov": "-0.81816", "sigma_imp": "0.000", "ps": "-7.01"}, {"energy": "2.535e-02", "width": "0.0000e+00", "ip": "1.577e-06", "ts": "0", "stretch": "4.2161e+05", "date": "2082-06-28.45", "dist": "0.514", "sigma_lov": "-0.24057", "sigma_imp": "0.000", "ps": "-7.37"}, {"energy": "2.532e-02", "width": "1.6240e-04", "ip": "9.537e-08", "ts": "0", "stretch": "1.5258e+05", "date": "2081-06-26.79", "dist": "0.951", "sigma_lov": "-2.38433", "sigma_imp": "0.000", "ps": "-8.58"}, {"energy": "2.537e-02", "width": "6.9445e-04", "ip": "1.193e-06", "ts": "0", "stretch": "5.7887e+05", "date": "2079-06-28.80", "dist": "0.453", "sigma_lov": "-0.24193", "sigma_imp": "0.000", "ps": "-7.47"}, {"energy": "2.535e-02", "width": "4.0600e-04", "ip": "1.920e-05", "ts": "0", "stretch": "2.3926e+04", "date": "2079-06-29.84", "dist": "0.813", "sigma_lov": "-0.15636", "sigma_imp": "0.000", "ps": "-6.26"}, {"energy": "2.537e-02", "width": "2.4166e-04", "ip": "2.502e-06", "ts": "0", "stretch": "2.1822e+05", "date": "2079-06-28.03", "dist": "0.185", "sigma_lov": "-0.85236", "sigma_imp": "0.000", "ps": "-7.15"}, {"energy": "2.537e-02", "width": "8.6806e-05", "ip": "2.796e-06", "ts": "0", "stretch": "5.0033e+04", "date": "2078-06-29.18", "dist": "0.507", "sigma_lov": "-1.78827", "sigma_imp": "0.000", "ps": "-7.09"}, {"energy": "2.533e-02", "width": "1.1740e-04", "ip": "2.438e-07", "ts": "0", "stretch": "4.2751e+04", "date": "2078-06-26.85", "dist": "0.238", "sigma_lov": "-2.94161", "sigma_imp": "0.000", "ps": "-8.15"}, {"energy": "2.535e-02", "width": "8.6806e-05", "ip": "6.352e-06", "ts": "0", "stretch": "7.1533e+04", "date": "2076-06-29.09", "dist": "0.214", "sigma_lov": "-1.04057", "sigma_imp": "0.000", "ps": "-6.72"}, {"energy": "2.530e-02", "width": "1.1508e-04", "ip": "4.992e-05", "ts": "0", "stretch": "1.0682e+02", "date": "2075-06-28.31", "dist": "0.742", "sigma_lov": "-3.04222", "sigma_imp": "0.000", "ps": "-5.82"}, {"energy": "2.533e-02", "width": "1.0458e-03", "ip": "5.005e-05", "ts": "0", "stretch": "1.0050e+02", "date": "2075-06-28.31", "dist": "0.110", "sigma_lov": "-3.18788", "sigma_imp": "0.000", "ps": "-5.82"}, {"energy": "2.540e-02", "width": "0.0000e+00", "ip": "3.949e-06", "ts": "0", "stretch": "1.8572e+05", "date": "2060-06-29.25", "dist": "0.298", "sigma_lov": "0.27605", "sigma_imp": "0.000", "ps": "-6.79"}, {"energy": "2.538e-02", "width": "2.9741e-04", "ip": "1.467e-05", "ts": "0", "stretch": "3.9750e+04", "date": "2057-06-29.78", "dist": "0.181", "sigma_lov": "0.77249", "sigma_imp": "0.000", "ps": "-6.19"}, {"energy": "2.544e-02", "width": "3.0421e-04", "ip": "1.465e-06", "ts": "0", "stretch": "6.9113e+03", "date": "2055-06-30.93", "dist": "0.305", "sigma_lov": "2.94564", "sigma_imp": "0.000", "ps": "-7.17"}]}