{"summary": {"energy": "1.530e+00", "darc": ".96815 days", "ip": "9.485888e-07", "h": "24.83", "nobs": "15", "mass": "6.75e+07", "v_inf": "7.34", "first_obs": "2016-May-03.29327", "method": "LOV", "pdate": "2017-04-07 18:22:53", "ndop": "0", "cdate": "2017-04-07 18:22:53", "ps_cum": "-5.53", "diameter": "0.0366395769167842", "ndel": "0", "v_imp": "13.52", "ps_max": "-6.08", "last_obs": "2016-May-04.26142", "fullname": "(2016 JO38)", "n_imp": "455", "ts_max": "0", "nsat": "0", "des": "2016 JO38"}, "signature": {"source": "NASA/JPL Sentry Data API", "version": "1.1"}, "data": [{"energy": "2.209e+00", "width": "7.0040e+01", "ip": "3.433e-10", "ts": "0", "stretch": "6.8760e+06", "date": "2116-10-03.59", "dist": "101.333", "sigma_lov": "0.34674", "sigma_imp": "1.433", "ps": "-9.66"}, {"energy": "1.005e+00", "width": "1.1586e+02", "ip": "2.129e-08", "ts": "0", "stretch": "5.4733e+04", "date": "2116-08-30.66", "dist": "159.452", "sigma_lov": "0.85161", "sigma_imp": "1.368", "ps": "-8.14"}, {"energy": "1.135e+00", "width": "1.2156e+02", "ip": "1.033e-10", "ts": "0", "stretch": "1.8558e+07", "date": "2116-09-10.82", "dist": "118.099", "sigma_lov": "0.76322", "sigma_imp": "0.963", "ps": "-10.4"}, {"energy": "1.357e+00", "width": "1.5533e+02", "ip": "1.760e-10", "ts": "0", "stretch": "1.4142e+07", "date": "2115-09-21.11", "dist": "49.324", "sigma_lov": "0.64337", "sigma_imp": "0.311", "ps": "-10.1"}, {"energy": "1.589e+00", "width": "1.1182e+02", "ip": "3.297e-10", "ts": "0", "stretch": "1.1692e+07", "date": "2115-09-26.64", "dist": "2.828", "sigma_lov": "0.54408", "sigma_imp": "0.016", "ps": "-9.79"}, {"energy": "1.105e+00", "width": "1.7428e+02", "ip": "2.642e-09", "ts": "0", "stretch": "6.2124e+05", "date": "2115-09-09.97", "dist": "123.938", "sigma_lov": "0.78175", "sigma_imp": "0.705", "ps": "-9.01"}, {"energy": "3.007e+00", "width": "8.7547e+01", "ip": "5.067e-10", "ts": "0", "stretch": "1.0162e+07", "date": "2115-08-28.09", "dist": "33.106", "sigma_lov": "-0.25324", "sigma_imp": "0.367", "ps": "-9.38"}, {"energy": "3.007e+00", "width": "8.7606e+01", "ip": "8.622e-10", "ts": "0", "stretch": "5.9692e+06", "date": "2115-08-28.12", "dist": "33.106", "sigma_lov": "-0.25321", "sigma_imp": "0.366", "ps": "-9.15"}, {"energy": "3.013e+00", "width": "8.9004e+01", "ip": "6.988e-10", "ts": "0", "stretch": "7.2450e+06", "date": "2115-08-28.33", "dist": "33.786", "sigma_lov": "-0.25290", "sigma_imp": "0.368", "ps": "-9.24"}, {"energy": "1.940e+00", "width": "6.7549e+01", "ip": "4.289e-10", "ts": "0", "stretch": "1.0495e+07", "date": "2114-10-01.25", "dist": "61.035", "sigma_lov": "0.42256", "sigma_imp": "0.889", "ps": "-9.60"}, {"energy": "2.317e+00", "width": "7.2194e+01", "ip": "4.683e-10", "ts": "0", "stretch": "3.8731e+06", "date": "2114-10-04.92", "dist": "115.906", "sigma_lov": "0.31984", "sigma_imp": "1.592", "ps": "-9.50"}, {"energy": "1.188e+00", "width": "1.1682e+02", "ip": "4.507e-10", "ts": "0", "stretch": "4.9005e+06", "date": "2114-09-13.94", "dist": "103.714", "sigma_lov": "0.73161", "sigma_imp": "0.879", "ps": "-9.75"}, {"energy": "1.121e+00", "width": "1.1489e+02", "ip": "7.826e-10", "ts": "0", "stretch": "2.1574e+06", "date": "2114-09-10.19", "dist": "130.929", "sigma_lov": "0.77154", "sigma_imp": "1.131", "ps": "-9.53"}, {"energy": "1.122e+00", "width": "1.3492e+02", "ip": "1.358e-09", "ts": "0", "stretch": "1.2968e+06", "date": "2114-09-10.24", "dist": "127.576", "sigma_lov": "0.77091", "sigma_imp": "0.938", "ps": "-9.29"}, {"energy": "1.991e+00", "width": "8.9746e+01", "ip": "6.906e-10", "ts": "0", "stretch": "5.7892e+06", "date": "2113-10-01.92", "dist": "63.360", "sigma_lov": "0.40662", "sigma_imp": "0.695", "ps": "-9.38"}, {"energy": "1.991e+00", "width": "9.2109e+01", "ip": "1.275e-10", "ts": "0", "stretch": "2.9598e+07", "date": "2113-10-01.91", "dist": "69.051", "sigma_lov": "0.40687", "sigma_imp": "0.739", "ps": "-10.1"}, {"energy": "1.743e+00", "width": "9.3980e+01", "ip": "2.246e-10", "ts": "0", "stretch": "2.0492e+07", "date": "2113-09-28.50", "dist": "21.645", "sigma_lov": "0.48630", "sigma_imp": "0.220", "ps": "-9.92"}, {"energy": "1.821e+00", "width": "9.9903e+01", "ip": "7.728e-10", "ts": "0", "stretch": "5.3590e+06", "date": "2113-09-29.78", "dist": "40.881", "sigma_lov": "0.45986", "sigma_imp": "0.399", "ps": "-9.37"}, {"energy": "1.821e+00", "width": "1.0822e+02", "ip": "1.660e-09", "ts": "0", "stretch": "2.3258e+06", "date": "2113-09-29.79", "dist": "41.601", "sigma_lov": "0.46005", "sigma_imp": "0.375", "ps": "-9.03"}, {"energy": "1.900e+00", "width": "9.5012e+01", "ip": "2.688e-10", "ts": "0", "stretch": "1.5730e+07", "date": "2113-09-30.73", "dist": "47.441", "sigma_lov": "0.43423", "sigma_imp": "0.489", "ps": "-9.81"}, {"energy": "2.364e+00", "width": "7.8652e+01", "ip": "6.972e-10", "ts": "0", "stretch": "2.8945e+06", "date": "2111-10-05.39", "dist": "116.673", "sigma_lov": "0.30742", "sigma_imp": "1.471", "ps": "-9.31"}, {"energy": "9.913e-01", "width": "1.0372e+02", "ip": "2.506e-10", "ts": "0", "stretch": "3.5876e+06", "date": "2111-08-30.52", "dist": "167.640", "sigma_lov": "0.86403", "sigma_imp": "1.607", "ps": "-10.1"}, {"energy": "1.065e+00", "width": "1.5164e+02", "ip": "7.256e-10", "ts": "0", "stretch": "2.1342e+06", "date": "2110-09-05.69", "dist": "140.742", "sigma_lov": "0.80656", "sigma_imp": "0.922", "ps": "-9.56"}, {"energy": "2.387e+00", "width": "7.9813e+01", "ip": "2.874e-10", "ts": "0", "stretch": "7.0433e+06", "date": "2109-10-05.30", "dist": "117.496", "sigma_lov": "0.30386", "sigma_imp": "1.460", "ps": "-9.68"}, {"energy": "1.638e+00", "width": "1.0561e+02", "ip": "2.365e-09", "ts": "0", "stretch": "1.7435e+06", "date": "2109-09-27.15", "dist": "1.576", "sigma_lov": "0.52582", "sigma_imp": "0.005", "ps": "-8.90"}, {"energy": "1.927e+00", "width": "9.9262e+01", "ip": "9.881e-10", "ts": "0", "stretch": "3.9151e+06", "date": "2108-09-30.67", "dist": "58.418", "sigma_lov": "0.42623", "sigma_imp": "0.578", "ps": "-9.22"}, {"energy": "9.871e-01", "width": "1.2465e+02", "ip": "3.143e-09", "ts": "0", "stretch": "3.4450e+05", "date": "2108-08-28.80", "dist": "170.395", "sigma_lov": "0.86655", "sigma_imp": "1.359", "ps": "-8.95"}, {"energy": "1.139e+00", "width": "1.0640e+02", "ip": "4.381e-10", "ts": "0", "stretch": "4.1988e+06", "date": "2108-09-10.58", "dist": "121.253", "sigma_lov": "0.76000", "sigma_imp": "1.130", "ps": "-9.75"}, {"energy": "1.985e+00", "width": "8.8255e+01", "ip": "9.939e-10", "ts": "0", "stretch": "4.0721e+06", "date": "2107-10-02.28", "dist": "62.746", "sigma_lov": "0.40905", "sigma_imp": "0.700", "ps": "-9.20"}, {"energy": "1.984e+00", "width": "9.9696e+01", "ip": "6.867e-10", "ts": "0", "stretch": "5.4209e+06", "date": "2107-10-02.26", "dist": "65.274", "sigma_lov": "0.40921", "sigma_imp": "0.645", "ps": "-9.36"}, {"energy": "2.434e+00", "width": "7.5903e+01", "ip": "6.682e-10", "ts": "0", "stretch": "2.5896e+06", "date": "2106-10-05.41", "dist": "122.128", "sigma_lov": "0.29124", "sigma_imp": "1.596", "ps": "-9.29"}, {"energy": "1.181e+00", "width": "1.0553e+02", "ip": "5.143e-10", "ts": "0", "stretch": "4.2567e+06", "date": "2106-09-13.60", "dist": "105.606", "sigma_lov": "0.73696", "sigma_imp": "0.991", "ps": "-9.66"}, {"energy": "1.181e+00", "width": "1.0848e+02", "ip": "6.697e-10", "ts": "0", "stretch": "3.2778e+06", "date": "2106-09-13.63", "dist": "105.205", "sigma_lov": "0.73709", "sigma_imp": "0.961", "ps": "-9.54"}, {"energy": "1.175e+00", "width": "1.1450e+02", "ip": "2.031e-10", "ts": "0", "stretch": "1.0485e+07", "date": "2106-09-13.34", "dist": "107.990", "sigma_lov": "0.73934", "sigma_imp": "0.934", "ps": "-10.1"}, {"energy": "1.032e+00", "width": "9.6395e+01", "ip": "6.152e-10", "ts": "0", "stretch": "1.5744e+06", "date": "2106-09-02.77", "dist": "157.349", "sigma_lov": "0.83179", "sigma_imp": "1.622", "ps": "-9.63"}, {"energy": "2.618e+00", "width": "7.5785e+01", "ip": "2.660e-10", "ts": "0", "stretch": "3.9392e+06", "date": "2105-10-06.71", "dist": "144.143", "sigma_lov": "0.24954", "sigma_imp": "1.889", "ps": "-9.66"}, {"energy": "2.082e+00", "width": "8.5607e+01", "ip": "5.604e-10", "ts": "0", "stretch": "6.1750e+06", "date": "2105-10-02.79", "dist": "81.324", "sigma_lov": "0.38029", "sigma_imp": "0.938", "ps": "-9.42"}, {"energy": "2.862e+00", "width": "6.7571e+01", "ip": "1.087e-10", "ts": "0", "stretch": "3.4895e+06", "date": "2103-10-08.35", "dist": "164.166", "sigma_lov": "0.19903", "sigma_imp": "2.415", "ps": "-10.0"}, {"energy": "2.510e+00", "width": "7.1502e+01", "ip": "3.920e-10", "ts": "0", "stretch": "3.3361e+06", "date": "2103-10-06.27", "dist": "129.457", "sigma_lov": "0.27403", "sigma_imp": "1.797", "ps": "-9.50"}, {"energy": "2.084e+00", "width": "8.5294e+01", "ip": "5.910e-10", "ts": "0", "stretch": "5.8544e+06", "date": "2103-10-03.25", "dist": "81.362", "sigma_lov": "0.38055", "sigma_imp": "0.942", "ps": "-9.39"}, {"energy": "2.569e+00", "width": "7.2059e+01", "ip": "2.816e-10", "ts": "0", "stretch": "4.1145e+06", "date": "2102-10-06.45", "dist": "135.052", "sigma_lov": "0.26002", "sigma_imp": "1.860", "ps": "-9.63"}, {"energy": "2.907e+00", "width": "7.1302e+01", "ip": "1.199e-10", "ts": "0", "stretch": "4.0351e+06", "date": "2102-10-07.81", "dist": "164.358", "sigma_lov": "0.18491", "sigma_imp": "2.291", "ps": "-9.96"}, {"energy": "1.829e+00", "width": "8.8842e+01", "ip": "5.372e-10", "ts": "0", "stretch": "8.4389e+06", "date": "2102-09-30.04", "dist": "41.977", "sigma_lov": "0.45782", "sigma_imp": "0.461", "ps": "-9.47"}, {"energy": "1.646e+00", "width": "9.1172e+01", "ip": "1.386e-09", "ts": "0", "stretch": "3.4427e+06", "date": "2102-09-27.24", "dist": "6.680", "sigma_lov": "0.52199", "sigma_imp": "0.062", "ps": "-9.09"}, {"energy": "1.557e+00", "width": "1.0577e+02", "ip": "2.341e-09", "ts": "0", "stretch": "1.7151e+06", "date": "2102-09-25.46", "dist": "13.346", "sigma_lov": "0.55709", "sigma_imp": "0.117", "ps": "-8.89"}, {"energy": "1.308e+00", "width": "1.2126e+02", "ip": "1.099e-09", "ts": "0", "stretch": "2.5346e+06", "date": "2102-09-19.32", "dist": "70.806", "sigma_lov": "0.66676", "sigma_imp": "0.576", "ps": "-9.27"}, {"energy": "2.082e+00", "width": "8.3364e+01", "ip": "7.308e-10", "ts": "0", "stretch": "4.8503e+06", "date": "2101-10-02.66", "dist": "79.386", "sigma_lov": "0.38087", "sigma_imp": "0.940", "ps": "-9.29"}, {"energy": "1.021e+00", "width": "1.2340e+02", "ip": "2.498e-08", "ts": "0", "stretch": "4.8249e+04", "date": "2101-09-01.98", "dist": "161.699", "sigma_lov": "0.84146", "sigma_imp": "1.302", "ps": "-8.00"}, {"energy": "1.218e+00", "width": "1.1168e+02", "ip": "1.379e-10", "ts": "0", "stretch": "1.7168e+07", "date": "2100-09-15.05", "dist": "97.484", "sigma_lov": "0.71621", "sigma_imp": "0.864", "ps": "-10.2"}, {"energy": "9.701e-01", "width": "1.1221e+02", "ip": "5.155e-10", "ts": "0", "stretch": "1.6209e+06", "date": "2100-08-25.65", "dist": "180.156", "sigma_lov": "0.87789", "sigma_imp": "1.597", "ps": "-9.70"}, {"energy": "2.412e+00", "width": "8.7832e+01", "ip": "3.727e-10", "ts": "0", "stretch": "5.6221e+06", "date": "2099-10-04.82", "dist": "121.439", "sigma_lov": "0.29563", "sigma_imp": "1.371", "ps": "-9.52"}, {"energy": "1.058e+00", "width": "2.4798e+02", "ip": "1.793e-09", "ts": "0", "stretch": "6.7296e+05", "date": "2099-09-04.83", "dist": "149.769", "sigma_lov": "0.81415", "sigma_imp": "0.600", "ps": "-9.12"}, {"energy": "1.057e+00", "width": "1.4889e+02", "ip": "4.083e-10", "ts": "0", "stretch": "3.5920e+06", "date": "2099-09-04.67", "dist": "148.482", "sigma_lov": "0.81423", "sigma_imp": "0.991", "ps": "-9.76"}, {"energy": "1.044e+00", "width": "1.1684e+02", "ip": "3.839e-10", "ts": "0", "stretch": "3.2497e+06", "date": "2099-09-02.46", "dist": "156.448", "sigma_lov": "0.82003", "sigma_imp": "1.330", "ps": "-9.79"}, {"energy": "1.720e+00", "width": "1.1307e+02", "ip": "5.971e-10", "ts": "0", "stretch": "6.4462e+06", "date": "2098-09-27.61", "dist": "20.329", "sigma_lov": "0.49539", "sigma_imp": "0.171", "ps": "-9.42"}, {"energy": "1.182e+00", "width": "1.0716e+02", "ip": "4.525e-10", "ts": "0", "stretch": "4.5552e+06", "date": "2098-09-12.73", "dist": "112.074", "sigma_lov": "0.73504", "sigma_imp": "1.037", "ps": "-9.67"}, {"energy": "1.116e+00", "width": "1.3357e+02", "ip": "7.141e-10", "ts": "0", "stretch": "2.4672e+06", "date": "2098-09-08.80", "dist": "127.152", "sigma_lov": "0.77548", "sigma_imp": "0.944", "ps": "-9.50"}, {"energy": "1.117e+00", "width": "1.3477e+02", "ip": "1.853e-09", "ts": "0", "stretch": "9.4795e+05", "date": "2098-09-08.83", "dist": "127.543", "sigma_lov": "0.77491", "sigma_imp": "0.939", "ps": "-9.08"}, {"energy": "1.119e+00", "width": "1.2110e+02", "ip": "2.174e-10", "ts": "0", "stretch": "8.1518e+06", "date": "2098-09-08.97", "dist": "126.632", "sigma_lov": "0.77385", "sigma_imp": "1.037", "ps": "-10.0"}, {"energy": "1.082e+00", "width": "3.5265e+02", "ip": "4.277e-10", "ts": "0", "stretch": "2.2226e+06", "date": "2098-09-06.31", "dist": "142.126", "sigma_lov": "0.79854", "sigma_imp": "0.400", "ps": "-9.73"}, {"energy": "1.306e+00", "width": "1.0737e+02", "ip": "1.022e-09", "ts": "0", "stretch": "2.8291e+06", "date": "2097-09-17.87", "dist": "76.308", "sigma_lov": "0.66921", "sigma_imp": "0.701", "ps": "-9.28"}, {"energy": "1.008e+00", "width": "1.1740e+02", "ip": "1.006e-09", "ts": "0", "stretch": "1.1486e+06", "date": "2096-08-30.11", "dist": "161.249", "sigma_lov": "0.85055", "sigma_imp": "1.365", "ps": "-9.37"}, {"energy": "1.004e+00", "width": "1.0654e+02", "ip": "7.001e-10", "ts": "0", "stretch": "1.4405e+06", "date": "2096-08-29.63", "dist": "163.259", "sigma_lov": "0.85288", "sigma_imp": "1.523", "ps": "-9.53"}, {"energy": "2.078e+00", "width": "8.2249e+01", "ip": "7.801e-10", "ts": "0", "stretch": "4.7047e+06", "date": "2095-10-02.07", "dist": "76.430", "sigma_lov": "0.38181", "sigma_imp": "0.917", "ps": "-9.23"}, {"energy": "1.365e+00", "width": "1.0649e+02", "ip": "5.113e-10", "ts": "0", "stretch": "6.4595e+06", "date": "2095-09-20.02", "dist": "57.901", "sigma_lov": "0.63889", "sigma_imp": "0.534", "ps": "-9.56"}, {"energy": "1.751e+00", "width": "1.0584e+02", "ip": "4.180e-09", "ts": "0", "stretch": "9.8616e+05", "date": "2095-09-27.97", "dist": "20.849", "sigma_lov": "0.48373", "sigma_imp": "0.188", "ps": "-8.56"}, {"energy": "1.199e+00", "width": "1.1913e+02", "ip": "2.352e-10", "ts": "0", "stretch": "9.6122e+06", "date": "2095-09-13.65", "dist": "100.408", "sigma_lov": "0.72614", "sigma_imp": "0.834", "ps": "-9.94"}, {"energy": "1.201e+00", "width": "1.2266e+02", "ip": "8.326e-10", "ts": "0", "stretch": "2.6931e+06", "date": "2095-09-13.87", "dist": "100.361", "sigma_lov": "0.72541", "sigma_imp": "0.810", "ps": "-9.39"}, {"energy": "1.121e+00", "width": "1.3660e+02", "ip": "6.304e-10", "ts": "0", "stretch": "2.8384e+06", "date": "2095-09-09.21", "dist": "125.047", "sigma_lov": "0.77048", "sigma_imp": "0.908", "ps": "-9.53"}, {"energy": "1.023e+00", "width": "1.1693e+02", "ip": "3.074e-09", "ts": "0", "stretch": "3.8089e+05", "date": "2095-09-01.41", "dist": "160.657", "sigma_lov": "0.83845", "sigma_imp": "1.365", "ps": "-8.88"}, {"energy": "2.244e+00", "width": "8.8118e+01", "ip": "1.624e-10", "ts": "0", "stretch": "1.7626e+07", "date": "2094-10-03.26", "dist": "98.715", "sigma_lov": "0.33687", "sigma_imp": "1.109", "ps": "-9.87"}, {"energy": "1.154e+00", "width": "1.0580e+02", "ip": "8.370e-10", "ts": "0", "stretch": "2.3228e+06", "date": "2094-09-11.27", "dist": "116.539", "sigma_lov": "0.75056", "sigma_imp": "1.092", "ps": "-9.39"}, {"energy": "1.323e+00", "width": "1.1451e+02", "ip": "2.360e-09", "ts": "0", "stretch": "1.2679e+06", "date": "2094-09-18.55", "dist": "64.727", "sigma_lov": "0.66086", "sigma_imp": "0.557", "ps": "-8.90"}, {"energy": "1.408e+00", "width": "9.1999e+01", "ip": "4.791e-09", "ts": "0", "stretch": "8.0780e+05", "date": "2094-09-21.16", "dist": "49.935", "sigma_lov": "0.62025", "sigma_imp": "0.532", "ps": "-8.57"}, {"energy": "1.408e+00", "width": "1.2859e+02", "ip": "4.239e-09", "ts": "0", "stretch": "7.0126e+05", "date": "2094-09-21.17", "dist": "50.218", "sigma_lov": "0.62029", "sigma_imp": "0.383", "ps": "-8.62"}, {"energy": "1.142e+00", "width": "1.7109e+02", "ip": "1.118e-09", "ts": "0", "stretch": "1.5325e+06", "date": "2094-09-10.43", "dist": "119.965", "sigma_lov": "0.75877", "sigma_imp": "0.695", "ps": "-9.27"}, {"energy": "1.593e+00", "width": "1.0608e+02", "ip": "4.950e-10", "ts": "0", "stretch": "8.2137e+06", "date": "2094-09-25.20", "dist": "5.123", "sigma_lov": "0.54186", "sigma_imp": "0.039", "ps": "-9.51"}, {"energy": "2.198e+00", "width": "8.4307e+01", "ip": "1.464e-10", "ts": "0", "stretch": "1.9958e+07", "date": "2093-10-02.40", "dist": "95.886", "sigma_lov": "0.35050", "sigma_imp": "1.125", "ps": "-9.92"}, {"energy": "2.080e+00", "width": "8.2242e+01", "ip": "1.028e-09", "ts": "0", "stretch": "3.5728e+06", "date": "2093-10-01.64", "dist": "76.332", "sigma_lov": "0.38224", "sigma_imp": "0.916", "ps": "-9.09"}, {"energy": "2.889e+00", "width": "6.9265e+01", "ip": "1.449e-10", "ts": "0", "stretch": "3.1204e+06", "date": "2092-10-06.22", "dist": "162.506", "sigma_lov": "0.18959", "sigma_imp": "2.332", "ps": "-9.83"}, {"energy": "9.579e-01", "width": "1.1746e+02", "ip": "6.597e-10", "ts": "0", "stretch": "1.2907e+06", "date": "2092-08-23.35", "dist": "182.886", "sigma_lov": "0.89154", "sigma_imp": "1.548", "ps": "-9.55"}, {"energy": "1.297e+00", "width": "1.0489e+02", "ip": "9.887e-10", "ts": "0", "stretch": "2.8100e+06", "date": "2092-09-17.07", "dist": "83.009", "sigma_lov": "0.67361", "sigma_imp": "0.782", "ps": "-9.27"}, {"energy": "9.603e-01", "width": "1.1897e+02", "ip": "6.434e-10", "ts": "0", "stretch": "1.3930e+06", "date": "2092-08-23.92", "dist": "180.368", "sigma_lov": "0.89017", "sigma_imp": "1.508", "ps": "-9.56"}, {"energy": "2.301e+00", "width": "7.5282e+01", "ip": "1.817e-10", "ts": "0", "stretch": "1.1558e+07", "date": "2091-10-03.77", "dist": "111.613", "sigma_lov": "0.32330", "sigma_imp": "1.469", "ps": "-9.80"}, {"energy": "2.075e+00", "width": "8.2987e+01", "ip": "1.095e-09", "ts": "0", "stretch": "3.4108e+06", "date": "2091-10-02.08", "dist": "74.704", "sigma_lov": "0.38287", "sigma_imp": "0.888", "ps": "-9.06"}, {"energy": "2.179e+00", "width": "8.8199e+01", "ip": "1.276e-10", "ts": "0", "stretch": "2.3501e+07", "date": "2091-10-02.81", "dist": "94.520", "sigma_lov": "0.35484", "sigma_imp": "1.060", "ps": "-9.97"}, {"energy": "2.190e+00", "width": "6.6846e+01", "ip": "4.450e-10", "ts": "0", "stretch": "5.5581e+06", "date": "2091-10-02.88", "dist": "96.624", "sigma_lov": "0.35197", "sigma_imp": "1.431", "ps": "-9.43"}, {"energy": "2.193e+00", "width": "9.5230e+01", "ip": "2.414e-10", "ts": "0", "stretch": "1.2135e+07", "date": "2091-10-02.90", "dist": "97.287", "sigma_lov": "0.35106", "sigma_imp": "1.011", "ps": "-9.69"}, {"energy": "1.620e+00", "width": "9.4753e+01", "ip": "4.088e-10", "ts": "0", "stretch": "1.1203e+07", "date": "2091-09-25.75", "dist": "1.436", "sigma_lov": "0.53233", "sigma_imp": "0.005", "ps": "-9.57"}, {"energy": "1.170e+00", "width": "1.1125e+02", "ip": "5.736e-10", "ts": "0", "stretch": "3.6614e+06", "date": "2091-09-12.18", "dist": "109.659", "sigma_lov": "0.74182", "sigma_imp": "0.977", "ps": "-9.54"}, {"energy": "1.163e+00", "width": "1.2575e+02", "ip": "4.628e-09", "ts": "0", "stretch": "4.5727e+05", "date": "2091-09-11.82", "dist": "105.643", "sigma_lov": "0.74555", "sigma_imp": "0.832", "ps": "-8.63"}, {"energy": "1.055e+00", "width": "1.0422e+02", "ip": "9.399e-10", "ts": "0", "stretch": "1.3632e+06", "date": "2091-09-04.70", "dist": "146.480", "sigma_lov": "0.81585", "sigma_imp": "1.396", "ps": "-9.36"}, {"energy": "2.913e+00", "width": "7.0958e+01", "ip": "3.030e-10", "ts": "0", "stretch": "1.5903e+06", "date": "2090-10-06.73", "dist": "163.842", "sigma_lov": "0.18477", "sigma_imp": "2.295", "ps": "-9.49"}, {"energy": "1.676e+00", "width": "9.8462e+01", "ip": "5.030e-10", "ts": "0", "stretch": "8.8136e+06", "date": "2090-09-26.50", "dist": "10.184", "sigma_lov": "0.51104", "sigma_imp": "0.093", "ps": "-9.46"}, {"energy": "1.276e+00", "width": "1.1179e+02", "ip": "8.012e-09", "ts": "0", "stretch": "3.3588e+05", "date": "2090-09-16.80", "dist": "82.963", "sigma_lov": "0.68228", "sigma_imp": "0.733", "ps": "-8.35"}, {"energy": "2.069e+00", "width": "8.3627e+01", "ip": "1.262e-09", "ts": "0", "stretch": "3.0151e+06", "date": "2089-10-01.44", "dist": "72.753", "sigma_lov": "0.38351", "sigma_imp": "0.858", "ps": "-8.98"}, {"energy": "2.307e+00", "width": "8.1191e+01", "ip": "3.231e-10", "ts": "0", "stretch": "6.8257e+06", "date": "2089-10-03.29", "dist": "113.402", "sigma_lov": "0.32047", "sigma_imp": "1.384", "ps": "-9.54"}, {"energy": "1.512e+00", "width": "1.4295e+02", "ip": "2.781e-09", "ts": "0", "stretch": "1.0536e+06", "date": "2089-09-23.41", "dist": "22.749", "sigma_lov": "0.57377", "sigma_imp": "0.152", "ps": "-8.75"}, {"energy": "1.320e+00", "width": "1.1362e+02", "ip": "2.107e-09", "ts": "0", "stretch": "1.4037e+06", "date": "2089-09-18.11", "dist": "67.904", "sigma_lov": "0.66144", "sigma_imp": "0.589", "ps": "-8.92"}, {"energy": "1.321e+00", "width": "1.1464e+02", "ip": "2.583e-09", "ts": "0", "stretch": "1.1461e+06", "date": "2089-09-18.19", "dist": "66.653", "sigma_lov": "0.66120", "sigma_imp": "0.573", "ps": "-8.83"}, {"energy": "1.225e+00", "width": "1.2086e+02", "ip": "6.118e-10", "ts": "0", "stretch": "3.9857e+06", "date": "2089-09-14.36", "dist": "89.733", "sigma_lov": "0.71140", "sigma_imp": "0.734", "ps": "-9.48"}, {"energy": "1.224e+00", "width": "1.2001e+02", "ip": "9.189e-10", "ts": "0", "stretch": "2.6340e+06", "date": "2089-09-14.33", "dist": "91.420", "sigma_lov": "0.71148", "sigma_imp": "0.753", "ps": "-9.30"}, {"energy": "9.575e-01", "width": "1.1502e+02", "ip": "3.025e-10", "ts": "0", "stretch": "2.6660e+06", "date": "2089-08-23.29", "dist": "184.529", "sigma_lov": "0.89205", "sigma_imp": "1.596", "ps": "-9.87"}, {"energy": "1.137e+00", "width": "1.2901e+02", "ip": "5.902e-10", "ts": "0", "stretch": "3.2049e+06", "date": "2089-09-09.69", "dist": "119.354", "sigma_lov": "0.76099", "sigma_imp": "0.917", "ps": "-9.52"}, {"energy": "1.139e+00", "width": "1.1180e+02", "ip": "3.120e-10", "ts": "0", "stretch": "5.7035e+06", "date": "2089-09-09.70", "dist": "125.821", "sigma_lov": "0.75947", "sigma_imp": "1.116", "ps": "-9.80"}, {"energy": "1.555e+00", "width": "1.0269e+02", "ip": "6.753e-10", "ts": "0", "stretch": "6.1066e+06", "date": "2088-09-23.78", "dist": "15.015", "sigma_lov": "0.55759", "sigma_imp": "0.136", "ps": "-9.35"}, {"energy": "1.057e+00", "width": "2.1196e+02", "ip": "2.817e-09", "ts": "0", "stretch": "4.6456e+05", "date": "2088-09-03.66", "dist": "152.420", "sigma_lov": "0.81337", "sigma_imp": "0.714", "ps": "-8.86"}, {"energy": "2.071e+00", "width": "8.4105e+01", "ip": "1.263e-09", "ts": "0", "stretch": "3.0135e+06", "date": "2087-10-01.96", "dist": "72.576", "sigma_lov": "0.38423", "sigma_imp": "0.851", "ps": "-8.97"}, {"energy": "1.297e+00", "width": "1.1030e+02", "ip": "1.137e-09", "ts": "0", "stretch": "2.3971e+06", "date": "2087-09-17.92", "dist": "83.003", "sigma_lov": "0.67210", "sigma_imp": "0.743", "ps": "-9.18"}, {"energy": "9.398e-01", "width": "1.3772e+02", "ip": "4.884e-09", "ts": "0", "stretch": "2.0313e+05", "date": "2087-08-22.84", "dist": "182.995", "sigma_lov": "0.91085", "sigma_imp": "1.321", "ps": "-8.66"}, {"energy": "1.877e+00", "width": "9.1756e+01", "ip": "1.385e-09", "ts": "0", "stretch": "3.2230e+06", "date": "2086-09-29.44", "dist": "41.416", "sigma_lov": "0.44240", "sigma_imp": "0.440", "ps": "-8.96"}, {"energy": "1.652e+00", "width": "1.0405e+02", "ip": "5.668e-10", "ts": "0", "stretch": "7.3587e+06", "date": "2086-09-26.38", "dist": "11.856", "sigma_lov": "0.52003", "sigma_imp": "0.104", "ps": "-9.39"}, {"energy": "1.652e+00", "width": "1.0375e+02", "ip": "4.380e-10", "ts": "0", "stretch": "9.5573e+06", "date": "2086-09-26.42", "dist": "11.026", "sigma_lov": "0.52009", "sigma_imp": "0.097", "ps": "-9.50"}, {"energy": "2.264e+00", "width": "7.9988e+01", "ip": "4.120e-10", "ts": "0", "stretch": "6.7460e+06", "date": "2086-10-03.34", "dist": "98.289", "sigma_lov": "0.33319", "sigma_imp": "1.216", "ps": "-9.42"}, {"energy": "1.439e+00", "width": "1.1837e+02", "ip": "5.674e-09", "ts": "0", "stretch": "5.8384e+05", "date": "2086-09-22.06", "dist": "40.834", "sigma_lov": "0.60605", "sigma_imp": "0.337", "ps": "-8.44"}, {"energy": "9.640e-01", "width": "1.1465e+02", "ip": "6.502e-10", "ts": "0", "stretch": "1.2986e+06", "date": "2086-08-24.82", "dist": "181.153", "sigma_lov": "0.88753", "sigma_imp": "1.571", "ps": "-9.52"}, {"energy": "2.469e+00", "width": "6.6327e+01", "ip": "9.250e-10", "ts": "0", "stretch": "1.3736e+06", "date": "2085-10-04.38", "dist": "123.740", "sigma_lov": "0.28420", "sigma_imp": "1.851", "ps": "-9.03"}, {"energy": "2.072e+00", "width": "8.4953e+01", "ip": "5.936e-10", "ts": "0", "stretch": "6.3281e+06", "date": "2085-10-01.45", "dist": "73.576", "sigma_lov": "0.38478", "sigma_imp": "0.854", "ps": "-9.29"}, {"energy": "1.356e+00", "width": "1.1746e+02", "ip": "2.002e-10", "ts": "0", "stretch": "1.5030e+07", "date": "2085-09-19.20", "dist": "62.022", "sigma_lov": "0.64401", "sigma_imp": "0.520", "ps": "-9.91"}, {"energy": "9.908e-01", "width": "1.0575e+02", "ip": "2.799e-09", "ts": "0", "stretch": "3.1514e+05", "date": "2085-08-28.41", "dist": "170.900", "sigma_lov": "0.86421", "sigma_imp": "1.607", "ps": "-8.87"}, {"energy": "1.315e+00", "width": "1.1531e+02", "ip": "5.320e-09", "ts": "0", "stretch": "5.3815e+05", "date": "2084-09-17.66", "dist": "72.094", "sigma_lov": "0.66314", "sigma_imp": "0.617", "ps": "-8.48"}, {"energy": "1.206e+00", "width": "1.2992e+02", "ip": "2.307e-10", "ts": "0", "stretch": "9.3560e+06", "date": "2084-09-13.12", "dist": "103.726", "sigma_lov": "0.72104", "sigma_imp": "0.791", "ps": "-9.88"}, {"energy": "1.206e+00", "width": "1.0300e+02", "ip": "6.888e-10", "ts": "0", "stretch": "3.2491e+06", "date": "2084-09-12.88", "dist": "104.515", "sigma_lov": "0.72051", "sigma_imp": "1.005", "ps": "-9.40"}, {"energy": "2.062e+00", "width": "8.5578e+01", "ip": "1.386e-09", "ts": "0", "stretch": "2.8122e+06", "date": "2083-10-01.74", "dist": "69.603", "sigma_lov": "0.38558", "sigma_imp": "0.802", "ps": "-8.91"}, {"energy": "1.576e+00", "width": "1.0053e+02", "ip": "4.590e-10", "ts": "0", "stretch": "9.2558e+06", "date": "2083-09-24.95", "dist": "11.965", "sigma_lov": "0.54868", "sigma_imp": "0.109", "ps": "-9.48"}, {"energy": "1.162e+00", "width": "1.1262e+02", "ip": "1.925e-09", "ts": "0", "stretch": "1.0652e+06", "date": "2083-09-11.72", "dist": "111.943", "sigma_lov": "0.74664", "sigma_imp": "0.985", "ps": "-8.96"}, {"energy": "1.164e+00", "width": "1.0160e+02", "ip": "5.762e-09", "ts": "0", "stretch": "3.6877e+05", "date": "2083-09-11.91", "dist": "107.701", "sigma_lov": "0.74578", "sigma_imp": "1.050", "ps": "-8.49"}, {"energy": "3.054e+00", "width": "6.6516e+01", "ip": "1.208e-10", "ts": "0", "stretch": "1.6288e+06", "date": "2082-10-07.82", "dist": "179.208", "sigma_lov": "0.16412", "sigma_imp": "2.679", "ps": "-9.82"}, {"energy": "2.863e+00", "width": "6.6399e+01", "ip": "1.585e-10", "ts": "0", "stretch": "2.4767e+06", "date": "2082-10-06.59", "dist": "160.861", "sigma_lov": "0.19616", "sigma_imp": "2.408", "ps": "-9.73"}, {"energy": "1.502e+00", "width": "1.0424e+02", "ip": "1.294e-09", "ts": "0", "stretch": "2.9910e+06", "date": "2082-09-23.23", "dist": "32.181", "sigma_lov": "0.57812", "sigma_imp": "0.299", "ps": "-9.04"}, {"energy": "1.286e+00", "width": "8.5893e+01", "ip": "1.537e-09", "ts": "0", "stretch": "1.9086e+06", "date": "2082-09-17.07", "dist": "82.011", "sigma_lov": "0.67772", "sigma_imp": "0.943", "ps": "-9.02"}, {"energy": "1.192e+00", "width": "1.1915e+02", "ip": "5.732e-10", "ts": "0", "stretch": "3.7437e+06", "date": "2082-09-13.07", "dist": "107.287", "sigma_lov": "0.72853", "sigma_imp": "0.892", "ps": "-9.47"}, {"energy": "2.063e+00", "width": "8.5515e+01", "ip": "9.867e-10", "ts": "0", "stretch": "3.9284e+06", "date": "2081-10-01.34", "dist": "70.152", "sigma_lov": "0.38624", "sigma_imp": "0.809", "ps": "-9.04"}, {"energy": "1.442e+00", "width": "1.1161e+02", "ip": "2.353e-09", "ts": "0", "stretch": "1.4897e+06", "date": "2081-09-21.67", "dist": "39.555", "sigma_lov": "0.60428", "sigma_imp": "0.345", "ps": "-8.79"}, {"energy": "1.443e+00", "width": "1.1365e+02", "ip": "4.078e-10", "ts": "0", "stretch": "8.5787e+06", "date": "2081-09-21.71", "dist": "34.778", "sigma_lov": "0.60394", "sigma_imp": "0.297", "ps": "-9.55"}, {"energy": "1.134e+00", "width": "1.0401e+02", "ip": "1.210e-09", "ts": "0", "stretch": "1.4429e+06", "date": "2081-09-09.57", "dist": "124.865", "sigma_lov": "0.76450", "sigma_imp": "1.191", "ps": "-9.16"}, {"energy": "1.134e+00", "width": "1.2545e+02", "ip": "1.491e-09", "ts": "0", "stretch": "1.2137e+06", "date": "2081-09-09.53", "dist": "125.140", "sigma_lov": "0.76420", "sigma_imp": "0.990", "ps": "-9.07"}, {"energy": "1.134e+00", "width": "1.1055e+02", "ip": "1.376e-09", "ts": "0", "stretch": "1.2790e+06", "date": "2081-09-09.44", "dist": "126.335", "sigma_lov": "0.76307", "sigma_imp": "1.134", "ps": "-9.10"}, {"energy": "9.395e-01", "width": "1.2590e+02", "ip": "4.508e-09", "ts": "0", "stretch": "1.9088e+05", "date": "2081-08-21.27", "dist": "188.045", "sigma_lov": "0.91017", "sigma_imp": "1.486", "ps": "-8.65"}, {"energy": "1.549e+00", "width": "1.1248e+02", "ip": "2.501e-10", "ts": "0", "stretch": "1.5089e+07", "date": "2081-09-24.01", "dist": "14.072", "sigma_lov": "0.55862", "sigma_imp": "0.116", "ps": "-9.74"}, {"energy": "3.265e+00", "width": "6.2626e+01", "ip": "1.263e-10", "ts": "0", "stretch": "4.3476e+05", "date": "2080-10-08.21", "dist": "197.485", "sigma_lov": "0.12698", "sigma_imp": "3.137", "ps": "-9.77"}, {"energy": "3.268e+00", "width": "6.8843e+01", "ip": "1.400e-10", "ts": "0", "stretch": "8.0979e+05", "date": "2080-10-08.25", "dist": "198.386", "sigma_lov": "0.12653", "sigma_imp": "2.867", "ps": "-9.72"}, {"energy": "2.429e+00", "width": "8.2732e+01", "ip": "5.605e-10", "ts": "0", "stretch": "3.6415e+06", "date": "2080-10-04.01", "dist": "119.480", "sigma_lov": "0.29233", "sigma_imp": "1.432", "ps": "-9.22"}, {"energy": "1.492e+00", "width": "1.0325e+02", "ip": "2.331e-10", "ts": "0", "stretch": "1.6844e+07", "date": "2080-09-22.55", "dist": "29.097", "sigma_lov": "0.58356", "sigma_imp": "0.272", "ps": "-9.77"}, {"energy": "1.732e+00", "width": "1.0028e+02", "ip": "1.544e-09", "ts": "0", "stretch": "2.7951e+06", "date": "2080-09-27.00", "dist": "21.875", "sigma_lov": "0.49146", "sigma_imp": "0.208", "ps": "-8.90"}, {"energy": "9.661e-01", "width": "1.1189e+02", "ip": "9.745e-10", "ts": "0", "stretch": "8.3819e+05", "date": "2080-08-24.06", "dist": "181.081", "sigma_lov": "0.88319", "sigma_imp": "1.609", "ps": "-9.30"}, {"energy": "9.680e-01", "width": "1.1593e+02", "ip": "6.051e-10", "ts": "0", "stretch": "1.4857e+06", "date": "2080-08-24.49", "dist": "178.040", "sigma_lov": "0.88209", "sigma_imp": "1.527", "ps": "-9.51"}, {"energy": "2.064e+00", "width": "8.6458e+01", "ip": "9.304e-10", "ts": "0", "stretch": "4.1917e+06", "date": "2079-10-01.76", "dist": "69.075", "sigma_lov": "0.38689", "sigma_imp": "0.787", "ps": "-9.05"}, {"energy": "1.314e+00", "width": "1.1366e+02", "ip": "4.557e-10", "ts": "0", "stretch": "6.3517e+06", "date": "2079-09-18.36", "dist": "71.581", "sigma_lov": "0.66393", "sigma_imp": "0.621", "ps": "-9.52"}, {"energy": "1.313e+00", "width": "1.1776e+02", "ip": "4.224e-10", "ts": "0", "stretch": "6.7839e+06", "date": "2079-09-18.36", "dist": "69.289", "sigma_lov": "0.66372", "sigma_imp": "0.580", "ps": "-9.55"}, {"energy": "9.942e-01", "width": "1.1280e+02", "ip": "8.056e-10", "ts": "0", "stretch": "1.2569e+06", "date": "2079-08-28.94", "dist": "167.807", "sigma_lov": "0.86050", "sigma_imp": "1.479", "ps": "-9.37"}, {"energy": "1.597e+00", "width": "1.0740e+02", "ip": "1.783e-10", "ts": "0", "stretch": "2.2543e+07", "date": "2078-09-25.32", "dist": "5.177", "sigma_lov": "0.54021", "sigma_imp": "0.039", "ps": "-9.85"}, {"energy": "1.840e+00", "width": "8.8664e+01", "ip": "4.351e-09", "ts": "0", "stretch": "1.0967e+06", "date": "2078-09-28.55", "dist": "31.894", "sigma_lov": "0.45237", "sigma_imp": "0.348", "ps": "-8.42"}, {"energy": "1.979e+00", "width": "9.2929e+01", "ip": "5.487e-10", "ts": "0", "stretch": "7.4866e+06", "date": "2078-09-30.53", "dist": "56.628", "sigma_lov": "0.41030", "sigma_imp": "0.599", "ps": "-9.29"}, {"energy": "1.144e+00", "width": "1.1031e+02", "ip": "7.447e-10", "ts": "0", "stretch": "2.4844e+06", "date": "2078-09-10.33", "dist": "121.817", "sigma_lov": "0.75685", "sigma_imp": "1.095", "ps": "-9.35"}, {"energy": "1.149e+00", "width": "1.0030e+02", "ip": "1.355e-09", "ts": "0", "stretch": "1.2881e+06", "date": "2078-09-10.58", "dist": "124.019", "sigma_lov": "0.75476", "sigma_imp": "1.227", "ps": "-9.09"}, {"energy": "1.029e+00", "width": "1.0877e+02", "ip": "8.856e-10", "ts": "0", "stretch": "1.3019e+06", "date": "2078-09-01.89", "dist": "156.586", "sigma_lov": "0.83308", "sigma_imp": "1.430", "ps": "-9.31"}, {"energy": "9.407e-01", "width": "1.2777e+02", "ip": "4.228e-09", "ts": "0", "stretch": "2.0710e+05", "date": "2078-08-21.61", "dist": "188.157", "sigma_lov": "0.90887", "sigma_imp": "1.465", "ps": "-8.66"}, {"energy": "1.011e+00", "width": "9.0288e+01", "ip": "1.915e-10", "ts": "0", "stretch": "3.4202e+06", "date": "2078-08-30.18", "dist": "170.231", "sigma_lov": "0.84577", "sigma_imp": "1.874", "ps": "-9.98"}, {"energy": "1.650e+00", "width": "1.0334e+02", "ip": "1.621e-09", "ts": "0", "stretch": "2.6029e+06", "date": "2077-09-25.91", "dist": "5.744", "sigma_lov": "0.52060", "sigma_imp": "0.046", "ps": "-8.87"}, {"energy": "1.650e+00", "width": "1.0319e+02", "ip": "5.877e-10", "ts": "0", "stretch": "7.1901e+06", "date": "2077-09-25.88", "dist": "5.326", "sigma_lov": "0.52078", "sigma_imp": "0.042", "ps": "-9.32"}, {"energy": "1.290e+00", "width": "1.1395e+02", "ip": "4.947e-10", "ts": "0", "stretch": "5.3240e+06", "date": "2077-09-16.95", "dist": "85.639", "sigma_lov": "0.67539", "sigma_imp": "0.743", "ps": "-9.48"}, {"energy": "9.638e-01", "width": "1.1148e+02", "ip": "1.069e-09", "ts": "0", "stretch": "7.3368e+05", "date": "2077-08-23.74", "dist": "183.337", "sigma_lov": "0.88456", "sigma_imp": "1.636", "ps": "-9.24"}, {"energy": "3.787e+00", "width": "4.6167e+02", "ip": "1.634e-10", "ts": "0", "stretch": "6.4368e+06", "date": "2077-07-01.95", "dist": "52.444", "sigma_lov": "-0.21411", "sigma_imp": "0.111", "ps": "-9.58"}, {"energy": "1.223e+00", "width": "1.1671e+02", "ip": "5.118e-10", "ts": "0", "stretch": "4.7103e+06", "date": "2076-09-14.00", "dist": "93.629", "sigma_lov": "0.71187", "sigma_imp": "0.794", "ps": "-9.47"}, {"energy": "1.267e+00", "width": "1.0814e+02", "ip": "3.336e-09", "ts": "0", "stretch": "7.7238e+05", "date": "2075-09-16.60", "dist": "90.178", "sigma_lov": "0.68874", "sigma_imp": "0.825", "ps": "-8.64"}, {"energy": "1.158e+00", "width": "1.1187e+02", "ip": "1.516e-09", "ts": "0", "stretch": "1.2855e+06", "date": "2075-09-11.44", "dist": "117.316", "sigma_lov": "0.74878", "sigma_imp": "1.040", "ps": "-9.01"}, {"energy": "1.158e+00", "width": "1.1063e+02", "ip": "3.752e-10", "ts": "0", "stretch": "5.2315e+06", "date": "2075-09-11.58", "dist": "116.422", "sigma_lov": "0.74903", "sigma_imp": "1.043", "ps": "-9.62"}, {"energy": "1.159e+00", "width": "1.1504e+02", "ip": "4.023e-09", "ts": "0", "stretch": "4.8894e+05", "date": "2075-09-11.58", "dist": "116.562", "sigma_lov": "0.74789", "sigma_imp": "1.005", "ps": "-8.59"}, {"energy": "1.161e+00", "width": "1.1086e+02", "ip": "2.284e-09", "ts": "0", "stretch": "8.7904e+05", "date": "2075-09-11.71", "dist": "114.173", "sigma_lov": "0.74728", "sigma_imp": "1.021", "ps": "-8.83"}, {"energy": "1.638e+00", "width": "1.2113e+02", "ip": "7.210e-10", "ts": "0", "stretch": "4.9883e+06", "date": "2075-09-26.36", "dist": "1.409", "sigma_lov": "0.52495", "sigma_imp": "0.003", "ps": "-9.21"}, {"energy": "1.032e+00", "width": "1.0426e+02", "ip": "8.124e-10", "ts": "0", "stretch": "1.3293e+06", "date": "2075-09-02.06", "dist": "157.751", "sigma_lov": "0.83220", "sigma_imp": "1.504", "ps": "-9.32"}, {"energy": "9.411e-01", "width": "1.2477e+02", "ip": "7.059e-09", "ts": "0", "stretch": "1.1778e+05", "date": "2075-08-21.71", "dist": "190.116", "sigma_lov": "0.90796", "sigma_imp": "1.516", "ps": "-8.42"}, {"energy": "2.632e+00", "width": "8.0621e+01", "ip": "1.498e-10", "ts": "0", "stretch": "8.3804e+06", "date": "2074-10-05.80", "dist": "142.721", "sigma_lov": "0.24831", "sigma_imp": "1.758", "ps": "-9.73"}, {"energy": "1.834e+00", "width": "9.6286e+01", "ip": "3.702e-10", "ts": "0", "stretch": "1.1542e+07", "date": "2074-09-28.94", "dist": "40.944", "sigma_lov": "0.45760", "sigma_imp": "0.415", "ps": "-9.46"}, {"energy": "1.685e+00", "width": "1.0756e+02", "ip": "2.491e-10", "ts": "0", "stretch": "1.6296e+07", "date": "2074-09-26.78", "dist": "11.802", "sigma_lov": "0.50881", "sigma_imp": "0.100", "ps": "-9.66"}, {"energy": "1.314e+00", "width": "1.1380e+02", "ip": "1.327e-09", "ts": "0", "stretch": "2.1774e+06", "date": "2074-09-18.20", "dist": "71.766", "sigma_lov": "0.66409", "sigma_imp": "0.622", "ps": "-9.02"}, {"energy": "1.066e+00", "width": "1.3676e+02", "ip": "4.457e-09", "ts": "0", "stretch": "3.2707e+05", "date": "2074-09-04.74", "dist": "149.020", "sigma_lov": "0.80740", "sigma_imp": "1.082", "ps": "-8.56"}, {"energy": "9.721e-01", "width": "1.0951e+02", "ip": "1.498e-09", "ts": "0", "stretch": "5.5697e+05", "date": "2074-08-25.60", "dist": "177.607", "sigma_lov": "0.87736", "sigma_imp": "1.613", "ps": "-9.07"}, {"energy": "1.422e+00", "width": "9.4827e+01", "ip": "1.023e-09", "ts": "0", "stretch": "3.7192e+06", "date": "2074-09-21.22", "dist": "49.864", "sigma_lov": "0.61341", "sigma_imp": "0.515", "ps": "-9.10"}, {"energy": "2.379e+00", "width": "8.1073e+01", "ip": "1.116e-09", "ts": "0", "stretch": "2.0924e+06", "date": "2073-10-03.76", "dist": "110.259", "sigma_lov": "0.30498", "sigma_imp": "1.348", "ps": "-8.88"}, {"energy": "2.378e+00", "width": "8.0303e+01", "ip": "1.876e-09", "ts": "0", "stretch": "1.2379e+06", "date": "2073-10-03.74", "dist": "110.096", "sigma_lov": "0.30518", "sigma_imp": "1.359", "ps": "-8.65"}, {"energy": "2.054e+00", "width": "8.7631e+01", "ip": "1.523e-09", "ts": "0", "stretch": "2.5792e+06", "date": "2073-10-01.11", "dist": "67.609", "sigma_lov": "0.38871", "sigma_imp": "0.760", "ps": "-8.80"}, {"energy": "1.240e+00", "width": "1.1176e+02", "ip": "5.198e-09", "ts": "0", "stretch": "4.6349e+05", "date": "2073-09-14.93", "dist": "96.365", "sigma_lov": "0.70328", "sigma_imp": "0.853", "ps": "-8.44"}, {"energy": "7.603e+00", "width": "3.7668e+01", "ip": "5.481e-09", "ts": "0", "stretch": "1.7545e+06", "date": "2072-10-26.76", "dist": "28.995", "sigma_lov": "-0.22828", "sigma_imp": "0.743", "ps": "-7.78"}, {"energy": "2.642e+00", "width": "7.6610e+01", "ip": "1.624e-10", "ts": "0", "stretch": "7.1311e+06", "date": "2072-10-05.13", "dist": "141.254", "sigma_lov": "0.24318", "sigma_imp": "1.831", "ps": "-9.67"}, {"energy": "9.435e-01", "width": "1.3097e+02", "ip": "7.906e-09", "ts": "0", "stretch": "1.1364e+05", "date": "2072-08-21.56", "dist": "188.561", "sigma_lov": "0.90615", "sigma_imp": "1.432", "ps": "-8.34"}, {"energy": "2.927e+00", "width": "7.0403e+01", "ip": "2.185e-10", "ts": "0", "stretch": "2.0911e+06", "date": "2071-10-06.93", "dist": "164.426", "sigma_lov": "0.18291", "sigma_imp": "2.321", "ps": "-9.50"}, {"energy": "2.049e+00", "width": "9.1718e+01", "ip": "1.455e-09", "ts": "0", "stretch": "2.6609e+06", "date": "2071-10-01.41", "dist": "66.916", "sigma_lov": "0.38982", "sigma_imp": "0.719", "ps": "-8.80"}, {"energy": "1.214e+00", "width": "1.1060e+02", "ip": "8.925e-10", "ts": "0", "stretch": "2.4351e+06", "date": "2071-09-14.30", "dist": "107.880", "sigma_lov": "0.71672", "sigma_imp": "0.966", "ps": "-9.20"}, {"energy": "8.073e+00", "width": "1.2274e+02", "ip": "3.026e-10", "ts": "0", "stretch": "6.5902e+06", "date": "2070-10-06.56", "dist": "136.826", "sigma_lov": "-0.43134", "sigma_imp": "1.107", "ps": "-9.00"}, {"energy": "1.522e+00", "width": "1.0688e+02", "ip": "2.615e-10", "ts": "0", "stretch": "1.4856e+07", "date": "2070-09-23.72", "dist": "23.245", "sigma_lov": "0.56977", "sigma_imp": "0.208", "ps": "-9.64"}, {"energy": "1.522e+00", "width": "1.0912e+02", "ip": "4.659e-10", "ts": "0", "stretch": "8.2305e+06", "date": "2070-09-23.72", "dist": "19.548", "sigma_lov": "0.56938", "sigma_imp": "0.170", "ps": "-9.39"}, {"energy": "1.008e+00", "width": "1.0988e+02", "ip": "8.514e-10", "ts": "0", "stretch": "1.3368e+06", "date": "2070-08-29.61", "dist": "157.448", "sigma_lov": "0.84784", "sigma_imp": "1.424", "ps": "-9.27"}, {"energy": "2.049e+00", "width": "8.8290e+01", "ip": "1.001e-09", "ts": "0", "stretch": "3.9274e+06", "date": "2069-09-30.97", "dist": "67.122", "sigma_lov": "0.39066", "sigma_imp": "0.749", "ps": "-8.95"}, {"energy": "2.576e+00", "width": "7.5866e+01", "ip": "1.270e-10", "ts": "0", "stretch": "1.0986e+07", "date": "2069-10-04.93", "dist": "132.248", "sigma_lov": "0.25890", "sigma_imp": "1.730", "ps": "-9.76"}, {"energy": "1.310e+00", "width": "1.1119e+02", "ip": "4.193e-10", "ts": "0", "stretch": "6.8005e+06", "date": "2069-09-17.77", "dist": "76.119", "sigma_lov": "0.66549", "sigma_imp": "0.676", "ps": "-9.48"}, {"energy": "1.313e+00", "width": "1.1327e+02", "ip": "1.249e-09", "ts": "0", "stretch": "2.2966e+06", "date": "2069-09-17.90", "dist": "73.486", "sigma_lov": "0.66467", "sigma_imp": "0.640", "ps": "-9.01"}, {"energy": "1.442e+00", "width": "1.1047e+02", "ip": "7.280e-10", "ts": "0", "stretch": "4.8412e+06", "date": "2069-09-21.58", "dist": "40.579", "sigma_lov": "0.60456", "sigma_imp": "0.358", "ps": "-9.21"}, {"energy": "1.176e+00", "width": "1.1685e+02", "ip": "1.410e-09", "ts": "0", "stretch": "1.4595e+06", "date": "2069-09-11.95", "dist": "112.054", "sigma_lov": "0.73849", "sigma_imp": "0.950", "ps": "-8.99"}, {"energy": "1.179e+00", "width": "1.0664e+02", "ip": "1.532e-09", "ts": "0", "stretch": "1.3520e+06", "date": "2069-09-12.10", "dist": "111.412", "sigma_lov": "0.73667", "sigma_imp": "1.035", "ps": "-8.95"}, {"energy": "1.182e+00", "width": "1.1061e+02", "ip": "4.128e-10", "ts": "0", "stretch": "5.1505e+06", "date": "2069-09-12.26", "dist": "108.938", "sigma_lov": "0.73418", "sigma_imp": "0.976", "ps": "-9.52"}, {"energy": "9.427e-01", "width": "1.1741e+02", "ip": "4.097e-09", "ts": "0", "stretch": "1.8674e+05", "date": "2069-08-21.03", "dist": "189.856", "sigma_lov": "0.90511", "sigma_imp": "1.609", "ps": "-8.60"}, {"energy": "2.499e+00", "width": "7.7983e+01", "ip": "9.575e-10", "ts": "0", "stretch": "1.8590e+06", "date": "2068-10-04.17", "dist": "122.965", "sigma_lov": "0.27698", "sigma_imp": "1.564", "ps": "-8.89"}, {"energy": "2.499e+00", "width": "7.7556e+01", "ip": "1.274e-09", "ts": "0", "stretch": "1.3873e+06", "date": "2068-10-04.16", "dist": "122.896", "sigma_lov": "0.27713", "sigma_imp": "1.572", "ps": "-8.77"}, {"energy": "1.082e+00", "width": "3.8273e+02", "ip": "6.745e-10", "ts": "0", "stretch": "1.3139e+06", "date": "2068-09-05.67", "dist": "143.023", "sigma_lov": "0.79801", "sigma_imp": "0.371", "ps": "-9.33"}, {"energy": "1.111e+00", "width": "1.4425e+02", "ip": "1.932e-09", "ts": "0", "stretch": "8.6701e+05", "date": "2068-09-07.74", "dist": "132.773", "sigma_lov": "0.77941", "sigma_imp": "0.914", "ps": "-8.87"}, {"energy": "1.114e+00", "width": "1.3092e+02", "ip": "4.175e-09", "ts": "0", "stretch": "4.0493e+05", "date": "2068-09-08.06", "dist": "132.641", "sigma_lov": "0.77701", "sigma_imp": "1.006", "ps": "-8.53"}, {"energy": "9.843e-01", "width": "8.9319e+01", "ip": "5.043e-10", "ts": "0", "stretch": "1.1692e+06", "date": "2068-08-27.79", "dist": "172.829", "sigma_lov": "0.87041", "sigma_imp": "1.924", "ps": "-9.49"}, {"energy": "2.813e+00", "width": "7.0420e+01", "ip": "2.209e-10", "ts": "0", "stretch": "2.5512e+06", "date": "2067-10-06.94", "dist": "157.839", "sigma_lov": "0.20964", "sigma_imp": "2.227", "ps": "-9.48"}, {"energy": "2.213e+00", "width": "8.2534e+01", "ip": "3.929e-10", "ts": "0", "stretch": "7.3219e+06", "date": "2067-10-02.88", "dist": "96.613", "sigma_lov": "0.34541", "sigma_imp": "1.158", "ps": "-9.31"}, {"energy": "2.204e+00", "width": "8.9421e+01", "ip": "1.509e-10", "ts": "0", "stretch": "1.9732e+07", "date": "2067-10-02.81", "dist": "95.427", "sigma_lov": "0.34794", "sigma_imp": "1.056", "ps": "-9.73"}, {"energy": "2.405e+00", "width": "7.7993e+01", "ip": "6.645e-10", "ts": "0", "stretch": "3.2161e+06", "date": "2067-10-04.34", "dist": "113.251", "sigma_lov": "0.29788", "sigma_imp": "1.439", "ps": "-9.05"}, {"energy": "1.278e+00", "width": "1.2391e+02", "ip": "6.824e-10", "ts": "0", "stretch": "3.6097e+06", "date": "2067-09-17.03", "dist": "89.408", "sigma_lov": "0.68321", "sigma_imp": "0.713", "ps": "-9.26"}, {"energy": "1.157e+00", "width": "1.1169e+02", "ip": "2.708e-10", "ts": "0", "stretch": "7.1389e+06", "date": "2067-09-11.42", "dist": "118.077", "sigma_lov": "0.74983", "sigma_imp": "1.048", "ps": "-9.70"}, {"energy": "1.158e+00", "width": "1.1219e+02", "ip": "1.170e-09", "ts": "0", "stretch": "1.6781e+06", "date": "2067-09-11.62", "dist": "116.483", "sigma_lov": "0.74923", "sigma_imp": "1.029", "ps": "-9.06"}, {"energy": "1.956e+00", "width": "9.0158e+01", "ip": "7.108e-09", "ts": "0", "stretch": "6.1132e+05", "date": "2066-09-30.15", "dist": "50.432", "sigma_lov": "0.41836", "sigma_imp": "0.548", "ps": "-8.09"}, {"energy": "1.957e+00", "width": "9.3565e+01", "ip": "5.686e-09", "ts": "0", "stretch": "7.4268e+05", "date": "2066-09-30.18", "dist": "50.930", "sigma_lov": "0.41807", "sigma_imp": "0.534", "ps": "-8.18"}, {"energy": "2.311e+00", "width": "7.7257e+01", "ip": "3.299e-10", "ts": "0", "stretch": "6.7718e+06", "date": "2066-10-03.33", "dist": "109.931", "sigma_lov": "0.32090", "sigma_imp": "1.410", "ps": "-9.36"}, {"energy": "1.788e+00", "width": "9.8600e+01", "ip": "5.543e-10", "ts": "0", "stretch": "7.7927e+06", "date": "2066-09-28.15", "dist": "30.929", "sigma_lov": "0.47176", "sigma_imp": "0.304", "ps": "-9.23"}, {"energy": "1.788e+00", "width": "9.9435e+01", "ip": "1.908e-10", "ts": "0", "stretch": "2.2579e+07", "date": "2066-09-28.18", "dist": "29.296", "sigma_lov": "0.47201", "sigma_imp": "0.285", "ps": "-9.69"}, {"energy": "2.316e+00", "width": "8.1749e+01", "ip": "1.692e-10", "ts": "0", "stretch": "1.3549e+07", "date": "2066-10-03.41", "dist": "111.498", "sigma_lov": "0.31914", "sigma_imp": "1.352", "ps": "-9.65"}, {"energy": "9.457e-01", "width": "1.2015e+02", "ip": "6.118e-09", "ts": "0", "stretch": "1.3257e+05", "date": "2066-08-21.96", "dist": "188.280", "sigma_lov": "0.90294", "sigma_imp": "1.559", "ps": "-8.40"}, {"energy": "1.196e+00", "width": "1.1608e+02", "ip": "5.449e-10", "ts": "0", "stretch": "3.8973e+06", "date": "2066-09-13.19", "dist": "109.333", "sigma_lov": "0.72631", "sigma_imp": "0.933", "ps": "-9.37"}, {"energy": "1.198e+00", "width": "1.0902e+02", "ip": "1.813e-10", "ts": "0", "stretch": "1.2955e+07", "date": "2066-09-13.10", "dist": "98.332", "sigma_lov": "0.72457", "sigma_imp": "0.893", "ps": "-9.85"}, {"energy": "2.039e+00", "width": "8.7715e+01", "ip": "1.357e-09", "ts": "0", "stretch": "2.9905e+06", "date": "2065-09-30.81", "dist": "63.624", "sigma_lov": "0.39273", "sigma_imp": "0.714", "ps": "-8.78"}, {"energy": "1.257e+00", "width": "1.2794e+02", "ip": "3.369e-10", "ts": "0", "stretch": "7.0499e+06", "date": "2065-09-15.60", "dist": "91.921", "sigma_lov": "0.69291", "sigma_imp": "0.711", "ps": "-9.56"}, {"energy": "1.251e+00", "width": "1.1565e+02", "ip": "6.228e-10", "ts": "0", "stretch": "4.0033e+06", "date": "2065-09-15.33", "dist": "90.764", "sigma_lov": "0.69657", "sigma_imp": "0.776", "ps": "-9.29"}, {"energy": "1.121e+00", "width": "1.1056e+02", "ip": "1.133e-09", "ts": "0", "stretch": "1.3956e+06", "date": "2065-09-08.71", "dist": "135.689", "sigma_lov": "0.77207", "sigma_imp": "1.218", "ps": "-9.07"}, {"energy": "1.124e+00", "width": "1.1613e+02", "ip": "5.321e-10", "ts": "0", "stretch": "3.2599e+06", "date": "2065-09-08.74", "dist": "128.601", "sigma_lov": "0.76963", "sigma_imp": "1.099", "ps": "-9.40"}, {"energy": "9.763e-01", "width": "1.0930e+02", "ip": "1.031e-09", "ts": "0", "stretch": "7.8298e+05", "date": "2065-08-25.57", "dist": "179.789", "sigma_lov": "0.87395", "sigma_imp": "1.636", "ps": "-9.16"}, {"energy": "2.740e+00", "width": "7.2839e+01", "ip": "2.820e-10", "ts": "0", "stretch": "2.9291e+06", "date": "2064-10-05.64", "dist": "149.017", "sigma_lov": "0.22354", "sigma_imp": "2.032", "ps": "-9.35"}, {"energy": "1.311e+00", "width": "1.0960e+02", "ip": "2.827e-09", "ts": "0", "stretch": "1.0105e+06", "date": "2064-09-17.49", "dist": "76.971", "sigma_lov": "0.66569", "sigma_imp": "0.693", "ps": "-8.61"}, {"energy": "1.011e+00", "width": "1.0412e+02", "ip": "2.307e-10", "ts": "0", "stretch": "3.7698e+06", "date": "2064-08-29.69", "dist": "171.118", "sigma_lov": "0.84662", "sigma_imp": "1.634", "ps": "-9.79"}, {"energy": "1.013e+00", "width": "1.0436e+02", "ip": "9.427e-10", "ts": "0", "stretch": "9.4295e+05", "date": "2064-08-29.86", "dist": "170.033", "sigma_lov": "0.84551", "sigma_imp": "1.620", "ps": "-9.17"}, {"energy": "1.022e+00", "width": "1.0447e+02", "ip": "7.310e-10", "ts": "0", "stretch": "1.4121e+06", "date": "2064-08-31.23", "dist": "160.629", "sigma_lov": "0.83908", "sigma_imp": "1.528", "ps": "-9.28"}, {"energy": "2.649e+00", "width": "7.7000e+01", "ip": "4.861e-10", "ts": "0", "stretch": "2.3849e+06", "date": "2063-10-05.94", "dist": "141.703", "sigma_lov": "0.24339", "sigma_imp": "1.827", "ps": "-9.12"}, {"energy": "2.040e+00", "width": "8.8224e+01", "ip": "1.339e-09", "ts": "0", "stretch": "3.0247e+06", "date": "2063-10-01.32", "dist": "63.429", "sigma_lov": "0.39393", "sigma_imp": "0.708", "ps": "-8.77"}, {"energy": "1.519e+00", "width": "1.0296e+02", "ip": "8.896e-10", "ts": "0", "stretch": "4.4402e+06", "date": "2063-09-23.89", "dist": "30.201", "sigma_lov": "0.57214", "sigma_imp": "0.284", "ps": "-9.05"}, {"energy": "1.523e+00", "width": "1.0616e+02", "ip": "1.585e-09", "ts": "0", "stretch": "2.4641e+06", "date": "2063-09-24.03", "dist": "23.568", "sigma_lov": "0.56990", "sigma_imp": "0.213", "ps": "-8.80"}, {"energy": "9.461e-01", "width": "1.1452e+02", "ip": "2.585e-09", "ts": "0", "stretch": "2.9094e+05", "date": "2063-08-21.93", "dist": "188.373", "sigma_lov": "0.90132", "sigma_imp": "1.636", "ps": "-8.75"}, {"energy": "1.219e+00", "width": "1.1613e+02", "ip": "4.612e-10", "ts": "0", "stretch": "4.9252e+06", "date": "2063-09-14.74", "dist": "101.882", "sigma_lov": "0.71370", "sigma_imp": "0.869", "ps": "-9.41"}, {"energy": "2.551e+00", "width": "7.6494e+01", "ip": "1.680e-10", "ts": "0", "stretch": "8.8117e+06", "date": "2062-10-05.15", "dist": "130.265", "sigma_lov": "0.26591", "sigma_imp": "1.690", "ps": "-9.58"}, {"energy": "2.335e+00", "width": "9.3242e+01", "ip": "7.396e-10", "ts": "0", "stretch": "3.4755e+06", "date": "2062-10-03.79", "dist": "109.172", "sigma_lov": "0.31587", "sigma_imp": "1.160", "ps": "-8.97"}, {"energy": "1.940e+00", "width": "9.2226e+01", "ip": "3.108e-09", "ts": "0", "stretch": "1.3880e+06", "date": "2062-09-30.05", "dist": "48.637", "sigma_lov": "0.42328", "sigma_imp": "0.517", "ps": "-8.41"}, {"energy": "1.261e+00", "width": "1.1084e+02", "ip": "1.754e-10", "ts": "0", "stretch": "1.3910e+07", "date": "2062-09-16.01", "dist": "96.019", "sigma_lov": "0.69204", "sigma_imp": "0.857", "ps": "-9.81"}, {"energy": "1.133e+00", "width": "1.1097e+02", "ip": "6.903e-10", "ts": "0", "stretch": "2.3880e+06", "date": "2062-09-09.74", "dist": "132.480", "sigma_lov": "0.76551", "sigma_imp": "1.185", "ps": "-9.25"}, {"energy": "2.235e+00", "width": "9.5604e+01", "ip": "1.875e-09", "ts": "0", "stretch": "1.6158e+06", "date": "2061-10-02.59", "dist": "94.430", "sigma_lov": "0.34048", "sigma_imp": "0.977", "ps": "-8.57"}, {"energy": "1.841e+00", "width": "9.4124e+01", "ip": "4.470e-09", "ts": "0", "stretch": "1.0160e+06", "date": "2061-09-28.33", "dist": "30.785", "sigma_lov": "0.45442", "sigma_imp": "0.316", "ps": "-8.26"}, {"energy": "1.842e+00", "width": "9.3435e+01", "ip": "2.966e-09", "ts": "0", "stretch": "1.5422e+06", "date": "2061-09-28.33", "dist": "30.642", "sigma_lov": "0.45408", "sigma_imp": "0.317", "ps": "-8.44"}, {"energy": "2.035e+00", "width": "8.9007e+01", "ip": "1.509e-09", "ts": "0", "stretch": "2.6914e+06", "date": "2061-09-30.74", "dist": "62.446", "sigma_lov": "0.39512", "sigma_imp": "0.690", "ps": "-8.70"}, {"energy": "1.183e+00", "width": "1.1080e+02", "ip": "9.712e-10", "ts": "0", "stretch": "2.1673e+06", "date": "2061-09-12.27", "dist": "110.057", "sigma_lov": "0.73408", "sigma_imp": "0.984", "ps": "-9.08"}, {"energy": "1.026e+00", "width": "1.0340e+02", "ip": "2.113e-09", "ts": "0", "stretch": "4.4220e+05", "date": "2061-08-31.64", "dist": "166.373", "sigma_lov": "0.83603", "sigma_imp": "1.599", "ps": "-8.79"}, {"energy": "2.564e+00", "width": "7.7020e+01", "ip": "9.563e-10", "ts": "0", "stretch": "1.6325e+06", "date": "2060-10-04.35", "dist": "128.466", "sigma_lov": "0.26106", "sigma_imp": "1.655", "ps": "-8.81"}, {"energy": "2.802e+00", "width": "7.1758e+01", "ip": "2.476e-10", "ts": "0", "stretch": "2.7755e+06", "date": "2060-10-05.79", "dist": "153.705", "sigma_lov": "0.21096", "sigma_imp": "2.128", "ps": "-9.36"}, {"energy": "1.247e+00", "width": "1.1400e+02", "ip": "2.940e-10", "ts": "0", "stretch": "8.0184e+06", "date": "2060-09-14.92", "dist": "98.973", "sigma_lov": "0.69884", "sigma_imp": "0.859", "ps": "-9.57"}, {"energy": "1.246e+00", "width": "1.1090e+02", "ip": "6.957e-10", "ts": "0", "stretch": "3.3945e+06", "date": "2060-09-14.85", "dist": "99.478", "sigma_lov": "0.69913", "sigma_imp": "0.888", "ps": "-9.20"}, {"energy": "9.492e-01", "width": "1.1577e+02", "ip": "4.470e-09", "ts": "0", "stretch": "1.7274e+05", "date": "2060-08-21.63", "dist": "187.957", "sigma_lov": "0.89878", "sigma_imp": "1.615", "ps": "-8.48"}, {"energy": "2.235e+00", "width": "8.3512e+01", "ip": "1.865e-09", "ts": "0", "stretch": "1.6438e+06", "date": "2059-10-02.98", "dist": "92.375", "sigma_lov": "0.33878", "sigma_imp": "1.094", "ps": "-8.56"}, {"energy": "2.925e+00", "width": "7.0569e+01", "ip": "1.367e-10", "ts": "0", "stretch": "3.5136e+06", "date": "2059-10-06.89", "dist": "163.220", "sigma_lov": "0.18328", "sigma_imp": "2.299", "ps": "-9.60"}, {"energy": "1.646e+00", "width": "1.0256e+02", "ip": "1.494e-09", "ts": "0", "stretch": "2.8483e+06", "date": "2059-09-26.28", "dist": "1.711", "sigma_lov": "0.52126", "sigma_imp": "0.007", "ps": "-8.76"}, {"energy": "2.024e+00", "width": "8.9163e+01", "ip": "1.540e-09", "ts": "0", "stretch": "2.6786e+06", "date": "2059-10-01.06", "dist": "60.292", "sigma_lov": "0.39659", "sigma_imp": "0.665", "ps": "-8.67"}, {"energy": "1.302e+00", "width": "1.0915e+02", "ip": "8.111e-10", "ts": "0", "stretch": "3.3161e+06", "date": "2059-09-17.68", "dist": "85.603", "sigma_lov": "0.67078", "sigma_imp": "0.775", "ps": "-9.10"}, {"energy": "1.302e+00", "width": "1.0721e+02", "ip": "4.461e-10", "ts": "0", "stretch": "6.0620e+06", "date": "2059-09-17.67", "dist": "85.762", "sigma_lov": "0.67086", "sigma_imp": "0.791", "ps": "-9.36"}, {"energy": "1.306e+00", "width": "1.1808e+02", "ip": "2.224e-09", "ts": "0", "stretch": "1.2114e+06", "date": "2059-09-17.99", "dist": "79.939", "sigma_lov": "0.66828", "sigma_imp": "0.669", "ps": "-8.67"}, {"energy": "1.155e+00", "width": "1.1064e+02", "ip": "1.079e-09", "ts": "0", "stretch": "1.7751e+06", "date": "2059-09-11.35", "dist": "118.863", "sigma_lov": "0.74999", "sigma_imp": "1.065", "ps": "-9.02"}, {"energy": "9.843e-01", "width": "1.1065e+02", "ip": "1.683e-09", "ts": "0", "stretch": "5.0611e+05", "date": "2059-08-27.07", "dist": "177.899", "sigma_lov": "0.86777", "sigma_imp": "1.599", "ps": "-8.88"}, {"energy": "2.351e+00", "width": "8.2167e+01", "ip": "6.644e-10", "ts": "0", "stretch": "3.7441e+06", "date": "2058-10-03.64", "dist": "106.900", "sigma_lov": "0.31062", "sigma_imp": "1.289", "ps": "-8.98"}, {"energy": "1.730e+00", "width": "1.0047e+02", "ip": "8.758e-10", "ts": "0", "stretch": "4.9537e+06", "date": "2058-09-27.34", "dist": "18.105", "sigma_lov": "0.49188", "sigma_imp": "0.170", "ps": "-8.96"}, {"energy": "1.921e+00", "width": "9.4740e+01", "ip": "2.682e-09", "ts": "0", "stretch": "1.6080e+06", "date": "2058-09-29.65", "dist": "44.461", "sigma_lov": "0.42858", "sigma_imp": "0.459", "ps": "-8.44"}, {"energy": "1.927e+00", "width": "9.3373e+01", "ip": "6.732e-10", "ts": "0", "stretch": "6.4481e+06", "date": "2058-09-29.75", "dist": "45.503", "sigma_lov": "0.42722", "sigma_imp": "0.477", "ps": "-9.04"}, {"energy": "1.355e+00", "width": "1.2215e+02", "ip": "1.753e-09", "ts": "0", "stretch": "1.6572e+06", "date": "2058-09-19.18", "dist": "63.653", "sigma_lov": "0.64381", "sigma_imp": "0.513", "ps": "-8.75"}, {"energy": "1.358e+00", "width": "1.0119e+02", "ip": "2.993e-09", "ts": "0", "stretch": "1.1073e+06", "date": "2058-09-19.28", "dist": "62.891", "sigma_lov": "0.64217", "sigma_imp": "0.612", "ps": "-8.51"}, {"energy": "2.247e+00", "width": "8.4212e+01", "ip": "1.072e-09", "ts": "0", "stretch": "2.8008e+06", "date": "2057-10-02.62", "dist": "94.123", "sigma_lov": "0.33717", "sigma_imp": "1.106", "ps": "-8.77"}, {"energy": "2.023e+00", "width": "8.9254e+01", "ip": "1.436e-09", "ts": "0", "stretch": "2.8653e+06", "date": "2057-09-30.60", "dist": "60.433", "sigma_lov": "0.39796", "sigma_imp": "0.666", "ps": "-8.68"}, {"energy": "1.616e+00", "width": "9.4608e+01", "ip": "3.313e-09", "ts": "0", "stretch": "1.3839e+06", "date": "2057-09-25.17", "dist": "2.619", "sigma_lov": "0.53259", "sigma_imp": "0.017", "ps": "-8.40"}, {"energy": "1.616e+00", "width": "1.2007e+02", "ip": "2.396e-09", "ts": "0", "stretch": "1.5078e+06", "date": "2057-09-25.17", "dist": "2.814", "sigma_lov": "0.53276", "sigma_imp": "0.015", "ps": "-8.54"}, {"energy": "1.260e+00", "width": "1.1471e+02", "ip": "6.981e-10", "ts": "0", "stretch": "3.4347e+06", "date": "2057-09-15.67", "dist": "97.165", "sigma_lov": "0.69150", "sigma_imp": "0.838", "ps": "-9.16"}, {"energy": "1.267e+00", "width": "1.1276e+02", "ip": "4.056e-10", "ts": "0", "stretch": "6.4327e+06", "date": "2057-09-16.02", "dist": "86.470", "sigma_lov": "0.68755", "sigma_imp": "0.758", "ps": "-9.39"}, {"energy": "1.114e+00", "width": "1.3115e+02", "ip": "8.870e-10", "ts": "0", "stretch": "1.9183e+06", "date": "2057-09-08.19", "dist": "131.899", "sigma_lov": "0.77608", "sigma_imp": "0.998", "ps": "-9.10"}, {"energy": "1.076e+00", "width": "1.8640e+02", "ip": "1.657e-09", "ts": "0", "stretch": "8.4371e+05", "date": "2057-09-05.44", "dist": "151.540", "sigma_lov": "0.80158", "sigma_imp": "0.808", "ps": "-8.84"}, {"energy": "1.078e+00", "width": "2.2332e+02", "ip": "2.880e-09", "ts": "0", "stretch": "4.4893e+05", "date": "2057-09-05.51", "dist": "151.051", "sigma_lov": "0.80054", "sigma_imp": "0.672", "ps": "-8.60"}, {"energy": "9.530e-01", "width": "1.1346e+02", "ip": "2.294e-09", "ts": "0", "stretch": "3.3455e+05", "date": "2057-08-22.50", "dist": "186.206", "sigma_lov": "0.89609", "sigma_imp": "1.632", "ps": "-8.74"}, {"energy": "2.865e+00", "width": "7.0668e+01", "ip": "2.562e-10", "ts": "0", "stretch": "2.1712e+06", "date": "2056-10-05.96", "dist": "158.770", "sigma_lov": "0.19676", "sigma_imp": "2.233", "ps": "-9.30"}, {"energy": "1.911e+00", "width": "9.4054e+01", "ip": "3.160e-10", "ts": "0", "stretch": "1.3201e+07", "date": "2056-09-29.13", "dist": "51.436", "sigma_lov": "0.43155", "sigma_imp": "0.536", "ps": "-9.35"}, {"energy": "2.612e+00", "width": "7.5461e+01", "ip": "3.472e-10", "ts": "0", "stretch": "3.7399e+06", "date": "2056-10-04.81", "dist": "134.919", "sigma_lov": "0.25086", "sigma_imp": "1.775", "ps": "-9.20"}, {"energy": "1.707e+00", "width": "9.8810e+01", "ip": "4.427e-09", "ts": "0", "stretch": "1.0068e+06", "date": "2056-09-26.32", "dist": "6.076", "sigma_lov": "0.49994", "sigma_imp": "0.051", "ps": "-8.24"}, {"energy": "1.709e+00", "width": "1.0013e+02", "ip": "1.827e-09", "ts": "0", "stretch": "2.4080e+06", "date": "2056-09-26.37", "dist": "6.645", "sigma_lov": "0.49905", "sigma_imp": "0.056", "ps": "-8.63"}, {"energy": "1.519e+00", "width": "1.0408e+02", "ip": "6.009e-09", "ts": "0", "stretch": "6.4805e+05", "date": "2056-09-23.05", "dist": "31.630", "sigma_lov": "0.57259", "sigma_imp": "0.294", "ps": "-8.15"}, {"energy": "2.499e+00", "width": "7.8295e+01", "ip": "7.979e-10", "ts": "0", "stretch": "2.3001e+06", "date": "2055-10-04.78", "dist": "121.736", "sigma_lov": "0.27664", "sigma_imp": "1.542", "ps": "-8.84"}, {"energy": "2.253e+00", "width": "8.6581e+01", "ip": "1.063e-09", "ts": "0", "stretch": "2.8787e+06", "date": "2055-10-03.05", "dist": "93.172", "sigma_lov": "0.33578", "sigma_imp": "1.065", "ps": "-8.75"}, {"energy": "2.019e+00", "width": "8.9622e+01", "ip": "1.624e-09", "ts": "0", "stretch": "2.5525e+06", "date": "2055-09-30.97", "dist": "59.054", "sigma_lov": "0.39950", "sigma_imp": "0.648", "ps": "-8.61"}, {"energy": "1.592e+00", "width": "1.0422e+02", "ip": "7.275e-10", "ts": "0", "stretch": "5.6147e+06", "date": "2055-09-25.10", "dist": "17.228", "sigma_lov": "0.54279", "sigma_imp": "0.156", "ps": "-9.04"}, {"energy": "1.599e+00", "width": "1.0508e+02", "ip": "5.713e-10", "ts": "0", "stretch": "7.1823e+06", "date": "2055-09-25.35", "dist": "7.022", "sigma_lov": "0.54012", "sigma_imp": "0.057", "ps": "-9.14"}, {"energy": "1.399e+00", "width": "1.1061e+02", "ip": "6.337e-10", "ts": "0", "stretch": "5.0458e+06", "date": "2055-09-20.77", "dist": "60.993", "sigma_lov": "0.62338", "sigma_imp": "0.542", "ps": "-9.14"}, {"energy": "1.407e+00", "width": "1.1164e+02", "ip": "5.460e-10", "ts": "0", "stretch": "6.1259e+06", "date": "2055-09-21.13", "dist": "49.930", "sigma_lov": "0.61981", "sigma_imp": "0.438", "ps": "-9.21"}, {"energy": "2.903e+00", "width": "7.0871e+01", "ip": "1.336e-10", "ts": "0", "stretch": "3.9433e+06", "date": "2054-10-06.48", "dist": "160.894", "sigma_lov": "0.18850", "sigma_imp": "2.256", "ps": "-9.55"}, {"energy": "2.376e+00", "width": "8.1334e+01", "ip": "9.607e-10", "ts": "0", "stretch": "2.5501e+06", "date": "2054-10-03.72", "dist": "107.510", "sigma_lov": "0.30463", "sigma_imp": "1.310", "ps": "-8.77"}, {"energy": "2.642e+00", "width": "7.6418e+01", "ip": "4.509e-10", "ts": "0", "stretch": "2.7020e+06", "date": "2054-10-05.42", "dist": "138.867", "sigma_lov": "0.24448", "sigma_imp": "1.804", "ps": "-9.06"}, {"energy": "1.899e+00", "width": "9.2544e+01", "ip": "2.257e-09", "ts": "0", "stretch": "1.9693e+06", "date": "2054-09-29.35", "dist": "41.563", "sigma_lov": "0.43479", "sigma_imp": "0.438", "ps": "-8.47"}, {"energy": "1.301e+00", "width": "1.0785e+02", "ip": "4.413e-09", "ts": "0", "stretch": "6.1408e+05", "date": "2054-09-17.51", "dist": "85.199", "sigma_lov": "0.67097", "sigma_imp": "0.781", "ps": "-8.31"}, {"energy": "9.549e-01", "width": "1.1350e+02", "ip": "4.075e-09", "ts": "0", "stretch": "1.8543e+05", "date": "2054-08-22.60", "dist": "187.464", "sigma_lov": "0.89345", "sigma_imp": "1.643", "ps": "-8.46"}, {"energy": "2.792e+00", "width": "7.2254e+01", "ip": "1.607e-10", "ts": "0", "stretch": "4.5060e+06", "date": "2053-10-06.00", "dist": "152.758", "sigma_lov": "0.21210", "sigma_imp": "2.100", "ps": "-9.48"}, {"energy": "2.256e+00", "width": "8.2623e+01", "ip": "1.412e-09", "ts": "0", "stretch": "2.1612e+06", "date": "2053-10-02.52", "dist": "92.695", "sigma_lov": "0.33372", "sigma_imp": "1.110", "ps": "-8.61"}, {"energy": "2.009e+00", "width": "9.0730e+01", "ip": "2.008e-09", "ts": "0", "stretch": "2.0708e+06", "date": "2053-09-30.32", "dist": "57.534", "sigma_lov": "0.40133", "sigma_imp": "0.623", "ps": "-8.49"}, {"energy": "1.786e+00", "width": "1.0017e+02", "ip": "1.423e-09", "ts": "0", "stretch": "3.0268e+06", "date": "2053-09-27.82", "dist": "26.836", "sigma_lov": "0.47213", "sigma_imp": "0.258", "ps": "-8.68"}, {"energy": "2.274e+00", "width": "9.0049e+01", "ip": "5.098e-10", "ts": "0", "stretch": "5.9368e+06", "date": "2053-10-02.67", "dist": "94.673", "sigma_lov": "0.32927", "sigma_imp": "1.040", "ps": "-9.05"}, {"energy": "1.370e+00", "width": "1.0578e+02", "ip": "1.278e-09", "ts": "0", "stretch": "2.5822e+06", "date": "2053-09-19.40", "dist": "59.098", "sigma_lov": "0.63771", "sigma_imp": "0.549", "ps": "-8.82"}, {"energy": "1.169e+00", "width": "1.1606e+02", "ip": "1.016e-09", "ts": "0", "stretch": "1.8305e+06", "date": "2053-09-11.24", "dist": "123.477", "sigma_lov": "0.74055", "sigma_imp": "1.055", "ps": "-8.98"}, {"energy": "1.188e+00", "width": "1.1609e+02", "ip": "1.352e-09", "ts": "0", "stretch": "1.5497e+06", "date": "2053-09-12.51", "dist": "110.611", "sigma_lov": "0.73067", "sigma_imp": "0.944", "ps": "-8.85"}, {"energy": "1.008e+00", "width": "1.0612e+02", "ip": "8.359e-10", "ts": "0", "stretch": "1.1626e+06", "date": "2053-08-29.87", "dist": "165.642", "sigma_lov": "0.84927", "sigma_imp": "1.551", "ps": "-9.11"}, {"energy": "2.671e+00", "width": "7.6572e+01", "ip": "3.438e-10", "ts": "0", "stretch": "3.3292e+06", "date": "2052-10-04.94", "dist": "141.727", "sigma_lov": "0.23836", "sigma_imp": "1.838", "ps": "-9.15"}, {"energy": "2.673e+00", "width": "7.5367e+01", "ip": "1.453e-10", "ts": "0", "stretch": "7.8065e+06", "date": "2052-10-04.97", "dist": "140.511", "sigma_lov": "0.23774", "sigma_imp": "1.851", "ps": "-9.52"}, {"energy": "2.952e+00", "width": "7.0684e+01", "ip": "1.004e-10", "ts": "0", "stretch": "4.6045e+06", "date": "2052-10-06.13", "dist": "164.628", "sigma_lov": "0.17909", "sigma_imp": "2.315", "ps": "-9.65"}, {"energy": "1.052e+00", "width": "1.1529e+02", "ip": "4.588e-09", "ts": "0", "stretch": "2.7325e+05", "date": "2052-09-02.60", "dist": "155.468", "sigma_lov": "0.81495", "sigma_imp": "1.340", "ps": "-8.35"}, {"energy": "1.057e+00", "width": "1.5389e+02", "ip": "3.909e-08", "ts": "0", "stretch": "3.6663e+04", "date": "2052-09-03.15", "dist": "152.172", "sigma_lov": "0.81215", "sigma_imp": "0.982", "ps": "-7.41"}, {"energy": "1.061e+00", "width": "1.0128e+02", "ip": "4.122e-09", "ts": "0", "stretch": "2.9380e+05", "date": "2052-09-03.88", "dist": "148.617", "sigma_lov": "0.81098", "sigma_imp": "1.458", "ps": "-8.39"}, {"energy": "2.835e+00", "width": "7.2661e+01", "ip": "2.901e-10", "ts": "0", "stretch": "2.2214e+06", "date": "2051-10-06.64", "dist": "157.448", "sigma_lov": "0.20371", "sigma_imp": "2.153", "ps": "-9.19"}, {"energy": "2.544e+00", "width": "7.6991e+01", "ip": "8.235e-10", "ts": "0", "stretch": "1.9159e+06", "date": "2051-10-05.19", "dist": "127.886", "sigma_lov": "0.26615", "sigma_imp": "1.648", "ps": "-8.77"}, {"energy": "2.005e+00", "width": "8.7512e+01", "ip": "1.827e-09", "ts": "0", "stretch": "2.3053e+06", "date": "2051-09-30.89", "dist": "58.510", "sigma_lov": "0.40313", "sigma_imp": "0.657", "ps": "-8.51"}, {"energy": "1.762e+00", "width": "9.7848e+01", "ip": "9.166e-10", "ts": "0", "stretch": "4.7994e+06", "date": "2051-09-28.01", "dist": "25.684", "sigma_lov": "0.48039", "sigma_imp": "0.252", "ps": "-8.86"}, {"energy": "1.150e+00", "width": "1.1157e+02", "ip": "1.463e-09", "ts": "0", "stretch": "1.2500e+06", "date": "2051-09-10.92", "dist": "123.420", "sigma_lov": "0.75411", "sigma_imp": "1.097", "ps": "-8.80"}, {"energy": "9.604e-01", "width": "1.1165e+02", "ip": "4.020e-09", "ts": "0", "stretch": "1.8945e+05", "date": "2051-08-23.84", "dist": "185.224", "sigma_lov": "0.88968", "sigma_imp": "1.650", "ps": "-8.42"}, {"energy": "2.412e+00", "width": "8.1427e+01", "ip": "8.947e-10", "ts": "0", "stretch": "2.5016e+06", "date": "2050-10-04.06", "dist": "113.127", "sigma_lov": "0.29736", "sigma_imp": "1.377", "ps": "-8.74"}, {"energy": "1.879e+00", "width": "9.4014e+01", "ip": "2.908e-09", "ts": "0", "stretch": "1.5386e+06", "date": "2050-09-29.11", "dist": "36.327", "sigma_lov": "0.44303", "sigma_imp": "0.376", "ps": "-8.32"}, {"energy": "1.635e+00", "width": "1.0231e+02", "ip": "2.300e-10", "ts": "0", "stretch": "1.8421e+07", "date": "2050-09-25.60", "dist": "8.606", "sigma_lov": "0.52760", "sigma_imp": "0.074", "ps": "-9.47"}, {"energy": "1.643e+00", "width": "1.0143e+02", "ip": "3.773e-09", "ts": "0", "stretch": "1.1366e+06", "date": "2050-09-25.84", "dist": "6.246", "sigma_lov": "0.52453", "sigma_imp": "0.052", "ps": "-8.25"}, {"energy": "1.215e+00", "width": "1.1098e+02", "ip": "7.459e-09", "ts": "0", "stretch": "2.9012e+05", "date": "2050-09-14.13", "dist": "108.431", "sigma_lov": "0.71577", "sigma_imp": "0.968", "ps": "-8.06"}, {"energy": "2.573e+00", "width": "7.7297e+01", "ip": "5.206e-10", "ts": "0", "stretch": "2.9658e+06", "date": "2049-10-04.65", "dist": "129.285", "sigma_lov": "0.26048", "sigma_imp": "1.660", "ps": "-8.94"}, {"energy": "2.000e+00", "width": "9.0315e+01", "ip": "1.895e-09", "ts": "0", "stretch": "2.2249e+06", "date": "2049-09-30.23", "dist": "55.700", "sigma_lov": "0.40544", "sigma_imp": "0.606", "ps": "-8.47"}, {"energy": "1.508e+00", "width": "1.0923e+02", "ip": "1.999e-09", "ts": "0", "stretch": "1.8525e+06", "date": "2049-09-22.92", "dist": "33.181", "sigma_lov": "0.57576", "sigma_imp": "0.295", "ps": "-8.54"}, {"energy": "1.292e+00", "width": "1.1150e+02", "ip": "3.864e-09", "ts": "0", "stretch": "6.7516e+05", "date": "2049-09-16.85", "dist": "88.386", "sigma_lov": "0.67477", "sigma_imp": "0.784", "ps": "-8.31"}, {"energy": "2.739e+00", "width": "7.3550e+01", "ip": "2.349e-10", "ts": "0", "stretch": "3.8569e+06", "date": "2048-10-05.36", "dist": "146.758", "sigma_lov": "0.22288", "sigma_imp": "1.982", "ps": "-9.25"}, {"energy": "1.859e+00", "width": "9.9837e+01", "ip": "1.322e-09", "ts": "0", "stretch": "3.1791e+06", "date": "2048-09-28.42", "dist": "38.803", "sigma_lov": "0.44702", "sigma_imp": "0.379", "ps": "-8.64"}, {"energy": "1.609e+00", "width": "1.0238e+02", "ip": "5.455e-09", "ts": "0", "stretch": "7.6781e+05", "date": "2048-09-24.52", "dist": "14.668", "sigma_lov": "0.53552", "sigma_imp": "0.134", "ps": "-8.07"}, {"energy": "1.611e+00", "width": "1.0392e+02", "ip": "2.336e-09", "ts": "0", "stretch": "1.7688e+06", "date": "2048-09-24.57", "dist": "14.134", "sigma_lov": "0.53458", "sigma_imp": "0.126", "ps": "-8.44"}, {"energy": "1.376e+00", "width": "1.2075e+02", "ip": "2.717e-09", "ts": "0", "stretch": "1.0915e+06", "date": "2048-09-19.36", "dist": "62.213", "sigma_lov": "0.63451", "sigma_imp": "0.507", "ps": "-8.43"}, {"energy": "9.622e-01", "width": "1.0943e+02", "ip": "2.184e-09", "ts": "0", "stretch": "3.3585e+05", "date": "2048-08-22.83", "dist": "185.508", "sigma_lov": "0.88626", "sigma_imp": "1.686", "ps": "-8.65"}, {"energy": "2.591e+00", "width": "8.3120e+01", "ip": "2.965e-10", "ts": "0", "stretch": "5.4825e+06", "date": "2047-10-05.32", "dist": "132.780", "sigma_lov": "0.25512", "sigma_imp": "1.585", "ps": "-9.16"}, {"energy": "2.597e+00", "width": "7.8654e+01", "ip": "1.004e-10", "ts": "0", "stretch": "1.2699e+07", "date": "2047-10-05.35", "dist": "139.572", "sigma_lov": "0.25372", "sigma_imp": "1.762", "ps": "-9.63"}, {"energy": "2.926e+00", "width": "7.1401e+01", "ip": "1.470e-10", "ts": "0", "stretch": "3.4966e+06", "date": "2047-10-06.82", "dist": "162.656", "sigma_lov": "0.18399", "sigma_imp": "2.264", "ps": "-9.42"}, {"energy": "1.990e+00", "width": "9.0966e+01", "ip": "2.145e-09", "ts": "0", "stretch": "1.9854e+06", "date": "2047-09-30.53", "dist": "53.395", "sigma_lov": "0.40781", "sigma_imp": "0.576", "ps": "-8.39"}, {"energy": "1.721e+00", "width": "9.9276e+01", "ip": "3.860e-09", "ts": "0", "stretch": "1.1510e+06", "date": "2047-09-27.17", "dist": "7.735", "sigma_lov": "0.49474", "sigma_imp": "0.068", "ps": "-8.19"}, {"energy": "1.459e+00", "width": "1.0960e+02", "ip": "3.919e-10", "ts": "0", "stretch": "8.8661e+06", "date": "2047-09-22.17", "dist": "47.616", "sigma_lov": "0.59644", "sigma_imp": "0.425", "ps": "-9.24"}, {"energy": "1.470e+00", "width": "1.1200e+02", "ip": "3.675e-09", "ts": "0", "stretch": "9.5097e+05", "date": "2047-09-22.53", "dist": "41.945", "sigma_lov": "0.59141", "sigma_imp": "0.366", "ps": "-8.26"}, {"energy": "1.231e+00", "width": "1.1413e+02", "ip": "4.605e-10", "ts": "0", "stretch": "4.8000e+06", "date": "2047-09-14.76", "dist": "106.389", "sigma_lov": "0.70665", "sigma_imp": "0.923", "ps": "-9.23"}, {"energy": "1.246e+00", "width": "1.1340e+02", "ip": "8.933e-09", "ts": "0", "stretch": "2.6296e+05", "date": "2047-09-15.68", "dist": "99.603", "sigma_lov": "0.69863", "sigma_imp": "0.870", "ps": "-7.93"}, {"energy": "1.024e+00", "width": "9.9686e+01", "ip": "3.974e-09", "ts": "0", "stretch": "2.1968e+05", "date": "2047-08-31.97", "dist": "166.684", "sigma_lov": "0.83745", "sigma_imp": "1.662", "ps": "-8.35"}, {"energy": "2.789e+00", "width": "7.3099e+01", "ip": "2.712e-10", "ts": "0", "stretch": "2.8953e+06", "date": "2046-10-06.11", "dist": "151.300", "sigma_lov": "0.21374", "sigma_imp": "2.056", "ps": "-9.16"}, {"energy": "2.446e+00", "width": "7.9536e+01", "ip": "5.887e-10", "ts": "0", "stretch": "3.6087e+06", "date": "2046-10-04.15", "dist": "114.898", "sigma_lov": "0.28824", "sigma_imp": "1.432", "ps": "-8.87"}, {"energy": "1.839e+00", "width": "9.5825e+01", "ip": "3.178e-09", "ts": "0", "stretch": "1.4175e+06", "date": "2046-09-28.44", "dist": "28.482", "sigma_lov": "0.45354", "sigma_imp": "0.287", "ps": "-8.23"}, {"energy": "1.558e+00", "width": "1.0899e+02", "ip": "5.863e-10", "ts": "0", "stretch": "6.5486e+06", "date": "2046-09-24.17", "dist": "24.000", "sigma_lov": "0.55480", "sigma_imp": "0.211", "ps": "-9.02"}, {"energy": "1.575e+00", "width": "1.1010e+02", "ip": "1.693e-09", "ts": "0", "stretch": "2.2909e+06", "date": "2046-09-24.64", "dist": "13.513", "sigma_lov": "0.54807", "sigma_imp": "0.114", "ps": "-8.56"}, {"energy": "1.120e+00", "width": "1.1827e+02", "ip": "4.179e-09", "ts": "0", "stretch": "3.8363e+05", "date": "2046-09-08.84", "dist": "136.998", "sigma_lov": "0.77321", "sigma_imp": "1.150", "ps": "-8.29"}, {"energy": "2.635e+00", "width": "7.3771e+01", "ip": "3.633e-10", "ts": "0", "stretch": "3.1869e+06", "date": "2045-10-05.14", "dist": "137.502", "sigma_lov": "0.24608", "sigma_imp": "1.850", "ps": "-9.04"}, {"energy": "2.992e+00", "width": "7.0530e+01", "ip": "1.981e-10", "ts": "0", "stretch": "1.9627e+06", "date": "2045-10-06.72", "dist": "169.523", "sigma_lov": "0.17237", "sigma_imp": "2.389", "ps": "-9.25"}, {"energy": "1.682e+00", "width": "1.0209e+02", "ip": "4.410e-10", "ts": "0", "stretch": "9.7560e+06", "date": "2045-09-26.11", "dist": "0.800", "sigma_lov": "0.50920", "sigma_imp": "0.000", "ps": "-9.11"}, {"energy": "1.980e+00", "width": "9.2489e+01", "ip": "1.454e-09", "ts": "0", "stretch": "2.8790e+06", "date": "2045-09-29.99", "dist": "54.172", "sigma_lov": "0.41067", "sigma_imp": "0.575", "ps": "-8.53"}, {"energy": "1.696e+00", "width": "1.1344e+02", "ip": "5.235e-09", "ts": "0", "stretch": "7.3984e+05", "date": "2045-09-26.48", "dist": "7.826", "sigma_lov": "0.50391", "sigma_imp": "0.060", "ps": "-8.03"}, {"energy": "1.422e+00", "width": "1.0823e+02", "ip": "2.460e-10", "ts": "0", "stretch": "1.3534e+07", "date": "2045-09-20.66", "dist": "57.047", "sigma_lov": "0.61402", "sigma_imp": "0.518", "ps": "-9.42"}, {"energy": "1.432e+00", "width": "1.0914e+02", "ip": "4.633e-09", "ts": "0", "stretch": "7.2785e+05", "date": "2045-09-21.04", "dist": "53.719", "sigma_lov": "0.60898", "sigma_imp": "0.483", "ps": "-8.14"}, {"energy": "1.195e+00", "width": "1.1067e+02", "ip": "4.139e-09", "ts": "0", "stretch": "4.8630e+05", "date": "2045-09-12.75", "dist": "115.443", "sigma_lov": "0.72741", "sigma_imp": "1.034", "ps": "-8.25"}, {"energy": "9.690e-01", "width": "1.0820e+02", "ip": "3.597e-09", "ts": "0", "stretch": "2.0766e+05", "date": "2045-08-24.26", "dist": "183.269", "sigma_lov": "0.88113", "sigma_imp": "1.684", "ps": "-8.39"}, {"energy": "2.839e+00", "width": "7.2426e+01", "ip": "2.436e-10", "ts": "0", "stretch": "2.7648e+06", "date": "2044-10-05.75", "dist": "155.561", "sigma_lov": "0.20321", "sigma_imp": "2.134", "ps": "-9.17"}, {"energy": "2.476e+00", "width": "7.8545e+01", "ip": "9.001e-10", "ts": "0", "stretch": "2.1501e+06", "date": "2044-10-03.81", "dist": "119.166", "sigma_lov": "0.28227", "sigma_imp": "1.504", "ps": "-8.65"}, {"energy": "1.827e+00", "width": "9.5908e+01", "ip": "4.220e-09", "ts": "0", "stretch": "1.0648e+06", "date": "2044-09-28.01", "dist": "28.195", "sigma_lov": "0.45930", "sigma_imp": "0.284", "ps": "-8.08"}, {"energy": "1.285e+00", "width": "1.1181e+02", "ip": "3.453e-09", "ts": "0", "stretch": "7.3921e+05", "date": "2044-09-16.32", "dist": "90.901", "sigma_lov": "0.67868", "sigma_imp": "0.804", "ps": "-8.29"}, {"energy": "2.675e+00", "width": "7.5631e+01", "ip": "5.323e-10", "ts": "0", "stretch": "2.1661e+06", "date": "2043-10-05.71", "dist": "140.205", "sigma_lov": "0.23755", "sigma_imp": "1.841", "ps": "-8.83"}, {"energy": "2.289e+00", "width": "8.1106e+01", "ip": "7.039e-10", "ts": "0", "stretch": "3.7046e+06", "date": "2043-10-03.18", "dist": "103.055", "sigma_lov": "0.32636", "sigma_imp": "1.258", "ps": "-8.76"}, {"energy": "2.298e+00", "width": "7.3151e+01", "ip": "1.351e-09", "ts": "0", "stretch": "1.7619e+06", "date": "2043-10-03.24", "dist": "103.579", "sigma_lov": "0.32405", "sigma_imp": "1.402", "ps": "-8.48"}, {"energy": "1.968e+00", "width": "9.1514e+01", "ip": "2.202e-09", "ts": "0", "stretch": "1.9551e+06", "date": "2043-09-30.35", "dist": "50.556", "sigma_lov": "0.41362", "sigma_imp": "0.542", "ps": "-8.32"}, {"energy": "1.385e+00", "width": "1.1125e+02", "ip": "4.426e-09", "ts": "0", "stretch": "7.0012e+05", "date": "2043-09-20.23", "dist": "65.494", "sigma_lov": "0.63031", "sigma_imp": "0.580", "ps": "-8.14"}, {"energy": "1.141e+00", "width": "1.0696e+02", "ip": "3.294e-09", "ts": "0", "stretch": "4.9821e+05", "date": "2043-09-10.20", "dist": "131.767", "sigma_lov": "0.75909", "sigma_imp": "1.223", "ps": "-8.34"}, {"energy": "2.496e+00", "width": "7.9177e+01", "ip": "8.562e-10", "ts": "0", "stretch": "2.2388e+06", "date": "2042-10-04.35", "dist": "120.304", "sigma_lov": "0.27569", "sigma_imp": "1.507", "ps": "-8.63"}, {"energy": "1.802e+00", "width": "9.6606e+01", "ip": "3.819e-09", "ts": "0", "stretch": "1.1839e+06", "date": "2042-09-27.97", "dist": "22.077", "sigma_lov": "0.46683", "sigma_imp": "0.218", "ps": "-8.10"}, {"energy": "1.501e+00", "width": "1.0663e+02", "ip": "3.765e-09", "ts": "0", "stretch": "9.8686e+05", "date": "2042-09-22.86", "dist": "38.435", "sigma_lov": "0.57911", "sigma_imp": "0.351", "ps": "-8.17"}, {"energy": "9.760e-01", "width": "1.0626e+02", "ip": "3.753e-09", "ts": "0", "stretch": "2.0109e+05", "date": "2042-08-25.58", "dist": "180.798", "sigma_lov": "0.87523", "sigma_imp": "1.692", "ps": "-8.32"}, {"energy": "2.722e+00", "width": "7.4822e+01", "ip": "5.173e-10", "ts": "0", "stretch": "1.9422e+06", "date": "2041-10-05.46", "dist": "144.664", "sigma_lov": "0.22747", "sigma_imp": "1.920", "ps": "-8.80"}, {"energy": "2.318e+00", "width": "8.4870e+01", "ip": "6.646e-10", "ts": "0", "stretch": "3.7943e+06", "date": "2041-10-02.92", "dist": "107.208", "sigma_lov": "0.31878", "sigma_imp": "1.251", "ps": "-8.75"}, {"energy": "1.958e+00", "width": "9.1286e+01", "ip": "2.855e-09", "ts": "0", "stretch": "1.5270e+06", "date": "2041-09-29.64", "dist": "48.511", "sigma_lov": "0.41714", "sigma_imp": "0.520", "ps": "-8.18"}, {"energy": "1.628e+00", "width": "1.0228e+02", "ip": "3.923e-09", "ts": "0", "stretch": "1.0785e+06", "date": "2041-09-25.16", "dist": "10.430", "sigma_lov": "0.52781", "sigma_imp": "0.092", "ps": "-8.10"}, {"energy": "1.043e+00", "width": "1.1704e+02", "ip": "4.499e-09", "ts": "0", "stretch": "2.6579e+05", "date": "2041-09-01.75", "dist": "160.193", "sigma_lov": "0.82062", "sigma_imp": "1.360", "ps": "-8.20"}, {"energy": "2.959e+00", "width": "7.0987e+01", "ip": "1.812e-10", "ts": "0", "stretch": "2.5441e+06", "date": "2040-10-06.14", "dist": "165.290", "sigma_lov": "0.17782", "sigma_imp": "2.314", "ps": "-9.21"}, {"energy": "2.530e+00", "width": "7.8245e+01", "ip": "8.227e-10", "ts": "0", "stretch": "2.1159e+06", "date": "2040-10-04.12", "dist": "124.433", "sigma_lov": "0.26816", "sigma_imp": "1.578", "ps": "-8.61"}, {"energy": "1.774e+00", "width": "9.7173e+01", "ip": "3.609e-09", "ts": "0", "stretch": "1.2518e+06", "date": "2040-09-27.22", "dist": "17.955", "sigma_lov": "0.47561", "sigma_imp": "0.174", "ps": "-8.09"}, {"energy": "2.778e+00", "width": "7.3257e+01", "ip": "3.446e-10", "ts": "0", "stretch": "2.3472e+06", "date": "2039-10-06.32", "dist": "150.468", "sigma_lov": "0.21625", "sigma_imp": "2.040", "ps": "-8.94"}, {"energy": "2.340e+00", "width": "8.6915e+01", "ip": "1.705e-09", "ts": "0", "stretch": "1.5539e+06", "date": "2039-10-03.76", "dist": "104.741", "sigma_lov": "0.31411", "sigma_imp": "1.194", "ps": "-8.30"}, {"energy": "1.947e+00", "width": "9.1876e+01", "ip": "3.162e-09", "ts": "0", "stretch": "1.3809e+06", "date": "2039-09-30.09", "dist": "47.083", "sigma_lov": "0.42152", "sigma_imp": "0.502", "ps": "-8.10"}, {"energy": "1.592e+00", "width": "1.0374e+02", "ip": "4.210e-09", "ts": "0", "stretch": "9.7324e+05", "date": "2039-09-25.04", "dist": "17.968", "sigma_lov": "0.54329", "sigma_imp": "0.164", "ps": "-8.04"}, {"energy": "1.275e+00", "width": "1.1229e+02", "ip": "3.787e-09", "ts": "0", "stretch": "6.5703e+05", "date": "2039-09-16.69", "dist": "93.705", "sigma_lov": "0.68398", "sigma_imp": "0.826", "ps": "-8.17"}, {"energy": "9.808e-01", "width": "1.0538e+02", "ip": "2.105e-09", "ts": "0", "stretch": "3.6739e+05", "date": "2039-08-26.26", "dist": "178.623", "sigma_lov": "0.86931", "sigma_imp": "1.685", "ps": "-8.51"}, {"energy": "1.562e+00", "width": "1.0712e+02", "ip": "1.512e-10", "ts": "0", "stretch": "2.5755e+07", "date": "2039-09-24.37", "dist": "24.889", "sigma_lov": "0.55523", "sigma_imp": "0.223", "ps": "-9.49"}, {"energy": "3.070e+00", "width": "6.9410e+01", "ip": "1.021e-10", "ts": "0", "stretch": "2.7858e+06", "date": "2038-10-07.34", "dist": "176.099", "sigma_lov": "0.16172", "sigma_imp": "2.523", "ps": "-9.41"}, {"energy": "2.584e+00", "width": "7.7252e+01", "ip": "7.442e-10", "ts": "0", "stretch": "2.0117e+06", "date": "2038-10-05.01", "dist": "130.665", "sigma_lov": "0.25922", "sigma_imp": "1.678", "ps": "-8.61"}, {"energy": "1.748e+00", "width": "9.8431e+01", "ip": "4.417e-09", "ts": "0", "stretch": "1.0131e+06", "date": "2038-09-27.33", "dist": "13.046", "sigma_lov": "0.48568", "sigma_imp": "0.122", "ps": "-7.97"}, {"energy": "1.398e+00", "width": "1.1023e+02", "ip": "4.480e-09", "ts": "0", "stretch": "7.1154e+05", "date": "2038-09-20.41", "dist": "61.992", "sigma_lov": "0.62398", "sigma_imp": "0.553", "ps": "-8.04"}, {"energy": "1.073e+00", "width": "1.7351e+02", "ip": "7.428e-10", "ts": "0", "stretch": "1.9023e+06", "date": "2038-09-05.14", "dist": "153.307", "sigma_lov": "0.80315", "sigma_imp": "0.878", "ps": "-8.91"}, {"energy": "1.756e+00", "width": "9.9118e+01", "ip": "6.119e-10", "ts": "0", "stretch": "7.2582e+06", "date": "2038-09-27.45", "dist": "14.568", "sigma_lov": "0.48295", "sigma_imp": "0.137", "ps": "-8.83"}, {"energy": "2.841e+00", "width": "7.2970e+01", "ip": "3.209e-10", "ts": "0", "stretch": "2.1877e+06", "date": "2037-10-05.92", "dist": "155.064", "sigma_lov": "0.20225", "sigma_imp": "2.111", "ps": "-8.92"}, {"energy": "2.359e+00", "width": "8.2900e+01", "ip": "1.504e-09", "ts": "0", "stretch": "1.7121e+06", "date": "2037-10-03.28", "dist": "105.098", "sigma_lov": "0.30861", "sigma_imp": "1.256", "ps": "-8.31"}, {"energy": "1.927e+00", "width": "9.3591e+01", "ip": "2.858e-09", "ts": "0", "stretch": "1.5228e+06", "date": "2037-09-29.29", "dist": "44.708", "sigma_lov": "0.42681", "sigma_imp": "0.467", "ps": "-8.10"}, {"energy": "1.206e+00", "width": "1.1451e+02", "ip": "2.207e-09", "ts": "0", "stretch": "9.5971e+05", "date": "2037-09-13.06", "dist": "110.234", "sigma_lov": "0.72135", "sigma_imp": "0.954", "ps": "-8.38"}, {"energy": "3.157e+00", "width": "6.9080e+01", "ip": "1.118e-10", "ts": "0", "stretch": "2.0619e+06", "date": "2036-10-06.86", "dist": "181.117", "sigma_lov": "0.14277", "sigma_imp": "2.607", "ps": "-9.32"}, {"energy": "2.620e+00", "width": "7.6321e+01", "ip": "7.378e-10", "ts": "0", "stretch": "1.8814e+06", "date": "2036-10-04.52", "dist": "133.109", "sigma_lov": "0.24870", "sigma_imp": "1.731", "ps": "-8.56"}, {"energy": "1.710e+00", "width": "9.9923e+01", "ip": "4.323e-09", "ts": "0", "stretch": "1.0212e+06", "date": "2036-09-26.10", "dist": "4.428", "sigma_lov": "0.49841", "sigma_imp": "0.034", "ps": "-7.94"}, {"energy": "9.948e-01", "width": "1.0249e+02", "ip": "3.858e-09", "ts": "0", "stretch": "2.0121e+05", "date": "2036-08-27.45", "dist": "175.686", "sigma_lov": "0.85911", "sigma_imp": "1.704", "ps": "-8.18"}, {"energy": "2.923e+00", "width": "7.2069e+01", "ip": "2.653e-10", "ts": "0", "stretch": "2.0698e+06", "date": "2035-10-06.74", "dist": "161.771", "sigma_lov": "0.18616", "sigma_imp": "2.231", "ps": "-8.95"}, {"energy": "2.384e+00", "width": "8.2049e+01", "ip": "1.474e-09", "ts": "0", "stretch": "1.6923e+06", "date": "2035-10-03.84", "dist": "106.816", "sigma_lov": "0.30257", "sigma_imp": "1.290", "ps": "-8.27"}, {"energy": "1.904e+00", "width": "9.4011e+01", "ip": "3.745e-09", "ts": "0", "stretch": "1.1859e+06", "date": "2035-09-29.50", "dist": "39.138", "sigma_lov": "0.43299", "sigma_imp": "0.406", "ps": "-7.95"}, {"energy": "1.485e+00", "width": "1.0754e+02", "ip": "4.866e-09", "ts": "0", "stretch": "7.4561e+05", "date": "2035-09-22.72", "dist": "42.207", "sigma_lov": "0.58490", "sigma_imp": "0.383", "ps": "-7.92"}, {"energy": "1.129e+00", "width": "1.0920e+02", "ip": "4.122e-09", "ts": "0", "stretch": "3.8190e+05", "date": "2035-09-09.35", "dist": "135.867", "sigma_lov": "0.76652", "sigma_imp": "1.235", "ps": "-8.09"}, {"energy": "2.677e+00", "width": "7.5939e+01", "ip": "6.685e-10", "ts": "0", "stretch": "1.7705e+06", "date": "2034-10-05.40", "dist": "139.544", "sigma_lov": "0.23604", "sigma_imp": "1.824", "ps": "-8.55"}, {"energy": "1.679e+00", "width": "1.0166e+02", "ip": "7.330e-10", "ts": "0", "stretch": "5.8907e+06", "date": "2034-09-26.12", "dist": "1.209", "sigma_lov": "0.51034", "sigma_imp": "0.002", "ps": "-8.67"}, {"energy": "1.670e+00", "width": "1.0115e+02", "ip": "5.604e-09", "ts": "0", "stretch": "7.7275e+05", "date": "2034-09-25.99", "dist": "2.966", "sigma_lov": "0.51362", "sigma_imp": "0.019", "ps": "-7.79"}, {"energy": "1.258e+00", "width": "1.1290e+02", "ip": "4.892e-09", "ts": "0", "stretch": "4.8347e+05", "date": "2034-09-15.59", "dist": "99.419", "sigma_lov": "0.69235", "sigma_imp": "0.872", "ps": "-7.95"}, {"energy": "3.035e+00", "width": "7.0016e+01", "ip": "1.644e-10", "ts": "0", "stretch": "2.0908e+06", "date": "2033-10-06.76", "dist": "172.078", "sigma_lov": "0.16616", "sigma_imp": "2.443", "ps": "-9.09"}, {"energy": "2.422e+00", "width": "8.1037e+01", "ip": "1.534e-09", "ts": "0", "stretch": "1.4942e+06", "date": "2033-10-03.64", "dist": "111.509", "sigma_lov": "0.29478", "sigma_imp": "1.364", "ps": "-8.20"}, {"energy": "1.884e+00", "width": "9.4807e+01", "ip": "4.198e-09", "ts": "0", "stretch": "1.0624e+06", "date": "2033-09-28.76", "dist": "35.620", "sigma_lov": "0.44083", "sigma_imp": "0.365", "ps": "-7.85"}, {"energy": "1.419e+00", "width": "1.0969e+02", "ip": "5.331e-09", "ts": "0", "stretch": "6.1734e+05", "date": "2033-09-20.64", "dist": "57.441", "sigma_lov": "0.61433", "sigma_imp": "0.515", "ps": "-7.85"}, {"energy": "1.011e+00", "width": "1.0095e+02", "ip": "4.096e-09", "ts": "0", "stretch": "2.0185e+05", "date": "2033-08-29.82", "dist": "170.832", "sigma_lov": "0.84694", "sigma_imp": "1.682", "ps": "-8.08"}, {"energy": "2.755e+00", "width": "7.4564e+01", "ip": "5.395e-10", "ts": "0", "stretch": "1.7457e+06", "date": "2032-10-05.30", "dist": "146.823", "sigma_lov": "0.22056", "sigma_imp": "1.956", "ps": "-8.58"}, {"energy": "1.614e+00", "width": "1.0344e+02", "ip": "5.525e-09", "ts": "0", "stretch": "7.5171e+05", "date": "2032-09-24.59", "dist": "14.141", "sigma_lov": "0.53381", "sigma_imp": "0.127", "ps": "-7.76"}, {"energy": "3.168e+00", "width": "6.8790e+01", "ip": "1.035e-10", "ts": "0", "stretch": "2.0757e+06", "date": "2031-10-07.73", "dist": "182.313", "sigma_lov": "0.14139", "sigma_imp": "2.636", "ps": "-9.22"}, {"energy": "2.459e+00", "width": "8.0498e+01", "ip": "1.589e-09", "ts": "0", "stretch": "1.3493e+06", "date": "2031-10-04.29", "dist": "115.135", "sigma_lov": "0.28534", "sigma_imp": "1.418", "ps": "-8.12"}, {"energy": "1.852e+00", "width": "9.6084e+01", "ip": "4.929e-09", "ts": "0", "stretch": "9.1001e+05", "date": "2031-09-28.77", "dist": "29.457", "sigma_lov": "0.45086", "sigma_imp": "0.296", "ps": "-7.73"}, {"energy": "1.341e+00", "width": "1.1002e+02", "ip": "3.023e-10", "ts": "0", "stretch": "9.4900e+06", "date": "2031-09-18.61", "dist": "77.584", "sigma_lov": "0.65064", "sigma_imp": "0.696", "ps": "-9.05"}, {"energy": "2.851e+00", "width": "7.3451e+01", "ip": "3.897e-10", "ts": "0", "stretch": "1.8642e+06", "date": "2030-10-06.09", "dist": "154.684", "sigma_lov": "0.20049", "sigma_imp": "2.092", "ps": "-8.65"}, {"energy": "1.545e+00", "width": "1.0550e+02", "ip": "7.532e-09", "ts": "0", "stretch": "5.1794e+05", "date": "2030-09-23.66", "dist": "29.036", "sigma_lov": "0.55999", "sigma_imp": "0.266", "ps": "-7.58"}, {"energy": "1.031e+00", "width": "9.7819e+01", "ip": "3.665e-09", "ts": "0", "stretch": "2.3269e+05", "date": "2030-09-01.02", "dist": "166.342", "sigma_lov": "0.83068", "sigma_imp": "1.690", "ps": "-8.03"}, {"energy": "1.554e+00", "width": "1.0695e+02", "ip": "1.232e-09", "ts": "0", "stretch": "3.1476e+06", "date": "2030-09-23.83", "dist": "27.097", "sigma_lov": "0.55636", "sigma_imp": "0.244", "ps": "-8.36"}, {"energy": "2.509e+00", "width": "7.9617e+01", "ip": "1.533e-09", "ts": "0", "stretch": "1.2479e+06", "date": "2029-10-04.09", "dist": "120.839", "sigma_lov": "0.27258", "sigma_imp": "1.505", "ps": "-8.07"}, {"energy": "1.808e+00", "width": "9.6680e+01", "ip": "5.674e-09", "ts": "0", "stretch": "7.9636e+05", "date": "2029-09-27.74", "dist": "22.564", "sigma_lov": "0.46418", "sigma_imp": "0.223", "ps": "-7.61"}, {"energy": "1.231e+00", "width": "1.1306e+02", "ip": "6.466e-09", "ts": "0", "stretch": "3.3903e+05", "date": "2029-09-14.13", "dist": "107.476", "sigma_lov": "0.70721", "sigma_imp": "0.942", "ps": "-7.69"}, {"energy": "2.982e+00", "width": "7.1550e+01", "ip": "3.089e-10", "ts": "0", "stretch": "1.4828e+06", "date": "2028-10-06.18", "dist": "166.575", "sigma_lov": "0.17447", "sigma_imp": "2.314", "ps": "-8.67"}, {"energy": "2.149e+00", "width": "8.7595e+01", "ip": "6.553e-09", "ts": "0", "stretch": "5.6345e+05", "date": "2028-09-30.97", "dist": "75.330", "sigma_lov": "0.36294", "sigma_imp": "0.849", "ps": "-7.46"}, {"energy": "1.458e+00", "width": "1.0906e+02", "ip": "7.343e-09", "ts": "0", "stretch": "4.7268e+05", "date": "2028-09-21.29", "dist": "48.811", "sigma_lov": "0.59703", "sigma_imp": "0.438", "ps": "-7.54"}, {"energy": "2.152e+00", "width": "8.7926e+01", "ip": "2.146e-09", "ts": "0", "stretch": "1.7123e+06", "date": "2028-10-01.01", "dist": "75.770", "sigma_lov": "0.36189", "sigma_imp": "0.850", "ps": "-7.94"}, {"energy": "2.595e+00", "width": "7.7645e+01", "ip": "1.373e-09", "ts": "0", "stretch": "1.0983e+06", "date": "2027-10-05.21", "dist": "130.799", "sigma_lov": "0.25553", "sigma_imp": "1.672", "ps": "-8.03"}, {"energy": "1.756e+00", "width": "9.9137e+01", "ip": "7.364e-09", "ts": "0", "stretch": "6.0378e+05", "date": "2027-09-27.64", "dist": "13.835", "sigma_lov": "0.48249", "sigma_imp": "0.129", "ps": "-7.43"}, {"energy": "1.073e+00", "width": "1.7718e+02", "ip": "1.471e-08", "ts": "0", "stretch": "9.5359e+04", "date": "2027-09-05.41", "dist": "153.787", "sigma_lov": "0.80292", "sigma_imp": "0.862", "ps": "-7.30"}, {"energy": "3.198e+00", "width": "6.8443e+01", "ip": "1.336e-10", "ts": "0", "stretch": "1.3353e+06", "date": "2026-10-07.78", "dist": "186.253", "sigma_lov": "0.13878", "sigma_imp": "2.707", "ps": "-8.93"}, {"energy": "2.155e+00", "width": "8.7654e+01", "ip": "6.111e-09", "ts": "0", "stretch": "5.9420e+05", "date": "2026-10-01.65", "dist": "77.052", "sigma_lov": "0.36158", "sigma_imp": "0.868", "ps": "-7.40"}, {"energy": "1.344e+00", "width": "1.0973e+02", "ip": "1.857e-08", "ts": "0", "stretch": "1.5503e+05", "date": "2026-09-18.49", "dist": "77.189", "sigma_lov": "0.65054", "sigma_imp": "0.694", "ps": "-7.08"}, {"energy": "1.347e+00", "width": "1.1747e+02", "ip": "9.682e-09", "ts": "0", "stretch": "2.8870e+05", "date": "2026-09-18.60", "dist": "76.172", "sigma_lov": "0.64869", "sigma_imp": "0.640", "ps": "-7.36"}, {"energy": "2.703e+00", "width": "7.6781e+01", "ip": "1.251e-09", "ts": "0", "stretch": "9.5283e+05", "date": "2025-10-05.10", "dist": "140.376", "sigma_lov": "0.23143", "sigma_imp": "1.815", "ps": "-7.96"}, {"energy": "1.680e+00", "width": "1.0129e+02", "ip": "9.293e-09", "ts": "0", "stretch": "4.6643e+05", "date": "2025-09-25.84", "dist": "1.677", "sigma_lov": "0.50982", "sigma_imp": "0.007", "ps": "-7.26"}, {"energy": "2.157e+00", "width": "8.8174e+01", "ip": "6.734e-09", "ts": "0", "stretch": "5.4436e+05", "date": "2024-10-01.05", "dist": "76.025", "sigma_lov": "0.35958", "sigma_imp": "0.851", "ps": "-7.26"}, {"energy": "1.171e+00", "width": "1.1122e+02", "ip": "9.834e-09", "ts": "0", "stretch": "1.8504e+05", "date": "2024-09-10.88", "dist": "124.809", "sigma_lov": "0.74149", "sigma_imp": "1.113", "ps": "-7.30"}, {"energy": "2.880e+00", "width": "7.3887e+01", "ip": "8.315e-10", "ts": "0", "stretch": "8.2411e+05", "date": "2023-10-06.48", "dist": "157.475", "sigma_lov": "0.19471", "sigma_imp": "2.118", "ps": "-8.00"}, {"energy": "1.559e+00", "width": "1.0704e+02", "ip": "1.254e-08", "ts": "0", "stretch": "3.0911e+05", "date": "2023-09-24.12", "dist": "27.195", "sigma_lov": "0.55564", "sigma_imp": "0.245", "ps": "-7.03"}, {"energy": "2.175e+00", "width": "8.8164e+01", "ip": "8.068e-09", "ts": "0", "stretch": "4.4323e+05", "date": "2022-10-01.77", "dist": "78.636", "sigma_lov": "0.35619", "sigma_imp": "0.881", "ps": "-7.04"}, {"energy": "3.237e+00", "width": "6.8820e+01", "ip": "2.483e-10", "ts": "0", "stretch": "6.9326e+05", "date": "2021-10-07.54", "dist": "188.077", "sigma_lov": "0.13104", "sigma_imp": "2.718", "ps": "-8.33"}, {"energy": "1.351e+00", "width": "1.1527e+02", "ip": "1.772e-08", "ts": "0", "stretch": "1.5973e+05", "date": "2021-09-18.49", "dist": "76.070", "sigma_lov": "0.64699", "sigma_imp": "0.651", "ps": "-6.77"}, {"energy": "2.201e+00", "width": "8.8619e+01", "ip": "1.117e-08", "ts": "0", "stretch": "3.0980e+05", "date": "2020-10-01.50", "dist": "82.012", "sigma_lov": "0.34923", "sigma_imp": "0.914", "ps": "-6.70"}, {"energy": "2.276e+00", "width": "8.9423e+01", "ip": "1.928e-08", "ts": "0", "stretch": "1.6214e+05", "date": "2018-10-02.58", "dist": "91.873", "sigma_lov": "0.32822", "sigma_imp": "1.016", "ps": "-6.08"}]}