{"summary": {"energy": "4.399e-01", "darc": "185.15 days", "ip": "2.532e-05", "h": "25.91", "nobs": "102", "mass": "1.50e+07", "v_inf": "11.06", "first_obs": "2016-Mar-28.00485", "method": "LOV", "pdate": "2017-07-02 07:57:47", "ndop": "0", "cdate": "2017-07-02 07:57:47", "ps_cum": "-5.34", "diameter": "2.2e-02", "ndel": "0", "v_imp": "15.70", "ps_max": "-5.34", "last_obs": "2016-Sep-29.154252", "fullname": "(2016 FV13)", "n_imp": "1", "ts_max": "0", "nsat": "0", "des": "2016 FV13"}, "signature": {"source": "NASA/JPL Sentry Data API", "version": "1.1"}, "data": [{"energy": "4.399e-01", "width": "1.9410e-04", "ip": "2.532e-05", "ts": "0", "stretch": "1.5614e+04", "date": "2114-04-12.65", "dist": "0.857", "sigma_lov": "-0.28318", "sigma_imp": "0.000", "ps": "-5.34"}]}