{"summary": {"energy": "2.453e-03", "darc": "9.9848 days", "ip": "0.000103418764", "h": "29.23", "nobs": "31", "mass": "1.53e+05", "v_inf": "3.24", "first_obs": "2016-Nov-19.26009", "method": "LOV", "pdate": "2017-04-14 10:39:05", "ndop": "0", "cdate": "2017-04-14 10:39:05", "ps_cum": "-6.47", "diameter": "0.0048", "ndel": "0", "v_imp": "11.60", "ps_max": "-6.58", "last_obs": "2016-Nov-29.244925", "fullname": "(2016 WY)", "n_imp": "12", "ts_max": "0", "nsat": "0", "des": "2016 WY"}, "signature": {"source": "NASA/JPL Sentry Data API", "version": "1.1"}, "data": [{"energy": "2.462e-03", "width": "2.6490e-04", "ip": "7.597e-06", "ts": "0", "stretch": "7.5950e+04", "date": "2111-11-09.78", "dist": "0.434", "sigma_lov": "-0.66265", "sigma_imp": "0.000", "ps": "-7.66"}, {"energy": "2.463e-03", "width": "5.7581e-04", "ip": "2.836e-06", "ts": "0", "stretch": "2.3452e+05", "date": "2111-11-05.48", "dist": "0.456", "sigma_lov": "-0.36197", "sigma_imp": "0.000", "ps": "-8.09"}, {"energy": "2.465e-03", "width": "2.7778e-03", "ip": "1.778e-07", "ts": "0", "stretch": "1.0220e+06", "date": "2108-11-03.23", "dist": "0.938", "sigma_lov": "0.91972", "sigma_imp": "0.000", "ps": "-9.28"}, {"energy": "2.459e-03", "width": "4.8647e-04", "ip": "8.046e-06", "ts": "0", "stretch": "5.3347e+04", "date": "2107-11-08.12", "dist": "0.820", "sigma_lov": "-0.35405", "sigma_imp": "0.000", "ps": "-7.62"}, {"energy": "2.452e-03", "width": "2.7257e-04", "ip": "7.801e-05", "ts": "0", "stretch": "5.5984e+03", "date": "2097-11-11.41", "dist": "0.836", "sigma_lov": "0.06669", "sigma_imp": "0.000", "ps": "-6.58"}, {"energy": "2.455e-03", "width": "2.5308e-04", "ip": "6.484e-07", "ts": "0", "stretch": "1.2801e+04", "date": "2096-11-12.36", "dist": "0.016", "sigma_lov": "-3.02183", "sigma_imp": "0.000", "ps": "-8.65"}, {"energy": "2.468e-03", "width": "7.0712e-05", "ip": "8.562e-07", "ts": "0", "stretch": "2.0007e+04", "date": "2094-11-09.01", "dist": "0.691", "sigma_lov": "-2.65185", "sigma_imp": "0.000", "ps": "-8.52"}, {"energy": "2.444e-03", "width": "0.0000e+00", "ip": "1.282e-07", "ts": "0", "stretch": "1.5187e+05", "date": "2092-11-11.28", "dist": "0.267", "sigma_lov": "-2.71145", "sigma_imp": "0.000", "ps": "-9.34"}, {"energy": "2.444e-03", "width": "2.4552e-04", "ip": "4.963e-06", "ts": "0", "stretch": "4.5854e+04", "date": "2092-11-11.30", "dist": "0.256", "sigma_lov": "-1.56242", "sigma_imp": "0.000", "ps": "-7.75"}, {"energy": "2.449e-03", "width": "0.0000e+00", "ip": "1.401e-07", "ts": "0", "stretch": "1.0391e+06", "date": "2091-11-11.60", "dist": "0.680", "sigma_lov": "-1.66829", "sigma_imp": "0.000", "ps": "-9.29"}, {"energy": "2.462e-03", "width": "2.0358e-04", "ip": "2.374e-09", "ts": "0", "stretch": "1.6389e+04", "date": "2091-11-08.64", "dist": "0.945", "sigma_lov": "4.19773", "sigma_imp": "0.000", "ps": "-11.1"}, {"energy": "2.451e-03", "width": "3.2407e-04", "ip": "1.369e-08", "ts": "0", "stretch": "1.0594e+04", "date": "2084-11-08.52", "dist": "0.238", "sigma_lov": "-4.14326", "sigma_imp": "0.000", "ps": "-10.3"}]}