{"summary": {"energy": "4.316e-03", "darc": "7.9949 days", "ip": "5.4149401e-05", "h": "29.07", "nobs": "17", "mass": "1.90e+05", "v_inf": "8.13", "first_obs": "2017-Sep-12.31378", "method": "LOV", "pdate": "2017-09-25 08:08:33", "ndop": "0", "cdate": "2017-09-25 08:08:33", "ps_cum": "-6.56", "diameter": "0.0052", "ndel": "0", "v_imp": "13.79", "ps_max": "-6.70", "last_obs": "2017-Sep-20.308696", "fullname": "(2017 RN16)", "n_imp": "30", "ts_max": "0", "nsat": "0", "des": "2017 RN16"}, "signature": {"source": "NASA/JPL Sentry Data API", "version": "1.1"}, "data": [{"energy": "4.375e-03", "width": "1.9642e-03", "ip": "2.588e-08", "ts": "0", "stretch": "3.3097e+05", "date": "2115-09-12.73", "dist": "0.551", "sigma_lov": "2.95003", "sigma_imp": "0.000", "ps": "-9.94"}, {"energy": "4.295e-03", "width": "1.9642e-03", "ip": "2.355e-06", "ts": "0", "stretch": "1.4515e+05", "date": "2076-09-11.21", "dist": "0.478", "sigma_lov": "-1.19707", "sigma_imp": "0.000", "ps": "-7.77"}, {"energy": "4.366e-03", "width": "0.0000e+00", "ip": "1.810e-07", "ts": "0", "stretch": "2.5093e+05", "date": "2117-09-11.98", "dist": "0.159", "sigma_lov": "2.38853", "sigma_imp": "0.000", "ps": "-9.11"}, {"energy": "4.364e-03", "width": "8.5052e-04", "ip": "2.839e-07", "ts": "0", "stretch": "1.1040e+05", "date": "2117-09-12.01", "dist": "0.729", "sigma_lov": "2.39019", "sigma_imp": "0.000", "ps": "-8.91"}, {"energy": "4.291e-03", "width": "5.5556e-03", "ip": "3.652e-07", "ts": "0", "stretch": "8.8422e+05", "date": "2113-09-12.51", "dist": "0.215", "sigma_lov": "-1.32615", "sigma_imp": "0.000", "ps": "-8.79"}, {"energy": "4.278e-03", "width": "2.7778e-03", "ip": "1.788e-07", "ts": "0", "stretch": "5.0161e+05", "date": "2113-09-12.28", "dist": "0.526", "sigma_lov": "-2.01036", "sigma_imp": "0.000", "ps": "-9.10"}, {"energy": "4.367e-03", "width": "0.0000e+00", "ip": "1.887e-08", "ts": "0", "stretch": "2.1204e+06", "date": "2117-09-12.26", "dist": "0.090", "sigma_lov": "2.44450", "sigma_imp": "0.000", "ps": "-10.1"}, {"energy": "4.289e-03", "width": "2.2222e-02", "ip": "9.042e-08", "ts": "0", "stretch": "4.0119e+06", "date": "2112-09-11.90", "dist": "0.023", "sigma_lov": "-1.25408", "sigma_imp": "0.000", "ps": "-9.39"}, {"energy": "4.384e-03", "width": "0.0000e+00", "ip": "1.456e-08", "ts": "0", "stretch": "5.0963e+05", "date": "2111-09-12.60", "dist": "0.577", "sigma_lov": "2.99121", "sigma_imp": "0.000", "ps": "-10.2"}, {"energy": "4.369e-03", "width": "0.0000e+00", "ip": "7.865e-08", "ts": "0", "stretch": "4.2437e+05", "date": "2109-09-12.13", "dist": "0.422", "sigma_lov": "2.47998", "sigma_imp": "0.000", "ps": "-9.43"}, {"energy": "4.382e-03", "width": "0.0000e+00", "ip": "1.586e-08", "ts": "0", "stretch": "9.6296e+05", "date": "2108-09-11.86", "dist": "0.429", "sigma_lov": "2.77580", "sigma_imp": "0.000", "ps": "-10.1"}, {"energy": "4.295e-03", "width": "0.0000e+00", "ip": "2.190e-07", "ts": "0", "stretch": "1.0343e+06", "date": "2108-09-11.94", "dist": "0.641", "sigma_lov": "-1.40900", "sigma_imp": "0.000", "ps": "-8.99"}, {"energy": "4.329e-03", "width": "0.0000e+00", "ip": "1.779e-06", "ts": "0", "stretch": "3.9124e+05", "date": "2108-09-11.89", "dist": "0.363", "sigma_lov": "0.36373", "sigma_imp": "0.000", "ps": "-8.08"}, {"energy": "4.377e-03", "width": "2.7778e-03", "ip": "2.170e-08", "ts": "0", "stretch": "4.1161e+05", "date": "2107-09-12.69", "dist": "0.111", "sigma_lov": "2.99475", "sigma_imp": "0.000", "ps": "-9.98"}, {"energy": "4.327e-03", "width": "0.0000e+00", "ip": "7.715e-07", "ts": "0", "stretch": "3.3241e+05", "date": "2107-09-12.37", "dist": "0.896", "sigma_lov": "0.80660", "sigma_imp": "0.000", "ps": "-8.43"}, {"energy": "4.248e-03", "width": "1.3889e-03", "ip": "4.931e-09", "ts": "0", "stretch": "2.5906e+05", "date": "2105-09-12.05", "dist": "0.666", "sigma_lov": "-3.50332", "sigma_imp": "0.000", "ps": "-10.6"}, {"energy": "4.317e-03", "width": "1.5035e-04", "ip": "4.052e-05", "ts": "0", "stretch": "1.2958e+04", "date": "2104-09-11.91", "dist": "0.713", "sigma_lov": "0.35522", "sigma_imp": "0.000", "ps": "-6.70"}, {"energy": "4.337e-03", "width": "0.0000e+00", "ip": "5.119e-07", "ts": "0", "stretch": "9.7328e+05", "date": "2103-09-12.57", "dist": "0.506", "sigma_lov": "0.80446", "sigma_imp": "0.000", "ps": "-8.59"}, {"energy": "4.323e-03", "width": "0.0000e+00", "ip": "2.985e-06", "ts": "0", "stretch": "2.0422e+05", "date": "2100-09-12.04", "dist": "0.622", "sigma_lov": "0.21956", "sigma_imp": "0.000", "ps": "-7.81"}, {"energy": "4.315e-03", "width": "1.5714e-02", "ip": "3.121e-07", "ts": "0", "stretch": "2.5204e+06", "date": "2099-09-11.79", "dist": "0.159", "sigma_lov": "0.05300", "sigma_imp": "0.000", "ps": "-8.79"}, {"energy": "4.334e-03", "width": "6.2854e-02", "ip": "2.957e-08", "ts": "0", "stretch": "9.1663e+06", "date": "2095-09-11.19", "dist": "0.867", "sigma_lov": "0.82490", "sigma_imp": "0.000", "ps": "-9.79"}, {"energy": "4.337e-03", "width": "3.1427e-02", "ip": "9.924e-08", "ts": "0", "stretch": "5.7500e+06", "date": "2095-09-11.59", "dist": "0.110", "sigma_lov": "0.81099", "sigma_imp": "0.000", "ps": "-9.26"}, {"energy": "4.318e-03", "width": "0.0000e+00", "ip": "3.364e-07", "ts": "0", "stretch": "1.8310e+06", "date": "2095-09-11.80", "dist": "0.634", "sigma_lov": "0.05942", "sigma_imp": "0.000", "ps": "-8.73"}, {"energy": "4.331e-03", "width": "3.1427e-02", "ip": "1.032e-07", "ts": "0", "stretch": "5.3821e+06", "date": "2093-09-11.15", "dist": "0.315", "sigma_lov": "0.78716", "sigma_imp": "0.000", "ps": "-9.23"}, {"energy": "4.294e-03", "width": "0.0000e+00", "ip": "1.743e-06", "ts": "0", "stretch": "1.3705e+05", "date": "2092-09-10.88", "dist": "0.069", "sigma_lov": "-1.55012", "sigma_imp": "0.000", "ps": "-8.00"}, {"energy": "4.315e-03", "width": "0.0000e+00", "ip": "4.819e-07", "ts": "0", "stretch": "1.5623e+06", "date": "2091-09-11.80", "dist": "0.326", "sigma_lov": "0.06159", "sigma_imp": "0.000", "ps": "-8.56"}, {"energy": "4.243e-03", "width": "2.0358e-04", "ip": "2.281e-07", "ts": "0", "stretch": "6.7790e+03", "date": "2088-09-10.89", "dist": "0.154", "sigma_lov": "-3.52891", "sigma_imp": "0.000", "ps": "-8.87"}, {"energy": "4.356e-03", "width": "0.0000e+00", "ip": "5.832e-08", "ts": "0", "stretch": "1.3211e+06", "date": "2088-09-11.06", "dist": "0.343", "sigma_lov": "2.13294", "sigma_imp": "0.000", "ps": "-9.45"}, {"energy": "4.316e-03", "width": "0.0000e+00", "ip": "1.879e-07", "ts": "0", "stretch": "3.7712e+06", "date": "2083-09-11.90", "dist": "0.452", "sigma_lov": "0.09445", "sigma_imp": "0.000", "ps": "-8.91"}, {"energy": "4.334e-03", "width": "0.0000e+00", "ip": "1.485e-07", "ts": "0", "stretch": "3.8871e+06", "date": "2076-09-10.30", "dist": "0.242", "sigma_lov": "0.76628", "sigma_imp": "0.000", "ps": "-8.97"}]}