{"summary": {"energy": "3.366e+01", "darc": "1.7863 days", "ip": "2.64173e-08", "h": "22.85", "nobs": "5", "mass": "1.04e+09", "v_inf": "11.74", "first_obs": "2017-Oct-28.57125", "method": "LOV", "pdate": "2017-11-20 11:13:39", "ndop": "0", "cdate": "2017-11-20 11:13:39", "ps_cum": "-5.89", "diameter": "0.0912058953791644", "ndel": "0", "v_imp": "16.24", "ps_max": "-6.22", "last_obs": "2017-Oct-30.35751", "fullname": "(2017 UE52)", "n_imp": "56", "ts_max": "0", "nsat": "0", "des": "2017 UE52"}, "signature": {"source": "NASA/JPL Sentry Data API", "version": "1.1"}, "data": [{"energy": "3.832e+01", "width": "4.1813e+02", "ip": "1.597e-10", "ts": "0", "stretch": "1.2874e+06", "date": "2069-04-22.22", "dist": "9.359", "sigma_lov": "1.88196", "sigma_imp": "0.020", "ps": "-8.72"}, {"energy": "3.084e+01", "width": "5.4597e+02", "ip": "2.061e-10", "ts": "0", "stretch": "9.7322e+05", "date": "2069-04-10.18", "dist": "126.257", "sigma_lov": "1.73244", "sigma_imp": "0.229", "ps": "-8.68"}, {"energy": "3.839e+01", "width": "4.0853e+02", "ip": "1.121e-10", "ts": "0", "stretch": "1.8686e+06", "date": "2067-04-22.63", "dist": "7.339", "sigma_lov": "1.88444", "sigma_imp": "0.016", "ps": "-8.85"}, {"energy": "3.059e+01", "width": "5.3722e+02", "ip": "2.280e-10", "ts": "0", "stretch": "8.9584e+05", "date": "2067-04-10.10", "dist": "132.346", "sigma_lov": "1.72907", "sigma_imp": "0.244", "ps": "-8.62"}, {"energy": "3.045e+01", "width": "5.4828e+02", "ip": "1.958e-10", "ts": "0", "stretch": "1.0283e+06", "date": "2065-04-09.24", "dist": "136.414", "sigma_lov": "1.72517", "sigma_imp": "0.247", "ps": "-8.67"}, {"energy": "4.703e+01", "width": "3.5276e+02", "ip": "1.962e-10", "ts": "0", "stretch": "8.6242e+05", "date": "2063-05-02.42", "dist": "137.854", "sigma_lov": "2.03034", "sigma_imp": "0.388", "ps": "-8.50"}, {"energy": "3.894e+01", "width": "3.7497e+02", "ip": "3.024e-10", "ts": "0", "stretch": "7.3890e+05", "date": "2063-04-23.33", "dist": "18.141", "sigma_lov": "1.89509", "sigma_imp": "0.046", "ps": "-8.38"}, {"energy": "4.313e+01", "width": "3.5888e+02", "ip": "2.853e-10", "ts": "0", "stretch": "6.9698e+05", "date": "2062-04-27.98", "dist": "79.615", "sigma_lov": "1.96652", "sigma_imp": "0.219", "ps": "-8.36"}, {"energy": "3.002e+01", "width": "5.5704e+02", "ip": "3.005e-10", "ts": "0", "stretch": "6.6772e+05", "date": "2061-04-08.34", "dist": "145.246", "sigma_lov": "1.71625", "sigma_imp": "0.259", "ps": "-8.45"}, {"energy": "5.142e+01", "width": "2.9660e+02", "ip": "1.384e-10", "ts": "0", "stretch": "1.1434e+06", "date": "2060-05-05.06", "dist": "180.821", "sigma_lov": "2.09423", "sigma_imp": "0.606", "ps": "-8.60"}, {"energy": "2.970e+01", "width": "5.5808e+02", "ip": "2.358e-10", "ts": "0", "stretch": "8.5554e+05", "date": "2059-04-08.18", "dist": "151.438", "sigma_lov": "1.71035", "sigma_imp": "0.270", "ps": "-8.54"}, {"energy": "2.921e+01", "width": "5.6903e+02", "ip": "3.036e-10", "ts": "0", "stretch": "6.6254e+05", "date": "2055-04-06.88", "dist": "164.422", "sigma_lov": "1.69769", "sigma_imp": "0.287", "ps": "-8.40"}, {"energy": "4.012e+01", "width": "4.2129e+02", "ip": "4.748e-10", "ts": "0", "stretch": "4.0221e+05", "date": "2053-04-24.31", "dist": "34.397", "sigma_lov": "1.91539", "sigma_imp": "0.079", "ps": "-8.07"}, {"energy": "4.083e+01", "width": "4.0307e+02", "ip": "2.452e-10", "ts": "0", "stretch": "7.9084e+05", "date": "2049-04-25.12", "dist": "43.976", "sigma_lov": "1.92913", "sigma_imp": "0.107", "ps": "-8.30"}, {"energy": "4.458e+01", "width": "3.1367e+02", "ip": "2.270e-10", "ts": "0", "stretch": "9.2651e+05", "date": "2090-04-29.75", "dist": "103.462", "sigma_lov": "1.99119", "sigma_imp": "0.327", "ps": "-8.66"}, {"energy": "4.173e+01", "width": "4.1240e+02", "ip": "1.871e-10", "ts": "0", "stretch": "9.8078e+05", "date": "2070-04-26.57", "dist": "61.320", "sigma_lov": "1.94328", "sigma_imp": "0.146", "ps": "-8.63"}, {"energy": "3.088e+01", "width": "5.3669e+02", "ip": "1.820e-10", "ts": "0", "stretch": "1.1158e+06", "date": "2071-04-10.62", "dist": "127.052", "sigma_lov": "1.73448", "sigma_imp": "0.235", "ps": "-8.75"}, {"energy": "3.798e+01", "width": "4.3057e+02", "ip": "1.912e-10", "ts": "0", "stretch": "1.0504e+06", "date": "2071-04-22.30", "dist": "4.337", "sigma_lov": "1.87894", "sigma_imp": "0.008", "ps": "-8.66"}, {"energy": "4.484e+01", "width": "3.0022e+02", "ip": "3.998e-10", "ts": "0", "stretch": "5.3952e+05", "date": "2073-04-29.75", "dist": "106.276", "sigma_lov": "1.99643", "sigma_imp": "0.351", "ps": "-8.30"}, {"energy": "3.121e+01", "width": "5.3606e+02", "ip": "2.549e-10", "ts": "0", "stretch": "7.9055e+05", "date": "2075-04-11.42", "dist": "118.691", "sigma_lov": "1.74151", "sigma_imp": "0.220", "ps": "-8.63"}, {"energy": "2.734e+01", "width": "5.9415e+02", "ip": "1.171e-09", "ts": "0", "stretch": "1.7389e+05", "date": "2076-04-02.09", "dist": "198.121", "sigma_lov": "1.65625", "sigma_imp": "0.332", "ps": "-8.03"}, {"energy": "2.739e+01", "width": "6.0355e+02", "ip": "8.193e-10", "ts": "0", "stretch": "2.4471e+05", "date": "2076-04-02.24", "dist": "196.498", "sigma_lov": "1.65749", "sigma_imp": "0.324", "ps": "-8.18"}, {"energy": "3.136e+01", "width": "5.3441e+02", "ip": "2.435e-10", "ts": "0", "stretch": "8.2580e+05", "date": "2077-04-11.23", "dist": "115.701", "sigma_lov": "1.74514", "sigma_imp": "0.215", "ps": "-8.67"}, {"energy": "4.646e+01", "width": "3.4816e+02", "ip": "2.811e-10", "ts": "0", "stretch": "6.2483e+05", "date": "2078-05-01.65", "dist": "130.025", "sigma_lov": "2.02166", "sigma_imp": "0.371", "ps": "-8.48"}, {"energy": "3.160e+01", "width": "5.4202e+02", "ip": "3.574e-10", "ts": "0", "stretch": "5.5215e+05", "date": "2079-04-12.16", "dist": "111.133", "sigma_lov": "1.74932", "sigma_imp": "0.203", "ps": "-8.51"}, {"energy": "2.778e+01", "width": "6.0191e+02", "ip": "7.081e-10", "ts": "0", "stretch": "2.8144e+05", "date": "2080-04-03.03", "dist": "190.072", "sigma_lov": "1.66472", "sigma_imp": "0.314", "ps": "-8.27"}, {"energy": "4.339e+01", "width": "3.5892e+02", "ip": "2.617e-10", "ts": "0", "stretch": "7.4940e+05", "date": "2081-04-28.39", "dist": "88.718", "sigma_lov": "1.97039", "sigma_imp": "0.244", "ps": "-8.55"}, {"energy": "4.801e+01", "width": "3.0152e+02", "ip": "2.332e-10", "ts": "0", "stretch": "7.9128e+05", "date": "2083-05-03.16", "dist": "146.123", "sigma_lov": "2.04486", "sigma_imp": "0.481", "ps": "-8.58"}, {"energy": "1.889e+01", "width": "9.7585e+01", "ip": "1.701e-09", "ts": "0", "stretch": "1.5684e+06", "date": "2083-10-19.08", "dist": "71.686", "sigma_lov": "-0.87708", "sigma_imp": "0.724", "ps": "-8.04"}, {"energy": "2.824e+01", "width": "5.8553e+02", "ip": "3.011e-10", "ts": "0", "stretch": "6.6826e+05", "date": "2084-04-04.37", "dist": "177.622", "sigma_lov": "1.67794", "sigma_imp": "0.302", "ps": "-8.66"}, {"energy": "4.292e+01", "width": "3.9239e+02", "ip": "2.671e-10", "ts": "0", "stretch": "6.8727e+05", "date": "2085-04-27.84", "dist": "81.762", "sigma_lov": "1.96316", "sigma_imp": "0.206", "ps": "-8.57"}, {"energy": "1.789e+01", "width": "1.6066e+02", "ip": "3.475e-09", "ts": "0", "stretch": "3.1661e+05", "date": "2085-09-30.21", "dist": "165.209", "sigma_lov": "-1.01374", "sigma_imp": "1.022", "ps": "-7.77"}, {"energy": "3.196e+01", "width": "5.2764e+02", "ip": "1.695e-10", "ts": "0", "stretch": "1.1838e+06", "date": "2087-04-12.94", "dist": "102.299", "sigma_lov": "1.75627", "sigma_imp": "0.192", "ps": "-8.89"}, {"energy": "4.978e+01", "width": "3.3081e+02", "ip": "2.100e-10", "ts": "0", "stretch": "7.3628e+05", "date": "2108-05-05.67", "dist": "177.818", "sigma_lov": "2.07278", "sigma_imp": "0.534", "ps": "-8.75"}, {"energy": "4.584e+01", "width": "2.3545e+02", "ip": "1.181e-10", "ts": "0", "stretch": "2.0802e+06", "date": "2108-05-01.84", "dist": "126.350", "sigma_lov": "2.01217", "sigma_imp": "0.532", "ps": "-9.03"}, {"energy": "2.940e+01", "width": "5.4088e+02", "ip": "1.424e-10", "ts": "0", "stretch": "1.4776e+06", "date": "2098-04-07.42", "dist": "152.676", "sigma_lov": "1.70201", "sigma_imp": "0.280", "ps": "-9.05"}, {"energy": "3.238e+01", "width": "5.2389e+02", "ip": "1.206e-10", "ts": "0", "stretch": "1.6563e+06", "date": "2097-04-13.43", "dist": "90.918", "sigma_lov": "1.76504", "sigma_imp": "0.172", "ps": "-9.09"}, {"energy": "4.815e+01", "width": "2.9989e+02", "ip": "1.170e-10", "ts": "0", "stretch": "1.5647e+06", "date": "2096-05-02.76", "dist": "151.551", "sigma_lov": "2.04629", "sigma_imp": "0.502", "ps": "-8.96"}, {"energy": "4.592e+01", "width": "4.5832e+02", "ip": "2.940e-10", "ts": "0", "stretch": "4.8009e+05", "date": "2093-04-30.93", "dist": "124.519", "sigma_lov": "2.00989", "sigma_imp": "0.270", "ps": "-8.56"}, {"energy": "3.226e+01", "width": "5.1930e+02", "ip": "1.484e-10", "ts": "0", "stretch": "1.3655e+06", "date": "2093-04-13.17", "dist": "93.926", "sigma_lov": "1.76149", "sigma_imp": "0.179", "ps": "-8.98"}, {"energy": "5.116e+01", "width": "2.9855e+02", "ip": "1.761e-10", "ts": "0", "stretch": "9.1618e+05", "date": "2040-05-04.65", "dist": "172.876", "sigma_lov": "2.09048", "sigma_imp": "0.576", "ps": "-8.22"}, {"energy": "4.557e+01", "width": "4.1851e+02", "ip": "2.055e-09", "ts": "0", "stretch": "7.6330e+04", "date": "2020-04-29.47", "dist": "100.928", "sigma_lov": "2.00658", "sigma_imp": "0.239", "ps": "-6.22"}, {"energy": "3.944e+01", "width": "4.6480e+02", "ip": "1.415e-09", "ts": "0", "stretch": "1.2557e+05", "date": "2022-04-23.45", "dist": "18.793", "sigma_lov": "1.90279", "sigma_imp": "0.038", "ps": "-6.70"}, {"energy": "3.760e+01", "width": "4.7246e+02", "ip": "1.071e-09", "ts": "0", "stretch": "1.7376e+05", "date": "2024-04-20.39", "dist": "12.551", "sigma_lov": "1.86956", "sigma_imp": "0.024", "ps": "-6.99"}, {"energy": "3.675e+01", "width": "4.7474e+02", "ip": "8.818e-10", "ts": "0", "stretch": "2.1637e+05", "date": "2026-04-19.73", "dist": "26.144", "sigma_lov": "1.85302", "sigma_imp": "0.053", "ps": "-7.20"}, {"energy": "3.616e+01", "width": "4.7637e+02", "ip": "7.784e-10", "ts": "0", "stretch": "2.4863e+05", "date": "2028-04-18.45", "dist": "34.921", "sigma_lov": "1.84275", "sigma_imp": "0.071", "ps": "-7.36"}, {"energy": "5.222e+01", "width": "2.9814e+02", "ip": "2.702e-10", "ts": "0", "stretch": "5.6690e+05", "date": "2029-05-05.68", "dist": "182.797", "sigma_lov": "2.10633", "sigma_imp": "0.610", "ps": "-7.73"}, {"energy": "3.580e+01", "width": "4.7623e+02", "ip": "7.304e-10", "ts": "0", "stretch": "2.6812e+05", "date": "2030-04-18.30", "dist": "42.132", "sigma_lov": "1.83577", "sigma_imp": "0.086", "ps": "-7.46"}, {"energy": "4.943e+01", "width": "2.6556e+02", "ip": "2.150e-10", "ts": "0", "stretch": "9.0631e+05", "date": "2031-05-03.85", "dist": "145.046", "sigma_lov": "2.06485", "sigma_imp": "0.542", "ps": "-7.92"}, {"energy": "3.559e+01", "width": "4.7471e+02", "ip": "7.196e-10", "ts": "0", "stretch": "2.7532e+05", "date": "2032-04-17.41", "dist": "46.047", "sigma_lov": "1.83073", "sigma_imp": "0.095", "ps": "-7.54"}, {"energy": "3.537e+01", "width": "4.7669e+02", "ip": "7.010e-10", "ts": "0", "stretch": "2.8359e+05", "date": "2034-04-17.73", "dist": "46.747", "sigma_lov": "1.82648", "sigma_imp": "0.096", "ps": "-7.61"}, {"energy": "2.810e+01", "width": "5.8975e+02", "ip": "4.088e-10", "ts": "0", "stretch": "4.9053e+05", "date": "2049-04-03.89", "dist": "186.686", "sigma_lov": "1.67308", "sigma_imp": "0.315", "ps": "-8.20"}, {"energy": "5.300e+01", "width": "2.7187e+02", "ip": "2.137e-10", "ts": "0", "stretch": "7.1801e+05", "date": "2047-05-06.88", "dist": "193.768", "sigma_lov": "2.11788", "sigma_imp": "0.709", "ps": "-8.24"}, {"energy": "4.129e+01", "width": "4.0787e+02", "ip": "1.191e-10", "ts": "0", "stretch": "1.5813e+06", "date": "2047-04-26.13", "dist": "50.101", "sigma_lov": "1.93737", "sigma_imp": "0.120", "ps": "-8.58"}, {"energy": "2.759e+01", "width": "5.9614e+02", "ip": "4.036e-10", "ts": "0", "stretch": "4.9883e+05", "date": "2047-04-03.03", "dist": "198.330", "sigma_lov": "1.66106", "sigma_imp": "0.331", "ps": "-8.19"}, {"energy": "4.316e+01", "width": "3.6083e+02", "ip": "2.932e-10", "ts": "0", "stretch": "6.7372e+05", "date": "2041-04-27.64", "dist": "76.005", "sigma_lov": "1.96832", "sigma_imp": "0.208", "ps": "-8.07"}]}