{"summary": {"energy": "3.008e-03", "darc": "23.026 days", "ip": "9.655e-07", "h": "29.07", "nobs": "30", "mass": "1.90e+05", "v_inf": "2.92", "first_obs": "2017-May-06.44444", "method": "LOV", "pdate": "2017-06-01 08:00:13", "ndop": "0", "cdate": "2017-06-01 08:00:13", "ps_cum": "-8.48", "diameter": "0.0052", "ndel": "0", "v_imp": "11.52", "ps_max": "-8.76", "last_obs": "2017-May-29.470678", "fullname": "(2017 JB2)", "n_imp": "2", "ts_max": "0", "nsat": "0", "des": "2017 JB2"}, "signature": {"source": "NASA/JPL Sentry Data API", "version": "1.1"}, "data": [{"energy": "3.009e-03", "width": "7.8568e-03", "ip": "4.522e-07", "ts": "0", "stretch": "1.2061e+06", "date": "2110-04-30.10", "dist": "0.442", "sigma_lov": "-0.75443", "sigma_imp": "0.000", "ps": "-8.81"}, {"energy": "3.008e-03", "width": "0.0000e+00", "ip": "5.133e-07", "ts": "0", "stretch": "9.2583e+05", "date": "2111-04-30.41", "dist": "0.567", "sigma_lov": "-0.83020", "sigma_imp": "0.000", "ps": "-8.76"}]}