{"summary": {"energy": "8.317e-04", "darc": "10.006 days", "ip": "3.589243e-06", "h": "30.00", "nobs": "29", "mass": "5.32e+04", "v_inf": "2.67", "first_obs": "2017-Dec-20.24585", "method": "LOV", "pdate": "2018-01-12 08:57:23", "ndop": "0", "cdate": "2018-01-12 08:57:23", "ps_cum": "-8.33", "diameter": "0.0034", "ndel": "0", "v_imp": "11.46", "ps_max": "-8.43", "last_obs": "2017-Dec-30.25154", "fullname": "(2017 YD1)", "n_imp": "3", "ts_max": "0", "nsat": "0", "des": "2017 YD1"}, "signature": {"source": "NASA/JPL Sentry Data API", "version": "1.1"}, "data": [{"energy": "8.324e-04", "width": "1.9642e-03", "ip": "8.490e-07", "ts": "0", "stretch": "5.4780e+05", "date": "2117-12-11.61", "dist": "0.224", "sigma_lov": "-1.01385", "sigma_imp": "0.000", "ps": "-9.01"}, {"energy": "8.315e-04", "width": "1.9642e-03", "ip": "2.738e-06", "ts": "0", "stretch": "1.2019e+05", "date": "2102-12-11.96", "dist": "0.585", "sigma_lov": "-1.16335", "sigma_imp": "0.000", "ps": "-8.43"}, {"energy": "8.246e-04", "width": "3.9780e-04", "ip": "2.243e-09", "ts": "0", "stretch": "3.0940e+04", "date": "2102-12-13.05", "dist": "0.919", "sigma_lov": "4.10442", "sigma_imp": "0.000", "ps": "-11.5"}]}