{"summary": {"energy": "1.368e+01", "darc": "1.1101 days", "ip": "2.108e-10", "h": "23.92", "nobs": "6", "mass": "2.34e+08", "v_inf": "19.15", "first_obs": "2017-Sep-24.27114", "method": "LOV", "pdate": "2017-10-14 08:41:01", "ndop": "0", "cdate": "2017-10-14 08:41:01", "ps_cum": "-8.75", "diameter": "5.6e-02", "ndel": "0", "v_imp": "22.16", "ps_max": "-8.75", "last_obs": "2017-Sep-25.381248", "fullname": "(2017 SB33)", "n_imp": "1", "ts_max": "0", "nsat": "0", "des": "2017 SB33"}, "signature": {"source": "NASA/JPL Sentry Data API", "version": "1.1"}, "data": [{"energy": "1.368e+01", "width": "2.1743e+02", "ip": "2.108e-10", "ts": "0", "stretch": "4.9625e+05", "date": "2049-10-13.76", "dist": "12.339", "sigma_lov": "-2.47657", "sigma_imp": "0.052", "ps": "-8.75"}]}