{"summary": {"energy": "9.823e-03", "darc": ".97706 days", "ip": "1.0311141e-05", "h": "28.82", "nobs": "6", "mass": "2.71e+05", "v_inf": "13.44", "first_obs": "2017-Apr-27.4186", "method": "LOV", "pdate": "2017-05-31 07:55:26", "ndop": "0", "cdate": "2017-05-31 07:55:26", "ps_cum": "-6.15", "diameter": "0.0058088618999585", "ndel": "0", "v_imp": "17.46", "ps_max": "-6.18", "last_obs": "2017-Apr-28.395655", "fullname": "(2017 HJ61)", "n_imp": "9", "ts_max": "0", "nsat": "0", "des": "2017 HJ61"}, "signature": {"source": "NASA/JPL Sentry Data API", "version": "1.1"}, "data": [{"energy": "9.953e-03", "width": "1.1720e-01", "ip": "2.412e-07", "ts": "0", "stretch": "1.8960e+04", "date": "2024-04-21.87", "dist": "1.045", "sigma_lov": "-2.48050", "sigma_imp": "0.383", "ps": "-7.53"}, {"energy": "9.869e-03", "width": "1.4366e+00", "ip": "3.059e-09", "ts": "0", "stretch": "3.2366e+06", "date": "2043-04-23.25", "dist": "3.044", "sigma_lov": "-1.73432", "sigma_imp": "1.423", "ps": "-10.0"}, {"energy": "9.966e-03", "width": "2.3451e-01", "ip": "4.834e-09", "ts": "0", "stretch": "4.5289e+04", "date": "2054-04-22.30", "dist": "1.409", "sigma_lov": "-2.83723", "sigma_imp": "1.746", "ps": "-9.96"}, {"energy": "9.816e-03", "width": "3.8065e+01", "ip": "1.290e-09", "ts": "0", "stretch": "2.1880e+06", "date": "2089-04-22.78", "dist": "9.015", "sigma_lov": "-1.73863", "sigma_imp": "0.211", "ps": "-10.8"}, {"energy": "9.922e-03", "width": "3.2536e+00", "ip": "9.219e-09", "ts": "0", "stretch": "1.5515e+05", "date": "2067-04-23.90", "dist": "8.552", "sigma_lov": "-1.60707", "sigma_imp": "2.321", "ps": "-9.81"}, {"energy": "9.890e-03", "width": "1.3781e-01", "ip": "4.569e-07", "ts": "0", "stretch": "5.0670e+04", "date": "2043-04-22.95", "dist": "1.006", "sigma_lov": "-1.96061", "sigma_imp": "0.047", "ps": "-7.83"}, {"energy": "1.010e-02", "width": "1.4041e-01", "ip": "8.249e-08", "ts": "0", "stretch": "4.0387e+04", "date": "2033-04-22.15", "dist": "0.076", "sigma_lov": "-3.30789", "sigma_imp": "0.000", "ps": "-8.36"}, {"energy": "9.813e-03", "width": "1.3822e-01", "ip": "9.503e-06", "ts": "0", "stretch": "3.1425e+04", "date": "2029-04-22.64", "dist": "0.360", "sigma_lov": "-1.34250", "sigma_imp": "0.000", "ps": "-6.18"}, {"energy": "1.021e-02", "width": "1.6924e-01", "ip": "9.149e-09", "ts": "0", "stretch": "2.5905e+04", "date": "2026-04-22.04", "dist": "0.616", "sigma_lov": "-3.96122", "sigma_imp": "0.000", "ps": "-9.06"}]}