{"summary": {"energy": "1.129e-02", "darc": "2.9967 days", "ip": "1.2378e-06", "h": "28.69", "nobs": "18", "mass": "3.23e+05", "v_inf": "13.01", "first_obs": "2017-Oct-23.32777", "method": "LOV", "pdate": "2017-10-26 19:50:34", "ndop": "0", "cdate": "2017-10-26 19:50:34", "ps_cum": "-7.84", "diameter": "0.0062", "ndel": "0", "v_imp": "17.13", "ps_max": "-8.13", "last_obs": "2017-Oct-26.32449", "fullname": "(2017 UW5)", "n_imp": "2", "ts_max": "0", "nsat": "0", "des": "2017 UW5"}, "signature": {"source": "NASA/JPL Sentry Data API", "version": "1.1"}, "data": [{"energy": "1.164e-02", "width": "1.0015e-02", "ip": "7.297e-07", "ts": "0", "stretch": "3.3850e+05", "date": "2111-10-16.51", "dist": "0.850", "sigma_lov": "1.03210", "sigma_imp": "0.000", "ps": "-8.13"}, {"energy": "1.078e-02", "width": "1.7568e-02", "ip": "5.081e-07", "ts": "0", "stretch": "1.5084e+06", "date": "2081-10-11.01", "dist": "0.254", "sigma_lov": "0.11550", "sigma_imp": "0.000", "ps": "-8.15"}]}