{"summary": {"energy": "2.238e-02", "darc": "31.722 days", "ip": "3.949287e-05", "h": "27.65", "nobs": "34", "mass": "1.36e+06", "v_inf": "3.71", "first_obs": "2017-Apr-26.26272", "method": "LOV", "pdate": "2017-05-29 08:32:18", "ndop": "0", "cdate": "2017-05-29 08:32:18", "ps_cum": "-5.88", "diameter": "0.01", "ndel": "0", "v_imp": "11.75", "ps_max": "-6.59", "last_obs": "2017-May-27.985182", "fullname": "(2017 HG4)", "n_imp": "23", "ts_max": "0", "nsat": "0", "des": "2017 HG4"}, "signature": {"source": "NASA/JPL Sentry Data API", "version": "1.1"}, "data": [{"energy": "2.252e-02", "width": "4.2526e-04", "ip": "4.872e-06", "ts": "0", "stretch": "1.0672e+05", "date": "2115-04-17.97", "dist": "0.100", "sigma_lov": "0.91374", "sigma_imp": "0.000", "ps": "-7.10"}, {"energy": "2.258e-02", "width": "0.0000e+00", "ip": "1.927e-07", "ts": "0", "stretch": "3.3715e+06", "date": "2106-04-15.26", "dist": "0.465", "sigma_lov": "-0.41556", "sigma_imp": "0.000", "ps": "-8.46"}, {"energy": "2.262e-02", "width": "0.0000e+00", "ip": "1.423e-07", "ts": "0", "stretch": "3.8616e+05", "date": "2100-04-15.09", "dist": "0.204", "sigma_lov": "-2.31247", "sigma_imp": "0.000", "ps": "-8.56"}, {"energy": "2.241e-02", "width": "2.7778e-03", "ip": "3.117e-07", "ts": "0", "stretch": "1.0322e+06", "date": "2097-04-17.79", "dist": "0.301", "sigma_lov": "1.30620", "sigma_imp": "0.000", "ps": "-8.21"}, {"energy": "2.245e-02", "width": "4.9105e-04", "ip": "3.732e-06", "ts": "0", "stretch": "2.0157e+05", "date": "2094-04-17.01", "dist": "0.073", "sigma_lov": "0.32902", "sigma_imp": "0.000", "ps": "-7.11"}, {"energy": "2.238e-02", "width": "0.0000e+00", "ip": "3.570e-07", "ts": "0", "stretch": "6.2630e+05", "date": "2086-04-17.66", "dist": "0.888", "sigma_lov": "0.99081", "sigma_imp": "0.000", "ps": "-8.08"}, {"energy": "2.238e-02", "width": "0.0000e+00", "ip": "3.040e-07", "ts": "0", "stretch": "1.6624e+06", "date": "2080-04-17.53", "dist": "0.118", "sigma_lov": "0.94231", "sigma_imp": "0.000", "ps": "-8.11"}, {"energy": "2.239e-02", "width": "4.3921e-03", "ip": "2.377e-07", "ts": "0", "stretch": "9.4177e+05", "date": "2079-04-17.75", "dist": "0.954", "sigma_lov": "0.34161", "sigma_imp": "0.000", "ps": "-8.21"}, {"energy": "2.230e-02", "width": "3.4722e-04", "ip": "4.447e-07", "ts": "0", "stretch": "5.9008e+05", "date": "2071-04-18.19", "dist": "0.944", "sigma_lov": "0.09584", "sigma_imp": "0.000", "ps": "-7.88"}, {"energy": "2.236e-02", "width": "6.0141e-04", "ip": "1.511e-06", "ts": "0", "stretch": "2.8587e+05", "date": "2072-04-17.51", "dist": "0.708", "sigma_lov": "0.72367", "sigma_imp": "0.000", "ps": "-7.36"}, {"energy": "2.235e-02", "width": "2.7778e-03", "ip": "3.539e-06", "ts": "0", "stretch": "2.1830e+05", "date": "2074-04-17.01", "dist": "0.195", "sigma_lov": "0.15424", "sigma_imp": "0.000", "ps": "-7.00"}, {"energy": "2.234e-02", "width": "4.1667e-03", "ip": "3.336e-06", "ts": "0", "stretch": "2.2785e+05", "date": "2077-04-16.21", "dist": "0.263", "sigma_lov": "0.15338", "sigma_imp": "0.000", "ps": "-7.05"}, {"energy": "2.234e-02", "width": "2.4552e-04", "ip": "1.627e-06", "ts": "0", "stretch": "1.9907e+05", "date": "2069-04-18.55", "dist": "0.058", "sigma_lov": "1.33584", "sigma_imp": "0.000", "ps": "-7.30"}, {"energy": "2.233e-02", "width": "6.9445e-04", "ip": "2.577e-06", "ts": "0", "stretch": "2.9087e+05", "date": "2061-04-17.53", "dist": "0.314", "sigma_lov": "0.13865", "sigma_imp": "0.000", "ps": "-7.03"}, {"energy": "2.229e-02", "width": "6.9445e-04", "ip": "6.547e-08", "ts": "0", "stretch": "3.0396e+05", "date": "2060-04-18.33", "dist": "0.998", "sigma_lov": "1.34959", "sigma_imp": "0.000", "ps": "-8.61"}, {"energy": "2.237e-02", "width": "0.0000e+00", "ip": "2.214e-07", "ts": "0", "stretch": "1.1818e+06", "date": "2059-04-18.32", "dist": "0.941", "sigma_lov": "0.23292", "sigma_imp": "0.000", "ps": "-8.07"}, {"energy": "2.239e-02", "width": "3.4722e-04", "ip": "2.091e-06", "ts": "0", "stretch": "1.1759e+05", "date": "2059-04-18.27", "dist": "0.590", "sigma_lov": "1.38194", "sigma_imp": "0.000", "ps": "-7.10"}, {"energy": "2.237e-02", "width": "0.0000e+00", "ip": "8.691e-07", "ts": "0", "stretch": "7.7634e+05", "date": "2059-04-18.35", "dist": "0.468", "sigma_lov": "0.28997", "sigma_imp": "0.000", "ps": "-7.48"}, {"energy": "2.234e-02", "width": "1.3889e-03", "ip": "1.304e-06", "ts": "0", "stretch": "6.0449e+05", "date": "2058-04-17.46", "dist": "0.062", "sigma_lov": "0.13647", "sigma_imp": "0.000", "ps": "-7.29"}, {"energy": "2.232e-02", "width": "0.0000e+00", "ip": "4.127e-07", "ts": "0", "stretch": "8.0726e+05", "date": "2057-04-18.02", "dist": "0.903", "sigma_lov": "0.24117", "sigma_imp": "0.000", "ps": "-7.78"}, {"energy": "2.234e-02", "width": "4.9105e-04", "ip": "4.968e-06", "ts": "0", "stretch": "1.3981e+05", "date": "2048-04-17.90", "dist": "0.425", "sigma_lov": "0.27243", "sigma_imp": "0.000", "ps": "-6.59"}, {"energy": "2.234e-02", "width": "3.4722e-04", "ip": "5.702e-06", "ts": "0", "stretch": "1.3329e+05", "date": "2053-04-18.16", "dist": "0.050", "sigma_lov": "0.30101", "sigma_imp": "0.000", "ps": "-6.60"}, {"energy": "2.233e-02", "width": "0.0000e+00", "ip": "6.751e-07", "ts": "0", "stretch": "1.1475e+06", "date": "2052-04-17.66", "dist": "0.070", "sigma_lov": "0.22576", "sigma_imp": "0.000", "ps": "-7.51"}]}