{"summary": {"energy": "6.359e-02", "darc": "8.1160 days", "ip": "3.521e-08", "h": "27.18", "nobs": "96", "mass": "2.60e+06", "v_inf": "9.00", "first_obs": "2017-Oct-11.41171", "method": "LOV", "pdate": "2018-02-10 10:30:23", "ndop": "0", "cdate": "2018-02-10 10:30:23", "ps_cum": "-8.69", "diameter": "1.2e-02", "ndel": "0", "v_imp": "14.33", "ps_max": "-8.69", "last_obs": "2017-Oct-19.527745", "fullname": "(2017 TD6)", "n_imp": "1", "ts_max": "0", "nsat": "0", "des": "2017 TD6"}, "signature": {"source": "NASA/JPL Sentry Data API", "version": "1.1"}, "data": [{"energy": "6.359e-02", "width": "0.0000e+00", "ip": "3.521e-08", "ts": "0", "stretch": "5.5976e+06", "date": "2081-10-19.74", "dist": "0.931", "sigma_lov": "0.91087", "sigma_imp": "0.000", "ps": "-8.69"}]}