{"summary": {"energy": "1.123e-02", "darc": "20.629 days", "ip": "0.0007640356913", "h": "28.25", "nobs": "26", "mass": "5.95e+05", "v_inf": "5.87", "first_obs": "2017-Sep-24.41378", "method": "LOV", "pdate": "2017-10-25 08:48:10", "ndop": "0", "cdate": "2017-10-25 08:48:10", "ps_cum": "-4.97", "diameter": "0.00759999802757905", "ndel": "0", "v_imp": "12.59", "ps_max": "-5.45", "last_obs": "2017-Oct-15.042445", "fullname": "(2017 SA20)", "n_imp": "421", "ts_max": "0", "nsat": "0", "des": "2017 SA20"}, "signature": {"source": "NASA/JPL Sentry Data API", "version": "1.1"}, "data": [{"energy": "1.111e-02", "width": "0.0000e+00", "ip": "2.707e-08", "ts": "0", "stretch": "2.2512e+06", "date": "2117-04-23.49", "dist": "0.017", "sigma_lov": "-2.26687", "sigma_imp": "0.000", "ps": "-9.61"}, {"energy": "1.118e-02", "width": "1.3889e-03", "ip": "2.479e-06", "ts": "0", "stretch": "2.8924e+05", "date": "2117-04-23.48", "dist": "0.104", "sigma_lov": "-0.45091", "sigma_imp": "0.000", "ps": "-7.64"}, {"energy": "1.111e-02", "width": "0.0000e+00", "ip": "1.083e-08", "ts": "0", "stretch": "6.1816e+06", "date": "2117-04-23.34", "dist": "0.358", "sigma_lov": "-2.19412", "sigma_imp": "0.000", "ps": "-10.0"}, {"energy": "1.128e-02", "width": "0.0000e+00", "ip": "1.504e-07", "ts": "0", "stretch": "7.4727e+05", "date": "2117-04-22.39", "dist": "0.317", "sigma_lov": "1.95088", "sigma_imp": "0.000", "ps": "-8.86"}, {"energy": "1.128e-02", "width": "0.0000e+00", "ip": "8.488e-08", "ts": "0", "stretch": "1.2915e+06", "date": "2117-04-22.33", "dist": "0.384", "sigma_lov": "1.94987", "sigma_imp": "0.000", "ps": "-9.10"}, {"energy": "1.110e-02", "width": "2.7778e-03", "ip": "1.795e-07", "ts": "0", "stretch": "3.0883e+05", "date": "2117-04-21.74", "dist": "0.805", "sigma_lov": "-2.07034", "sigma_imp": "0.000", "ps": "-8.78"}, {"energy": "1.117e-02", "width": "1.3608e-02", "ip": "1.298e-07", "ts": "0", "stretch": "1.8557e+06", "date": "2117-04-21.49", "dist": "0.944", "sigma_lov": "-0.39606", "sigma_imp": "0.000", "ps": "-8.92"}, {"energy": "1.108e-02", "width": "1.9642e-03", "ip": "2.930e-08", "ts": "0", "stretch": "4.2783e+05", "date": "2115-04-22.98", "dist": "0.798", "sigma_lov": "-2.69927", "sigma_imp": "0.000", "ps": "-9.56"}, {"energy": "1.122e-02", "width": "7.8568e-03", "ip": "3.209e-07", "ts": "0", "stretch": "1.0229e+06", "date": "2115-04-22.60", "dist": "0.827", "sigma_lov": "0.78701", "sigma_imp": "0.000", "ps": "-8.52"}, {"energy": "1.122e-02", "width": "0.0000e+00", "ip": "1.500e-07", "ts": "0", "stretch": "1.4612e+06", "date": "2115-04-22.44", "dist": "0.927", "sigma_lov": "0.78564", "sigma_imp": "0.000", "ps": "-8.85"}, {"energy": "1.115e-02", "width": "0.0000e+00", "ip": "7.355e-07", "ts": "0", "stretch": "4.8031e+05", "date": "2115-04-21.91", "dist": "0.041", "sigma_lov": "-1.27557", "sigma_imp": "0.000", "ps": "-8.16"}, {"energy": "1.123e-02", "width": "5.5556e-03", "ip": "3.261e-07", "ts": "0", "stretch": "1.3888e+06", "date": "2113-04-23.87", "dist": "0.081", "sigma_lov": "1.05965", "sigma_imp": "0.000", "ps": "-8.50"}, {"energy": "1.112e-02", "width": "0.0000e+00", "ip": "5.612e-08", "ts": "0", "stretch": "4.5576e+06", "date": "2113-04-20.41", "dist": "0.609", "sigma_lov": "-1.34543", "sigma_imp": "0.000", "ps": "-9.27"}, {"energy": "1.116e-02", "width": "0.0000e+00", "ip": "1.367e-07", "ts": "0", "stretch": "3.5902e+06", "date": "2113-04-19.11", "dist": "0.772", "sigma_lov": "-0.25486", "sigma_imp": "0.000", "ps": "-8.88"}, {"energy": "1.116e-02", "width": "9.6226e-03", "ip": "2.836e-07", "ts": "0", "stretch": "1.3803e+06", "date": "2113-04-18.81", "dist": "0.862", "sigma_lov": "-0.25573", "sigma_imp": "0.000", "ps": "-8.57"}, {"energy": "1.114e-02", "width": "0.0000e+00", "ip": "3.878e-08", "ts": "0", "stretch": "1.1733e+07", "date": "2113-04-17.76", "dist": "0.517", "sigma_lov": "-0.90114", "sigma_imp": "0.000", "ps": "-9.43"}, {"energy": "1.115e-02", "width": "0.0000e+00", "ip": "8.132e-08", "ts": "0", "stretch": "6.3031e+06", "date": "2113-04-17.72", "dist": "0.281", "sigma_lov": "-0.89985", "sigma_imp": "0.000", "ps": "-9.11"}, {"energy": "1.110e-02", "width": "0.0000e+00", "ip": "4.726e-08", "ts": "0", "stretch": "9.8831e+05", "date": "2112-04-17.99", "dist": "0.464", "sigma_lov": "-2.32994", "sigma_imp": "0.000", "ps": "-9.34"}, {"energy": "1.111e-02", "width": "6.9445e-04", "ip": "3.157e-07", "ts": "0", "stretch": "1.5217e+05", "date": "2112-04-17.83", "dist": "0.384", "sigma_lov": "-2.33563", "sigma_imp": "0.000", "ps": "-8.52"}, {"energy": "1.111e-02", "width": "0.0000e+00", "ip": "2.604e-07", "ts": "0", "stretch": "1.8083e+05", "date": "2112-04-17.81", "dist": "0.361", "sigma_lov": "-2.34839", "sigma_imp": "0.000", "ps": "-8.60"}, {"energy": "1.122e-02", "width": "4.8113e-03", "ip": "9.080e-07", "ts": "0", "stretch": "7.5021e+05", "date": "2111-04-24.22", "dist": "0.121", "sigma_lov": "0.54794", "sigma_imp": "0.000", "ps": "-8.05"}, {"energy": "1.121e-02", "width": "0.0000e+00", "ip": "2.361e-07", "ts": "0", "stretch": "1.9190e+06", "date": "2111-04-24.19", "dist": "0.775", "sigma_lov": "0.46318", "sigma_imp": "0.000", "ps": "-8.64"}, {"energy": "1.115e-02", "width": "0.0000e+00", "ip": "1.717e-07", "ts": "0", "stretch": "2.8622e+06", "date": "2111-04-24.14", "dist": "0.229", "sigma_lov": "-0.95649", "sigma_imp": "0.000", "ps": "-8.78"}, {"energy": "1.115e-02", "width": "9.6226e-03", "ip": "3.717e-07", "ts": "0", "stretch": "1.3030e+06", "date": "2111-04-24.13", "dist": "0.284", "sigma_lov": "-0.95617", "sigma_imp": "0.000", "ps": "-8.44"}, {"energy": "1.116e-02", "width": "0.0000e+00", "ip": "5.128e-07", "ts": "0", "stretch": "1.0401e+06", "date": "2111-04-24.06", "dist": "0.059", "sigma_lov": "-0.89556", "sigma_imp": "0.000", "ps": "-8.30"}, {"energy": "1.116e-02", "width": "0.0000e+00", "ip": "2.791e-08", "ts": "0", "stretch": "1.9326e+07", "date": "2111-04-23.98", "dist": "0.032", "sigma_lov": "-0.88459", "sigma_imp": "0.000", "ps": "-9.56"}, {"energy": "1.115e-02", "width": "0.0000e+00", "ip": "1.515e-07", "ts": "0", "stretch": "3.4125e+06", "date": "2111-04-23.73", "dist": "0.286", "sigma_lov": "-0.88485", "sigma_imp": "0.000", "ps": "-8.83"}, {"energy": "1.118e-02", "width": "0.0000e+00", "ip": "2.410e-07", "ts": "0", "stretch": "3.2855e+06", "date": "2111-04-19.77", "dist": "0.092", "sigma_lov": "-0.08081", "sigma_imp": "0.000", "ps": "-8.63"}, {"energy": "1.116e-02", "width": "0.0000e+00", "ip": "4.820e-07", "ts": "0", "stretch": "8.0205e+05", "date": "2111-04-19.64", "dist": "0.853", "sigma_lov": "-0.38857", "sigma_imp": "0.000", "ps": "-8.33"}, {"energy": "1.118e-02", "width": "0.0000e+00", "ip": "6.281e-08", "ts": "0", "stretch": "9.8122e+06", "date": "2111-04-19.56", "dist": "0.633", "sigma_lov": "-0.08152", "sigma_imp": "0.000", "ps": "-9.21"}, {"energy": "1.121e-02", "width": "0.0000e+00", "ip": "1.220e-06", "ts": "0", "stretch": "3.8784e+05", "date": "2111-04-17.52", "dist": "0.638", "sigma_lov": "0.72159", "sigma_imp": "0.000", "ps": "-7.92"}, {"energy": "1.105e-02", "width": "3.1427e-02", "ip": "9.253e-10", "ts": "0", "stretch": "4.4288e+06", "date": "2110-04-24.47", "dist": "0.446", "sigma_lov": "-3.21056", "sigma_imp": "0.000", "ps": "-11.0"}, {"energy": "1.105e-02", "width": "0.0000e+00", "ip": "7.091e-09", "ts": "0", "stretch": "6.3665e+05", "date": "2110-04-24.27", "dist": "0.146", "sigma_lov": "-3.21184", "sigma_imp": "0.000", "ps": "-10.2"}, {"energy": "1.118e-02", "width": "0.0000e+00", "ip": "1.188e-06", "ts": "0", "stretch": "5.9112e+05", "date": "2110-04-21.75", "dist": "0.468", "sigma_lov": "-0.08324", "sigma_imp": "0.000", "ps": "-7.93"}, {"energy": "1.128e-02", "width": "8.5052e-04", "ip": "2.472e-08", "ts": "0", "stretch": "1.0801e+05", "date": "2110-04-21.18", "dist": "0.992", "sigma_lov": "2.69424", "sigma_imp": "0.000", "ps": "-9.61"}, {"energy": "1.118e-02", "width": "0.0000e+00", "ip": "1.504e-07", "ts": "0", "stretch": "1.6485e+06", "date": "2109-04-24.78", "dist": "0.944", "sigma_lov": "-0.35943", "sigma_imp": "0.000", "ps": "-8.82"}, {"energy": "1.114e-02", "width": "0.0000e+00", "ip": "1.501e-07", "ts": "0", "stretch": "1.6478e+06", "date": "2109-04-24.31", "dist": "0.479", "sigma_lov": "-1.44246", "sigma_imp": "0.000", "ps": "-8.82"}, {"energy": "1.111e-02", "width": "0.0000e+00", "ip": "3.255e-07", "ts": "0", "stretch": "1.8751e+05", "date": "2109-04-23.67", "dist": "0.048", "sigma_lov": "-2.26576", "sigma_imp": "0.000", "ps": "-8.49"}, {"energy": "1.127e-02", "width": "0.0000e+00", "ip": "6.663e-08", "ts": "0", "stretch": "1.6686e+06", "date": "2109-04-19.83", "dist": "0.674", "sigma_lov": "1.82441", "sigma_imp": "0.000", "ps": "-9.17"}, {"energy": "1.118e-02", "width": "0.0000e+00", "ip": "2.169e-08", "ts": "0", "stretch": "1.7951e+07", "date": "2108-04-23.95", "dist": "0.873", "sigma_lov": "-0.05448", "sigma_imp": "0.000", "ps": "-9.66"}, {"energy": "1.117e-02", "width": "5.5556e-03", "ip": "3.021e-07", "ts": "0", "stretch": "1.2361e+06", "date": "2108-04-23.92", "dist": "0.883", "sigma_lov": "-0.07459", "sigma_imp": "0.000", "ps": "-8.51"}, {"energy": "1.109e-02", "width": "5.5556e-03", "ip": "3.565e-08", "ts": "0", "stretch": "1.1075e+06", "date": "2108-04-23.44", "dist": "0.741", "sigma_lov": "-2.28233", "sigma_imp": "0.000", "ps": "-9.45"}, {"energy": "1.118e-02", "width": "1.5714e-02", "ip": "3.153e-07", "ts": "0", "stretch": "2.4929e+06", "date": "2108-04-23.24", "dist": "0.155", "sigma_lov": "-0.07189", "sigma_imp": "0.000", "ps": "-8.50"}, {"energy": "1.118e-02", "width": "0.0000e+00", "ip": "8.304e-08", "ts": "0", "stretch": "8.3380e+06", "date": "2108-04-23.10", "dist": "0.469", "sigma_lov": "-0.18926", "sigma_imp": "0.000", "ps": "-9.08"}, {"energy": "1.128e-02", "width": "2.7778e-03", "ip": "7.413e-08", "ts": "0", "stretch": "2.9584e+05", "date": "2107-04-24.97", "dist": "0.793", "sigma_lov": "2.48680", "sigma_imp": "0.000", "ps": "-9.12"}, {"energy": "1.106e-02", "width": "0.0000e+00", "ip": "6.650e-09", "ts": "0", "stretch": "8.9852e+05", "date": "2107-04-22.88", "dist": "0.574", "sigma_lov": "-3.06251", "sigma_imp": "0.000", "ps": "-10.2"}, {"energy": "1.121e-02", "width": "0.0000e+00", "ip": "1.244e-08", "ts": "0", "stretch": "4.4441e+07", "date": "2106-04-22.96", "dist": "0.679", "sigma_lov": "0.35105", "sigma_imp": "0.000", "ps": "-9.89"}, {"energy": "1.103e-02", "width": "9.8210e-04", "ip": "8.027e-09", "ts": "0", "stretch": "9.1083e+04", "date": "2105-04-23.53", "dist": "0.778", "sigma_lov": "-3.61205", "sigma_imp": "0.000", "ps": "-10.1"}, {"energy": "1.103e-02", "width": "9.8210e-04", "ip": "1.507e-08", "ts": "0", "stretch": "5.3733e+04", "date": "2105-04-23.43", "dist": "0.612", "sigma_lov": "-3.64713", "sigma_imp": "0.000", "ps": "-9.81"}, {"energy": "1.113e-02", "width": "0.0000e+00", "ip": "2.025e-07", "ts": "0", "stretch": "1.5945e+06", "date": "2105-04-23.06", "dist": "0.105", "sigma_lov": "-1.34054", "sigma_imp": "0.000", "ps": "-8.68"}, {"energy": "1.103e-02", "width": "6.9445e-04", "ip": "5.711e-09", "ts": "0", "stretch": "1.4314e+05", "date": "2105-04-21.90", "dist": "0.904", "sigma_lov": "-3.47188", "sigma_imp": "0.000", "ps": "-10.2"}, {"energy": "1.114e-02", "width": "1.5714e-02", "ip": "1.863e-07", "ts": "0", "stretch": "2.4247e+06", "date": "2105-04-18.67", "dist": "0.205", "sigma_lov": "-1.04639", "sigma_imp": "0.000", "ps": "-8.71"}, {"energy": "1.116e-02", "width": "0.0000e+00", "ip": "4.902e-08", "ts": "0", "stretch": "1.2337e+07", "date": "2105-04-18.46", "dist": "0.632", "sigma_lov": "-0.21367", "sigma_imp": "0.000", "ps": "-9.29"}, {"energy": "1.116e-02", "width": "1.2571e-01", "ip": "1.279e-08", "ts": "0", "stretch": "2.7101e+07", "date": "2105-04-18.35", "dist": "0.866", "sigma_lov": "-0.21363", "sigma_imp": "0.000", "ps": "-9.87"}, {"energy": "1.117e-02", "width": "0.0000e+00", "ip": "1.146e-08", "ts": "0", "stretch": "6.4290e+07", "date": "2105-04-18.32", "dist": "0.338", "sigma_lov": "-0.21373", "sigma_imp": "0.000", "ps": "-9.92"}, {"energy": "1.114e-02", "width": "0.0000e+00", "ip": "5.739e-07", "ts": "0", "stretch": "7.6538e+05", "date": "2105-04-18.31", "dist": "0.300", "sigma_lov": "-1.04836", "sigma_imp": "0.000", "ps": "-8.22"}, {"energy": "1.116e-02", "width": "0.0000e+00", "ip": "3.301e-08", "ts": "0", "stretch": "1.8146e+07", "date": "2105-04-18.13", "dist": "0.640", "sigma_lov": "-0.21338", "sigma_imp": "0.000", "ps": "-9.46"}, {"energy": "1.116e-02", "width": "0.0000e+00", "ip": "1.694e-07", "ts": "0", "stretch": "1.8418e+06", "date": "2105-04-18.12", "dist": "0.915", "sigma_lov": "-0.25798", "sigma_imp": "0.000", "ps": "-8.75"}, {"energy": "1.114e-02", "width": "0.0000e+00", "ip": "1.369e-07", "ts": "0", "stretch": "3.2124e+06", "date": "2105-04-17.75", "dist": "0.284", "sigma_lov": "-1.05204", "sigma_imp": "0.000", "ps": "-8.85"}, {"energy": "1.124e-02", "width": "7.8568e-03", "ip": "3.161e-07", "ts": "0", "stretch": "1.4257e+06", "date": "2104-04-24.14", "dist": "0.132", "sigma_lov": "1.05907", "sigma_imp": "0.000", "ps": "-8.47"}, {"energy": "1.124e-02", "width": "8.8889e-02", "ip": "2.721e-08", "ts": "0", "stretch": "1.6107e+07", "date": "2104-04-23.74", "dist": "0.245", "sigma_lov": "1.06030", "sigma_imp": "0.000", "ps": "-9.54"}, {"energy": "1.132e-02", "width": "0.0000e+00", "ip": "2.507e-08", "ts": "0", "stretch": "1.8277e+05", "date": "2104-04-22.50", "dist": "0.642", "sigma_lov": "3.12546", "sigma_imp": "0.000", "ps": "-9.57"}, {"energy": "1.112e-02", "width": "0.0000e+00", "ip": "1.062e-07", "ts": "0", "stretch": "7.3972e+05", "date": "2104-04-17.70", "dist": "0.062", "sigma_lov": "-2.15137", "sigma_imp": "0.000", "ps": "-8.95"}, {"energy": "1.121e-02", "width": "6.2854e-02", "ip": "3.841e-08", "ts": "0", "stretch": "1.2933e+07", "date": "2103-04-25.60", "dist": "0.731", "sigma_lov": "0.40260", "sigma_imp": "0.000", "ps": "-9.38"}, {"energy": "1.122e-02", "width": "0.0000e+00", "ip": "2.744e-07", "ts": "0", "stretch": "1.9928e+06", "date": "2103-04-25.45", "dist": "0.627", "sigma_lov": "0.50517", "sigma_imp": "0.000", "ps": "-8.53"}, {"energy": "1.114e-02", "width": "0.0000e+00", "ip": "1.338e-07", "ts": "0", "stretch": "2.1553e+06", "date": "2103-04-25.13", "dist": "0.178", "sigma_lov": "-1.41484", "sigma_imp": "0.000", "ps": "-8.84"}, {"energy": "1.121e-02", "width": "2.2222e-02", "ip": "1.251e-07", "ts": "0", "stretch": "4.7113e+06", "date": "2103-04-24.77", "dist": "0.596", "sigma_lov": "0.40633", "sigma_imp": "0.000", "ps": "-8.87"}, {"energy": "1.121e-02", "width": "0.0000e+00", "ip": "1.002e-06", "ts": "0", "stretch": "5.5479e+05", "date": "2103-04-24.63", "dist": "0.629", "sigma_lov": "0.46746", "sigma_imp": "0.000", "ps": "-7.97"}, {"energy": "1.110e-02", "width": "0.0000e+00", "ip": "3.055e-08", "ts": "0", "stretch": "1.0580e+06", "date": "2103-04-24.60", "dist": "0.021", "sigma_lov": "-2.53087", "sigma_imp": "0.000", "ps": "-9.49"}, {"energy": "1.110e-02", "width": "3.9284e-03", "ip": "4.666e-08", "ts": "0", "stretch": "7.7380e+05", "date": "2103-04-24.52", "dist": "0.160", "sigma_lov": "-2.48165", "sigma_imp": "0.000", "ps": "-9.30"}, {"energy": "1.122e-02", "width": "1.3608e-02", "ip": "2.886e-07", "ts": "0", "stretch": "1.8674e+06", "date": "2103-04-24.46", "dist": "0.557", "sigma_lov": "0.64113", "sigma_imp": "0.000", "ps": "-8.51"}, {"energy": "1.110e-02", "width": "0.0000e+00", "ip": "1.595e-07", "ts": "0", "stretch": "1.9043e+05", "date": "2103-04-24.36", "dist": "0.313", "sigma_lov": "-2.53512", "sigma_imp": "0.000", "ps": "-8.77"}, {"energy": "1.122e-02", "width": "0.0000e+00", "ip": "1.826e-07", "ts": "0", "stretch": "3.8471e+06", "date": "2103-04-24.30", "dist": "0.080", "sigma_lov": "0.49704", "sigma_imp": "0.000", "ps": "-8.71"}, {"energy": "1.121e-02", "width": "0.0000e+00", "ip": "2.983e-07", "ts": "0", "stretch": "1.2728e+06", "date": "2103-04-24.23", "dist": "0.848", "sigma_lov": "0.46356", "sigma_imp": "0.000", "ps": "-8.49"}, {"energy": "1.122e-02", "width": "0.0000e+00", "ip": "7.735e-07", "ts": "0", "stretch": "8.7228e+05", "date": "2103-04-24.15", "dist": "0.271", "sigma_lov": "0.50763", "sigma_imp": "0.000", "ps": "-8.08"}, {"energy": "1.132e-02", "width": "9.6663e-04", "ip": "1.322e-07", "ts": "0", "stretch": "2.3789e+04", "date": "2103-04-22.41", "dist": "0.709", "sigma_lov": "3.21763", "sigma_imp": "0.000", "ps": "-8.84"}, {"energy": "1.132e-02", "width": "9.5487e-04", "ip": "1.828e-07", "ts": "0", "stretch": "1.7198e+04", "date": "2103-04-22.39", "dist": "0.691", "sigma_lov": "3.22538", "sigma_imp": "0.000", "ps": "-8.70"}, {"energy": "1.112e-02", "width": "1.1111e-02", "ip": "6.100e-08", "ts": "0", "stretch": "1.8841e+06", "date": "2103-04-20.43", "dist": "0.915", "sigma_lov": "-1.43501", "sigma_imp": "0.000", "ps": "-9.19"}, {"energy": "1.117e-02", "width": "0.0000e+00", "ip": "3.897e-07", "ts": "0", "stretch": "1.7683e+06", "date": "2103-04-19.60", "dist": "0.365", "sigma_lov": "-0.38761", "sigma_imp": "0.000", "ps": "-8.38"}, {"energy": "1.118e-02", "width": "3.1427e-02", "ip": "1.504e-07", "ts": "0", "stretch": "5.1077e+06", "date": "2103-04-19.55", "dist": "0.257", "sigma_lov": "-0.08056", "sigma_imp": "0.000", "ps": "-8.79"}, {"energy": "1.116e-02", "width": "0.0000e+00", "ip": "6.228e-08", "ts": "0", "stretch": "5.1959e+06", "date": "2103-04-19.39", "dist": "0.899", "sigma_lov": "-0.38892", "sigma_imp": "0.000", "ps": "-9.18"}, {"energy": "1.118e-02", "width": "0.0000e+00", "ip": "3.627e-07", "ts": "0", "stretch": "2.1963e+06", "date": "2102-04-22.90", "dist": "0.027", "sigma_lov": "-0.05278", "sigma_imp": "0.000", "ps": "-8.41"}, {"energy": "1.119e-02", "width": "2.2222e-02", "ip": "1.859e-07", "ts": "0", "stretch": "4.2756e+06", "date": "2102-04-21.98", "dist": "0.010", "sigma_lov": "-0.08236", "sigma_imp": "0.000", "ps": "-8.70"}, {"energy": "1.117e-02", "width": "0.0000e+00", "ip": "1.328e-06", "ts": "0", "stretch": "4.2003e+05", "date": "2102-04-21.79", "dist": "0.713", "sigma_lov": "-0.08443", "sigma_imp": "0.000", "ps": "-7.84"}, {"energy": "1.117e-02", "width": "0.0000e+00", "ip": "5.199e-07", "ts": "0", "stretch": "1.3433e+06", "date": "2102-04-21.67", "dist": "0.455", "sigma_lov": "-0.18542", "sigma_imp": "0.000", "ps": "-8.25"}, {"energy": "1.118e-02", "width": "0.0000e+00", "ip": "1.980e-07", "ts": "0", "stretch": "1.8514e+06", "date": "2102-04-21.66", "dist": "0.883", "sigma_lov": "0.20819", "sigma_imp": "0.000", "ps": "-8.67"}, {"energy": "1.116e-02", "width": "0.0000e+00", "ip": "1.288e-06", "ts": "0", "stretch": "3.1248e+05", "date": "2102-04-21.59", "dist": "0.839", "sigma_lov": "-0.39212", "sigma_imp": "0.000", "ps": "-7.86"}, {"energy": "1.119e-02", "width": "0.0000e+00", "ip": "2.378e-09", "ts": "0", "stretch": "2.1145e+08", "date": "2102-04-21.18", "dist": "0.770", "sigma_lov": "0.32562", "sigma_imp": "0.000", "ps": "-10.6"}, {"energy": "1.122e-02", "width": "5.5556e-03", "ip": "4.999e-07", "ts": "0", "stretch": "1.2004e+06", "date": "2102-04-17.17", "dist": "0.212", "sigma_lov": "0.72259", "sigma_imp": "0.000", "ps": "-8.26"}, {"energy": "1.121e-02", "width": "0.0000e+00", "ip": "5.509e-08", "ts": "0", "stretch": "4.2999e+06", "date": "2102-04-17.02", "dist": "0.923", "sigma_lov": "0.72115", "sigma_imp": "0.000", "ps": "-9.22"}, {"energy": "1.111e-02", "width": "0.0000e+00", "ip": "9.839e-08", "ts": "0", "stretch": "8.4145e+05", "date": "2101-04-24.17", "dist": "0.333", "sigma_lov": "-2.09995", "sigma_imp": "0.000", "ps": "-8.97"}, {"energy": "1.114e-02", "width": "3.9284e-03", "ip": "3.283e-07", "ts": "0", "stretch": "8.2104e+05", "date": "2101-04-24.11", "dist": "0.157", "sigma_lov": "-1.46429", "sigma_imp": "0.000", "ps": "-8.45"}, {"energy": "1.111e-02", "width": "1.2992e-03", "ip": "7.664e-07", "ts": "0", "stretch": "1.1556e+05", "date": "2101-04-23.58", "dist": "0.197", "sigma_lov": "-2.08635", "sigma_imp": "0.000", "ps": "-8.08"}, {"energy": "1.124e-02", "width": "0.0000e+00", "ip": "3.181e-07", "ts": "0", "stretch": "1.4073e+06", "date": "2101-04-23.25", "dist": "0.383", "sigma_lov": "0.99703", "sigma_imp": "0.000", "ps": "-8.46"}, {"energy": "1.124e-02", "width": "0.0000e+00", "ip": "3.115e-07", "ts": "0", "stretch": "1.4428e+06", "date": "2101-04-23.25", "dist": "0.375", "sigma_lov": "0.99680", "sigma_imp": "0.000", "ps": "-8.46"}, {"energy": "1.116e-02", "width": "0.0000e+00", "ip": "7.627e-07", "ts": "0", "stretch": "7.4205e+05", "date": "2100-04-23.80", "dist": "0.648", "sigma_lov": "-0.37683", "sigma_imp": "0.000", "ps": "-8.07"}, {"energy": "1.116e-02", "width": "1.1111e-02", "ip": "2.252e-07", "ts": "0", "stretch": "2.0615e+06", "date": "2100-04-23.45", "dist": "0.781", "sigma_lov": "-0.37728", "sigma_imp": "0.000", "ps": "-8.60"}, {"energy": "1.110e-02", "width": "0.0000e+00", "ip": "9.366e-08", "ts": "0", "stretch": "8.6969e+05", "date": "2100-04-23.29", "dist": "0.319", "sigma_lov": "-2.11008", "sigma_imp": "0.000", "ps": "-8.99"}, {"energy": "1.117e-02", "width": "0.0000e+00", "ip": "4.794e-07", "ts": "0", "stretch": "1.5449e+06", "date": "2100-04-23.14", "dist": "0.101", "sigma_lov": "-0.37249", "sigma_imp": "0.000", "ps": "-8.27"}, {"energy": "1.119e-02", "width": "0.0000e+00", "ip": "7.627e-08", "ts": "0", "stretch": "6.3574e+06", "date": "2100-04-22.20", "dist": "0.766", "sigma_lov": "0.33400", "sigma_imp": "0.000", "ps": "-9.07"}, {"energy": "1.119e-02", "width": "0.0000e+00", "ip": "1.844e-07", "ts": "0", "stretch": "1.4989e+06", "date": "2100-04-22.07", "dist": "0.931", "sigma_lov": "0.33439", "sigma_imp": "0.000", "ps": "-8.69"}, {"energy": "1.125e-02", "width": "1.3889e-03", "ip": "3.500e-07", "ts": "0", "stretch": "2.8698e+05", "date": "2100-04-21.72", "dist": "0.770", "sigma_lov": "1.80006", "sigma_imp": "0.000", "ps": "-8.41"}, {"energy": "1.125e-02", "width": "5.5556e-03", "ip": "1.724e-07", "ts": "0", "stretch": "7.0442e+05", "date": "2100-04-21.45", "dist": "0.636", "sigma_lov": "1.79950", "sigma_imp": "0.000", "ps": "-8.72"}, {"energy": "1.113e-02", "width": "0.0000e+00", "ip": "3.582e-07", "ts": "0", "stretch": "8.9563e+05", "date": "2100-04-20.58", "dist": "0.353", "sigma_lov": "-1.29913", "sigma_imp": "0.000", "ps": "-8.40"}, {"energy": "1.112e-02", "width": "1.9642e-03", "ip": "4.712e-07", "ts": "0", "stretch": "4.5468e+05", "date": "2100-04-20.22", "dist": "0.778", "sigma_lov": "-1.30365", "sigma_imp": "0.000", "ps": "-8.28"}, {"energy": "1.119e-02", "width": "3.1427e-02", "ip": "1.758e-07", "ts": "0", "stretch": "4.0033e+06", "date": "2099-04-23.00", "dist": "0.401", "sigma_lov": "0.27119", "sigma_imp": "0.000", "ps": "-8.70"}, {"energy": "1.124e-02", "width": "0.0000e+00", "ip": "1.191e-07", "ts": "0", "stretch": "3.0845e+06", "date": "2099-04-22.69", "dist": "0.087", "sigma_lov": "1.24062", "sigma_imp": "0.000", "ps": "-8.87"}, {"energy": "1.123e-02", "width": "2.2222e-02", "ip": "7.236e-08", "ts": "0", "stretch": "5.7260e+06", "date": "2099-04-22.68", "dist": "0.107", "sigma_lov": "1.13797", "sigma_imp": "0.000", "ps": "-9.09"}, {"energy": "1.124e-02", "width": "0.0000e+00", "ip": "2.366e-08", "ts": "0", "stretch": "1.4522e+07", "date": "2099-04-22.07", "dist": "0.368", "sigma_lov": "1.24035", "sigma_imp": "0.000", "ps": "-9.57"}, {"energy": "1.120e-02", "width": "2.5142e-01", "ip": "1.608e-08", "ts": "0", "stretch": "4.3255e+07", "date": "2099-04-21.57", "dist": "0.323", "sigma_lov": "0.27157", "sigma_imp": "0.000", "ps": "-9.74"}, {"energy": "1.113e-02", "width": "1.5714e-02", "ip": "1.130e-07", "ts": "0", "stretch": "2.9557e+06", "date": "2099-04-20.42", "dist": "0.263", "sigma_lov": "-1.29197", "sigma_imp": "0.000", "ps": "-8.90"}, {"energy": "1.113e-02", "width": "0.0000e+00", "ip": "1.004e-07", "ts": "0", "stretch": "3.3245e+06", "date": "2099-04-20.38", "dist": "0.251", "sigma_lov": "-1.29486", "sigma_imp": "0.000", "ps": "-8.95"}, {"energy": "1.128e-02", "width": "1.9642e-03", "ip": "1.166e-07", "ts": "0", "stretch": "4.5989e+05", "date": "2098-04-22.61", "dist": "0.755", "sigma_lov": "2.13232", "sigma_imp": "0.000", "ps": "-8.87"}, {"energy": "1.121e-02", "width": "5.5556e-03", "ip": "2.659e-07", "ts": "0", "stretch": "1.2926e+06", "date": "2097-04-23.95", "dist": "0.814", "sigma_lov": "0.77187", "sigma_imp": "0.000", "ps": "-8.51"}, {"energy": "1.121e-02", "width": "0.0000e+00", "ip": "1.500e-06", "ts": "0", "stretch": "3.3323e+05", "date": "2097-04-23.64", "dist": "0.547", "sigma_lov": "0.76057", "sigma_imp": "0.000", "ps": "-7.76"}, {"energy": "1.127e-02", "width": "0.0000e+00", "ip": "3.727e-08", "ts": "0", "stretch": "2.5586e+06", "date": "2097-04-21.82", "dist": "0.412", "sigma_lov": "2.01333", "sigma_imp": "0.000", "ps": "-9.36"}, {"energy": "1.126e-02", "width": "2.7778e-03", "ip": "2.230e-07", "ts": "0", "stretch": "5.4351e+05", "date": "2097-04-21.67", "dist": "0.132", "sigma_lov": "1.93456", "sigma_imp": "0.000", "ps": "-8.59"}, {"energy": "1.126e-02", "width": "0.0000e+00", "ip": "9.229e-08", "ts": "0", "stretch": "1.2188e+06", "date": "2097-04-21.63", "dist": "0.394", "sigma_lov": "1.93409", "sigma_imp": "0.000", "ps": "-8.97"}, {"energy": "1.126e-02", "width": "0.0000e+00", "ip": "6.255e-07", "ts": "0", "stretch": "1.8710e+05", "date": "2097-04-21.60", "dist": "0.126", "sigma_lov": "1.95305", "sigma_imp": "0.000", "ps": "-8.14"}, {"energy": "1.126e-02", "width": "0.0000e+00", "ip": "3.749e-07", "ts": "0", "stretch": "3.1413e+05", "date": "2097-04-21.57", "dist": "0.017", "sigma_lov": "1.95377", "sigma_imp": "0.000", "ps": "-8.36"}, {"energy": "1.126e-02", "width": "0.0000e+00", "ip": "1.184e-07", "ts": "0", "stretch": "8.8499e+05", "date": "2097-04-21.47", "dist": "0.472", "sigma_lov": "1.94914", "sigma_imp": "0.000", "ps": "-8.86"}, {"energy": "1.114e-02", "width": "0.0000e+00", "ip": "4.723e-07", "ts": "0", "stretch": "9.1012e+05", "date": "2097-04-16.62", "dist": "0.348", "sigma_lov": "-1.05243", "sigma_imp": "0.000", "ps": "-8.27"}, {"energy": "1.123e-02", "width": "1.9144e-01", "ip": "3.082e-04", "ts": "0", "stretch": "1.3100e+03", "date": "2097-04-13.37", "dist": "0.550", "sigma_lov": "1.11976", "sigma_imp": "0.000", "ps": "-5.45"}, {"energy": "1.124e-02", "width": "1.1111e-02", "ip": "3.227e-07", "ts": "0", "stretch": "1.4450e+06", "date": "2096-04-16.24", "dist": "0.455", "sigma_lov": "0.91655", "sigma_imp": "0.000", "ps": "-8.42"}, {"energy": "1.122e-02", "width": "0.0000e+00", "ip": "4.732e-08", "ts": "0", "stretch": "7.4237e+06", "date": "2095-04-24.50", "dist": "0.859", "sigma_lov": "0.54680", "sigma_imp": "0.000", "ps": "-9.25"}, {"energy": "1.122e-02", "width": "3.1427e-02", "ip": "6.433e-08", "ts": "0", "stretch": "7.9454e+06", "date": "2095-04-23.88", "dist": "0.624", "sigma_lov": "0.62799", "sigma_imp": "0.000", "ps": "-9.12"}, {"energy": "1.122e-02", "width": "7.8568e-03", "ip": "6.348e-07", "ts": "0", "stretch": "1.1141e+06", "date": "2095-04-23.75", "dist": "0.271", "sigma_lov": "0.40533", "sigma_imp": "0.000", "ps": "-8.12"}, {"energy": "1.110e-02", "width": "2.4056e-03", "ip": "1.155e-07", "ts": "0", "stretch": "2.8054e+05", "date": "2095-04-23.73", "dist": "0.034", "sigma_lov": "-2.52960", "sigma_imp": "0.000", "ps": "-8.87"}, {"energy": "1.122e-02", "width": "8.5052e-04", "ip": "8.197e-06", "ts": "0", "stretch": "8.3715e+04", "date": "2095-04-23.61", "dist": "0.262", "sigma_lov": "0.47882", "sigma_imp": "0.000", "ps": "-7.01"}, {"energy": "1.110e-02", "width": "0.0000e+00", "ip": "3.832e-08", "ts": "0", "stretch": "7.2412e+05", "date": "2095-04-23.57", "dist": "0.130", "sigma_lov": "-2.58724", "sigma_imp": "0.000", "ps": "-9.35"}, {"energy": "1.110e-02", "width": "0.0000e+00", "ip": "6.213e-08", "ts": "0", "stretch": "4.9436e+05", "date": "2095-04-23.38", "dist": "0.136", "sigma_lov": "-2.54736", "sigma_imp": "0.000", "ps": "-9.14"}, {"energy": "1.123e-02", "width": "1.5714e-02", "ip": "2.196e-07", "ts": "0", "stretch": "3.1141e+06", "date": "2095-04-23.17", "dist": "0.095", "sigma_lov": "0.54612", "sigma_imp": "0.000", "ps": "-8.58"}, {"energy": "1.117e-02", "width": "0.0000e+00", "ip": "2.617e-07", "ts": "0", "stretch": "2.8032e+06", "date": "2095-04-18.39", "dist": "0.136", "sigma_lov": "-0.38714", "sigma_imp": "0.000", "ps": "-8.51"}, {"energy": "1.117e-02", "width": "0.0000e+00", "ip": "7.937e-08", "ts": "0", "stretch": "5.7806e+06", "date": "2095-04-18.04", "dist": "0.817", "sigma_lov": "-0.08020", "sigma_imp": "0.000", "ps": "-9.03"}, {"energy": "1.127e-02", "width": "0.0000e+00", "ip": "1.269e-07", "ts": "0", "stretch": "4.5840e+05", "date": "2095-04-17.69", "dist": "0.626", "sigma_lov": "2.17483", "sigma_imp": "0.000", "ps": "-8.82"}, {"energy": "1.120e-02", "width": "0.0000e+00", "ip": "1.414e-07", "ts": "0", "stretch": "5.0016e+06", "date": "2094-04-23.11", "dist": "0.050", "sigma_lov": "0.48765", "sigma_imp": "0.000", "ps": "-8.77"}, {"energy": "1.118e-02", "width": "0.0000e+00", "ip": "8.412e-07", "ts": "0", "stretch": "9.3114e+05", "date": "2094-04-22.50", "dist": "0.179", "sigma_lov": "-0.06767", "sigma_imp": "0.000", "ps": "-8.00"}, {"energy": "1.117e-02", "width": "0.0000e+00", "ip": "3.825e-07", "ts": "0", "stretch": "2.0243e+06", "date": "2094-04-22.33", "dist": "0.153", "sigma_lov": "-0.19064", "sigma_imp": "0.000", "ps": "-8.34"}, {"energy": "1.117e-02", "width": "7.8568e-03", "ip": "5.197e-07", "ts": "0", "stretch": "1.3443e+06", "date": "2094-04-21.71", "dist": "0.368", "sigma_lov": "-0.34699", "sigma_imp": "0.000", "ps": "-8.21"}, {"energy": "1.125e-02", "width": "0.0000e+00", "ip": "7.261e-08", "ts": "0", "stretch": "1.5801e+06", "date": "2094-04-21.36", "dist": "0.663", "sigma_lov": "1.81431", "sigma_imp": "0.000", "ps": "-9.06"}, {"energy": "1.117e-02", "width": "7.8568e-03", "ip": "3.903e-07", "ts": "0", "stretch": "1.8048e+06", "date": "2094-04-20.87", "dist": "0.304", "sigma_lov": "-0.39050", "sigma_imp": "0.000", "ps": "-8.33"}, {"energy": "1.115e-02", "width": "0.0000e+00", "ip": "6.669e-07", "ts": "0", "stretch": "2.0877e+05", "date": "2094-04-20.68", "dist": "0.982", "sigma_lov": "-0.39446", "sigma_imp": "0.000", "ps": "-8.10"}, {"energy": "1.114e-02", "width": "0.0000e+00", "ip": "3.275e-07", "ts": "0", "stretch": "1.1918e+06", "date": "2094-04-20.60", "dist": "0.624", "sigma_lov": "-0.96776", "sigma_imp": "0.000", "ps": "-8.41"}, {"energy": "1.119e-02", "width": "0.0000e+00", "ip": "6.109e-08", "ts": "0", "stretch": "9.8238e+06", "date": "2094-04-20.58", "dist": "0.629", "sigma_lov": "0.25406", "sigma_imp": "0.000", "ps": "-9.14"}, {"energy": "1.121e-02", "width": "5.4433e-02", "ip": "3.379e-08", "ts": "0", "stretch": "6.7768e+06", "date": "2094-04-20.41", "dist": "0.872", "sigma_lov": "0.99944", "sigma_imp": "0.000", "ps": "-9.39"}, {"energy": "1.121e-02", "width": "0.0000e+00", "ip": "2.667e-08", "ts": "0", "stretch": "1.2201e+07", "date": "2094-04-20.31", "dist": "0.742", "sigma_lov": "0.99527", "sigma_imp": "0.000", "ps": "-9.49"}, {"energy": "1.124e-02", "width": "6.2854e-02", "ip": "5.288e-09", "ts": "0", "stretch": "1.4260e+07", "date": "2094-04-19.68", "dist": "0.915", "sigma_lov": "1.65172", "sigma_imp": "0.000", "ps": "-10.2"}, {"energy": "1.125e-02", "width": "0.0000e+00", "ip": "3.303e-08", "ts": "0", "stretch": "5.6147e+06", "date": "2094-04-19.37", "dist": "0.410", "sigma_lov": "1.65150", "sigma_imp": "0.000", "ps": "-9.40"}, {"energy": "1.124e-02", "width": "1.0887e-01", "ip": "3.139e-09", "ts": "0", "stretch": "1.3777e+07", "date": "2094-04-19.28", "dist": "0.986", "sigma_lov": "1.65131", "sigma_imp": "0.000", "ps": "-10.4"}, {"energy": "1.120e-02", "width": "0.0000e+00", "ip": "3.184e-07", "ts": "0", "stretch": "7.4097e+05", "date": "2094-04-15.35", "dist": "0.937", "sigma_lov": "0.57529", "sigma_imp": "0.000", "ps": "-8.42"}, {"energy": "1.120e-02", "width": "0.0000e+00", "ip": "1.396e-07", "ts": "0", "stretch": "2.9254e+06", "date": "2094-04-15.27", "dist": "0.797", "sigma_lov": "0.57540", "sigma_imp": "0.000", "ps": "-8.78"}, {"energy": "1.123e-02", "width": "2.2222e-02", "ip": "8.993e-08", "ts": "0", "stretch": "5.3633e+06", "date": "2093-04-22.78", "dist": "0.051", "sigma_lov": "1.00038", "sigma_imp": "0.000", "ps": "-8.96"}, {"energy": "1.123e-02", "width": "0.0000e+00", "ip": "2.321e-07", "ts": "0", "stretch": "2.0783e+06", "date": "2093-04-22.54", "dist": "0.023", "sigma_lov": "1.00143", "sigma_imp": "0.000", "ps": "-8.55"}, {"energy": "1.126e-02", "width": "0.0000e+00", "ip": "1.340e-07", "ts": "0", "stretch": "1.5027e+06", "date": "2093-04-21.28", "dist": "0.034", "sigma_lov": "1.65715", "sigma_imp": "0.000", "ps": "-8.79"}, {"energy": "1.123e-02", "width": "0.0000e+00", "ip": "3.166e-07", "ts": "0", "stretch": "1.9163e+06", "date": "2093-04-15.76", "dist": "0.151", "sigma_lov": "0.72327", "sigma_imp": "0.000", "ps": "-8.41"}, {"energy": "1.114e-02", "width": "7.8568e-03", "ip": "3.993e-07", "ts": "0", "stretch": "8.9694e+05", "date": "2092-04-22.14", "dist": "0.077", "sigma_lov": "-1.26295", "sigma_imp": "0.000", "ps": "-8.31"}, {"energy": "1.115e-02", "width": "3.1427e-02", "ip": "8.676e-08", "ts": "0", "stretch": "5.5190e+06", "date": "2092-04-21.97", "dist": "0.534", "sigma_lov": "-0.82758", "sigma_imp": "0.000", "ps": "-8.97"}, {"energy": "1.113e-02", "width": "1.1111e-02", "ip": "1.178e-07", "ts": "0", "stretch": "2.3390e+06", "date": "2092-04-21.54", "dist": "0.543", "sigma_lov": "-1.33254", "sigma_imp": "0.000", "ps": "-8.84"}, {"energy": "1.113e-02", "width": "0.0000e+00", "ip": "1.674e-07", "ts": "0", "stretch": "1.8792e+06", "date": "2092-04-21.50", "dist": "0.517", "sigma_lov": "-1.24525", "sigma_imp": "0.000", "ps": "-8.69"}, {"energy": "1.122e-02", "width": "7.7642e-04", "ip": "3.574e-06", "ts": "0", "stretch": "7.2199e+04", "date": "2092-04-21.33", "dist": "0.863", "sigma_lov": "0.94126", "sigma_imp": "0.000", "ps": "-7.36"}, {"energy": "1.122e-02", "width": "8.5052e-04", "ip": "3.991e-06", "ts": "0", "stretch": "6.2870e+04", "date": "2092-04-21.32", "dist": "0.871", "sigma_lov": "0.94139", "sigma_imp": "0.000", "ps": "-7.31"}, {"energy": "1.122e-02", "width": "5.5556e-03", "ip": "2.837e-07", "ts": "0", "stretch": "1.3452e+06", "date": "2092-04-21.29", "dist": "0.707", "sigma_lov": "0.88278", "sigma_imp": "0.000", "ps": "-8.46"}, {"energy": "1.122e-02", "width": "0.0000e+00", "ip": "5.441e-07", "ts": "0", "stretch": "5.7700e+05", "date": "2092-04-21.22", "dist": "0.807", "sigma_lov": "0.90081", "sigma_imp": "0.000", "ps": "-8.17"}, {"energy": "1.121e-02", "width": "9.8210e-04", "ip": "1.070e-06", "ts": "0", "stretch": "2.0632e+05", "date": "2092-04-21.14", "dist": "0.912", "sigma_lov": "0.88511", "sigma_imp": "0.000", "ps": "-7.88"}, {"energy": "1.122e-02", "width": "1.0980e-03", "ip": "1.196e-06", "ts": "0", "stretch": "1.2248e+05", "date": "2092-04-21.10", "dist": "0.962", "sigma_lov": "0.89666", "sigma_imp": "0.000", "ps": "-7.83"}, {"energy": "1.120e-02", "width": "0.0000e+00", "ip": "5.091e-07", "ts": "0", "stretch": "1.3499e+06", "date": "2092-04-21.09", "dist": "0.448", "sigma_lov": "0.27174", "sigma_imp": "0.000", "ps": "-8.20"}, {"energy": "1.114e-02", "width": "6.9445e-04", "ip": "2.274e-06", "ts": "0", "stretch": "1.4892e+05", "date": "2092-04-19.98", "dist": "0.267", "sigma_lov": "-1.28040", "sigma_imp": "0.000", "ps": "-7.56"}, {"energy": "1.113e-02", "width": "8.5052e-04", "ip": "7.463e-06", "ts": "0", "stretch": "4.4951e+04", "date": "2092-04-19.80", "dist": "0.255", "sigma_lov": "-1.29015", "sigma_imp": "0.000", "ps": "-7.04"}, {"energy": "1.114e-02", "width": "0.0000e+00", "ip": "1.014e-07", "ts": "0", "stretch": "3.1337e+06", "date": "2092-04-19.75", "dist": "0.269", "sigma_lov": "-1.32820", "sigma_imp": "0.000", "ps": "-8.91"}, {"energy": "1.113e-02", "width": "9.8210e-04", "ip": "5.385e-06", "ts": "0", "stretch": "6.2191e+04", "date": "2092-04-19.71", "dist": "0.231", "sigma_lov": "-1.29630", "sigma_imp": "0.000", "ps": "-7.18"}, {"energy": "1.126e-02", "width": "8.8889e-02", "ip": "1.849e-08", "ts": "0", "stretch": "1.0035e+07", "date": "2092-04-18.41", "dist": "0.071", "sigma_lov": "1.70220", "sigma_imp": "0.000", "ps": "-9.64"}, {"energy": "1.121e-02", "width": "0.0000e+00", "ip": "5.627e-07", "ts": "0", "stretch": "6.3283e+05", "date": "2092-04-17.73", "dist": "0.816", "sigma_lov": "0.71837", "sigma_imp": "0.000", "ps": "-8.16"}, {"energy": "1.122e-02", "width": "0.0000e+00", "ip": "7.392e-08", "ts": "0", "stretch": "4.3451e+06", "date": "2091-04-23.27", "dist": "0.607", "sigma_lov": "1.16447", "sigma_imp": "0.000", "ps": "-9.03"}, {"energy": "1.121e-02", "width": "1.1111e-02", "ip": "1.436e-07", "ts": "0", "stretch": "2.5971e+06", "date": "2091-04-23.19", "dist": "0.724", "sigma_lov": "0.88031", "sigma_imp": "0.000", "ps": "-8.75"}, {"energy": "1.122e-02", "width": "0.0000e+00", "ip": "4.658e-07", "ts": "0", "stretch": "9.8273e+05", "date": "2091-04-23.10", "dist": "0.499", "sigma_lov": "0.90680", "sigma_imp": "0.000", "ps": "-8.24"}, {"energy": "1.127e-02", "width": "3.9284e-03", "ip": "1.348e-07", "ts": "0", "stretch": "6.5141e+05", "date": "2091-04-22.63", "dist": "0.205", "sigma_lov": "2.08837", "sigma_imp": "0.000", "ps": "-8.77"}, {"energy": "1.107e-02", "width": "9.8210e-04", "ip": "5.835e-08", "ts": "0", "stretch": "1.9446e+05", "date": "2091-04-21.62", "dist": "0.790", "sigma_lov": "-2.74190", "sigma_imp": "0.000", "ps": "-9.14"}, {"energy": "1.113e-02", "width": "0.0000e+00", "ip": "2.683e-07", "ts": "0", "stretch": "9.5821e+05", "date": "2091-04-20.61", "dist": "0.606", "sigma_lov": "-1.34380", "sigma_imp": "0.000", "ps": "-8.48"}, {"energy": "1.126e-02", "width": "0.0000e+00", "ip": "1.480e-07", "ts": "0", "stretch": "8.0248e+05", "date": "2091-04-19.50", "dist": "0.525", "sigma_lov": "1.86497", "sigma_imp": "0.000", "ps": "-8.73"}, {"energy": "1.114e-02", "width": "0.0000e+00", "ip": "1.590e-07", "ts": "0", "stretch": "1.5920e+06", "date": "2090-04-21.42", "dist": "0.599", "sigma_lov": "-1.36045", "sigma_imp": "0.000", "ps": "-8.70"}, {"energy": "1.123e-02", "width": "1.5714e-02", "ip": "1.705e-07", "ts": "0", "stretch": "3.4447e+06", "date": "2090-04-20.41", "dist": "0.396", "sigma_lov": "0.66367", "sigma_imp": "0.000", "ps": "-8.67"}, {"energy": "1.123e-02", "width": "3.1427e-02", "ip": "9.235e-08", "ts": "0", "stretch": "6.8744e+06", "date": "2090-04-20.23", "dist": "0.120", "sigma_lov": "0.66344", "sigma_imp": "0.000", "ps": "-8.93"}, {"energy": "1.122e-02", "width": "0.0000e+00", "ip": "7.930e-08", "ts": "0", "stretch": "7.7214e+06", "date": "2090-04-19.50", "dist": "0.414", "sigma_lov": "0.58284", "sigma_imp": "0.000", "ps": "-9.00"}, {"energy": "1.127e-02", "width": "0.0000e+00", "ip": "2.600e-08", "ts": "0", "stretch": "6.8288e+06", "date": "2090-04-18.95", "dist": "0.542", "sigma_lov": "1.62850", "sigma_imp": "0.000", "ps": "-9.48"}, {"energy": "1.107e-02", "width": "0.0000e+00", "ip": "1.158e-08", "ts": "0", "stretch": "3.8367e+05", "date": "2090-04-18.34", "dist": "0.440", "sigma_lov": "-3.18658", "sigma_imp": "0.000", "ps": "-9.84"}, {"energy": "1.121e-02", "width": "0.0000e+00", "ip": "2.494e-07", "ts": "0", "stretch": "1.1925e+06", "date": "2089-04-24.03", "dist": "0.867", "sigma_lov": "0.76238", "sigma_imp": "0.000", "ps": "-8.49"}, {"energy": "1.121e-02", "width": "0.0000e+00", "ip": "3.415e-07", "ts": "0", "stretch": "3.9623e+05", "date": "2089-04-23.62", "dist": "0.974", "sigma_lov": "0.75399", "sigma_imp": "0.000", "ps": "-8.36"}, {"energy": "1.121e-02", "width": "1.5714e-02", "ip": "2.092e-07", "ts": "0", "stretch": "3.0196e+06", "date": "2089-04-21.83", "dist": "0.240", "sigma_lov": "0.63749", "sigma_imp": "0.000", "ps": "-8.57"}, {"energy": "1.106e-02", "width": "2.2222e-02", "ip": "1.162e-09", "ts": "0", "stretch": "5.7618e+06", "date": "2089-04-21.72", "dist": "0.890", "sigma_lov": "-2.82329", "sigma_imp": "0.000", "ps": "-10.8"}, {"energy": "1.135e-02", "width": "9.1867e-04", "ip": "5.222e-09", "ts": "0", "stretch": "2.4094e+04", "date": "2089-04-21.03", "dist": "0.694", "sigma_lov": "4.10135", "sigma_imp": "0.000", "ps": "-10.2"}, {"energy": "1.129e-02", "width": "3.9284e-03", "ip": "1.673e-08", "ts": "0", "stretch": "6.6889e+05", "date": "2089-04-20.43", "dist": "0.625", "sigma_lov": "2.83243", "sigma_imp": "0.000", "ps": "-9.67"}, {"energy": "1.129e-02", "width": "1.3889e-03", "ip": "4.840e-08", "ts": "0", "stretch": "3.3611e+05", "date": "2089-04-19.80", "dist": "0.598", "sigma_lov": "2.70705", "sigma_imp": "0.000", "ps": "-9.20"}, {"energy": "1.124e-02", "width": "0.0000e+00", "ip": "4.448e-08", "ts": "0", "stretch": "1.4693e+06", "date": "2089-04-19.04", "dist": "0.907", "sigma_lov": "1.80884", "sigma_imp": "0.000", "ps": "-9.24"}, {"energy": "1.118e-02", "width": "0.0000e+00", "ip": "5.952e-07", "ts": "0", "stretch": "1.2633e+06", "date": "2089-04-17.00", "dist": "0.334", "sigma_lov": "0.02125", "sigma_imp": "0.000", "ps": "-8.12"}, {"energy": "1.118e-02", "width": "0.0000e+00", "ip": "2.124e-06", "ts": "0", "stretch": "3.2742e+05", "date": "2089-04-16.85", "dist": "0.490", "sigma_lov": "0.02470", "sigma_imp": "0.000", "ps": "-7.57"}, {"energy": "1.119e-02", "width": "0.0000e+00", "ip": "8.053e-07", "ts": "0", "stretch": "9.1559e+05", "date": "2089-04-16.74", "dist": "0.344", "sigma_lov": "0.17842", "sigma_imp": "0.000", "ps": "-7.99"}, {"energy": "1.106e-02", "width": "0.0000e+00", "ip": "1.239e-08", "ts": "0", "stretch": "5.0110e+05", "date": "2088-04-21.35", "dist": "0.120", "sigma_lov": "-3.11241", "sigma_imp": "0.000", "ps": "-9.80"}, {"energy": "1.107e-02", "width": "0.0000e+00", "ip": "4.793e-08", "ts": "0", "stretch": "3.6625e+05", "date": "2088-04-21.35", "dist": "0.660", "sigma_lov": "-2.65577", "sigma_imp": "0.000", "ps": "-9.21"}, {"energy": "1.128e-02", "width": "2.4056e-03", "ip": "2.095e-07", "ts": "0", "stretch": "2.9036e+05", "date": "2088-04-15.83", "dist": "0.565", "sigma_lov": "2.18010", "sigma_imp": "0.000", "ps": "-8.56"}, {"energy": "1.123e-02", "width": "7.8568e-03", "ip": "3.759e-07", "ts": "0", "stretch": "1.6533e+06", "date": "2087-04-23.89", "dist": "0.313", "sigma_lov": "0.62865", "sigma_imp": "0.000", "ps": "-8.30"}, {"energy": "1.121e-02", "width": "5.5556e-03", "ip": "2.233e-07", "ts": "0", "stretch": "1.3905e+06", "date": "2087-04-23.88", "dist": "0.907", "sigma_lov": "0.39235", "sigma_imp": "0.000", "ps": "-8.53"}, {"energy": "1.130e-02", "width": "0.0000e+00", "ip": "1.374e-08", "ts": "0", "stretch": "3.1754e+06", "date": "2087-04-23.71", "dist": "0.238", "sigma_lov": "2.39610", "sigma_imp": "0.000", "ps": "-9.74"}, {"energy": "1.122e-02", "width": "1.9642e-03", "ip": "1.237e-06", "ts": "0", "stretch": "4.6487e+05", "date": "2087-04-23.70", "dist": "0.542", "sigma_lov": "0.55217", "sigma_imp": "0.000", "ps": "-7.79"}, {"energy": "1.130e-02", "width": "3.4021e-03", "ip": "9.966e-08", "ts": "0", "stretch": "4.5253e+05", "date": "2087-04-23.52", "dist": "0.026", "sigma_lov": "2.39437", "sigma_imp": "0.000", "ps": "-8.88"}, {"energy": "1.129e-02", "width": "6.9445e-04", "ip": "3.320e-07", "ts": "0", "stretch": "1.3168e+05", "date": "2087-04-23.47", "dist": "0.307", "sigma_lov": "2.38682", "sigma_imp": "0.000", "ps": "-8.36"}, {"energy": "1.130e-02", "width": "6.9445e-04", "ip": "2.391e-07", "ts": "0", "stretch": "1.4597e+05", "date": "2087-04-23.45", "dist": "0.118", "sigma_lov": "2.49634", "sigma_imp": "0.000", "ps": "-8.50"}, {"energy": "1.130e-02", "width": "1.4167e-03", "ip": "1.709e-04", "ts": "0", "stretch": "1.7965e+02", "date": "2087-04-23.38", "dist": "0.656", "sigma_lov": "2.52388", "sigma_imp": "0.000", "ps": "-5.64"}, {"energy": "1.110e-02", "width": "0.0000e+00", "ip": "1.533e-07", "ts": "0", "stretch": "4.4878e+05", "date": "2087-04-18.12", "dist": "0.474", "sigma_lov": "-2.15461", "sigma_imp": "0.000", "ps": "-8.70"}, {"energy": "1.116e-02", "width": "1.3608e-02", "ip": "1.351e-07", "ts": "0", "stretch": "3.1858e+06", "date": "2087-04-17.92", "dist": "0.813", "sigma_lov": "-0.38649", "sigma_imp": "0.000", "ps": "-8.75"}, {"energy": "1.109e-02", "width": "0.0000e+00", "ip": "1.166e-07", "ts": "0", "stretch": "2.8552e+05", "date": "2087-04-16.50", "dist": "0.780", "sigma_lov": "-2.32585", "sigma_imp": "0.000", "ps": "-8.82"}, {"energy": "1.108e-02", "width": "2.7778e-03", "ip": "5.996e-08", "ts": "0", "stretch": "4.2774e+05", "date": "2087-04-16.46", "dist": "0.856", "sigma_lov": "-2.35570", "sigma_imp": "0.000", "ps": "-9.11"}, {"energy": "1.112e-02", "width": "0.0000e+00", "ip": "1.418e-07", "ts": "0", "stretch": "1.0001e+06", "date": "2086-04-23.52", "dist": "0.865", "sigma_lov": "-1.44098", "sigma_imp": "0.000", "ps": "-8.72"}, {"energy": "1.117e-02", "width": "3.9284e-03", "ip": "7.218e-07", "ts": "0", "stretch": "8.4732e+05", "date": "2086-04-23.35", "dist": "0.641", "sigma_lov": "-0.05471", "sigma_imp": "0.000", "ps": "-8.02"}, {"energy": "1.119e-02", "width": "0.0000e+00", "ip": "2.464e-07", "ts": "0", "stretch": "2.8966e+06", "date": "2086-04-23.17", "dist": "0.408", "sigma_lov": "0.20168", "sigma_imp": "0.000", "ps": "-8.48"}, {"energy": "1.109e-02", "width": "1.0980e-03", "ip": "5.060e-07", "ts": "0", "stretch": "1.0543e+05", "date": "2086-04-22.88", "dist": "0.434", "sigma_lov": "-2.27970", "sigma_imp": "0.000", "ps": "-8.17"}, {"energy": "1.109e-02", "width": "1.3889e-03", "ip": "1.413e-07", "ts": "0", "stretch": "3.2289e+05", "date": "2086-04-22.74", "dist": "0.258", "sigma_lov": "-2.37675", "sigma_imp": "0.000", "ps": "-8.73"}, {"energy": "1.118e-02", "width": "9.8210e-04", "ip": "8.232e-06", "ts": "0", "stretch": "9.6676e+04", "date": "2086-04-22.68", "dist": "0.018", "sigma_lov": "-0.07002", "sigma_imp": "0.000", "ps": "-6.96"}, {"energy": "1.119e-02", "width": "1.9642e-03", "ip": "1.753e-06", "ts": "0", "stretch": "4.3921e+05", "date": "2086-04-22.56", "dist": "0.168", "sigma_lov": "0.20496", "sigma_imp": "0.000", "ps": "-7.63"}, {"energy": "1.117e-02", "width": "0.0000e+00", "ip": "2.395e-06", "ts": "0", "stretch": "3.1196e+05", "date": "2086-04-22.54", "dist": "0.302", "sigma_lov": "-0.18982", "sigma_imp": "0.000", "ps": "-7.49"}, {"energy": "1.117e-02", "width": "0.0000e+00", "ip": "7.850e-07", "ts": "0", "stretch": "8.7228e+05", "date": "2086-04-22.40", "dist": "0.397", "sigma_lov": "-0.36654", "sigma_imp": "0.000", "ps": "-7.98"}, {"energy": "1.123e-02", "width": "0.0000e+00", "ip": "2.312e-07", "ts": "0", "stretch": "1.0648e+06", "date": "2086-04-21.16", "dist": "0.769", "sigma_lov": "1.20590", "sigma_imp": "0.000", "ps": "-8.51"}, {"energy": "1.125e-02", "width": "0.0000e+00", "ip": "5.740e-08", "ts": "0", "stretch": "2.3231e+06", "date": "2086-04-21.08", "dist": "0.631", "sigma_lov": "1.75043", "sigma_imp": "0.000", "ps": "-9.11"}, {"energy": "1.114e-02", "width": "1.3889e-03", "ip": "1.405e-06", "ts": "0", "stretch": "2.7024e+05", "date": "2086-04-20.54", "dist": "0.651", "sigma_lov": "-0.96655", "sigma_imp": "0.000", "ps": "-7.73"}, {"energy": "1.126e-02", "width": "1.1111e-02", "ip": "6.653e-09", "ts": "0", "stretch": "2.1435e+06", "date": "2086-04-16.99", "dist": "0.990", "sigma_lov": "1.96648", "sigma_imp": "0.000", "ps": "-10.0"}, {"energy": "1.119e-02", "width": "0.0000e+00", "ip": "1.009e-06", "ts": "0", "stretch": "6.6414e+05", "date": "2085-04-22.45", "dist": "0.541", "sigma_lov": "-0.04332", "sigma_imp": "0.000", "ps": "-7.86"}, {"energy": "1.120e-02", "width": "0.0000e+00", "ip": "2.781e-07", "ts": "0", "stretch": "2.6810e+06", "date": "2085-04-22.30", "dist": "0.302", "sigma_lov": "0.19875", "sigma_imp": "0.000", "ps": "-8.42"}, {"energy": "1.116e-02", "width": "1.1111e-02", "ip": "2.200e-07", "ts": "0", "stretch": "2.4919e+06", "date": "2085-04-21.66", "dist": "0.251", "sigma_lov": "-0.82807", "sigma_imp": "0.000", "ps": "-8.53"}, {"energy": "1.127e-02", "width": "8.8889e-02", "ip": "1.616e-08", "ts": "0", "stretch": "1.3532e+07", "date": "2085-04-19.75", "dist": "0.681", "sigma_lov": "1.39014", "sigma_imp": "0.000", "ps": "-9.66"}, {"energy": "1.128e-02", "width": "0.0000e+00", "ip": "1.043e-07", "ts": "0", "stretch": "8.8782e+05", "date": "2085-04-19.32", "dist": "0.496", "sigma_lov": "2.00404", "sigma_imp": "0.000", "ps": "-8.85"}, {"energy": "1.124e-02", "width": "2.2222e-02", "ip": "9.562e-08", "ts": "0", "stretch": "5.0425e+06", "date": "2084-04-22.24", "dist": "0.187", "sigma_lov": "0.98404", "sigma_imp": "0.000", "ps": "-8.88"}, {"energy": "1.124e-02", "width": "1.1111e-02", "ip": "2.673e-07", "ts": "0", "stretch": "1.8094e+06", "date": "2084-04-21.97", "dist": "0.165", "sigma_lov": "0.98526", "sigma_imp": "0.000", "ps": "-8.43"}, {"energy": "1.128e-02", "width": "0.0000e+00", "ip": "2.670e-07", "ts": "0", "stretch": "3.4728e+05", "date": "2084-04-21.36", "dist": "0.461", "sigma_lov": "2.01413", "sigma_imp": "0.000", "ps": "-8.43"}, {"energy": "1.128e-02", "width": "2.4056e-03", "ip": "3.426e-07", "ts": "0", "stretch": "3.2422e+05", "date": "2084-04-21.04", "dist": "0.407", "sigma_lov": "1.93738", "sigma_imp": "0.000", "ps": "-8.32"}, {"energy": "1.127e-02", "width": "0.0000e+00", "ip": "5.271e-07", "ts": "0", "stretch": "1.9279e+05", "date": "2084-04-21.00", "dist": "0.524", "sigma_lov": "1.94734", "sigma_imp": "0.000", "ps": "-8.14"}, {"energy": "1.120e-02", "width": "0.0000e+00", "ip": "1.804e-07", "ts": "0", "stretch": "1.9654e+06", "date": "2084-04-14.96", "dist": "0.816", "sigma_lov": "0.72429", "sigma_imp": "0.000", "ps": "-8.60"}, {"energy": "1.122e-02", "width": "0.0000e+00", "ip": "1.574e-07", "ts": "0", "stretch": "3.2484e+06", "date": "2083-04-23.03", "dist": "0.071", "sigma_lov": "0.93915", "sigma_imp": "0.000", "ps": "-8.66"}, {"energy": "1.122e-02", "width": "0.0000e+00", "ip": "2.013e-07", "ts": "0", "stretch": "2.6060e+06", "date": "2083-04-22.98", "dist": "0.242", "sigma_lov": "0.88073", "sigma_imp": "0.000", "ps": "-8.55"}, {"energy": "1.122e-02", "width": "5.5556e-03", "ip": "5.141e-07", "ts": "0", "stretch": "1.0270e+06", "date": "2083-04-22.90", "dist": "0.053", "sigma_lov": "0.90569", "sigma_imp": "0.000", "ps": "-8.14"}, {"energy": "1.113e-02", "width": "0.0000e+00", "ip": "4.427e-07", "ts": "0", "stretch": "6.7534e+05", "date": "2083-04-22.60", "dist": "0.355", "sigma_lov": "-1.35189", "sigma_imp": "0.000", "ps": "-8.21"}, {"energy": "1.119e-02", "width": "2.2222e-02", "ip": "1.501e-07", "ts": "0", "stretch": "4.1246e+06", "date": "2083-04-22.32", "dist": "0.571", "sigma_lov": "0.33385", "sigma_imp": "0.000", "ps": "-8.68"}, {"energy": "1.128e-02", "width": "1.2028e-03", "ip": "6.832e-08", "ts": "0", "stretch": "1.5432e+05", "date": "2083-04-18.10", "dist": "0.931", "sigma_lov": "2.57290", "sigma_imp": "0.000", "ps": "-9.02"}, {"energy": "1.125e-02", "width": "0.0000e+00", "ip": "5.286e-07", "ts": "0", "stretch": "7.6532e+05", "date": "2082-04-22.51", "dist": "0.029", "sigma_lov": "1.16350", "sigma_imp": "0.000", "ps": "-8.12"}, {"energy": "1.113e-02", "width": "2.7778e-03", "ip": "3.347e-07", "ts": "0", "stretch": "5.5960e+05", "date": "2082-04-21.58", "dist": "0.781", "sigma_lov": "-1.39876", "sigma_imp": "0.000", "ps": "-8.32"}, {"energy": "1.122e-02", "width": "1.1111e-02", "ip": "1.194e-07", "ts": "0", "stretch": "2.3872e+06", "date": "2082-04-21.30", "dist": "0.872", "sigma_lov": "0.78926", "sigma_imp": "0.000", "ps": "-8.77"}, {"energy": "1.122e-02", "width": "2.2222e-02", "ip": "2.941e-08", "ts": "0", "stretch": "4.3399e+06", "date": "2082-04-20.64", "dist": "0.971", "sigma_lov": "0.78896", "sigma_imp": "0.000", "ps": "-9.38"}, {"energy": "1.122e-02", "width": "0.0000e+00", "ip": "2.538e-07", "ts": "0", "stretch": "2.2154e+06", "date": "2082-04-19.67", "dist": "0.521", "sigma_lov": "0.61795", "sigma_imp": "0.000", "ps": "-8.44"}, {"energy": "1.121e-02", "width": "0.0000e+00", "ip": "3.970e-07", "ts": "0", "stretch": "7.8895e+05", "date": "2082-04-19.59", "dist": "0.885", "sigma_lov": "0.58572", "sigma_imp": "0.000", "ps": "-8.25"}, {"energy": "1.129e-02", "width": "8.5052e-04", "ip": "1.120e-07", "ts": "0", "stretch": "1.2200e+05", "date": "2082-04-18.83", "dist": "0.874", "sigma_lov": "2.58456", "sigma_imp": "0.000", "ps": "-8.80"}, {"energy": "1.130e-02", "width": "0.0000e+00", "ip": "6.968e-08", "ts": "0", "stretch": "3.1881e+05", "date": "2082-04-18.57", "dist": "0.620", "sigma_lov": "2.58111", "sigma_imp": "0.000", "ps": "-9.00"}, {"energy": "1.126e-02", "width": "0.0000e+00", "ip": "1.158e-07", "ts": "0", "stretch": "1.3443e+06", "date": "2081-04-21.99", "dist": "0.172", "sigma_lov": "1.79753", "sigma_imp": "0.000", "ps": "-8.78"}, {"energy": "1.122e-02", "width": "0.0000e+00", "ip": "2.387e-07", "ts": "0", "stretch": "8.0914e+05", "date": "2081-04-21.52", "dist": "0.886", "sigma_lov": "1.13980", "sigma_imp": "0.000", "ps": "-8.46"}, {"energy": "1.113e-02", "width": "0.0000e+00", "ip": "1.647e-07", "ts": "0", "stretch": "1.6623e+06", "date": "2081-04-16.93", "dist": "0.806", "sigma_lov": "-1.04425", "sigma_imp": "0.000", "ps": "-8.63"}, {"energy": "1.116e-02", "width": "7.8568e-03", "ip": "3.767e-07", "ts": "0", "stretch": "1.2775e+06", "date": "2081-04-16.92", "dist": "0.781", "sigma_lov": "-0.26117", "sigma_imp": "0.000", "ps": "-8.27"}, {"energy": "1.116e-02", "width": "0.0000e+00", "ip": "3.313e-07", "ts": "0", "stretch": "1.6407e+06", "date": "2081-04-16.86", "dist": "0.708", "sigma_lov": "-0.26781", "sigma_imp": "0.000", "ps": "-8.32"}, {"energy": "1.117e-02", "width": "1.9642e-03", "ip": "1.723e-06", "ts": "0", "stretch": "4.3830e+05", "date": "2081-04-16.70", "dist": "0.197", "sigma_lov": "-0.26516", "sigma_imp": "0.000", "ps": "-7.60"}, {"energy": "1.128e-02", "width": "0.0000e+00", "ip": "4.992e-08", "ts": "0", "stretch": "8.4725e+05", "date": "2080-04-23.01", "dist": "0.335", "sigma_lov": "2.39650", "sigma_imp": "0.000", "ps": "-9.13"}, {"energy": "1.128e-02", "width": "1.9642e-03", "ip": "1.253e-07", "ts": "0", "stretch": "2.7489e+05", "date": "2080-04-22.95", "dist": "0.266", "sigma_lov": "2.48967", "sigma_imp": "0.000", "ps": "-8.73"}, {"energy": "1.130e-02", "width": "0.0000e+00", "ip": "6.969e-08", "ts": "0", "stretch": "2.6952e+05", "date": "2080-04-22.87", "dist": "0.153", "sigma_lov": "2.73106", "sigma_imp": "0.000", "ps": "-8.99"}, {"energy": "1.127e-02", "width": "3.9284e-03", "ip": "4.281e-08", "ts": "0", "stretch": "8.7094e+05", "date": "2080-04-22.79", "dist": "0.587", "sigma_lov": "2.38583", "sigma_imp": "0.000", "ps": "-9.20"}, {"energy": "1.129e-02", "width": "1.0980e-03", "ip": "1.631e-07", "ts": "0", "stretch": "9.7087e+04", "date": "2080-04-22.78", "dist": "0.494", "sigma_lov": "2.74643", "sigma_imp": "0.000", "ps": "-8.62"}, {"energy": "1.128e-02", "width": "9.8210e-04", "ip": "1.281e-07", "ts": "0", "stretch": "2.3484e+05", "date": "2080-04-22.70", "dist": "0.380", "sigma_lov": "2.52713", "sigma_imp": "0.000", "ps": "-8.72"}, {"energy": "1.120e-02", "width": "0.0000e+00", "ip": "4.067e-07", "ts": "0", "stretch": "1.7935e+06", "date": "2080-04-22.69", "dist": "0.124", "sigma_lov": "0.40375", "sigma_imp": "0.000", "ps": "-8.22"}, {"energy": "1.121e-02", "width": "0.0000e+00", "ip": "3.228e-06", "ts": "0", "stretch": "2.1427e+05", "date": "2080-04-22.55", "dist": "0.195", "sigma_lov": "0.49596", "sigma_imp": "0.000", "ps": "-7.32"}, {"energy": "1.120e-02", "width": "0.0000e+00", "ip": "2.727e-06", "ts": "0", "stretch": "2.5328e+05", "date": "2080-04-22.46", "dist": "0.345", "sigma_lov": "0.40133", "sigma_imp": "0.000", "ps": "-7.40"}, {"energy": "1.121e-02", "width": "9.8210e-04", "ip": "1.180e-05", "ts": "0", "stretch": "5.2015e+04", "date": "2080-04-22.31", "dist": "0.479", "sigma_lov": "0.51239", "sigma_imp": "0.000", "ps": "-6.76"}, {"energy": "1.125e-02", "width": "0.0000e+00", "ip": "1.806e-07", "ts": "0", "stretch": "8.4140e+05", "date": "2080-04-21.92", "dist": "0.409", "sigma_lov": "1.76812", "sigma_imp": "0.000", "ps": "-8.58"}, {"energy": "1.121e-02", "width": "2.2222e-02", "ip": "6.983e-08", "ts": "0", "stretch": "5.3423e+06", "date": "2080-04-21.39", "dist": "0.744", "sigma_lov": "0.84144", "sigma_imp": "0.000", "ps": "-8.99"}, {"energy": "1.110e-02", "width": "0.0000e+00", "ip": "1.222e-07", "ts": "0", "stretch": "4.2274e+05", "date": "2079-04-16.35", "dist": "0.758", "sigma_lov": "-2.14812", "sigma_imp": "0.000", "ps": "-8.74"}, {"energy": "1.112e-02", "width": "0.0000e+00", "ip": "4.798e-07", "ts": "0", "stretch": "5.4340e+05", "date": "2078-04-23.23", "dist": "0.308", "sigma_lov": "-1.46155", "sigma_imp": "0.000", "ps": "-8.14"}, {"energy": "1.117e-02", "width": "2.7778e-03", "ip": "1.801e-06", "ts": "0", "stretch": "4.1386e+05", "date": "2078-04-23.08", "dist": "0.116", "sigma_lov": "-0.35041", "sigma_imp": "0.000", "ps": "-7.56"}, {"energy": "1.110e-02", "width": "1.0417e-03", "ip": "1.171e-06", "ts": "0", "stretch": "7.3813e+04", "date": "2078-04-22.68", "dist": "0.061", "sigma_lov": "-2.10651", "sigma_imp": "0.000", "ps": "-7.75"}, {"energy": "1.117e-02", "width": "1.0417e-03", "ip": "1.051e-05", "ts": "0", "stretch": "6.5667e+04", "date": "2078-04-22.54", "dist": "0.377", "sigma_lov": "-0.36960", "sigma_imp": "0.000", "ps": "-6.80"}, {"energy": "1.108e-02", "width": "3.9284e-03", "ip": "4.773e-08", "ts": "0", "stretch": "7.7375e+05", "date": "2078-04-22.12", "dist": "0.539", "sigma_lov": "-2.40767", "sigma_imp": "0.000", "ps": "-9.14"}, {"energy": "1.114e-02", "width": "0.0000e+00", "ip": "6.136e-07", "ts": "0", "stretch": "6.8197e+05", "date": "2078-04-21.99", "dist": "0.538", "sigma_lov": "-0.97447", "sigma_imp": "0.000", "ps": "-8.03"}, {"energy": "1.127e-02", "width": "0.0000e+00", "ip": "2.302e-08", "ts": "0", "stretch": "3.5678e+06", "date": "2078-04-21.91", "dist": "0.107", "sigma_lov": "2.12740", "sigma_imp": "0.000", "ps": "-9.46"}, {"energy": "1.120e-02", "width": "0.0000e+00", "ip": "3.140e-07", "ts": "0", "stretch": "2.2305e+06", "date": "2077-04-22.35", "dist": "0.425", "sigma_lov": "0.24769", "sigma_imp": "0.000", "ps": "-8.32"}, {"energy": "1.118e-02", "width": "0.0000e+00", "ip": "1.417e-06", "ts": "0", "stretch": "5.2998e+05", "date": "2077-04-22.25", "dist": "0.102", "sigma_lov": "-0.33368", "sigma_imp": "0.000", "ps": "-7.66"}, {"energy": "1.127e-02", "width": "0.0000e+00", "ip": "1.957e-07", "ts": "0", "stretch": "4.7832e+05", "date": "2077-04-22.13", "dist": "0.420", "sigma_lov": "2.02063", "sigma_imp": "0.000", "ps": "-8.52"}, {"energy": "1.134e-02", "width": "1.0980e-03", "ip": "1.597e-08", "ts": "0", "stretch": "1.1283e+05", "date": "2077-04-17.35", "dist": "0.327", "sigma_lov": "3.47125", "sigma_imp": "0.000", "ps": "-9.60"}, {"energy": "1.122e-02", "width": "0.0000e+00", "ip": "1.470e-07", "ts": "0", "stretch": "2.9342e+06", "date": "2077-04-15.32", "dist": "0.741", "sigma_lov": "0.65618", "sigma_imp": "0.000", "ps": "-8.64"}, {"energy": "1.123e-02", "width": "0.0000e+00", "ip": "5.766e-08", "ts": "0", "stretch": "1.1051e+07", "date": "2077-04-15.15", "dist": "0.130", "sigma_lov": "0.65676", "sigma_imp": "0.000", "ps": "-9.05"}, {"energy": "1.123e-02", "width": "0.0000e+00", "ip": "9.487e-08", "ts": "0", "stretch": "3.3790e+06", "date": "2076-04-22.85", "dist": "0.747", "sigma_lov": "1.00204", "sigma_imp": "0.000", "ps": "-8.83"}, {"energy": "1.115e-02", "width": "5.5556e-03", "ip": "4.401e-07", "ts": "0", "stretch": "7.9425e+05", "date": "2076-04-21.91", "dist": "0.276", "sigma_lov": "-1.25311", "sigma_imp": "0.000", "ps": "-8.16"}, {"energy": "1.115e-02", "width": "5.5556e-03", "ip": "2.424e-07", "ts": "0", "stretch": "1.4153e+06", "date": "2076-04-21.76", "dist": "0.345", "sigma_lov": "-1.24900", "sigma_imp": "0.000", "ps": "-8.42"}, {"energy": "1.114e-02", "width": "1.1111e-02", "ip": "1.091e-07", "ts": "0", "stretch": "2.3504e+06", "date": "2076-04-21.29", "dist": "0.618", "sigma_lov": "-1.33682", "sigma_imp": "0.000", "ps": "-8.77"}, {"energy": "1.130e-02", "width": "3.9284e-03", "ip": "2.782e-08", "ts": "0", "stretch": "5.1365e+05", "date": "2076-04-17.92", "dist": "0.410", "sigma_lov": "2.80086", "sigma_imp": "0.000", "ps": "-9.36"}, {"energy": "1.135e-02", "width": "6.3990e-03", "ip": "1.844e-09", "ts": "0", "stretch": "1.8459e+05", "date": "2076-04-16.83", "dist": "0.009", "sigma_lov": "3.93554", "sigma_imp": "0.000", "ps": "-10.5"}, {"energy": "1.122e-02", "width": "0.0000e+00", "ip": "3.783e-07", "ts": "0", "stretch": "1.0927e+06", "date": "2075-04-22.52", "dist": "0.590", "sigma_lov": "0.94023", "sigma_imp": "0.000", "ps": "-8.22"}, {"energy": "1.122e-02", "width": "6.8042e-03", "ip": "5.386e-07", "ts": "0", "stretch": "9.1036e+05", "date": "2075-04-22.46", "dist": "0.419", "sigma_lov": "0.88205", "sigma_imp": "0.000", "ps": "-8.07"}, {"energy": "1.122e-02", "width": "1.9642e-03", "ip": "1.123e-06", "ts": "0", "stretch": "3.9740e+05", "date": "2075-04-22.39", "dist": "0.541", "sigma_lov": "0.90248", "sigma_imp": "0.000", "ps": "-7.75"}, {"energy": "1.122e-02", "width": "1.9245e-02", "ip": "1.869e-07", "ts": "0", "stretch": "2.4788e+06", "date": "2075-04-22.37", "dist": "0.414", "sigma_lov": "0.94654", "sigma_imp": "0.000", "ps": "-8.53"}, {"energy": "1.122e-02", "width": "3.9284e-03", "ip": "6.402e-07", "ts": "0", "stretch": "6.0810e+05", "date": "2075-04-22.22", "dist": "0.645", "sigma_lov": "0.94534", "sigma_imp": "0.000", "ps": "-7.99"}, {"energy": "1.121e-02", "width": "0.0000e+00", "ip": "9.795e-07", "ts": "0", "stretch": "6.0056e+05", "date": "2075-04-17.54", "dist": "0.491", "sigma_lov": "0.57691", "sigma_imp": "0.000", "ps": "-7.81"}, {"energy": "1.123e-02", "width": "0.0000e+00", "ip": "2.786e-08", "ts": "0", "stretch": "2.7305e+06", "date": "2074-04-23.26", "dist": "0.989", "sigma_lov": "0.94848", "sigma_imp": "0.000", "ps": "-9.34"}, {"energy": "1.133e-02", "width": "1.2028e-03", "ip": "6.943e-09", "ts": "0", "stretch": "1.7496e+05", "date": "2073-04-23.70", "dist": "0.921", "sigma_lov": "3.32736", "sigma_imp": "0.000", "ps": "-9.94"}, {"energy": "1.130e-02", "width": "0.0000e+00", "ip": "2.718e-08", "ts": "0", "stretch": "6.0460e+05", "date": "2073-04-23.43", "dist": "0.516", "sigma_lov": "2.72768", "sigma_imp": "0.000", "ps": "-9.34"}, {"energy": "1.129e-02", "width": "1.9642e-03", "ip": "2.080e-08", "ts": "0", "stretch": "3.4296e+05", "date": "2073-04-23.28", "dist": "0.975", "sigma_lov": "2.53227", "sigma_imp": "0.000", "ps": "-9.46"}, {"energy": "1.130e-02", "width": "1.3889e-03", "ip": "3.537e-08", "ts": "0", "stretch": "2.8842e+05", "date": "2073-04-23.19", "dist": "0.825", "sigma_lov": "2.74979", "sigma_imp": "0.000", "ps": "-9.23"}, {"energy": "1.120e-02", "width": "2.7778e-03", "ip": "8.519e-07", "ts": "0", "stretch": "5.8058e+05", "date": "2073-04-21.32", "dist": "0.752", "sigma_lov": "0.34976", "sigma_imp": "0.000", "ps": "-7.85"}, {"energy": "1.120e-02", "width": "0.0000e+00", "ip": "4.656e-07", "ts": "0", "stretch": "1.2577e+06", "date": "2073-04-21.27", "dist": "0.625", "sigma_lov": "0.34936", "sigma_imp": "0.000", "ps": "-8.11"}, {"energy": "1.126e-02", "width": "0.0000e+00", "ip": "1.984e-08", "ts": "0", "stretch": "7.0372e+05", "date": "2073-04-17.84", "dist": "0.984", "sigma_lov": "2.15329", "sigma_imp": "0.000", "ps": "-9.48"}, {"energy": "1.114e-02", "width": "0.0000e+00", "ip": "7.096e-07", "ts": "0", "stretch": "6.3949e+05", "date": "2073-04-16.41", "dist": "0.086", "sigma_lov": "-1.05874", "sigma_imp": "0.000", "ps": "-7.93"}, {"energy": "1.113e-02", "width": "1.3889e-03", "ip": "1.703e-06", "ts": "0", "stretch": "2.0583e+05", "date": "2073-04-16.21", "dist": "0.630", "sigma_lov": "-1.06695", "sigma_imp": "0.000", "ps": "-7.55"}, {"energy": "1.116e-02", "width": "0.0000e+00", "ip": "1.621e-07", "ts": "0", "stretch": "2.5599e+06", "date": "2073-04-14.73", "dist": "0.847", "sigma_lov": "-0.21178", "sigma_imp": "0.000", "ps": "-8.57"}, {"energy": "1.120e-02", "width": "2.7778e-03", "ip": "1.264e-06", "ts": "0", "stretch": "5.8127e+05", "date": "2072-04-22.80", "dist": "0.034", "sigma_lov": "0.40441", "sigma_imp": "0.000", "ps": "-7.67"}, {"energy": "1.121e-02", "width": "0.0000e+00", "ip": "5.894e-07", "ts": "0", "stretch": "1.1537e+06", "date": "2072-04-22.57", "dist": "0.130", "sigma_lov": "0.54922", "sigma_imp": "0.000", "ps": "-8.00"}, {"energy": "1.121e-02", "width": "1.7010e-03", "ip": "2.571e-06", "ts": "0", "stretch": "2.4755e+05", "date": "2072-04-22.54", "dist": "0.224", "sigma_lov": "0.63198", "sigma_imp": "0.000", "ps": "-7.36"}, {"energy": "1.120e-02", "width": "0.0000e+00", "ip": "1.166e-06", "ts": "0", "stretch": "6.3224e+05", "date": "2072-04-22.48", "dist": "0.039", "sigma_lov": "0.39459", "sigma_imp": "0.000", "ps": "-7.71"}, {"energy": "1.121e-02", "width": "0.0000e+00", "ip": "3.580e-06", "ts": "0", "stretch": "1.8758e+05", "date": "2072-04-22.32", "dist": "0.214", "sigma_lov": "0.54478", "sigma_imp": "0.000", "ps": "-7.22"}, {"energy": "1.112e-02", "width": "0.0000e+00", "ip": "4.401e-08", "ts": "0", "stretch": "4.9033e+06", "date": "2072-04-21.17", "dist": "0.715", "sigma_lov": "-1.37790", "sigma_imp": "0.000", "ps": "-9.13"}, {"energy": "1.126e-02", "width": "1.9245e-02", "ip": "6.271e-08", "ts": "0", "stretch": "2.7263e+06", "date": "2072-04-17.52", "dist": "0.460", "sigma_lov": "1.68381", "sigma_imp": "0.000", "ps": "-8.97"}, {"energy": "1.114e-02", "width": "0.0000e+00", "ip": "5.507e-07", "ts": "0", "stretch": "3.3750e+05", "date": "2072-04-17.08", "dist": "0.917", "sigma_lov": "-1.03956", "sigma_imp": "0.000", "ps": "-8.03"}, {"energy": "1.125e-02", "width": "0.0000e+00", "ip": "2.106e-07", "ts": "0", "stretch": "1.4739e+06", "date": "2071-10-25.00", "dist": "0.258", "sigma_lov": "1.34719", "sigma_imp": "0.000", "ps": "-8.45"}, {"energy": "1.128e-02", "width": "5.5556e-03", "ip": "6.271e-08", "ts": "0", "stretch": "1.2357e+06", "date": "2071-04-22.83", "dist": "0.498", "sigma_lov": "2.08999", "sigma_imp": "0.000", "ps": "-8.97"}, {"energy": "1.120e-02", "width": "1.3608e-02", "ip": "4.127e-07", "ts": "0", "stretch": "1.9231e+06", "date": "2071-04-22.72", "dist": "0.090", "sigma_lov": "-0.04987", "sigma_imp": "0.000", "ps": "-8.15"}, {"energy": "1.127e-02", "width": "0.0000e+00", "ip": "6.822e-08", "ts": "0", "stretch": "1.5948e+06", "date": "2071-04-18.97", "dist": "0.623", "sigma_lov": "1.86717", "sigma_imp": "0.000", "ps": "-8.93"}, {"energy": "1.122e-02", "width": "9.6226e-03", "ip": "1.639e-07", "ts": "0", "stretch": "1.3407e+06", "date": "2070-04-23.38", "dist": "0.858", "sigma_lov": "1.11340", "sigma_imp": "0.000", "ps": "-8.54"}, {"energy": "1.122e-02", "width": "0.0000e+00", "ip": "8.720e-08", "ts": "0", "stretch": "2.1229e+06", "date": "2070-04-23.30", "dist": "0.903", "sigma_lov": "1.10940", "sigma_imp": "0.000", "ps": "-8.82"}, {"energy": "1.124e-02", "width": "3.8490e-02", "ip": "2.632e-08", "ts": "0", "stretch": "5.3887e+06", "date": "2070-04-22.01", "dist": "0.696", "sigma_lov": "1.66693", "sigma_imp": "0.000", "ps": "-9.34"}, {"energy": "1.124e-02", "width": "0.0000e+00", "ip": "3.236e-08", "ts": "0", "stretch": "3.0491e+06", "date": "2070-04-21.96", "dist": "0.872", "sigma_lov": "1.65589", "sigma_imp": "0.000", "ps": "-9.25"}, {"energy": "1.125e-02", "width": "0.0000e+00", "ip": "1.189e-07", "ts": "0", "stretch": "1.5282e+06", "date": "2070-04-21.87", "dist": "0.430", "sigma_lov": "1.65771", "sigma_imp": "0.000", "ps": "-8.68"}, {"energy": "1.125e-02", "width": "1.1111e-02", "ip": "9.874e-08", "ts": "0", "stretch": "1.9794e+06", "date": "2070-04-21.85", "dist": "0.168", "sigma_lov": "1.66667", "sigma_imp": "0.000", "ps": "-8.76"}, {"energy": "1.123e-02", "width": "0.0000e+00", "ip": "9.283e-09", "ts": "0", "stretch": "1.6341e+07", "date": "2070-04-20.72", "dist": "0.784", "sigma_lov": "1.53614", "sigma_imp": "0.000", "ps": "-9.79"}, {"energy": "1.123e-02", "width": "5.5556e-03", "ip": "3.885e-07", "ts": "0", "stretch": "1.0165e+06", "date": "2069-04-22.65", "dist": "0.505", "sigma_lov": "1.05266", "sigma_imp": "0.000", "ps": "-8.16"}, {"energy": "1.122e-02", "width": "0.0000e+00", "ip": "1.244e-06", "ts": "0", "stretch": "2.8144e+05", "date": "2069-04-22.47", "dist": "0.635", "sigma_lov": "1.06207", "sigma_imp": "0.000", "ps": "-7.65"}, {"energy": "1.114e-02", "width": "9.5091e-04", "ip": "1.066e-05", "ts": "0", "stretch": "3.3375e+04", "date": "2069-04-22.32", "dist": "0.181", "sigma_lov": "-1.25710", "sigma_imp": "0.000", "ps": "-6.72"}, {"energy": "1.113e-02", "width": "8.5052e-04", "ip": "3.538e-06", "ts": "0", "stretch": "9.6942e+04", "date": "2069-04-21.99", "dist": "0.352", "sigma_lov": "-1.24730", "sigma_imp": "0.000", "ps": "-7.20"}, {"energy": "1.113e-02", "width": "1.0417e-03", "ip": "3.383e-06", "ts": "0", "stretch": "7.4915e+04", "date": "2069-04-21.69", "dist": "0.632", "sigma_lov": "-1.33518", "sigma_imp": "0.000", "ps": "-7.22"}, {"energy": "1.113e-02", "width": "0.0000e+00", "ip": "2.631e-07", "ts": "0", "stretch": "9.6138e+05", "date": "2069-04-20.36", "dist": "0.618", "sigma_lov": "-1.34725", "sigma_imp": "0.000", "ps": "-8.33"}, {"energy": "1.128e-02", "width": "1.5714e-02", "ip": "6.038e-08", "ts": "0", "stretch": "2.9902e+06", "date": "2068-04-21.71", "dist": "0.502", "sigma_lov": "1.63532", "sigma_imp": "0.000", "ps": "-8.96"}, {"energy": "1.123e-02", "width": "0.0000e+00", "ip": "1.489e-08", "ts": "0", "stretch": "1.0376e+07", "date": "2068-04-20.10", "dist": "0.952", "sigma_lov": "0.95671", "sigma_imp": "0.000", "ps": "-9.57"}, {"energy": "1.131e-02", "width": "9.2276e-04", "ip": "1.937e-07", "ts": "0", "stretch": "1.2576e+04", "date": "2067-04-21.62", "dist": "0.758", "sigma_lov": "3.27226", "sigma_imp": "0.000", "ps": "-8.44"}, {"energy": "1.132e-02", "width": "9.2684e-04", "ip": "1.092e-07", "ts": "0", "stretch": "2.6516e+04", "date": "2067-04-21.56", "dist": "0.568", "sigma_lov": "3.29018", "sigma_imp": "0.000", "ps": "-8.69"}, {"energy": "1.128e-02", "width": "1.2028e-03", "ip": "6.154e-08", "ts": "0", "stretch": "1.1601e+05", "date": "2067-04-20.46", "dist": "0.937", "sigma_lov": "2.70305", "sigma_imp": "0.000", "ps": "-8.94"}, {"energy": "1.121e-02", "width": "0.0000e+00", "ip": "6.338e-07", "ts": "0", "stretch": "9.9095e+05", "date": "2067-04-17.79", "dist": "0.208", "sigma_lov": "0.65781", "sigma_imp": "0.000", "ps": "-7.93"}, {"energy": "1.123e-02", "width": "1.9245e-02", "ip": "1.577e-07", "ts": "0", "stretch": "2.8499e+06", "date": "2066-04-23.03", "dist": "0.466", "sigma_lov": "0.94806", "sigma_imp": "0.000", "ps": "-8.52"}, {"energy": "1.128e-02", "width": "0.0000e+00", "ip": "4.521e-08", "ts": "0", "stretch": "1.2676e+06", "date": "2066-04-17.92", "dist": "0.752", "sigma_lov": "2.10279", "sigma_imp": "0.000", "ps": "-9.07"}, {"energy": "1.129e-02", "width": "8.7842e-03", "ip": "7.553e-08", "ts": "0", "stretch": "9.4204e+05", "date": "2066-04-17.59", "dist": "0.422", "sigma_lov": "2.15115", "sigma_imp": "0.000", "ps": "-8.84"}, {"energy": "1.121e-02", "width": "0.0000e+00", "ip": "2.267e-07", "ts": "0", "stretch": "2.7156e+06", "date": "2066-04-17.57", "dist": "0.556", "sigma_lov": "0.38449", "sigma_imp": "0.000", "ps": "-8.37"}, {"energy": "1.122e-02", "width": "2.2222e-02", "ip": "1.909e-07", "ts": "0", "stretch": "2.7733e+06", "date": "2066-04-17.50", "dist": "0.592", "sigma_lov": "0.62070", "sigma_imp": "0.000", "ps": "-8.44"}, {"energy": "1.123e-02", "width": "0.0000e+00", "ip": "7.587e-07", "ts": "0", "stretch": "8.8780e+05", "date": "2066-04-17.38", "dist": "0.060", "sigma_lov": "0.57767", "sigma_imp": "0.000", "ps": "-7.84"}, {"energy": "1.129e-02", "width": "0.0000e+00", "ip": "5.948e-07", "ts": "0", "stretch": "1.3705e+05", "date": "2065-04-21.46", "dist": "0.176", "sigma_lov": "2.12620", "sigma_imp": "0.000", "ps": "-7.94"}, {"energy": "1.128e-02", "width": "0.0000e+00", "ip": "3.612e-07", "ts": "0", "stretch": "2.3323e+05", "date": "2065-04-21.41", "dist": "0.024", "sigma_lov": "2.11800", "sigma_imp": "0.000", "ps": "-8.15"}, {"energy": "1.122e-02", "width": "9.8210e-04", "ip": "3.921e-06", "ts": "0", "stretch": "1.2143e+05", "date": "2065-04-21.41", "dist": "0.577", "sigma_lov": "0.79085", "sigma_imp": "0.000", "ps": "-7.12"}, {"energy": "1.123e-02", "width": "0.0000e+00", "ip": "1.929e-06", "ts": "0", "stretch": "2.7348e+05", "date": "2065-04-21.36", "dist": "0.422", "sigma_lov": "0.79311", "sigma_imp": "0.000", "ps": "-7.43"}, {"energy": "1.128e-02", "width": "0.0000e+00", "ip": "7.341e-08", "ts": "0", "stretch": "6.5177e+05", "date": "2065-04-21.25", "dist": "0.637", "sigma_lov": "2.25761", "sigma_imp": "0.000", "ps": "-8.85"}, {"energy": "1.122e-02", "width": "0.0000e+00", "ip": "6.544e-07", "ts": "0", "stretch": "4.8843e+05", "date": "2065-04-21.19", "dist": "0.838", "sigma_lov": "0.78413", "sigma_imp": "0.000", "ps": "-7.90"}, {"energy": "1.113e-02", "width": "1.5714e-02", "ip": "6.696e-08", "ts": "0", "stretch": "2.7576e+06", "date": "2065-04-14.24", "dist": "0.925", "sigma_lov": "-0.98936", "sigma_imp": "0.000", "ps": "-8.89"}, {"energy": "1.120e-02", "width": "2.7778e-03", "ip": "6.288e-07", "ts": "0", "stretch": "5.6116e+05", "date": "2064-04-23.47", "dist": "0.794", "sigma_lov": "0.79763", "sigma_imp": "0.000", "ps": "-7.91"}, {"energy": "1.121e-02", "width": "5.5556e-03", "ip": "8.433e-07", "ts": "0", "stretch": "7.7429e+05", "date": "2064-04-22.95", "dist": "0.058", "sigma_lov": "0.62930", "sigma_imp": "0.000", "ps": "-7.78"}, {"energy": "1.119e-02", "width": "5.5556e-03", "ip": "5.809e-07", "ts": "0", "stretch": "1.0686e+06", "date": "2064-04-22.92", "dist": "0.541", "sigma_lov": "0.39291", "sigma_imp": "0.000", "ps": "-7.94"}, {"energy": "1.120e-02", "width": "0.0000e+00", "ip": "2.104e-07", "ts": "0", "stretch": "2.6415e+06", "date": "2064-04-22.88", "dist": "0.516", "sigma_lov": "0.64175", "sigma_imp": "0.000", "ps": "-8.38"}, {"energy": "1.120e-02", "width": "0.0000e+00", "ip": "2.113e-06", "ts": "0", "stretch": "3.1675e+05", "date": "2064-04-22.75", "dist": "0.216", "sigma_lov": "0.55036", "sigma_imp": "0.000", "ps": "-7.38"}, {"energy": "1.121e-02", "width": "3.4021e-03", "ip": "1.490e-06", "ts": "0", "stretch": "4.3436e+05", "date": "2064-04-22.61", "dist": "0.090", "sigma_lov": "0.63970", "sigma_imp": "0.000", "ps": "-7.53"}, {"energy": "1.127e-02", "width": "2.7778e-03", "ip": "1.553e-07", "ts": "0", "stretch": "6.3998e+05", "date": "2064-04-21.55", "dist": "0.281", "sigma_lov": "2.01841", "sigma_imp": "0.000", "ps": "-8.51"}, {"energy": "1.126e-02", "width": "0.0000e+00", "ip": "1.073e-07", "ts": "0", "stretch": "1.2695e+06", "date": "2064-04-18.56", "dist": "0.209", "sigma_lov": "1.86608", "sigma_imp": "0.000", "ps": "-8.67"}, {"energy": "1.113e-02", "width": "0.0000e+00", "ip": "1.721e-06", "ts": "0", "stretch": "1.3324e+05", "date": "2064-04-17.09", "dist": "0.869", "sigma_lov": "-1.04240", "sigma_imp": "0.000", "ps": "-7.47"}, {"energy": "1.117e-02", "width": "1.3889e-03", "ip": "9.359e-07", "ts": "0", "stretch": "2.9621e+05", "date": "2064-04-17.07", "dist": "0.933", "sigma_lov": "-0.25975", "sigma_imp": "0.000", "ps": "-7.73"}, {"energy": "1.115e-02", "width": "1.3608e-02", "ip": "2.793e-07", "ts": "0", "stretch": "1.5335e+06", "date": "2064-04-16.57", "dist": "0.351", "sigma_lov": "-1.05448", "sigma_imp": "0.000", "ps": "-8.26"}, {"energy": "1.119e-02", "width": "1.3889e-03", "ip": "2.327e-06", "ts": "0", "stretch": "3.0639e+05", "date": "2064-04-15.52", "dist": "0.449", "sigma_lov": "0.01779", "sigma_imp": "0.000", "ps": "-7.34"}, {"energy": "1.119e-02", "width": "5.5556e-03", "ip": "6.533e-07", "ts": "0", "stretch": "8.9502e+05", "date": "2064-04-15.41", "dist": "0.667", "sigma_lov": "0.18084", "sigma_imp": "0.000", "ps": "-7.89"}, {"energy": "1.118e-02", "width": "5.5556e-03", "ip": "6.592e-07", "ts": "0", "stretch": "1.0457e+06", "date": "2064-04-15.35", "dist": "0.468", "sigma_lov": "-0.21296", "sigma_imp": "0.000", "ps": "-7.89"}, {"energy": "1.120e-02", "width": "9.1867e-04", "ip": "1.218e-05", "ts": "0", "stretch": "6.3685e+04", "date": "2063-04-22.89", "dist": "0.230", "sigma_lov": "-0.04768", "sigma_imp": "0.000", "ps": "-6.61"}, {"energy": "1.118e-02", "width": "0.0000e+00", "ip": "1.821e-06", "ts": "0", "stretch": "2.5046e+05", "date": "2063-04-22.77", "dist": "0.813", "sigma_lov": "-0.19617", "sigma_imp": "0.000", "ps": "-7.44"}, {"energy": "1.119e-02", "width": "0.0000e+00", "ip": "5.448e-07", "ts": "0", "stretch": "1.3212e+06", "date": "2063-04-22.52", "dist": "0.292", "sigma_lov": "-0.34255", "sigma_imp": "0.000", "ps": "-7.96"}, {"energy": "1.126e-02", "width": "0.0000e+00", "ip": "7.491e-08", "ts": "0", "stretch": "2.2019e+06", "date": "2063-04-20.88", "dist": "0.765", "sigma_lov": "1.50573", "sigma_imp": "0.000", "ps": "-8.82"}, {"energy": "1.115e-02", "width": "6.9445e-04", "ip": "1.963e-06", "ts": "0", "stretch": "6.4760e+04", "date": "2063-04-20.68", "dist": "0.968", "sigma_lov": "-0.96072", "sigma_imp": "0.000", "ps": "-7.40"}, {"energy": "1.126e-02", "width": "2.2222e-02", "ip": "3.528e-08", "ts": "0", "stretch": "3.4177e+06", "date": "2062-04-22.40", "dist": "0.435", "sigma_lov": "1.88713", "sigma_imp": "0.000", "ps": "-9.14"}, {"energy": "1.125e-02", "width": "0.0000e+00", "ip": "2.144e-09", "ts": "0", "stretch": "4.1928e+07", "date": "2062-04-21.07", "dist": "0.742", "sigma_lov": "1.88688", "sigma_imp": "0.000", "ps": "-10.4"}, {"energy": "1.132e-02", "width": "0.0000e+00", "ip": "1.891e-09", "ts": "0", "stretch": "9.3923e+05", "date": "2062-04-17.37", "dist": "0.440", "sigma_lov": "3.46061", "sigma_imp": "0.000", "ps": "-10.4"}, {"energy": "1.123e-02", "width": "0.0000e+00", "ip": "8.301e-07", "ts": "0", "stretch": "2.1377e+05", "date": "2061-04-21.00", "dist": "0.838", "sigma_lov": "1.33873", "sigma_imp": "0.000", "ps": "-7.76"}, {"energy": "1.124e-02", "width": "0.0000e+00", "ip": "3.811e-07", "ts": "0", "stretch": "1.1534e+06", "date": "2060-04-23.04", "dist": "0.275", "sigma_lov": "1.05391", "sigma_imp": "0.000", "ps": "-8.08"}, {"energy": "1.124e-02", "width": "0.0000e+00", "ip": "9.113e-07", "ts": "0", "stretch": "4.8527e+05", "date": "2060-04-22.94", "dist": "0.237", "sigma_lov": "1.05803", "sigma_imp": "0.000", "ps": "-7.71"}, {"energy": "1.125e-02", "width": "0.0000e+00", "ip": "7.614e-07", "ts": "0", "stretch": "5.7220e+05", "date": "2060-04-22.41", "dist": "0.099", "sigma_lov": "1.09400", "sigma_imp": "0.000", "ps": "-7.78"}, {"energy": "1.125e-02", "width": "0.0000e+00", "ip": "1.620e-07", "ts": "0", "stretch": "2.8199e+06", "date": "2060-04-22.35", "dist": "0.081", "sigma_lov": "1.05136", "sigma_imp": "0.000", "ps": "-8.46"}, {"energy": "1.125e-02", "width": "0.0000e+00", "ip": "6.335e-07", "ts": "0", "stretch": "6.6520e+05", "date": "2060-04-22.07", "dist": "0.351", "sigma_lov": "1.06876", "sigma_imp": "0.000", "ps": "-7.86"}, {"energy": "1.130e-02", "width": "0.0000e+00", "ip": "1.638e-07", "ts": "0", "stretch": "1.6345e+05", "date": "2060-04-17.79", "dist": "0.348", "sigma_lov": "2.57803", "sigma_imp": "0.000", "ps": "-8.45"}, {"energy": "1.122e-02", "width": "2.2222e-02", "ip": "1.621e-07", "ts": "0", "stretch": "3.3110e+06", "date": "2060-04-15.77", "dist": "0.348", "sigma_lov": "0.81339", "sigma_imp": "0.000", "ps": "-8.46"}, {"energy": "1.127e-02", "width": "0.0000e+00", "ip": "5.410e-08", "ts": "0", "stretch": "1.6063e+06", "date": "2059-04-17.62", "dist": "0.090", "sigma_lov": "2.10154", "sigma_imp": "0.000", "ps": "-8.92"}, {"energy": "1.123e-02", "width": "0.0000e+00", "ip": "3.823e-07", "ts": "0", "stretch": "1.3097e+06", "date": "2058-04-22.52", "dist": "0.178", "sigma_lov": "0.94700", "sigma_imp": "0.000", "ps": "-8.06"}, {"energy": "1.127e-02", "width": "1.7010e-03", "ip": "2.723e-07", "ts": "0", "stretch": "2.0150e+05", "date": "2058-04-21.54", "dist": "0.796", "sigma_lov": "2.08366", "sigma_imp": "0.000", "ps": "-8.21"}, {"energy": "1.127e-02", "width": "0.0000e+00", "ip": "1.157e-07", "ts": "0", "stretch": "1.0865e+06", "date": "2058-04-18.73", "dist": "0.267", "sigma_lov": "1.90120", "sigma_imp": "0.000", "ps": "-8.58"}, {"energy": "1.122e-02", "width": "0.0000e+00", "ip": "4.332e-07", "ts": "0", "stretch": "1.1821e+06", "date": "2058-04-17.67", "dist": "0.603", "sigma_lov": "0.65834", "sigma_imp": "0.000", "ps": "-8.01"}, {"energy": "1.125e-02", "width": "1.5714e-02", "ip": "2.650e-08", "ts": "0", "stretch": "2.9140e+06", "date": "2057-04-21.20", "dist": "0.946", "sigma_lov": "1.54673", "sigma_imp": "0.000", "ps": "-9.21"}, {"energy": "1.121e-02", "width": "0.0000e+00", "ip": "6.682e-07", "ts": "0", "stretch": "8.5832e+05", "date": "2057-04-18.16", "dist": "0.491", "sigma_lov": "0.61945", "sigma_imp": "0.000", "ps": "-7.81"}, {"energy": "1.120e-02", "width": "0.0000e+00", "ip": "6.410e-07", "ts": "0", "stretch": "2.8977e+05", "date": "2057-04-18.07", "dist": "0.961", "sigma_lov": "0.58151", "sigma_imp": "0.000", "ps": "-7.83"}, {"energy": "1.120e-02", "width": "4.8113e-03", "ip": "7.129e-07", "ts": "0", "stretch": "6.7864e+05", "date": "2056-04-22.99", "dist": "0.666", "sigma_lov": "0.64227", "sigma_imp": "0.000", "ps": "-7.77"}, {"energy": "1.112e-02", "width": "0.0000e+00", "ip": "1.193e-07", "ts": "0", "stretch": "1.2070e+06", "date": "2056-04-21.20", "dist": "0.878", "sigma_lov": "-1.39647", "sigma_imp": "0.000", "ps": "-8.55"}, {"energy": "1.115e-02", "width": "0.0000e+00", "ip": "2.958e-06", "ts": "0", "stretch": "1.4992e+05", "date": "2056-04-16.56", "dist": "0.241", "sigma_lov": "-1.05592", "sigma_imp": "0.000", "ps": "-7.15"}, {"energy": "1.117e-02", "width": "0.0000e+00", "ip": "4.788e-07", "ts": "0", "stretch": "3.8291e+05", "date": "2056-04-15.34", "dist": "0.971", "sigma_lov": "-0.27054", "sigma_imp": "0.000", "ps": "-7.94"}, {"energy": "1.115e-02", "width": "5.5556e-03", "ip": "4.247e-07", "ts": "0", "stretch": "1.0955e+06", "date": "2056-04-14.83", "dist": "0.305", "sigma_lov": "-0.99047", "sigma_imp": "0.000", "ps": "-8.00"}, {"energy": "1.119e-02", "width": "9.5091e-04", "ip": "1.599e-05", "ts": "0", "stretch": "4.5991e+04", "date": "2055-04-22.65", "dist": "0.218", "sigma_lov": "-0.33945", "sigma_imp": "0.000", "ps": "-6.41"}, {"energy": "1.127e-02", "width": "1.5714e-02", "ip": "7.717e-08", "ts": "0", "stretch": "2.0106e+06", "date": "2055-04-22.39", "dist": "0.344", "sigma_lov": "1.77227", "sigma_imp": "0.000", "ps": "-8.72"}, {"energy": "1.120e-02", "width": "0.0000e+00", "ip": "1.281e-06", "ts": "0", "stretch": "4.2077e+05", "date": "2055-04-22.12", "dist": "0.717", "sigma_lov": "0.24934", "sigma_imp": "0.000", "ps": "-7.50"}, {"energy": "1.113e-02", "width": "8.5052e-04", "ip": "3.945e-07", "ts": "0", "stretch": "8.9629e+04", "date": "2055-04-21.88", "dist": "0.992", "sigma_lov": "-1.42354", "sigma_imp": "0.000", "ps": "-8.02"}, {"energy": "1.124e-02", "width": "0.0000e+00", "ip": "3.338e-07", "ts": "0", "stretch": "8.8622e+05", "date": "2054-04-22.60", "dist": "0.656", "sigma_lov": "1.19119", "sigma_imp": "0.000", "ps": "-8.08"}, {"energy": "1.112e-02", "width": "0.0000e+00", "ip": "4.850e-07", "ts": "0", "stretch": "3.4148e+05", "date": "2054-04-21.78", "dist": "0.849", "sigma_lov": "-1.36658", "sigma_imp": "0.000", "ps": "-7.92"}, {"energy": "1.132e-02", "width": "0.0000e+00", "ip": "1.134e-08", "ts": "0", "stretch": "1.6563e+05", "date": "2054-04-17.46", "dist": "0.294", "sigma_lov": "3.46242", "sigma_imp": "0.000", "ps": "-9.54"}, {"energy": "1.129e-02", "width": "9.8210e-04", "ip": "7.556e-08", "ts": "0", "stretch": "1.0868e+05", "date": "2053-04-18.35", "dist": "0.848", "sigma_lov": "2.80438", "sigma_imp": "0.000", "ps": "-8.71"}, {"energy": "1.127e-02", "width": "0.0000e+00", "ip": "1.353e-07", "ts": "0", "stretch": "1.4719e+06", "date": "2052-04-21.10", "dist": "0.240", "sigma_lov": "1.64628", "sigma_imp": "0.000", "ps": "-8.44"}, {"energy": "1.123e-02", "width": "0.0000e+00", "ip": "1.098e-07", "ts": "0", "stretch": "3.3623e+06", "date": "2051-04-23.96", "dist": "0.539", "sigma_lov": "1.09305", "sigma_imp": "0.000", "ps": "-8.52"}, {"energy": "1.122e-02", "width": "0.0000e+00", "ip": "3.150e-08", "ts": "0", "stretch": "4.6943e+06", "date": "2051-04-23.96", "dist": "0.947", "sigma_lov": "1.05087", "sigma_imp": "0.000", "ps": "-9.06"}, {"energy": "1.123e-02", "width": "0.0000e+00", "ip": "3.478e-07", "ts": "0", "stretch": "1.0876e+06", "date": "2051-04-23.64", "dist": "0.539", "sigma_lov": "1.07083", "sigma_imp": "0.000", "ps": "-8.02"}, {"energy": "1.123e-02", "width": "7.8568e-03", "ip": "3.025e-07", "ts": "0", "stretch": "1.4158e+06", "date": "2051-04-23.26", "dist": "0.200", "sigma_lov": "1.09546", "sigma_imp": "0.000", "ps": "-8.08"}, {"energy": "1.125e-02", "width": "0.0000e+00", "ip": "8.985e-08", "ts": "0", "stretch": "6.3748e+05", "date": "2051-04-19.37", "dist": "0.898", "sigma_lov": "1.90311", "sigma_imp": "0.000", "ps": "-8.61"}, {"energy": "1.121e-02", "width": "0.0000e+00", "ip": "1.708e-07", "ts": "0", "stretch": "3.2524e+06", "date": "2051-04-16.06", "dist": "0.244", "sigma_lov": "0.81277", "sigma_imp": "0.000", "ps": "-8.33"}, {"energy": "1.126e-02", "width": "0.0000e+00", "ip": "1.867e-07", "ts": "0", "stretch": "6.6083e+05", "date": "2050-04-23.04", "dist": "0.405", "sigma_lov": "1.88322", "sigma_imp": "0.000", "ps": "-8.28"}, {"energy": "1.126e-02", "width": "0.0000e+00", "ip": "8.820e-07", "ts": "0", "stretch": "1.5305e+05", "date": "2050-04-22.61", "dist": "0.098", "sigma_lov": "1.88033", "sigma_imp": "0.000", "ps": "-7.60"}, {"energy": "1.126e-02", "width": "5.5556e-03", "ip": "1.140e-07", "ts": "0", "stretch": "8.0112e+05", "date": "2050-04-20.40", "dist": "0.906", "sigma_lov": "1.61638", "sigma_imp": "0.000", "ps": "-8.49"}, {"energy": "1.124e-02", "width": "7.8568e-03", "ip": "2.812e-07", "ts": "0", "stretch": "1.1369e+06", "date": "2049-10-24.77", "dist": "0.080", "sigma_lov": "1.34829", "sigma_imp": "0.000", "ps": "-8.09"}, {"energy": "1.127e-02", "width": "2.7778e-03", "ip": "2.364e-07", "ts": "0", "stretch": "5.0840e+05", "date": "2049-04-21.28", "dist": "0.689", "sigma_lov": "1.77057", "sigma_imp": "0.000", "ps": "-8.16"}, {"energy": "1.113e-02", "width": "9.2455e-04", "ip": "2.276e-05", "ts": "0", "stretch": "4.3372e+03", "date": "2047-04-22.08", "dist": "0.946", "sigma_lov": "-1.38523", "sigma_imp": "0.000", "ps": "-6.15"}, {"energy": "1.125e-02", "width": "7.8568e-03", "ip": "3.193e-07", "ts": "0", "stretch": "1.1719e+06", "date": "2044-04-21.90", "dist": "0.288", "sigma_lov": "1.19344", "sigma_imp": "0.000", "ps": "-7.96"}, {"energy": "1.123e-02", "width": "0.0000e+00", "ip": "7.070e-08", "ts": "0", "stretch": "2.4468e+06", "date": "2043-04-21.04", "dist": "0.741", "sigma_lov": "1.50220", "sigma_imp": "0.000", "ps": "-8.59"}, {"energy": "1.123e-02", "width": "0.0000e+00", "ip": "5.121e-08", "ts": "0", "stretch": "3.5170e+06", "date": "2042-04-22.64", "dist": "0.832", "sigma_lov": "1.34025", "sigma_imp": "0.000", "ps": "-8.72"}, {"energy": "1.124e-02", "width": "7.8568e-03", "ip": "1.036e-07", "ts": "0", "stretch": "1.4230e+06", "date": "2038-04-20.66", "dist": "0.840", "sigma_lov": "1.46538", "sigma_imp": "0.000", "ps": "-8.33"}, {"energy": "1.126e-02", "width": "0.0000e+00", "ip": "7.214e-07", "ts": "0", "stretch": "1.8465e+05", "date": "2037-04-21.93", "dist": "0.123", "sigma_lov": "1.88594", "sigma_imp": "0.000", "ps": "-7.47"}, {"energy": "1.124e-02", "width": "0.0000e+00", "ip": "1.273e-06", "ts": "0", "stretch": "2.7176e+05", "date": "2035-04-22.77", "dist": "0.290", "sigma_lov": "1.25688", "sigma_imp": "0.000", "ps": "-7.17"}, {"energy": "1.126e-02", "width": "7.8568e-03", "ip": "2.006e-07", "ts": "0", "stretch": "1.3048e+06", "date": "2031-04-20.81", "dist": "0.419", "sigma_lov": "1.42505", "sigma_imp": "0.000", "ps": "-7.86"}, {"energy": "1.123e-02", "width": "0.0000e+00", "ip": "2.497e-07", "ts": "0", "stretch": "8.1694e+05", "date": "2027-04-20.83", "dist": "0.649", "sigma_lov": "1.47484", "sigma_imp": "0.000", "ps": "-7.62"}, {"energy": "1.124e-02", "width": "3.4021e-03", "ip": "8.436e-08", "ts": "0", "stretch": "2.3042e+06", "date": "2027-04-20.78", "dist": "0.708", "sigma_lov": "1.45669", "sigma_imp": "0.000", "ps": "-8.09"}]}