{"summary": {"energy": "1.654e-03", "darc": ".16673 days", "ip": "2.73291562e-05", "h": "29.49", "nobs": "8", "mass": "1.07e+05", "v_inf": "2.45", "first_obs": "2017-Oct-27.32913", "method": "LOV", "pdate": "2017-12-15 10:00:33", "ndop": "0", "cdate": "2017-12-15 10:00:33", "ps_cum": "-6.88", "diameter": "0.0042914294949948", "ndel": "0", "v_imp": "11.41", "ps_max": "-7.55", "last_obs": "2017-Oct-27.49586", "fullname": "(2017 UM52)", "n_imp": "147", "ts_max": "0", "nsat": "0", "des": "2017 UM52"}, "signature": {"source": "NASA/JPL Sentry Data API", "version": "1.1"}, "data": [{"energy": "1.565e-03", "width": "4.7327e+00", "ip": "1.368e-10", "ts": "0", "stretch": "3.0771e+03", "date": "2020-04-24.32", "dist": "22.876", "sigma_lov": "1.32353", "sigma_imp": "4.622", "ps": "-11.0"}, {"energy": "1.557e-03", "width": "3.5836e+01", "ip": "2.194e-10", "ts": "0", "stretch": "4.5200e+05", "date": "2039-11-25.79", "dist": "102.393", "sigma_lov": "1.31771", "sigma_imp": "2.829", "ps": "-11.7"}, {"energy": "1.775e-03", "width": "1.5711e+01", "ip": "7.778e-10", "ts": "0", "stretch": "9.6041e+03", "date": "2044-11-05.78", "dist": "62.789", "sigma_lov": "0.87145", "sigma_imp": "3.933", "ps": "-11.2"}, {"energy": "1.767e-03", "width": "4.7882e+00", "ip": "2.777e-09", "ts": "0", "stretch": "4.9967e+03", "date": "2046-04-14.47", "dist": "19.880", "sigma_lov": "0.88916", "sigma_imp": "3.943", "ps": "-10.7"}, {"energy": "1.776e-03", "width": "8.1246e+00", "ip": "4.330e-07", "ts": "0", "stretch": "5.4565e+04", "date": "2046-04-14.75", "dist": "8.720", "sigma_lov": "0.87494", "sigma_imp": "0.950", "ps": "-8.49"}, {"energy": "1.755e-03", "width": "2.1483e+01", "ip": "2.422e-06", "ts": "0", "stretch": "4.3711e+03", "date": "2046-04-14.82", "dist": "18.511", "sigma_lov": "0.91393", "sigma_imp": "0.815", "ps": "-7.75"}, {"energy": "1.749e-03", "width": "1.2267e+01", "ip": "3.600e-07", "ts": "0", "stretch": "7.0903e+04", "date": "2046-04-15.77", "dist": "3.446", "sigma_lov": "0.92657", "sigma_imp": "0.199", "ps": "-8.58"}, {"energy": "1.753e-03", "width": "3.5184e+01", "ip": "9.154e-08", "ts": "0", "stretch": "9.0121e+04", "date": "2047-04-13.33", "dist": "17.530", "sigma_lov": "0.91761", "sigma_imp": "0.470", "ps": "-9.19"}, {"energy": "1.502e-03", "width": "1.4243e+01", "ip": "5.102e-09", "ts": "0", "stretch": "1.3263e+05", "date": "2053-04-25.32", "dist": "34.058", "sigma_lov": "1.48093", "sigma_imp": "2.321", "ps": "-10.6"}, {"energy": "1.502e-03", "width": "1.2054e+01", "ip": "9.457e-10", "ts": "0", "stretch": "2.1636e+05", "date": "2054-04-26.04", "dist": "35.060", "sigma_lov": "1.47791", "sigma_imp": "2.826", "ps": "-11.3"}, {"energy": "1.588e-03", "width": "2.0775e+00", "ip": "3.840e-07", "ts": "0", "stretch": "1.7359e+05", "date": "2055-04-17.56", "dist": "2.035", "sigma_lov": "1.26894", "sigma_imp": "0.498", "ps": "-8.70"}, {"energy": "1.503e-03", "width": "1.1722e+01", "ip": "4.748e-10", "ts": "0", "stretch": "2.2654e+05", "date": "2055-04-26.79", "dist": "36.718", "sigma_lov": "1.47548", "sigma_imp": "3.047", "ps": "-11.6"}, {"energy": "2.041e-03", "width": "2.0593e+01", "ip": "6.670e-10", "ts": "0", "stretch": "2.3243e+05", "date": "2055-10-31.90", "dist": "64.867", "sigma_lov": "0.43669", "sigma_imp": "3.101", "ps": "-11.4"}, {"energy": "1.592e-03", "width": "6.7758e+00", "ip": "1.276e-06", "ts": "0", "stretch": "2.5913e+04", "date": "2056-04-16.33", "dist": "0.905", "sigma_lov": "1.25991", "sigma_imp": "0.000", "ps": "-8.19"}, {"energy": "1.504e-03", "width": "1.3367e+01", "ip": "1.105e-09", "ts": "0", "stretch": "1.7261e+05", "date": "2056-04-26.54", "dist": "38.753", "sigma_lov": "1.47321", "sigma_imp": "2.824", "ps": "-11.3"}, {"energy": "1.596e-03", "width": "1.2009e+01", "ip": "1.011e-06", "ts": "0", "stretch": "1.7252e+04", "date": "2057-04-18.84", "dist": "5.128", "sigma_lov": "1.24946", "sigma_imp": "0.344", "ps": "-8.30"}, {"energy": "1.604e-03", "width": "6.7213e+00", "ip": "3.076e-06", "ts": "0", "stretch": "8.1675e+03", "date": "2058-04-19.22", "dist": "5.465", "sigma_lov": "1.23025", "sigma_imp": "0.664", "ps": "-7.83"}, {"energy": "1.601e-03", "width": "6.2876e+00", "ip": "3.544e-08", "ts": "0", "stretch": "2.3494e+04", "date": "2058-04-22.20", "dist": "17.371", "sigma_lov": "1.23787", "sigma_imp": "2.604", "ps": "-9.77"}, {"energy": "1.648e-03", "width": "1.4449e+01", "ip": "4.005e-08", "ts": "0", "stretch": "1.4043e+05", "date": "2059-04-11.04", "dist": "22.200", "sigma_lov": "1.13088", "sigma_imp": "1.467", "ps": "-9.72"}, {"energy": "1.610e-03", "width": "1.1953e+01", "ip": "1.600e-08", "ts": "0", "stretch": "7.2133e+05", "date": "2059-04-12.97", "dist": "12.536", "sigma_lov": "1.21694", "sigma_imp": "0.965", "ps": "-10.1"}, {"energy": "1.642e-03", "width": "4.0977e+01", "ip": "4.467e-06", "ts": "0", "stretch": "1.3763e+03", "date": "2059-04-16.35", "dist": "9.321", "sigma_lov": "1.15048", "sigma_imp": "0.203", "ps": "-7.67"}, {"energy": "1.627e-03", "width": "1.6729e+01", "ip": "5.898e-06", "ts": "0", "stretch": "2.3688e+03", "date": "2059-04-19.49", "dist": "5.967", "sigma_lov": "1.18222", "sigma_imp": "0.297", "ps": "-7.55"}, {"energy": "1.602e-03", "width": "5.6933e+00", "ip": "5.988e-10", "ts": "0", "stretch": "7.8780e+05", "date": "2059-04-21.04", "dist": "17.067", "sigma_lov": "1.23840", "sigma_imp": "2.822", "ps": "-11.6"}, {"energy": "1.661e-03", "width": "1.0534e+01", "ip": "1.999e-09", "ts": "0", "stretch": "5.4770e+05", "date": "2060-04-08.76", "dist": "26.505", "sigma_lov": "1.10636", "sigma_imp": "2.421", "ps": "-11.0"}, {"energy": "1.655e-03", "width": "1.4207e+01", "ip": "1.967e-06", "ts": "0", "stretch": "8.8821e+03", "date": "2060-04-15.87", "dist": "5.607", "sigma_lov": "1.11738", "sigma_imp": "0.324", "ps": "-8.03"}, {"energy": "1.621e-03", "width": "1.7359e+01", "ip": "1.245e-07", "ts": "0", "stretch": "9.7522e+04", "date": "2060-04-18.35", "dist": "9.663", "sigma_lov": "1.19236", "sigma_imp": "0.499", "ps": "-9.24"}, {"energy": "1.650e-03", "width": "9.6516e+00", "ip": "1.034e-08", "ts": "0", "stretch": "7.3492e+05", "date": "2060-04-18.90", "dist": "15.483", "sigma_lov": "1.12909", "sigma_imp": "1.501", "ps": "-10.3"}, {"energy": "1.613e-03", "width": "9.1593e+00", "ip": "2.515e-10", "ts": "0", "stretch": "6.2431e+04", "date": "2060-04-24.75", "dist": "35.349", "sigma_lov": "1.20784", "sigma_imp": "3.750", "ps": "-11.9"}, {"energy": "1.623e-03", "width": "9.6626e+02", "ip": "3.872e-10", "ts": "0", "stretch": "6.6427e+05", "date": "2060-09-02.58", "dist": "21.392", "sigma_lov": "1.18427", "sigma_imp": "0.021", "ps": "-11.8"}, {"energy": "1.963e-03", "width": "2.3291e+01", "ip": "7.478e-09", "ts": "0", "stretch": "1.6531e+05", "date": "2060-10-30.37", "dist": "54.151", "sigma_lov": "0.55354", "sigma_imp": "2.282", "ps": "-10.4"}, {"energy": "1.663e-03", "width": "1.4109e+01", "ip": "6.695e-08", "ts": "0", "stretch": "4.4908e+04", "date": "2061-04-11.35", "dist": "27.285", "sigma_lov": "1.09617", "sigma_imp": "1.863", "ps": "-9.51"}, {"energy": "1.654e-03", "width": "1.0696e+01", "ip": "7.178e-08", "ts": "0", "stretch": "3.4454e+05", "date": "2061-04-15.28", "dist": "1.555", "sigma_lov": "1.12003", "sigma_imp": "0.052", "ps": "-9.48"}, {"energy": "1.652e-03", "width": "8.5845e+00", "ip": "8.831e-09", "ts": "0", "stretch": "1.6088e+05", "date": "2061-04-21.29", "dist": "21.346", "sigma_lov": "1.12508", "sigma_imp": "2.370", "ps": "-10.4"}, {"energy": "1.615e-03", "width": "6.0531e+01", "ip": "3.264e-09", "ts": "0", "stretch": "4.4960e+05", "date": "2061-09-23.63", "dist": "86.636", "sigma_lov": "1.18836", "sigma_imp": "1.415", "ps": "-10.8"}, {"energy": "1.668e-03", "width": "1.1838e+01", "ip": "6.257e-09", "ts": "0", "stretch": "1.1150e+05", "date": "2062-04-10.53", "dist": "31.406", "sigma_lov": "1.08775", "sigma_imp": "2.569", "ps": "-10.5"}, {"energy": "1.665e-03", "width": "1.0505e+01", "ip": "1.824e-08", "ts": "0", "stretch": "1.8731e+05", "date": "2062-04-11.83", "dist": "21.205", "sigma_lov": "1.09773", "sigma_imp": "1.923", "ps": "-10.1"}, {"energy": "1.664e-03", "width": "1.1100e+01", "ip": "4.783e-08", "ts": "0", "stretch": "3.8360e+05", "date": "2062-04-14.27", "dist": "8.509", "sigma_lov": "1.10100", "sigma_imp": "0.676", "ps": "-9.67"}, {"energy": "1.652e-03", "width": "8.5187e+00", "ip": "2.239e-09", "ts": "0", "stretch": "5.4883e+05", "date": "2062-04-20.36", "dist": "21.700", "sigma_lov": "1.12551", "sigma_imp": "2.430", "ps": "-11.0"}, {"energy": "1.651e-03", "width": "1.4816e+01", "ip": "4.932e-08", "ts": "0", "stretch": "4.1647e+04", "date": "2062-04-22.70", "dist": "30.851", "sigma_lov": "1.12717", "sigma_imp": "2.015", "ps": "-9.66"}, {"energy": "1.671e-03", "width": "1.0805e+01", "ip": "7.526e-10", "ts": "0", "stretch": "2.0662e+05", "date": "2063-04-09.96", "dist": "34.584", "sigma_lov": "1.08190", "sigma_imp": "3.108", "ps": "-11.5"}, {"energy": "1.617e-03", "width": "3.7249e+01", "ip": "2.623e-09", "ts": "0", "stretch": "3.8809e+05", "date": "2063-09-29.44", "dist": "72.114", "sigma_lov": "1.18989", "sigma_imp": "1.909", "ps": "-11.0"}, {"energy": "1.672e-03", "width": "1.0165e+01", "ip": "1.160e-10", "ts": "0", "stretch": "3.3472e+05", "date": "2064-04-08.55", "dist": "36.876", "sigma_lov": "1.07756", "sigma_imp": "3.529", "ps": "-12.3"}, {"energy": "1.656e-03", "width": "7.8644e+01", "ip": "6.783e-09", "ts": "0", "stretch": "2.0157e+05", "date": "2064-09-27.51", "dist": "107.518", "sigma_lov": "1.09947", "sigma_imp": "1.354", "ps": "-10.5"}, {"energy": "1.618e-03", "width": "3.4706e+01", "ip": "5.053e-09", "ts": "0", "stretch": "1.7491e+05", "date": "2064-09-28.79", "dist": "70.879", "sigma_lov": "1.19047", "sigma_imp": "2.013", "ps": "-10.7"}, {"energy": "1.796e-03", "width": "3.3307e+01", "ip": "3.074e-10", "ts": "0", "stretch": "1.6535e+05", "date": "2064-11-11.97", "dist": "108.986", "sigma_lov": "0.82065", "sigma_imp": "3.242", "ps": "-11.9"}, {"energy": "1.656e-03", "width": "3.3743e+01", "ip": "1.990e-10", "ts": "0", "stretch": "6.4183e+05", "date": "2065-09-27.36", "dist": "97.229", "sigma_lov": "1.10031", "sigma_imp": "2.852", "ps": "-12.1"}, {"energy": "1.675e-03", "width": "1.7284e+00", "ip": "3.988e-08", "ts": "0", "stretch": "9.0006e+05", "date": "2066-04-16.58", "dist": "3.086", "sigma_lov": "1.07626", "sigma_imp": "1.207", "ps": "-9.78"}, {"energy": "1.692e-03", "width": "4.7500e+01", "ip": "1.117e-08", "ts": "0", "stretch": "4.6584e+05", "date": "2066-10-24.84", "dist": "27.438", "sigma_lov": "1.03911", "sigma_imp": "0.557", "ps": "-10.3"}, {"energy": "1.692e-03", "width": "4.4997e+01", "ip": "1.237e-08", "ts": "0", "stretch": "4.3861e+05", "date": "2066-10-24.85", "dist": "26.892", "sigma_lov": "1.03957", "sigma_imp": "0.575", "ps": "-10.3"}, {"energy": "1.678e-03", "width": "1.7709e+00", "ip": "1.593e-07", "ts": "0", "stretch": "9.5036e+05", "date": "2067-04-15.97", "dist": "0.266", "sigma_lov": "1.07307", "sigma_imp": "0.000", "ps": "-9.19"}, {"energy": "1.692e-03", "width": "2.7407e+01", "ip": "2.109e-09", "ts": "0", "stretch": "3.5322e+06", "date": "2067-10-23.67", "dist": "23.153", "sigma_lov": "1.03968", "sigma_imp": "0.808", "ps": "-11.1"}, {"energy": "1.809e-03", "width": "1.6278e+01", "ip": "2.858e-10", "ts": "0", "stretch": "4.4354e+05", "date": "2068-04-07.30", "dist": "52.317", "sigma_lov": "0.81328", "sigma_imp": "3.153", "ps": "-11.9"}, {"energy": "1.678e-03", "width": "1.8031e+00", "ip": "5.069e-08", "ts": "0", "stretch": "9.8352e+05", "date": "2068-04-14.69", "dist": "2.787", "sigma_lov": "1.07041", "sigma_imp": "0.991", "ps": "-9.69"}, {"energy": "1.862e-03", "width": "1.5576e+01", "ip": "9.190e-10", "ts": "0", "stretch": "2.5030e+05", "date": "2068-10-29.87", "dist": "47.683", "sigma_lov": "0.71785", "sigma_imp": "2.997", "ps": "-11.4"}, {"energy": "1.952e-03", "width": "1.4333e+01", "ip": "1.077e-10", "ts": "0", "stretch": "2.3555e+05", "date": "2068-11-01.19", "dist": "53.916", "sigma_lov": "0.56622", "sigma_imp": "3.692", "ps": "-12.3"}, {"energy": "1.780e-03", "width": "1.6156e+01", "ip": "1.443e-10", "ts": "0", "stretch": "1.9000e+05", "date": "2068-11-03.59", "dist": "58.986", "sigma_lov": "0.86157", "sigma_imp": "3.589", "ps": "-12.2"}, {"energy": "1.807e-03", "width": "2.9838e+01", "ip": "1.307e-09", "ts": "0", "stretch": "2.5699e+05", "date": "2068-11-08.53", "dist": "79.896", "sigma_lov": "0.80848", "sigma_imp": "2.644", "ps": "-11.3"}, {"energy": "1.810e-03", "width": "2.0904e+01", "ip": "3.565e-09", "ts": "0", "stretch": "3.2250e+05", "date": "2069-04-08.25", "dist": "48.659", "sigma_lov": "0.81029", "sigma_imp": "2.280", "ps": "-10.8"}, {"energy": "1.844e-03", "width": "2.1243e+01", "ip": "3.089e-10", "ts": "0", "stretch": "3.5680e+05", "date": "2069-11-05.79", "dist": "67.773", "sigma_lov": "0.74590", "sigma_imp": "3.143", "ps": "-11.9"}, {"energy": "1.782e-03", "width": "1.7330e+01", "ip": "2.477e-10", "ts": "0", "stretch": "1.7566e+05", "date": "2070-04-04.53", "dist": "60.699", "sigma_lov": "0.85871", "sigma_imp": "3.445", "ps": "-12.0"}, {"energy": "1.844e-03", "width": "1.6733e+01", "ip": "4.576e-10", "ts": "0", "stretch": "3.3088e+05", "date": "2070-04-07.64", "dist": "52.971", "sigma_lov": "0.74735", "sigma_imp": "3.106", "ps": "-11.7"}, {"energy": "1.746e-03", "width": "1.1937e+01", "ip": "2.368e-10", "ts": "0", "stretch": "6.7552e+05", "date": "2070-04-07.87", "dist": "38.286", "sigma_lov": "0.93113", "sigma_imp": "3.124", "ps": "-12.0"}, {"energy": "1.860e-03", "width": "1.1610e+01", "ip": "2.266e-09", "ts": "0", "stretch": "3.1007e+05", "date": "2070-04-09.42", "dist": "32.276", "sigma_lov": "0.71912", "sigma_imp": "2.694", "ps": "-11.0"}, {"energy": "1.860e-03", "width": "1.4076e+01", "ip": "7.269e-09", "ts": "0", "stretch": "3.4615e+05", "date": "2070-04-09.55", "dist": "30.793", "sigma_lov": "0.71822", "sigma_imp": "2.117", "ps": "-10.5"}, {"energy": "1.878e-03", "width": "4.9756e+01", "ip": "2.798e-08", "ts": "0", "stretch": "1.1561e+05", "date": "2070-11-05.23", "dist": "66.748", "sigma_lov": "0.68476", "sigma_imp": "1.321", "ps": "-9.93"}, {"energy": "1.787e-03", "width": "1.6763e+01", "ip": "3.821e-10", "ts": "0", "stretch": "1.3739e+05", "date": "2071-04-05.81", "dist": "57.997", "sigma_lov": "0.85238", "sigma_imp": "3.400", "ps": "-11.8"}, {"energy": "1.917e-03", "width": "2.6555e+01", "ip": "1.206e-08", "ts": "0", "stretch": "2.6969e+05", "date": "2071-04-07.55", "dist": "46.914", "sigma_lov": "0.62669", "sigma_imp": "1.729", "ps": "-10.3"}, {"energy": "1.881e-03", "width": "2.1754e+01", "ip": "4.060e-09", "ts": "0", "stretch": "4.1032e+05", "date": "2071-04-08.32", "dist": "47.567", "sigma_lov": "0.68637", "sigma_imp": "2.141", "ps": "-10.8"}, {"energy": "1.847e-03", "width": "5.5693e+01", "ip": "3.574e-08", "ts": "0", "stretch": "1.4235e+05", "date": "2071-04-09.50", "dist": "42.552", "sigma_lov": "0.74430", "sigma_imp": "0.746", "ps": "-9.84"}, {"energy": "1.849e-03", "width": "4.2289e+01", "ip": "3.049e-08", "ts": "0", "stretch": "1.9770e+05", "date": "2071-04-10.18", "dist": "37.749", "sigma_lov": "0.74329", "sigma_imp": "0.869", "ps": "-9.91"}, {"energy": "1.832e-03", "width": "1.4686e+01", "ip": "3.384e-10", "ts": "0", "stretch": "5.0509e+05", "date": "2071-10-30.28", "dist": "46.458", "sigma_lov": "0.77028", "sigma_imp": "3.095", "ps": "-11.9"}, {"energy": "1.772e-03", "width": "9.3962e+01", "ip": "1.439e-08", "ts": "0", "stretch": "1.9235e+05", "date": "2071-11-07.65", "dist": "69.614", "sigma_lov": "0.87203", "sigma_imp": "0.730", "ps": "-10.3"}, {"energy": "1.789e-03", "width": "4.3159e+00", "ip": "1.199e-10", "ts": "0", "stretch": "1.1268e+06", "date": "2072-04-11.19", "dist": "15.530", "sigma_lov": "0.84802", "sigma_imp": "3.367", "ps": "-12.3"}, {"energy": "1.882e-03", "width": "2.6665e+01", "ip": "2.570e-08", "ts": "0", "stretch": "4.8660e+05", "date": "2072-04-11.43", "dist": "15.655", "sigma_lov": "0.68304", "sigma_imp": "0.550", "ps": "-9.98"}, {"energy": "1.881e-03", "width": "3.9623e+01", "ip": "5.323e-08", "ts": "0", "stretch": "1.8206e+05", "date": "2072-04-12.72", "dist": "9.813", "sigma_lov": "0.68384", "sigma_imp": "0.222", "ps": "-9.67"}, {"energy": "1.882e-03", "width": "3.5609e+01", "ip": "3.494e-08", "ts": "0", "stretch": "3.1779e+05", "date": "2072-04-12.91", "dist": "1.729", "sigma_lov": "0.68428", "sigma_imp": "0.020", "ps": "-9.85"}, {"energy": "1.747e-03", "width": "1.2505e+01", "ip": "2.504e-08", "ts": "0", "stretch": "7.5062e+05", "date": "2072-04-13.03", "dist": "10.083", "sigma_lov": "0.92832", "sigma_imp": "0.726", "ps": "-10.0"}, {"energy": "1.738e-03", "width": "1.1586e+01", "ip": "3.939e-08", "ts": "0", "stretch": "2.4313e+05", "date": "2072-04-13.18", "dist": "16.885", "sigma_lov": "0.94431", "sigma_imp": "1.371", "ps": "-9.82"}, {"energy": "1.739e-03", "width": "6.8218e+00", "ip": "2.743e-08", "ts": "0", "stretch": "1.3005e+06", "date": "2072-04-13.72", "dist": "5.057", "sigma_lov": "0.94393", "sigma_imp": "0.595", "ps": "-9.98"}, {"energy": "1.794e-03", "width": "1.9921e+01", "ip": "4.987e-09", "ts": "0", "stretch": "1.2399e+05", "date": "2073-04-06.88", "dist": "51.594", "sigma_lov": "0.83972", "sigma_imp": "2.540", "ps": "-10.7"}, {"energy": "1.792e-03", "width": "1.8643e+01", "ip": "1.162e-08", "ts": "0", "stretch": "1.2184e+05", "date": "2074-04-09.09", "dist": "42.470", "sigma_lov": "0.83601", "sigma_imp": "2.224", "ps": "-10.4"}, {"energy": "1.685e-03", "width": "1.9223e+00", "ip": "2.251e-10", "ts": "0", "stretch": "4.0056e+05", "date": "2075-10-23.22", "dist": "7.620", "sigma_lov": "1.05501", "sigma_imp": "3.444", "ps": "-12.1"}, {"energy": "1.801e-03", "width": "2.0355e+01", "ip": "3.125e-09", "ts": "0", "stretch": "5.6200e+05", "date": "2075-10-29.57", "dist": "43.642", "sigma_lov": "0.82689", "sigma_imp": "2.095", "ps": "-10.9"}, {"energy": "1.647e-03", "width": "4.6415e+01", "ip": "1.115e-08", "ts": "0", "stretch": "4.4254e+05", "date": "2076-04-10.99", "dist": "24.213", "sigma_lov": "1.13775", "sigma_imp": "0.500", "ps": "-10.4"}, {"energy": "1.686e-03", "width": "2.0069e+00", "ip": "3.818e-09", "ts": "0", "stretch": "3.9227e+05", "date": "2076-10-22.06", "dist": "6.223", "sigma_lov": "1.05410", "sigma_imp": "2.602", "ps": "-10.9"}, {"energy": "1.686e-03", "width": "2.0236e+00", "ip": "2.378e-08", "ts": "0", "stretch": "3.7863e+05", "date": "2077-10-21.93", "dist": "4.870", "sigma_lov": "1.05320", "sigma_imp": "1.913", "ps": "-10.1"}, {"energy": "2.015e-03", "width": "7.2347e+01", "ip": "6.290e-09", "ts": "0", "stretch": "1.3197e+05", "date": "2078-03-18.89", "dist": "145.105", "sigma_lov": "0.46555", "sigma_imp": "1.992", "ps": "-10.6"}, {"energy": "1.686e-03", "width": "2.0146e+00", "ip": "6.050e-08", "ts": "0", "stretch": "1.1317e+06", "date": "2078-10-21.04", "dist": "2.467", "sigma_lov": "1.05294", "sigma_imp": "0.728", "ps": "-9.70"}, {"energy": "1.687e-03", "width": "2.0271e+00", "ip": "5.856e-08", "ts": "0", "stretch": "3.5979e+05", "date": "2078-10-21.88", "dist": "4.048", "sigma_lov": "1.05232", "sigma_imp": "1.504", "ps": "-9.71"}, {"energy": "1.687e-03", "width": "2.0677e+00", "ip": "1.162e-07", "ts": "0", "stretch": "9.8890e+05", "date": "2079-10-20.93", "dist": "1.219", "sigma_lov": "1.05204", "sigma_imp": "0.106", "ps": "-9.42"}, {"energy": "1.691e-03", "width": "6.4786e-01", "ip": "1.398e-10", "ts": "0", "stretch": "7.7809e+05", "date": "2079-10-21.11", "dist": "3.139", "sigma_lov": "1.04357", "sigma_imp": "3.301", "ps": "-12.3"}, {"energy": "1.688e-03", "width": "2.0574e+00", "ip": "1.788e-07", "ts": "0", "stretch": "3.3808e+05", "date": "2079-10-21.74", "dist": "2.699", "sigma_lov": "1.05145", "sigma_imp": "0.826", "ps": "-9.23"}, {"energy": "1.688e-03", "width": "2.0600e+00", "ip": "1.644e-07", "ts": "0", "stretch": "8.2439e+05", "date": "2080-10-19.90", "dist": "0.167", "sigma_lov": "1.05114", "sigma_imp": "0.000", "ps": "-9.28"}, {"energy": "1.690e-03", "width": "8.9741e-01", "ip": "9.330e-08", "ts": "0", "stretch": "6.0397e+05", "date": "2080-10-20.07", "dist": "1.853", "sigma_lov": "1.04399", "sigma_imp": "0.951", "ps": "-9.52"}, {"energy": "1.687e-03", "width": "2.0313e+00", "ip": "3.444e-07", "ts": "0", "stretch": "2.9954e+05", "date": "2080-10-20.62", "dist": "1.594", "sigma_lov": "1.05055", "sigma_imp": "0.292", "ps": "-8.96"}, {"energy": "1.747e-03", "width": "1.0631e+02", "ip": "3.213e-09", "ts": "0", "stretch": "2.4228e+05", "date": "2080-11-17.59", "dist": "177.777", "sigma_lov": "0.89641", "sigma_imp": "1.663", "ps": "-11.0"}, {"energy": "1.648e-03", "width": "1.2025e+01", "ip": "1.901e-09", "ts": "0", "stretch": "7.3791e+05", "date": "2081-04-09.74", "dist": "28.218", "sigma_lov": "1.13314", "sigma_imp": "2.263", "ps": "-11.2"}, {"energy": "1.688e-03", "width": "2.1471e+00", "ip": "1.890e-07", "ts": "0", "stretch": "6.3965e+05", "date": "2081-10-19.91", "dist": "0.878", "sigma_lov": "1.05019", "sigma_imp": "0.000", "ps": "-9.22"}, {"energy": "1.691e-03", "width": "1.2249e+00", "ip": "4.673e-07", "ts": "0", "stretch": "4.2382e+05", "date": "2081-10-20.05", "dist": "0.594", "sigma_lov": "1.04451", "sigma_imp": "0.000", "ps": "-8.83"}, {"energy": "1.689e-03", "width": "2.0859e+00", "ip": "5.369e-07", "ts": "0", "stretch": "2.4524e+05", "date": "2081-10-20.48", "dist": "0.450", "sigma_lov": "1.04959", "sigma_imp": "0.000", "ps": "-8.77"}, {"energy": "1.689e-03", "width": "2.1149e+00", "ip": "1.697e-07", "ts": "0", "stretch": "4.4834e+05", "date": "2082-10-19.95", "dist": "2.296", "sigma_lov": "1.04912", "sigma_imp": "0.613", "ps": "-9.28"}, {"energy": "1.691e-03", "width": "1.5212e+00", "ip": "6.424e-07", "ts": "0", "stretch": "2.3094e+05", "date": "2082-10-20.12", "dist": "1.011", "sigma_lov": "1.04527", "sigma_imp": "0.007", "ps": "-8.70"}, {"energy": "1.689e-03", "width": "2.0397e+00", "ip": "7.408e-07", "ts": "0", "stretch": "1.6401e+05", "date": "2082-10-20.40", "dist": "1.049", "sigma_lov": "1.04841", "sigma_imp": "0.024", "ps": "-8.64"}, {"energy": "1.689e-03", "width": "1.9019e+00", "ip": "1.632e-07", "ts": "0", "stretch": "2.1098e+05", "date": "2083-10-19.82", "dist": "3.355", "sigma_lov": "1.04592", "sigma_imp": "1.238", "ps": "-9.30"}, {"energy": "1.688e-03", "width": "1.9534e+00", "ip": "2.116e-07", "ts": "0", "stretch": "1.7553e+05", "date": "2083-10-19.97", "dist": "3.316", "sigma_lov": "1.04758", "sigma_imp": "1.186", "ps": "-9.19"}, {"energy": "1.695e-03", "width": "2.8810e+00", "ip": "1.912e-08", "ts": "0", "stretch": "8.0770e+05", "date": "2083-10-20.95", "dist": "5.657", "sigma_lov": "1.03456", "sigma_imp": "1.616", "ps": "-10.2"}, {"energy": "1.323e-03", "width": "1.5154e+01", "ip": "1.482e-09", "ts": "0", "stretch": "1.5054e+04", "date": "2086-11-01.73", "dist": "49.212", "sigma_lov": "2.01930", "sigma_imp": "3.181", "ps": "-11.4"}, {"energy": "1.558e-03", "width": "1.3292e+00", "ip": "4.295e-07", "ts": "0", "stretch": "3.2467e+05", "date": "2087-04-15.81", "dist": "0.305", "sigma_lov": "1.34493", "sigma_imp": "0.000", "ps": "-8.93"}, {"energy": "1.581e-03", "width": "9.0345e+00", "ip": "1.447e-09", "ts": "0", "stretch": "3.0399e+06", "date": "2087-04-20.43", "dist": "16.725", "sigma_lov": "1.28489", "sigma_imp": "1.741", "ps": "-11.4"}, {"energy": "2.060e-03", "width": "1.9660e+01", "ip": "2.749e-10", "ts": "0", "stretch": "2.6936e+05", "date": "2091-10-31.40", "dist": "66.721", "sigma_lov": "0.40981", "sigma_imp": "3.343", "ps": "-12.1"}, {"energy": "2.106e-03", "width": "2.6719e+01", "ip": "1.051e-09", "ts": "0", "stretch": "4.7533e+05", "date": "2091-10-31.61", "dist": "71.335", "sigma_lov": "0.34755", "sigma_imp": "2.632", "ps": "-11.5"}, {"energy": "1.780e-03", "width": "1.8106e+01", "ip": "2.805e-10", "ts": "0", "stretch": "1.1454e+06", "date": "2092-10-31.31", "dist": "51.751", "sigma_lov": "0.86384", "sigma_imp": "2.803", "ps": "-12.1"}, {"energy": "1.779e-03", "width": "2.6004e+01", "ip": "6.814e-10", "ts": "0", "stretch": "8.7501e+05", "date": "2094-04-01.25", "dist": "64.772", "sigma_lov": "0.86433", "sigma_imp": "2.452", "ps": "-11.7"}, {"energy": "2.022e-03", "width": "4.7245e+01", "ip": "6.130e-10", "ts": "0", "stretch": "4.6330e+06", "date": "2094-10-30.36", "dist": "73.413", "sigma_lov": "0.46580", "sigma_imp": "1.533", "ps": "-11.7"}, {"energy": "1.910e-03", "width": "6.1504e+01", "ip": "3.086e-10", "ts": "0", "stretch": "7.0127e+06", "date": "2094-11-08.76", "dist": "92.358", "sigma_lov": "0.62713", "sigma_imp": "1.485", "ps": "-12.0"}, {"energy": "1.749e-03", "width": "2.7616e+01", "ip": "2.131e-08", "ts": "0", "stretch": "3.0002e+05", "date": "2096-10-26.48", "dist": "30.656", "sigma_lov": "0.92333", "sigma_imp": "1.074", "ps": "-10.3"}, {"energy": "1.381e-03", "width": "2.0857e+01", "ip": "4.495e-10", "ts": "0", "stretch": "9.0511e+04", "date": "2097-05-01.41", "dist": "64.078", "sigma_lov": "1.82626", "sigma_imp": "3.024", "ps": "-12.0"}, {"energy": "1.751e-03", "width": "1.6679e+01", "ip": "5.371e-09", "ts": "0", "stretch": "8.6895e+05", "date": "2097-10-26.14", "dist": "28.271", "sigma_lov": "0.92261", "sigma_imp": "1.635", "ps": "-10.9"}, {"energy": "1.772e-03", "width": "7.1035e+00", "ip": "2.410e-10", "ts": "0", "stretch": "5.5044e+05", "date": "2098-10-25.30", "dist": "24.432", "sigma_lov": "0.87975", "sigma_imp": "3.299", "ps": "-12.2"}, {"energy": "1.750e-03", "width": "1.5621e+01", "ip": "4.761e-09", "ts": "0", "stretch": "1.1205e+06", "date": "2098-10-25.82", "dist": "25.847", "sigma_lov": "0.92219", "sigma_imp": "1.591", "ps": "-10.9"}, {"energy": "1.744e-03", "width": "3.5964e+02", "ip": "2.484e-09", "ts": "0", "stretch": "3.3344e+05", "date": "2099-11-17.33", "dist": "171.743", "sigma_lov": "0.90005", "sigma_imp": "0.475", "ps": "-11.2"}, {"energy": "1.630e-03", "width": "9.0605e+01", "ip": "1.086e-09", "ts": "0", "stretch": "2.5522e+06", "date": "2101-04-17.60", "dist": "12.286", "sigma_lov": "1.16785", "sigma_imp": "0.125", "ps": "-11.6"}, {"energy": "1.630e-03", "width": "5.0058e+01", "ip": "4.007e-09", "ts": "0", "stretch": "1.2389e+06", "date": "2101-04-18.08", "dist": "9.820", "sigma_lov": "1.16815", "sigma_imp": "0.176", "ps": "-11.0"}, {"energy": "1.648e-03", "width": "1.0989e+01", "ip": "6.458e-10", "ts": "0", "stretch": "2.7437e+07", "date": "2102-04-14.31", "dist": "8.531", "sigma_lov": "1.13444", "sigma_imp": "0.685", "ps": "-11.8"}, {"energy": "1.520e-03", "width": "2.9758e+01", "ip": "1.447e-09", "ts": "0", "stretch": "5.2955e+05", "date": "2104-11-04.81", "dist": "60.578", "sigma_lov": "1.42795", "sigma_imp": "2.002", "ps": "-11.5"}, {"energy": "1.752e-03", "width": "1.5900e+01", "ip": "7.050e-09", "ts": "0", "stretch": "2.4724e+06", "date": "2107-10-22.38", "dist": "9.210", "sigma_lov": "0.92013", "sigma_imp": "0.516", "ps": "-10.8"}, {"energy": "1.752e-03", "width": "1.5362e+01", "ip": "1.879e-08", "ts": "0", "stretch": "8.9921e+05", "date": "2107-10-23.07", "dist": "10.505", "sigma_lov": "0.91997", "sigma_imp": "0.619", "ps": "-10.4"}, {"energy": "1.075e-03", "width": "6.5492e+01", "ip": "1.744e-10", "ts": "0", "stretch": "3.1697e+04", "date": "2108-05-31.15", "dist": "146.873", "sigma_lov": "3.07678", "sigma_imp": "2.227", "ps": "-12.6"}, {"energy": "1.537e-03", "width": "4.7922e+00", "ip": "6.991e-10", "ts": "0", "stretch": "7.7324e+06", "date": "2109-04-17.12", "dist": "9.601", "sigma_lov": "1.39504", "sigma_imp": "1.795", "ps": "-11.8"}, {"energy": "2.021e-03", "width": "1.4166e+02", "ip": "1.080e-08", "ts": "0", "stretch": "2.6888e+05", "date": "2112-10-28.27", "dist": "59.241", "sigma_lov": "0.46537", "sigma_imp": "0.411", "ps": "-10.6"}, {"energy": "2.000e-03", "width": "1.2698e+02", "ip": "3.793e-09", "ts": "0", "stretch": "7.8787e+05", "date": "2112-11-01.67", "dist": "70.284", "sigma_lov": "0.49594", "sigma_imp": "0.546", "ps": "-11.0"}, {"energy": "1.609e-03", "width": "1.2836e+01", "ip": "5.323e-09", "ts": "0", "stretch": "2.2171e+06", "date": "2113-04-11.85", "dist": "12.224", "sigma_lov": "1.21916", "sigma_imp": "0.874", "ps": "-11.0"}, {"energy": "1.255e-03", "width": "3.0566e+01", "ip": "6.054e-10", "ts": "0", "stretch": "6.7218e+04", "date": "2114-05-04.35", "dist": "80.358", "sigma_lov": "2.25868", "sigma_imp": "2.596", "ps": "-12.0"}, {"energy": "1.679e-03", "width": "2.3627e+01", "ip": "1.204e-09", "ts": "0", "stretch": "9.9611e+06", "date": "2114-10-19.49", "dist": "0.398", "sigma_lov": "1.06708", "sigma_imp": "0.000", "ps": "-11.6"}, {"energy": "1.676e-03", "width": "3.1443e+01", "ip": "6.146e-09", "ts": "0", "stretch": "1.3901e+06", "date": "2114-10-22.54", "dist": "9.482", "sigma_lov": "1.07489", "sigma_imp": "0.270", "ps": "-10.9"}, {"energy": "1.680e-03", "width": "7.3674e+01", "ip": "7.046e-09", "ts": "0", "stretch": "5.3471e+05", "date": "2114-10-23.81", "dist": "14.963", "sigma_lov": "1.06751", "sigma_imp": "0.190", "ps": "-10.8"}, {"energy": "1.618e-03", "width": "1.0882e+01", "ip": "2.207e-10", "ts": "0", "stretch": "8.1661e+05", "date": "2114-10-29.21", "dist": "33.839", "sigma_lov": "1.19858", "sigma_imp": "3.018", "ps": "-12.4"}, {"energy": "1.205e-03", "width": "2.7609e+01", "ip": "1.561e-10", "ts": "0", "stretch": "6.4141e+04", "date": "2115-05-06.55", "dist": "82.607", "sigma_lov": "2.46444", "sigma_imp": "2.956", "ps": "-12.6"}, {"energy": "1.212e-03", "width": "2.4518e+01", "ip": "1.591e-10", "ts": "0", "stretch": "2.5021e+04", "date": "2115-05-06.57", "dist": "81.921", "sigma_lov": "2.43826", "sigma_imp": "3.300", "ps": "-12.6"}, {"energy": "1.617e-03", "width": "1.1262e+01", "ip": "1.506e-10", "ts": "0", "stretch": "2.8728e+06", "date": "2115-10-28.42", "dist": "31.541", "sigma_lov": "1.19848", "sigma_imp": "2.712", "ps": "-12.5"}, {"energy": "1.618e-03", "width": "1.1174e+01", "ip": "4.323e-10", "ts": "0", "stretch": "8.3121e+05", "date": "2115-10-29.04", "dist": "32.061", "sigma_lov": "1.19809", "sigma_imp": "2.780", "ps": "-12.1"}, {"energy": "1.209e-03", "width": "2.7440e+01", "ip": "5.669e-10", "ts": "0", "stretch": "1.4806e+04", "date": "2116-05-05.74", "dist": "84.245", "sigma_lov": "2.44231", "sigma_imp": "3.034", "ps": "-12.1"}, {"energy": "1.674e-03", "width": "3.3297e+01", "ip": "7.007e-09", "ts": "0", "stretch": "1.1724e+06", "date": "2116-10-21.45", "dist": "7.200", "sigma_lov": "1.07856", "sigma_imp": "0.186", "ps": "-10.8"}, {"energy": "1.619e-03", "width": "1.1476e+01", "ip": "7.418e-10", "ts": "0", "stretch": "8.3758e+05", "date": "2116-10-27.86", "dist": "30.542", "sigma_lov": "1.19763", "sigma_imp": "2.574", "ps": "-11.8"}, {"energy": "1.221e-03", "width": "4.4866e+01", "ip": "1.880e-09", "ts": "0", "stretch": "6.4984e+04", "date": "2117-05-05.30", "dist": "81.503", "sigma_lov": "2.39754", "sigma_imp": "1.794", "ps": "-11.5"}, {"energy": "1.675e-03", "width": "2.4733e+01", "ip": "1.730e-09", "ts": "0", "stretch": "5.9633e+06", "date": "2117-10-22.05", "dist": "10.630", "sigma_lov": "1.07918", "sigma_imp": "0.389", "ps": "-11.5"}, {"energy": "1.618e-03", "width": "1.1804e+01", "ip": "1.352e-09", "ts": "0", "stretch": "8.1653e+05", "date": "2117-10-27.65", "dist": "28.610", "sigma_lov": "1.19719", "sigma_imp": "2.339", "ps": "-11.6"}]}