{"summary": {"energy": "1.853e+01", "darc": ".45854 days", "ip": "5.010493e-07", "h": "23.15", "nobs": "7", "mass": "7.96e+08", "v_inf": "4.51", "first_obs": "2017-Aug-18.60031", "method": "LOV", "pdate": "2017-09-08 09:49:05", "ndop": "0", "cdate": "2017-09-08 09:49:05", "ps_cum": "-5.27", "diameter": "0.0809893180172091", "ndel": "0", "v_imp": "12.04", "ps_max": "-5.61", "last_obs": "2017-Aug-19.05885", "fullname": "(2017 QC36)", "n_imp": "79", "ts_max": "0", "nsat": "0", "des": "2017 QC36"}, "signature": {"source": "NASA/JPL Sentry Data API", "version": "1.1"}, "data": [{"energy": "5.080e+00", "width": "2.1715e+01", "ip": "3.722e-09", "ts": "0", "stretch": "5.1647e+05", "date": "2108-08-03.14", "dist": "33.331", "sigma_lov": "1.64697", "sigma_imp": "1.489", "ps": "-8.30"}, {"energy": "3.087e+00", "width": "1.4810e+01", "ip": "3.185e-09", "ts": "0", "stretch": "2.0742e+05", "date": "2106-08-02.33", "dist": "28.318", "sigma_lov": "2.08648", "sigma_imp": "1.845", "ps": "-8.53"}, {"energy": "6.710e+00", "width": "1.0228e+01", "ip": "1.367e-09", "ts": "0", "stretch": "1.2041e+06", "date": "2108-08-03.96", "dist": "22.460", "sigma_lov": "1.43319", "sigma_imp": "2.098", "ps": "-8.64"}, {"energy": "1.692e+01", "width": "1.9000e+01", "ip": "5.557e-09", "ts": "0", "stretch": "9.1048e+04", "date": "2103-08-06.35", "dist": "50.997", "sigma_lov": "0.86254", "sigma_imp": "2.631", "ps": "-7.68"}, {"energy": "1.681e+01", "width": "1.7476e+01", "ip": "8.099e-10", "ts": "0", "stretch": "3.3473e+05", "date": "2103-08-06.34", "dist": "51.295", "sigma_lov": "0.86631", "sigma_imp": "2.878", "ps": "-8.52"}, {"energy": "6.966e+00", "width": "2.8997e+01", "ip": "1.187e-09", "ts": "0", "stretch": "1.0262e+06", "date": "2116-08-03.63", "dist": "53.482", "sigma_lov": "1.40741", "sigma_imp": "1.810", "ps": "-8.72"}, {"energy": "6.670e+00", "width": "9.0979e+00", "ip": "8.751e-10", "ts": "0", "stretch": "4.7156e+05", "date": "2116-08-04.38", "dist": "25.444", "sigma_lov": "1.43769", "sigma_imp": "2.687", "ps": "-8.87"}, {"energy": "9.518e+00", "width": "1.3196e+01", "ip": "2.186e-10", "ts": "0", "stretch": "2.0002e+04", "date": "2115-08-05.65", "dist": "54.076", "sigma_lov": "1.19625", "sigma_imp": "4.022", "ps": "-9.35"}, {"energy": "1.227e+01", "width": "1.1613e+02", "ip": "8.362e-10", "ts": "0", "stretch": "3.0778e+06", "date": "2115-08-05.56", "dist": "7.139", "sigma_lov": "1.03868", "sigma_imp": "0.053", "ps": "-8.67"}, {"energy": "2.151e+01", "width": "2.0166e+01", "ip": "8.834e-10", "ts": "0", "stretch": "1.0839e+05", "date": "2089-08-05.89", "dist": "65.654", "sigma_lov": "0.74349", "sigma_imp": "3.206", "ps": "-8.32"}, {"energy": "1.261e+01", "width": "1.9477e+01", "ip": "1.742e-10", "ts": "0", "stretch": "1.5556e+06", "date": "2061-08-05.17", "dist": "55.470", "sigma_lov": "1.02406", "sigma_imp": "2.797", "ps": "-9.00"}, {"energy": "1.188e+01", "width": "1.5863e+01", "ip": "2.300e-10", "ts": "0", "stretch": "3.4731e+05", "date": "2061-08-04.84", "dist": "52.371", "sigma_lov": "1.05891", "sigma_imp": "3.238", "ps": "-8.90"}, {"energy": "6.316e-01", "width": "1.5246e+00", "ip": "1.374e-09", "ts": "0", "stretch": "3.7150e+04", "date": "2059-07-29.47", "dist": "1.155", "sigma_lov": "4.15254", "sigma_imp": "0.102", "ps": "-9.12"}, {"energy": "1.154e+00", "width": "2.6926e+00", "ip": "8.012e-10", "ts": "0", "stretch": "8.9418e+04", "date": "2059-07-31.09", "dist": "6.440", "sigma_lov": "3.22453", "sigma_imp": "2.020", "ps": "-9.15"}, {"energy": "5.071e-01", "width": "1.1912e+00", "ip": "3.862e-09", "ts": "0", "stretch": "3.3978e+03", "date": "2052-07-28.15", "dist": "0.345", "sigma_lov": "4.56894", "sigma_imp": "0.000", "ps": "-8.67"}, {"energy": "5.686e-01", "width": "1.2719e+00", "ip": "3.752e-09", "ts": "0", "stretch": "1.9907e+03", "date": "2051-07-29.70", "dist": "2.395", "sigma_lov": "4.34552", "sigma_imp": "1.097", "ps": "-8.63"}, {"energy": "1.167e+00", "width": "2.5500e+00", "ip": "1.235e-09", "ts": "0", "stretch": "2.1449e+05", "date": "2051-07-31.37", "dist": "4.585", "sigma_lov": "3.20982", "sigma_imp": "1.406", "ps": "-8.86"}, {"energy": "1.319e+01", "width": "2.2114e+01", "ip": "3.581e-10", "ts": "0", "stretch": "1.3157e+06", "date": "2047-08-06.05", "dist": "57.662", "sigma_lov": "0.99837", "sigma_imp": "2.562", "ps": "-8.50"}, {"energy": "1.401e+01", "width": "2.4739e+00", "ip": "2.598e-07", "ts": "0", "stretch": "2.3280e+05", "date": "2046-08-05.76", "dist": "3.085", "sigma_lov": "0.96296", "sigma_imp": "0.843", "ps": "-5.61"}, {"energy": "1.407e+01", "width": "2.5267e+00", "ip": "1.774e-10", "ts": "0", "stretch": "5.8992e+06", "date": "2046-08-06.06", "dist": "7.966", "sigma_lov": "0.96132", "sigma_imp": "2.757", "ps": "-8.77"}, {"energy": "5.266e-01", "width": "1.2776e+00", "ip": "2.559e-09", "ts": "0", "stretch": "3.4860e+03", "date": "2040-07-28.81", "dist": "1.709", "sigma_lov": "4.47766", "sigma_imp": "0.555", "ps": "-8.65"}, {"energy": "6.253e-01", "width": "1.7019e+00", "ip": "1.579e-09", "ts": "0", "stretch": "2.7521e+04", "date": "2038-07-29.04", "dist": "1.138", "sigma_lov": "4.18021", "sigma_imp": "0.081", "ps": "-8.76"}, {"energy": "8.331e-01", "width": "2.3454e+00", "ip": "1.599e-09", "ts": "0", "stretch": "4.6378e+04", "date": "2036-07-29.46", "dist": "3.762", "sigma_lov": "3.70253", "sigma_imp": "1.177", "ps": "-8.61"}, {"energy": "1.282e+01", "width": "1.8038e+01", "ip": "5.013e-10", "ts": "0", "stretch": "1.9706e+04", "date": "2030-08-05.81", "dist": "69.656", "sigma_lov": "1.01425", "sigma_imp": "3.806", "ps": "-8.00"}, {"energy": "4.631e-01", "width": "1.4377e+00", "ip": "1.429e-10", "ts": "0", "stretch": "2.3297e+03", "date": "2029-07-28.61", "dist": "3.611", "sigma_lov": "4.72861", "sigma_imp": "1.816", "ps": "-9.66"}, {"energy": "2.046e+04", "width": "5.2061e+02", "ip": "1.304e-10", "ts": "0", "stretch": "6.5633e+06", "date": "2024-02-20.51", "dist": "160.241", "sigma_lov": "-0.47218", "sigma_imp": "0.306", "ps": "-5.72"}, {"energy": "1.959e+01", "width": "1.3219e+01", "ip": "2.203e-10", "ts": "0", "stretch": "1.1975e+05", "date": "2113-08-06.15", "dist": "49.405", "sigma_lov": "0.78813", "sigma_imp": "3.662", "ps": "-9.08"}, {"energy": "1.955e+01", "width": "2.2180e+01", "ip": "1.427e-08", "ts": "0", "stretch": "1.1266e+05", "date": "2113-08-06.17", "dist": "48.063", "sigma_lov": "0.78929", "sigma_imp": "2.122", "ps": "-7.27"}, {"energy": "6.054e+00", "width": "2.2849e+01", "ip": "4.408e-10", "ts": "0", "stretch": "4.4156e+06", "date": "2117-08-03.21", "dist": "37.182", "sigma_lov": "1.51082", "sigma_imp": "1.584", "ps": "-9.21"}, {"energy": "1.246e+01", "width": "3.7950e+01", "ip": "7.921e-10", "ts": "0", "stretch": "5.6132e+06", "date": "2096-08-04.20", "dist": "40.917", "sigma_lov": "1.03105", "sigma_imp": "1.052", "ps": "-8.60"}, {"energy": "1.241e+01", "width": "2.1692e+01", "ip": "3.689e-09", "ts": "0", "stretch": "9.0943e+05", "date": "2096-08-04.33", "dist": "36.573", "sigma_lov": "1.03253", "sigma_imp": "1.640", "ps": "-7.93"}, {"energy": "1.608e+01", "width": "2.4959e+01", "ip": "3.788e-09", "ts": "0", "stretch": "9.5312e+05", "date": "2093-08-04.72", "dist": "40.868", "sigma_lov": "0.88840", "sigma_imp": "1.597", "ps": "-7.81"}, {"energy": "1.254e+01", "width": "2.4237e+01", "ip": "1.647e-09", "ts": "0", "stretch": "5.6685e+05", "date": "2074-08-05.11", "dist": "55.213", "sigma_lov": "1.02727", "sigma_imp": "2.237", "ps": "-8.14"}, {"energy": "3.590e+00", "width": "6.6316e+00", "ip": "8.862e-10", "ts": "0", "stretch": "2.2245e+05", "date": "2092-08-01.84", "dist": "19.082", "sigma_lov": "1.94457", "sigma_imp": "2.727", "ps": "-8.96"}, {"energy": "6.640e+00", "width": "8.0927e+00", "ip": "1.098e-09", "ts": "0", "stretch": "2.6004e+05", "date": "2090-08-04.25", "dist": "23.997", "sigma_lov": "1.44038", "sigma_imp": "2.842", "ps": "-8.64"}, {"energy": "1.607e+01", "width": "1.6968e+01", "ip": "8.355e-10", "ts": "0", "stretch": "3.0147e+06", "date": "2112-08-05.30", "dist": "34.669", "sigma_lov": "0.88871", "sigma_imp": "1.984", "ps": "-8.57"}, {"energy": "1.275e+01", "width": "2.2573e+01", "ip": "2.766e-10", "ts": "0", "stretch": "2.2075e+06", "date": "2111-08-06.01", "dist": "56.198", "sigma_lov": "1.01917", "sigma_imp": "2.445", "ps": "-9.12"}, {"energy": "1.276e+01", "width": "2.7845e+01", "ip": "1.276e-09", "ts": "0", "stretch": "1.0797e+06", "date": "2111-08-05.89", "dist": "56.726", "sigma_lov": "1.01856", "sigma_imp": "2.001", "ps": "-8.46"}, {"energy": "1.212e+01", "width": "4.3493e+01", "ip": "8.665e-09", "ts": "0", "stretch": "2.3660e+05", "date": "2111-08-05.81", "dist": "67.417", "sigma_lov": "1.04870", "sigma_imp": "1.527", "ps": "-7.65"}, {"energy": "1.004e+01", "width": "1.9507e+01", "ip": "5.060e-10", "ts": "0", "stretch": "1.0177e+06", "date": "2110-08-05.35", "dist": "49.864", "sigma_lov": "1.16067", "sigma_imp": "2.505", "ps": "-8.94"}, {"energy": "1.991e+01", "width": "4.3494e+01", "ip": "3.437e-10", "ts": "0", "stretch": "1.2685e+07", "date": "2110-08-06.36", "dist": "50.821", "sigma_lov": "0.78026", "sigma_imp": "1.145", "ps": "-8.87"}, {"energy": "9.172e+00", "width": "1.0928e+01", "ip": "3.370e-10", "ts": "0", "stretch": "2.4075e+06", "date": "2108-08-05.07", "dist": "28.201", "sigma_lov": "1.21845", "sigma_imp": "2.489", "ps": "-9.14"}, {"energy": "9.177e+00", "width": "1.0957e+01", "ip": "1.422e-10", "ts": "0", "stretch": "2.8018e+06", "date": "2108-08-05.06", "dist": "31.144", "sigma_lov": "1.21865", "sigma_imp": "2.751", "ps": "-9.51"}, {"energy": "6.712e+00", "width": "7.8319e+00", "ip": "1.620e-10", "ts": "0", "stretch": "2.7952e+06", "date": "2108-08-04.10", "dist": "22.090", "sigma_lov": "1.43313", "sigma_imp": "2.693", "ps": "-9.56"}, {"energy": "6.205e+00", "width": "6.8537e+00", "ip": "2.371e-09", "ts": "0", "stretch": "1.5655e+05", "date": "2085-08-04.02", "dist": "19.945", "sigma_lov": "1.49054", "sigma_imp": "2.764", "ps": "-8.30"}, {"energy": "1.253e+01", "width": "2.6180e+01", "ip": "3.791e-10", "ts": "0", "stretch": "4.6317e+06", "date": "2091-08-05.04", "dist": "50.840", "sigma_lov": "1.02759", "sigma_imp": "1.904", "ps": "-8.89"}, {"energy": "6.694e+00", "width": "8.4857e+00", "ip": "3.111e-10", "ts": "0", "stretch": "2.3852e+06", "date": "2090-08-03.82", "dist": "22.121", "sigma_lov": "1.43432", "sigma_imp": "2.489", "ps": "-9.19"}, {"energy": "1.490e+01", "width": "1.3322e+01", "ip": "5.939e-09", "ts": "0", "stretch": "2.8199e+05", "date": "2089-08-05.45", "dist": "30.984", "sigma_lov": "0.92806", "sigma_imp": "2.251", "ps": "-7.62"}, {"energy": "1.370e+01", "width": "3.8482e+01", "ip": "4.712e-10", "ts": "0", "stretch": "6.7937e+05", "date": "2087-08-05.47", "dist": "98.104", "sigma_lov": "0.97867", "sigma_imp": "2.523", "ps": "-8.74"}, {"energy": "1.493e+01", "width": "1.9123e+01", "ip": "3.156e-08", "ts": "0", "stretch": "1.7939e+05", "date": "2089-08-05.27", "dist": "28.662", "sigma_lov": "0.92717", "sigma_imp": "1.447", "ps": "-6.90"}, {"energy": "1.373e+01", "width": "3.8009e+01", "ip": "2.926e-10", "ts": "0", "stretch": "8.9144e+05", "date": "2087-08-05.49", "dist": "100.100", "sigma_lov": "0.97763", "sigma_imp": "2.607", "ps": "-8.95"}, {"energy": "8.782e-01", "width": "2.4168e+00", "ip": "1.491e-10", "ts": "0", "stretch": "5.3018e+04", "date": "2106-07-31.00", "dist": "6.748", "sigma_lov": "3.61985", "sigma_imp": "2.378", "ps": "-10.3"}, {"energy": "3.073e+00", "width": "1.2265e+01", "ip": "1.020e-08", "ts": "0", "stretch": "2.5583e+04", "date": "2084-08-01.70", "dist": "29.730", "sigma_lov": "2.09146", "sigma_imp": "2.342", "ps": "-7.90"}, {"energy": "1.921e+01", "width": "3.4036e+01", "ip": "4.251e-09", "ts": "0", "stretch": "1.3911e+06", "date": "2086-08-05.79", "dist": "37.593", "sigma_lov": "0.79759", "sigma_imp": "1.075", "ps": "-7.66"}, {"energy": "1.601e+01", "width": "2.1403e+01", "ip": "1.396e-10", "ts": "0", "stretch": "2.6211e+06", "date": "2103-08-06.06", "dist": "58.866", "sigma_lov": "0.89177", "sigma_imp": "2.704", "ps": "-9.30"}, {"energy": "1.549e+01", "width": "7.0841e+00", "ip": "1.614e-10", "ts": "0", "stretch": "2.6647e+06", "date": "2101-08-06.28", "dist": "21.793", "sigma_lov": "0.90746", "sigma_imp": "2.935", "ps": "-9.24"}, {"energy": "1.901e+01", "width": "1.3217e+01", "ip": "2.266e-10", "ts": "0", "stretch": "4.2527e+06", "date": "2086-08-05.76", "dist": "34.312", "sigma_lov": "0.80312", "sigma_imp": "2.520", "ps": "-8.94"}, {"energy": "1.258e+01", "width": "2.4039e+01", "ip": "1.821e-10", "ts": "0", "stretch": "8.1055e+05", "date": "2083-08-05.06", "dist": "71.715", "sigma_lov": "1.02610", "sigma_imp": "2.942", "ps": "-9.16"}, {"energy": "1.235e+01", "width": "2.7792e+01", "ip": "6.671e-09", "ts": "0", "stretch": "6.1245e+05", "date": "2083-08-05.21", "dist": "38.768", "sigma_lov": "1.03558", "sigma_imp": "1.359", "ps": "-7.60"}, {"energy": "1.240e+01", "width": "3.0444e+01", "ip": "1.452e-08", "ts": "0", "stretch": "2.3808e+05", "date": "2083-08-05.34", "dist": "44.133", "sigma_lov": "1.03363", "sigma_imp": "1.417", "ps": "-7.26"}, {"energy": "8.613e+00", "width": "1.4908e+01", "ip": "1.666e-09", "ts": "0", "stretch": "1.0466e+05", "date": "2079-08-05.02", "dist": "44.748", "sigma_lov": "1.26012", "sigma_imp": "2.935", "ps": "-8.30"}, {"energy": "1.210e+01", "width": "2.6446e+01", "ip": "5.389e-10", "ts": "0", "stretch": "6.0715e+05", "date": "2079-08-05.19", "dist": "70.310", "sigma_lov": "1.04951", "sigma_imp": "2.621", "ps": "-8.67"}, {"energy": "1.230e+01", "width": "6.5331e+01", "ip": "1.218e-09", "ts": "0", "stretch": "3.6386e+06", "date": "2075-08-04.97", "dist": "17.074", "sigma_lov": "1.03785", "sigma_imp": "0.246", "ps": "-8.28"}, {"energy": "1.454e+01", "width": "2.1617e+01", "ip": "9.614e-10", "ts": "0", "stretch": "5.1220e+05", "date": "2075-08-05.69", "dist": "56.612", "sigma_lov": "0.94358", "sigma_imp": "2.573", "ps": "-8.33"}, {"energy": "1.611e+01", "width": "1.7902e+01", "ip": "1.340e-09", "ts": "0", "stretch": "1.1116e+06", "date": "2093-08-04.71", "dist": "40.509", "sigma_lov": "0.88767", "sigma_imp": "2.207", "ps": "-8.26"}, {"energy": "1.258e+01", "width": "2.0192e+01", "ip": "7.528e-09", "ts": "0", "stretch": "1.6722e+05", "date": "2074-08-05.34", "dist": "44.979", "sigma_lov": "1.02524", "sigma_imp": "2.178", "ps": "-7.48"}, {"energy": "1.925e+01", "width": "2.3925e+01", "ip": "2.116e-08", "ts": "0", "stretch": "3.5557e+04", "date": "2071-08-06.37", "dist": "58.852", "sigma_lov": "0.79701", "sigma_imp": "2.418", "ps": "-6.86"}, {"energy": "1.246e+01", "width": "3.3741e+01", "ip": "5.600e-10", "ts": "0", "stretch": "3.5485e+06", "date": "2074-08-05.07", "dist": "58.527", "sigma_lov": "1.03094", "sigma_imp": "1.705", "ps": "-8.61"}, {"energy": "1.265e+01", "width": "1.9867e+01", "ip": "2.081e-10", "ts": "0", "stretch": "9.2849e+05", "date": "2070-08-05.21", "dist": "58.766", "sigma_lov": "1.02328", "sigma_imp": "2.908", "ps": "-9.00"}, {"energy": "1.265e+01", "width": "1.9611e+01", "ip": "2.609e-10", "ts": "0", "stretch": "6.4022e+05", "date": "2070-08-05.23", "dist": "59.055", "sigma_lov": "1.02259", "sigma_imp": "2.960", "ps": "-8.90"}, {"energy": "1.270e+01", "width": "1.8830e+01", "ip": "1.533e-10", "ts": "0", "stretch": "8.1682e+05", "date": "2070-08-05.26", "dist": "58.736", "sigma_lov": "1.02082", "sigma_imp": "3.066", "ps": "-9.13"}, {"energy": "1.207e+01", "width": "1.9274e+01", "ip": "1.180e-09", "ts": "0", "stretch": "2.8783e+04", "date": "2070-08-05.37", "dist": "67.415", "sigma_lov": "1.05101", "sigma_imp": "3.446", "ps": "-8.26"}, {"energy": "1.063e+00", "width": "2.6757e+00", "ip": "1.930e-09", "ts": "0", "stretch": "8.1044e+04", "date": "2070-07-29.57", "dist": "4.898", "sigma_lov": "3.33934", "sigma_imp": "1.457", "ps": "-8.89"}, {"energy": "1.164e+00", "width": "2.5632e+00", "ip": "2.728e-10", "ts": "0", "stretch": "7.0343e+04", "date": "2068-07-30.93", "dist": "7.539", "sigma_lov": "3.21255", "sigma_imp": "2.551", "ps": "-9.70"}, {"energy": "1.111e+01", "width": "1.5938e+01", "ip": "6.197e-09", "ts": "0", "stretch": "6.4953e+05", "date": "2068-08-04.17", "dist": "27.424", "sigma_lov": "1.09809", "sigma_imp": "1.658", "ps": "-7.56"}, {"energy": "1.231e+01", "width": "4.9884e+01", "ip": "3.234e-08", "ts": "0", "stretch": "1.4508e+05", "date": "2061-08-04.99", "dist": "35.116", "sigma_lov": "1.03721", "sigma_imp": "0.684", "ps": "-6.74"}, {"energy": "1.248e+01", "width": "3.0943e+01", "ip": "4.454e-09", "ts": "0", "stretch": "3.0770e+05", "date": "2061-08-05.10", "dist": "61.313", "sigma_lov": "1.03052", "sigma_imp": "1.949", "ps": "-7.59"}, {"energy": "1.005e+01", "width": "1.6902e+01", "ip": "4.160e-10", "ts": "0", "stretch": "2.0324e+05", "date": "2101-08-05.45", "dist": "54.612", "sigma_lov": "1.16029", "sigma_imp": "3.172", "ps": "-8.98"}, {"energy": "1.251e+01", "width": "2.5516e+01", "ip": "4.548e-09", "ts": "0", "stretch": "1.6199e+05", "date": "2061-08-05.09", "dist": "60.157", "sigma_lov": "1.02860", "sigma_imp": "2.318", "ps": "-7.58"}]}