{"summary": {"energy": "4.700e-01", "darc": "12.132 days", "ip": "6.929e-08", "h": "26.00", "nobs": "20", "mass": "1.33e+07", "v_inf": "13.17", "first_obs": "2017-Oct-16.23157", "method": "LOV", "pdate": "2017-10-28 07:50:50", "ndop": "0", "cdate": "2017-10-28 07:50:50", "ps_cum": "-7.88", "diameter": "2.1e-02", "ndel": "0", "v_imp": "17.25", "ps_max": "-7.88", "last_obs": "2017-Oct-28.3634", "fullname": "(2017 UZ)", "n_imp": "1", "ts_max": "0", "nsat": "0", "des": "2017 UZ"}, "signature": {"source": "NASA/JPL Sentry Data API", "version": "1.1"}, "data": [{"energy": "4.700e-01", "width": "2.6571e-02", "ip": "6.929e-08", "ts": "0", "stretch": "9.6021e+05", "date": "2113-10-14.24", "dist": "0.323", "sigma_lov": "-2.20141", "sigma_imp": "0.000", "ps": "-7.88"}]}