{"summary": {"energy": "6.716e-02", "darc": "2.0424 days", "ip": "9.354548e-06", "h": "27.25", "nobs": "17", "mass": "2.36e+06", "v_inf": "10.73", "first_obs": "2017-Oct-13.23998", "method": "LOV", "pdate": "2017-10-15 20:57:42", "ndop": "0", "cdate": "2017-10-15 20:57:42", "ps_cum": "-6.38", "diameter": "0.012", "ndel": "0", "v_imp": "15.47", "ps_max": "-6.92", "last_obs": "2017-Oct-15.28234", "fullname": "(2017 TA5)", "n_imp": "17", "ts_max": "0", "nsat": "0", "des": "2017 TA5"}, "signature": {"source": "NASA/JPL Sentry Data API", "version": "1.1"}, "data": [{"energy": "6.590e-02", "width": "2.3463e-02", "ip": "5.822e-07", "ts": "0", "stretch": "3.3779e+05", "date": "2117-10-08.59", "dist": "0.694", "sigma_lov": "-1.46287", "sigma_imp": "0.000", "ps": "-7.66"}, {"energy": "6.591e-02", "width": "2.3427e-02", "ip": "1.407e-06", "ts": "0", "stretch": "1.7945e+05", "date": "2117-10-08.59", "dist": "0.454", "sigma_lov": "-1.43746", "sigma_imp": "0.000", "ps": "-7.27"}, {"energy": "6.571e-02", "width": "2.3481e-02", "ip": "9.422e-07", "ts": "0", "stretch": "2.4089e+05", "date": "2117-10-08.58", "dist": "0.019", "sigma_lov": "-1.58448", "sigma_imp": "0.000", "ps": "-7.45"}, {"energy": "6.576e-02", "width": "2.3237e-02", "ip": "1.983e-06", "ts": "0", "stretch": "1.1697e+05", "date": "2117-10-08.58", "dist": "0.201", "sigma_lov": "-1.55764", "sigma_imp": "0.000", "ps": "-7.13"}, {"energy": "6.573e-02", "width": "2.4845e-02", "ip": "7.141e-08", "ts": "0", "stretch": "3.4022e+06", "date": "2115-10-09.06", "dist": "0.276", "sigma_lov": "-1.51523", "sigma_imp": "0.000", "ps": "-8.56"}, {"energy": "6.588e-02", "width": "2.3074e-02", "ip": "1.652e-07", "ts": "0", "stretch": "1.7087e+06", "date": "2117-10-08.57", "dist": "0.212", "sigma_lov": "-1.42437", "sigma_imp": "0.000", "ps": "-8.20"}, {"energy": "6.252e-02", "width": "6.9430e-03", "ip": "2.447e-08", "ts": "0", "stretch": "7.8647e+03", "date": "2113-10-08.56", "dist": "0.011", "sigma_lov": "-4.08025", "sigma_imp": "0.000", "ps": "-9.03"}, {"energy": "6.252e-02", "width": "9.4983e-03", "ip": "1.841e-08", "ts": "0", "stretch": "1.0812e+04", "date": "2113-10-08.56", "dist": "0.176", "sigma_lov": "-4.06805", "sigma_imp": "0.000", "ps": "-9.16"}, {"energy": "6.711e-02", "width": "2.2567e-02", "ip": "2.100e-07", "ts": "0", "stretch": "2.1808e+06", "date": "2103-10-09.09", "dist": "0.722", "sigma_lov": "-0.60819", "sigma_imp": "0.000", "ps": "-8.03"}, {"energy": "6.269e-02", "width": "8.0508e-03", "ip": "5.606e-09", "ts": "0", "stretch": "2.6778e+04", "date": "2099-10-08.10", "dist": "0.850", "sigma_lov": "-3.98310", "sigma_imp": "0.000", "ps": "-9.60"}, {"energy": "6.588e-02", "width": "2.0706e-02", "ip": "1.199e-06", "ts": "0", "stretch": "5.5577e+04", "date": "2098-10-07.89", "dist": "0.951", "sigma_lov": "-1.59539", "sigma_imp": "0.000", "ps": "-7.25"}, {"energy": "6.572e-02", "width": "2.0223e-02", "ip": "4.932e-09", "ts": "0", "stretch": "1.7432e+06", "date": "2098-10-07.84", "dist": "1.010", "sigma_lov": "-1.71354", "sigma_imp": "0.472", "ps": "-9.64"}, {"energy": "7.047e-02", "width": "1.3961e-02", "ip": "2.129e-06", "ts": "0", "stretch": "2.8526e+04", "date": "2088-10-07.32", "dist": "0.653", "sigma_lov": "2.14365", "sigma_imp": "0.000", "ps": "-6.92"}, {"energy": "7.055e-02", "width": "1.3590e-02", "ip": "3.989e-07", "ts": "0", "stretch": "1.0962e+05", "date": "2088-10-07.31", "dist": "0.794", "sigma_lov": "2.19332", "sigma_imp": "0.000", "ps": "-7.65"}, {"energy": "6.722e-02", "width": "2.0031e-02", "ip": "1.241e-07", "ts": "0", "stretch": "3.7392e+06", "date": "2085-10-07.64", "dist": "0.728", "sigma_lov": "-0.57204", "sigma_imp": "0.000", "ps": "-8.15"}, {"energy": "6.980e-02", "width": "1.5215e-02", "ip": "5.736e-08", "ts": "0", "stretch": "2.4042e+06", "date": "2083-10-08.11", "dist": "0.817", "sigma_lov": "1.55254", "sigma_imp": "0.000", "ps": "-8.46"}, {"energy": "7.121e-02", "width": "1.4300e-02", "ip": "3.176e-08", "ts": "0", "stretch": "1.1217e+06", "date": "2081-10-07.61", "dist": "0.106", "sigma_lov": "2.49154", "sigma_imp": "0.000", "ps": "-8.70"}]}