{"summary": {"energy": "1.827e-01", "darc": ".17584 days", "ip": "5.459969e-07", "h": "26.85", "nobs": "12", "mass": "4.63e+06", "v_inf": "13.93", "first_obs": "2017-Oct-21.24861", "method": "LOV", "pdate": "2017-12-15 11:06:04", "ndop": "0", "cdate": "2017-12-15 11:06:04", "ps_cum": "-6.61", "diameter": "0.0145404031964284", "ndel": "0", "v_imp": "17.84", "ps_max": "-6.92", "last_obs": "2017-Oct-21.42445", "fullname": "(2017 UK52)", "n_imp": "236", "ts_max": "0", "nsat": "0", "des": "2017 UK52"}, "signature": {"source": "NASA/JPL Sentry Data API", "version": "1.1"}, "data": [{"energy": "3.538e-01", "width": "2.6394e+02", "ip": "1.126e-08", "ts": "0", "stretch": "4.5614e+04", "date": "2019-04-29.82", "dist": "35.544", "sigma_lov": "1.94085", "sigma_imp": "0.131", "ps": "-6.92"}, {"energy": "4.479e-01", "width": "3.2550e+02", "ip": "2.598e-09", "ts": "0", "stretch": "1.1520e+05", "date": "2021-05-01.05", "dist": "49.422", "sigma_lov": "2.13319", "sigma_imp": "0.149", "ps": "-7.87"}, {"energy": "4.806e-01", "width": "3.4794e+02", "ip": "1.348e-09", "ts": "0", "stretch": "1.8484e+05", "date": "2023-05-02.21", "dist": "84.766", "sigma_lov": "2.18708", "sigma_imp": "0.241", "ps": "-8.33"}, {"energy": "2.588e-02", "width": "4.3224e+01", "ip": "1.506e-10", "ts": "0", "stretch": "1.6623e+04", "date": "2024-04-13.81", "dist": "136.579", "sigma_lov": "-2.62756", "sigma_imp": "3.137", "ps": "-10.4"}, {"energy": "4.984e-01", "width": "3.5808e+02", "ip": "9.084e-10", "ts": "0", "stretch": "2.5216e+05", "date": "2025-05-01.90", "dist": "97.981", "sigma_lov": "2.21256", "sigma_imp": "0.271", "ps": "-8.63"}, {"energy": "2.994e-01", "width": "2.1522e+02", "ip": "4.248e-09", "ts": "0", "stretch": "1.7913e+05", "date": "2026-04-28.56", "dist": "76.644", "sigma_lov": "1.78204", "sigma_imp": "0.351", "ps": "-8.19"}, {"energy": "5.094e-01", "width": "3.6551e+02", "ip": "6.953e-10", "ts": "0", "stretch": "3.1005e+05", "date": "2027-05-02.65", "dist": "115.292", "sigma_lov": "2.22733", "sigma_imp": "0.313", "ps": "-8.84"}, {"energy": "3.189e-02", "width": "2.9976e+02", "ip": "1.089e-09", "ts": "0", "stretch": "1.3799e+05", "date": "2028-10-16.08", "dist": "163.928", "sigma_lov": "-2.12652", "sigma_imp": "0.544", "ps": "-9.67"}, {"energy": "3.186e-02", "width": "6.4403e+01", "ip": "1.190e-09", "ts": "0", "stretch": "4.6862e+04", "date": "2028-10-16.18", "dist": "149.381", "sigma_lov": "-2.12136", "sigma_imp": "2.304", "ps": "-9.63"}, {"energy": "9.628e-02", "width": "5.4293e+01", "ip": "1.832e-10", "ts": "0", "stretch": "9.2096e+04", "date": "2029-04-22.65", "dist": "192.764", "sigma_lov": "-0.02547", "sigma_imp": "3.532", "ps": "-10.1"}, {"energy": "5.171e-01", "width": "3.7081e+02", "ip": "5.712e-10", "ts": "0", "stretch": "3.6212e+05", "date": "2029-05-02.32", "dist": "124.951", "sigma_lov": "2.23782", "sigma_imp": "0.334", "ps": "-9.01"}, {"energy": "3.553e-01", "width": "2.7201e+02", "ip": "5.023e-10", "ts": "0", "stretch": "9.8905e+05", "date": "2030-04-29.64", "dist": "29.831", "sigma_lov": "1.94498", "sigma_imp": "0.106", "ps": "-9.23"}, {"energy": "3.610e-01", "width": "2.5706e+02", "ip": "2.158e-09", "ts": "0", "stretch": "2.3846e+05", "date": "2030-04-29.75", "dist": "24.993", "sigma_lov": "1.95891", "sigma_imp": "0.093", "ps": "-8.59"}, {"energy": "5.212e-01", "width": "3.7286e+02", "ip": "3.808e-10", "ts": "0", "stretch": "5.3195e+05", "date": "2031-05-02.84", "dist": "128.894", "sigma_lov": "2.24430", "sigma_imp": "0.343", "ps": "-9.25"}, {"energy": "1.955e-01", "width": "2.9319e+02", "ip": "2.848e-09", "ts": "0", "stretch": "1.7092e+05", "date": "2031-05-03.65", "dist": "97.292", "sigma_lov": "1.54924", "sigma_imp": "0.328", "ps": "-8.72"}, {"energy": "4.451e-02", "width": "1.3070e+02", "ip": "3.742e-09", "ts": "0", "stretch": "1.7714e+05", "date": "2031-10-16.77", "dist": "161.624", "sigma_lov": "-1.40703", "sigma_imp": "1.229", "ps": "-9.13"}, {"energy": "4.441e-02", "width": "2.9391e+02", "ip": "1.548e-09", "ts": "0", "stretch": "3.5596e+05", "date": "2031-10-16.79", "dist": "153.173", "sigma_lov": "-1.40946", "sigma_imp": "0.518", "ps": "-9.51"}, {"energy": "1.001e-01", "width": "5.5605e+01", "ip": "1.384e-10", "ts": "0", "stretch": "2.6327e+05", "date": "2032-04-22.71", "dist": "184.555", "sigma_lov": "0.03242", "sigma_imp": "3.301", "ps": "-10.3"}, {"energy": "2.936e-01", "width": "2.1118e+02", "ip": "2.586e-09", "ts": "0", "stretch": "3.0779e+05", "date": "2033-04-28.30", "dist": "77.324", "sigma_lov": "1.76155", "sigma_imp": "0.361", "ps": "-8.68"}, {"energy": "5.249e-01", "width": "3.7546e+02", "ip": "3.780e-10", "ts": "0", "stretch": "5.2601e+05", "date": "2033-05-02.39", "dist": "133.054", "sigma_lov": "2.24881", "sigma_imp": "0.352", "ps": "-9.31"}, {"energy": "4.004e-01", "width": "2.8737e+02", "ip": "8.650e-10", "ts": "0", "stretch": "4.6138e+05", "date": "2034-04-30.60", "dist": "13.090", "sigma_lov": "2.04643", "sigma_imp": "0.042", "ps": "-9.07"}, {"energy": "3.150e-01", "width": "2.2624e+02", "ip": "1.977e-09", "ts": "0", "stretch": "3.4979e+05", "date": "2035-04-29.28", "dist": "58.981", "sigma_lov": "1.83289", "sigma_imp": "0.256", "ps": "-8.82"}, {"energy": "4.139e-01", "width": "2.9730e+02", "ip": "7.043e-10", "ts": "0", "stretch": "5.2075e+05", "date": "2036-04-30.36", "dist": "25.813", "sigma_lov": "2.07410", "sigma_imp": "0.083", "ps": "-9.20"}, {"energy": "3.339e-01", "width": "2.3776e+02", "ip": "6.686e-09", "ts": "0", "stretch": "9.2147e+04", "date": "2037-04-29.14", "dist": "41.802", "sigma_lov": "1.88811", "sigma_imp": "0.172", "ps": "-8.32"}, {"energy": "3.345e-01", "width": "2.3755e+02", "ip": "4.550e-09", "ts": "0", "stretch": "1.3522e+05", "date": "2037-04-29.14", "dist": "41.929", "sigma_lov": "1.88946", "sigma_imp": "0.172", "ps": "-8.49"}, {"energy": "5.311e-01", "width": "3.7847e+02", "ip": "3.334e-10", "ts": "0", "stretch": "5.8195e+05", "date": "2037-05-02.46", "dist": "137.331", "sigma_lov": "2.25579", "sigma_imp": "0.360", "ps": "-9.46"}, {"energy": "4.089e-02", "width": "6.4412e+02", "ip": "1.850e-10", "ts": "0", "stretch": "1.2025e+06", "date": "2038-04-17.04", "dist": "169.160", "sigma_lov": "-1.56021", "sigma_imp": "0.261", "ps": "-10.6"}, {"energy": "1.036e-01", "width": "6.4535e+01", "ip": "7.653e-10", "ts": "0", "stretch": "1.7550e+05", "date": "2038-04-23.50", "dist": "183.711", "sigma_lov": "0.08252", "sigma_imp": "2.831", "ps": "-9.69"}, {"energy": "4.274e-01", "width": "3.0488e+02", "ip": "6.083e-10", "ts": "0", "stretch": "5.6284e+05", "date": "2038-05-01.04", "dist": "38.752", "sigma_lov": "2.09650", "sigma_imp": "0.124", "ps": "-9.30"}, {"energy": "5.318e-01", "width": "3.8117e+02", "ip": "3.368e-10", "ts": "0", "stretch": "5.6402e+05", "date": "2039-05-03.09", "dist": "147.322", "sigma_lov": "2.25840", "sigma_imp": "0.384", "ps": "-9.50"}, {"energy": "2.908e-01", "width": "2.0953e+02", "ip": "2.485e-09", "ts": "0", "stretch": "3.2935e+05", "date": "2040-04-28.16", "dist": "72.663", "sigma_lov": "1.75217", "sigma_imp": "0.342", "ps": "-8.86"}, {"energy": "4.369e-01", "width": "3.1209e+02", "ip": "4.891e-10", "ts": "0", "stretch": "6.5781e+05", "date": "2040-04-30.85", "dist": "54.882", "sigma_lov": "2.11421", "sigma_imp": "0.173", "ps": "-9.43"}, {"energy": "1.053e-01", "width": "6.8311e+01", "ip": "1.771e-09", "ts": "0", "stretch": "1.2209e+05", "date": "2041-04-23.45", "dist": "181.151", "sigma_lov": "0.11055", "sigma_imp": "2.637", "ps": "-9.38"}, {"energy": "5.340e-01", "width": "3.8320e+02", "ip": "3.474e-10", "ts": "0", "stretch": "5.4028e+05", "date": "2041-05-02.64", "dist": "149.985", "sigma_lov": "2.26100", "sigma_imp": "0.389", "ps": "-9.52"}, {"energy": "3.060e-01", "width": "2.2044e+02", "ip": "1.464e-09", "ts": "0", "stretch": "5.0229e+05", "date": "2042-04-28.86", "dist": "61.563", "sigma_lov": "1.80570", "sigma_imp": "0.275", "ps": "-9.11"}, {"energy": "3.985e-02", "width": "3.9325e+02", "ip": "3.668e-10", "ts": "0", "stretch": "8.8527e+05", "date": "2042-10-16.29", "dist": "111.160", "sigma_lov": "-1.62918", "sigma_imp": "0.280", "ps": "-10.4"}, {"energy": "5.371e-01", "width": "3.8330e+02", "ip": "3.836e-10", "ts": "0", "stretch": "4.8709e+05", "date": "2043-05-03.11", "dist": "149.665", "sigma_lov": "2.26337", "sigma_imp": "0.388", "ps": "-9.51"}, {"energy": "1.062e-01", "width": "6.6626e+01", "ip": "4.931e-10", "ts": "0", "stretch": "4.3288e+05", "date": "2044-04-23.22", "dist": "177.602", "sigma_lov": "0.12046", "sigma_imp": "2.651", "ps": "-9.98"}, {"energy": "3.210e-01", "width": "2.2870e+02", "ip": "7.831e-10", "ts": "0", "stretch": "8.5824e+05", "date": "2044-04-28.65", "dist": "49.816", "sigma_lov": "1.85147", "sigma_imp": "0.213", "ps": "-9.40"}, {"energy": "4.036e-02", "width": "7.4543e+01", "ip": "6.057e-10", "ts": "0", "stretch": "2.4779e+05", "date": "2045-04-16.57", "dist": "167.263", "sigma_lov": "-1.60283", "sigma_imp": "2.230", "ps": "-10.2"}, {"energy": "2.771e-01", "width": "1.9982e+02", "ip": "2.042e-09", "ts": "0", "stretch": "4.3943e+05", "date": "2045-04-28.05", "dist": "82.899", "sigma_lov": "1.70164", "sigma_imp": "0.410", "ps": "-9.05"}, {"energy": "3.855e-01", "width": "2.7582e+02", "ip": "9.504e-10", "ts": "0", "stretch": "4.6202e+05", "date": "2045-04-30.08", "dist": "2.219", "sigma_lov": "2.01498", "sigma_imp": "0.004", "ps": "-9.27"}, {"energy": "5.378e-01", "width": "3.8424e+02", "ip": "3.210e-10", "ts": "0", "stretch": "5.7670e+05", "date": "2045-05-02.65", "dist": "152.691", "sigma_lov": "2.26552", "sigma_imp": "0.395", "ps": "-9.62"}, {"energy": "1.306e-01", "width": "1.1030e+02", "ip": "5.547e-09", "ts": "0", "stretch": "3.2215e+05", "date": "2046-04-25.93", "dist": "142.313", "sigma_lov": "0.44403", "sigma_imp": "1.281", "ps": "-8.89"}, {"energy": "4.587e-01", "width": "3.2757e+02", "ip": "3.471e-10", "ts": "0", "stretch": "8.1647e+05", "date": "2046-05-01.70", "dist": "75.895", "sigma_lov": "2.15136", "sigma_imp": "0.229", "ps": "-9.66"}, {"energy": "1.068e-01", "width": "7.1577e+01", "ip": "1.450e-09", "ts": "0", "stretch": "2.3514e+05", "date": "2047-04-24.08", "dist": "175.664", "sigma_lov": "0.13244", "sigma_imp": "2.440", "ps": "-9.56"}, {"energy": "2.889e-01", "width": "2.0985e+02", "ip": "2.007e-09", "ts": "0", "stretch": "4.1267e+05", "date": "2047-04-28.95", "dist": "69.192", "sigma_lov": "1.74688", "sigma_imp": "0.325", "ps": "-9.07"}, {"energy": "5.383e-01", "width": "3.8552e+02", "ip": "2.295e-10", "ts": "0", "stretch": "7.9893e+05", "date": "2047-05-03.22", "dist": "156.581", "sigma_lov": "2.26697", "sigma_imp": "0.404", "ps": "-9.80"}, {"energy": "3.455e-01", "width": "2.4076e+02", "ip": "7.703e-10", "ts": "0", "stretch": "7.5892e+05", "date": "2048-04-29.23", "dist": "26.380", "sigma_lov": "1.91952", "sigma_imp": "0.105", "ps": "-9.44"}, {"energy": "4.635e-01", "width": "3.3167e+02", "ip": "3.273e-10", "ts": "0", "stretch": "8.4133e+05", "date": "2048-05-01.31", "dist": "80.696", "sigma_lov": "2.15886", "sigma_imp": "0.240", "ps": "-9.71"}, {"energy": "1.296e-01", "width": "1.0662e+02", "ip": "2.474e-09", "ts": "0", "stretch": "6.8313e+05", "date": "2049-04-25.53", "dist": "145.312", "sigma_lov": "0.42882", "sigma_imp": "1.353", "ps": "-9.29"}, {"energy": "3.035e-01", "width": "2.1533e+02", "ip": "9.822e-10", "ts": "0", "stretch": "7.7343e+05", "date": "2049-04-28.48", "dist": "64.943", "sigma_lov": "1.79519", "sigma_imp": "0.297", "ps": "-9.40"}, {"energy": "1.666e-01", "width": "2.2983e+02", "ip": "1.936e-09", "ts": "0", "stretch": "4.6416e+05", "date": "2049-05-01.07", "dist": "14.736", "sigma_lov": "1.32882", "sigma_imp": "0.060", "ps": "-9.31"}, {"energy": "4.391e-02", "width": "1.3101e+02", "ip": "6.706e-10", "ts": "0", "stretch": "9.0622e+05", "date": "2049-10-17.12", "dist": "169.070", "sigma_lov": "-1.41872", "sigma_imp": "1.283", "ps": "-10.2"}, {"energy": "4.398e-02", "width": "3.4491e+02", "ip": "3.381e-10", "ts": "0", "stretch": "1.4138e+06", "date": "2049-10-17.19", "dist": "160.240", "sigma_lov": "-1.41656", "sigma_imp": "0.462", "ps": "-10.5"}, {"energy": "1.073e-01", "width": "6.7990e+01", "ip": "7.798e-10", "ts": "0", "stretch": "3.6007e+05", "date": "2050-04-23.84", "dist": "173.500", "sigma_lov": "0.13822", "sigma_imp": "2.537", "ps": "-9.87"}, {"energy": "4.685e-01", "width": "3.3481e+02", "ip": "3.044e-10", "ts": "0", "stretch": "8.7961e+05", "date": "2050-05-01.87", "dist": "87.176", "sigma_lov": "2.16663", "sigma_imp": "0.257", "ps": "-9.77"}, {"energy": "3.133e-01", "width": "2.2540e+02", "ip": "1.285e-09", "ts": "0", "stretch": "5.4946e+05", "date": "2051-04-29.39", "dist": "50.965", "sigma_lov": "1.82720", "sigma_imp": "0.222", "ps": "-9.29"}, {"energy": "5.407e-01", "width": "3.8722e+02", "ip": "3.828e-10", "ts": "0", "stretch": "4.7240e+05", "date": "2051-05-03.24", "dist": "162.709", "sigma_lov": "2.26881", "sigma_imp": "0.418", "ps": "-9.63"}, {"energy": "1.274e-01", "width": "1.0528e+02", "ip": "1.005e-08", "ts": "0", "stretch": "1.6107e+05", "date": "2052-04-25.25", "dist": "148.539", "sigma_lov": "0.40193", "sigma_imp": "1.401", "ps": "-8.73"}, {"energy": "2.786e-01", "width": "2.0121e+02", "ip": "6.750e-10", "ts": "0", "stretch": "1.3325e+06", "date": "2052-04-27.91", "dist": "74.867", "sigma_lov": "1.70724", "sigma_imp": "0.367", "ps": "-9.63"}, {"energy": "1.635e-01", "width": "2.2401e+02", "ip": "4.330e-09", "ts": "0", "stretch": "2.2371e+05", "date": "2052-04-30.64", "dist": "6.195", "sigma_lov": "1.29238", "sigma_imp": "0.023", "ps": "-9.01"}, {"energy": "4.737e-01", "width": "3.3954e+02", "ip": "4.370e-10", "ts": "0", "stretch": "5.9012e+05", "date": "2052-05-01.57", "dist": "96.476", "sigma_lov": "2.17592", "sigma_imp": "0.281", "ps": "-9.63"}, {"energy": "1.076e-01", "width": "7.0789e+01", "ip": "1.972e-09", "ts": "0", "stretch": "1.7030e+05", "date": "2053-04-23.69", "dist": "174.418", "sigma_lov": "0.14480", "sigma_imp": "2.450", "ps": "-9.51"}, {"energy": "3.228e-01", "width": "2.3253e+02", "ip": "8.404e-10", "ts": "0", "stretch": "7.8549e+05", "date": "2053-04-29.08", "dist": "41.571", "sigma_lov": "1.85740", "sigma_imp": "0.174", "ps": "-9.49"}, {"energy": "4.177e-01", "width": "3.0087e+02", "ip": "4.418e-10", "ts": "0", "stretch": "8.0715e+05", "date": "2053-04-30.81", "dist": "40.856", "sigma_lov": "2.08022", "sigma_imp": "0.132", "ps": "-9.68"}, {"energy": "4.089e-02", "width": "9.9711e+01", "ip": "1.459e-10", "ts": "0", "stretch": "2.3681e+06", "date": "2053-10-17.46", "dist": "170.299", "sigma_lov": "-1.56112", "sigma_imp": "1.698", "ps": "-11.0"}, {"energy": "3.717e-01", "width": "2.6605e+02", "ip": "6.328e-10", "ts": "0", "stretch": "7.5822e+05", "date": "2054-04-30.16", "dist": "5.868", "sigma_lov": "1.98331", "sigma_imp": "0.018", "ps": "-9.58"}, {"energy": "1.918e-01", "width": "2.8360e+02", "ip": "1.614e-09", "ts": "0", "stretch": "3.2242e+05", "date": "2054-05-03.33", "dist": "92.627", "sigma_lov": "1.52861", "sigma_imp": "0.323", "ps": "-9.40"}, {"energy": "1.256e-01", "width": "1.0049e+02", "ip": "3.300e-09", "ts": "0", "stretch": "4.8367e+05", "date": "2055-04-25.83", "dist": "146.644", "sigma_lov": "0.37985", "sigma_imp": "1.449", "ps": "-9.25"}, {"energy": "1.602e-01", "width": "2.1356e+02", "ip": "2.546e-09", "ts": "0", "stretch": "4.2267e+05", "date": "2055-05-01.06", "dist": "2.803", "sigma_lov": "1.24732", "sigma_imp": "0.008", "ps": "-9.28"}, {"energy": "5.408e-01", "width": "3.8910e+02", "ip": "2.023e-10", "ts": "0", "stretch": "8.8834e+05", "date": "2055-05-03.22", "dist": "162.363", "sigma_lov": "2.27020", "sigma_imp": "0.415", "ps": "-9.96"}, {"energy": "1.079e-01", "width": "7.0037e+01", "ip": "1.498e-09", "ts": "0", "stretch": "2.2282e+05", "date": "2056-04-23.46", "dist": "173.041", "sigma_lov": "0.14627", "sigma_imp": "2.456", "ps": "-9.66"}, {"energy": "1.079e-01", "width": "6.4618e+01", "ip": "6.179e-09", "ts": "0", "stretch": "3.3542e+04", "date": "2056-04-23.49", "dist": "173.607", "sigma_lov": "0.14805", "sigma_imp": "2.671", "ps": "-9.04"}, {"energy": "3.797e-01", "width": "2.7321e+02", "ip": "5.624e-10", "ts": "0", "stretch": "8.0597e+05", "date": "2056-04-29.84", "dist": "2.180", "sigma_lov": "2.00168", "sigma_imp": "0.004", "ps": "-9.65"}, {"energy": "1.247e-01", "width": "1.0225e+02", "ip": "8.102e-09", "ts": "0", "stretch": "1.9419e+05", "date": "2058-04-25.58", "dist": "149.252", "sigma_lov": "0.37073", "sigma_imp": "1.450", "ps": "-8.90"}, {"energy": "3.080e-01", "width": "2.2176e+02", "ip": "5.386e-10", "ts": "0", "stretch": "1.3583e+06", "date": "2058-04-29.04", "dist": "52.820", "sigma_lov": "1.81241", "sigma_imp": "0.234", "ps": "-9.76"}, {"energy": "1.078e-01", "width": "7.1683e+01", "ip": "2.869e-10", "ts": "0", "stretch": "1.3356e+06", "date": "2059-04-24.27", "dist": "172.373", "sigma_lov": "0.14645", "sigma_imp": "2.391", "ps": "-10.4"}, {"energy": "1.079e-01", "width": "6.5292e+01", "ip": "3.427e-10", "ts": "0", "stretch": "6.7100e+05", "date": "2059-04-24.27", "dist": "172.621", "sigma_lov": "0.14721", "sigma_imp": "2.629", "ps": "-10.3"}, {"energy": "1.082e-01", "width": "7.0551e+01", "ip": "8.391e-10", "ts": "0", "stretch": "3.9939e+05", "date": "2059-04-24.30", "dist": "173.966", "sigma_lov": "0.15169", "sigma_imp": "2.452", "ps": "-9.94"}, {"energy": "2.794e-01", "width": "2.0216e+02", "ip": "8.396e-10", "ts": "0", "stretch": "1.0715e+06", "date": "2059-04-28.72", "dist": "70.543", "sigma_lov": "1.70974", "sigma_imp": "0.344", "ps": "-9.61"}, {"energy": "3.182e-01", "width": "2.2855e+02", "ip": "9.615e-10", "ts": "0", "stretch": "7.0968e+05", "date": "2060-04-28.67", "dist": "48.387", "sigma_lov": "1.84273", "sigma_imp": "0.207", "ps": "-9.52"}, {"energy": "3.923e-01", "width": "2.8282e+02", "ip": "5.081e-10", "ts": "0", "stretch": "8.2055e+05", "date": "2060-04-30.13", "dist": "15.314", "sigma_lov": "2.02992", "sigma_imp": "0.051", "ps": "-9.72"}, {"energy": "4.854e-01", "width": "3.4630e+02", "ip": "1.368e-10", "ts": "0", "stretch": "1.7670e+06", "date": "2060-05-01.73", "dist": "112.088", "sigma_lov": "2.19364", "sigma_imp": "0.321", "ps": "-10.2"}, {"energy": "1.239e-01", "width": "9.6514e+01", "ip": "1.789e-09", "ts": "0", "stretch": "8.2560e+05", "date": "2061-04-25.24", "dist": "148.928", "sigma_lov": "0.35927", "sigma_imp": "1.533", "ps": "-9.59"}, {"energy": "1.569e-01", "width": "2.0473e+02", "ip": "2.443e-09", "ts": "0", "stretch": "4.8762e+05", "date": "2061-04-30.20", "dist": "15.982", "sigma_lov": "1.19622", "sigma_imp": "0.073", "ps": "-9.37"}, {"energy": "4.412e-01", "width": "3.1164e+02", "ip": "4.985e-10", "ts": "0", "stretch": "6.3438e+05", "date": "2061-05-01.23", "dist": "64.442", "sigma_lov": "2.12128", "sigma_imp": "0.204", "ps": "-9.70"}, {"energy": "1.099e-01", "width": "7.4474e+01", "ip": "1.016e-07", "ts": "0", "stretch": "3.8835e+03", "date": "2062-04-24.07", "dist": "176.830", "sigma_lov": "0.17533", "sigma_imp": "2.361", "ps": "-7.88"}, {"energy": "4.893e-01", "width": "3.4714e+02", "ip": "1.924e-10", "ts": "0", "stretch": "1.2399e+06", "date": "2062-05-02.32", "dist": "117.529", "sigma_lov": "2.19674", "sigma_imp": "0.336", "ps": "-10.1"}, {"energy": "1.554e-01", "width": "1.9869e+02", "ip": "1.639e-09", "ts": "0", "stretch": "7.7312e+05", "date": "2064-04-29.88", "dist": "17.507", "sigma_lov": "1.16833", "sigma_imp": "0.083", "ps": "-9.58"}, {"energy": "4.048e-01", "width": "2.9084e+02", "ip": "5.241e-10", "ts": "0", "stretch": "7.3716e+05", "date": "2064-04-30.38", "dist": "34.211", "sigma_lov": "2.05495", "sigma_imp": "0.114", "ps": "-9.74"}, {"energy": "4.917e-01", "width": "3.5289e+02", "ip": "4.059e-10", "ts": "0", "stretch": "5.7055e+05", "date": "2064-05-01.97", "dist": "122.388", "sigma_lov": "2.20239", "sigma_imp": "0.344", "ps": "-9.78"}, {"energy": "1.098e-01", "width": "7.5165e+01", "ip": "7.950e-10", "ts": "0", "stretch": "5.3200e+05", "date": "2065-04-23.85", "dist": "175.975", "sigma_lov": "0.17255", "sigma_imp": "2.328", "ps": "-10.0"}, {"energy": "1.104e-01", "width": "7.7131e+01", "ip": "4.464e-09", "ts": "0", "stretch": "1.0589e+05", "date": "2065-04-23.86", "dist": "175.949", "sigma_lov": "0.18170", "sigma_imp": "2.268", "ps": "-9.27"}, {"energy": "1.106e-01", "width": "7.6940e+01", "ip": "9.851e-09", "ts": "0", "stretch": "4.7559e+04", "date": "2065-04-23.86", "dist": "175.878", "sigma_lov": "0.18525", "sigma_imp": "2.273", "ps": "-8.92"}, {"energy": "1.116e-01", "width": "7.8752e+01", "ip": "1.882e-08", "ts": "0", "stretch": "2.7715e+04", "date": "2065-04-23.87", "dist": "175.364", "sigma_lov": "0.19869", "sigma_imp": "2.214", "ps": "-8.64"}, {"energy": "1.137e-01", "width": "8.3143e+01", "ip": "6.093e-09", "ts": "0", "stretch": "1.1420e+05", "date": "2065-04-23.88", "dist": "171.641", "sigma_lov": "0.22746", "sigma_imp": "2.052", "ps": "-9.12"}, {"energy": "3.062e-01", "width": "2.2202e+02", "ip": "3.154e-10", "ts": "0", "stretch": "2.3426e+06", "date": "2065-04-28.78", "dist": "53.522", "sigma_lov": "1.80452", "sigma_imp": "0.237", "ps": "-10.1"}, {"energy": "3.049e-01", "width": "2.1913e+02", "ip": "9.920e-10", "ts": "0", "stretch": "7.6062e+05", "date": "2065-04-28.80", "dist": "51.958", "sigma_lov": "1.79970", "sigma_imp": "0.233", "ps": "-9.57"}, {"energy": "3.694e-01", "width": "2.6550e+02", "ip": "6.851e-10", "ts": "0", "stretch": "7.0766e+05", "date": "2065-04-29.97", "dist": "2.581", "sigma_lov": "1.97839", "sigma_imp": "0.006", "ps": "-9.66"}, {"energy": "2.798e-01", "width": "2.0226e+02", "ip": "7.290e-10", "ts": "0", "stretch": "1.2350e+06", "date": "2066-04-28.54", "dist": "68.402", "sigma_lov": "1.71148", "sigma_imp": "0.333", "ps": "-9.74"}, {"energy": "4.101e-01", "width": "2.9637e+02", "ip": "1.247e-10", "ts": "0", "stretch": "2.9757e+06", "date": "2066-05-01.03", "dist": "39.667", "sigma_lov": "2.06628", "sigma_imp": "0.130", "ps": "-10.4"}, {"energy": "4.091e-01", "width": "2.9465e+02", "ip": "2.912e-10", "ts": "0", "stretch": "1.2855e+06", "date": "2066-05-01.04", "dist": "39.756", "sigma_lov": "2.06429", "sigma_imp": "0.132", "ps": "-10.0"}, {"energy": "3.112e-01", "width": "2.2648e+02", "ip": "2.506e-09", "ts": "0", "stretch": "2.8473e+05", "date": "2067-04-29.52", "dist": "44.416", "sigma_lov": "1.81990", "sigma_imp": "0.192", "ps": "-9.18"}, {"energy": "3.114e-01", "width": "2.2648e+02", "ip": "2.506e-09", "ts": "0", "stretch": "2.8473e+05", "date": "2067-04-29.52", "dist": "44.416", "sigma_lov": "1.82118", "sigma_imp": "0.192", "ps": "-9.18"}, {"energy": "3.757e-01", "width": "2.7002e+02", "ip": "2.505e-10", "ts": "0", "stretch": "1.8593e+06", "date": "2067-04-30.52", "dist": "1.468", "sigma_lov": "1.99245", "sigma_imp": "0.002", "ps": "-10.1"}, {"energy": "3.509e-01", "width": "2.7857e+02", "ip": "1.919e-09", "ts": "0", "stretch": "2.5909e+05", "date": "2068-04-29.50", "dist": "10.331", "sigma_lov": "1.93285", "sigma_imp": "0.033", "ps": "-9.26"}, {"energy": "9.954e-02", "width": "5.5610e+01", "ip": "5.262e-10", "ts": "0", "stretch": "8.8908e+04", "date": "2069-04-23.18", "dist": "180.344", "sigma_lov": "0.02588", "sigma_imp": "3.225", "ps": "-10.3"}, {"energy": "4.542e-01", "width": "3.2457e+02", "ip": "3.836e-10", "ts": "0", "stretch": "7.4975e+05", "date": "2069-05-01.54", "dist": "84.567", "sigma_lov": "2.14445", "sigma_imp": "0.257", "ps": "-9.88"}, {"energy": "1.233e-01", "width": "9.6202e+01", "ip": "1.149e-09", "ts": "0", "stretch": "1.3357e+06", "date": "2070-04-25.58", "dist": "146.347", "sigma_lov": "0.35347", "sigma_imp": "1.511", "ps": "-9.86"}, {"energy": "2.966e-01", "width": "2.1031e+02", "ip": "1.051e-09", "ts": "0", "stretch": "7.7290e+05", "date": "2070-04-28.98", "dist": "55.657", "sigma_lov": "1.77268", "sigma_imp": "0.260", "ps": "-9.60"}, {"energy": "2.986e-01", "width": "2.1496e+02", "ip": "2.550e-10", "ts": "0", "stretch": "3.0957e+06", "date": "2070-04-29.01", "dist": "54.057", "sigma_lov": "1.77960", "sigma_imp": "0.247", "ps": "-10.2"}, {"energy": "4.188e-01", "width": "3.0233e+02", "ip": "8.021e-10", "ts": "0", "stretch": "4.3816e+05", "date": "2070-05-01.24", "dist": "51.427", "sigma_lov": "2.08149", "sigma_imp": "0.167", "ps": "-9.59"}, {"energy": "4.193e-01", "width": "3.0233e+02", "ip": "8.021e-10", "ts": "0", "stretch": "4.3816e+05", "date": "2070-05-01.24", "dist": "51.427", "sigma_lov": "2.08271", "sigma_imp": "0.167", "ps": "-9.59"}, {"energy": "3.258e-01", "width": "2.3581e+02", "ip": "7.196e-10", "ts": "0", "stretch": "8.9928e+05", "date": "2071-04-29.77", "dist": "31.655", "sigma_lov": "1.86578", "sigma_imp": "0.130", "ps": "-9.74"}, {"energy": "4.221e-01", "width": "3.0093e+02", "ip": "7.287e-10", "ts": "0", "stretch": "4.7786e+05", "date": "2072-04-30.90", "dist": "58.003", "sigma_lov": "2.08835", "sigma_imp": "0.189", "ps": "-9.65"}, {"energy": "1.206e-01", "width": "9.3455e+01", "ip": "6.095e-09", "ts": "0", "stretch": "2.2124e+05", "date": "2073-04-25.17", "dist": "152.352", "sigma_lov": "0.31409", "sigma_imp": "1.620", "ps": "-9.17"}, {"energy": "2.809e-01", "width": "2.0217e+02", "ip": "1.688e-09", "ts": "0", "stretch": "5.3185e+05", "date": "2073-04-28.32", "dist": "69.561", "sigma_lov": "1.71262", "sigma_imp": "0.339", "ps": "-9.43"}, {"energy": "4.618e-01", "width": "3.3095e+02", "ip": "3.284e-10", "ts": "0", "stretch": "8.3915e+05", "date": "2073-05-01.62", "dist": "91.202", "sigma_lov": "2.15504", "sigma_imp": "0.273", "ps": "-9.97"}, {"energy": "3.093e-01", "width": "2.2344e+02", "ip": "5.635e-10", "ts": "0", "stretch": "1.2932e+06", "date": "2074-04-29.08", "dist": "46.032", "sigma_lov": "1.81472", "sigma_imp": "0.202", "ps": "-9.88"}, {"energy": "3.088e-01", "width": "2.2254e+02", "ip": "1.589e-10", "ts": "0", "stretch": "4.6122e+06", "date": "2074-04-29.10", "dist": "47.233", "sigma_lov": "1.81282", "sigma_imp": "0.208", "ps": "-10.4"}, {"energy": "3.388e-01", "width": "2.4052e+02", "ip": "4.057e-10", "ts": "0", "stretch": "1.4879e+06", "date": "2075-04-30.03", "dist": "18.409", "sigma_lov": "1.90177", "sigma_imp": "0.072", "ps": "-10.0"}, {"energy": "3.967e-01", "width": "2.8562e+02", "ip": "8.926e-10", "ts": "0", "stretch": "4.5398e+05", "date": "2075-05-01.10", "dist": "32.891", "sigma_lov": "2.03785", "sigma_imp": "0.112", "ps": "-9.61"}, {"energy": "1.199e-01", "width": "9.2661e+01", "ip": "2.078e-09", "ts": "0", "stretch": "6.8523e+05", "date": "2076-04-24.96", "dist": "148.572", "sigma_lov": "0.30640", "sigma_imp": "1.593", "ps": "-9.66"}, {"energy": "3.178e-01", "width": "2.2966e+02", "ip": "2.622e-10", "ts": "0", "stretch": "2.6117e+06", "date": "2076-04-28.85", "dist": "40.114", "sigma_lov": "1.84183", "sigma_imp": "0.170", "ps": "-10.2"}, {"energy": "4.305e-01", "width": "3.1006e+02", "ip": "7.719e-10", "ts": "0", "stretch": "4.2411e+05", "date": "2076-05-01.03", "dist": "67.412", "sigma_lov": "2.10348", "sigma_imp": "0.214", "ps": "-9.65"}, {"energy": "4.311e-01", "width": "3.1175e+02", "ip": "1.772e-09", "ts": "0", "stretch": "1.8363e+05", "date": "2076-05-01.03", "dist": "67.185", "sigma_lov": "2.10412", "sigma_imp": "0.212", "ps": "-9.29"}, {"energy": "5.000e-01", "width": "3.5959e+02", "ip": "1.155e-10", "ts": "0", "stretch": "1.8925e+06", "date": "2076-05-02.24", "dist": "141.264", "sigma_lov": "2.21427", "sigma_imp": "0.390", "ps": "-10.4"}, {"energy": "2.754e-01", "width": "2.0176e+02", "ip": "2.303e-09", "ts": "0", "stretch": "4.0113e+05", "date": "2078-04-28.61", "dist": "68.643", "sigma_lov": "1.69409", "sigma_imp": "0.335", "ps": "-9.34"}, {"energy": "2.749e-01", "width": "2.0287e+02", "ip": "4.178e-10", "ts": "0", "stretch": "2.2153e+06", "date": "2078-04-28.62", "dist": "66.307", "sigma_lov": "1.69193", "sigma_imp": "0.322", "ps": "-10.1"}, {"energy": "5.071e-01", "width": "3.5140e+02", "ip": "2.474e-09", "ts": "0", "stretch": "8.7961e+04", "date": "2078-05-02.81", "dist": "146.825", "sigma_lov": "2.22339", "sigma_imp": "0.415", "ps": "-9.10"}, {"energy": "5.070e-01", "width": "3.7223e+02", "ip": "1.847e-09", "ts": "0", "stretch": "1.1208e+05", "date": "2078-05-02.82", "dist": "147.167", "sigma_lov": "2.22409", "sigma_imp": "0.393", "ps": "-9.23"}, {"energy": "3.025e-01", "width": "2.2630e+02", "ip": "2.481e-10", "ts": "0", "stretch": "2.9887e+06", "date": "2079-04-29.24", "dist": "49.646", "sigma_lov": "1.79253", "sigma_imp": "0.215", "ps": "-10.3"}, {"energy": "2.814e-01", "width": "2.0432e+02", "ip": "7.162e-09", "ts": "0", "stretch": "1.2350e+05", "date": "2080-04-28.16", "dist": "68.836", "sigma_lov": "1.71740", "sigma_imp": "0.332", "ps": "-8.86"}, {"energy": "2.805e-01", "width": "2.0279e+02", "ip": "1.825e-09", "ts": "0", "stretch": "4.9192e+05", "date": "2080-04-28.17", "dist": "66.600", "sigma_lov": "1.71388", "sigma_imp": "0.323", "ps": "-9.45"}, {"energy": "3.282e-01", "width": "2.3522e+02", "ip": "1.301e-09", "ts": "0", "stretch": "4.9363e+05", "date": "2080-04-29.05", "dist": "29.936", "sigma_lov": "1.87305", "sigma_imp": "0.123", "ps": "-9.54"}, {"energy": "4.391e-01", "width": "3.1462e+02", "ip": "4.840e-10", "ts": "0", "stretch": "6.4458e+05", "date": "2080-05-01.12", "dist": "77.080", "sigma_lov": "2.11880", "sigma_imp": "0.242", "ps": "-9.87"}, {"energy": "4.380e-01", "width": "3.1316e+02", "ip": "9.009e-10", "ts": "0", "stretch": "3.4944e+05", "date": "2080-05-01.13", "dist": "76.268", "sigma_lov": "2.11653", "sigma_imp": "0.240", "ps": "-9.60"}, {"energy": "1.193e-01", "width": "9.2490e+01", "ip": "1.072e-08", "ts": "0", "stretch": "1.3050e+05", "date": "2082-04-25.49", "dist": "149.507", "sigma_lov": "0.30060", "sigma_imp": "1.606", "ps": "-8.99"}, {"energy": "4.445e-01", "width": "3.0671e+02", "ip": "1.380e-09", "ts": "0", "stretch": "2.2542e+05", "date": "2082-05-01.90", "dist": "87.183", "sigma_lov": "2.12892", "sigma_imp": "0.281", "ps": "-9.43"}, {"energy": "4.964e-02", "width": "8.6106e+01", "ip": "1.494e-10", "ts": "0", "stretch": "2.7174e+06", "date": "2082-10-16.66", "dist": "170.624", "sigma_lov": "-1.18201", "sigma_imp": "1.970", "ps": "-11.2"}, {"energy": "3.596e-01", "width": "2.6541e+02", "ip": "2.031e-10", "ts": "0", "stretch": "2.4756e+06", "date": "2083-04-30.41", "dist": "1.728", "sigma_lov": "1.95627", "sigma_imp": "0.003", "ps": "-10.3"}, {"energy": "4.133e-01", "width": "2.9523e+02", "ip": "8.258e-10", "ts": "0", "stretch": "4.4323e+05", "date": "2083-05-01.52", "dist": "53.300", "sigma_lov": "2.07209", "sigma_imp": "0.177", "ps": "-9.68"}, {"energy": "4.127e-01", "width": "2.9440e+02", "ip": "2.835e-10", "ts": "0", "stretch": "1.2962e+06", "date": "2083-05-01.57", "dist": "55.692", "sigma_lov": "2.07040", "sigma_imp": "0.186", "ps": "-10.1"}, {"energy": "1.846e-01", "width": "2.6426e+02", "ip": "5.076e-10", "ts": "0", "stretch": "1.1601e+06", "date": "2083-05-03.47", "dist": "94.093", "sigma_lov": "1.48582", "sigma_imp": "0.352", "ps": "-10.2"}, {"energy": "1.847e-01", "width": "2.6426e+02", "ip": "5.076e-10", "ts": "0", "stretch": "1.1601e+06", "date": "2083-05-03.47", "dist": "94.093", "sigma_lov": "1.48658", "sigma_imp": "0.352", "ps": "-10.2"}, {"energy": "1.034e-01", "width": "6.1628e+01", "ip": "1.164e-10", "ts": "0", "stretch": "1.2223e+06", "date": "2084-04-23.30", "dist": "175.193", "sigma_lov": "0.07997", "sigma_imp": "2.827", "ps": "-11.0"}, {"energy": "6.023e-02", "width": "6.0933e+01", "ip": "1.241e-10", "ts": "0", "stretch": "3.0496e+05", "date": "2084-10-16.33", "dist": "193.589", "sigma_lov": "-0.81584", "sigma_imp": "3.161", "ps": "-11.2"}, {"energy": "4.168e-01", "width": "2.9982e+02", "ip": "3.287e-10", "ts": "0", "stretch": "1.0866e+06", "date": "2085-04-30.91", "dist": "52.213", "sigma_lov": "2.07793", "sigma_imp": "0.171", "ps": "-10.1"}, {"energy": "3.439e-01", "width": "2.4360e+02", "ip": "3.030e-09", "ts": "0", "stretch": "1.9321e+05", "date": "2086-04-29.97", "dist": "10.586", "sigma_lov": "1.91447", "sigma_imp": "0.039", "ps": "-9.20"}, {"energy": "3.917e-01", "width": "2.8228e+02", "ip": "3.867e-10", "ts": "0", "stretch": "1.0789e+06", "date": "2086-04-30.85", "dist": "34.715", "sigma_lov": "2.02712", "sigma_imp": "0.119", "ps": "-10.1"}, {"energy": "3.912e-01", "width": "2.8189e+02", "ip": "7.171e-10", "ts": "0", "stretch": "5.8409e+05", "date": "2086-04-30.86", "dist": "34.810", "sigma_lov": "2.02554", "sigma_imp": "0.120", "ps": "-9.78"}, {"energy": "2.847e-01", "width": "2.0328e+02", "ip": "1.337e-09", "ts": "0", "stretch": "6.6403e+05", "date": "2087-04-28.94", "dist": "57.994", "sigma_lov": "1.72964", "sigma_imp": "0.280", "ps": "-9.63"}, {"energy": "2.822e-01", "width": "2.0764e+02", "ip": "1.008e-09", "ts": "0", "stretch": "8.6976e+05", "date": "2087-04-29.00", "dist": "62.613", "sigma_lov": "1.71998", "sigma_imp": "0.297", "ps": "-9.75"}, {"energy": "3.229e-01", "width": "2.3263e+02", "ip": "2.362e-10", "ts": "0", "stretch": "2.8265e+06", "date": "2087-04-29.86", "dist": "25.302", "sigma_lov": "1.85635", "sigma_imp": "0.104", "ps": "-10.3"}, {"energy": "4.207e-01", "width": "3.0528e+02", "ip": "2.672e-10", "ts": "0", "stretch": "1.2884e+06", "date": "2087-05-01.60", "dist": "61.337", "sigma_lov": "2.08583", "sigma_imp": "0.198", "ps": "-10.2"}, {"energy": "1.183e-01", "width": "8.8332e+01", "ip": "1.072e-09", "ts": "0", "stretch": "1.3027e+06", "date": "2088-04-25.03", "dist": "145.564", "sigma_lov": "0.28992", "sigma_imp": "1.637", "ps": "-10.0"}, {"energy": "3.034e-01", "width": "2.1325e+02", "ip": "7.680e-10", "ts": "0", "stretch": "1.0243e+06", "date": "2088-04-28.79", "dist": "39.254", "sigma_lov": "1.79741", "sigma_imp": "0.179", "ps": "-9.85"}, {"energy": "3.033e-01", "width": "2.2003e+02", "ip": "2.137e-10", "ts": "0", "stretch": "3.5825e+06", "date": "2088-04-28.81", "dist": "37.076", "sigma_lov": "1.79662", "sigma_imp": "0.164", "ps": "-10.4"}, {"energy": "3.292e-01", "width": "2.3713e+02", "ip": "4.063e-10", "ts": "0", "stretch": "1.5693e+06", "date": "2089-04-29.41", "dist": "23.075", "sigma_lov": "1.87458", "sigma_imp": "0.093", "ps": "-10.1"}, {"energy": "3.721e-01", "width": "2.7039e+02", "ip": "1.988e-10", "ts": "0", "stretch": "2.3688e+06", "date": "2089-04-30.15", "dist": "9.398", "sigma_lov": "1.98454", "sigma_imp": "0.031", "ps": "-10.4"}, {"energy": "3.095e-01", "width": "2.2473e+02", "ip": "4.776e-10", "ts": "0", "stretch": "1.5237e+06", "date": "2090-04-29.20", "dist": "38.356", "sigma_lov": "1.81544", "sigma_imp": "0.166", "ps": "-10.1"}, {"energy": "3.097e-01", "width": "2.2473e+02", "ip": "4.776e-10", "ts": "0", "stretch": "1.5237e+06", "date": "2090-04-29.20", "dist": "38.356", "sigma_lov": "1.81624", "sigma_imp": "0.166", "ps": "-10.1"}, {"energy": "1.675e-01", "width": "2.2912e+02", "ip": "1.275e-10", "ts": "0", "stretch": "6.8711e+06", "date": "2090-05-01.87", "dist": "39.501", "sigma_lov": "1.34050", "sigma_imp": "0.168", "ps": "-10.9"}, {"energy": "1.155e-01", "width": "7.7861e+01", "ip": "2.514e-08", "ts": "0", "stretch": "4.3167e+04", "date": "2091-04-25.67", "dist": "145.526", "sigma_lov": "0.25064", "sigma_imp": "1.856", "ps": "-8.69"}, {"energy": "1.158e-01", "width": "9.0370e+01", "ip": "8.451e-08", "ts": "0", "stretch": "1.6939e+04", "date": "2091-04-25.70", "dist": "146.787", "sigma_lov": "0.25601", "sigma_imp": "1.613", "ps": "-8.16"}, {"energy": "1.184e-01", "width": "8.7979e+01", "ip": "7.278e-10", "ts": "0", "stretch": "1.8886e+06", "date": "2091-04-25.74", "dist": "146.027", "sigma_lov": "0.28965", "sigma_imp": "1.648", "ps": "-10.2"}, {"energy": "1.183e-01", "width": "8.7157e+01", "ip": "1.203e-09", "ts": "0", "stretch": "1.1317e+06", "date": "2091-04-25.75", "dist": "145.668", "sigma_lov": "0.28899", "sigma_imp": "1.660", "ps": "-10.0"}, {"energy": "2.921e-01", "width": "2.1777e+02", "ip": "2.527e-10", "ts": "0", "stretch": "3.1916e+06", "date": "2091-04-29.27", "dist": "53.634", "sigma_lov": "1.75650", "sigma_imp": "0.242", "ps": "-10.4"}, {"energy": "2.786e-01", "width": "2.0102e+02", "ip": "6.853e-10", "ts": "0", "stretch": "1.3463e+06", "date": "2092-04-28.17", "dist": "62.264", "sigma_lov": "1.70489", "sigma_imp": "0.305", "ps": "-9.96"}, {"energy": "4.032e-01", "width": "2.5642e+02", "ip": "9.434e-10", "ts": "0", "stretch": "4.6427e+05", "date": "2092-04-30.51", "dist": "44.027", "sigma_lov": "2.05065", "sigma_imp": "0.168", "ps": "-9.69"}, {"energy": "4.033e-01", "width": "3.2936e+02", "ip": "6.591e-10", "ts": "0", "stretch": "5.2024e+05", "date": "2092-04-30.51", "dist": "44.135", "sigma_lov": "2.05074", "sigma_imp": "0.131", "ps": "-9.85"}, {"energy": "4.525e-01", "width": "3.1940e+02", "ip": "1.259e-09", "ts": "0", "stretch": "2.3149e+05", "date": "2092-05-01.43", "dist": "94.849", "sigma_lov": "2.14063", "sigma_imp": "0.294", "ps": "-9.52"}, {"energy": "1.302e-01", "width": "1.0912e+02", "ip": "5.291e-10", "ts": "0", "stretch": "4.0083e+06", "date": "2093-04-26.15", "dist": "126.690", "sigma_lov": "0.43907", "sigma_imp": "1.152", "ps": "-10.3"}, {"energy": "1.424e-01", "width": "1.4354e+02", "ip": "2.241e-09", "ts": "0", "stretch": "9.8816e+05", "date": "2093-04-27.83", "dist": "86.125", "sigma_lov": "0.73935", "sigma_imp": "0.593", "ps": "-9.68"}, {"energy": "3.802e-01", "width": "2.7598e+02", "ip": "4.472e-10", "ts": "0", "stretch": "9.9798e+05", "date": "2093-04-30.41", "dist": "20.247", "sigma_lov": "2.00335", "sigma_imp": "0.070", "ps": "-10.0"}, {"energy": "3.806e-01", "width": "2.7610e+02", "ip": "1.169e-10", "ts": "0", "stretch": "3.8047e+06", "date": "2093-04-30.41", "dist": "21.921", "sigma_lov": "2.00486", "sigma_imp": "0.076", "ps": "-10.6"}, {"energy": "4.281e-01", "width": "3.0978e+02", "ip": "2.175e-10", "ts": "0", "stretch": "1.5089e+06", "date": "2093-05-01.38", "dist": "74.660", "sigma_lov": "2.09962", "sigma_imp": "0.238", "ps": "-10.3"}, {"energy": "1.673e-01", "width": "2.2874e+02", "ip": "1.811e-10", "ts": "0", "stretch": "4.8642e+06", "date": "2093-05-01.53", "dist": "36.408", "sigma_lov": "1.33932", "sigma_imp": "0.155", "ps": "-10.7"}, {"energy": "1.162e-01", "width": "8.8797e+01", "ip": "7.434e-09", "ts": "0", "stretch": "1.8846e+05", "date": "2094-04-25.52", "dist": "146.270", "sigma_lov": "0.26198", "sigma_imp": "1.636", "ps": "-9.24"}, {"energy": "2.848e-01", "width": "2.0486e+02", "ip": "1.553e-09", "ts": "0", "stretch": "5.6780e+05", "date": "2094-04-28.75", "dist": "56.512", "sigma_lov": "1.73099", "sigma_imp": "0.271", "ps": "-9.61"}, {"energy": "3.588e-01", "width": "2.5350e+02", "ip": "2.328e-09", "ts": "0", "stretch": "2.2700e+05", "date": "2094-04-30.27", "dist": "6.285", "sigma_lov": "1.95390", "sigma_imp": "0.021", "ps": "-9.35"}, {"energy": "3.412e-01", "width": "2.4599e+02", "ip": "2.512e-10", "ts": "0", "stretch": "2.3351e+06", "date": "2095-04-30.36", "dist": "3.493", "sigma_lov": "1.90759", "sigma_imp": "0.010", "ps": "-10.3"}, {"energy": "3.412e-01", "width": "2.4069e+02", "ip": "3.196e-10", "ts": "0", "stretch": "1.8743e+06", "date": "2095-04-30.38", "dist": "3.814", "sigma_lov": "1.90795", "sigma_imp": "0.012", "ps": "-10.2"}, {"energy": "4.339e-01", "width": "3.1164e+02", "ip": "2.496e-10", "ts": "0", "stretch": "1.2787e+06", "date": "2095-05-01.90", "dist": "79.693", "sigma_lov": "2.10971", "sigma_imp": "0.253", "ps": "-10.3"}, {"energy": "1.043e-01", "width": "6.7168e+01", "ip": "2.423e-10", "ts": "0", "stretch": "1.4486e+06", "date": "2096-04-23.71", "dist": "165.887", "sigma_lov": "0.09751", "sigma_imp": "2.455", "ps": "-10.8"}, {"energy": "3.473e-01", "width": "2.4191e+02", "ip": "1.399e-09", "ts": "0", "stretch": "4.1605e+05", "date": "2097-04-29.80", "dist": "3.952", "sigma_lov": "1.92273", "sigma_imp": "0.012", "ps": "-9.60"}, {"energy": "3.519e-01", "width": "2.6976e+02", "ip": "1.796e-10", "ts": "0", "stretch": "2.8541e+06", "date": "2097-04-29.93", "dist": "2.321", "sigma_lov": "1.93440", "sigma_imp": "0.005", "ps": "-10.5"}, {"energy": "3.519e-01", "width": "2.8221e+02", "ip": "1.224e-10", "ts": "0", "stretch": "4.0041e+06", "date": "2097-04-29.99", "dist": "3.681", "sigma_lov": "1.93403", "sigma_imp": "0.010", "ps": "-10.7"}, {"energy": "3.296e-01", "width": "2.3870e+02", "ip": "2.673e-09", "ts": "0", "stretch": "2.3695e+05", "date": "2098-04-29.73", "dist": "18.216", "sigma_lov": "1.87578", "sigma_imp": "0.072", "ps": "-9.34"}, {"energy": "3.296e-01", "width": "2.3830e+02", "ip": "1.498e-09", "ts": "0", "stretch": "4.2399e+05", "date": "2098-04-29.74", "dist": "18.029", "sigma_lov": "1.87528", "sigma_imp": "0.071", "ps": "-9.59"}, {"energy": "1.020e-01", "width": "6.2813e+01", "ip": "1.034e-10", "ts": "0", "stretch": "2.2757e+06", "date": "2099-04-24.10", "dist": "166.660", "sigma_lov": "0.06180", "sigma_imp": "2.637", "ps": "-11.2"}, {"energy": "2.776e-01", "width": "1.9143e+02", "ip": "4.839e-10", "ts": "0", "stretch": "2.0137e+06", "date": "2099-04-29.09", "dist": "57.209", "sigma_lov": "1.70307", "sigma_imp": "0.294", "ps": "-10.1"}, {"energy": "3.883e-01", "width": "2.8315e+02", "ip": "3.289e-09", "ts": "0", "stretch": "1.2719e+05", "date": "2099-05-01.27", "dist": "42.815", "sigma_lov": "2.02135", "sigma_imp": "0.148", "ps": "-9.20"}, {"energy": "3.879e-01", "width": "2.8062e+02", "ip": "1.176e-09", "ts": "0", "stretch": "3.5908e+05", "date": "2099-05-01.28", "dist": "43.470", "sigma_lov": "2.02082", "sigma_imp": "0.151", "ps": "-9.65"}, {"energy": "1.659e-01", "width": "1.9667e+02", "ip": "2.451e-09", "ts": "0", "stretch": "4.2722e+05", "date": "2099-05-02.02", "dist": "32.490", "sigma_lov": "1.32236", "sigma_imp": "0.160", "ps": "-9.62"}, {"energy": "1.145e-01", "width": "7.9763e+01", "ip": "1.850e-09", "ts": "0", "stretch": "7.1499e+05", "date": "2100-04-26.08", "dist": "139.430", "sigma_lov": "0.23708", "sigma_imp": "1.736", "ps": "-9.88"}, {"energy": "1.145e-01", "width": "8.5588e+01", "ip": "7.953e-09", "ts": "0", "stretch": "1.8352e+05", "date": "2100-04-26.09", "dist": "141.087", "sigma_lov": "0.23779", "sigma_imp": "1.637", "ps": "-9.25"}, {"energy": "3.935e-01", "width": "2.7634e+02", "ip": "4.197e-10", "ts": "0", "stretch": "9.9975e+05", "date": "2101-05-01.80", "dist": "44.774", "sigma_lov": "2.03290", "sigma_imp": "0.158", "ps": "-10.1"}, {"energy": "1.040e-01", "width": "6.7586e+01", "ip": "2.560e-10", "ts": "0", "stretch": "1.4890e+06", "date": "2102-04-25.01", "dist": "164.488", "sigma_lov": "0.09244", "sigma_imp": "2.419", "ps": "-10.8"}, {"energy": "1.056e-01", "width": "6.9409e+01", "ip": "1.389e-10", "ts": "0", "stretch": "3.4866e+06", "date": "2102-04-25.15", "dist": "161.075", "sigma_lov": "0.11787", "sigma_imp": "2.306", "ps": "-11.0"}, {"energy": "1.618e-01", "width": "2.2161e+02", "ip": "2.320e-10", "ts": "0", "stretch": "4.3345e+06", "date": "2102-05-02.44", "dist": "19.915", "sigma_lov": "1.26861", "sigma_imp": "0.085", "ps": "-10.7"}, {"energy": "1.146e-01", "width": "8.6925e+01", "ip": "5.127e-10", "ts": "0", "stretch": "3.0169e+06", "date": "2103-04-26.79", "dist": "139.360", "sigma_lov": "0.23795", "sigma_imp": "1.592", "ps": "-10.5"}, {"energy": "3.400e-01", "width": "2.4368e+02", "ip": "6.991e-10", "ts": "0", "stretch": "8.4974e+05", "date": "2104-04-30.53", "dist": "4.917", "sigma_lov": "1.90544", "sigma_imp": "0.016", "ps": "-9.94"}, {"energy": "4.318e-02", "width": "4.9285e+02", "ip": "7.824e-10", "ts": "0", "stretch": "4.2254e+05", "date": "2105-04-18.42", "dist": "148.093", "sigma_lov": "-1.46823", "sigma_imp": "0.298", "ps": "-10.6"}, {"energy": "1.041e-01", "width": "6.9309e+01", "ip": "1.100e-10", "ts": "0", "stretch": "4.7709e+06", "date": "2105-04-24.96", "dist": "158.556", "sigma_lov": "0.09356", "sigma_imp": "2.273", "ps": "-11.2"}, {"energy": "3.583e-01", "width": "2.6936e+02", "ip": "9.100e-10", "ts": "0", "stretch": "5.4794e+05", "date": "2105-05-01.04", "dist": "10.456", "sigma_lov": "1.95191", "sigma_imp": "0.035", "ps": "-9.82"}, {"energy": "3.576e-01", "width": "2.7513e+02", "ip": "1.748e-09", "ts": "0", "stretch": "2.8020e+05", "date": "2105-05-01.09", "dist": "11.783", "sigma_lov": "1.94981", "sigma_imp": "0.039", "ps": "-9.53"}, {"energy": "4.948e-01", "width": "3.5224e+02", "ip": "2.650e-10", "ts": "0", "stretch": "8.4508e+05", "date": "2105-05-03.50", "dist": "148.671", "sigma_lov": "2.20578", "sigma_imp": "0.419", "ps": "-10.2"}, {"energy": "4.940e-01", "width": "3.5163e+02", "ip": "2.042e-10", "ts": "0", "stretch": "1.1036e+06", "date": "2105-05-03.51", "dist": "147.419", "sigma_lov": "2.20422", "sigma_imp": "0.416", "ps": "-10.4"}, {"energy": "3.099e-01", "width": "2.2767e+02", "ip": "2.965e-10", "ts": "0", "stretch": "2.4357e+06", "date": "2106-04-30.37", "dist": "30.049", "sigma_lov": "1.81673", "sigma_imp": "0.128", "ps": "-10.4"}, {"energy": "3.099e-01", "width": "2.2612e+02", "ip": "3.561e-10", "ts": "0", "stretch": "2.0415e+06", "date": "2106-04-30.37", "dist": "28.951", "sigma_lov": "1.81717", "sigma_imp": "0.124", "ps": "-10.3"}, {"energy": "5.034e-02", "width": "1.2855e+02", "ip": "3.544e-10", "ts": "0", "stretch": "2.3471e+06", "date": "2106-10-17.84", "dist": "170.577", "sigma_lov": "-1.15162", "sigma_imp": "1.319", "ps": "-10.9"}, {"energy": "2.968e-01", "width": "2.0829e+02", "ip": "8.533e-10", "ts": "0", "stretch": "9.7351e+05", "date": "2107-04-30.50", "dist": "40.955", "sigma_lov": "1.77451", "sigma_imp": "0.192", "ps": "-9.92"}, {"energy": "3.306e-01", "width": "2.3497e+02", "ip": "9.906e-10", "ts": "0", "stretch": "6.4537e+05", "date": "2107-05-01.07", "dist": "12.382", "sigma_lov": "1.88075", "sigma_imp": "0.048", "ps": "-9.82"}, {"energy": "2.042e-01", "width": "3.8159e+02", "ip": "9.083e-10", "ts": "0", "stretch": "3.7910e+05", "date": "2107-05-05.82", "dist": "150.752", "sigma_lov": "1.58723", "sigma_imp": "0.392", "ps": "-10.0"}, {"energy": "6.663e-02", "width": "6.0750e+01", "ip": "3.970e-10", "ts": "0", "stretch": "1.8675e+05", "date": "2108-04-21.17", "dist": "182.364", "sigma_lov": "-0.63971", "sigma_imp": "2.985", "ps": "-10.8"}, {"energy": "6.656e-02", "width": "8.3132e+01", "ip": "3.786e-09", "ts": "0", "stretch": "1.1444e+05", "date": "2108-04-21.17", "dist": "183.122", "sigma_lov": "-0.64024", "sigma_imp": "2.191", "ps": "-9.80"}, {"energy": "1.851e-01", "width": "2.6199e+02", "ip": "3.833e-09", "ts": "0", "stretch": "1.5371e+05", "date": "2109-05-04.09", "dist": "95.908", "sigma_lov": "1.48957", "sigma_imp": "0.362", "ps": "-9.44"}, {"energy": "2.749e-01", "width": "2.0232e+02", "ip": "5.127e-10", "ts": "0", "stretch": "1.8507e+06", "date": "2111-04-30.13", "dist": "51.488", "sigma_lov": "1.69105", "sigma_imp": "0.250", "ps": "-10.2"}, {"energy": "1.627e-01", "width": "1.7957e+02", "ip": "5.141e-09", "ts": "0", "stretch": "2.3759e+05", "date": "2111-05-02.68", "dist": "20.266", "sigma_lov": "1.27940", "sigma_imp": "0.107", "ps": "-9.37"}, {"energy": "3.666e-01", "width": "3.0431e+02", "ip": "1.321e-10", "ts": "0", "stretch": "3.1762e+06", "date": "2113-05-01.46", "dist": "66.316", "sigma_lov": "1.96900", "sigma_imp": "0.215", "ps": "-10.7"}, {"energy": "3.728e-01", "width": "2.7178e+02", "ip": "2.511e-10", "ts": "0", "stretch": "1.8544e+06", "date": "2113-05-01.51", "dist": "25.720", "sigma_lov": "1.98604", "sigma_imp": "0.091", "ps": "-10.4"}, {"energy": "2.960e-01", "width": "2.1173e+02", "ip": "1.835e-10", "ts": "0", "stretch": "4.5143e+06", "date": "2114-04-30.29", "dist": "34.130", "sigma_lov": "1.76964", "sigma_imp": "0.156", "ps": "-10.6"}, {"energy": "2.962e-01", "width": "2.0954e+02", "ip": "4.635e-10", "ts": "0", "stretch": "1.8037e+06", "date": "2114-04-30.33", "dist": "34.109", "sigma_lov": "1.77025", "sigma_imp": "0.158", "ps": "-10.2"}, {"energy": "3.244e-01", "width": "2.3410e+02", "ip": "2.286e-10", "ts": "0", "stretch": "2.8996e+06", "date": "2114-04-30.83", "dist": "12.298", "sigma_lov": "1.85979", "sigma_imp": "0.048", "ps": "-10.5"}, {"energy": "4.787e-01", "width": "3.2498e+02", "ip": "6.660e-10", "ts": "0", "stretch": "3.8068e+05", "date": "2114-05-03.57", "dist": "137.589", "sigma_lov": "2.18217", "sigma_imp": "0.420", "ps": "-9.89"}, {"energy": "4.794e-01", "width": "3.7329e+02", "ip": "4.461e-10", "ts": "0", "stretch": "5.0403e+05", "date": "2114-05-03.58", "dist": "138.493", "sigma_lov": "2.18339", "sigma_imp": "0.368", "ps": "-10.1"}, {"energy": "1.900e-01", "width": "2.7793e+02", "ip": "2.038e-10", "ts": "0", "stretch": "2.6009e+06", "date": "2114-05-04.70", "dist": "103.761", "sigma_lov": "1.51878", "sigma_imp": "0.370", "ps": "-10.7"}, {"energy": "1.906e-01", "width": "2.7745e+02", "ip": "1.018e-10", "ts": "0", "stretch": "5.1857e+06", "date": "2114-05-04.71", "dist": "104.403", "sigma_lov": "1.52194", "sigma_imp": "0.373", "ps": "-11.0"}, {"energy": "5.509e-02", "width": "6.2410e+01", "ip": "2.995e-10", "ts": "0", "stretch": "3.6990e+05", "date": "2115-10-17.96", "dist": "171.916", "sigma_lov": "-0.98814", "sigma_imp": "2.739", "ps": "-11.0"}, {"energy": "5.982e-02", "width": "7.3081e+01", "ip": "2.163e-10", "ts": "0", "stretch": "7.9665e+05", "date": "2115-10-18.65", "dist": "188.826", "sigma_lov": "-0.82958", "sigma_imp": "2.570", "ps": "-11.1"}, {"energy": "5.979e-02", "width": "7.4434e+01", "ip": "3.389e-10", "ts": "0", "stretch": "5.6217e+05", "date": "2115-10-18.66", "dist": "188.847", "sigma_lov": "-0.83063", "sigma_imp": "2.524", "ps": "-10.9"}, {"energy": "1.037e-01", "width": "6.9096e+01", "ip": "2.811e-10", "ts": "0", "stretch": "1.5575e+06", "date": "2117-04-24.85", "dist": "163.556", "sigma_lov": "0.08520", "sigma_imp": "2.353", "ps": "-10.8"}, {"energy": "1.253e-01", "width": "9.4795e+01", "ip": "1.479e-09", "ts": "0", "stretch": "1.2712e+06", "date": "2117-04-26.84", "dist": "131.408", "sigma_lov": "0.37570", "sigma_imp": "1.376", "ps": "-10.0"}, {"energy": "1.255e-01", "width": "1.0360e+02", "ip": "6.646e-10", "ts": "0", "stretch": "3.0657e+06", "date": "2117-04-26.95", "dist": "130.310", "sigma_lov": "0.37761", "sigma_imp": "1.248", "ps": "-10.4"}]}