{"summary": {"energy": "2.603e-01", "darc": "44.580 days", "ip": "1.98453e-06", "h": "25.95", "nobs": "39", "mass": "1.42e+07", "v_inf": "5.42", "first_obs": "2017-Oct-27.47452", "method": "LOV", "pdate": "2017-12-18 10:06:13", "ndop": "0", "cdate": "2017-12-18 10:06:13", "ps_cum": "-6.62", "diameter": "0.022", "ndel": "0", "v_imp": "12.40", "ps_max": "-6.73", "last_obs": "2017-Dec-11.054117", "fullname": "(2017 UA45)", "n_imp": "5", "ts_max": "0", "nsat": "0", "des": "2017 UA45"}, "signature": {"source": "NASA/JPL Sentry Data API", "version": "1.1"}, "data": [{"energy": "2.596e-01", "width": "0.0000e+00", "ip": "9.124e-08", "ts": "0", "stretch": "2.1028e+06", "date": "2106-10-14.50", "dist": "0.790", "sigma_lov": "1.46200", "sigma_imp": "0.000", "ps": "-7.93"}, {"energy": "2.599e-01", "width": "3.9284e-03", "ip": "2.519e-07", "ts": "0", "stretch": "1.0021e+06", "date": "2106-10-14.40", "dist": "0.248", "sigma_lov": "1.50008", "sigma_imp": "0.000", "ps": "-7.49"}, {"energy": "2.587e-01", "width": "0.0000e+00", "ip": "3.688e-08", "ts": "0", "stretch": "1.5628e+05", "date": "2099-10-14.09", "dist": "0.989", "sigma_lov": "-2.46535", "sigma_imp": "0.000", "ps": "-8.29"}, {"energy": "2.605e-01", "width": "4.9105e-04", "ip": "1.543e-06", "ts": "0", "stretch": "1.1918e+05", "date": "2112-10-13.89", "dist": "0.441", "sigma_lov": "1.65110", "sigma_imp": "0.000", "ps": "-6.73"}, {"energy": "2.604e-01", "width": "0.0000e+00", "ip": "6.151e-08", "ts": "0", "stretch": "1.2489e+06", "date": "2111-10-14.58", "dist": "0.950", "sigma_lov": "1.56223", "sigma_imp": "0.000", "ps": "-8.13"}]}