{"summary": {"energy": "1.224e-03", "darc": ".47281 days", "ip": "0.000166826351", "h": "30.60", "nobs": "18", "mass": "2.31e+04", "v_inf": "17.92", "first_obs": "2017-Mar-20.356", "method": "LOV", "pdate": "2017-04-13 14:36:44", "ndop": "0", "cdate": "2017-04-13 14:36:44", "ps_cum": "-5.91", "diameter": "0.0026", "ndel": "0", "v_imp": "21.10", "ps_max": "-6.03", "last_obs": "2017-Mar-20.828814", "fullname": "(2017 FN1)", "n_imp": "7", "ts_max": "0", "nsat": "0", "des": "2017 FN1"}, "signature": {"source": "NASA/JPL Sentry Data API", "version": "1.1"}, "data": [{"energy": "1.232e-03", "width": "1.3784e-02", "ip": "1.648e-07", "ts": "0", "stretch": "5.8266e+04", "date": "2072-03-20.13", "dist": "0.038", "sigma_lov": "-2.97280", "sigma_imp": "0.000", "ps": "-9.33"}, {"energy": "1.232e-03", "width": "2.2222e-02", "ip": "3.151e-09", "ts": "0", "stretch": "2.9147e+06", "date": "2072-03-19.81", "dist": "0.225", "sigma_lov": "-2.97918", "sigma_imp": "0.000", "ps": "-11.0"}, {"energy": "1.218e-03", "width": "3.9284e-03", "ip": "1.306e-07", "ts": "0", "stretch": "4.8289e+05", "date": "2072-03-20.35", "dist": "0.941", "sigma_lov": "1.70646", "sigma_imp": "0.000", "ps": "-9.43"}, {"energy": "1.217e-03", "width": "1.2337e-03", "ip": "5.507e-05", "ts": "0", "stretch": "3.4892e+03", "date": "2056-03-20.30", "dist": "0.163", "sigma_lov": "1.67964", "sigma_imp": "0.000", "ps": "-6.66"}, {"energy": "1.217e-03", "width": "2.4608e-02", "ip": "1.625e-05", "ts": "0", "stretch": "7.0373e+03", "date": "2056-03-20.27", "dist": "0.841", "sigma_lov": "1.62773", "sigma_imp": "0.000", "ps": "-7.19"}, {"energy": "1.234e-03", "width": "2.8979e-03", "ip": "2.578e-07", "ts": "0", "stretch": "1.1491e+04", "date": "2049-03-20.81", "dist": "0.555", "sigma_lov": "-3.28969", "sigma_imp": "0.000", "ps": "-8.90"}, {"energy": "1.229e-03", "width": "1.4659e-03", "ip": "9.495e-05", "ts": "0", "stretch": "1.1667e+03", "date": "2033-03-20.96", "dist": "0.516", "sigma_lov": "-1.90748", "sigma_imp": "0.000", "ps": "-6.03"}]}