{"summary": {"energy": "5.509e+02", "darc": ".97445 days", "ip": "5.6205e-09", "h": "20.73", "nobs": "7", "mass": "1.94e+10", "v_inf": "10.69", "first_obs": "2017-Jan-03.46971", "method": "LOV", "pdate": "2017-01-24 09:38:54", "ndop": "0", "cdate": "2017-01-24 09:38:54", "ps_cum": "-5.80", "diameter": "0.243168935148118", "ndel": "0", "v_imp": "15.44", "ps_max": "-6.42", "last_obs": "2017-Jan-04.444158", "fullname": "(2017 AB21)", "n_imp": "25", "ts_max": "0", "nsat": "0", "des": "2017 AB21"}, "signature": {"source": "NASA/JPL Sentry Data API", "version": "1.1"}, "data": [{"energy": "5.031e+02", "width": "1.1315e+03", "ip": "6.082e-10", "ts": "0", "stretch": "6.6450e+05", "date": "2024-09-20.56", "dist": "187.826", "sigma_lov": "-0.35340", "sigma_imp": "0.165", "ps": "-6.42"}, {"energy": "5.939e+02", "width": "1.1646e+03", "ip": "3.444e-10", "ts": "0", "stretch": "1.1685e+06", "date": "2026-09-29.77", "dist": "90.983", "sigma_lov": "-0.31886", "sigma_imp": "0.077", "ps": "-6.71"}, {"energy": "5.127e+02", "width": "1.0205e+03", "ip": "4.189e-10", "ts": "0", "stretch": "1.0742e+06", "date": "2029-09-21.80", "dist": "153.284", "sigma_lov": "-0.34944", "sigma_imp": "0.149", "ps": "-6.79"}, {"energy": "5.740e+02", "width": "1.1410e+03", "ip": "2.485e-10", "ts": "0", "stretch": "1.6532e+06", "date": "2031-09-28.29", "dist": "36.865", "sigma_lov": "-0.32565", "sigma_imp": "0.031", "ps": "-7.04"}, {"energy": "6.223e+02", "width": "1.1535e+03", "ip": "1.945e-10", "ts": "0", "stretch": "2.0821e+06", "date": "2033-10-01.74", "dist": "160.171", "sigma_lov": "-0.31007", "sigma_imp": "0.138", "ps": "-7.18"}, {"energy": "5.166e+02", "width": "1.1215e+03", "ip": "3.434e-10", "ts": "0", "stretch": "1.1974e+06", "date": "2034-09-22.49", "dist": "139.836", "sigma_lov": "-0.34774", "sigma_imp": "0.124", "ps": "-7.02"}, {"energy": "5.637e+02", "width": "1.1382e+03", "ip": "1.962e-10", "ts": "0", "stretch": "2.0966e+06", "date": "2036-09-26.65", "dist": "9.054", "sigma_lov": "-0.32918", "sigma_imp": "0.007", "ps": "-7.28"}, {"energy": "6.022e+02", "width": "1.1544e+03", "ip": "1.760e-10", "ts": "0", "stretch": "2.3047e+06", "date": "2038-09-30.51", "dist": "118.003", "sigma_lov": "-0.31629", "sigma_imp": "0.101", "ps": "-7.34"}, {"energy": "5.175e+02", "width": "1.1332e+03", "ip": "1.787e-10", "ts": "0", "stretch": "2.2797e+06", "date": "2039-09-22.84", "dist": "133.321", "sigma_lov": "-0.34745", "sigma_imp": "0.117", "ps": "-7.41"}, {"energy": "5.187e+02", "width": "1.1112e+03", "ip": "4.111e-10", "ts": "0", "stretch": "1.0110e+06", "date": "2039-09-23.02", "dist": "128.100", "sigma_lov": "-0.34683", "sigma_imp": "0.114", "ps": "-7.05"}, {"energy": "6.340e+02", "width": "1.0590e+03", "ip": "1.161e-10", "ts": "0", "stretch": "3.7775e+06", "date": "2040-10-02.54", "dist": "195.559", "sigma_lov": "-0.30623", "sigma_imp": "0.184", "ps": "-7.55"}, {"energy": "5.568e+02", "width": "1.1471e+03", "ip": "1.816e-10", "ts": "0", "stretch": "2.2453e+06", "date": "2041-09-26.35", "dist": "6.654", "sigma_lov": "-0.33142", "sigma_imp": "0.005", "ps": "-7.41"}, {"energy": "5.894e+02", "width": "1.1507e+03", "ip": "2.182e-10", "ts": "0", "stretch": "1.8666e+06", "date": "2043-09-29.73", "dist": "83.760", "sigma_lov": "-0.32016", "sigma_imp": "0.072", "ps": "-7.35"}, {"energy": "6.161e+02", "width": "1.1483e+03", "ip": "1.307e-10", "ts": "0", "stretch": "3.1149e+06", "date": "2045-10-01.37", "dist": "151.419", "sigma_lov": "-0.31170", "sigma_imp": "0.131", "ps": "-7.59"}, {"energy": "5.792e+02", "width": "1.1368e+03", "ip": "1.460e-10", "ts": "0", "stretch": "2.8246e+06", "date": "2048-09-28.12", "dist": "57.070", "sigma_lov": "-0.32364", "sigma_imp": "0.049", "ps": "-7.60"}, {"energy": "6.037e+02", "width": "1.1512e+03", "ip": "2.101e-10", "ts": "0", "stretch": "1.9338e+06", "date": "2050-09-30.72", "dist": "128.005", "sigma_lov": "-0.31568", "sigma_imp": "0.110", "ps": "-7.46"}, {"energy": "5.505e+02", "width": "1.1365e+03", "ip": "1.315e-10", "ts": "0", "stretch": "3.1273e+06", "date": "2051-09-26.33", "dist": "17.136", "sigma_lov": "-0.33404", "sigma_imp": "0.014", "ps": "-7.71"}, {"energy": "4.994e+02", "width": "1.0443e+03", "ip": "3.246e-10", "ts": "0", "stretch": "1.3455e+06", "date": "2052-09-20.31", "dist": "186.023", "sigma_lov": "-0.35503", "sigma_imp": "0.177", "ps": "-7.36"}, {"energy": "5.017e+02", "width": "1.1577e+03", "ip": "1.689e-10", "ts": "0", "stretch": "2.3422e+06", "date": "2052-09-20.53", "dist": "178.932", "sigma_lov": "-0.35409", "sigma_imp": "0.154", "ps": "-7.64"}, {"energy": "6.256e+02", "width": "1.1463e+03", "ip": "1.168e-10", "ts": "0", "stretch": "3.4837e+06", "date": "2052-10-01.87", "dist": "176.966", "sigma_lov": "-0.30885", "sigma_imp": "0.154", "ps": "-7.73"}, {"energy": "6.140e+02", "width": "1.1612e+03", "ip": "1.117e-10", "ts": "0", "stretch": "3.6020e+06", "date": "2057-10-01.25", "dist": "151.211", "sigma_lov": "-0.31236", "sigma_imp": "0.129", "ps": "-7.81"}, {"energy": "5.477e+02", "width": "1.2636e+03", "ip": "2.023e-10", "ts": "0", "stretch": "1.8268e+06", "date": "2061-09-25.57", "dist": "21.724", "sigma_lov": "-0.33538", "sigma_imp": "0.016", "ps": "-7.63"}, {"energy": "5.804e+02", "width": "1.1477e+03", "ip": "1.626e-10", "ts": "0", "stretch": "2.5101e+06", "date": "2065-09-28.60", "dist": "70.354", "sigma_lov": "-0.32302", "sigma_imp": "0.060", "ps": "-7.74"}, {"energy": "5.445e+02", "width": "1.1344e+03", "ip": "1.209e-10", "ts": "0", "stretch": "3.4037e+06", "date": "2071-09-25.81", "dist": "29.621", "sigma_lov": "-0.33639", "sigma_imp": "0.025", "ps": "-7.94"}, {"energy": "5.094e+02", "width": "1.0387e+03", "ip": "1.586e-10", "ts": "0", "stretch": "2.7953e+06", "date": "2110-09-23.13", "dist": "129.489", "sigma_lov": "-0.35085", "sigma_imp": "0.124", "ps": "-8.08"}]}