{"summary": {"energy": "4.325e-02", "darc": "24.804 days", "ip": "2.2981859e-05", "h": "27.37", "nobs": "19", "mass": "2.01e+06", "v_inf": "7.51", "first_obs": "2017-Dec-22.42245", "method": "LOV", "pdate": "2018-03-03 08:26:02", "ndop": "0", "cdate": "2018-03-03 08:26:02", "ps_cum": "-6.13", "diameter": "0.011", "ndel": "0", "v_imp": "13.44", "ps_max": "-6.32", "last_obs": "2018-Jan-16.226307", "fullname": "(2017 YV8)", "n_imp": "26", "ts_max": "0", "nsat": "0", "des": "2017 YV8"}, "signature": {"source": "NASA/JPL Sentry Data API", "version": "1.1"}, "data": [{"energy": "4.357e-02", "width": "2.8753e-03", "ip": "5.297e-07", "ts": "0", "stretch": "2.3415e+05", "date": "2114-12-19.46", "dist": "0.285", "sigma_lov": "1.91295", "sigma_imp": "0.000", "ps": "-7.83"}, {"energy": "4.355e-02", "width": "2.0890e-03", "ip": "6.972e-08", "ts": "0", "stretch": "3.3937e+06", "date": "2114-12-19.51", "dist": "0.303", "sigma_lov": "1.56158", "sigma_imp": "0.000", "ps": "-8.71"}, {"energy": "4.355e-02", "width": "5.2898e-03", "ip": "4.063e-07", "ts": "0", "stretch": "1.1639e+06", "date": "2117-12-19.04", "dist": "0.380", "sigma_lov": "0.94648", "sigma_imp": "0.000", "ps": "-7.96"}, {"energy": "4.352e-02", "width": "2.4604e-03", "ip": "1.260e-08", "ts": "0", "stretch": "6.5101e+04", "date": "2117-12-19.26", "dist": "0.738", "sigma_lov": "3.61113", "sigma_imp": "0.000", "ps": "-9.46"}, {"energy": "4.353e-02", "width": "3.1061e-03", "ip": "3.240e-07", "ts": "0", "stretch": "9.9176e+05", "date": "2117-12-19.01", "dist": "0.779", "sigma_lov": "0.94624", "sigma_imp": "0.000", "ps": "-8.05"}, {"energy": "4.349e-02", "width": "1.0670e-03", "ip": "4.772e-07", "ts": "0", "stretch": "1.2255e+06", "date": "2115-12-19.83", "dist": "0.473", "sigma_lov": "0.61331", "sigma_imp": "0.000", "ps": "-7.88"}, {"energy": "4.348e-02", "width": "9.3448e-03", "ip": "5.036e-07", "ts": "0", "stretch": "9.0105e+05", "date": "2104-12-19.50", "dist": "0.514", "sigma_lov": "0.93260", "sigma_imp": "0.000", "ps": "-7.80"}, {"energy": "4.348e-02", "width": "5.1344e-03", "ip": "4.629e-07", "ts": "0", "stretch": "9.1362e+05", "date": "2104-12-19.50", "dist": "0.578", "sigma_lov": "0.93147", "sigma_imp": "0.000", "ps": "-7.84"}, {"energy": "4.318e-02", "width": "2.0005e-03", "ip": "2.633e-07", "ts": "0", "stretch": "7.1983e+05", "date": "2104-12-19.38", "dist": "0.354", "sigma_lov": "-1.65963", "sigma_imp": "0.000", "ps": "-8.09"}, {"energy": "4.331e-02", "width": "2.1169e-03", "ip": "6.387e-08", "ts": "0", "stretch": "1.0211e+06", "date": "2104-12-18.88", "dist": "0.403", "sigma_lov": "-2.21084", "sigma_imp": "0.000", "ps": "-8.70"}, {"energy": "4.361e-02", "width": "4.0763e-03", "ip": "2.840e-07", "ts": "0", "stretch": "6.5303e+05", "date": "2102-12-19.46", "dist": "0.395", "sigma_lov": "1.66554", "sigma_imp": "0.000", "ps": "-8.04"}, {"energy": "4.306e-02", "width": "1.9474e-03", "ip": "6.584e-09", "ts": "0", "stretch": "3.9044e+05", "date": "2099-12-19.25", "dist": "0.844", "sigma_lov": "-3.20671", "sigma_imp": "0.000", "ps": "-9.66"}, {"energy": "4.314e-02", "width": "1.7577e-03", "ip": "1.453e-05", "ts": "0", "stretch": "8.0333e+03", "date": "2099-12-19.24", "dist": "0.822", "sigma_lov": "-1.65259", "sigma_imp": "0.000", "ps": "-6.32"}, {"energy": "4.344e-02", "width": "5.1568e-04", "ip": "4.114e-06", "ts": "0", "stretch": "1.4422e+05", "date": "2099-12-19.10", "dist": "0.054", "sigma_lov": "0.77012", "sigma_imp": "0.000", "ps": "-6.87"}, {"energy": "4.356e-02", "width": "1.2391e-03", "ip": "3.419e-08", "ts": "0", "stretch": "1.7283e+07", "date": "2099-12-19.02", "dist": "0.248", "sigma_lov": "0.75462", "sigma_imp": "0.000", "ps": "-8.94"}, {"energy": "4.353e-02", "width": "1.0648e-03", "ip": "4.938e-08", "ts": "0", "stretch": "1.0098e+07", "date": "2099-12-18.99", "dist": "0.572", "sigma_lov": "0.75498", "sigma_imp": "0.000", "ps": "-8.79"}, {"energy": "4.309e-02", "width": "2.6336e-03", "ip": "1.275e-07", "ts": "0", "stretch": "4.1614e+05", "date": "2098-12-19.01", "dist": "0.457", "sigma_lov": "-2.28382", "sigma_imp": "0.000", "ps": "-8.37"}, {"energy": "4.313e-02", "width": "2.6123e-03", "ip": "4.118e-07", "ts": "0", "stretch": "2.1775e+05", "date": "2098-12-18.88", "dist": "0.367", "sigma_lov": "-2.06101", "sigma_imp": "0.000", "ps": "-7.86"}, {"energy": "4.310e-02", "width": "3.8450e-03", "ip": "2.223e-08", "ts": "0", "stretch": "8.8424e+05", "date": "2094-12-19.19", "dist": "0.247", "sigma_lov": "-2.71777", "sigma_imp": "0.000", "ps": "-9.11"}, {"energy": "4.308e-02", "width": "3.3191e-03", "ip": "6.427e-09", "ts": "0", "stretch": "6.9007e+05", "date": "2091-12-19.35", "dist": "0.986", "sigma_lov": "-2.60992", "sigma_imp": "0.000", "ps": "-9.63"}, {"energy": "4.312e-02", "width": "1.0788e-03", "ip": "6.775e-08", "ts": "0", "stretch": "4.0045e+05", "date": "2091-12-19.29", "dist": "0.324", "sigma_lov": "-2.58555", "sigma_imp": "0.000", "ps": "-8.61"}, {"energy": "4.356e-02", "width": "3.2357e-03", "ip": "1.076e-07", "ts": "0", "stretch": "1.2650e+06", "date": "2091-12-18.92", "dist": "0.744", "sigma_lov": "1.65807", "sigma_imp": "0.000", "ps": "-8.40"}, {"energy": "4.307e-02", "width": "7.1065e-03", "ip": "1.905e-08", "ts": "0", "stretch": "1.1579e+06", "date": "2087-12-19.21", "dist": "0.654", "sigma_lov": "-2.58168", "sigma_imp": "0.000", "ps": "-9.13"}, {"energy": "4.307e-02", "width": "4.2960e-03", "ip": "9.508e-09", "ts": "0", "stretch": "9.5107e+05", "date": "2083-12-19.34", "dist": "0.763", "sigma_lov": "-2.85449", "sigma_imp": "0.000", "ps": "-9.41"}, {"energy": "4.296e-02", "width": "1.9050e-03", "ip": "5.248e-08", "ts": "0", "stretch": "2.6633e+04", "date": "2082-12-19.28", "dist": "0.756", "sigma_lov": "-3.45055", "sigma_imp": "0.000", "ps": "-8.66"}, {"energy": "4.302e-02", "width": "2.2520e-03", "ip": "2.617e-08", "ts": "0", "stretch": "5.9369e+05", "date": "2078-12-19.17", "dist": "0.607", "sigma_lov": "-2.73039", "sigma_imp": "0.000", "ps": "-8.94"}]}