{"summary": {"energy": "1.446e+01", "darc": "1.4258 days", "ip": "6.4651e-09", "h": "23.28", "nobs": "6", "mass": "5.73e+08", "v_inf": "9.36", "first_obs": "2017-Apr-03.46618", "method": "LOV", "pdate": "2017-04-24 09:44:46", "ndop": "0", "cdate": "2017-04-24 09:44:46", "ps_cum": "-7.48", "diameter": "0.0749264667213191", "ndel": "0", "v_imp": "14.56", "ps_max": "-7.66", "last_obs": "2017-Apr-04.891947", "fullname": "(2017 GF8)", "n_imp": "5", "ts_max": "0", "nsat": "0", "des": "2017 GF8"}, "signature": {"source": "NASA/JPL Sentry Data API", "version": "1.1"}, "data": [{"energy": "1.569e+01", "width": "1.3974e+02", "ip": "3.189e-10", "ts": "0", "stretch": "4.4322e+06", "date": "2047-03-08.44", "dist": "181.188", "sigma_lov": "-0.42276", "sigma_imp": "1.289", "ps": "-8.49"}, {"energy": "1.736e+01", "width": "2.1582e+02", "ip": "4.754e-10", "ts": "0", "stretch": "3.9172e+06", "date": "2065-02-22.04", "dist": "43.892", "sigma_lov": "-0.63244", "sigma_imp": "0.199", "ps": "-8.49"}, {"energy": "1.413e+01", "width": "9.2599e+01", "ip": "4.185e-09", "ts": "0", "stretch": "1.1644e+06", "date": "2070-02-21.17", "dist": "16.910", "sigma_lov": "-0.41730", "sigma_imp": "0.172", "ps": "-7.66"}, {"energy": "1.417e+01", "width": "5.0237e+02", "ip": "7.628e-10", "ts": "0", "stretch": "1.0903e+06", "date": "2110-02-04.97", "dist": "177.446", "sigma_lov": "-0.48714", "sigma_imp": "0.351", "ps": "-8.64"}, {"energy": "1.422e+01", "width": "4.9094e+02", "ip": "7.230e-10", "ts": "0", "stretch": "1.2006e+06", "date": "2110-02-05.25", "dist": "143.527", "sigma_lov": "-0.48669", "sigma_imp": "0.290", "ps": "-8.66"}]}