{"summary": {"energy": "1.463e+04", "darc": "1.2440 days", "ip": "2.23231e-08", "h": "19.19", "nobs": "11", "mass": "1.62e+11", "v_inf": "25.20", "first_obs": "2017-Sep-25.49326", "method": "LOV", "pdate": "2017-10-14 08:24:10", "ndop": "0", "cdate": "2017-10-14 08:24:10", "ps_cum": "-4.19", "diameter": "0.49", "ndel": "0", "v_imp": "27.56", "ps_max": "-4.59", "last_obs": "2017-Sep-26.73723", "fullname": "(2017 SH33)", "n_imp": "22", "ts_max": "0", "nsat": "0", "des": "2017 SH33"}, "signature": {"source": "NASA/JPL Sentry Data API", "version": "1.1"}, "data": [{"energy": "1.477e+04", "width": "8.8297e+01", "ip": "2.251e-10", "ts": "0", "stretch": "8.5152e+06", "date": "2116-05-01.32", "dist": "124.785", "sigma_lov": "-0.38748", "sigma_imp": "1.402", "ps": "-6.78"}, {"energy": "1.456e+04", "width": "1.6805e+02", "ip": "4.531e-10", "ts": "0", "stretch": "5.7300e+06", "date": "2112-05-01.20", "dist": "51.879", "sigma_lov": "-0.39708", "sigma_imp": "0.303", "ps": "-6.47"}, {"energy": "1.444e+04", "width": "1.7482e+02", "ip": "3.603e-10", "ts": "0", "stretch": "5.0897e+06", "date": "2106-05-01.61", "dist": "147.018", "sigma_lov": "-0.40246", "sigma_imp": "0.835", "ps": "-6.54"}, {"energy": "1.474e+04", "width": "2.3203e+02", "ip": "7.400e-10", "ts": "0", "stretch": "2.4411e+06", "date": "2092-04-30.20", "dist": "99.195", "sigma_lov": "-0.38882", "sigma_imp": "0.423", "ps": "-6.15"}, {"energy": "1.458e+04", "width": "1.3210e+02", "ip": "1.667e-09", "ts": "0", "stretch": "2.0315e+06", "date": "2086-04-30.59", "dist": "28.437", "sigma_lov": "-0.39592", "sigma_imp": "0.208", "ps": "-5.76"}, {"energy": "1.478e+04", "width": "2.7050e+02", "ip": "1.603e-09", "ts": "0", "stretch": "9.3521e+05", "date": "2083-04-30.94", "dist": "135.235", "sigma_lov": "-0.38695", "sigma_imp": "0.496", "ps": "-5.75"}, {"energy": "1.478e+04", "width": "5.5142e+01", "ip": "6.616e-10", "ts": "0", "stretch": "7.1827e+05", "date": "2083-04-30.92", "dist": "131.987", "sigma_lov": "-0.38713", "sigma_imp": "2.375", "ps": "-6.14"}, {"energy": "1.448e+04", "width": "2.0185e+02", "ip": "4.582e-10", "ts": "0", "stretch": "4.2259e+06", "date": "2079-04-30.76", "dist": "112.874", "sigma_lov": "-0.40087", "sigma_imp": "0.554", "ps": "-6.28"}, {"energy": "1.449e+04", "width": "2.0185e+02", "ip": "4.582e-10", "ts": "0", "stretch": "4.2259e+06", "date": "2079-04-30.76", "dist": "112.874", "sigma_lov": "-0.40047", "sigma_imp": "0.554", "ps": "-6.28"}, {"energy": "1.456e+04", "width": "1.4822e+02", "ip": "1.040e-09", "ts": "0", "stretch": "2.8748e+06", "date": "2069-04-30.26", "dist": "38.008", "sigma_lov": "-0.39644", "sigma_imp": "0.250", "ps": "-5.84"}, {"energy": "1.441e+04", "width": "1.5319e+02", "ip": "7.221e-10", "ts": "0", "stretch": "2.3418e+06", "date": "2062-04-30.41", "dist": "163.040", "sigma_lov": "-0.40342", "sigma_imp": "1.058", "ps": "-5.94"}, {"energy": "1.471e+04", "width": "1.5900e+02", "ip": "9.634e-10", "ts": "0", "stretch": "2.6177e+06", "date": "2059-04-30.79", "dist": "82.687", "sigma_lov": "-0.38981", "sigma_imp": "0.514", "ps": "-5.78"}, {"energy": "1.483e+04", "width": "1.6567e+02", "ip": "8.507e-10", "ts": "0", "stretch": "1.9225e+06", "date": "2058-04-30.59", "dist": "170.436", "sigma_lov": "-0.38513", "sigma_imp": "1.023", "ps": "-5.82"}, {"energy": "1.443e+04", "width": "1.5868e+02", "ip": "7.385e-10", "ts": "0", "stretch": "2.4168e+06", "date": "2053-04-30.12", "dist": "155.049", "sigma_lov": "-0.40292", "sigma_imp": "0.971", "ps": "-5.83"}, {"energy": "1.456e+04", "width": "1.6019e+02", "ip": "1.084e-09", "ts": "0", "stretch": "2.4716e+06", "date": "2052-04-29.92", "dist": "57.291", "sigma_lov": "-0.39740", "sigma_imp": "0.351", "ps": "-5.65"}, {"energy": "1.467e+04", "width": "1.5413e+02", "ip": "1.398e-09", "ts": "0", "stretch": "2.0474e+06", "date": "2051-04-30.73", "dist": "42.946", "sigma_lov": "-0.39194", "sigma_imp": "0.272", "ps": "-5.52"}, {"energy": "1.445e+04", "width": "1.6570e+02", "ip": "9.615e-10", "ts": "0", "stretch": "2.0106e+06", "date": "2044-04-29.84", "dist": "139.545", "sigma_lov": "-0.40201", "sigma_imp": "0.836", "ps": "-5.59"}, {"energy": "1.481e+04", "width": "1.7073e+02", "ip": "7.914e-10", "ts": "0", "stretch": "2.1817e+06", "date": "2050-04-30.55", "dist": "161.002", "sigma_lov": "-0.38559", "sigma_imp": "0.937", "ps": "-5.75"}, {"energy": "1.479e+04", "width": "1.7699e+02", "ip": "1.002e-09", "ts": "0", "stretch": "1.8654e+06", "date": "2042-04-30.50", "dist": "143.549", "sigma_lov": "-0.38647", "sigma_imp": "0.805", "ps": "-5.53"}, {"energy": "1.449e+04", "width": "1.7832e+02", "ip": "1.558e-09", "ts": "0", "stretch": "1.3926e+06", "date": "2035-04-30.57", "dist": "102.855", "sigma_lov": "-0.40005", "sigma_imp": "0.571", "ps": "-5.20"}, {"energy": "1.475e+04", "width": "1.8788e+02", "ip": "1.545e-09", "ts": "0", "stretch": "1.3278e+06", "date": "2034-04-30.44", "dist": "111.219", "sigma_lov": "-0.38832", "sigma_imp": "0.587", "ps": "-5.17"}, {"energy": "1.462e+04", "width": "2.1759e+02", "ip": "3.042e-09", "ts": "0", "stretch": "6.9168e+05", "date": "2026-04-30.35", "dist": "10.159", "sigma_lov": "-0.39381", "sigma_imp": "0.042", "ps": "-4.59"}]}