{"summary": {"energy": "1.648e-02", "darc": ".16943 days", "ip": "1.0971039e-06", "h": "28.08", "nobs": "5", "mass": "8.31e+05", "v_inf": "5.89", "first_obs": "2017-Oct-21.30556", "method": "LOV", "pdate": "2017-12-15 13:45:24", "ndop": "0", "cdate": "2017-12-15 13:45:24", "ps_cum": "-7.66", "diameter": "0.00828257408436885", "ndel": "0", "v_imp": "12.64", "ps_max": "-8.84", "last_obs": "2017-Oct-21.47499", "fullname": "(2017 UL52)", "n_imp": "225", "ts_max": "0", "nsat": "0", "des": "2017 UL52"}, "signature": {"source": "NASA/JPL Sentry Data API", "version": "1.1"}, "data": [{"energy": "6.718e-02", "width": "5.0997e+01", "ip": "1.177e-10", "ts": "0", "stretch": "7.6512e+04", "date": "2030-10-20.02", "dist": "186.844", "sigma_lov": "0.75777", "sigma_imp": "3.644", "ps": "-10.5"}, {"energy": "7.808e-02", "width": "6.1570e+01", "ip": "3.900e-10", "ts": "0", "stretch": "8.7123e+04", "date": "2033-10-19.80", "dist": "197.553", "sigma_lov": "0.81909", "sigma_imp": "3.192", "ps": "-9.97"}, {"energy": "3.143e-02", "width": "9.7068e+01", "ip": "3.923e-09", "ts": "0", "stretch": "4.3994e+05", "date": "2035-10-20.20", "dist": "138.455", "sigma_lov": "0.39664", "sigma_imp": "1.416", "ps": "-9.34"}, {"energy": "1.834e-02", "width": "1.4590e+01", "ip": "1.499e-09", "ts": "0", "stretch": "3.3967e+06", "date": "2040-10-20.25", "dist": "28.482", "sigma_lov": "0.08012", "sigma_imp": "1.884", "ps": "-10.0"}, {"energy": "1.187e-02", "width": "5.1733e+01", "ip": "4.571e-10", "ts": "0", "stretch": "4.4648e+06", "date": "2043-10-19.99", "dist": "90.448", "sigma_lov": "-0.22759", "sigma_imp": "1.729", "ps": "-10.8"}, {"energy": "5.631e-03", "width": "1.8138e+01", "ip": "3.037e-10", "ts": "0", "stretch": "1.4631e+05", "date": "2043-10-20.05", "dist": "63.099", "sigma_lov": "-0.87430", "sigma_imp": "3.424", "ps": "-11.2"}, {"energy": "1.552e-02", "width": "5.6362e+01", "ip": "1.235e-08", "ts": "0", "stretch": "5.7956e+04", "date": "2046-10-19.61", "dist": "126.452", "sigma_lov": "-0.03503", "sigma_imp": "2.226", "ps": "-9.29"}, {"energy": "1.304e-02", "width": "2.8917e+01", "ip": "3.418e-10", "ts": "0", "stretch": "8.2121e+05", "date": "2047-10-20.12", "dist": "82.892", "sigma_lov": "-0.15831", "sigma_imp": "2.832", "ps": "-10.9"}, {"energy": "1.295e-02", "width": "5.8680e+01", "ip": "1.217e-08", "ts": "0", "stretch": "2.3715e+05", "date": "2047-10-20.17", "dist": "85.801", "sigma_lov": "-0.16311", "sigma_imp": "1.445", "ps": "-9.38"}, {"energy": "1.200e-02", "width": "8.1357e+01", "ip": "1.665e-08", "ts": "0", "stretch": "2.4759e+05", "date": "2047-10-20.27", "dist": "70.383", "sigma_lov": "-0.21931", "sigma_imp": "0.853", "ps": "-9.27"}, {"energy": "1.187e-02", "width": "7.2623e+01", "ip": "2.218e-09", "ts": "0", "stretch": "2.3182e+06", "date": "2047-10-20.30", "dist": "52.881", "sigma_lov": "-0.22682", "sigma_imp": "0.714", "ps": "-10.1"}, {"energy": "5.632e-03", "width": "2.5993e+01", "ip": "2.533e-09", "ts": "0", "stretch": "3.3908e+05", "date": "2048-10-18.90", "dist": "60.699", "sigma_lov": "-0.87364", "sigma_imp": "2.297", "ps": "-10.4"}, {"energy": "1.115e-02", "width": "5.2861e+01", "ip": "1.820e-08", "ts": "0", "stretch": "1.5941e+05", "date": "2048-10-19.14", "dist": "79.907", "sigma_lov": "-0.27615", "sigma_imp": "1.493", "ps": "-9.27"}, {"energy": "1.112e-02", "width": "2.2835e+01", "ip": "7.154e-10", "ts": "0", "stretch": "1.0935e+05", "date": "2048-10-19.22", "dist": "76.401", "sigma_lov": "-0.27748", "sigma_imp": "3.302", "ps": "-10.7"}, {"energy": "2.034e-02", "width": "3.0352e+01", "ip": "1.522e-10", "ts": "0", "stretch": "9.3432e+04", "date": "2048-10-19.33", "dist": "113.949", "sigma_lov": "0.14329", "sigma_imp": "3.721", "ps": "-11.1"}, {"energy": "8.646e-04", "width": "1.3735e+01", "ip": "2.025e-10", "ts": "0", "stretch": "6.0485e+04", "date": "2050-10-15.26", "dist": "26.253", "sigma_lov": "-3.51696", "sigma_imp": "1.839", "ps": "-12.1"}, {"energy": "1.467e-02", "width": "2.2689e+01", "ip": "1.617e-08", "ts": "0", "stretch": "3.3082e+04", "date": "2050-10-20.04", "dist": "61.864", "sigma_lov": "-0.07296", "sigma_imp": "2.683", "ps": "-9.25"}, {"energy": "1.187e-02", "width": "4.2917e+01", "ip": "1.194e-09", "ts": "0", "stretch": "9.8186e+05", "date": "2052-10-19.15", "dist": "91.433", "sigma_lov": "-0.22860", "sigma_imp": "2.107", "ps": "-10.5"}, {"energy": "8.327e-02", "width": "5.5676e+01", "ip": "1.030e-10", "ts": "0", "stretch": "1.0522e+05", "date": "2052-10-19.56", "dist": "198.729", "sigma_lov": "0.84424", "sigma_imp": "3.551", "ps": "-10.9"}, {"energy": "5.731e-03", "width": "1.4233e+01", "ip": "9.544e-10", "ts": "0", "stretch": "5.5264e+04", "date": "2053-10-19.31", "dist": "49.876", "sigma_lov": "-0.85613", "sigma_imp": "3.434", "ps": "-10.8"}, {"energy": "1.449e-02", "width": "7.6330e+01", "ip": "7.541e-09", "ts": "0", "stretch": "3.9141e+05", "date": "2059-10-19.94", "dist": "96.159", "sigma_lov": "-0.08208", "sigma_imp": "1.247", "ps": "-9.69"}, {"energy": "2.142e-02", "width": "1.2815e+02", "ip": "9.181e-10", "ts": "0", "stretch": "2.6294e+06", "date": "2060-10-19.28", "dist": "123.676", "sigma_lov": "0.17534", "sigma_imp": "0.957", "ps": "-10.5"}, {"energy": "2.138e-02", "width": "9.8412e+01", "ip": "1.371e-09", "ts": "0", "stretch": "1.6470e+06", "date": "2060-10-19.29", "dist": "124.215", "sigma_lov": "0.17419", "sigma_imp": "1.252", "ps": "-10.3"}, {"energy": "1.903e-02", "width": "4.1405e+01", "ip": "2.204e-08", "ts": "0", "stretch": "2.4115e+04", "date": "2060-10-19.36", "dist": "103.418", "sigma_lov": "0.10049", "sigma_imp": "2.474", "ps": "-9.14"}, {"energy": "1.990e-02", "width": "4.8609e+01", "ip": "7.457e-10", "ts": "0", "stretch": "3.4780e+06", "date": "2060-10-19.51", "dist": "80.463", "sigma_lov": "0.13001", "sigma_imp": "1.635", "ps": "-10.6"}, {"energy": "7.700e-02", "width": "8.0322e+01", "ip": "1.502e-09", "ts": "0", "stretch": "1.6725e+05", "date": "2062-10-20.04", "dist": "192.938", "sigma_lov": "0.81386", "sigma_imp": "2.390", "ps": "-9.84"}, {"energy": "7.769e-02", "width": "7.2816e+01", "ip": "1.863e-10", "ts": "0", "stretch": "7.8925e+05", "date": "2062-10-20.04", "dist": "193.100", "sigma_lov": "0.81742", "sigma_imp": "2.638", "ps": "-10.7"}, {"energy": "1.365e-02", "width": "3.1131e+01", "ip": "1.748e-10", "ts": "0", "stretch": "4.5346e+05", "date": "2063-10-19.73", "dist": "101.392", "sigma_lov": "-0.12594", "sigma_imp": "3.225", "ps": "-11.4"}, {"energy": "9.170e-03", "width": "1.4036e+01", "ip": "2.379e-09", "ts": "0", "stretch": "1.6405e+05", "date": "2063-10-20.12", "dist": "41.754", "sigma_lov": "-0.43118", "sigma_imp": "2.903", "ps": "-10.4"}, {"energy": "9.211e-03", "width": "1.3730e+01", "ip": "2.825e-10", "ts": "0", "stretch": "6.4154e+05", "date": "2063-10-20.13", "dist": "44.346", "sigma_lov": "-0.42780", "sigma_imp": "3.157", "ps": "-11.3"}, {"energy": "8.294e-03", "width": "1.8303e+01", "ip": "1.922e-09", "ts": "0", "stretch": "1.1728e+04", "date": "2064-10-19.15", "dist": "68.334", "sigma_lov": "-0.51720", "sigma_imp": "3.679", "ps": "-10.5"}, {"energy": "1.258e-02", "width": "3.9084e+01", "ip": "7.558e-10", "ts": "0", "stretch": "1.3869e+06", "date": "2064-10-19.20", "dist": "87.121", "sigma_lov": "-0.18456", "sigma_imp": "2.203", "ps": "-10.8"}, {"energy": "1.920e-02", "width": "5.6750e+01", "ip": "4.829e-08", "ts": "0", "stretch": "2.6026e+04", "date": "2064-10-19.21", "dist": "111.853", "sigma_lov": "0.10597", "sigma_imp": "1.953", "ps": "-8.84"}, {"energy": "7.400e-03", "width": "2.1546e+01", "ip": "5.227e-10", "ts": "0", "stretch": "1.6018e+05", "date": "2065-10-19.25", "dist": "71.039", "sigma_lov": "-0.61693", "sigma_imp": "3.251", "ps": "-11.1"}, {"energy": "1.174e-02", "width": "1.1855e+02", "ip": "1.909e-08", "ts": "0", "stretch": "1.6949e+05", "date": "2065-10-19.26", "dist": "81.487", "sigma_lov": "-0.23592", "sigma_imp": "0.679", "ps": "-9.42"}, {"energy": "1.187e-02", "width": "4.8723e+01", "ip": "5.384e-10", "ts": "0", "stretch": "2.2605e+06", "date": "2065-10-19.29", "dist": "99.980", "sigma_lov": "-0.22783", "sigma_imp": "2.031", "ps": "-11.0"}, {"energy": "1.173e-02", "width": "4.6360e+01", "ip": "1.331e-08", "ts": "0", "stretch": "1.7669e+05", "date": "2065-10-19.36", "dist": "80.144", "sigma_lov": "-0.23620", "sigma_imp": "1.707", "ps": "-9.58"}, {"energy": "6.307e-02", "width": "5.0747e+01", "ip": "1.045e-10", "ts": "0", "stretch": "1.6217e+05", "date": "2066-10-19.98", "dist": "177.316", "sigma_lov": "0.73071", "sigma_imp": "3.474", "ps": "-11.1"}, {"energy": "3.151e-02", "width": "5.3131e+01", "ip": "2.101e-10", "ts": "0", "stretch": "3.3224e+06", "date": "2067-10-20.12", "dist": "119.396", "sigma_lov": "0.39795", "sigma_imp": "2.228", "ps": "-11.1"}, {"energy": "1.920e-02", "width": "5.1467e+01", "ip": "3.757e-09", "ts": "0", "stretch": "2.7781e+05", "date": "2068-10-19.14", "dist": "108.590", "sigma_lov": "0.10635", "sigma_imp": "2.090", "ps": "-9.98"}, {"energy": "1.734e-02", "width": "3.4339e+01", "ip": "2.249e-09", "ts": "0", "stretch": "1.9030e+05", "date": "2068-10-19.23", "dist": "91.204", "sigma_lov": "0.04082", "sigma_imp": "2.627", "ps": "-10.2"}, {"energy": "7.837e-02", "width": "8.0061e+01", "ip": "2.649e-10", "ts": "0", "stretch": "9.5115e+05", "date": "2068-10-19.56", "dist": "192.146", "sigma_lov": "0.82061", "sigma_imp": "2.388", "ps": "-10.6"}, {"energy": "7.968e-02", "width": "7.0019e+01", "ip": "2.448e-09", "ts": "0", "stretch": "4.6717e+04", "date": "2068-10-19.57", "dist": "192.983", "sigma_lov": "0.82740", "sigma_imp": "2.742", "ps": "-9.67"}, {"energy": "3.934e-02", "width": "4.2648e+01", "ip": "8.954e-10", "ts": "0", "stretch": "3.3596e+04", "date": "2069-10-19.67", "dist": "145.733", "sigma_lov": "0.51231", "sigma_imp": "3.394", "ps": "-10.4"}, {"energy": "6.510e-03", "width": "2.0719e+01", "ip": "8.566e-10", "ts": "0", "stretch": "2.6017e+05", "date": "2070-10-19.13", "dist": "61.575", "sigma_lov": "-0.73411", "sigma_imp": "2.924", "ps": "-11.0"}, {"energy": "6.489e-03", "width": "1.7729e+01", "ip": "1.056e-10", "ts": "0", "stretch": "3.9159e+05", "date": "2070-10-19.15", "dist": "62.718", "sigma_lov": "-0.73676", "sigma_imp": "3.481", "ps": "-11.9"}, {"energy": "7.033e-03", "width": "1.6199e+01", "ip": "8.643e-10", "ts": "0", "stretch": "2.2287e+05", "date": "2070-10-19.46", "dist": "50.504", "sigma_lov": "-0.66206", "sigma_imp": "3.056", "ps": "-11.0"}, {"energy": "1.116e-02", "width": "4.0799e+01", "ip": "4.795e-10", "ts": "0", "stretch": "2.7977e+06", "date": "2070-10-19.49", "dist": "85.064", "sigma_lov": "-0.27535", "sigma_imp": "2.060", "ps": "-11.1"}, {"energy": "1.109e-02", "width": "2.7754e+01", "ip": "1.437e-09", "ts": "0", "stretch": "3.2381e+05", "date": "2070-10-19.58", "dist": "74.646", "sigma_lov": "-0.27975", "sigma_imp": "2.654", "ps": "-10.6"}, {"energy": "1.463e-02", "width": "2.1216e+02", "ip": "5.641e-10", "ts": "0", "stretch": "3.6463e+06", "date": "2071-10-19.71", "dist": "109.320", "sigma_lov": "-0.07626", "sigma_imp": "0.511", "ps": "-10.9"}, {"energy": "9.086e-03", "width": "2.7101e+01", "ip": "6.509e-10", "ts": "0", "stretch": "1.2128e+06", "date": "2071-10-19.87", "dist": "66.983", "sigma_lov": "-0.43964", "sigma_imp": "2.435", "ps": "-11.0"}, {"energy": "2.017e-02", "width": "4.5352e+01", "ip": "2.311e-10", "ts": "0", "stretch": "7.0377e+06", "date": "2071-10-19.96", "dist": "88.531", "sigma_lov": "0.13772", "sigma_imp": "1.930", "ps": "-11.2"}, {"energy": "8.578e-02", "width": "5.6396e+01", "ip": "3.785e-10", "ts": "0", "stretch": "3.7837e+04", "date": "2071-10-20.34", "dist": "196.484", "sigma_lov": "0.85582", "sigma_imp": "3.466", "ps": "-10.5"}, {"energy": "1.338e-02", "width": "4.3670e+01", "ip": "5.207e-10", "ts": "0", "stretch": "5.2100e+05", "date": "2072-10-18.72", "dist": "119.315", "sigma_lov": "-0.14094", "sigma_imp": "2.709", "ps": "-11.0"}, {"energy": "1.198e-02", "width": "6.2626e+01", "ip": "3.570e-09", "ts": "0", "stretch": "1.1004e+06", "date": "2072-10-19.04", "dist": "73.241", "sigma_lov": "-0.22077", "sigma_imp": "1.154", "ps": "-10.2"}, {"energy": "9.118e-03", "width": "1.9656e+01", "ip": "1.153e-08", "ts": "0", "stretch": "6.4669e+05", "date": "2072-10-19.23", "dist": "29.566", "sigma_lov": "-0.43515", "sigma_imp": "1.453", "ps": "-9.79"}, {"energy": "9.206e-03", "width": "1.8589e+01", "ip": "8.149e-10", "ts": "0", "stretch": "6.0142e+06", "date": "2072-10-19.26", "dist": "33.364", "sigma_lov": "-0.42756", "sigma_imp": "1.741", "ps": "-10.9"}, {"energy": "9.144e-03", "width": "1.9782e+01", "ip": "1.411e-08", "ts": "0", "stretch": "5.2844e+05", "date": "2072-10-19.26", "dist": "29.690", "sigma_lov": "-0.43271", "sigma_imp": "1.450", "ps": "-9.70"}, {"energy": "1.853e-02", "width": "3.2374e+01", "ip": "1.754e-10", "ts": "0", "stretch": "3.6096e+06", "date": "2075-10-19.98", "dist": "81.799", "sigma_lov": "0.08409", "sigma_imp": "2.496", "ps": "-11.4"}, {"energy": "3.948e-02", "width": "4.5162e+01", "ip": "1.305e-10", "ts": "0", "stretch": "3.3076e+05", "date": "2076-10-19.37", "dist": "148.678", "sigma_lov": "0.51443", "sigma_imp": "3.270", "ps": "-11.3"}, {"energy": "7.324e-03", "width": "2.9977e+01", "ip": "1.311e-08", "ts": "0", "stretch": "1.6822e+05", "date": "2079-10-19.64", "dist": "57.287", "sigma_lov": "-0.62587", "sigma_imp": "1.878", "ps": "-9.86"}, {"energy": "7.312e-03", "width": "2.1857e+01", "ip": "1.732e-09", "ts": "0", "stretch": "3.0081e+05", "date": "2079-10-19.64", "dist": "58.528", "sigma_lov": "-0.62749", "sigma_imp": "2.632", "ps": "-10.7"}, {"energy": "7.375e-03", "width": "3.1823e+01", "ip": "2.048e-08", "ts": "0", "stretch": "2.3139e+05", "date": "2079-10-19.68", "dist": "45.131", "sigma_lov": "-0.61912", "sigma_imp": "1.387", "ps": "-9.66"}, {"energy": "8.135e-03", "width": "1.9000e+01", "ip": "1.897e-10", "ts": "0", "stretch": "5.8621e+05", "date": "2079-10-19.70", "dist": "62.012", "sigma_lov": "-0.53375", "sigma_imp": "3.211", "ps": "-11.7"}, {"energy": "7.347e-03", "width": "3.5822e+01", "ip": "5.064e-08", "ts": "0", "stretch": "8.3876e+04", "date": "2079-10-19.71", "dist": "50.518", "sigma_lov": "-0.62264", "sigma_imp": "1.382", "ps": "-9.27"}, {"energy": "2.804e-02", "width": "2.1780e+02", "ip": "8.421e-09", "ts": "0", "stretch": "2.1724e+05", "date": "2079-10-19.85", "dist": "128.393", "sigma_lov": "0.33231", "sigma_imp": "0.585", "ps": "-9.58"}, {"energy": "1.404e-02", "width": "4.0706e+01", "ip": "2.373e-09", "ts": "0", "stretch": "1.0619e+05", "date": "2080-10-18.86", "dist": "113.407", "sigma_lov": "-0.10625", "sigma_imp": "2.761", "ps": "-10.4"}, {"energy": "1.329e-02", "width": "3.7439e+01", "ip": "6.901e-10", "ts": "0", "stretch": "9.6052e+05", "date": "2080-10-18.93", "dist": "91.589", "sigma_lov": "-0.14509", "sigma_imp": "2.420", "ps": "-10.9"}, {"energy": "1.003e-02", "width": "1.3575e+02", "ip": "2.076e-09", "ts": "0", "stretch": "1.5407e+06", "date": "2080-10-18.98", "dist": "52.849", "sigma_lov": "-0.35856", "sigma_imp": "0.382", "ps": "-10.6"}, {"energy": "2.791e-02", "width": "6.8704e+01", "ip": "1.426e-09", "ts": "0", "stretch": "1.2657e+06", "date": "2080-10-19.25", "dist": "112.550", "sigma_lov": "0.33029", "sigma_imp": "1.624", "ps": "-10.4"}, {"energy": "2.274e-02", "width": "4.8573e+01", "ip": "3.728e-08", "ts": "0", "stretch": "1.2247e+04", "date": "2081-10-19.37", "dist": "120.839", "sigma_lov": "0.21118", "sigma_imp": "2.467", "ps": "-9.03"}, {"energy": "2.302e-02", "width": "3.7764e+01", "ip": "7.380e-09", "ts": "0", "stretch": "8.8281e+03", "date": "2081-10-19.45", "dist": "122.862", "sigma_lov": "0.21867", "sigma_imp": "3.227", "ps": "-9.72"}, {"energy": "3.274e-02", "width": "4.0426e+01", "ip": "1.994e-10", "ts": "0", "stretch": "5.8894e+05", "date": "2081-10-19.61", "dist": "122.255", "sigma_lov": "0.41802", "sigma_imp": "2.999", "ps": "-11.2"}, {"energy": "1.128e-02", "width": "7.2131e+01", "ip": "6.538e-09", "ts": "0", "stretch": "4.5905e+05", "date": "2082-10-19.50", "dist": "91.266", "sigma_lov": "-0.26708", "sigma_imp": "1.251", "ps": "-10.0"}, {"energy": "1.140e-02", "width": "1.4316e+02", "ip": "6.782e-08", "ts": "0", "stretch": "3.9426e+04", "date": "2082-10-19.61", "dist": "97.669", "sigma_lov": "-0.25870", "sigma_imp": "0.675", "ps": "-9.01"}, {"energy": "2.847e-02", "width": "3.4614e+01", "ip": "1.628e-09", "ts": "0", "stretch": "5.4823e+05", "date": "2082-10-20.01", "dist": "80.853", "sigma_lov": "0.34184", "sigma_imp": "2.307", "ps": "-10.3"}, {"energy": "2.857e-02", "width": "3.2910e+01", "ip": "1.952e-09", "ts": "0", "stretch": "3.8214e+05", "date": "2082-10-20.02", "dist": "80.038", "sigma_lov": "0.34373", "sigma_imp": "2.402", "ps": "-10.2"}, {"energy": "1.116e-02", "width": "6.1451e+01", "ip": "1.837e-10", "ts": "0", "stretch": "1.6355e+07", "date": "2083-10-19.50", "dist": "85.022", "sigma_lov": "-0.27540", "sigma_imp": "1.367", "ps": "-11.6"}, {"energy": "1.151e-02", "width": "4.3672e+01", "ip": "2.915e-09", "ts": "0", "stretch": "4.0529e+05", "date": "2083-10-19.60", "dist": "92.406", "sigma_lov": "-0.25233", "sigma_imp": "2.093", "ps": "-10.4"}, {"energy": "1.110e-02", "width": "4.8146e+01", "ip": "8.287e-10", "ts": "0", "stretch": "3.7992e+06", "date": "2083-10-19.60", "dist": "73.128", "sigma_lov": "-0.27936", "sigma_imp": "1.498", "ps": "-10.9"}, {"energy": "1.181e-02", "width": "3.5911e+01", "ip": "8.643e-10", "ts": "0", "stretch": "1.1429e+06", "date": "2083-10-19.65", "dist": "82.177", "sigma_lov": "-0.23268", "sigma_imp": "2.261", "ps": "-10.9"}, {"energy": "1.115e-02", "width": "3.9874e+01", "ip": "1.246e-10", "ts": "0", "stretch": "1.9414e+07", "date": "2083-10-19.66", "dist": "71.474", "sigma_lov": "-0.27563", "sigma_imp": "1.767", "ps": "-11.8"}, {"energy": "1.105e-02", "width": "2.8894e+01", "ip": "9.114e-10", "ts": "0", "stretch": "9.4769e+05", "date": "2083-10-19.71", "dist": "70.268", "sigma_lov": "-0.28263", "sigma_imp": "2.397", "ps": "-10.9"}, {"energy": "1.460e-02", "width": "7.2208e+01", "ip": "1.135e-08", "ts": "0", "stretch": "3.0234e+05", "date": "2083-10-19.78", "dist": "85.367", "sigma_lov": "-0.07688", "sigma_imp": "1.168", "ps": "-9.71"}, {"energy": "1.432e-02", "width": "4.9634e+01", "ip": "4.336e-09", "ts": "0", "stretch": "7.1121e+05", "date": "2084-10-19.19", "dist": "76.230", "sigma_lov": "-0.09034", "sigma_imp": "1.516", "ps": "-10.1"}, {"energy": "1.426e-02", "width": "2.8937e+01", "ip": "1.591e-09", "ts": "0", "stretch": "3.2364e+05", "date": "2084-10-19.25", "dist": "76.666", "sigma_lov": "-0.09317", "sigma_imp": "2.615", "ps": "-10.6"}, {"energy": "1.813e-02", "width": "3.5632e+01", "ip": "6.133e-10", "ts": "0", "stretch": "3.1329e+06", "date": "2084-10-19.29", "dist": "71.021", "sigma_lov": "0.07091", "sigma_imp": "1.965", "ps": "-10.9"}, {"energy": "7.818e-02", "width": "8.3248e+01", "ip": "9.346e-10", "ts": "0", "stretch": "3.0799e+05", "date": "2084-10-19.54", "dist": "193.748", "sigma_lov": "0.81985", "sigma_imp": "2.315", "ps": "-10.2"}, {"energy": "8.010e-02", "width": "8.4911e+01", "ip": "7.626e-10", "ts": "0", "stretch": "4.1087e+05", "date": "2084-10-19.55", "dist": "193.475", "sigma_lov": "0.82940", "sigma_imp": "2.267", "ps": "-10.3"}, {"energy": "5.618e-03", "width": "2.6322e+01", "ip": "3.080e-10", "ts": "0", "stretch": "2.8704e+06", "date": "2085-10-18.86", "dist": "60.965", "sigma_lov": "-0.87700", "sigma_imp": "2.278", "ps": "-11.6"}, {"energy": "1.265e-02", "width": "5.2368e+01", "ip": "2.611e-10", "ts": "0", "stretch": "1.2535e+07", "date": "2085-10-19.26", "dist": "76.024", "sigma_lov": "-0.18019", "sigma_imp": "1.433", "ps": "-11.4"}, {"energy": "1.292e-02", "width": "3.3447e+01", "ip": "1.440e-10", "ts": "0", "stretch": "8.3043e+06", "date": "2085-10-19.31", "dist": "74.970", "sigma_lov": "-0.16479", "sigma_imp": "2.212", "ps": "-11.7"}, {"energy": "1.294e-02", "width": "2.8268e+01", "ip": "2.134e-10", "ts": "0", "stretch": "2.7269e+06", "date": "2085-10-19.33", "dist": "73.727", "sigma_lov": "-0.16408", "sigma_imp": "2.573", "ps": "-11.5"}, {"energy": "3.007e-02", "width": "4.0540e+01", "ip": "1.866e-10", "ts": "0", "stretch": "2.0345e+05", "date": "2086-10-19.71", "dist": "137.088", "sigma_lov": "0.37164", "sigma_imp": "3.357", "ps": "-11.3"}, {"energy": "3.014e-02", "width": "4.7559e+01", "ip": "2.081e-10", "ts": "0", "stretch": "7.7188e+05", "date": "2086-10-19.72", "dist": "136.426", "sigma_lov": "0.37284", "sigma_imp": "2.848", "ps": "-11.2"}, {"energy": "1.461e-02", "width": "8.5576e+01", "ip": "1.338e-10", "ts": "0", "stretch": "2.4058e+07", "date": "2087-10-19.51", "dist": "93.202", "sigma_lov": "-0.07693", "sigma_imp": "1.077", "ps": "-11.7"}, {"energy": "1.461e-02", "width": "9.9727e+01", "ip": "5.346e-10", "ts": "0", "stretch": "6.1881e+06", "date": "2087-10-19.56", "dist": "90.576", "sigma_lov": "-0.07682", "sigma_imp": "0.898", "ps": "-11.1"}, {"energy": "1.492e-02", "width": "1.8979e+02", "ip": "6.482e-08", "ts": "0", "stretch": "3.5554e+04", "date": "2087-10-19.58", "dist": "97.376", "sigma_lov": "-0.06258", "sigma_imp": "0.508", "ps": "-8.97"}, {"energy": "1.473e-02", "width": "4.9225e+01", "ip": "1.857e-08", "ts": "0", "stretch": "2.9067e+05", "date": "2087-10-20.07", "dist": "55.243", "sigma_lov": "-0.07002", "sigma_imp": "1.102", "ps": "-9.52"}, {"energy": "7.329e-03", "width": "4.7215e+01", "ip": "1.010e-08", "ts": "0", "stretch": "6.3865e+05", "date": "2088-10-18.80", "dist": "36.529", "sigma_lov": "-0.62388", "sigma_imp": "0.752", "ps": "-10.0"}, {"energy": "7.336e-03", "width": "4.9162e+01", "ip": "2.534e-09", "ts": "0", "stretch": "2.5626e+06", "date": "2088-10-18.83", "dist": "34.980", "sigma_lov": "-0.62305", "sigma_imp": "0.691", "ps": "-10.6"}, {"energy": "3.694e-02", "width": "7.5265e+01", "ip": "2.063e-10", "ts": "0", "stretch": "3.2280e+06", "date": "2088-10-19.18", "dist": "157.456", "sigma_lov": "0.47994", "sigma_imp": "2.079", "ps": "-11.2"}, {"energy": "7.780e-03", "width": "2.5208e+01", "ip": "1.528e-09", "ts": "0", "stretch": "1.2483e+05", "date": "2089-10-18.97", "dist": "75.457", "sigma_lov": "-0.57315", "sigma_imp": "2.954", "ps": "-10.8"}, {"energy": "7.476e-03", "width": "9.1280e+01", "ip": "2.798e-08", "ts": "0", "stretch": "1.1595e+05", "date": "2089-10-19.07", "dist": "74.991", "sigma_lov": "-0.60795", "sigma_imp": "0.811", "ps": "-9.59"}, {"energy": "3.209e-02", "width": "6.0920e+01", "ip": "1.632e-10", "ts": "0", "stretch": "4.1430e+06", "date": "2089-10-19.52", "dist": "133.910", "sigma_lov": "0.40710", "sigma_imp": "2.182", "ps": "-11.3"}, {"energy": "1.289e-02", "width": "4.2519e+01", "ip": "7.756e-10", "ts": "0", "stretch": "8.8305e+06", "date": "2089-10-19.53", "dist": "43.621", "sigma_lov": "-0.16494", "sigma_imp": "1.002", "ps": "-11.0"}, {"energy": "8.767e-02", "width": "7.0513e+01", "ip": "1.113e-10", "ts": "0", "stretch": "9.8800e+05", "date": "2090-10-20.11", "dist": "194.383", "sigma_lov": "0.86448", "sigma_imp": "2.743", "ps": "-11.1"}, {"energy": "1.711e-02", "width": "9.1183e+01", "ip": "9.718e-10", "ts": "0", "stretch": "3.5302e+06", "date": "2091-10-19.83", "dist": "88.275", "sigma_lov": "0.03146", "sigma_imp": "0.957", "ps": "-10.8"}, {"energy": "6.559e-03", "width": "5.9166e+01", "ip": "1.216e-09", "ts": "0", "stretch": "2.0346e+06", "date": "2092-10-18.12", "dist": "82.039", "sigma_lov": "-0.72886", "sigma_imp": "1.370", "ps": "-11.0"}, {"energy": "6.612e-03", "width": "2.2199e+01", "ip": "1.620e-10", "ts": "0", "stretch": "1.3156e+06", "date": "2092-10-18.28", "dist": "65.862", "sigma_lov": "-0.72048", "sigma_imp": "2.922", "ps": "-11.9"}, {"energy": "1.009e-02", "width": "9.1992e+01", "ip": "2.421e-09", "ts": "0", "stretch": "1.5070e+06", "date": "2092-10-18.74", "dist": "75.263", "sigma_lov": "-0.35410", "sigma_imp": "0.807", "ps": "-10.6"}, {"energy": "3.165e-02", "width": "1.2903e+02", "ip": "7.738e-09", "ts": "0", "stretch": "2.6524e+05", "date": "2092-10-19.18", "dist": "136.310", "sigma_lov": "0.39985", "sigma_imp": "1.049", "ps": "-9.66"}, {"energy": "7.609e-03", "width": "1.7281e+01", "ip": "2.312e-10", "ts": "0", "stretch": "3.2509e+05", "date": "2093-10-19.02", "dist": "58.759", "sigma_lov": "-0.59278", "sigma_imp": "3.342", "ps": "-11.7"}, {"energy": "1.402e-02", "width": "4.0394e+01", "ip": "6.667e-10", "ts": "0", "stretch": "6.2909e+05", "date": "2093-10-19.12", "dist": "105.012", "sigma_lov": "-0.10713", "sigma_imp": "2.575", "ps": "-11.0"}, {"energy": "1.401e-02", "width": "3.9305e+01", "ip": "9.230e-10", "ts": "0", "stretch": "4.2046e+05", "date": "2093-10-19.14", "dist": "103.755", "sigma_lov": "-0.10758", "sigma_imp": "2.614", "ps": "-10.9"}, {"energy": "1.369e-02", "width": "5.3368e+01", "ip": "1.038e-09", "ts": "0", "stretch": "2.2884e+06", "date": "2093-10-19.20", "dist": "88.138", "sigma_lov": "-0.12347", "sigma_imp": "1.633", "ps": "-10.8"}, {"energy": "1.194e-02", "width": "4.3083e+01", "ip": "6.687e-09", "ts": "0", "stretch": "8.5767e+05", "date": "2093-10-19.44", "dist": "50.215", "sigma_lov": "-0.22270", "sigma_imp": "1.142", "ps": "-10.1"}, {"energy": "4.012e-02", "width": "7.0380e+01", "ip": "4.455e-10", "ts": "0", "stretch": "1.7344e+06", "date": "2093-10-19.55", "dist": "143.745", "sigma_lov": "0.52198", "sigma_imp": "2.028", "ps": "-10.8"}, {"energy": "3.887e-02", "width": "5.8009e+01", "ip": "4.105e-09", "ts": "0", "stretch": "1.2016e+05", "date": "2093-10-19.61", "dist": "135.693", "sigma_lov": "0.50636", "sigma_imp": "2.322", "ps": "-9.87"}, {"energy": "2.881e-02", "width": "5.3785e+01", "ip": "1.916e-09", "ts": "0", "stretch": "2.1273e+06", "date": "2093-10-19.79", "dist": "66.564", "sigma_lov": "0.34854", "sigma_imp": "1.219", "ps": "-10.3"}, {"energy": "7.780e-03", "width": "2.9795e+01", "ip": "1.506e-09", "ts": "0", "stretch": "2.5600e+05", "date": "2094-10-18.90", "dist": "80.037", "sigma_lov": "-0.57415", "sigma_imp": "2.653", "ps": "-10.9"}, {"energy": "7.784e-03", "width": "2.7660e+01", "ip": "4.663e-10", "ts": "0", "stretch": "4.9987e+05", "date": "2094-10-18.91", "dist": "80.032", "sigma_lov": "-0.57374", "sigma_imp": "2.857", "ps": "-11.4"}, {"energy": "7.425e-03", "width": "3.9414e+01", "ip": "4.394e-09", "ts": "0", "stretch": "5.1858e+05", "date": "2094-10-19.10", "dist": "68.866", "sigma_lov": "-0.61481", "sigma_imp": "1.722", "ps": "-10.4"}, {"energy": "3.029e-02", "width": "2.0578e+02", "ip": "4.871e-08", "ts": "0", "stretch": "3.8026e+04", "date": "2094-10-19.59", "dist": "131.247", "sigma_lov": "0.37478", "sigma_imp": "0.633", "ps": "-8.89"}, {"energy": "8.907e-03", "width": "1.2527e+01", "ip": "3.146e-08", "ts": "0", "stretch": "7.9313e+05", "date": "2094-10-20.04", "dist": "10.714", "sigma_lov": "-0.45246", "sigma_imp": "0.775", "ps": "-9.51"}, {"energy": "1.354e-03", "width": "2.7260e+01", "ip": "9.092e-09", "ts": "0", "stretch": "2.5410e+04", "date": "2095-10-16.37", "dist": "31.990", "sigma_lov": "-2.71772", "sigma_imp": "1.137", "ps": "-10.7"}, {"energy": "1.724e-02", "width": "5.0892e+01", "ip": "6.907e-10", "ts": "0", "stretch": "1.4574e+06", "date": "2095-10-19.64", "dist": "108.626", "sigma_lov": "0.03616", "sigma_imp": "2.115", "ps": "-10.9"}, {"energy": "2.118e-02", "width": "1.1604e+02", "ip": "4.287e-10", "ts": "0", "stretch": "5.3431e+06", "date": "2095-10-19.73", "dist": "129.068", "sigma_lov": "0.16790", "sigma_imp": "1.104", "ps": "-11.1"}, {"energy": "2.098e-02", "width": "2.7606e+02", "ip": "6.562e-08", "ts": "0", "stretch": "2.3523e+04", "date": "2095-10-19.74", "dist": "149.992", "sigma_lov": "0.16205", "sigma_imp": "0.540", "ps": "-8.89"}, {"energy": "1.251e-02", "width": "3.2237e+02", "ip": "9.443e-09", "ts": "0", "stretch": "1.5126e+05", "date": "2095-10-19.74", "dist": "115.201", "sigma_lov": "-0.18878", "sigma_imp": "0.354", "ps": "-9.92"}, {"energy": "2.441e-02", "width": "2.4841e+02", "ip": "1.672e-08", "ts": "0", "stretch": "1.0306e+05", "date": "2095-10-19.81", "dist": "124.044", "sigma_lov": "0.25344", "sigma_imp": "0.495", "ps": "-9.43"}, {"energy": "2.433e-02", "width": "2.0930e+02", "ip": "8.450e-09", "ts": "0", "stretch": "2.3085e+05", "date": "2095-10-19.82", "dist": "122.894", "sigma_lov": "0.25145", "sigma_imp": "0.582", "ps": "-9.73"}, {"energy": "3.725e-02", "width": "1.3288e+02", "ip": "2.854e-09", "ts": "0", "stretch": "5.8849e+05", "date": "2095-10-19.86", "dist": "156.374", "sigma_lov": "0.48445", "sigma_imp": "1.169", "ps": "-10.1"}, {"energy": "3.696e-02", "width": "1.0972e+02", "ip": "5.111e-09", "ts": "0", "stretch": "2.9576e+05", "date": "2095-10-19.87", "dist": "154.472", "sigma_lov": "0.48065", "sigma_imp": "1.399", "ps": "-9.81"}, {"energy": "2.448e-02", "width": "9.4885e+01", "ip": "1.049e-09", "ts": "0", "stretch": "3.0600e+06", "date": "2095-10-20.00", "dist": "91.456", "sigma_lov": "0.25573", "sigma_imp": "0.953", "ps": "-10.6"}, {"energy": "1.152e-02", "width": "1.0235e+02", "ip": "3.718e-10", "ts": "0", "stretch": "7.5865e+06", "date": "2096-10-18.61", "dist": "104.040", "sigma_lov": "-0.25212", "sigma_imp": "1.007", "ps": "-11.4"}, {"energy": "8.383e-03", "width": "7.8176e+00", "ip": "4.442e-10", "ts": "0", "stretch": "6.1813e+05", "date": "2096-10-19.05", "dist": "25.550", "sigma_lov": "-0.50599", "sigma_imp": "3.140", "ps": "-11.4"}, {"energy": "8.135e-03", "width": "1.1086e+01", "ip": "4.769e-10", "ts": "0", "stretch": "1.3028e+07", "date": "2096-10-19.05", "dist": "21.279", "sigma_lov": "-0.53153", "sigma_imp": "1.829", "ps": "-11.4"}, {"energy": "6.288e-03", "width": "2.1972e+01", "ip": "2.652e-10", "ts": "0", "stretch": "1.3131e+06", "date": "2097-10-18.47", "dist": "61.254", "sigma_lov": "-0.76660", "sigma_imp": "2.742", "ps": "-11.7"}, {"energy": "1.335e-02", "width": "1.1900e+02", "ip": "4.425e-09", "ts": "0", "stretch": "7.7955e+05", "date": "2097-10-19.22", "dist": "72.728", "sigma_lov": "-0.14020", "sigma_imp": "0.603", "ps": "-10.2"}, {"energy": "3.015e-02", "width": "1.2223e+02", "ip": "1.021e-10", "ts": "0", "stretch": "1.8802e+07", "date": "2097-10-19.32", "dist": "143.537", "sigma_lov": "0.37347", "sigma_imp": "1.166", "ps": "-11.6"}, {"energy": "2.998e-02", "width": "4.5540e+01", "ip": "3.085e-10", "ts": "0", "stretch": "6.3883e+05", "date": "2097-10-19.45", "dist": "128.069", "sigma_lov": "0.37026", "sigma_imp": "2.790", "ps": "-11.1"}, {"energy": "8.288e-02", "width": "7.3916e+01", "ip": "3.018e-10", "ts": "0", "stretch": "5.5289e+05", "date": "2097-10-19.83", "dist": "191.430", "sigma_lov": "0.84277", "sigma_imp": "2.576", "ps": "-10.8"}, {"energy": "1.358e-02", "width": "7.6617e+01", "ip": "3.537e-09", "ts": "0", "stretch": "7.3000e+05", "date": "2098-10-19.14", "dist": "103.836", "sigma_lov": "-0.12940", "sigma_imp": "1.342", "ps": "-10.3"}, {"energy": "1.293e-02", "width": "6.2920e+01", "ip": "1.662e-10", "ts": "0", "stretch": "1.9387e+07", "date": "2098-10-19.24", "dist": "83.885", "sigma_lov": "-0.16414", "sigma_imp": "1.317", "ps": "-11.7"}, {"energy": "6.990e-03", "width": "2.3957e+01", "ip": "2.166e-10", "ts": "0", "stretch": "2.4003e+06", "date": "2099-10-19.18", "dist": "63.099", "sigma_lov": "-0.66902", "sigma_imp": "2.592", "ps": "-11.8"}, {"energy": "7.425e-03", "width": "3.0079e+01", "ip": "3.950e-10", "ts": "0", "stretch": "1.3199e+06", "date": "2099-10-19.21", "dist": "76.944", "sigma_lov": "-0.61560", "sigma_imp": "2.525", "ps": "-11.5"}, {"energy": "2.114e-02", "width": "8.8845e+01", "ip": "9.195e-09", "ts": "0", "stretch": "1.3274e+05", "date": "2099-10-19.41", "dist": "154.685", "sigma_lov": "0.16545", "sigma_imp": "1.730", "ps": "-9.77"}, {"energy": "2.117e-02", "width": "2.2118e+02", "ip": "8.070e-09", "ts": "0", "stretch": "2.1853e+05", "date": "2099-10-19.48", "dist": "151.705", "sigma_lov": "0.16672", "sigma_imp": "0.681", "ps": "-9.82"}, {"energy": "1.288e-02", "width": "3.2010e+01", "ip": "1.204e-09", "ts": "0", "stretch": "4.2177e+05", "date": "2099-10-19.58", "dist": "83.617", "sigma_lov": "-0.16768", "sigma_imp": "2.581", "ps": "-10.8"}, {"energy": "1.286e-02", "width": "4.0004e+01", "ip": "6.641e-09", "ts": "0", "stretch": "2.1094e+05", "date": "2099-10-19.59", "dist": "83.412", "sigma_lov": "-0.16894", "sigma_imp": "2.060", "ps": "-10.1"}, {"energy": "6.414e-03", "width": "2.2591e+01", "ip": "1.211e-09", "ts": "0", "stretch": "5.7674e+05", "date": "2100-10-19.49", "dist": "56.937", "sigma_lov": "-0.74820", "sigma_imp": "2.476", "ps": "-11.1"}, {"energy": "6.402e-03", "width": "2.1807e+01", "ip": "1.485e-09", "ts": "0", "stretch": "4.4346e+05", "date": "2100-10-19.50", "dist": "55.760", "sigma_lov": "-0.74991", "sigma_imp": "2.511", "ps": "-11.0"}, {"energy": "1.104e-02", "width": "2.6145e+01", "ip": "5.224e-09", "ts": "0", "stretch": "4.4739e+05", "date": "2100-10-19.92", "dist": "53.093", "sigma_lov": "-0.28209", "sigma_imp": "1.992", "ps": "-10.2"}, {"energy": "1.104e-02", "width": "2.3657e+01", "ip": "3.570e-09", "ts": "0", "stretch": "4.5978e+05", "date": "2100-10-19.92", "dist": "53.061", "sigma_lov": "-0.28217", "sigma_imp": "2.201", "ps": "-10.4"}, {"energy": "4.167e-02", "width": "4.3886e+01", "ip": "1.361e-10", "ts": "0", "stretch": "9.8571e+04", "date": "2100-10-20.27", "dist": "159.474", "sigma_lov": "0.54081", "sigma_imp": "3.611", "ps": "-11.4"}, {"energy": "3.802e-02", "width": "6.3693e+01", "ip": "1.070e-08", "ts": "0", "stretch": "4.7589e+04", "date": "2100-10-20.29", "dist": "145.694", "sigma_lov": "0.49535", "sigma_imp": "2.272", "ps": "-9.50"}, {"energy": "3.142e-02", "width": "6.6301e+01", "ip": "5.447e-10", "ts": "0", "stretch": "3.5693e+06", "date": "2100-10-20.33", "dist": "106.058", "sigma_lov": "0.39622", "sigma_imp": "1.585", "ps": "-10.9"}, {"energy": "1.453e-02", "width": "8.5907e+01", "ip": "1.213e-09", "ts": "0", "stretch": "2.1243e+06", "date": "2102-10-20.27", "dist": "109.415", "sigma_lov": "-0.08154", "sigma_imp": "1.262", "ps": "-10.8"}, {"energy": "1.138e-02", "width": "6.0886e+01", "ip": "7.011e-10", "ts": "0", "stretch": "3.1030e+06", "date": "2103-10-20.30", "dist": "97.933", "sigma_lov": "-0.26046", "sigma_imp": "1.592", "ps": "-11.1"}, {"energy": "2.112e-02", "width": "7.9924e+01", "ip": "8.093e-10", "ts": "0", "stretch": "1.0801e+06", "date": "2103-10-20.33", "dist": "158.048", "sigma_lov": "0.16551", "sigma_imp": "1.965", "ps": "-10.8"}, {"energy": "2.116e-02", "width": "2.2574e+02", "ip": "1.071e-09", "ts": "0", "stretch": "1.6114e+06", "date": "2103-10-20.36", "dist": "155.409", "sigma_lov": "0.16665", "sigma_imp": "0.684", "ps": "-10.7"}, {"energy": "1.904e-02", "width": "9.0043e+01", "ip": "4.982e-09", "ts": "0", "stretch": "5.4634e+05", "date": "2103-10-20.66", "dist": "107.185", "sigma_lov": "0.10052", "sigma_imp": "1.179", "ps": "-10.1"}, {"energy": "1.903e-02", "width": "7.2374e+01", "ip": "1.395e-09", "ts": "0", "stretch": "1.7267e+06", "date": "2103-10-20.71", "dist": "104.850", "sigma_lov": "0.10065", "sigma_imp": "1.435", "ps": "-10.6"}, {"energy": "3.169e-02", "width": "8.2877e+01", "ip": "3.149e-10", "ts": "0", "stretch": "7.1171e+06", "date": "2103-10-21.06", "dist": "111.952", "sigma_lov": "0.40105", "sigma_imp": "1.339", "ps": "-11.1"}, {"energy": "1.358e-03", "width": "1.3075e+01", "ip": "1.621e-10", "ts": "0", "stretch": "3.3924e+05", "date": "2104-10-15.59", "dist": "31.337", "sigma_lov": "-2.71395", "sigma_imp": "2.320", "ps": "-12.5"}, {"energy": "7.416e-03", "width": "6.2327e+01", "ip": "3.114e-09", "ts": "0", "stretch": "1.2357e+06", "date": "2104-10-19.43", "dist": "64.985", "sigma_lov": "-0.61603", "sigma_imp": "1.027", "ps": "-10.6"}, {"energy": "2.271e-02", "width": "6.5809e+01", "ip": "1.566e-09", "ts": "0", "stretch": "7.7727e+05", "date": "2104-10-20.03", "dist": "125.238", "sigma_lov": "0.20961", "sigma_imp": "1.888", "ps": "-10.5"}, {"energy": "2.324e-02", "width": "3.9836e+01", "ip": "2.032e-10", "ts": "0", "stretch": "3.3771e+05", "date": "2104-10-20.08", "dist": "128.291", "sigma_lov": "0.22343", "sigma_imp": "3.195", "ps": "-11.4"}, {"energy": "2.190e-02", "width": "2.9097e+01", "ip": "5.378e-10", "ts": "0", "stretch": "1.8669e+05", "date": "2104-10-20.24", "dist": "93.175", "sigma_lov": "0.18831", "sigma_imp": "3.168", "ps": "-11.0"}, {"energy": "2.937e-02", "width": "4.9934e+01", "ip": "2.656e-09", "ts": "0", "stretch": "2.3319e+05", "date": "2104-10-20.24", "dist": "116.485", "sigma_lov": "0.35840", "sigma_imp": "2.313", "ps": "-10.2"}, {"energy": "7.500e-02", "width": "6.5621e+01", "ip": "2.149e-10", "ts": "0", "stretch": "3.2504e+05", "date": "2104-10-20.50", "dist": "194.139", "sigma_lov": "0.80240", "sigma_imp": "2.943", "ps": "-11.0"}, {"energy": "3.075e-03", "width": "1.1366e+01", "ip": "9.260e-10", "ts": "0", "stretch": "4.8442e+05", "date": "2105-10-19.07", "dist": "29.658", "sigma_lov": "-1.54092", "sigma_imp": "2.521", "ps": "-11.5"}, {"energy": "2.877e-03", "width": "1.7486e+01", "ip": "3.721e-09", "ts": "0", "stretch": "4.8372e+05", "date": "2105-10-19.14", "dist": "29.758", "sigma_lov": "-1.62412", "sigma_imp": "1.645", "ps": "-10.9"}, {"energy": "1.102e-02", "width": "1.0751e+02", "ip": "1.953e-08", "ts": "0", "stretch": "1.7973e+05", "date": "2105-10-20.02", "dist": "74.482", "sigma_lov": "-0.28472", "sigma_imp": "0.683", "ps": "-9.70"}, {"energy": "1.420e-02", "width": "6.9846e+01", "ip": "2.630e-08", "ts": "0", "stretch": "1.6966e+05", "date": "2105-10-20.42", "dist": "67.560", "sigma_lov": "-0.09629", "sigma_imp": "0.953", "ps": "-9.48"}, {"energy": "2.781e-02", "width": "2.6209e+02", "ip": "1.616e-08", "ts": "0", "stretch": "1.0114e+05", "date": "2106-10-20.52", "dist": "118.634", "sigma_lov": "0.32831", "sigma_imp": "0.449", "ps": "-9.46"}, {"energy": "6.040e-02", "width": "5.8643e+01", "ip": "1.512e-10", "ts": "0", "stretch": "4.7814e+05", "date": "2106-10-20.86", "dist": "176.360", "sigma_lov": "0.71241", "sigma_imp": "2.990", "ps": "-11.2"}, {"energy": "2.118e-02", "width": "2.2343e+02", "ip": "1.198e-10", "ts": "0", "stretch": "1.4590e+07", "date": "2107-10-20.31", "dist": "152.910", "sigma_lov": "0.16665", "sigma_imp": "0.680", "ps": "-11.7"}, {"energy": "9.926e-03", "width": "1.8187e+01", "ip": "1.162e-09", "ts": "0", "stretch": "2.0281e+06", "date": "2107-10-20.78", "dist": "39.763", "sigma_lov": "-0.36619", "sigma_imp": "2.131", "ps": "-11.0"}, {"energy": "1.909e-02", "width": "3.6431e+01", "ip": "3.264e-10", "ts": "0", "stretch": "3.6551e+06", "date": "2107-10-20.88", "dist": "80.450", "sigma_lov": "0.10241", "sigma_imp": "2.181", "ps": "-11.3"}, {"energy": "3.772e-02", "width": "5.1030e+01", "ip": "3.558e-10", "ts": "0", "stretch": "4.3823e+05", "date": "2107-10-20.96", "dist": "144.763", "sigma_lov": "0.49060", "sigma_imp": "2.817", "ps": "-11.0"}, {"energy": "4.914e-03", "width": "6.8154e+01", "ip": "1.285e-09", "ts": "0", "stretch": "2.6435e+06", "date": "2108-10-19.11", "dist": "48.837", "sigma_lov": "-1.01165", "sigma_imp": "0.702", "ps": "-11.2"}, {"energy": "8.149e-03", "width": "2.5212e+01", "ip": "4.194e-10", "ts": "0", "stretch": "9.2208e+05", "date": "2108-10-19.41", "dist": "69.461", "sigma_lov": "-0.53277", "sigma_imp": "2.715", "ps": "-11.5"}, {"energy": "8.150e-03", "width": "6.6346e+01", "ip": "2.794e-09", "ts": "0", "stretch": "1.2769e+06", "date": "2108-10-19.43", "dist": "72.954", "sigma_lov": "-0.53252", "sigma_imp": "1.085", "ps": "-10.7"}, {"energy": "7.099e-03", "width": "3.0791e+01", "ip": "1.118e-08", "ts": "0", "stretch": "2.2076e+05", "date": "2108-10-19.43", "dist": "56.258", "sigma_lov": "-0.65426", "sigma_imp": "1.795", "ps": "-10.1"}, {"energy": "7.971e-03", "width": "3.9994e+01", "ip": "1.974e-09", "ts": "0", "stretch": "1.3832e+06", "date": "2108-10-19.59", "dist": "66.153", "sigma_lov": "-0.55163", "sigma_imp": "1.629", "ps": "-10.8"}, {"energy": "1.480e-02", "width": "3.6132e+02", "ip": "1.138e-08", "ts": "0", "stretch": "1.1894e+05", "date": "2108-10-19.98", "dist": "70.858", "sigma_lov": "-0.06714", "sigma_imp": "0.193", "ps": "-9.84"}, {"energy": "3.783e-03", "width": "1.2141e+01", "ip": "1.574e-10", "ts": "0", "stretch": "6.0589e+05", "date": "2109-10-19.45", "dist": "39.285", "sigma_lov": "-1.29630", "sigma_imp": "3.153", "ps": "-12.2"}, {"energy": "7.130e-03", "width": "3.5231e+01", "ip": "5.560e-09", "ts": "0", "stretch": "4.4585e+05", "date": "2109-10-19.49", "dist": "61.660", "sigma_lov": "-0.65101", "sigma_imp": "1.722", "ps": "-10.4"}, {"energy": "1.946e-02", "width": "2.8449e+02", "ip": "1.809e-09", "ts": "0", "stretch": "8.5229e+05", "date": "2109-10-19.89", "dist": "142.285", "sigma_lov": "0.11379", "sigma_imp": "0.497", "ps": "-10.6"}, {"energy": "1.440e-02", "width": "4.3346e+01", "ip": "3.762e-09", "ts": "0", "stretch": "6.2377e+05", "date": "2109-10-20.17", "dist": "77.258", "sigma_lov": "-0.08684", "sigma_imp": "1.759", "ps": "-10.3"}, {"energy": "1.439e-02", "width": "7.5351e+01", "ip": "1.764e-09", "ts": "0", "stretch": "2.3667e+06", "date": "2109-10-20.24", "dist": "72.205", "sigma_lov": "-0.08734", "sigma_imp": "0.945", "ps": "-10.7"}, {"energy": "1.399e-02", "width": "6.9139e+01", "ip": "2.233e-09", "ts": "0", "stretch": "1.3654e+06", "date": "2110-10-20.33", "dist": "90.530", "sigma_lov": "-0.10811", "sigma_imp": "1.295", "ps": "-10.6"}, {"energy": "2.444e-02", "width": "2.6007e+02", "ip": "5.310e-10", "ts": "0", "stretch": "3.1003e+06", "date": "2110-10-20.45", "dist": "129.651", "sigma_lov": "0.25382", "sigma_imp": "0.495", "ps": "-11.0"}, {"energy": "2.453e-02", "width": "1.0467e+02", "ip": "2.844e-10", "ts": "0", "stretch": "8.6234e+06", "date": "2110-10-20.51", "dist": "117.995", "sigma_lov": "0.25597", "sigma_imp": "1.118", "ps": "-11.3"}, {"energy": "2.460e-02", "width": "3.3638e+01", "ip": "1.446e-10", "ts": "0", "stretch": "7.1456e+05", "date": "2110-10-20.61", "dist": "105.708", "sigma_lov": "0.25801", "sigma_imp": "3.113", "ps": "-11.6"}, {"energy": "4.260e-02", "width": "7.2328e+01", "ip": "5.731e-10", "ts": "0", "stretch": "1.0259e+06", "date": "2110-10-20.80", "dist": "155.666", "sigma_lov": "0.55157", "sigma_imp": "2.138", "ps": "-10.8"}, {"energy": "7.869e-03", "width": "2.8686e+01", "ip": "1.510e-10", "ts": "0", "stretch": "4.4163e+06", "date": "2111-10-20.01", "dist": "71.470", "sigma_lov": "-0.56336", "sigma_imp": "2.457", "ps": "-12.0"}, {"energy": "1.293e-02", "width": "8.7659e+01", "ip": "2.466e-09", "ts": "0", "stretch": "8.7425e+05", "date": "2112-10-19.28", "dist": "121.358", "sigma_lov": "-0.16640", "sigma_imp": "1.373", "ps": "-10.6"}, {"energy": "1.281e-02", "width": "6.3208e+01", "ip": "3.434e-09", "ts": "0", "stretch": "3.3219e+05", "date": "2112-10-19.31", "dist": "123.889", "sigma_lov": "-0.17324", "sigma_imp": "1.944", "ps": "-10.4"}, {"energy": "1.285e-02", "width": "8.4738e+02", "ip": "1.953e-09", "ts": "0", "stretch": "2.9474e+05", "date": "2112-10-19.34", "dist": "117.581", "sigma_lov": "-0.17100", "sigma_imp": "0.138", "ps": "-10.7"}, {"energy": "1.285e-02", "width": "7.8812e+02", "ip": "1.770e-09", "ts": "0", "stretch": "3.4922e+05", "date": "2112-10-19.43", "dist": "115.557", "sigma_lov": "-0.17070", "sigma_imp": "0.145", "ps": "-10.7"}, {"energy": "7.466e-03", "width": "2.8635e+01", "ip": "1.182e-09", "ts": "0", "stretch": "7.7207e+06", "date": "2112-10-19.62", "dist": "27.555", "sigma_lov": "-0.60750", "sigma_imp": "0.927", "ps": "-11.1"}, {"energy": "1.131e-02", "width": "3.6945e+02", "ip": "6.049e-10", "ts": "0", "stretch": "2.1398e+06", "date": "2112-10-19.91", "dist": "48.594", "sigma_lov": "-0.26434", "sigma_imp": "0.129", "ps": "-11.2"}, {"energy": "1.130e-02", "width": "1.2179e+03", "ip": "4.631e-10", "ts": "0", "stretch": "8.5411e+05", "date": "2112-10-19.91", "dist": "58.061", "sigma_lov": "-0.26524", "sigma_imp": "0.047", "ps": "-11.3"}, {"energy": "1.132e-02", "width": "3.9059e+01", "ip": "2.489e-09", "ts": "0", "stretch": "1.9106e+06", "date": "2112-10-19.93", "dist": "53.968", "sigma_lov": "-0.26402", "sigma_imp": "1.356", "ps": "-10.6"}, {"energy": "7.357e-03", "width": "3.0199e+01", "ip": "1.122e-09", "ts": "0", "stretch": "3.8002e+06", "date": "2113-10-19.81", "dist": "46.033", "sigma_lov": "-0.62172", "sigma_imp": "1.491", "ps": "-11.1"}, {"energy": "3.268e-02", "width": "6.9630e+01", "ip": "8.390e-10", "ts": "0", "stretch": "2.3164e+06", "date": "2113-10-20.54", "dist": "108.882", "sigma_lov": "0.41688", "sigma_imp": "1.549", "ps": "-10.7"}, {"energy": "7.584e-02", "width": "8.5058e+01", "ip": "7.388e-10", "ts": "0", "stretch": "5.1829e+05", "date": "2113-10-20.78", "dist": "186.796", "sigma_lov": "0.80742", "sigma_imp": "2.184", "ps": "-10.5"}, {"energy": "7.683e-02", "width": "8.4397e+01", "ip": "6.417e-10", "ts": "0", "stretch": "5.8747e+05", "date": "2113-10-20.79", "dist": "186.079", "sigma_lov": "0.81263", "sigma_imp": "2.193", "ps": "-10.5"}, {"energy": "8.054e-02", "width": "5.9328e+01", "ip": "1.453e-10", "ts": "0", "stretch": "2.4977e+05", "date": "2113-10-20.82", "dist": "189.649", "sigma_lov": "0.83110", "sigma_imp": "3.180", "ps": "-11.2"}, {"energy": "8.227e-02", "width": "1.0716e+02", "ip": "2.873e-09", "ts": "0", "stretch": "2.4989e+05", "date": "2113-10-20.83", "dist": "187.178", "sigma_lov": "0.83964", "sigma_imp": "1.737", "ps": "-9.87"}, {"energy": "8.216e-02", "width": "8.1595e+01", "ip": "9.774e-10", "ts": "0", "stretch": "3.3531e+05", "date": "2113-10-20.85", "dist": "185.453", "sigma_lov": "0.83903", "sigma_imp": "2.261", "ps": "-10.3"}, {"energy": "1.101e-02", "width": "6.7083e+01", "ip": "3.006e-09", "ts": "0", "stretch": "1.2577e+06", "date": "2114-10-20.07", "dist": "75.711", "sigma_lov": "-0.28565", "sigma_imp": "1.114", "ps": "-10.6"}, {"energy": "1.091e-02", "width": "6.4246e+01", "ip": "4.771e-09", "ts": "0", "stretch": "8.2385e+05", "date": "2114-10-20.12", "dist": "72.646", "sigma_lov": "-0.29250", "sigma_imp": "1.115", "ps": "-10.4"}, {"energy": "2.847e-02", "width": "9.7240e+01", "ip": "8.703e-10", "ts": "0", "stretch": "3.6610e+06", "date": "2114-10-20.77", "dist": "89.334", "sigma_lov": "0.34238", "sigma_imp": "0.908", "ps": "-10.8"}, {"energy": "1.235e-02", "width": "3.7930e+01", "ip": "2.262e-10", "ts": "0", "stretch": "1.6610e+06", "date": "2115-10-20.22", "dist": "100.889", "sigma_lov": "-0.19938", "sigma_imp": "2.634", "ps": "-11.6"}, {"energy": "3.964e-02", "width": "5.4045e+01", "ip": "5.375e-10", "ts": "0", "stretch": "4.5124e+05", "date": "2115-10-21.00", "dist": "143.233", "sigma_lov": "0.51569", "sigma_imp": "2.632", "ps": "-10.9"}, {"energy": "2.510e-02", "width": "5.4197e+01", "ip": "2.139e-10", "ts": "0", "stretch": "1.1633e+07", "date": "2115-10-21.03", "dist": "86.569", "sigma_lov": "0.26998", "sigma_imp": "1.579", "ps": "-11.4"}, {"energy": "3.729e-02", "width": "1.7623e+02", "ip": "1.764e-10", "ts": "0", "stretch": "1.0671e+07", "date": "2116-10-20.21", "dist": "135.513", "sigma_lov": "0.48566", "sigma_imp": "0.763", "ps": "-11.4"}, {"energy": "3.166e-02", "width": "1.2208e+02", "ip": "1.929e-10", "ts": "0", "stretch": "9.7729e+06", "date": "2117-10-20.31", "dist": "144.303", "sigma_lov": "0.39982", "sigma_imp": "1.174", "ps": "-11.4"}, {"energy": "3.389e-02", "width": "7.3838e+01", "ip": "6.030e-10", "ts": "0", "stretch": "1.0896e+06", "date": "2117-10-20.32", "dist": "156.310", "sigma_lov": "0.43568", "sigma_imp": "2.103", "ps": "-10.9"}, {"energy": "3.391e-02", "width": "7.4536e+01", "ip": "6.862e-10", "ts": "0", "stretch": "9.8696e+05", "date": "2117-10-20.32", "dist": "156.375", "sigma_lov": "0.43611", "sigma_imp": "2.085", "ps": "-10.8"}, {"energy": "7.502e-02", "width": "7.6983e+01", "ip": "2.294e-10", "ts": "0", "stretch": "1.2008e+06", "date": "2117-10-20.80", "dist": "183.605", "sigma_lov": "0.80290", "sigma_imp": "2.372", "ps": "-11.0"}]}