{"summary": {"energy": "1.114e+03", "darc": "1.1080 days", "ip": "3.577e-10", "h": "21.05", "nobs": "6", "mass": "1.23e+10", "v_inf": "25.18", "first_obs": "2017-Sep-24.28597", "method": "LOV", "pdate": "2017-10-14 21:54:23", "ndop": "0", "cdate": "2017-10-14 21:54:23", "ps_cum": "-6.37", "diameter": "0.21", "ndel": "0", "v_imp": "27.54", "ps_max": "-6.50", "last_obs": "2017-Sep-25.393956", "fullname": "(2017 SC33)", "n_imp": "2", "ts_max": "0", "nsat": "0", "des": "2017 SC33"}, "signature": {"source": "NASA/JPL Sentry Data API", "version": "1.1"}, "data": [{"energy": "1.089e+03", "width": "7.6460e+02", "ip": "1.373e-10", "ts": "0", "stretch": "1.5492e+06", "date": "2029-03-03.49", "dist": "28.847", "sigma_lov": "1.50966", "sigma_imp": "0.036", "ps": "-6.97"}, {"energy": "1.129e+03", "width": "7.3758e+02", "ip": "2.204e-10", "ts": "0", "stretch": "9.4188e+05", "date": "2024-03-03.70", "dist": "195.135", "sigma_lov": "1.52705", "sigma_imp": "0.263", "ps": "-6.50"}]}