{"summary": {"energy": "3.043e-01", "darc": "53.553 days", "ip": "8.166e-07", "h": "25.86", "nobs": "56", "mass": "1.61e+07", "v_inf": "5.91", "first_obs": "2017-Apr-26.44436", "method": "LOV", "pdate": "2017-10-17 08:06:02", "ndop": "0", "cdate": "2017-10-17 08:06:02", "ps_cum": "-6.89", "diameter": "0.023", "ndel": "0", "v_imp": "12.61", "ps_max": "-7.17", "last_obs": "2017-Jun-18.997168", "fullname": "(2017 HZ4)", "n_imp": "2", "ts_max": "0", "nsat": "0", "des": "2017 HZ4"}, "signature": {"source": "NASA/JPL Sentry Data API", "version": "1.1"}, "data": [{"energy": "3.048e-01", "width": "3.0071e-04", "ip": "4.642e-07", "ts": "0", "stretch": "1.4650e+05", "date": "2106-05-30.98", "dist": "0.912", "sigma_lov": "1.77031", "sigma_imp": "0.000", "ps": "-7.17"}, {"energy": "3.036e-01", "width": "1.9664e-04", "ip": "3.524e-07", "ts": "0", "stretch": "6.7747e+02", "date": "2091-05-30.68", "dist": "0.805", "sigma_lov": "3.88647", "sigma_imp": "0.000", "ps": "-7.21"}]}