{"summary": {"energy": "2.728e-02", "darc": "45.058 days", "ip": "0.0019962835135", "h": "27.54", "nobs": "101", "mass": "1.59e+06", "v_inf": "4.49", "first_obs": "2017-May-16.298488", "method": "LOV", "pdate": "2018-02-10 09:14:55", "ndop": "0", "cdate": "2018-02-10 09:14:55", "ps_cum": "-4.23", "diameter": "0.011", "ndel": "0", "v_imp": "12.01", "ps_max": "-4.76", "last_obs": "2017-Jun-30.356014", "fullname": "(2017 LD)", "n_imp": "215", "ts_max": "0", "nsat": "0", "des": "2017 LD"}, "signature": {"source": "NASA/JPL Sentry Data API", "version": "1.1"}, "data": [{"energy": "2.727e-02", "width": "0.0000e+00", "ip": "2.566e-07", "ts": "0", "stretch": "4.4873e+05", "date": "2117-06-11.66", "dist": "0.744", "sigma_lov": "-1.75252", "sigma_imp": "0.000", "ps": "-8.32"}, {"energy": "2.716e-02", "width": "7.8568e-03", "ip": "1.982e-07", "ts": "0", "stretch": "2.4864e+06", "date": "2117-06-11.27", "dist": "0.089", "sigma_lov": "-0.97889", "sigma_imp": "0.000", "ps": "-8.43"}, {"energy": "2.729e-02", "width": "3.9284e-03", "ip": "6.866e-07", "ts": "0", "stretch": "6.4468e+05", "date": "2117-06-11.03", "dist": "0.369", "sigma_lov": "1.01768", "sigma_imp": "0.000", "ps": "-7.89"}, {"energy": "2.727e-02", "width": "0.0000e+00", "ip": "4.248e-07", "ts": "0", "stretch": "1.1270e+06", "date": "2117-06-10.91", "dist": "0.803", "sigma_lov": "0.05713", "sigma_imp": "0.000", "ps": "-8.10"}, {"energy": "2.727e-02", "width": "0.0000e+00", "ip": "8.532e-07", "ts": "0", "stretch": "2.9328e+05", "date": "2117-06-09.33", "dist": "0.106", "sigma_lov": "-1.52113", "sigma_imp": "0.000", "ps": "-7.79"}, {"energy": "2.721e-02", "width": "0.0000e+00", "ip": "1.752e-07", "ts": "0", "stretch": "8.3336e+05", "date": "2117-06-09.21", "dist": "0.872", "sigma_lov": "-1.41137", "sigma_imp": "0.000", "ps": "-8.48"}, {"energy": "2.727e-02", "width": "0.0000e+00", "ip": "7.764e-07", "ts": "0", "stretch": "1.7882e+05", "date": "2116-06-12.57", "dist": "0.449", "sigma_lov": "-1.83537", "sigma_imp": "0.000", "ps": "-7.83"}, {"energy": "2.727e-02", "width": "0.0000e+00", "ip": "6.242e-06", "ts": "0", "stretch": "1.0537e+05", "date": "2116-06-11.54", "dist": "0.273", "sigma_lov": "0.55649", "sigma_imp": "0.000", "ps": "-6.93"}, {"energy": "2.727e-02", "width": "2.4552e-04", "ip": "1.098e-05", "ts": "0", "stretch": "5.9338e+04", "date": "2116-06-11.43", "dist": "0.297", "sigma_lov": "0.55979", "sigma_imp": "0.000", "ps": "-6.68"}, {"energy": "2.725e-02", "width": "0.0000e+00", "ip": "8.530e-07", "ts": "0", "stretch": "5.7326e+05", "date": "2116-06-11.42", "dist": "0.659", "sigma_lov": "-0.64121", "sigma_imp": "0.000", "ps": "-7.79"}, {"energy": "2.727e-02", "width": "3.7588e-05", "ip": "1.115e-04", "ts": "0", "stretch": "4.4930e+03", "date": "2116-06-11.19", "dist": "0.376", "sigma_lov": "0.88350", "sigma_imp": "0.000", "ps": "-5.67"}, {"energy": "2.727e-02", "width": "4.3403e-05", "ip": "1.226e-04", "ts": "0", "stretch": "4.0950e+03", "date": "2116-06-11.18", "dist": "0.375", "sigma_lov": "0.88175", "sigma_imp": "0.000", "ps": "-5.63"}, {"energy": "2.724e-02", "width": "0.0000e+00", "ip": "1.272e-06", "ts": "0", "stretch": "4.9070e+05", "date": "2116-06-11.15", "dist": "0.383", "sigma_lov": "0.57665", "sigma_imp": "0.000", "ps": "-7.62"}, {"energy": "2.724e-02", "width": "0.0000e+00", "ip": "3.786e-07", "ts": "0", "stretch": "3.2527e+05", "date": "2116-06-11.13", "dist": "0.662", "sigma_lov": "-1.77977", "sigma_imp": "0.000", "ps": "-8.14"}, {"energy": "2.724e-02", "width": "0.0000e+00", "ip": "2.857e-06", "ts": "0", "stretch": "1.8608e+05", "date": "2116-06-10.92", "dist": "0.344", "sigma_lov": "0.82935", "sigma_imp": "0.000", "ps": "-7.27"}, {"energy": "2.725e-02", "width": "3.4722e-04", "ip": "2.373e-06", "ts": "0", "stretch": "8.7774e+04", "date": "2116-06-10.38", "dist": "0.963", "sigma_lov": "-0.24089", "sigma_imp": "0.000", "ps": "-7.35"}, {"energy": "2.730e-02", "width": "3.9284e-03", "ip": "1.409e-06", "ts": "0", "stretch": "5.1807e+05", "date": "2115-06-11.15", "dist": "0.399", "sigma_lov": "0.06791", "sigma_imp": "0.000", "ps": "-7.57"}, {"energy": "2.735e-02", "width": "6.0141e-04", "ip": "1.190e-07", "ts": "0", "stretch": "7.6449e+04", "date": "2115-06-10.52", "dist": "0.333", "sigma_lov": "-2.97514", "sigma_imp": "0.000", "ps": "-8.64"}, {"energy": "2.727e-02", "width": "3.9284e-03", "ip": "5.017e-07", "ts": "0", "stretch": "7.0578e+05", "date": "2114-06-11.70", "dist": "0.720", "sigma_lov": "0.94877", "sigma_imp": "0.000", "ps": "-8.01"}, {"energy": "2.727e-02", "width": "0.0000e+00", "ip": "8.685e-07", "ts": "0", "stretch": "6.7673e+05", "date": "2114-06-11.51", "dist": "0.533", "sigma_lov": "0.53893", "sigma_imp": "0.000", "ps": "-7.77"}, {"energy": "2.728e-02", "width": "0.0000e+00", "ip": "2.433e-06", "ts": "0", "stretch": "1.9150e+05", "date": "2114-06-11.11", "dist": "0.408", "sigma_lov": "0.94656", "sigma_imp": "0.000", "ps": "-7.33"}, {"energy": "2.729e-02", "width": "7.8568e-03", "ip": "6.607e-07", "ts": "0", "stretch": "1.1647e+06", "date": "2114-06-10.99", "dist": "0.186", "sigma_lov": "-0.20099", "sigma_imp": "0.000", "ps": "-7.89"}, {"energy": "2.729e-02", "width": "0.0000e+00", "ip": "4.462e-07", "ts": "0", "stretch": "1.1505e+06", "date": "2114-06-10.93", "dist": "0.183", "sigma_lov": "0.92455", "sigma_imp": "0.000", "ps": "-8.06"}, {"energy": "2.725e-02", "width": "3.9284e-03", "ip": "1.635e-07", "ts": "0", "stretch": "8.5266e+05", "date": "2114-06-08.03", "dist": "0.848", "sigma_lov": "-1.49718", "sigma_imp": "0.000", "ps": "-8.50"}, {"energy": "2.728e-02", "width": "0.0000e+00", "ip": "5.594e-07", "ts": "0", "stretch": "6.7025e+05", "date": "2113-06-14.10", "dist": "0.052", "sigma_lov": "-1.22934", "sigma_imp": "0.000", "ps": "-7.96"}, {"energy": "2.726e-02", "width": "0.0000e+00", "ip": "8.242e-07", "ts": "0", "stretch": "8.9082e+05", "date": "2113-06-10.98", "dist": "0.390", "sigma_lov": "0.04667", "sigma_imp": "0.000", "ps": "-7.79"}, {"energy": "2.725e-02", "width": "0.0000e+00", "ip": "1.875e-06", "ts": "0", "stretch": "3.5265e+05", "date": "2113-06-10.97", "dist": "0.554", "sigma_lov": "0.09927", "sigma_imp": "0.000", "ps": "-7.44"}, {"energy": "2.726e-02", "width": "4.9105e-04", "ip": "7.021e-06", "ts": "0", "stretch": "1.0215e+05", "date": "2113-06-10.75", "dist": "0.429", "sigma_lov": "0.10082", "sigma_imp": "0.000", "ps": "-6.86"}, {"energy": "2.725e-02", "width": "0.0000e+00", "ip": "1.106e-06", "ts": "0", "stretch": "2.9220e+05", "date": "2113-06-10.47", "dist": "0.674", "sigma_lov": "1.09794", "sigma_imp": "0.000", "ps": "-7.66"}, {"energy": "2.726e-02", "width": "6.9445e-04", "ip": "3.981e-08", "ts": "0", "stretch": "1.4493e+05", "date": "2113-06-10.38", "dist": "0.364", "sigma_lov": "3.12118", "sigma_imp": "0.000", "ps": "-9.11"}, {"energy": "2.727e-02", "width": "1.7361e-04", "ip": "1.540e-05", "ts": "0", "stretch": "2.2439e+04", "date": "2113-06-10.33", "dist": "0.537", "sigma_lov": "1.15580", "sigma_imp": "0.000", "ps": "-6.52"}, {"energy": "2.726e-02", "width": "3.9284e-03", "ip": "7.442e-07", "ts": "0", "stretch": "8.6781e+05", "date": "2113-06-09.87", "dist": "0.599", "sigma_lov": "0.12863", "sigma_imp": "0.000", "ps": "-7.84"}, {"energy": "2.730e-02", "width": "0.0000e+00", "ip": "9.011e-07", "ts": "0", "stretch": "5.2140e+05", "date": "2112-06-10.66", "dist": "0.155", "sigma_lov": "1.01950", "sigma_imp": "0.000", "ps": "-7.75"}, {"energy": "2.723e-02", "width": "0.0000e+00", "ip": "5.537e-07", "ts": "0", "stretch": "5.1709e+05", "date": "2111-06-12.36", "dist": "0.785", "sigma_lov": "-1.04683", "sigma_imp": "0.000", "ps": "-7.96"}, {"energy": "2.724e-02", "width": "1.7010e-03", "ip": "5.199e-07", "ts": "0", "stretch": "1.9287e+05", "date": "2111-06-11.52", "dist": "0.782", "sigma_lov": "-1.79184", "sigma_imp": "0.000", "ps": "-7.98"}, {"energy": "2.720e-02", "width": "0.0000e+00", "ip": "1.350e-06", "ts": "0", "stretch": "3.0879e+05", "date": "2111-06-11.04", "dist": "0.683", "sigma_lov": "-0.82293", "sigma_imp": "0.000", "ps": "-7.57"}, {"energy": "2.727e-02", "width": "1.9642e-03", "ip": "1.524e-06", "ts": "0", "stretch": "4.9106e+05", "date": "2111-06-10.09", "dist": "0.301", "sigma_lov": "-0.18221", "sigma_imp": "0.000", "ps": "-7.52"}, {"energy": "2.722e-02", "width": "0.0000e+00", "ip": "1.575e-06", "ts": "0", "stretch": "4.2639e+05", "date": "2111-06-10.07", "dist": "0.497", "sigma_lov": "0.24758", "sigma_imp": "0.000", "ps": "-7.50"}, {"energy": "2.721e-02", "width": "0.0000e+00", "ip": "4.551e-07", "ts": "0", "stretch": "7.2750e+05", "date": "2111-06-09.90", "dist": "0.909", "sigma_lov": "-0.08386", "sigma_imp": "0.000", "ps": "-8.04"}, {"energy": "2.721e-02", "width": "2.7778e-03", "ip": "1.308e-06", "ts": "0", "stretch": "3.8487e+05", "date": "2111-06-09.82", "dist": "0.773", "sigma_lov": "-0.10073", "sigma_imp": "0.000", "ps": "-7.58"}, {"energy": "2.725e-02", "width": "4.9105e-04", "ip": "6.883e-06", "ts": "0", "stretch": "1.0700e+05", "date": "2110-06-13.60", "dist": "0.083", "sigma_lov": "0.39227", "sigma_imp": "0.000", "ps": "-6.86"}, {"energy": "2.722e-02", "width": "0.0000e+00", "ip": "1.136e-05", "ts": "0", "stretch": "3.6348e+04", "date": "2110-06-13.48", "dist": "0.828", "sigma_lov": "0.40177", "sigma_imp": "0.000", "ps": "-6.64"}, {"energy": "2.730e-02", "width": "0.0000e+00", "ip": "6.340e-06", "ts": "0", "stretch": "1.4391e+04", "date": "2110-06-12.98", "dist": "0.176", "sigma_lov": "2.07771", "sigma_imp": "0.000", "ps": "-6.89"}, {"energy": "2.731e-02", "width": "0.0000e+00", "ip": "1.333e-06", "ts": "0", "stretch": "2.1753e+04", "date": "2110-06-12.93", "dist": "0.038", "sigma_lov": "2.57797", "sigma_imp": "0.000", "ps": "-7.57"}, {"energy": "2.730e-02", "width": "7.8568e-03", "ip": "5.985e-07", "ts": "0", "stretch": "1.0922e+06", "date": "2110-06-12.06", "dist": "0.374", "sigma_lov": "0.49969", "sigma_imp": "0.000", "ps": "-7.92"}, {"energy": "2.724e-02", "width": "1.5714e-02", "ip": "2.130e-07", "ts": "0", "stretch": "3.7012e+06", "date": "2110-06-12.02", "dist": "0.152", "sigma_lov": "0.08342", "sigma_imp": "0.000", "ps": "-8.37"}, {"energy": "2.729e-02", "width": "0.0000e+00", "ip": "9.481e-08", "ts": "0", "stretch": "4.1461e+05", "date": "2110-06-11.57", "dist": "0.997", "sigma_lov": "1.07046", "sigma_imp": "0.000", "ps": "-8.72"}, {"energy": "2.731e-02", "width": "9.8210e-04", "ip": "3.781e-08", "ts": "0", "stretch": "2.0289e+05", "date": "2110-06-11.28", "dist": "0.101", "sigma_lov": "-3.04975", "sigma_imp": "0.000", "ps": "-9.12"}, {"energy": "2.725e-02", "width": "0.0000e+00", "ip": "1.126e-06", "ts": "0", "stretch": "6.2959e+05", "date": "2110-06-11.26", "dist": "0.456", "sigma_lov": "0.07556", "sigma_imp": "0.000", "ps": "-7.64"}, {"energy": "2.729e-02", "width": "0.0000e+00", "ip": "7.797e-07", "ts": "0", "stretch": "6.4941e+05", "date": "2109-06-11.78", "dist": "0.092", "sigma_lov": "-0.95062", "sigma_imp": "0.000", "ps": "-7.80"}, {"energy": "2.728e-02", "width": "0.0000e+00", "ip": "2.174e-06", "ts": "0", "stretch": "2.1987e+05", "date": "2109-06-11.35", "dist": "0.336", "sigma_lov": "-0.95234", "sigma_imp": "0.000", "ps": "-7.35"}, {"energy": "2.730e-02", "width": "2.7778e-03", "ip": "2.350e-07", "ts": "0", "stretch": "6.4915e+05", "date": "2109-06-11.32", "dist": "0.485", "sigma_lov": "-1.75472", "sigma_imp": "0.000", "ps": "-8.32"}, {"energy": "2.729e-02", "width": "2.7778e-03", "ip": "1.582e-06", "ts": "0", "stretch": "4.8147e+05", "date": "2109-06-10.98", "dist": "0.298", "sigma_lov": "-0.02969", "sigma_imp": "0.000", "ps": "-7.49"}, {"energy": "2.733e-02", "width": "0.0000e+00", "ip": "8.700e-07", "ts": "0", "stretch": "5.6207e+05", "date": "2109-06-10.78", "dist": "0.235", "sigma_lov": "0.96183", "sigma_imp": "0.000", "ps": "-7.75"}, {"energy": "2.733e-02", "width": "3.9284e-03", "ip": "9.238e-07", "ts": "0", "stretch": "8.4574e+05", "date": "2109-06-10.57", "dist": "0.197", "sigma_lov": "0.05258", "sigma_imp": "0.000", "ps": "-7.72"}, {"energy": "2.725e-02", "width": "2.7778e-03", "ip": "2.889e-07", "ts": "0", "stretch": "3.2993e+05", "date": "2108-06-12.81", "dist": "0.697", "sigma_lov": "-1.89508", "sigma_imp": "0.000", "ps": "-8.22"}, {"energy": "2.726e-02", "width": "0.0000e+00", "ip": "8.603e-07", "ts": "0", "stretch": "5.3551e+04", "date": "2108-06-12.66", "dist": "0.937", "sigma_lov": "-1.90113", "sigma_imp": "0.000", "ps": "-7.75"}, {"energy": "2.727e-02", "width": "6.9445e-04", "ip": "3.284e-06", "ts": "0", "stretch": "1.7462e+05", "date": "2108-06-11.83", "dist": "0.429", "sigma_lov": "-0.67659", "sigma_imp": "0.000", "ps": "-7.17"}, {"energy": "2.725e-02", "width": "0.0000e+00", "ip": "1.450e-06", "ts": "0", "stretch": "3.2774e+05", "date": "2108-06-11.80", "dist": "0.456", "sigma_lov": "0.89811", "sigma_imp": "0.000", "ps": "-7.52"}, {"energy": "2.727e-02", "width": "1.2276e-04", "ip": "2.189e-05", "ts": "0", "stretch": "2.3829e+04", "date": "2108-06-11.59", "dist": "0.594", "sigma_lov": "-0.64513", "sigma_imp": "0.000", "ps": "-6.34"}, {"energy": "2.726e-02", "width": "0.0000e+00", "ip": "1.267e-05", "ts": "0", "stretch": "4.8826e+04", "date": "2108-06-11.17", "dist": "0.400", "sigma_lov": "0.57963", "sigma_imp": "0.000", "ps": "-6.58"}, {"energy": "2.726e-02", "width": "1.5035e-04", "ip": "2.825e-05", "ts": "0", "stretch": "1.8837e+04", "date": "2108-06-10.95", "dist": "0.358", "sigma_lov": "0.82153", "sigma_imp": "0.000", "ps": "-6.23"}, {"energy": "2.726e-02", "width": "0.0000e+00", "ip": "1.136e-07", "ts": "0", "stretch": "4.5079e+04", "date": "2108-06-10.80", "dist": "0.050", "sigma_lov": "3.18132", "sigma_imp": "0.000", "ps": "-8.63"}, {"energy": "2.727e-02", "width": "4.9105e-04", "ip": "3.752e-06", "ts": "0", "stretch": "1.1657e+05", "date": "2108-06-10.32", "dist": "0.592", "sigma_lov": "-0.87903", "sigma_imp": "0.000", "ps": "-7.11"}, {"energy": "2.726e-02", "width": "0.0000e+00", "ip": "1.669e-06", "ts": "0", "stretch": "2.7227e+05", "date": "2108-06-10.19", "dist": "0.827", "sigma_lov": "-0.22254", "sigma_imp": "0.000", "ps": "-7.46"}, {"energy": "2.729e-02", "width": "0.0000e+00", "ip": "1.494e-06", "ts": "0", "stretch": "5.0817e+05", "date": "2108-06-08.84", "dist": "0.267", "sigma_lov": "0.17230", "sigma_imp": "0.000", "ps": "-7.51"}, {"energy": "2.727e-02", "width": "1.9642e-03", "ip": "4.898e-08", "ts": "0", "stretch": "3.9078e+05", "date": "2107-06-12.64", "dist": "0.907", "sigma_lov": "-2.39713", "sigma_imp": "0.000", "ps": "-8.99"}, {"energy": "2.727e-02", "width": "1.9642e-03", "ip": "8.202e-08", "ts": "0", "stretch": "3.9613e+05", "date": "2107-06-12.07", "dist": "0.707", "sigma_lov": "-2.39212", "sigma_imp": "0.000", "ps": "-8.77"}, {"energy": "2.730e-02", "width": "5.5556e-03", "ip": "9.814e-10", "ts": "0", "stretch": "7.7047e+05", "date": "2107-06-11.41", "dist": "0.175", "sigma_lov": "3.73208", "sigma_imp": "0.000", "ps": "-10.7"}, {"energy": "2.730e-02", "width": "0.0000e+00", "ip": "9.922e-07", "ts": "0", "stretch": "4.1091e+05", "date": "2107-06-11.08", "dist": "0.511", "sigma_lov": "1.02218", "sigma_imp": "0.000", "ps": "-7.68"}, {"energy": "2.729e-02", "width": "0.0000e+00", "ip": "2.465e-08", "ts": "0", "stretch": "1.3689e+05", "date": "2107-06-11.03", "dist": "0.728", "sigma_lov": "-3.19408", "sigma_imp": "0.000", "ps": "-9.29"}, {"energy": "2.731e-02", "width": "2.4552e-04", "ip": "2.284e-08", "ts": "0", "stretch": "3.1855e+04", "date": "2107-06-10.92", "dist": "0.169", "sigma_lov": "3.74252", "sigma_imp": "0.000", "ps": "-9.32"}, {"energy": "2.734e-02", "width": "0.0000e+00", "ip": "9.218e-08", "ts": "0", "stretch": "1.0245e+05", "date": "2107-06-10.10", "dist": "0.356", "sigma_lov": "-2.95948", "sigma_imp": "0.000", "ps": "-8.71"}, {"energy": "2.724e-02", "width": "0.0000e+00", "ip": "4.698e-07", "ts": "0", "stretch": "1.0947e+06", "date": "2106-06-11.65", "dist": "0.679", "sigma_lov": "0.53759", "sigma_imp": "0.000", "ps": "-8.00"}, {"energy": "2.725e-02", "width": "2.4056e-03", "ip": "1.364e-06", "ts": "0", "stretch": "3.0906e+05", "date": "2106-06-11.25", "dist": "0.558", "sigma_lov": "0.95126", "sigma_imp": "0.000", "ps": "-7.54"}, {"energy": "2.724e-02", "width": "0.0000e+00", "ip": "4.404e-07", "ts": "0", "stretch": "1.5377e+05", "date": "2106-06-09.15", "dist": "0.968", "sigma_lov": "-1.49538", "sigma_imp": "0.000", "ps": "-8.03"}, {"energy": "2.722e-02", "width": "0.0000e+00", "ip": "3.295e-07", "ts": "0", "stretch": "1.8292e+06", "date": "2105-07-05.84", "dist": "0.706", "sigma_lov": "0.04371", "sigma_imp": "0.000", "ps": "-8.15"}, {"energy": "2.724e-02", "width": "1.3889e-03", "ip": "4.204e-09", "ts": "0", "stretch": "2.9692e+05", "date": "2105-06-11.30", "dist": "0.225", "sigma_lov": "3.59184", "sigma_imp": "0.000", "ps": "-10.0"}, {"energy": "2.721e-02", "width": "3.1057e-03", "ip": "1.260e-06", "ts": "0", "stretch": "3.5176e+05", "date": "2105-06-11.26", "dist": "0.555", "sigma_lov": "-0.89980", "sigma_imp": "0.000", "ps": "-7.57"}, {"energy": "2.723e-02", "width": "0.0000e+00", "ip": "2.078e-07", "ts": "0", "stretch": "2.9489e+06", "date": "2105-06-11.01", "dist": "0.650", "sigma_lov": "0.04381", "sigma_imp": "0.000", "ps": "-8.35"}, {"energy": "2.726e-02", "width": "5.4433e-02", "ip": "1.359e-07", "ts": "0", "stretch": "5.8506e+06", "date": "2105-06-10.99", "dist": "0.413", "sigma_lov": "0.04393", "sigma_imp": "0.000", "ps": "-8.54"}, {"energy": "2.723e-02", "width": "0.0000e+00", "ip": "2.701e-07", "ts": "0", "stretch": "4.0421e+04", "date": "2105-06-10.63", "dist": "0.622", "sigma_lov": "2.84874", "sigma_imp": "0.000", "ps": "-8.24"}, {"energy": "2.728e-02", "width": "0.0000e+00", "ip": "6.817e-07", "ts": "0", "stretch": "6.6853e+05", "date": "2104-06-10.78", "dist": "0.462", "sigma_lov": "-0.93942", "sigma_imp": "0.000", "ps": "-7.83"}, {"energy": "2.728e-02", "width": "7.8568e-03", "ip": "3.764e-07", "ts": "0", "stretch": "1.1367e+06", "date": "2104-06-10.78", "dist": "0.537", "sigma_lov": "0.97106", "sigma_imp": "0.000", "ps": "-8.09"}, {"energy": "2.729e-02", "width": "3.9284e-03", "ip": "8.135e-07", "ts": "0", "stretch": "8.1184e+05", "date": "2104-06-10.41", "dist": "0.560", "sigma_lov": "0.05347", "sigma_imp": "0.000", "ps": "-7.75"}, {"energy": "2.728e-02", "width": "9.8210e-04", "ip": "1.789e-06", "ts": "0", "stretch": "2.0671e+05", "date": "2103-07-20.54", "dist": "0.290", "sigma_lov": "-1.20575", "sigma_imp": "0.000", "ps": "-7.41"}, {"energy": "2.728e-02", "width": "1.5714e-02", "ip": "3.205e-08", "ts": "0", "stretch": "1.9246e+06", "date": "2103-07-19.34", "dist": "0.075", "sigma_lov": "-2.26434", "sigma_imp": "0.000", "ps": "-9.15"}, {"energy": "2.725e-02", "width": "2.4552e-04", "ip": "5.700e-06", "ts": "0", "stretch": "4.9743e+04", "date": "2103-06-12.58", "dist": "0.791", "sigma_lov": "-1.04400", "sigma_imp": "0.000", "ps": "-6.90"}, {"energy": "2.725e-02", "width": "0.0000e+00", "ip": "7.125e-06", "ts": "0", "stretch": "7.2753e+04", "date": "2103-06-11.42", "dist": "0.750", "sigma_lov": "-0.18713", "sigma_imp": "0.000", "ps": "-6.81"}, {"energy": "2.727e-02", "width": "9.8210e-04", "ip": "5.248e-07", "ts": "0", "stretch": "2.4408e+05", "date": "2103-06-11.31", "dist": "0.620", "sigma_lov": "-1.78344", "sigma_imp": "0.000", "ps": "-7.94"}, {"energy": "2.724e-02", "width": "0.0000e+00", "ip": "1.655e-06", "ts": "0", "stretch": "4.8269e+04", "date": "2103-06-11.10", "dist": "0.990", "sigma_lov": "-0.82664", "sigma_imp": "0.000", "ps": "-7.44"}, {"energy": "2.724e-02", "width": "3.9284e-03", "ip": "2.929e-07", "ts": "0", "stretch": "9.1327e+05", "date": "2103-06-10.73", "dist": "0.875", "sigma_lov": "-0.85923", "sigma_imp": "0.000", "ps": "-8.19"}, {"energy": "2.727e-02", "width": "5.5556e-03", "ip": "8.102e-07", "ts": "0", "stretch": "7.7976e+05", "date": "2102-06-11.32", "dist": "0.429", "sigma_lov": "0.51507", "sigma_imp": "0.000", "ps": "-7.75"}, {"energy": "2.727e-02", "width": "0.0000e+00", "ip": "1.131e-07", "ts": "0", "stretch": "3.7540e+05", "date": "2102-06-11.21", "dist": "0.455", "sigma_lov": "-2.37660", "sigma_imp": "0.000", "ps": "-8.60"}, {"energy": "2.726e-02", "width": "5.5556e-03", "ip": "2.831e-07", "ts": "0", "stretch": "1.2388e+06", "date": "2102-06-10.83", "dist": "0.749", "sigma_lov": "-0.90826", "sigma_imp": "0.000", "ps": "-8.20"}, {"energy": "2.729e-02", "width": "1.9642e-03", "ip": "1.825e-06", "ts": "0", "stretch": "2.5379e+05", "date": "2102-06-10.80", "dist": "0.188", "sigma_lov": "1.02687", "sigma_imp": "0.000", "ps": "-7.39"}, {"energy": "2.726e-02", "width": "0.0000e+00", "ip": "7.406e-09", "ts": "0", "stretch": "4.6655e+04", "date": "2102-06-10.60", "dist": "0.768", "sigma_lov": "3.82588", "sigma_imp": "0.000", "ps": "-9.79"}, {"energy": "2.728e-02", "width": "1.3889e-03", "ip": "1.510e-06", "ts": "0", "stretch": "3.2614e+05", "date": "2101-06-11.29", "dist": "0.304", "sigma_lov": "-0.94828", "sigma_imp": "0.000", "ps": "-7.47"}, {"energy": "2.729e-02", "width": "0.0000e+00", "ip": "7.722e-07", "ts": "0", "stretch": "1.0066e+06", "date": "2101-06-10.87", "dist": "0.267", "sigma_lov": "-0.03114", "sigma_imp": "0.000", "ps": "-7.76"}, {"energy": "2.724e-02", "width": "0.0000e+00", "ip": "5.333e-06", "ts": "0", "stretch": "1.2066e+05", "date": "2100-06-10.83", "dist": "0.578", "sigma_lov": "0.15594", "sigma_imp": "0.000", "ps": "-6.92"}, {"energy": "2.725e-02", "width": "0.0000e+00", "ip": "6.527e-08", "ts": "0", "stretch": "1.2968e+05", "date": "2100-06-10.70", "dist": "0.323", "sigma_lov": "3.00091", "sigma_imp": "0.000", "ps": "-8.83"}, {"energy": "2.725e-02", "width": "0.0000e+00", "ip": "1.765e-07", "ts": "0", "stretch": "5.8343e+04", "date": "2100-06-10.55", "dist": "0.272", "sigma_lov": "2.94028", "sigma_imp": "0.000", "ps": "-8.40"}, {"energy": "2.725e-02", "width": "0.0000e+00", "ip": "1.826e-05", "ts": "0", "stretch": "3.8742e+04", "date": "2100-06-10.31", "dist": "0.448", "sigma_lov": "0.13145", "sigma_imp": "0.000", "ps": "-6.38"}, {"energy": "2.724e-02", "width": "0.0000e+00", "ip": "1.178e-06", "ts": "0", "stretch": "6.1631e+05", "date": "2100-06-10.20", "dist": "0.406", "sigma_lov": "0.09744", "sigma_imp": "0.000", "ps": "-7.57"}, {"energy": "2.722e-02", "width": "6.9445e-04", "ip": "3.681e-08", "ts": "0", "stretch": "1.3190e+05", "date": "2100-06-09.87", "dist": "0.652", "sigma_lov": "3.11043", "sigma_imp": "0.000", "ps": "-9.08"}, {"energy": "2.726e-02", "width": "0.0000e+00", "ip": "3.886e-07", "ts": "0", "stretch": "1.0937e+06", "date": "2100-06-09.66", "dist": "0.261", "sigma_lov": "1.09222", "sigma_imp": "0.000", "ps": "-8.05"}, {"energy": "2.726e-02", "width": "0.0000e+00", "ip": "6.384e-07", "ts": "0", "stretch": "1.0819e+06", "date": "2100-06-09.18", "dist": "0.478", "sigma_lov": "0.17663", "sigma_imp": "0.000", "ps": "-7.84"}, {"energy": "2.725e-02", "width": "6.1381e-05", "ip": "4.461e-10", "ts": "0", "stretch": "8.7150e+03", "date": "2099-06-12.39", "dist": "0.808", "sigma_lov": "4.84424", "sigma_imp": "0.000", "ps": "-11.0"}, {"energy": "2.728e-02", "width": "2.4552e-04", "ip": "1.489e-08", "ts": "0", "stretch": "5.0183e+04", "date": "2099-06-11.95", "dist": "0.966", "sigma_lov": "-3.35549", "sigma_imp": "0.000", "ps": "-9.47"}, {"energy": "2.728e-02", "width": "0.0000e+00", "ip": "4.971e-08", "ts": "0", "stretch": "5.0107e+04", "date": "2099-06-11.47", "dist": "0.192", "sigma_lov": "-3.39589", "sigma_imp": "0.000", "ps": "-8.94"}, {"energy": "2.728e-02", "width": "3.4722e-04", "ip": "6.388e-08", "ts": "0", "stretch": "8.4365e+04", "date": "2099-06-10.79", "dist": "0.587", "sigma_lov": "-3.09751", "sigma_imp": "0.000", "ps": "-8.83"}, {"energy": "2.728e-02", "width": "1.7361e-04", "ip": "1.462e-07", "ts": "0", "stretch": "4.2902e+04", "date": "2099-06-10.62", "dist": "0.498", "sigma_lov": "-3.07085", "sigma_imp": "0.000", "ps": "-8.47"}, {"energy": "2.725e-02", "width": "7.8568e-03", "ip": "2.069e-07", "ts": "0", "stretch": "1.7362e+06", "date": "2099-06-10.60", "dist": "0.723", "sigma_lov": "-0.93273", "sigma_imp": "0.000", "ps": "-8.32"}, {"energy": "2.731e-02", "width": "6.9445e-04", "ip": "4.173e-07", "ts": "0", "stretch": "1.0469e+05", "date": "2099-06-10.33", "dist": "0.143", "sigma_lov": "-2.40890", "sigma_imp": "0.000", "ps": "-8.02"}, {"energy": "2.732e-02", "width": "0.0000e+00", "ip": "8.245e-08", "ts": "0", "stretch": "1.1105e+05", "date": "2099-06-08.40", "dist": "0.520", "sigma_lov": "-2.93953", "sigma_imp": "0.000", "ps": "-8.72"}, {"energy": "2.728e-02", "width": "0.0000e+00", "ip": "4.582e-07", "ts": "0", "stretch": "1.3094e+06", "date": "2098-06-10.61", "dist": "0.519", "sigma_lov": "0.53580", "sigma_imp": "0.000", "ps": "-7.97"}, {"energy": "2.732e-02", "width": "0.0000e+00", "ip": "7.733e-07", "ts": "0", "stretch": "6.0742e+05", "date": "2098-06-10.21", "dist": "0.372", "sigma_lov": "0.95747", "sigma_imp": "0.000", "ps": "-7.74"}, {"energy": "2.718e-02", "width": "1.5714e-02", "ip": "2.766e-08", "ts": "0", "stretch": "2.5590e+06", "date": "2098-06-10.15", "dist": "0.347", "sigma_lov": "-2.19050", "sigma_imp": "0.000", "ps": "-9.19"}, {"energy": "2.725e-02", "width": "2.4056e-03", "ip": "2.294e-07", "ts": "0", "stretch": "2.8756e+05", "date": "2098-06-09.78", "dist": "0.094", "sigma_lov": "-2.23366", "sigma_imp": "0.000", "ps": "-8.27"}, {"energy": "2.725e-02", "width": "3.4722e-04", "ip": "2.794e-06", "ts": "0", "stretch": "4.6705e+04", "date": "2098-06-09.12", "dist": "0.729", "sigma_lov": "-1.69380", "sigma_imp": "0.000", "ps": "-7.19"}, {"energy": "2.725e-02", "width": "3.9284e-03", "ip": "1.216e-07", "ts": "0", "stretch": "6.2949e+05", "date": "2098-06-08.87", "dist": "0.430", "sigma_lov": "-2.12023", "sigma_imp": "0.000", "ps": "-8.55"}, {"energy": "2.727e-02", "width": "0.0000e+00", "ip": "1.743e-05", "ts": "0", "stretch": "1.1556e+04", "date": "2098-06-08.77", "dist": "0.619", "sigma_lov": "-1.50825", "sigma_imp": "0.000", "ps": "-6.39"}, {"energy": "2.723e-02", "width": "3.9284e-03", "ip": "3.310e-07", "ts": "0", "stretch": "6.0155e+05", "date": "2098-06-08.34", "dist": "0.913", "sigma_lov": "-1.00244", "sigma_imp": "0.000", "ps": "-8.11"}, {"energy": "2.724e-02", "width": "1.9642e-03", "ip": "7.519e-07", "ts": "0", "stretch": "3.7615e+05", "date": "2098-06-08.01", "dist": "0.256", "sigma_lov": "-1.41812", "sigma_imp": "0.000", "ps": "-7.76"}, {"energy": "2.725e-02", "width": "0.0000e+00", "ip": "3.270e-06", "ts": "0", "stretch": "2.1738e+05", "date": "2097-06-12.55", "dist": "0.175", "sigma_lov": "0.44812", "sigma_imp": "0.000", "ps": "-7.11"}, {"energy": "2.725e-02", "width": "0.0000e+00", "ip": "3.161e-06", "ts": "0", "stretch": "8.1839e+04", "date": "2097-06-12.18", "dist": "0.541", "sigma_lov": "1.38248", "sigma_imp": "0.000", "ps": "-7.13"}, {"energy": "2.723e-02", "width": "0.0000e+00", "ip": "1.074e-06", "ts": "0", "stretch": "5.6195e+05", "date": "2097-06-10.54", "dist": "0.655", "sigma_lov": "0.08379", "sigma_imp": "0.000", "ps": "-7.60"}, {"energy": "2.729e-02", "width": "0.0000e+00", "ip": "1.723e-06", "ts": "0", "stretch": "4.0549e+05", "date": "2097-06-09.85", "dist": "0.098", "sigma_lov": "0.51174", "sigma_imp": "0.000", "ps": "-7.39"}, {"energy": "2.725e-02", "width": "9.8210e-04", "ip": "2.618e-06", "ts": "0", "stretch": "2.0209e+05", "date": "2097-06-09.59", "dist": "0.747", "sigma_lov": "0.07408", "sigma_imp": "0.000", "ps": "-7.21"}, {"energy": "2.729e-02", "width": "9.8210e-04", "ip": "2.973e-06", "ts": "0", "stretch": "1.4446e+05", "date": "2097-06-09.35", "dist": "0.393", "sigma_lov": "1.03699", "sigma_imp": "0.000", "ps": "-7.15"}, {"energy": "2.730e-02", "width": "3.9284e-03", "ip": "1.036e-06", "ts": "0", "stretch": "5.7995e+05", "date": "2096-06-09.42", "dist": "0.674", "sigma_lov": "0.00884", "sigma_imp": "0.000", "ps": "-7.61"}, {"energy": "2.733e-02", "width": "0.0000e+00", "ip": "2.919e-07", "ts": "0", "stretch": "1.6695e+06", "date": "2096-06-09.31", "dist": "0.238", "sigma_lov": "0.97608", "sigma_imp": "0.000", "ps": "-8.16"}, {"energy": "2.724e-02", "width": "0.0000e+00", "ip": "9.799e-07", "ts": "0", "stretch": "1.9208e+05", "date": "2095-06-12.55", "dist": "0.875", "sigma_lov": "-1.22246", "sigma_imp": "0.000", "ps": "-7.63"}, {"energy": "2.726e-02", "width": "4.3403e-05", "ip": "9.971e-05", "ts": "0", "stretch": "5.7530e+03", "date": "2095-06-10.74", "dist": "0.678", "sigma_lov": "-0.20971", "sigma_imp": "0.000", "ps": "-5.62"}, {"energy": "2.728e-02", "width": "0.0000e+00", "ip": "5.399e-08", "ts": "0", "stretch": "4.7846e+04", "date": "2095-06-10.59", "dist": "0.458", "sigma_lov": "3.35557", "sigma_imp": "0.000", "ps": "-8.88"}, {"energy": "2.727e-02", "width": "3.9284e-03", "ip": "2.564e-07", "ts": "0", "stretch": "5.1203e+05", "date": "2095-06-10.37", "dist": "0.609", "sigma_lov": "-1.77593", "sigma_imp": "0.000", "ps": "-8.21"}, {"energy": "2.730e-02", "width": "8.6806e-05", "ip": "1.484e-07", "ts": "0", "stretch": "2.0943e+04", "date": "2095-06-10.31", "dist": "0.141", "sigma_lov": "3.33223", "sigma_imp": "0.000", "ps": "-8.45"}, {"energy": "2.724e-02", "width": "0.0000e+00", "ip": "5.689e-06", "ts": "0", "stretch": "5.7332e+04", "date": "2095-06-10.12", "dist": "0.806", "sigma_lov": "-0.86123", "sigma_imp": "0.000", "ps": "-6.86"}, {"energy": "2.727e-02", "width": "0.0000e+00", "ip": "1.424e-06", "ts": "0", "stretch": "4.3884e+05", "date": "2095-06-09.10", "dist": "0.605", "sigma_lov": "0.18373", "sigma_imp": "0.000", "ps": "-7.46"}, {"energy": "2.725e-02", "width": "0.0000e+00", "ip": "1.770e-06", "ts": "0", "stretch": "2.6002e+05", "date": "2095-06-09.05", "dist": "0.489", "sigma_lov": "0.91136", "sigma_imp": "0.000", "ps": "-7.37"}, {"energy": "2.724e-02", "width": "2.7451e-04", "ip": "1.921e-08", "ts": "0", "stretch": "2.8227e+04", "date": "2094-07-23.19", "dist": "0.905", "sigma_lov": "-3.59281", "sigma_imp": "0.000", "ps": "-9.33"}, {"energy": "2.727e-02", "width": "0.0000e+00", "ip": "6.786e-08", "ts": "0", "stretch": "1.9386e+04", "date": "2094-06-10.38", "dist": "0.357", "sigma_lov": "-3.56500", "sigma_imp": "0.000", "ps": "-8.78"}, {"energy": "2.724e-02", "width": "0.0000e+00", "ip": "7.738e-07", "ts": "0", "stretch": "6.3324e+05", "date": "2094-06-09.88", "dist": "0.792", "sigma_lov": "0.05635", "sigma_imp": "0.000", "ps": "-7.72"}, {"energy": "2.728e-02", "width": "0.0000e+00", "ip": "1.140e-06", "ts": "0", "stretch": "3.9190e+05", "date": "2093-06-09.97", "dist": "0.489", "sigma_lov": "-0.94312", "sigma_imp": "0.000", "ps": "-7.55"}, {"energy": "2.730e-02", "width": "0.0000e+00", "ip": "4.790e-07", "ts": "0", "stretch": "9.5600e+05", "date": "2093-06-09.68", "dist": "0.400", "sigma_lov": "0.97340", "sigma_imp": "0.000", "ps": "-7.92"}, {"energy": "2.724e-02", "width": "3.0691e-05", "ip": "9.415e-07", "ts": "0", "stretch": "7.7127e+03", "date": "2092-06-10.25", "dist": "0.535", "sigma_lov": "3.01413", "sigma_imp": "0.000", "ps": "-7.63"}, {"energy": "2.725e-02", "width": "3.2552e-05", "ip": "4.685e-06", "ts": "0", "stretch": "2.2730e+03", "date": "2092-06-09.98", "dist": "0.450", "sigma_lov": "2.90319", "sigma_imp": "0.000", "ps": "-6.93"}, {"energy": "2.724e-02", "width": "0.0000e+00", "ip": "3.996e-06", "ts": "0", "stretch": "7.4561e+04", "date": "2092-06-09.69", "dist": "0.907", "sigma_lov": "0.49297", "sigma_imp": "0.000", "ps": "-7.00"}, {"energy": "2.725e-02", "width": "1.7361e-04", "ip": "1.493e-05", "ts": "0", "stretch": "2.4535e+04", "date": "2092-06-09.20", "dist": "0.558", "sigma_lov": "1.08957", "sigma_imp": "0.000", "ps": "-6.43"}, {"energy": "2.725e-02", "width": "0.0000e+00", "ip": "5.117e-07", "ts": "0", "stretch": "7.3576e+05", "date": "2092-06-08.10", "dist": "0.967", "sigma_lov": "0.08969", "sigma_imp": "0.000", "ps": "-7.89"}, {"energy": "2.729e-02", "width": "0.0000e+00", "ip": "1.204e-07", "ts": "0", "stretch": "2.6438e+04", "date": "2091-06-10.46", "dist": "0.556", "sigma_lov": "-3.27172", "sigma_imp": "0.000", "ps": "-8.51"}, {"energy": "2.732e-02", "width": "0.0000e+00", "ip": "5.841e-07", "ts": "0", "stretch": "1.3658e+06", "date": "2091-06-09.97", "dist": "0.092", "sigma_lov": "0.01710", "sigma_imp": "0.000", "ps": "-7.83"}, {"energy": "2.731e-02", "width": "0.0000e+00", "ip": "9.341e-09", "ts": "0", "stretch": "1.1709e+05", "date": "2091-06-09.71", "dist": "0.149", "sigma_lov": "3.63266", "sigma_imp": "0.000", "ps": "-9.62"}, {"energy": "2.728e-02", "width": "1.2423e-02", "ip": "2.985e-07", "ts": "0", "stretch": "1.2158e+06", "date": "2091-06-09.57", "dist": "0.664", "sigma_lov": "1.00101", "sigma_imp": "0.000", "ps": "-8.12"}, {"energy": "2.730e-02", "width": "0.0000e+00", "ip": "7.885e-06", "ts": "0", "stretch": "1.9902e+04", "date": "2090-06-10.51", "dist": "0.491", "sigma_lov": "-1.72730", "sigma_imp": "0.000", "ps": "-6.69"}, {"energy": "2.729e-02", "width": "9.6226e-03", "ip": "4.309e-07", "ts": "0", "stretch": "1.3933e+06", "date": "2090-06-10.36", "dist": "0.498", "sigma_lov": "0.53315", "sigma_imp": "0.000", "ps": "-7.95"}, {"energy": "2.727e-02", "width": "0.0000e+00", "ip": "8.465e-07", "ts": "0", "stretch": "6.1269e+04", "date": "2090-06-09.93", "dist": "0.613", "sigma_lov": "-2.23778", "sigma_imp": "0.000", "ps": "-7.66"}, {"energy": "2.730e-02", "width": "2.7778e-03", "ip": "1.145e-06", "ts": "0", "stretch": "4.0480e+05", "date": "2090-06-09.92", "dist": "0.378", "sigma_lov": "0.96672", "sigma_imp": "0.000", "ps": "-7.53"}, {"energy": "2.725e-02", "width": "0.0000e+00", "ip": "4.265e-06", "ts": "0", "stretch": "6.8592e+04", "date": "2090-06-08.53", "dist": "0.099", "sigma_lov": "-1.41471", "sigma_imp": "0.000", "ps": "-6.96"}, {"energy": "2.724e-02", "width": "1.9642e-03", "ip": "1.163e-06", "ts": "0", "stretch": "4.3635e+05", "date": "2089-06-09.50", "dist": "0.804", "sigma_lov": "0.05943", "sigma_imp": "0.000", "ps": "-7.52"}, {"energy": "2.729e-02", "width": "0.0000e+00", "ip": "6.264e-07", "ts": "0", "stretch": "6.6228e+04", "date": "2088-06-10.44", "dist": "0.106", "sigma_lov": "-2.43228", "sigma_imp": "0.000", "ps": "-7.78"}, {"energy": "2.727e-02", "width": "0.0000e+00", "ip": "1.253e-06", "ts": "0", "stretch": "2.2891e+04", "date": "2088-06-10.02", "dist": "0.700", "sigma_lov": "-2.44795", "sigma_imp": "0.000", "ps": "-7.48"}, {"energy": "2.732e-02", "width": "3.4722e-04", "ip": "9.693e-08", "ts": "0", "stretch": "8.8914e+04", "date": "2088-06-09.06", "dist": "0.247", "sigma_lov": "-3.00247", "sigma_imp": "0.000", "ps": "-8.59"}, {"energy": "2.725e-02", "width": "0.0000e+00", "ip": "1.705e-07", "ts": "0", "stretch": "2.6589e+05", "date": "2088-06-08.46", "dist": "0.860", "sigma_lov": "-2.09821", "sigma_imp": "0.000", "ps": "-8.34"}, {"energy": "2.727e-02", "width": "9.8210e-04", "ip": "5.686e-06", "ts": "0", "stretch": "1.1957e+05", "date": "2087-06-10.77", "dist": "0.149", "sigma_lov": "0.54643", "sigma_imp": "0.000", "ps": "-6.81"}, {"energy": "2.725e-02", "width": "0.0000e+00", "ip": "3.418e-07", "ts": "0", "stretch": "1.6830e+05", "date": "2087-06-10.43", "dist": "0.303", "sigma_lov": "-2.27501", "sigma_imp": "0.000", "ps": "-8.04"}, {"energy": "2.727e-02", "width": "2.4552e-04", "ip": "1.453e-05", "ts": "0", "stretch": "3.4898e+04", "date": "2087-06-10.43", "dist": "0.244", "sigma_lov": "0.92061", "sigma_imp": "0.000", "ps": "-6.41"}, {"energy": "2.725e-02", "width": "0.0000e+00", "ip": "3.148e-08", "ts": "0", "stretch": "1.5745e+05", "date": "2087-06-10.24", "dist": "0.459", "sigma_lov": "3.15461", "sigma_imp": "0.000", "ps": "-9.07"}, {"energy": "2.724e-02", "width": "0.0000e+00", "ip": "2.937e-06", "ts": "0", "stretch": "1.3978e+05", "date": "2087-06-10.20", "dist": "0.644", "sigma_lov": "-0.89241", "sigma_imp": "0.000", "ps": "-7.10"}, {"energy": "2.727e-02", "width": "0.0000e+00", "ip": "2.427e-05", "ts": "0", "stretch": "2.7907e+04", "date": "2087-06-09.60", "dist": "0.506", "sigma_lov": "0.17955", "sigma_imp": "0.000", "ps": "-6.18"}, {"energy": "2.726e-02", "width": "0.0000e+00", "ip": "1.060e-08", "ts": "0", "stretch": "5.0465e+04", "date": "2086-06-10.28", "dist": "0.592", "sigma_lov": "-3.77055", "sigma_imp": "0.000", "ps": "-9.54"}, {"energy": "2.729e-02", "width": "0.0000e+00", "ip": "7.654e-07", "ts": "0", "stretch": "5.4416e+05", "date": "2085-06-09.75", "dist": "0.589", "sigma_lov": "-0.93577", "sigma_imp": "0.000", "ps": "-7.67"}, {"energy": "2.727e-02", "width": "0.0000e+00", "ip": "2.442e-06", "ts": "0", "stretch": "2.2927e+05", "date": "2084-06-08.98", "dist": "0.711", "sigma_lov": "0.06611", "sigma_imp": "0.000", "ps": "-7.16"}, {"energy": "2.727e-02", "width": "0.0000e+00", "ip": "2.107e-06", "ts": "0", "stretch": "1.9224e+05", "date": "2084-06-08.91", "dist": "0.535", "sigma_lov": "1.01065", "sigma_imp": "0.000", "ps": "-7.23"}, {"energy": "2.727e-02", "width": "0.0000e+00", "ip": "2.930e-07", "ts": "0", "stretch": "1.6669e+05", "date": "2083-06-10.37", "dist": "0.116", "sigma_lov": "-2.36363", "sigma_imp": "0.000", "ps": "-8.08"}, {"energy": "2.729e-02", "width": "4.9105e-04", "ip": "1.896e-08", "ts": "0", "stretch": "9.3412e+04", "date": "2083-06-09.46", "dist": "0.438", "sigma_lov": "-3.46934", "sigma_imp": "0.000", "ps": "-9.27"}, {"energy": "2.728e-02", "width": "6.8626e-05", "ip": "2.131e-05", "ts": "0", "stretch": "6.3923e+03", "date": "2082-06-10.98", "dist": "0.586", "sigma_lov": "-1.76711", "sigma_imp": "0.000", "ps": "-6.21"}, {"energy": "2.725e-02", "width": "1.7361e-04", "ip": "1.779e-05", "ts": "0", "stretch": "2.0541e+04", "date": "2082-06-10.52", "dist": "0.668", "sigma_lov": "-0.98677", "sigma_imp": "0.000", "ps": "-6.29"}, {"energy": "2.726e-02", "width": "4.9105e-04", "ip": "4.851e-07", "ts": "0", "stretch": "9.8165e+04", "date": "2082-06-09.96", "dist": "0.659", "sigma_lov": "-2.25378", "sigma_imp": "0.000", "ps": "-7.85"}, {"energy": "2.728e-02", "width": "3.9284e-03", "ip": "5.072e-07", "ts": "0", "stretch": "8.9997e+05", "date": "2082-06-09.90", "dist": "0.396", "sigma_lov": "0.98223", "sigma_imp": "0.000", "ps": "-7.83"}, {"energy": "2.725e-02", "width": "8.6806e-05", "ip": "2.224e-09", "ts": "0", "stretch": "1.0509e+04", "date": "2081-06-10.18", "dist": "0.971", "sigma_lov": "-4.24902", "sigma_imp": "0.000", "ps": "-10.2"}, {"energy": "2.729e-02", "width": "0.0000e+00", "ip": "2.725e-07", "ts": "0", "stretch": "1.7424e+04", "date": "2080-06-10.29", "dist": "0.662", "sigma_lov": "-3.11345", "sigma_imp": "0.000", "ps": "-8.09"}, {"energy": "2.732e-02", "width": "3.0691e-05", "ip": "1.591e-06", "ts": "0", "stretch": "4.9787e+03", "date": "2080-06-09.66", "dist": "0.323", "sigma_lov": "-3.02269", "sigma_imp": "0.000", "ps": "-7.32"}, {"energy": "2.729e-02", "width": "0.0000e+00", "ip": "2.099e-08", "ts": "0", "stretch": "1.8523e+05", "date": "2080-06-09.13", "dist": "0.569", "sigma_lov": "-3.20831", "sigma_imp": "0.000", "ps": "-9.20"}, {"energy": "2.729e-02", "width": "4.8526e-05", "ip": "1.432e-04", "ts": "0", "stretch": "4.1039e+03", "date": "2079-06-11.14", "dist": "0.534", "sigma_lov": "0.52570", "sigma_imp": "0.000", "ps": "-5.36"}, {"energy": "2.731e-02", "width": "3.3882e-05", "ip": "3.430e-04", "ts": "0", "stretch": "1.3247e+03", "date": "2079-06-10.67", "dist": "0.366", "sigma_lov": "0.99246", "sigma_imp": "0.000", "ps": "-4.98"}, {"energy": "2.724e-02", "width": "7.3693e-05", "ip": "3.066e-05", "ts": "0", "stretch": "4.3815e+03", "date": "2079-06-10.53", "dist": "0.962", "sigma_lov": "0.99072", "sigma_imp": "0.000", "ps": "-6.03"}, {"energy": "2.722e-02", "width": "1.7361e-04", "ip": "2.185e-07", "ts": "0", "stretch": "2.5865e+04", "date": "2079-06-10.34", "dist": "0.233", "sigma_lov": "3.14151", "sigma_imp": "0.000", "ps": "-8.18"}, {"energy": "2.727e-02", "width": "0.0000e+00", "ip": "1.213e-05", "ts": "0", "stretch": "6.3378e+04", "date": "2079-06-09.88", "dist": "0.253", "sigma_lov": "0.09344", "sigma_imp": "0.000", "ps": "-6.43"}, {"energy": "2.729e-02", "width": "0.0000e+00", "ip": "9.850e-07", "ts": "0", "stretch": "4.6966e+05", "date": "2079-06-09.86", "dist": "0.480", "sigma_lov": "-0.91226", "sigma_imp": "0.000", "ps": "-7.52"}, {"energy": "2.728e-02", "width": "0.0000e+00", "ip": "1.559e-06", "ts": "0", "stretch": "4.3534e+05", "date": "2077-06-09.59", "dist": "0.526", "sigma_lov": "0.01328", "sigma_imp": "0.000", "ps": "-7.31"}, {"energy": "2.725e-02", "width": "0.0000e+00", "ip": "3.283e-08", "ts": "0", "stretch": "2.3417e+04", "date": "2076-06-09.25", "dist": "0.258", "sigma_lov": "3.72246", "sigma_imp": "0.000", "ps": "-8.98"}, {"energy": "2.723e-02", "width": "2.4552e-04", "ip": "7.269e-09", "ts": "0", "stretch": "4.2115e+04", "date": "2075-06-11.55", "dist": "0.652", "sigma_lov": "-3.90053", "sigma_imp": "0.000", "ps": "-9.63"}, {"energy": "2.725e-02", "width": "4.3403e-05", "ip": "6.049e-08", "ts": "0", "stretch": "9.7304e+03", "date": "2075-06-10.69", "dist": "0.594", "sigma_lov": "-3.74459", "sigma_imp": "0.000", "ps": "-8.71"}, {"energy": "2.728e-02", "width": "3.5988e-05", "ip": "1.797e-04", "ts": "0", "stretch": "2.3613e+03", "date": "2074-06-10.61", "dist": "0.584", "sigma_lov": "-0.92014", "sigma_imp": "0.000", "ps": "-5.22"}, {"energy": "2.729e-02", "width": "0.0000e+00", "ip": "2.419e-05", "ts": "0", "stretch": "2.7547e+04", "date": "2074-06-10.05", "dist": "0.549", "sigma_lov": "-0.03592", "sigma_imp": "0.000", "ps": "-6.10"}, {"energy": "2.731e-02", "width": "0.0000e+00", "ip": "4.925e-07", "ts": "0", "stretch": "1.2309e+05", "date": "2074-06-09.71", "dist": "0.137", "sigma_lov": "-2.26888", "sigma_imp": "0.000", "ps": "-7.79"}, {"energy": "2.730e-02", "width": "4.3403e-05", "ip": "5.759e-07", "ts": "0", "stretch": "7.1101e+03", "date": "2072-06-09.57", "dist": "0.426", "sigma_lov": "-3.22002", "sigma_imp": "0.000", "ps": "-7.70"}, {"energy": "2.729e-02", "width": "0.0000e+00", "ip": "5.716e-07", "ts": "0", "stretch": "7.7488e+04", "date": "2072-06-09.38", "dist": "0.345", "sigma_lov": "-2.38086", "sigma_imp": "0.000", "ps": "-7.71"}, {"energy": "2.727e-02", "width": "0.0000e+00", "ip": "2.146e-06", "ts": "0", "stretch": "2.7665e+05", "date": "2071-06-09.80", "dist": "0.667", "sigma_lov": "0.04879", "sigma_imp": "0.000", "ps": "-7.12"}, {"energy": "2.726e-02", "width": "3.7588e-05", "ip": "2.084e-08", "ts": "0", "stretch": "5.6456e+03", "date": "2071-06-09.44", "dist": "0.832", "sigma_lov": "4.06266", "sigma_imp": "0.000", "ps": "-9.14"}, {"energy": "2.727e-02", "width": "6.1381e-05", "ip": "4.397e-09", "ts": "0", "stretch": "1.6123e+04", "date": "2070-06-10.22", "dist": "0.154", "sigma_lov": "-4.32179", "sigma_imp": "0.000", "ps": "-9.80"}, {"energy": "2.727e-02", "width": "9.8210e-04", "ip": "7.985e-09", "ts": "0", "stretch": "2.1027e+05", "date": "2069-06-09.59", "dist": "0.485", "sigma_lov": "3.47718", "sigma_imp": "0.000", "ps": "-9.54"}, {"energy": "2.729e-02", "width": "0.0000e+00", "ip": "6.067e-07", "ts": "0", "stretch": "1.1949e+06", "date": "2069-06-09.45", "dist": "0.418", "sigma_lov": "0.02770", "sigma_imp": "0.000", "ps": "-7.66"}, {"energy": "2.726e-02", "width": "0.0000e+00", "ip": "8.668e-08", "ts": "0", "stretch": "5.4860e+05", "date": "2067-06-10.01", "dist": "0.424", "sigma_lov": "-2.33575", "sigma_imp": "0.000", "ps": "-8.48"}, {"energy": "2.729e-02", "width": "3.6797e-05", "ip": "4.514e-04", "ts": "0", "stretch": "1.5038e+03", "date": "2066-06-10.31", "dist": "0.525", "sigma_lov": "0.03544", "sigma_imp": "0.000", "ps": "-4.76"}, {"energy": "2.730e-02", "width": "0.0000e+00", "ip": "9.835e-08", "ts": "0", "stretch": "2.3403e+04", "date": "2066-06-09.76", "dist": "0.404", "sigma_lov": "3.39822", "sigma_imp": "0.000", "ps": "-8.42"}, {"energy": "2.728e-02", "width": "0.0000e+00", "ip": "2.439e-07", "ts": "0", "stretch": "2.0596e+05", "date": "2066-06-09.69", "dist": "0.529", "sigma_lov": "-2.28382", "sigma_imp": "0.000", "ps": "-8.03"}, {"energy": "2.727e-02", "width": "5.3158e-05", "ip": "2.238e-07", "ts": "0", "stretch": "6.8783e+03", "date": "2064-06-09.76", "dist": "0.447", "sigma_lov": "-3.50817", "sigma_imp": "0.000", "ps": "-8.04"}, {"energy": "2.726e-02", "width": "6.9445e-04", "ip": "3.008e-07", "ts": "0", "stretch": "1.5597e+05", "date": "2064-06-09.43", "dist": "0.393", "sigma_lov": "-2.34999", "sigma_imp": "0.000", "ps": "-7.92"}, {"energy": "2.730e-02", "width": "2.4552e-04", "ip": "2.362e-08", "ts": "0", "stretch": "5.2615e+04", "date": "2063-06-09.67", "dist": "0.048", "sigma_lov": "3.60003", "sigma_imp": "0.000", "ps": "-9.01"}, {"energy": "2.729e-02", "width": "6.1381e-05", "ip": "1.999e-06", "ts": "0", "stretch": "1.2245e+04", "date": "2061-06-08.59", "dist": "0.959", "sigma_lov": "-2.11223", "sigma_imp": "0.000", "ps": "-7.06"}, {"energy": "2.727e-02", "width": "3.8267e-05", "ip": "3.124e-06", "ts": "0", "stretch": "4.1556e+02", "date": "2058-06-10.47", "dist": "0.527", "sigma_lov": "3.54251", "sigma_imp": "0.000", "ps": "-6.84"}, {"energy": "2.728e-02", "width": "4.3403e-05", "ip": "3.551e-08", "ts": "0", "stretch": "6.2155e+03", "date": "2056-06-09.58", "dist": "0.410", "sigma_lov": "-4.02994", "sigma_imp": "0.000", "ps": "-8.76"}, {"energy": "2.726e-02", "width": "3.6797e-05", "ip": "3.546e-05", "ts": "0", "stretch": "1.4380e+03", "date": "2053-06-10.10", "dist": "0.389", "sigma_lov": "-2.31286", "sigma_imp": "0.000", "ps": "-5.73"}]}