{"summary": {"energy": "1.026e-01", "darc": "5.9500 days", "ip": "2.0047e-07", "h": "26.82", "nobs": "32", "mass": "4.28e+06", "v_inf": "8.78", "first_obs": "2017-Mar-27.55104", "method": "LOV", "pdate": "2017-04-09 07:19:27", "ndop": "0", "cdate": "2017-04-09 07:19:27", "ps_cum": "-7.60", "diameter": "0.015", "ndel": "0", "v_imp": "14.19", "ps_max": "-7.86", "last_obs": "2017-Apr-02.50099", "fullname": "(2017 FB102)", "n_imp": "5", "ts_max": "0", "nsat": "0", "des": "2017 FB102"}, "signature": {"source": "NASA/JPL Sentry Data API", "version": "1.1"}, "data": [{"energy": "1.010e-01", "width": "3.9284e-03", "ip": "2.518e-08", "ts": "0", "stretch": "3.5686e+05", "date": "2102-03-20.83", "dist": "0.043", "sigma_lov": "-2.99594", "sigma_imp": "0.000", "ps": "-8.80"}, {"energy": "1.019e-01", "width": "7.8568e-03", "ip": "2.055e-08", "ts": "0", "stretch": "5.1420e+05", "date": "2066-03-20.16", "dist": "0.558", "sigma_lov": "-2.87753", "sigma_imp": "0.000", "ps": "-8.65"}, {"energy": "1.020e-01", "width": "4.8113e-03", "ip": "4.794e-08", "ts": "0", "stretch": "2.7587e+05", "date": "2063-03-20.43", "dist": "0.154", "sigma_lov": "-2.86016", "sigma_imp": "0.000", "ps": "-8.25"}, {"energy": "1.034e-01", "width": "1.5714e-02", "ip": "1.287e-08", "ts": "0", "stretch": "2.1538e+06", "date": "2051-03-20.41", "dist": "0.972", "sigma_lov": "1.92655", "sigma_imp": "0.000", "ps": "-8.69"}, {"energy": "1.033e-01", "width": "1.1111e-02", "ip": "9.393e-08", "ts": "0", "stretch": "9.7550e+05", "date": "2054-03-20.11", "dist": "0.695", "sigma_lov": "1.91631", "sigma_imp": "0.000", "ps": "-7.86"}]}