{"summary": {"energy": "6.489e-02", "darc": ".97623 days", "ip": "3.89753e-07", "h": "27.75", "nobs": "15", "mass": "1.18e+06", "v_inf": "18.39", "first_obs": "2017-Dec-28.27627", "method": "LOV", "pdate": "2018-01-20 07:54:57", "ndop": "0", "cdate": "2018-01-20 07:54:57", "ps_cum": "-7.59", "diameter": "0.0095", "ndel": "0", "v_imp": "21.50", "ps_max": "-7.77", "last_obs": "2017-Dec-29.2525", "fullname": "(2017 YM14)", "n_imp": "5", "ts_max": "0", "nsat": "0", "des": "2017 YM14"}, "signature": {"source": "NASA/JPL Sentry Data API", "version": "1.1"}, "data": [{"energy": "6.489e-02", "width": "1.0531e-01", "ip": "2.599e-07", "ts": "0", "stretch": "3.8886e+04", "date": "2074-12-25.62", "dist": "0.325", "sigma_lov": "-2.93491", "sigma_imp": "0.000", "ps": "-7.77"}, {"energy": "6.486e-02", "width": "2.0167e-01", "ip": "1.128e-07", "ts": "0", "stretch": "6.3617e+04", "date": "2074-12-25.63", "dist": "0.701", "sigma_lov": "-2.92468", "sigma_imp": "0.000", "ps": "-8.13"}, {"energy": "6.481e-02", "width": "1.6484e-01", "ip": "9.784e-09", "ts": "0", "stretch": "5.3178e+04", "date": "2074-12-25.62", "dist": "1.116", "sigma_lov": "-3.15196", "sigma_imp": "0.701", "ps": "-9.19"}, {"energy": "6.552e-02", "width": "1.5394e-01", "ip": "2.581e-09", "ts": "0", "stretch": "2.3869e+05", "date": "2063-12-26.70", "dist": "0.511", "sigma_lov": "-3.73963", "sigma_imp": "0.000", "ps": "-9.67"}, {"energy": "6.557e-02", "width": "1.4649e-01", "ip": "4.688e-09", "ts": "0", "stretch": "2.6479e+05", "date": "2056-12-25.93", "dist": "0.228", "sigma_lov": "-3.58549", "sigma_imp": "0.000", "ps": "-9.34"}]}