{"summary": {"energy": "1.761e-03", "darc": "3.2932 days", "ip": "5.4274e-05", "h": "29.44", "nobs": "59", "mass": "1.15e+05", "v_inf": "2.04", "first_obs": "2018-Jan-17.21005", "method": "LOV", "pdate": "2018-01-31 08:12:20", "ndop": "0", "cdate": "2018-01-31 08:12:20", "ps_cum": "-6.84", "diameter": "0.0044", "ndel": "0", "v_imp": "11.33", "ps_max": "-7.71", "last_obs": "2018-Jan-20.503299", "fullname": "(2018 BC)", "n_imp": "22", "ts_max": "0", "nsat": "0", "des": "2018 BC"}, "signature": {"source": "NASA/JPL Sentry Data API", "version": "1.1"}, "data": [{"energy": "1.760e-03", "width": "0.0000e+00", "ip": "1.309e-06", "ts": "0", "stretch": "4.5300e+05", "date": "2104-01-11.75", "dist": "0.476", "sigma_lov": "0.59290", "sigma_imp": "0.000", "ps": "-8.50"}, {"energy": "1.761e-03", "width": "2.4552e-04", "ip": "1.014e-06", "ts": "0", "stretch": "5.1254e+05", "date": "2105-01-10.93", "dist": "0.633", "sigma_lov": "0.59541", "sigma_imp": "0.000", "ps": "-8.61"}, {"energy": "1.762e-03", "width": "1.3889e-03", "ip": "1.507e-06", "ts": "0", "stretch": "3.2984e+05", "date": "2105-01-11.33", "dist": "0.769", "sigma_lov": "-0.30985", "sigma_imp": "0.000", "ps": "-8.44"}, {"energy": "1.762e-03", "width": "8.6806e-05", "ip": "1.059e-06", "ts": "0", "stretch": "6.1093e+05", "date": "2107-01-11.43", "dist": "0.255", "sigma_lov": "0.59944", "sigma_imp": "0.000", "ps": "-8.60"}, {"energy": "1.760e-03", "width": "9.8210e-04", "ip": "1.657e-06", "ts": "0", "stretch": "4.3988e+05", "date": "2107-01-11.74", "dist": "0.279", "sigma_lov": "-0.32216", "sigma_imp": "0.000", "ps": "-8.41"}, {"energy": "1.762e-03", "width": "0.0000e+00", "ip": "8.811e-07", "ts": "0", "stretch": "6.5443e+05", "date": "2108-01-11.69", "dist": "0.525", "sigma_lov": "0.60112", "sigma_imp": "0.000", "ps": "-8.69"}, {"energy": "1.759e-03", "width": "1.3889e-03", "ip": "4.018e-06", "ts": "0", "stretch": "1.7332e+05", "date": "2109-01-12.17", "dist": "0.262", "sigma_lov": "0.44788", "sigma_imp": "0.000", "ps": "-8.04"}, {"energy": "1.760e-03", "width": "9.8210e-04", "ip": "3.083e-06", "ts": "0", "stretch": "2.4429e+05", "date": "2101-01-11.69", "dist": "0.236", "sigma_lov": "-0.26526", "sigma_imp": "0.000", "ps": "-8.11"}, {"energy": "1.759e-03", "width": "0.0000e+00", "ip": "2.909e-06", "ts": "0", "stretch": "2.2992e+05", "date": "2100-01-11.19", "dist": "0.145", "sigma_lov": "0.57598", "sigma_imp": "0.000", "ps": "-8.13"}, {"energy": "1.762e-03", "width": "4.9105e-04", "ip": "3.596e-06", "ts": "0", "stretch": "1.7823e+05", "date": "2099-01-11.16", "dist": "0.329", "sigma_lov": "0.56819", "sigma_imp": "0.000", "ps": "-8.03"}, {"energy": "1.762e-03", "width": "0.0000e+00", "ip": "3.941e-06", "ts": "0", "stretch": "1.2758e+05", "date": "2098-01-11.14", "dist": "0.677", "sigma_lov": "0.55710", "sigma_imp": "0.000", "ps": "-7.99"}, {"energy": "1.760e-03", "width": "0.0000e+00", "ip": "1.546e-06", "ts": "0", "stretch": "4.8314e+05", "date": "2098-01-11.01", "dist": "0.339", "sigma_lov": "-0.10638", "sigma_imp": "0.000", "ps": "-8.39"}, {"energy": "1.761e-03", "width": "0.0000e+00", "ip": "5.246e-07", "ts": "0", "stretch": "9.7336e+05", "date": "2098-01-08.63", "dist": "0.978", "sigma_lov": "-0.17921", "sigma_imp": "0.000", "ps": "-8.86"}, {"energy": "1.763e-03", "width": "0.0000e+00", "ip": "4.797e-06", "ts": "0", "stretch": "1.1282e+05", "date": "2097-01-11.37", "dist": "0.731", "sigma_lov": "-0.11428", "sigma_imp": "0.000", "ps": "-7.90"}, {"energy": "1.759e-03", "width": "3.9284e-03", "ip": "9.063e-07", "ts": "0", "stretch": "8.6153e+05", "date": "2096-01-09.61", "dist": "0.234", "sigma_lov": "0.01137", "sigma_imp": "0.000", "ps": "-8.62"}, {"energy": "1.763e-03", "width": "1.0415e-04", "ip": "1.280e-06", "ts": "0", "stretch": "3.4017e+05", "date": "2094-01-10.50", "dist": "0.820", "sigma_lov": "-0.35520", "sigma_imp": "0.000", "ps": "-8.45"}, {"energy": "1.762e-03", "width": "0.0000e+00", "ip": "1.994e-06", "ts": "0", "stretch": "3.0669e+05", "date": "2093-01-10.24", "dist": "0.580", "sigma_lov": "-0.35163", "sigma_imp": "0.000", "ps": "-8.26"}, {"energy": "1.761e-03", "width": "1.2276e-04", "ip": "2.636e-06", "ts": "0", "stretch": "2.7487e+05", "date": "2092-01-11.01", "dist": "0.280", "sigma_lov": "-0.34747", "sigma_imp": "0.000", "ps": "-8.13"}, {"energy": "1.763e-03", "width": "3.4722e-04", "ip": "2.801e-06", "ts": "0", "stretch": "2.4147e+05", "date": "2091-01-10.86", "dist": "0.439", "sigma_lov": "-0.34253", "sigma_imp": "0.000", "ps": "-8.10"}, {"energy": "1.762e-03", "width": "3.4722e-04", "ip": "3.085e-06", "ts": "0", "stretch": "2.0537e+05", "date": "2090-01-10.70", "dist": "0.543", "sigma_lov": "-0.33653", "sigma_imp": "0.000", "ps": "-8.05"}, {"energy": "1.762e-03", "width": "0.0000e+00", "ip": "3.652e-06", "ts": "0", "stretch": "1.7183e+05", "date": "2089-01-10.56", "dist": "0.558", "sigma_lov": "-0.32905", "sigma_imp": "0.000", "ps": "-7.97"}, {"energy": "1.763e-03", "width": "3.4722e-04", "ip": "6.078e-06", "ts": "0", "stretch": "7.1115e+04", "date": "2083-01-09.99", "dist": "0.754", "sigma_lov": "0.62193", "sigma_imp": "0.000", "ps": "-7.71"}]}