{"summary": {"energy": "6.389e-03", "darc": "6.1096 days", "ip": "4.842e-07", "h": "28.72", "nobs": "41", "mass": "3.12e+05", "v_inf": "6.92", "first_obs": "2018-Jan-22.36003", "method": "LOV", "pdate": "2018-01-28 08:48:29", "ndop": "0", "cdate": "2018-01-28 08:48:29", "ps_cum": "-8.53", "diameter": "6.1e-03", "ndel": "0", "v_imp": "13.12", "ps_max": "-8.53", "last_obs": "2018-Jan-28.46965", "fullname": "(2018 BP3)", "n_imp": "1", "ts_max": "0", "nsat": "0", "des": "2018 BP3"}, "signature": {"source": "NASA/JPL Sentry Data API", "version": "1.1"}, "data": [{"energy": "6.389e-03", "width": "3.9284e-03", "ip": "4.842e-07", "ts": "0", "stretch": "1.4639e+06", "date": "2115-01-24.10", "dist": "0.452", "sigma_lov": "0.08788", "sigma_imp": "0.000", "ps": "-8.53"}]}