{"summary": {"energy": "2.726e-02", "darc": ".64350 days", "ip": "0.00011795148", "h": "27.82", "nobs": "30", "mass": "1.07e+06", "v_inf": "9.49", "first_obs": "2018-Feb-05.33111", "method": "LOV", "pdate": "2018-02-05 18:55:53", "ndop": "0", "cdate": "2018-02-05 18:55:53", "ps_cum": "-5.39", "diameter": "0.0092", "ndel": "0", "v_imp": "14.64", "ps_max": "-5.41", "last_obs": "2018-Feb-05.97461", "fullname": "(2018 CM)", "n_imp": "9", "ts_max": "0", "nsat": "0", "des": "2018 CM"}, "signature": {"source": "NASA/JPL Sentry Data API", "version": "1.1"}, "data": [{"energy": "2.713e-02", "width": "0.0000e+00", "ip": "9.880e-08", "ts": "0", "stretch": "2.9786e+06", "date": "2114-02-08.97", "dist": "0.770", "sigma_lov": "1.04569", "sigma_imp": "0.000", "ps": "-8.72"}, {"energy": "2.664e-02", "width": "8.5411e-04", "ip": "8.194e-08", "ts": "0", "stretch": "5.6172e+03", "date": "2063-02-07.92", "dist": "0.737", "sigma_lov": "3.75842", "sigma_imp": "0.000", "ps": "-8.48"}, {"energy": "2.741e-02", "width": "0.0000e+00", "ip": "2.335e-07", "ts": "0", "stretch": "2.2524e+06", "date": "2109-02-08.78", "dist": "0.042", "sigma_lov": "-0.91233", "sigma_imp": "0.000", "ps": "-8.32"}, {"energy": "2.689e-02", "width": "3.4021e-03", "ip": "1.403e-08", "ts": "0", "stretch": "7.9403e+05", "date": "2108-02-09.42", "dist": "0.118", "sigma_lov": "2.91974", "sigma_imp": "0.000", "ps": "-9.54"}, {"energy": "2.771e-02", "width": "0.0000e+00", "ip": "3.621e-08", "ts": "0", "stretch": "3.9005e+06", "date": "2117-02-07.92", "dist": "0.956", "sigma_lov": "-1.00307", "sigma_imp": "0.000", "ps": "-9.16"}, {"energy": "2.706e-02", "width": "1.6743e-03", "ip": "1.507e-06", "ts": "0", "stretch": "1.0412e+05", "date": "2114-02-08.99", "dist": "0.599", "sigma_lov": "1.67490", "sigma_imp": "0.000", "ps": "-7.54"}, {"energy": "2.726e-02", "width": "7.2834e-03", "ip": "2.019e-06", "ts": "0", "stretch": "2.5781e+05", "date": "2094-02-07.72", "dist": "0.090", "sigma_lov": "0.91948", "sigma_imp": "0.000", "ps": "-7.30"}, {"energy": "2.727e-02", "width": "1.4077e-03", "ip": "1.115e-04", "ts": "0", "stretch": "4.0588e+03", "date": "2072-02-08.40", "dist": "0.251", "sigma_lov": "-1.03372", "sigma_imp": "0.000", "ps": "-5.41"}, {"energy": "2.703e-02", "width": "2.8633e-03", "ip": "2.461e-06", "ts": "0", "stretch": "2.3657e+05", "date": "2072-02-08.32", "dist": "0.020", "sigma_lov": "0.79316", "sigma_imp": "0.000", "ps": "-7.07"}]}