{"summary": {"energy": "2.254e-02", "darc": "1.9963 days", "ip": "2.07261e-07", "h": "27.79", "nobs": "29", "mass": "1.12e+06", "v_inf": "6.68", "first_obs": "2018-Feb-25.20469", "method": "LOV", "pdate": "2018-02-27 09:03:25", "ndop": "0", "cdate": "2018-02-27 09:03:25", "ps_cum": "-8.28", "diameter": "0.00939593700696223", "ndel": "0", "v_imp": "12.99", "ps_max": "-8.39", "last_obs": "2018-Feb-27.20097", "fullname": "(2018 DU1)", "n_imp": "3", "ts_max": "0", "nsat": "0", "des": "2018 DU1"}, "signature": {"source": "NASA/JPL Sentry Data API", "version": "1.1"}, "data": [{"energy": "2.251e-02", "width": "7.5121e-03", "ip": "4.504e-08", "ts": "0", "stretch": "1.6080e+07", "date": "2110-03-03.73", "dist": "0.024", "sigma_lov": "-0.43974", "sigma_imp": "0.000", "ps": "-9.11"}, {"energy": "2.257e-02", "width": "4.4813e-02", "ip": "1.538e-07", "ts": "0", "stretch": "4.6925e+06", "date": "2078-03-02.68", "dist": "0.090", "sigma_lov": "-0.43615", "sigma_imp": "0.000", "ps": "-8.39"}, {"energy": "2.222e-02", "width": "4.0851e+00", "ip": "8.421e-09", "ts": "0", "stretch": "5.9904e+05", "date": "2060-11-07.13", "dist": "5.129", "sigma_lov": "2.19349", "sigma_imp": "1.011", "ps": "-9.50"}]}