{"summary": {"energy": "3.311e-01", "darc": ".94480 days", "ip": "4.748424e-07", "h": "25.96", "nobs": "10", "mass": "1.42e+07", "v_inf": "8.37", "first_obs": "2018-Feb-12.40326", "method": "LOV", "pdate": "2018-02-26 08:36:51", "ndop": "0", "cdate": "2018-02-26 08:36:51", "ps_cum": "-6.43", "diameter": "0.0215542933823938", "ndel": "0", "v_imp": "13.94", "ps_max": "-6.86", "last_obs": "2018-Feb-13.348059", "fullname": "(2018 CA15)", "n_imp": "23", "ts_max": "0", "nsat": "0", "des": "2018 CA15"}, "signature": {"source": "NASA/JPL Sentry Data API", "version": "1.1"}, "data": [{"energy": "3.658e-01", "width": "9.5694e+01", "ip": "1.185e-07", "ts": "0", "stretch": "3.6866e+04", "date": "2038-02-05.88", "dist": "22.373", "sigma_lov": "0.55043", "sigma_imp": "0.223", "ps": "-7.05"}, {"energy": "3.602e-01", "width": "8.5838e+01", "ip": "1.178e-07", "ts": "0", "stretch": "3.5480e+04", "date": "2033-02-04.92", "dist": "52.740", "sigma_lov": "0.53527", "sigma_imp": "0.603", "ps": "-6.94"}, {"energy": "3.554e-01", "width": "7.2764e+01", "ip": "9.463e-08", "ts": "0", "stretch": "2.8247e+04", "date": "2028-02-05.45", "dist": "92.892", "sigma_lov": "0.50875", "sigma_imp": "1.263", "ps": "-6.86"}, {"energy": "4.394e-01", "width": "8.7872e+01", "ip": "8.240e-10", "ts": "0", "stretch": "5.5174e+05", "date": "2115-01-31.39", "dist": "182.966", "sigma_lov": "0.84822", "sigma_imp": "2.071", "ps": "-9.83"}, {"energy": "2.383e-01", "width": "2.0389e+01", "ip": "8.781e-10", "ts": "0", "stretch": "1.0834e+06", "date": "2112-02-11.61", "dist": "48.169", "sigma_lov": "-0.95864", "sigma_imp": "2.313", "ps": "-10.0"}, {"energy": "3.573e-01", "width": "8.9223e+01", "ip": "1.322e-09", "ts": "0", "stretch": "3.5598e+05", "date": "2107-02-18.33", "dist": "196.270", "sigma_lov": "0.33928", "sigma_imp": "2.189", "ps": "-9.66"}, {"energy": "3.539e-01", "width": "4.9596e+01", "ip": "3.330e-09", "ts": "0", "stretch": "8.7785e+04", "date": "2107-01-28.38", "dist": "130.898", "sigma_lov": "0.34043", "sigma_imp": "2.619", "ps": "-9.26"}, {"energy": "5.173e-01", "width": "3.9200e+02", "ip": "2.029e-10", "ts": "0", "stretch": "2.4107e+06", "date": "2107-01-10.82", "dist": "180.677", "sigma_lov": "1.30715", "sigma_imp": "0.458", "ps": "-10.3"}, {"energy": "4.385e-01", "width": "2.5165e+02", "ip": "9.068e-10", "ts": "0", "stretch": "1.2129e+06", "date": "2105-02-06.90", "dist": "162.735", "sigma_lov": "0.87501", "sigma_imp": "0.643", "ps": "-9.75"}, {"energy": "2.340e-01", "width": "2.3405e+01", "ip": "1.592e-08", "ts": "0", "stretch": "5.9691e+05", "date": "2104-02-08.70", "dist": "19.409", "sigma_lov": "-0.96496", "sigma_imp": "0.787", "ps": "-8.71"}, {"energy": "6.384e-01", "width": "3.7093e+02", "ip": "4.764e-10", "ts": "0", "stretch": "3.0407e+05", "date": "2104-02-04.74", "dist": "79.486", "sigma_lov": "2.10535", "sigma_imp": "0.212", "ps": "-9.89"}, {"energy": "2.227e-01", "width": "4.3835e+01", "ip": "4.705e-10", "ts": "0", "stretch": "1.2367e+05", "date": "2096-02-01.16", "dist": "135.412", "sigma_lov": "-1.00643", "sigma_imp": "3.066", "ps": "-10.2"}, {"energy": "7.597e-01", "width": "1.0126e+02", "ip": "2.221e-10", "ts": "0", "stretch": "1.3045e+06", "date": "2083-01-27.97", "dist": "35.929", "sigma_lov": "2.36006", "sigma_imp": "0.345", "ps": "-10.0"}, {"energy": "6.203e-01", "width": "6.6228e+01", "ip": "1.032e-10", "ts": "0", "stretch": "1.4715e+06", "date": "2095-01-21.04", "dist": "139.500", "sigma_lov": "1.84070", "sigma_imp": "2.091", "ps": "-10.5"}, {"energy": "2.430e-01", "width": "1.9320e+01", "ip": "1.157e-10", "ts": "0", "stretch": "2.4022e+05", "date": "2081-02-11.78", "dist": "69.225", "sigma_lov": "-0.91678", "sigma_imp": "3.531", "ps": "-10.7"}, {"energy": "2.314e-01", "width": "3.4610e+01", "ip": "8.020e-08", "ts": "0", "stretch": "6.7197e+04", "date": "2077-02-03.14", "dist": "36.132", "sigma_lov": "-0.93843", "sigma_imp": "1.015", "ps": "-7.85"}, {"energy": "2.282e-01", "width": "3.5260e+01", "ip": "1.771e-08", "ts": "0", "stretch": "8.0480e+04", "date": "2073-02-01.96", "dist": "67.528", "sigma_lov": "-0.96213", "sigma_imp": "1.887", "ps": "-8.48"}, {"energy": "6.952e-01", "width": "6.9862e+01", "ip": "2.223e-10", "ts": "0", "stretch": "7.5561e+05", "date": "2068-02-07.17", "dist": "102.791", "sigma_lov": "2.31559", "sigma_imp": "1.457", "ps": "-9.95"}, {"energy": "5.449e-01", "width": "3.5855e+01", "ip": "3.943e-09", "ts": "0", "stretch": "2.6906e+05", "date": "2072-02-02.58", "dist": "56.073", "sigma_lov": "1.64757", "sigma_imp": "1.536", "ps": "-8.82"}, {"energy": "2.913e-01", "width": "5.7655e+01", "ip": "4.912e-09", "ts": "0", "stretch": "1.7664e+05", "date": "2063-02-04.03", "dist": "123.577", "sigma_lov": "-0.10091", "sigma_imp": "2.126", "ps": "-8.87"}, {"energy": "5.581e-01", "width": "9.1577e+01", "ip": "2.027e-09", "ts": "0", "stretch": "4.3097e+05", "date": "2059-01-29.07", "dist": "88.957", "sigma_lov": "1.65204", "sigma_imp": "0.960", "ps": "-8.98"}, {"energy": "2.417e-01", "width": "4.3936e+01", "ip": "3.634e-10", "ts": "0", "stretch": "2.7182e+04", "date": "2058-01-27.60", "dist": "160.551", "sigma_lov": "-0.86352", "sigma_imp": "3.631", "ps": "-10.0"}, {"energy": "3.201e-01", "width": "6.0158e+01", "ip": "9.763e-09", "ts": "0", "stretch": "7.9144e+04", "date": "2051-02-04.29", "dist": "130.552", "sigma_lov": "0.20444", "sigma_imp": "2.154", "ps": "-8.40"}]}