{"summary": {"energy": "1.040e-02", "darc": ".18562 days", "ip": "3.39709e-08", "h": "29.05", "nobs": "63", "mass": "1.96e+05", "v_inf": "17.84", "first_obs": "2018-Feb-17.28367", "method": "LOV", "pdate": "2018-03-05 08:58:57", "ndop": "0", "cdate": "2018-03-05 08:58:57", "ps_cum": "-9.32", "diameter": "0.00523952176715954", "ndel": "0", "v_imp": "21.04", "ps_max": "-10.1", "last_obs": "2018-Feb-17.46929", "fullname": "(2018 DO3)", "n_imp": "18", "ts_max": "0", "nsat": "0", "des": "2018 DO3"}, "signature": {"source": "NASA/JPL Sentry Data API", "version": "1.1"}, "data": [{"energy": "1.347e-02", "width": "3.6195e+01", "ip": "1.786e-09", "ts": "0", "stretch": "4.1326e+06", "date": "2047-02-13.32", "dist": "32.698", "sigma_lov": "0.66170", "sigma_imp": "0.876", "ps": "-10.2"}, {"energy": "9.775e-03", "width": "1.9388e+01", "ip": "2.476e-09", "ts": "0", "stretch": "8.7321e+06", "date": "2115-02-12.42", "dist": "8.110", "sigma_lov": "0.42116", "sigma_imp": "0.367", "ps": "-10.7"}, {"energy": "9.089e-03", "width": "2.1793e+01", "ip": "1.580e-10", "ts": "0", "stretch": "1.6913e+06", "date": "2115-02-12.19", "dist": "64.580", "sigma_lov": "0.35723", "sigma_imp": "2.917", "ps": "-11.9"}, {"energy": "8.435e-03", "width": "1.4521e+01", "ip": "8.029e-09", "ts": "0", "stretch": "3.4175e+06", "date": "2103-02-14.36", "dist": "9.018", "sigma_lov": "0.26007", "sigma_imp": "0.552", "ps": "-10.2"}, {"energy": "9.826e-03", "width": "1.8490e+01", "ip": "5.750e-10", "ts": "0", "stretch": "1.5746e+06", "date": "2091-02-11.27", "dist": "47.564", "sigma_lov": "0.42441", "sigma_imp": "2.518", "ps": "-11.2"}, {"energy": "9.825e-03", "width": "1.8885e+01", "ip": "1.333e-10", "ts": "0", "stretch": "7.9637e+06", "date": "2091-02-11.24", "dist": "47.238", "sigma_lov": "0.42375", "sigma_imp": "2.448", "ps": "-11.8"}, {"energy": "7.613e-03", "width": "1.2964e+02", "ip": "8.219e-10", "ts": "0", "stretch": "2.6774e+06", "date": "2090-01-04.14", "dist": "98.401", "sigma_lov": "0.73923", "sigma_imp": "0.751", "ps": "-11.1"}, {"energy": "1.289e-02", "width": "1.0290e+02", "ip": "3.317e-09", "ts": "0", "stretch": "1.1269e+06", "date": "2089-02-11.66", "dist": "33.617", "sigma_lov": "0.64671", "sigma_imp": "0.317", "ps": "-10.3"}, {"energy": "1.024e-02", "width": "1.5082e+01", "ip": "6.132e-09", "ts": "0", "stretch": "4.4796e+06", "date": "2084-02-11.10", "dist": "5.955", "sigma_lov": "0.46836", "sigma_imp": "0.329", "ps": "-10.1"}, {"energy": "9.834e-03", "width": "1.9902e+01", "ip": "1.297e-10", "ts": "0", "stretch": "5.3907e+06", "date": "2087-02-11.58", "dist": "52.629", "sigma_lov": "0.41701", "sigma_imp": "2.594", "ps": "-11.8"}, {"energy": "1.032e-02", "width": "2.0383e+01", "ip": "3.765e-09", "ts": "0", "stretch": "5.4742e+06", "date": "2080-02-11.82", "dist": "7.414", "sigma_lov": "0.46450", "sigma_imp": "0.315", "ps": "-10.3"}, {"energy": "1.023e-02", "width": "1.5848e+01", "ip": "2.711e-10", "ts": "0", "stretch": "9.9238e+07", "date": "2084-02-11.06", "dist": "4.973", "sigma_lov": "0.46806", "sigma_imp": "0.251", "ps": "-11.5"}, {"energy": "1.073e-02", "width": "1.6522e+01", "ip": "4.647e-09", "ts": "0", "stretch": "2.1018e+06", "date": "2078-02-12.00", "dist": "23.525", "sigma_lov": "0.48552", "sigma_imp": "1.363", "ps": "-10.2"}, {"energy": "1.016e-02", "width": "1.8260e+01", "ip": "1.818e-10", "ts": "0", "stretch": "1.9009e+07", "date": "2072-02-11.51", "dist": "36.233", "sigma_lov": "0.45254", "sigma_imp": "1.930", "ps": "-11.5"}, {"energy": "1.579e-02", "width": "2.7000e+01", "ip": "1.259e-10", "ts": "0", "stretch": "5.9577e+06", "date": "2068-02-14.30", "dist": "64.956", "sigma_lov": "0.79210", "sigma_imp": "2.369", "ps": "-11.5"}, {"energy": "1.385e-02", "width": "3.7902e+01", "ip": "1.307e-10", "ts": "0", "stretch": "6.0047e+06", "date": "2061-02-15.18", "dist": "86.565", "sigma_lov": "0.65489", "sigma_imp": "2.258", "ps": "-11.5"}, {"energy": "1.056e-02", "width": "1.8173e+01", "ip": "4.092e-10", "ts": "0", "stretch": "4.9320e+06", "date": "2066-02-11.59", "dist": "40.648", "sigma_lov": "0.47451", "sigma_imp": "2.182", "ps": "-11.1"}, {"energy": "1.637e-02", "width": "1.9110e+01", "ip": "8.823e-10", "ts": "0", "stretch": "4.8716e+06", "date": "2046-02-11.03", "dist": "32.577", "sigma_lov": "0.84148", "sigma_imp": "1.652", "ps": "-10.4"}]}