{"summary": {"energy": "3.431e+00", "darc": "958.62 days", "ip": "1.427e-06", "h": "24.16", "nobs": "99", "mass": "1.68e+08", "v_inf": "6.90", "first_obs": "2013-Dec-14.43128", "method": "LOV", "pdate": "2017-04-18 22:01:55", "ndop": "0", "cdate": "2017-04-18 22:01:55", "ps_cum": "-5.82", "diameter": "5.0e-02", "ndel": "0", "v_imp": "13.11", "ps_max": "-5.82", "last_obs": "2016-Jul-30.048786", "fullname": "443104 (2013 XK22)", "n_imp": "1", "ts_max": "0", "nsat": "0", "des": "443104"}, "signature": {"source": "NASA/JPL Sentry Data API", "version": "1.1"}, "data": [{"energy": "3.431e+00", "width": "3.7522e-04", "ip": "1.427e-06", "ts": "0", "stretch": "1.4849e+03", "date": "2101-06-20.32", "dist": "0.544", "sigma_lov": "-3.39268", "sigma_imp": "0.000", "ps": "-5.82"}]}